contractSymbol,lastTradeDate,strike,lastPrice,bid,ask,change,percentChange,volume,openInterest,impliedVolatility,inTheMoney,contractSize,currency,option_type,expiry,days_to_expiry,spot,moneyness,mid,spread_ratio,T,iv_computed
SPY260601C00540000,2026-05-20 17:11:56+00:00,540.0,199.96,205.0,207.79,0.0,0.0,,1.0,1.0664109179687502,True,REGULAR,USD,call,2026-06-01,6,745.6400146484375,0.7242100603393785,206.39499999999998,0.0135177693258072,0.01643835616438356,1.1265085809280855
SPY260601C00600000,2026-05-22 17:56:38+00:00,600.0,147.75,145.06,147.86,0.0,0.0,1.0,0.0,0.7685570019531252,True,REGULAR,USD,call,2026-06-01,6,745.6400146484375,0.8046778448215317,146.46,0.0191178478765534,0.01643835616438356,0.803392100767565
SPY260601C00660000,2026-05-22 19:35:47+00:00,660.0,86.46,85.17,87.98,6.3700027,7.953556,2.0,6.0,0.5948526843261719,True,REGULAR,USD,call,2026-06-01,6,745.6400146484375,0.8851456293036849,86.575,0.0324574068726537,0.01643835616438356,0.5036768667421045
SPY260601C00670000,2026-05-22 14:32:41+00:00,670.0,76.14,75.2,78.01,0.0,0.0,6.0,0.0,0.5399215930175782,True,REGULAR,USD,call,2026-06-01,6,745.6400146484375,0.8985569267173771,76.605,0.0366816787415965,0.01643835616438356,0.4549357693281227
SPY260601C00675000,2026-05-22 18:21:18+00:00,675.0,73.02,70.22,73.02,5.989998,8.936295,2.0,1.0,0.5119677709960937,True,REGULAR,USD,call,2026-06-01,6,745.6400146484375,0.9052625754242232,71.62,0.0390952247975425,0.01643835616438356,0.43029816744509064
SPY260601C00680000,2026-05-22 18:21:18+00:00,680.0,68.04,65.24,68.04,0.0,0.0,1.0,0.0,0.48438015625,True,REGULAR,USD,call,2026-06-01,6,745.6400146484375,0.9119682241310691,66.64,0.0420168067226892,0.01643835616438356,0.40613444449433383
SPY260601C00690000,2026-05-22 18:12:58+00:00,690.0,59.06,55.3,58.09,11.5,24.179983,15.0,4.0,0.4290828576660156,True,REGULAR,USD,call,2026-06-01,6,745.6400146484375,0.9253795215447614,56.695,0.0492106887732605,0.01643835616438356,0.35862203071714577
SPY260601C00695000,2026-05-22 13:30:06+00:00,695.0,51.77,50.34,53.15,5.1899986,11.1421175,2.0,10.0,0.4027159338378906,True,REGULAR,USD,call,2026-06-01,6,745.6400146484375,0.9320851702516076,51.745000000000005,0.0543047637452893,0.01643835616438356,0.33654753393879916
SPY260601C00696000,2026-05-19 20:01:51+00:00,696.0,39.39,49.35,52.16,0.0,0.0,,2.0,0.3972228247070312,True,REGULAR,USD,call,2026-06-01,6,745.6400146484375,0.9334262999929768,50.754999999999995,0.0553640035464485,0.01643835616438356,0.3320222564016227
SPY260601C00699000,2026-05-22 14:19:16+00:00,699.0,47.44,46.38,49.19,0.0,0.0,1.0,0.0,0.3808045318603515,True,REGULAR,USD,call,2026-06-01,6,745.6400146484375,0.9374496892170844,47.785,0.0588050643507375,0.01643835616438356,0.31822769067547263
SPY260601C00700000,2026-05-22 19:43:55+00:00,700.0,46.37,45.4,48.19,2.619999,5.988569,1.0,7.0,0.3748231463623046,True,REGULAR,USD,call,2026-06-01,6,745.6400146484375,0.9387908189584536,46.795,0.0596217544609466,0.01643835616438356,0.31355615059582564
SPY260601C00701000,2026-05-22 18:14:53+00:00,701.0,46.96,44.41,47.2,0.0,0.0,6.0,0.0,0.3692690026855468,True,REGULAR,USD,call,2026-06-01,6,745.6400146484375,0.9401319486998228,45.805,0.0609103809627771,0.01643835616438356,0.30884773569096596
SPY260601C00702000,2026-05-19 15:31:18+00:00,702.0,33.1,43.42,46.23,0.0,0.0,,1.0,0.3646303771972656,True,REGULAR,USD,call,2026-06-01,6,745.6400146484375,0.941473078441192,44.825,0.0626882320133852,0.01643835616438356,0.30501701203293585
SPY260601C00705000,2026-05-22 15:48:29+00:00,705.0,43.35,40.47,43.26,6.5,17.639078,2.0,1.0,0.3477238079833984,True,REGULAR,USD,call,2026-06-01,6,745.6400146484375,0.9454964676652996,41.864999999999995,0.0666427803654604,0.01643835616438356,0.2913605650807376
SPY260601C00706000,2026-05-21 14:14:54+00:00,706.0,35.09,39.49,42.28,0.0,0.0,,2.0,0.3424748370361328,True,REGULAR,USD,call,2026-06-01,6,745.6400146484375,0.946837597406669,40.885000000000005,0.0682401858872446,0.01643835616438356,0.28726520322404425
SPY260601C00710000,2026-05-22 19:17:54+00:00,710.0,36.93,35.56,38.36,6.4300003,21.081968,7.0,5.0,0.3211127459716796,True,REGULAR,USD,call,2026-06-01,6,745.6400146484375,0.9522021163721458,36.96,0.0757575757575756,0.01643835616438356,0.2697577583854461
SPY260601C00712000,2026-05-22 14:35:54+00:00,712.0,34.99,33.61,36.41,4.880001,16.207243,1.0,1.0,0.3105537695312499,True,REGULAR,USD,call,2026-06-01,6,745.6400146484375,0.9548843758548844,35.01,0.0799771493858896,0.01643835616438356,0.26148245462976544
SPY260601C00713000,2026-05-21 13:51:40+00:00,713.0,26.98,32.64,35.44,0.0,0.0,,1.0,0.3054268676757812,True,REGULAR,USD,call,2026-06-01,6,745.6400146484375,0.9562255055962536,34.04,0.0822561692126908,0.01643835616438356,0.2575528612987058
SPY260601C00715000,2026-05-22 19:59:20+00:00,715.0,32.24,30.71,33.5,3.7600002,13.202247,2.0,18.0,0.2949289257812499,True,REGULAR,USD,call,2026-06-01,6,745.6400146484375,0.958907765078992,32.105000000000004,0.0869023516586201,0.01643835616438356,0.24969040498336414
SPY260601C00716000,2026-05-21 13:52:37+00:00,716.0,25.41,29.74,32.54,0.0,0.0,,1.0,0.289924093017578,True,REGULAR,USD,call,2026-06-01,6,745.6400146484375,0.9602488948203612,31.14,0.0899165061014772,0.01643835616438356,0.24574151504965397
SPY260601C00717000,2026-05-22 13:50:24+00:00,717.0,31.29,28.78,31.58,0.0,0.0,7.0,0.0,0.2849192602539062,True,REGULAR,USD,call,2026-06-01,6,745.6400146484375,0.9615900245617304,30.18,0.0927766732935718,0.01643835616438356,0.24197331631618116
SPY260601C00718000,2026-05-20 14:08:03+00:00,718.0,20.81,27.82,30.63,0.0,0.0,,1.0,0.280158565673828,True,REGULAR,USD,call,2026-06-01,6,745.6400146484375,0.9629311543030996,29.225,0.0961505560307955,0.01643835616438356,0.23835947651678763
SPY260601C00719000,2026-05-22 15:30:48+00:00,719.0,29.96,26.87,29.66,0.8500004,2.9199603,6.0,0.0,0.2746654565429687,True,REGULAR,USD,call,2026-06-01,6,745.6400146484375,0.9642722840444689,28.265,0.0987086502741906,0.01643835616438356,0.23430279983276156
SPY260601C00720000,2026-05-22 14:36:37+00:00,720.0,27.5,25.91,28.71,6.0,27.906979,5.0,112.0,0.2697826928710937,True,REGULAR,USD,call,2026-06-01,6,745.6400146484375,0.965613413785838,27.310000000000002,0.1025265470523617,0.01643835616438356,0.23038707816442497
SPY260601C00721000,2026-05-22 17:20:03+00:00,721.0,27.42,24.97,27.76,4.25,18.342684,18.0,2.0,0.2647778601074219,True,REGULAR,USD,call,2026-06-01,6,745.6400146484375,0.9669545435272072,26.365000000000002,0.1058221126493458,0.01643835616438356,0.2268544478403724
SPY260601C00722000,2026-05-22 17:20:04+00:00,722.0,26.34,24.02,26.82,5.130001,24.18671,16.0,1.0,0.2600171655273438,True,REGULAR,USD,call,2026-06-01,6,745.6400146484375,0.9682956732685764,25.42,0.1101494885916601,0.01643835616438356,0.22313775322800117
SPY260601C00723000,2026-05-22 17:20:04+00:00,723.0,25.43,24.09,25.88,8.700001,52.002396,28.0,2.0,0.2551344018554688,True,REGULAR,USD,call,2026-06-01,6,745.6400146484375,0.9696368030099456,24.985,0.0716429857914748,0.01643835616438356,0.24315130891541337
SPY260601C00724000,2026-05-22 17:20:03+00:00,724.0,24.53,23.17,24.96,3.4500008,16.366226,385.0,3.0,0.2508009490966796,True,REGULAR,USD,call,2026-06-01,6,745.6400146484375,0.9709779327513148,24.065,0.0743818824018283,0.01643835616438356,0.23947540124653804
SPY260601C00725000,2026-05-22 19:22:55+00:00,725.0,22.97,22.31,22.88,3.5200005,18.09769,658.0,39.0,0.208442974243164,True,REGULAR,USD,call,2026-06-01,6,745.6400146484375,0.972319062492684,22.595,0.0252268200929409,0.01643835616438356,0.21138677346818047
SPY260601C00726000,2026-05-22 18:33:54+00:00,726.0,22.97,21.43,21.91,6.949999,43.383263,673.0,18.0,0.2030108996582031,True,REGULAR,USD,call,2026-06-01,6,745.6400146484375,0.9736601922340532,21.67,0.0221504383940932,0.01643835616438356,0.20785276501424488
SPY260601C00727000,2026-05-22 18:06:46+00:00,727.0,22.21,20.51,20.99,4.9400005,28.604523,437.0,2.0,0.1991046887207031,True,REGULAR,USD,call,2026-06-01,6,745.6400146484375,0.9750013219754226,20.75,0.0231325301204817,0.01643835616438356,0.20430567529437957
SPY260601C00728000,2026-05-22 17:20:03+00:00,728.0,20.73,19.62,20.08,1.9799995,10.559998,4.0,57.0,0.1953815814208984,True,REGULAR,USD,call,2026-06-01,6,745.6400146484375,0.9763424517167918,19.85,0.0231738035264482,0.01643835616438356,0.2013548611155498
SPY260601C00729000,2026-05-22 17:20:03+00:00,729.0,19.87,18.76,19.18,2.5699997,14.855489,17.0,4.0,0.1917805432128906,True,REGULAR,USD,call,2026-06-01,6,745.6400146484375,0.977683581458161,18.97,0.0221402214022139,0.01643835616438356,0.19891356887961312
SPY260601C00730000,2026-05-22 19:18:56+00:00,730.0,18.34,17.85,18.28,2.0499992,12.584402,40.0,260.0,0.1879964013671874,True,REGULAR,USD,call,2026-06-01,6,745.6400146484375,0.9790247111995302,18.065,0.0238029338499861,0.01643835616438356,0.19515925672947926
SPY260601C00731000,2026-05-22 14:41:06+00:00,731.0,17.37,16.98,17.39,3.13,21.980337,6.0,100.0,0.1842732940673828,True,REGULAR,USD,call,2026-06-01,6,745.6400146484375,0.9803658409408994,17.185000000000002,0.0238580157113762,0.01643835616438356,0.19207532746096645
SPY260601C00732000,2026-05-21 19:53:48+00:00,732.0,14.14,16.11,16.54,0.0,0.0,,371.0,0.1815267395019531,True,REGULAR,USD,call,2026-06-01,6,745.6400146484375,0.9817069706822686,16.325,0.0263399693721286,0.01643835616438356,0.189387969859267
SPY260601C00733000,2026-05-22 14:47:48+00:00,733.0,15.67,15.27,15.68,1.9899998,14.546782,2.0,137.0,0.178169839477539,True,REGULAR,USD,call,2026-06-01,6,745.6400146484375,0.983048100423638,15.475,0.0264943457189014,0.01643835616438356,0.18668090596371845
SPY260601C00734000,2026-05-22 19:09:09+00:00,734.0,14.92,14.42,14.8,3.0900002,26.120033,56.0,186.0,0.1740194903564453,True,REGULAR,USD,call,2026-06-01,6,745.6400146484375,0.9843892301650072,14.61,0.026009582477755,0.01643835616438356,0.1830855572976951
SPY260601C00735000,2026-05-22 19:55:36+00:00,735.0,13.55,13.6,14.0,1.5900002,13.294315,344.0,721.0,0.1717612121582031,True,REGULAR,USD,call,2026-06-01,6,745.6400146484375,0.9857303599063764,13.8,0.0289855072463768,0.01643835616438356,0.1809420878478598
SPY260601C00736000,2026-05-22 19:58:15+00:00,736.0,12.95,12.8,13.15,1.7300005,15.4189005,37.0,114.0,0.1678550012207031,True,REGULAR,USD,call,2026-06-01,6,745.6400146484375,0.9870714896477456,12.975000000000001,0.0269749518304431,0.01643835616438356,0.17787238077643328
SPY260601C00737000,2026-05-22 18:14:06+00:00,737.0,13.07,12.0,12.37,2.9300003,28.895468,174.0,305.0,0.165474653930664,True,REGULAR,USD,call,2026-06-01,6,745.6400146484375,0.9884126193891148,12.184999999999999,0.0303652031185883,0.01643835616438356,0.17546144248185436
SPY260601C00738000,2026-05-22 19:42:53+00:00,738.0,10.92,11.24,11.58,0.9200001,9.200001,335.0,662.0,0.1624229266357422,True,REGULAR,USD,call,2026-06-01,6,745.6400146484375,0.989753749130484,11.41,0.0297984224364592,0.01643835616438356,0.17302515279877978
SPY260601C00739000,2026-05-22 19:59:20+00:00,739.0,10.85,10.45,10.81,1.75,19.230768,171.0,881.0,0.1594932684326171,True,REGULAR,USD,call,2026-06-01,6,745.6400146484375,0.9910948788718532,10.629999999999999,0.0338664158043274,0.01643835616438356,0.16995257815179862
SPY260601C00740000,2026-05-22 20:14:51+00:00,740.0,9.89,9.73,10.05,1.3900003,16.352945,217.0,775.0,0.1564415411376953,True,REGULAR,USD,call,2026-06-01,6,745.6400146484375,0.9924360086132225,9.89,0.0323559150657229,0.01643835616438356,0.16753185657837696
SPY260601C00741000,2026-05-22 19:50:38+00:00,741.0,9.18,9.03,9.2,1.23,15.471699,77.0,391.0,0.1508263629150391,True,REGULAR,USD,call,2026-06-01,6,745.6400146484375,0.9937771383545916,9.114999999999998,0.0186505759736697,0.01643835616438356,0.16360269232665262
SPY260601C00742000,2026-05-22 20:13:42+00:00,742.0,8.46,8.31,8.62,1.0700002,14.479028,130.0,387.0,0.1511620529174805,True,REGULAR,USD,call,2026-06-01,6,745.6400146484375,0.9951182680959608,8.465,0.0366213821618427,0.01643835616438356,0.1625745575255339
SPY260601C00743000,2026-05-22 19:50:38+00:00,743.0,7.72,7.64,7.93,0.98,14.54006,122.0,240.0,0.1484154983520508,True,REGULAR,USD,call,2026-06-01,6,745.6400146484375,0.99645939783733,7.785,0.0372511239563262,0.01643835616438356,0.16010837883524362
SPY260601C00744000,2026-05-22 19:21:53+00:00,744.0,7.26,6.99,7.28,1.06,17.096773,216.0,564.0,0.1460656683349609,True,REGULAR,USD,call,2026-06-01,6,745.6400146484375,0.9978005275786992,7.135,0.0406447091800981,0.01643835616438356,0.15782448375797092
SPY260601C00745000,2026-05-22 20:14:49+00:00,745.0,6.52,6.52,6.56,0.9200001,16.428574,1083.0,1778.0,0.141610146484375,True,REGULAR,USD,call,2026-06-01,6,745.6400146484375,0.9991416573200684,6.539999999999999,0.0061162079510703,0.01643835616438356,0.15634215055950695
SPY260601C00746000,2026-05-22 20:01:40+00:00,746.0,5.69,5.93,5.96,0.55999994,10.916178,871.0,373.0,0.1393518682861328,False,REGULAR,USD,call,2026-06-01,6,745.6400146484375,1.0004827870614377,5.945,0.0050462573591253,0.01643835616438356,0.15417824758576734
SPY260601C00747000,2026-05-22 20:10:40+00:00,747.0,5.34,5.37,5.4,0.6700001,14.346896,1252.0,349.0,0.1373682455444336,False,REGULAR,USD,call,2026-06-01,6,745.6400146484375,1.001823916802807,5.385,0.0055710306406685,0.01643835616438356,0.15222907398595442
SPY260601C00748000,2026-05-22 20:13:34+00:00,748.0,4.86,4.83,4.87,0.7800002,19.117651,6224.0,4191.0,0.135476174621582,False,REGULAR,USD,call,2026-06-01,6,745.6400146484375,1.0031650465441762,4.85,0.0082474226804123,0.01643835616438356,0.1502063899578717
SPY260601C00749000,2026-05-22 20:05:22+00:00,749.0,4.31,4.33,4.36,0.55999994,14.9333315,825.0,507.0,0.1333704827880859,False,REGULAR,USD,call,2026-06-01,6,745.6400146484375,1.0045061762855454,4.345000000000001,0.0069044879171462,0.01643835616438356,0.1482183344227612
SPY260601C00750000,2026-05-22 20:13:36+00:00,750.0,3.91,3.87,3.9,0.6200001,18.84499,1788.0,9173.0,0.1317835845947265,False,REGULAR,USD,call,2026-06-01,6,745.6400146484375,1.0058473060269146,3.885,0.0077220077220076,0.01643835616438356,0.14665355735522584
SPY260601C00751000,2026-05-22 20:10:46+00:00,751.0,3.41,3.43,3.46,0.55999994,19.64912,503.0,308.0,0.1300135827636718,False,REGULAR,USD,call,2026-06-01,6,745.6400146484375,1.007188435768284,3.4450000000000003,0.0087082728592161,0.01643835616438356,0.1448287511338665
SPY260601C00752000,2026-05-22 20:14:41+00:00,752.0,3.06,3.03,3.06,0.53,20.948616,528.0,402.0,0.1284877191162109,False,REGULAR,USD,call,2026-06-01,6,745.6400146484375,1.0085295655096531,3.045,0.0098522167487685,0.01643835616438356,0.14328718992006417
SPY260601C00753000,2026-05-22 20:12:20+00:00,753.0,2.65,2.66,2.69,0.44000006,19.909504,4679.0,4332.0,0.12696185546875,False,REGULAR,USD,call,2026-06-01,6,745.6400146484375,1.0098706952510224,2.675,0.0112149532710279,0.01643835616438356,0.14175780742299976
SPY260601C00754000,2026-05-22 20:13:43+00:00,754.0,2.36,2.32,2.35,0.43000007,22.279797,580.0,213.0,0.1254970263671875,False,REGULAR,USD,call,2026-06-01,6,745.6400146484375,1.0112118249923914,2.335,0.0128479657387581,0.01643835616438356,0.14024706420267147
SPY260601C00755000,2026-05-22 20:14:49+00:00,755.0,2.03,2.02,2.04,0.33000004,19.411768,1505.0,707.0,0.1240932318115234,False,REGULAR,USD,call,2026-06-01,6,745.6400146484375,1.0125529547337606,2.0300000000000002,0.0098522167487684,0.01643835616438356,0.138932155473981
SPY260601C00756000,2026-05-22 20:14:36+00:00,756.0,1.77,1.74,1.77,0.39,28.260868,782.0,255.0,0.1229946099853515,False,REGULAR,USD,call,2026-06-01,6,745.6400146484375,1.01389408447513,1.755,0.0170940170940171,0.01643835616438356,0.13769486587600643
SPY260601C00757000,2026-05-22 20:13:24+00:00,757.0,1.52,1.5,1.52,0.26999998,21.599998,762.0,289.0,0.1217739190673828,False,REGULAR,USD,call,2026-06-01,6,745.6400146484375,1.015235214216499,1.51,0.0132450331125827,0.01643835616438356,0.13658101778119375
SPY260601C00758000,2026-05-22 19:56:07+00:00,758.0,1.31,1.28,1.3,0.24000001,22.429909,233.0,127.0,0.1206752972412109,False,REGULAR,USD,call,2026-06-01,6,745.6400146484375,1.0165763439578683,1.29,0.0155038759689922,0.01643835616438356,0.13546180437839736
SPY260601C00759000,2026-05-22 20:13:44+00:00,759.0,1.1,1.08,1.1,0.24000001,27.906979,272.0,179.0,0.1194546063232421,False,REGULAR,USD,call,2026-06-01,6,745.6400146484375,1.0179174736992376,1.09,0.018348623853211,0.01643835616438356,0.1341740286582785
SPY260601C00760000,2026-05-22 20:11:51+00:00,760.0,0.92,0.91,0.93,0.19,26.027397,1338.0,665.0,0.1185390881347656,False,REGULAR,USD,call,2026-06-01,6,745.6400146484375,1.0192586034406068,0.92,0.0217391304347826,0.01643835616438356,0.133197684963321
SPY260601C00761000,2026-05-22 20:11:06+00:00,761.0,0.77,0.76,0.78,0.17000002,28.33334,250.0,78.0,0.1175625354003906,False,REGULAR,USD,call,2026-06-01,6,745.6400146484375,1.020599733181976,0.77,0.0259740259740259,0.01643835616438356,0.132188049855341
SPY260601C00762000,2026-05-22 20:05:35+00:00,762.0,0.65,0.64,0.65,0.17000002,35.416676,172.0,251.0,0.1167080517578125,False,REGULAR,USD,call,2026-06-01,6,745.6400146484375,1.0219408629233453,0.645,0.0155038759689922,0.01643835616438356,0.1315023825178558
SPY260601C00763000,2026-05-22 20:00:57+00:00,763.0,0.52,0.52,0.54,0.120000005,30.000004,491.0,216.0,0.1159756372070312,False,REGULAR,USD,call,2026-06-01,6,745.6400146484375,1.0232819926647143,0.53,0.0377358490566038,0.01643835616438356,0.13040439079659386
SPY260601C00764000,2026-05-22 20:12:05+00:00,764.0,0.43,0.43,0.45,0.13999999,48.275852,1069.0,534.0,0.1154873608398437,False,REGULAR,USD,call,2026-06-01,6,745.6400146484375,1.0246231224060838,0.44,0.0454545454545455,0.01643835616438356,0.12991296396743263
SPY260601C00765000,2026-05-22 20:09:16+00:00,765.0,0.37,0.36,0.37,0.06999999,23.33333,261.0,436.0,0.1148770153808593,False,REGULAR,USD,call,2026-06-01,6,745.6400146484375,1.0259642521474528,0.365,0.0273972602739726,0.01643835616438356,0.12959206758547834
SPY260601C00766000,2026-05-22 20:03:27+00:00,766.0,0.3,0.29,0.31,0.09,42.857143,377.0,52.0,0.1148770153808593,False,REGULAR,USD,call,2026-06-01,6,745.6400146484375,1.027305381888822,0.3,0.0666666666666667,0.01643835616438356,0.12918237111846534
SPY260601C00767000,2026-05-22 19:53:27+00:00,767.0,0.27,0.24,0.25,0.099999994,58.82352,254.0,70.0,0.1140225317382812,False,REGULAR,USD,call,2026-06-01,6,745.6400146484375,1.0286465116301913,0.245,0.0408163265306122,0.01643835616438356,0.12877589165482378
SPY260601C00768000,2026-05-22 20:00:37+00:00,768.0,0.2,0.2,0.21,0.049999997,33.333332,1229.0,25.0,0.1143887390136718,False,REGULAR,USD,call,2026-06-01,6,745.6400146484375,1.0299876413715603,0.20500000000000002,0.0487804878048779,0.01643835616438356,0.12911616339018459
SPY260601C00769000,2026-05-22 16:17:27+00:00,769.0,0.2,0.16,0.17,0.09,81.818184,11.0,190.0,0.1140225317382812,False,REGULAR,USD,call,2026-06-01,6,745.6400146484375,1.0313287711129298,0.165,0.0606060606060606,0.01643835616438356,0.12863950211271505
SPY260601C00770000,2026-05-22 20:14:39+00:00,770.0,0.15,0.13,0.14,0.060000002,66.66667,187.0,726.0,0.1140225317382812,False,REGULAR,USD,call,2026-06-01,6,745.6400146484375,1.032669900854299,0.135,0.0740740740740741,0.01643835616438356,0.12867047721121935
SPY260601C00771000,2026-05-22 18:30:43+00:00,771.0,0.13,0.11,0.12,0.060000002,85.7143,94.0,112.0,0.1149990844726562,False,REGULAR,USD,call,2026-06-01,6,745.6400146484375,1.0340110305956682,0.11499999999999999,0.0869565217391304,0.01643835616438356,0.12962717035565907
SPY260601C00772000,2026-05-22 19:38:33+00:00,772.0,0.1,0.09,0.1,0.009999998,11.111108,32.0,1076.0,0.11524322265625,False,REGULAR,USD,call,2026-06-01,6,745.6400146484375,1.0353521603370377,0.095,0.1052631578947369,0.01643835616438356,0.12998322477153915
SPY260601C00773000,2026-05-22 17:28:28+00:00,773.0,0.11,0.08,0.09,0.009999998,9.999998,1.0,618.0,0.117196328125,False,REGULAR,USD,call,2026-06-01,6,745.6400146484375,1.0366932900784067,0.08499999999999999,0.1176470588235293,0.01643835616438356,0.13193160439889143
SPY260601C00774000,2026-05-22 18:04:15+00:00,774.0,0.09,0.07,0.08,0.009999998,12.499996,3.0,0.0,0.1186611572265625,False,REGULAR,USD,call,2026-06-01,6,745.6400146484375,1.038034419819776,0.07500000000000001,0.1333333333333332,0.01643835616438356,0.1335728997237065
SPY260601C00775000,2026-05-22 20:00:25+00:00,775.0,0.06,0.06,0.07,0.03,100.0,117.0,30.0,0.1196377099609374,False,REGULAR,USD,call,2026-06-01,6,745.6400146484375,1.0393755495611452,0.065,0.1538461538461539,0.01643835616438356,0.13485149971841529
SPY260601C00776000,2026-05-22 19:54:06+00:00,776.0,0.06,0.05,0.06,0.03,100.0,14.0,69.0,0.1206142626953125,False,REGULAR,USD,call,2026-06-01,6,745.6400146484375,1.0407166793025142,0.055,0.1818181818181817,0.01643835616438356,0.13568442760133909
SPY260601C00777000,2026-05-22 19:54:06+00:00,777.0,0.05,0.04,0.05,0.02,66.666664,5.0,59.0,0.1211025390625,False,REGULAR,USD,call,2026-06-01,6,745.6400146484375,1.0420578090438837,0.045,0.2222222222222222,0.01643835616438356,0.135944479978429
SPY260601C00778000,2026-05-22 20:03:33+00:00,778.0,0.04,0.04,0.05,0.01,33.333336,40.0,634.0,0.124032197265625,False,REGULAR,USD,call,2026-06-01,6,745.6400146484375,1.0433989387852527,0.045,0.2222222222222222,0.01643835616438356,0.13969193263436555
SPY260601C00779000,2026-05-22 19:54:06+00:00,779.0,0.04,0.04,0.05,0.02,100.0,106.0,528.0,0.1274501318359375,False,REGULAR,USD,call,2026-06-01,6,745.6400146484375,1.044740068526622,0.045,0.2222222222222222,0.01643835616438356,0.14342225296548575
SPY260601C00780000,2026-05-22 19:54:06+00:00,780.0,0.04,0.03,0.04,0.02,100.0,254.0,582.0,0.12696185546875,False,REGULAR,USD,call,2026-06-01,6,745.6400146484375,1.0460811982679912,0.035,0.2857142857142857,0.01643835616438356,0.14268519826133527
SPY260601C00785000,2026-05-22 19:54:06+00:00,785.0,0.03,0.02,0.03,0.01,50.0,122.0,396.0,0.13868048828125,False,REGULAR,USD,call,2026-06-01,6,745.6400146484375,1.0527868469748374,0.025,0.3999999999999999,0.01643835616438356,0.15458018252875186
SPY260601C00790000,2026-05-22 19:54:06+00:00,790.0,0.02,0.02,0.03,0.0,0.0,504.0,161.0,0.153328779296875,False,REGULAR,USD,call,2026-06-01,6,745.6400146484375,1.0594924956816834,0.025,0.3999999999999999,0.01643835616438356,0.17162717974717986
SPY260602C00660000,2026-05-22 19:24:03+00:00,660.0,86.9,85.26,88.07,-1.199997,-1.3620851,4.0,0.0,0.5661664477539063,True,REGULAR,USD,call,2026-06-02,7,745.6400146484375,0.8851456293036849,86.66499999999999,0.0324237004557778,0.019178082191780823,0.4694169994687109
SPY260602C00670000,2026-05-19 16:12:35+00:00,670.0,64.11,75.3,78.1,0.0,0.0,,1.0,0.5139208764648437,True,REGULAR,USD,call,2026-06-02,7,745.6400146484375,0.8985569267173771,76.69999999999999,0.0365058670143415,0.019178082191780823,0.42455289602159785
SPY260602C00675000,2026-05-19 14:07:22+00:00,675.0,60.59,70.33,73.13,0.0,0.0,,1.0,0.488408436279297,True,REGULAR,USD,call,2026-06-02,7,745.6400146484375,0.9052625754242232,71.72999999999999,0.0390352711557228,0.019178082191780823,0.4034433879996734
SPY260602C00685000,2026-05-19 18:46:57+00:00,685.0,53.04,60.38,63.18,0.0,0.0,,0.0,0.4362849340820312,True,REGULAR,USD,call,2026-06-02,7,745.6400146484375,0.9186738728379154,61.78,0.0453221107154418,0.019178082191780823,0.3588591901171402
SPY260602C00696000,2026-05-21 18:25:09+00:00,696.0,48.71,49.49,52.28,0.0,0.0,,1.0,0.3797669445800781,True,REGULAR,USD,call,2026-06-02,7,745.6400146484375,0.9334262999929768,50.885000000000005,0.0548295175395499,0.019178082191780823,0.3128127347997691
SPY260602C00700000,2026-05-21 13:54:32+00:00,700.0,41.0,45.54,48.34,0.0,0.0,,5.0,0.3596255444335937,True,REGULAR,USD,call,2026-06-02,7,745.6400146484375,0.9387908189584536,46.94,0.0596506178099702,0.019178082191780823,0.29658827336528276
SPY260602C00710000,2026-05-20 15:58:49+00:00,710.0,32.72,35.74,38.54,0.0,0.0,,1.0,0.3093330786132812,True,REGULAR,USD,call,2026-06-02,7,745.6400146484375,0.9522021163721458,37.14,0.0753904146472804,0.019178082191780823,0.25710848937021535
SPY260602C00712000,2026-05-22 14:36:00+00:00,712.0,35.14,33.8,36.6,0.0,0.0,1.0,0.0,0.2995675512695312,True,REGULAR,USD,call,2026-06-02,7,745.6400146484375,0.9548843758548844,35.2,0.0795454545454546,0.019178082191780823,0.24970290983128784
SPY260602C00714000,2026-05-22 17:28:30+00:00,714.0,34.98,31.87,34.67,0.0,0.0,2.0,0.0,0.2899851275634765,True,REGULAR,USD,call,2026-06-02,7,745.6400146484375,0.9575666353376228,33.27,0.0841599038172527,0.019178082191780823,0.24250938621406543
SPY260602C00715000,2026-05-22 17:49:59+00:00,715.0,34.02,30.91,33.72,5.6900005,20.084719,2.0,2.0,0.285590640258789,True,REGULAR,USD,call,2026-06-02,7,745.6400146484375,0.958907765078992,32.315,0.0869565217391304,0.019178082191780823,0.2393202539028322
SPY260602C00719000,2026-05-22 18:39:30+00:00,719.0,29.75,27.1,29.91,-0.020000458,-0.06718326,4.0,0.0,0.2669751037597656,True,REGULAR,USD,call,2026-06-02,7,745.6400146484375,0.9642722840444689,28.505000000000003,0.0985791966321697,0.019178082191780823,0.22569005226145675
SPY260602C00720000,2026-05-22 18:53:51+00:00,720.0,28.75,26.15,28.95,3.630001,14.450643,5.0,3.0,0.2619092364501953,True,REGULAR,USD,call,2026-06-02,7,745.6400146484375,0.965613413785838,27.549999999999997,0.1016333938294011,0.019178082191780823,0.22181228919337928
SPY260602C00721000,2026-05-22 18:39:30+00:00,721.0,27.86,26.23,28.01,4.040001,16.960543,4.0,11.0,0.2573926800537109,True,REGULAR,USD,call,2026-06-02,7,745.6400146484375,0.9669545435272072,27.12,0.0656342182890855,0.019178082191780823,0.2411029647488059
SPY260602C00723000,2026-05-22 18:39:30+00:00,723.0,25.98,23.36,26.14,3.6499996,16.345722,4.0,3.0,0.2483595672607422,True,REGULAR,USD,call,2026-06-02,7,745.6400146484375,0.9696368030099456,24.75,0.1123232323232323,0.019178082191780823,0.21229276905285033
SPY260602C00724000,2026-05-22 18:39:30+00:00,724.0,25.04,23.53,24.06,4.040001,19.2381,4.0,21.0,0.2085040087890624,True,REGULAR,USD,call,2026-06-02,7,745.6400146484375,0.9709779327513148,23.795,0.0222735868880015,0.019178082191780823,0.20782751285344234
SPY260602C00725000,2026-05-22 19:01:55+00:00,725.0,23.72,22.63,23.13,3.0,14.4787655,13.0,21.0,0.2045977978515624,True,REGULAR,USD,call,2026-06-02,7,745.6400146484375,0.972319062492684,22.88,0.0218531468531468,0.019178082191780823,0.20489561077481894
SPY260602C00727000,2026-05-22 18:39:30+00:00,727.0,22.25,20.82,21.32,4.3600006,24.371162,85.0,18.0,0.1978839978027343,True,REGULAR,USD,call,2026-06-02,7,745.6400146484375,0.9750013219754226,21.07,0.0237304224015187,0.019178082191780823,0.19913046872698703
SPY260602C00728000,2026-05-22 19:30:17+00:00,728.0,19.64,19.95,20.42,3.3600006,20.638826,5.0,49.0,0.1944050286865234,True,REGULAR,USD,call,2026-06-02,7,745.6400146484375,0.9763424517167918,20.185000000000002,0.023284617290067,0.019178082191780823,0.19662747849918666
SPY260602C00729000,2026-05-22 17:30:00+00:00,729.0,21.8,19.08,19.51,4.7700005,28.0094,6.0,3.0,0.190437783203125,True,REGULAR,USD,call,2026-06-02,7,745.6400146484375,0.977683581458161,19.295,0.0222855662088625,0.019178082191780823,0.19366108707031546
SPY260602C00730000,2026-05-22 18:51:33+00:00,730.0,19.35,18.19,18.63,4.1100006,26.96851,26.0,126.0,0.1872029522705078,True,REGULAR,USD,call,2026-06-02,7,745.6400146484375,0.9790247111995302,18.41,0.0239000543183051,0.019178082191780823,0.19060430905789646
SPY260602C00731000,2026-05-21 17:48:28+00:00,731.0,16.21,17.33,17.77,0.0,0.0,,4.0,0.1842732940673828,True,REGULAR,USD,call,2026-06-02,7,745.6400146484375,0.9803658409408994,17.549999999999997,0.0250712250712251,0.019178082191780823,0.18811612209337694
SPY260602C00732000,2026-05-20 17:13:47+00:00,732.0,13.17,16.43,16.92,0.0,0.0,,318.0,0.181374153137207,True,REGULAR,USD,call,2026-06-02,7,745.6400146484375,0.9817069706822686,16.675,0.0293853073463269,0.019178082191780823,0.1848224389727771
SPY260602C00733000,2026-05-22 17:20:06+00:00,733.0,16.81,15.64,16.04,4.91,41.260506,4.0,5.0,0.1774374249267578,True,REGULAR,USD,call,2026-06-02,7,745.6400146484375,0.983048100423638,15.84,0.0252525252525251,0.019178082191780823,0.1825059705496127
SPY260602C00734000,2026-05-22 18:39:29+00:00,734.0,16.1,14.83,15.2,3.2700005,25.487143,8.0,314.0,0.1743246630859375,True,REGULAR,USD,call,2026-06-02,7,745.6400146484375,0.9843892301650072,15.015,0.0246420246420245,0.019178082191780823,0.18013896660996598
SPY260602C00735000,2026-05-22 19:07:10+00:00,735.0,14.44,14.02,14.38,2.7799997,23.842194,19.0,310.0,0.1714560394287109,True,REGULAR,USD,call,2026-06-02,7,745.6400146484375,0.9857303599063764,14.2,0.0253521126760564,0.019178082191780823,0.17770193703543652
SPY260602C00736000,2026-05-22 17:20:18+00:00,736.0,14.36,13.22,13.55,2.83,24.544666,64.0,132.0,0.1680686221313477,True,REGULAR,USD,call,2026-06-02,7,745.6400146484375,0.9870714896477456,13.385000000000002,0.0246544639521852,0.019178082191780823,0.17488901513472865
SPY260602C00737000,2026-05-22 19:55:12+00:00,737.0,12.48,12.4,12.78,0.47999954,3.9999962,11.0,67.0,0.1658103439331055,True,REGULAR,USD,call,2026-06-02,7,745.6400146484375,0.9884126193891148,12.59,0.0301826846703732,0.019178082191780823,0.17226392707373941
SPY260602C00738000,2026-05-22 18:39:29+00:00,738.0,12.82,11.61,12.01,2.62,25.686274,59.0,131.0,0.1632163757324219,True,REGULAR,USD,call,2026-06-02,7,745.6400146484375,0.989753749130484,11.809999999999999,0.0338696020321761,0.019178082191780823,0.16964894756717358
SPY260602C00739000,2026-05-22 18:39:29+00:00,739.0,12.04,10.9,11.24,2.5199995,26.470581,991.0,171.0,0.1602867175292968,True,REGULAR,USD,call,2026-06-02,7,745.6400146484375,0.9910948788718532,11.07,0.030713640469738,0.019178082191780823,0.16768172109296473
SPY260602C00740000,2026-05-22 19:50:22+00:00,740.0,10.09,10.16,10.44,0.9899998,10.879118,528.0,716.0,0.1563194720458984,True,REGULAR,USD,call,2026-06-02,7,745.6400146484375,0.9924360086132225,10.3,0.0271844660194174,0.019178082191780823,0.16446760514157624
SPY260602C00741000,2026-05-22 18:39:29+00:00,741.0,10.53,9.46,9.78,2.2300005,26.86748,117.0,220.0,0.1550987811279297,True,REGULAR,USD,call,2026-06-02,7,745.6400146484375,0.9937771383545916,9.620000000000001,0.0332640332640331,0.019178082191780823,0.1631204823631496
SPY260602C00742000,2026-05-22 18:39:29+00:00,742.0,9.82,8.74,9.07,2.5100002,34.336533,161.0,286.0,0.1524132611083984,True,REGULAR,USD,call,2026-06-02,7,745.6400146484375,0.9951182680959608,8.905000000000001,0.0370578326782706,0.019178082191780823,0.16037109783824574
SPY260602C00743000,2026-05-22 18:32:05+00:00,743.0,9.07,8.08,8.4,2.0100002,28.47026,74.0,301.0,0.150124465637207,True,REGULAR,USD,call,2026-06-02,7,745.6400146484375,0.99645939783733,8.24,0.0388349514563107,0.019178082191780823,0.15836377730841072
SPY260602C00744000,2026-05-22 19:43:14+00:00,744.0,7.43,7.44,7.74,0.8299999,12.575756,195.0,97.0,0.1476220492553711,True,REGULAR,USD,call,2026-06-02,7,745.6400146484375,0.9978005275786992,7.59,0.0395256916996047,0.019178082191780823,0.15618412338168353
SPY260602C00745000,2026-05-22 19:58:38+00:00,745.0,7.07,6.98,7.02,1.0799999,18.030048,331.0,627.0,0.1433801483154297,True,REGULAR,USD,call,2026-06-02,7,745.6400146484375,0.9991416573200684,7.0,0.0057142857142855,0.019178082191780823,0.15490693307117867
SPY260602C00746000,2026-05-22 20:10:32+00:00,746.0,6.32,6.38,6.42,0.8699999,15.9633,333.0,421.0,0.1412134219360352,False,REGULAR,USD,call,2026-06-02,7,745.6400146484375,1.0004827870614377,6.4,0.00625,0.019178082191780823,0.15279639806547746
SPY260602C00747000,2026-05-22 20:09:43+00:00,747.0,5.76,5.82,5.86,0.8200002,16.599194,614.0,261.0,0.139382385559082,False,REGULAR,USD,call,2026-06-02,7,745.6400146484375,1.001823916802807,5.84,0.0068493150684931,0.019178082191780823,0.1510506888245633
SPY260602C00748000,2026-05-22 20:10:05+00:00,748.0,5.25,5.28,5.32,0.8699999,19.86301,709.0,161.0,0.1374597973632813,False,REGULAR,USD,call,2026-06-02,7,745.6400146484375,1.0031650465441762,5.300000000000001,0.0075471698113207,0.019178082191780823,0.1491626273021165
SPY260602C00749000,2026-05-22 20:12:24+00:00,749.0,4.74,4.77,4.81,0.71000004,17.617868,363.0,152.0,0.1355982437133789,False,REGULAR,USD,call,2026-06-02,7,745.6400146484375,1.0045061762855454,4.789999999999999,0.0083507306889352,0.019178082191780823,0.14735698045645212
SPY260602C00750000,2026-05-22 20:03:36+00:00,750.0,4.22,4.3,4.33,0.6500001,18.207287,541.0,525.0,0.1338282418823242,False,REGULAR,USD,call,2026-06-02,7,745.6400146484375,1.0058473060269146,4.3149999999999995,0.0069524913093859,0.019178082191780823,0.14574436755677034
SPY260602C00751000,2026-05-22 19:58:00+00:00,751.0,3.92,3.85,3.88,0.81999993,26.451609,418.0,78.0,0.1321497918701172,False,REGULAR,USD,call,2026-06-02,7,745.6400146484375,1.007188435768284,3.865,0.0077619663648123,0.019178082191780823,0.1440672549196805
SPY260602C00752000,2026-05-22 19:18:00+00:00,752.0,3.57,3.43,3.47,0.6700001,23.10345,153.0,95.0,0.1307154800415039,False,REGULAR,USD,call,2026-06-02,7,745.6400146484375,1.0085295655096531,3.45,0.0115942028985507,0.019178082191780823,0.1425728159634977
SPY260602C00753000,2026-05-22 19:27:24+00:00,753.0,3.1,3.05,3.08,0.76,32.478634,242.0,211.0,0.1291590991210937,False,REGULAR,USD,call,2026-06-02,7,745.6400146484375,1.0098706952510224,3.065,0.0097879282218597,0.019178082191780823,0.1411379298795459
SPY260602C00754000,2026-05-22 19:56:11+00:00,754.0,2.7,2.7,2.73,0.49,22.171946,194.0,34.0,0.1278773736572265,False,REGULAR,USD,call,2026-06-02,7,745.6400146484375,1.0112118249923914,2.715,0.011049723756906,0.019178082191780823,0.139909224050385
SPY260602C00755000,2026-05-22 20:00:01+00:00,755.0,2.4,2.37,2.4,0.3699999,18.226593,474.0,197.0,0.1264735791015624,False,REGULAR,USD,call,2026-06-02,7,745.6400146484375,1.0125529547337606,2.385,0.0125786163522011,0.019178082191780823,0.138483128233992
SPY260602C00756000,2026-05-22 19:38:47+00:00,756.0,2.11,2.08,2.1,0.45000005,27.10844,204.0,441.0,0.1251308190917968,False,REGULAR,USD,call,2026-06-02,7,745.6400146484375,1.01389408447513,2.09,0.0095693779904306,0.019178082191780823,0.13730239000463776
SPY260602C00757000,2026-05-22 20:11:33+00:00,757.0,1.8,1.81,1.84,0.29999995,19.999998,193.0,157.0,0.1242153009033203,False,REGULAR,USD,call,2026-06-02,7,745.6400146484375,1.015235214216499,1.8250000000000002,0.0164383561643835,0.019178082191780823,0.13626433287179496
SPY260602C00758000,2026-05-22 20:11:33+00:00,758.0,1.55,1.57,1.59,0.37,31.355936,118.0,149.0,0.1228725408935546,False,REGULAR,USD,call,2026-06-02,7,745.6400146484375,1.0165763439578683,1.58,0.0126582278481012,0.019178082191780823,0.13508018280283837
SPY260602C00759000,2026-05-22 19:00:15+00:00,759.0,1.54,1.35,1.38,0.59,62.105263,141.0,153.0,0.122079091796875,False,REGULAR,USD,call,2026-06-02,7,745.6400146484375,1.0179174736992376,1.365,0.0219780219780218,0.019178082191780823,0.13411998897659075
SPY260602C00760000,2026-05-22 20:12:32+00:00,760.0,1.17,1.16,1.18,0.34000003,40.963863,129.0,290.0,0.1209194354248047,False,REGULAR,USD,call,2026-06-02,7,745.6400146484375,1.0192586034406068,1.17,0.0170940170940171,0.019178082191780823,0.13308210389702269
SPY260602C00761000,2026-05-22 19:45:55+00:00,761.0,1.01,0.99,1.01,0.17000002,20.238098,76.0,16.0,0.1200039172363281,False,REGULAR,USD,call,2026-06-02,7,745.6400146484375,1.020599733181976,1.0,0.02,0.019178082191780823,0.13221022121631917
SPY260602C00762000,2026-05-22 19:00:15+00:00,762.0,0.97,0.84,0.86,0.34000003,53.968258,13.0,7.0,0.1192104681396484,False,REGULAR,USD,call,2026-06-02,7,745.6400146484375,1.0219408629233453,0.85,0.0235294117647059,0.019178082191780823,0.13137475035315524
SPY260602C00763000,2026-05-22 20:03:54+00:00,763.0,0.71,0.71,0.73,0.0,0.0,129.0,11.0,0.1185390881347656,False,REGULAR,USD,call,2026-06-02,7,745.6400146484375,1.0232819926647143,0.72,0.0277777777777778,0.019178082191780823,0.13065310277391495
SPY260602C00764000,2026-05-22 18:39:27+00:00,764.0,0.73,0.59,0.61,0.28,62.222218,167.0,11.0,0.1175015008544922,False,REGULAR,USD,call,2026-06-02,7,745.6400146484375,1.0246231224060838,0.6,0.0333333333333333,0.019178082191780823,0.1295902394668225
SPY260602C00765000,2026-05-22 20:01:41+00:00,765.0,0.48,0.5,0.51,0.15,45.45455,31.0,434.0,0.1167080517578125,False,REGULAR,USD,call,2026-06-02,7,745.6400146484375,1.0259642521474528,0.505,0.0198019801980198,0.019178082191780823,0.1290998433567476
SPY260602C00766000,2026-05-22 19:56:15+00:00,766.0,0.44,0.41,0.43,0.15,51.72414,207.0,9.0,0.1164639135742187,False,REGULAR,USD,call,2026-06-02,7,745.6400146484375,1.027305381888822,0.42,0.0476190476190476,0.019178082191780823,0.12842760890313173
SPY260602C00767000,2026-05-22 19:51:53+00:00,767.0,0.36,0.34,0.36,0.120000005,50.0,258.0,273.0,0.1159756372070312,False,REGULAR,USD,call,2026-06-02,7,745.6400146484375,1.0286465116301913,0.35,0.057142857142857,0.019178082191780823,0.12800018721076972
SPY260602C00768000,2026-05-22 20:03:54+00:00,768.0,0.3,0.29,0.3,0.0,0.0,8.0,4.0,0.1157314990234375,False,REGULAR,USD,call,2026-06-02,7,745.6400146484375,1.0299876413715603,0.295,0.0338983050847458,0.019178082191780823,0.12802486404302016
SPY260602C00769000,2026-05-22 19:51:54+00:00,769.0,0.25,0.24,0.25,0.06999999,38.888885,57.0,38.0,0.1154873608398437,False,REGULAR,USD,call,2026-06-02,7,745.6400146484375,1.0313287711129298,0.245,0.0408163265306122,0.019178082191780823,0.1277796736127727
SPY260602C00770000,2026-05-22 19:53:57+00:00,770.0,0.22,0.2,0.21,0.08,57.142853,44.0,104.0,0.1154873608398437,False,REGULAR,USD,call,2026-06-02,7,745.6400146484375,1.032669900854299,0.20500000000000002,0.0487804878048779,0.019178082191780823,0.12783183442625
SPY260602C00771000,2026-05-22 19:58:40+00:00,771.0,0.18,0.16,0.18,0.08,79.99999,157.0,17.0,0.1159756372070312,False,REGULAR,USD,call,2026-06-02,7,745.6400146484375,1.0340110305956682,0.16999999999999998,0.1176470588235293,0.019178082191780823,0.12776949802985713
SPY260602C00772000,2026-05-22 19:48:11+00:00,772.0,0.15,0.14,0.15,0.049999997,49.999992,1.0,1995.0,0.1159756372070312,False,REGULAR,USD,call,2026-06-02,7,745.6400146484375,1.0353521603370377,0.14500000000000002,0.0689655172413791,0.019178082191780823,0.1284013927904588
SPY260602C00773000,2026-05-22 19:36:55+00:00,773.0,0.13,0.12,0.13,0.049999997,62.5,251.0,1054.0,0.1167080517578125,False,REGULAR,USD,call,2026-06-02,7,745.6400146484375,1.0366932900784067,0.125,0.08,0.019178082191780823,0.12928341539398544
SPY260602C00774000,2026-05-22 19:32:14+00:00,774.0,0.1,0.1,0.11,-0.009999998,-9.090907,317.0,136.0,0.117196328125,False,REGULAR,USD,call,2026-06-02,7,745.6400146484375,1.038034419819776,0.10500000000000001,0.0952380952380951,0.019178082191780823,0.12965684292572785
SPY260602C00775000,2026-05-22 18:30:43+00:00,775.0,0.1,0.08,0.09,0.06,149.99998,32.0,25.0,0.117196328125,False,REGULAR,USD,call,2026-06-02,7,745.6400146484375,1.0393755495611452,0.08499999999999999,0.1176470588235293,0.019178082191780823,0.1293731515801526
SPY260602C00776000,2026-05-22 16:34:06+00:00,776.0,0.09,0.07,0.08,-0.009999998,-9.999998,5.0,0.0,0.118172880859375,False,REGULAR,USD,call,2026-06-02,7,745.6400146484375,1.0407166793025142,0.07500000000000001,0.1333333333333332,0.019178082191780823,0.13075657623151252
SPY260602C00777000,2026-05-22 19:42:53+00:00,777.0,0.07,0.06,0.07,-0.030000001,-30.000002,8.0,10.0,0.1191494335937499,False,REGULAR,USD,call,2026-06-02,7,745.6400146484375,1.0420578090438837,0.065,0.1538461538461539,0.019178082191780823,0.1317969305175562
SPY260602C00778000,2026-05-22 14:02:21+00:00,778.0,0.08,0.06,0.07,0.0,0.0,2.0,0.0,0.1225673681640625,False,REGULAR,USD,call,2026-06-02,7,745.6400146484375,1.0433989387852527,0.065,0.1538461538461539,0.019178082191780823,0.1353999929272029
SPY260602C00779000,2026-05-22 19:54:06+00:00,779.0,0.06,0.05,0.06,0.03,100.0,13.0,60.0,0.12305564453125,False,REGULAR,USD,call,2026-06-02,7,745.6400146484375,1.044740068526622,0.055,0.1818181818181817,0.019178082191780823,0.1359401826546577
SPY260602C00780000,2026-05-22 19:55:16+00:00,780.0,0.05,0.04,0.05,0.02,66.666664,315.0,99.0,0.12305564453125,False,REGULAR,USD,call,2026-06-02,7,745.6400146484375,1.0460811982679912,0.045,0.2222222222222222,0.019178082191780823,0.13592872042300033
SPY260602C00785000,2026-05-22 19:36:31+00:00,785.0,0.03,0.03,0.04,0.01,50.0,79.0,122.0,0.13477427734375,False,REGULAR,USD,call,2026-06-02,7,745.6400146484375,1.0527868469748374,0.035,0.2857142857142857,0.019178082191780823,0.14839583897653522
SPY260602C00790000,2026-05-22 19:54:06+00:00,790.0,0.03,0.02,0.03,0.01,50.0,94.0,334.0,0.1445398046875,False,REGULAR,USD,call,2026-06-02,7,745.6400146484375,1.0594924956816834,0.025,0.3999999999999999,0.019178082191780823,0.15862479583756128
SPY260602C00795000,2026-05-22 19:54:06+00:00,795.0,0.02,0.02,0.03,0.0,0.0,122.0,127.0,0.15821154296875,False,REGULAR,USD,call,2026-06-02,7,745.6400146484375,1.0661981443885296,0.025,0.3999999999999999,0.019178082191780823,0.1741481982709212
SPY260603C00660000,2026-05-22 19:35:47+00:00,660.0,86.67,85.37,88.16,6.8899994,8.636249,2.0,5.0,0.5420578021240237,True,REGULAR,USD,call,2026-06-03,8,745.6400146484375,0.8851456293036849,86.765,0.0321558232005992,0.021917808219178082,0.4433540324676604
SPY260603C00680000,2026-05-20 20:05:24+00:00,680.0,62.29,65.47,68.27,0.0,0.0,,1.0,0.444219425048828,True,REGULAR,USD,call,2026-06-03,8,745.6400146484375,0.9119682241310691,66.87,0.0418722895169731,0.021917808219178082,0.3614927993581025
SPY260603C00700000,2026-05-22 14:16:26+00:00,700.0,47.03,45.7,48.5,0.0,0.0,1.0,0.0,0.3474186352539062,True,REGULAR,USD,call,2026-06-03,8,745.6400146484375,0.9387908189584536,47.1,0.0594479830148619,0.021917808219178082,0.28420083316553874
SPY260603C00705000,2026-05-20 15:24:06+00:00,705.0,37.47,40.81,43.61,0.0,0.0,,1.0,0.3239203350830077,True,REGULAR,USD,call,2026-06-03,8,745.6400146484375,0.9454964676652996,42.21,0.0663349917081259,0.021917808219178082,0.26641170345159665
SPY260603C00710000,2026-05-20 19:47:08+00:00,710.0,33.51,35.95,38.75,0.0,0.0,,6.0,0.3006661730957031,True,REGULAR,USD,call,2026-06-03,8,745.6400146484375,0.9522021163721458,37.35,0.074966532797858,0.021917808219178082,0.248834125092601
SPY260603C00712000,2026-05-21 15:31:10+00:00,712.0,29.18,34.02,36.82,0.0,0.0,,1.0,0.2915109912109374,True,REGULAR,USD,call,2026-06-03,8,745.6400146484375,0.9548843758548844,35.42,0.0790513833992094,0.021917808219178082,0.24203812375878742
SPY260603C00715000,2026-05-22 17:50:00+00:00,715.0,34.21,31.15,33.95,3.5300007,11.50587,2.0,10.0,0.2782054602050781,True,REGULAR,USD,call,2026-06-03,8,745.6400146484375,0.958907765078992,32.55,0.0860215053763442,0.021917808219178082,0.23240302083261974
SPY260603C00719000,2026-05-22 17:28:31+00:00,719.0,30.36,27.37,30.18,0.0,0.0,1.0,0.0,0.2612988909912109,True,REGULAR,USD,call,2026-06-03,8,745.6400146484375,0.9642722840444689,28.775,0.0976542137271937,0.021917808219178082,0.2202880092465619
SPY260603C00720000,2026-05-22 13:45:32+00:00,720.0,29.63,27.5,29.23,3.7299995,14.401543,10.0,4.0,0.2566602655029296,True,REGULAR,USD,call,2026-06-03,8,745.6400146484375,0.965613413785838,28.365000000000002,0.0609906575004406,0.021917808219178082,0.23865151793633646
SPY260603C00725000,2026-05-22 14:23:25+00:00,725.0,22.28,22.97,23.48,3.6599998,19.65628,2.0,27.0,0.2044757287597655,True,REGULAR,USD,call,2026-06-03,8,745.6400146484375,0.972319062492684,23.225,0.0219590958019376,0.021917808219178082,0.20215693321091077
SPY260603C00726000,2026-05-22 20:03:13+00:00,726.0,21.9,22.06,22.59,4.1000004,23.03371,11.0,25.0,0.2015155532836914,True,REGULAR,USD,call,2026-06-03,8,745.6400146484375,0.9736601922340532,22.325,0.0237402015677492,0.021917808219178082,0.19942677689944835
SPY260603C00730000,2026-05-21 16:38:21+00:00,730.0,13.84,18.55,19.03,0.0,0.0,,23.0,0.1880574359130859,True,REGULAR,USD,call,2026-06-03,8,745.6400146484375,0.9790247111995302,18.79,0.0255455029270889,0.021917808219178082,0.18841203707244678
SPY260603C00732000,2026-05-21 17:47:40+00:00,732.0,15.97,16.86,17.33,0.0,0.0,,14.0,0.1823201885986328,True,REGULAR,USD,call,2026-06-03,8,745.6400146484375,0.9817069706822686,17.095,0.0274934191284,0.021917808219178082,0.18363204034203523
SPY260603C00733000,2026-05-22 17:31:12+00:00,733.0,18.27,16.04,16.48,0.7900009,4.5194564,8.0,0.0,0.1790853576660156,True,REGULAR,USD,call,2026-06-03,8,745.6400146484375,0.983048100423638,16.259999999999998,0.0270602706027061,0.021917808219178082,0.18116521296908158
SPY260603C00734000,2026-05-22 13:55:31+00:00,734.0,16.66,15.2,15.7,5.13,44.49263,31.0,30.0,0.1773153558349609,True,REGULAR,USD,call,2026-06-03,8,745.6400146484375,0.9843892301650072,15.45,0.0323624595469255,0.021917808219178082,0.17909163942961445
SPY260603C00735000,2026-05-22 19:57:13+00:00,735.0,14.6,14.44,14.83,1.8699999,14.689708,36.0,49.0,0.1731955239868164,True,REGULAR,USD,call,2026-06-03,8,745.6400146484375,0.9857303599063764,14.635,0.0266484455073454,0.021917808219178082,0.17654584060170037
SPY260603C00736000,2026-05-22 14:00:00+00:00,736.0,14.94,13.62,14.03,2.9300003,24.396341,1.0,4.0,0.1704184521484375,True,REGULAR,USD,call,2026-06-03,8,745.6400146484375,0.9870714896477456,13.825,0.0296564195298372,0.021917808219178082,0.17380769637924579
SPY260603C00737000,2026-05-21 17:47:40+00:00,737.0,12.2,12.86,13.32,0.0,0.0,,19.0,0.1694113821411133,True,REGULAR,USD,call,2026-06-03,8,745.6400146484375,0.9884126193891148,13.09,0.0351413292589763,0.021917808219178082,0.1726752180486679
SPY260603C00738000,2026-05-22 15:46:33+00:00,738.0,13.6,12.07,12.47,2.9799995,28.060257,16.0,240.0,0.1649863775634765,True,REGULAR,USD,call,2026-06-03,8,745.6400146484375,0.989753749130484,12.27,0.032599837000815,0.021917808219178082,0.1689831253182737
SPY260603C00739000,2026-05-22 15:46:33+00:00,739.0,12.82,11.33,11.72,2.88,28.973845,4.0,136.0,0.1624229266357422,True,REGULAR,USD,call,2026-06-03,8,745.6400146484375,0.9910948788718532,11.525,0.0338394793926247,0.021917808219178082,0.1668230666795125
SPY260603C00740000,2026-05-22 18:15:57+00:00,740.0,11.52,10.67,10.96,2.0200005,21.263163,52.0,436.0,0.1593711993408203,True,REGULAR,USD,call,2026-06-03,8,745.6400146484375,0.9924360086132225,10.815000000000001,0.0268146093388812,0.021917808219178082,0.16511038916116788
SPY260603C00741000,2026-05-22 19:42:09+00:00,741.0,9.9,9.94,10.28,1.3000002,15.1162815,43.0,89.0,0.157662232055664,True,REGULAR,USD,call,2026-06-03,8,745.6400146484375,0.9937771383545916,10.11,0.0336300692383778,0.021917808219178082,0.16308538953877522
SPY260603C00742000,2026-05-22 15:58:40+00:00,742.0,10.53,9.25,9.58,2.3100004,28.102198,4.0,136.0,0.1551598156738281,True,REGULAR,USD,call,2026-06-03,8,745.6400146484375,0.9951182680959608,9.415,0.0350504514073287,0.021917808219178082,0.16085922753772738
SPY260603C00743000,2026-05-22 15:58:40+00:00,743.0,9.87,8.56,8.9,2.2799997,30.039522,29.0,337.0,0.1527184338378906,True,REGULAR,USD,call,2026-06-03,8,745.6400146484375,0.99645939783733,8.73,0.0389461626575028,0.021917808219178082,0.15841728304912708
SPY260603C00744000,2026-05-22 19:28:16+00:00,744.0,8.17,7.95,8.32,1.3000002,18.922857,8.0,44.0,0.1518944674682617,True,REGULAR,USD,call,2026-06-03,8,745.6400146484375,0.9978005275786992,8.135,0.0454824830977258,0.021917808219178082,0.15757791302307111
SPY260603C00745000,2026-05-22 19:48:46+00:00,745.0,7.24,7.5,7.54,0.72000027,11.04295,171.0,318.0,0.1465844619750976,True,REGULAR,USD,call,2026-06-03,8,745.6400146484375,0.9991416573200684,7.52,0.0053191489361702,0.021917808219178082,0.1557768800232524
SPY260603C00746000,2026-05-22 19:59:00+00:00,746.0,7.03,6.9,6.94,1.1599998,19.761496,237.0,123.0,0.1445398046875,False,REGULAR,USD,call,2026-06-03,8,745.6400146484375,1.0004827870614377,6.92,0.0057803468208092,0.021917808219178082,0.15380872599767892
SPY260603C00747000,2026-05-22 20:14:11+00:00,747.0,6.34,6.33,6.37,1.2799997,25.296434,563.0,58.0,0.1426172164916992,False,REGULAR,USD,call,2026-06-03,8,745.6400146484375,1.001823916802807,6.35,0.0062992125984252,0.021917808219178082,0.15199594203965688
SPY260603C00748000,2026-05-22 20:14:11+00:00,748.0,5.8,5.79,5.83,0.84000015,16.935488,504.0,58.0,0.1408472146606445,False,REGULAR,USD,call,2026-06-03,8,745.6400146484375,1.0031650465441762,5.8100000000000005,0.0068846815834767,0.021917808219178082,0.1503203746662095
SPY260603C00749000,2026-05-22 20:14:48+00:00,749.0,5.27,5.28,5.31,0.88999987,20.319632,381.0,107.0,0.1389856610107422,False,REGULAR,USD,call,2026-06-03,8,745.6400146484375,1.0045061762855454,5.295,0.0056657223796032,0.021917808219178082,0.1486541377406633
SPY260603C00750000,2026-05-22 20:14:33+00:00,750.0,4.83,4.79,4.83,0.6799998,16.385538,741.0,699.0,0.1374597973632813,False,REGULAR,USD,call,2026-06-03,8,745.6400146484375,1.0058473060269146,4.8100000000000005,0.0083160083160083,0.021917808219178082,0.14710008721371373
SPY260603C00751000,2026-05-22 20:13:54+00:00,751.0,4.33,4.33,4.37,0.74,20.612814,228.0,83.0,0.1358118646240234,False,REGULAR,USD,call,2026-06-03,8,745.6400146484375,1.007188435768284,4.35,0.0091954022988505,0.021917808219178082,0.14553356567434544
SPY260603C00752000,2026-05-22 19:44:18+00:00,752.0,3.94,3.9,3.94,0.9000001,29.605267,135.0,37.0,0.1342860009765625,False,REGULAR,USD,call,2026-06-03,8,745.6400146484375,1.0085295655096531,3.92,0.010204081632653,0.021917808219178082,0.14406632611856704
SPY260603C00753000,2026-05-22 19:36:16+00:00,753.0,3.59,3.5,3.53,0.3499999,10.802466,386.0,115.0,0.1326380682373047,False,REGULAR,USD,call,2026-06-03,8,745.6400146484375,1.0098706952510224,3.5149999999999997,0.0085348506401137,0.021917808219178082,0.14257620654609443
SPY260603C00754000,2026-05-22 19:49:39+00:00,754.0,3.07,3.13,3.16,0.54999995,21.825396,76.0,147.0,0.1313258255004882,False,REGULAR,USD,call,2026-06-03,8,745.6400146484375,1.0112118249923914,3.145,0.0095389507154213,0.021917808219178082,0.14131400163663438
SPY260603C00755000,2026-05-22 20:00:18+00:00,755.0,2.78,2.78,2.82,0.42000008,17.796616,493.0,442.0,0.1301356518554687,False,REGULAR,USD,call,2026-06-03,8,745.6400146484375,1.0125529547337606,2.8,0.0142857142857143,0.021917808219178082,0.140041488826612
SPY260603C00756000,2026-05-22 19:55:07+00:00,756.0,2.46,2.47,2.5,0.17000008,7.423584,395.0,108.0,0.1288234091186523,False,REGULAR,USD,call,2026-06-03,8,745.6400146484375,1.01389408447513,2.4850000000000003,0.0120724346076457,0.021917808219178082,0.1389019996536609
SPY260603C00757000,2026-05-22 19:57:34+00:00,757.0,2.27,2.18,2.21,0.63,38.414635,200.0,109.0,0.1276942700195312,False,REGULAR,USD,call,2026-06-03,8,745.6400146484375,1.015235214216499,2.1950000000000003,0.0136674259681092,0.021917808219178082,0.1377819015682458
SPY260603C00758000,2026-05-22 19:46:29+00:00,758.0,1.82,1.91,1.94,0.28999996,18.954245,301.0,95.0,0.126412544555664,False,REGULAR,USD,call,2026-06-03,8,745.6400146484375,1.0165763439578683,1.9249999999999998,0.0155844155844156,0.021917808219178082,0.13654972390350686
SPY260603C00759000,2026-05-22 19:29:02+00:00,759.0,1.7,1.67,1.7,0.34000003,25.000004,68.0,42.0,0.1253749572753906,False,REGULAR,USD,call,2026-06-03,8,745.6400146484375,1.0179174736992376,1.685,0.0178041543026706,0.021917808219178082,0.13552840461711885
SPY260603C00760000,2026-05-22 19:58:01+00:00,760.0,1.51,1.46,1.49,0.54,55.670105,388.0,128.0,0.1246425427246093,False,REGULAR,USD,call,2026-06-03,8,745.6400146484375,1.0192586034406068,1.475,0.0203389830508474,0.021917808219178082,0.1347852213095963
SPY260603C00761000,2026-05-22 19:58:01+00:00,761.0,1.3,1.26,1.29,0.3,30.000004,245.0,84.0,0.1235439208984375,False,REGULAR,USD,call,2026-06-03,8,745.6400146484375,1.020599733181976,1.275,0.0235294117647059,0.021917808219178082,0.13368176875600443
SPY260603C00762000,2026-05-22 19:46:49+00:00,762.0,1.07,1.09,1.12,0.27999997,35.44303,385.0,70.0,0.1228115063476562,False,REGULAR,USD,call,2026-06-03,8,745.6400146484375,1.0219408629233453,1.105,0.0271493212669683,0.021917808219178082,0.13296154553473977
SPY260603C00763000,2026-05-22 19:42:04+00:00,763.0,0.95,0.94,0.96,0.24000001,33.80282,137.0,128.0,0.1217739190673828,False,REGULAR,USD,call,2026-06-03,8,745.6400146484375,1.0232819926647143,0.95,0.0210526315789473,0.021917808219178082,0.13212679883012032
SPY260603C00764000,2026-05-22 19:29:02+00:00,764.0,0.82,0.8,0.83,0.20999998,34.426224,386.0,19.0,0.1212856427001953,False,REGULAR,USD,call,2026-06-03,8,745.6400146484375,1.0246231224060838,0.815,0.0368098159509201,0.021917808219178082,0.13143034563657394
SPY260603C00765000,2026-05-22 19:43:56+00:00,765.0,0.71,0.68,0.71,0.16000003,29.090918,200.0,217.0,0.1206142626953125,False,REGULAR,USD,call,2026-06-03,8,745.6400146484375,1.0259642521474528,0.6950000000000001,0.0431654676258991,0.021917808219178082,0.13071613790492173
SPY260603C00766000,2026-05-22 20:02:26+00:00,766.0,0.57,0.58,0.6,0.3,111.11113,68.0,3.0,0.1196987445068359,False,REGULAR,USD,call,2026-06-03,8,745.6400146484375,1.027305381888822,0.59,0.0338983050847458,0.021917808219178082,0.13004297720081567
SPY260603C00767000,2026-05-22 19:45:56+00:00,767.0,0.5,0.49,0.51,-0.14999998,-23.07692,6.0,0.0,0.1191494335937499,False,REGULAR,USD,call,2026-06-03,8,745.6400146484375,1.0286465116301913,0.5,0.04,0.021917808219178082,0.12949553658779708
SPY260603C00768000,2026-05-22 16:05:19+00:00,768.0,0.57,0.42,0.44,0.24000001,72.72728,5.0,57.0,0.1191494335937499,False,REGULAR,USD,call,2026-06-03,8,745.6400146484375,1.0299876413715603,0.43,0.0465116279069767,0.021917808219178082,0.1295373772784667
SPY260603C00769000,2026-05-22 20:09:44+00:00,769.0,0.37,0.35,0.37,-0.00999999,-2.6315765,14.0,0.0,0.1186611572265625,False,REGULAR,USD,call,2026-06-03,8,745.6400146484375,1.0313287711129298,0.36,0.0555555555555556,0.021917808219178082,0.128922734088629
SPY260603C00770000,2026-05-22 19:54:35+00:00,770.0,0.32,0.3,0.32,0.120000005,60.000008,160.0,85.0,0.1189052954101562,False,REGULAR,USD,call,2026-06-03,8,745.6400146484375,1.032669900854299,0.31,0.0645161290322581,0.021917808219178082,0.1292012053040723
SPY260603C00771000,2026-05-22 19:18:57+00:00,771.0,0.27,0.25,0.27,0.14,107.6923,12.0,1.0,0.1186611572265625,False,REGULAR,USD,call,2026-06-03,8,745.6400146484375,1.0340110305956682,0.26,0.0769230769230769,0.021917808219178082,0.1288793308020408
SPY260603C00772000,2026-05-22 13:46:36+00:00,772.0,0.39,0.21,0.23,0.0,0.0,2.0,0.0,0.1186611572265625,False,REGULAR,USD,call,2026-06-03,8,745.6400146484375,1.0353521603370377,0.22,0.090909090909091,0.021917808219178082,0.12888082711329082
SPY260603C00775000,2026-05-22 15:30:35+00:00,775.0,0.19,0.13,0.14,0.1,111.111115,12.0,191.0,0.1189052954101562,False,REGULAR,USD,call,2026-06-03,8,745.6400146484375,1.0393755495611452,0.135,0.0740740740740741,0.021917808219178082,0.1295828155982462
SPY260603C00776000,2026-05-22 15:09:37+00:00,776.0,0.14,0.11,0.13,0.049999997,55.555553,6.0,1.0,0.1206142626953125,False,REGULAR,USD,call,2026-06-03,8,745.6400146484375,1.0407166793025142,0.12,0.1666666666666667,0.021917808219178082,0.130825558810927
SPY260603C00778000,2026-05-22 14:16:42+00:00,778.0,0.11,0.09,0.1,0.030000001,37.500004,1.0,1.0,0.1223232299804687,False,REGULAR,USD,call,2026-06-03,8,745.6400146484375,1.0433989387852527,0.095,0.1052631578947369,0.021917808219178082,0.13330689895490547
SPY260603C00779000,2026-05-22 19:59:09+00:00,779.0,0.09,0.08,0.09,0.009999998,12.499996,4001.0,0.0,0.1235439208984375,False,REGULAR,USD,call,2026-06-03,8,745.6400146484375,1.044740068526622,0.08499999999999999,0.1176470588235293,0.021917808219178082,0.13463190447906573
SPY260603C00780000,2026-05-21 20:11:57+00:00,780.0,0.06,0.07,0.08,0.0,0.0,,1023.0,0.1245204736328125,False,REGULAR,USD,call,2026-06-03,8,745.6400146484375,1.0460811982679912,0.07500000000000001,0.1333333333333332,0.021917808219178082,0.1356778621527585
SPY260603C00785000,2026-05-22 18:39:51+00:00,785.0,0.05,0.04,0.05,0.010000002,25.000006,58.0,1201.0,0.1313563427734375,False,REGULAR,USD,call,2026-06-03,8,745.6400146484375,1.0527868469748374,0.045,0.2222222222222222,0.021917808219178082,0.14276666767384794
SPY260603C00790000,2026-05-22 19:54:06+00:00,790.0,0.04,0.03,0.04,0.02,100.0,2024.0,111.0,0.141610146484375,False,REGULAR,USD,call,2026-06-03,8,745.6400146484375,1.0594924956816834,0.035,0.2857142857142857,0.021917808219178082,0.15377137754792897
SPY260603C00795000,2026-05-22 19:54:06+00:00,795.0,0.03,0.02,0.03,0.01,50.0,154.0,138.0,0.15039912109375,False,REGULAR,USD,call,2026-06-03,8,745.6400146484375,1.0661981443885296,0.025,0.3999999999999999,0.021917808219178082,0.1626496874095057
SPY260603C00800000,2026-05-22 19:54:06+00:00,800.0,0.03,0.02,0.03,0.01,50.0,19.0,88.0,0.163094306640625,False,REGULAR,USD,call,2026-06-03,8,745.6400146484375,1.0729037930953755,0.025,0.3999999999999999,0.021917808219178082,0.17694901093240892
SPY260603C00805000,2026-05-22 19:44:58+00:00,805.0,0.02,0.02,0.03,0.0,0.0,211.0,4.0,0.1757894921875,False,REGULAR,USD,call,2026-06-03,8,745.6400146484375,1.0796094418022215,0.025,0.3999999999999999,0.021917808219178082,0.19104160086762167
SPY260604C00645000,2026-05-22 13:38:07+00:00,645.0,103.31,100.4,103.22,0.0,0.0,5.0,,0.5936319934082033,True,REGULAR,USD,call,2026-06-04,9,745.6400146484375,0.8650286831831465,101.81,0.0276986543561535,0.024657534246575342,0.48145995126835284
SPY260604C00660000,2026-05-22 13:47:54+00:00,660.0,88.78,85.46,88.27,4.959999,5.917441,4.0,4.0,0.5224657128906249,True,REGULAR,USD,call,2026-06-04,9,745.6400146484375,0.8851456293036849,86.865,0.0323490473723594,0.024657534246575342,0.42190341997181763
SPY260604C00675000,2026-05-21 18:59:00+00:00,675.0,66.9,70.55,73.35,0.0,0.0,,1.0,0.4520318469238281,True,REGULAR,USD,call,2026-06-04,9,745.6400146484375,0.9052625754242232,71.94999999999999,0.0389159138290479,0.024657534246575342,0.36431981288943754
SPY260604C00700000,2026-05-21 14:18:42+00:00,700.0,40.61,45.86,48.66,0.0,0.0,,1.0,0.3369817279052735,True,REGULAR,USD,call,2026-06-04,9,745.6400146484375,0.9387908189584536,47.26,0.059246720270842,0.024657534246575342,0.27404015103449525
SPY260604C00705000,2026-05-22 13:30:06+00:00,705.0,42.46,40.99,43.8,2.6699982,6.7102237,2.0,6.0,0.315314464111328,True,REGULAR,USD,call,2026-06-04,9,745.6400146484375,0.9454964676652996,42.394999999999996,0.0662814011086211,0.024657534246575342,0.2581070014098933
SPY260604C00715000,2026-05-21 18:49:01+00:00,715.0,30.1,31.38,34.2,0.0,0.0,,1.0,0.2727123510742187,True,REGULAR,USD,call,2026-06-04,9,745.6400146484375,0.958907765078992,32.79,0.0860018298261666,0.024657534246575342,0.22701217033442203
SPY260604C00720000,2026-05-22 19:54:56+00:00,720.0,27.84,26.7,29.51,1.8899994,7.2832346,3.0,5.0,0.252387847290039,True,REGULAR,USD,call,2026-06-04,9,745.6400146484375,0.965613413785838,28.105,0.0999822095712507,0.024657534246575342,0.2126940108681358
SPY260604C00722000,2026-05-22 19:24:07+00:00,722.0,26.51,26.02,26.53,0.0,0.0,1.0,,0.2135088415527344,True,REGULAR,USD,call,2026-06-04,9,745.6400146484375,0.9682956732685764,26.275,0.0194100856327307,0.024657534246575342,0.20763714606565567
SPY260604C00725000,2026-05-22 15:06:22+00:00,725.0,24.14,23.33,23.77,2.8500004,13.386568,2.0,26.0,0.2028888305664062,True,REGULAR,USD,call,2026-06-04,9,745.6400146484375,0.972319062492684,23.549999999999997,0.0186836518046709,0.024657534246575342,0.19942696824644796
SPY260604C00730000,2026-05-22 20:03:55+00:00,730.0,18.88,18.92,19.46,1.710001,9.959238,26.0,24.0,0.1897969204711914,True,REGULAR,USD,call,2026-06-04,9,745.6400146484375,0.9790247111995302,19.19,0.0281396560708701,0.024657534246575342,0.1874951492370426
SPY260604C00731000,2026-05-22 20:03:55+00:00,731.0,18.06,18.07,18.61,0.0,0.0,25.0,,0.1869282968139648,True,REGULAR,USD,call,2026-06-04,9,745.6400146484375,0.9803658409408994,18.34,0.0294438386041439,0.024657534246575342,0.18504508047582283
SPY260604C00732000,2026-05-22 15:06:22+00:00,732.0,18.11,17.26,17.76,0.26000023,1.4565839,27.0,,0.1838460522460937,True,REGULAR,USD,call,2026-06-04,9,745.6400146484375,0.9817069706822686,17.51,0.0285551113649343,0.024657534246575342,0.18288783287230911
SPY260604C00733000,2026-05-22 19:31:52+00:00,733.0,16.6,16.44,16.88,0.0,0.0,1.0,,0.1799398413085937,True,REGULAR,USD,call,2026-06-04,9,745.6400146484375,0.983048100423638,16.66,0.0264105642256901,0.024657534246575342,0.17992432523367646
SPY260604C00735000,2026-05-22 15:16:47+00:00,735.0,15.87,14.88,15.24,2.4099998,17.904902,7.0,20.0,0.1741415594482422,True,REGULAR,USD,call,2026-06-04,9,745.6400146484375,0.9857303599063764,15.06,0.0239043824701194,0.024657534246575342,0.17578209315411938
SPY260604C00736000,2026-05-22 16:28:15+00:00,736.0,15.15,14.03,14.52,-0.3000002,-1.9417489,8.0,,0.1730429376220703,True,REGULAR,USD,call,2026-06-04,9,745.6400146484375,0.9870714896477456,14.274999999999999,0.0343257443082311,0.024657534246575342,0.1736222154427708
SPY260604C00737000,2026-05-22 15:13:50+00:00,737.0,14.19,13.34,13.75,0.31000042,2.2334325,33.0,,0.1706015557861328,True,REGULAR,USD,call,2026-06-04,9,745.6400146484375,0.9884126193891148,13.545,0.0302694721299372,0.024657534246575342,0.17246739195534028
SPY260604C00739000,2026-05-22 18:04:32+00:00,739.0,13.02,11.84,12.15,0.8800001,7.248765,16.0,,0.1637046520996094,True,REGULAR,USD,call,2026-06-04,9,745.6400146484375,0.9910948788718532,11.995000000000001,0.0258441017090454,0.024657534246575342,0.16697269807502713
SPY260604C00740000,2026-05-22 20:03:56+00:00,740.0,11.25,11.04,11.52,1.4700003,15.030678,39.0,107.0,0.1632774102783203,True,REGULAR,USD,call,2026-06-04,9,745.6400146484375,0.9924360086132225,11.28,0.0425531914893617,0.024657534246575342,0.16509740196445993
SPY260604C00742000,2026-05-22 18:02:42+00:00,742.0,10.96,9.66,10.16,0.22999954,2.1435184,2.0,,0.1594017166137695,True,REGULAR,USD,call,2026-06-04,9,745.6400146484375,0.9951182680959608,9.91,0.0504540867810292,0.024657534246575342,0.16153460731139396
SPY260604C00743000,2026-05-22 18:04:30+00:00,743.0,10.13,9.0,9.34,-0.020000458,-0.19704883,160.0,,0.1542137802124023,True,REGULAR,USD,call,2026-06-04,9,745.6400146484375,0.99645939783733,9.17,0.0370774263904034,0.024657534246575342,0.15795256530721533
SPY260604C00744000,2026-05-22 20:14:43+00:00,744.0,8.61,8.36,8.72,-1.3999996,-13.986011,36.0,,0.1525963647460937,True,REGULAR,USD,call,2026-06-04,9,745.6400146484375,0.9978005275786992,8.54,0.0421545667447308,0.024657534246575342,0.15636096940713792
SPY260604C00745000,2026-05-22 19:44:51+00:00,745.0,7.92,7.97,8.01,0.86000013,12.181305,338.0,360.0,0.148873257446289,True,REGULAR,USD,call,2026-06-04,9,745.6400146484375,0.9991416573200684,7.99,0.0050062578222778,0.024657534246575342,0.15604739689781513
SPY260604C00746000,2026-05-22 19:31:15+00:00,746.0,7.2,7.37,7.41,-1.3000002,-15.29412,19.0,,0.1468896347045898,False,REGULAR,USD,call,2026-06-04,9,745.6400146484375,1.0004827870614377,7.390000000000001,0.0054127198917456,0.024657534246575342,0.15419918214411696
SPY260604C00747000,2026-05-22 20:13:03+00:00,747.0,6.8,6.8,6.84,-1.1399999,-14.357681,274.0,,0.1450891156005859,False,REGULAR,USD,call,2026-06-04,9,745.6400146484375,1.001823916802807,6.82,0.0058651026392961,0.024657534246575342,0.15252753147892634
SPY260604C00748000,2026-05-22 19:57:55+00:00,748.0,6.36,6.25,6.29,-0.8499999,-11.789181,375.0,,0.1432580792236328,False,REGULAR,USD,call,2026-06-04,9,745.6400146484375,1.0031650465441762,6.27,0.0063795853269537,0.024657534246575342,0.15080372268137066
SPY260604C00749000,2026-05-22 19:55:00+00:00,749.0,5.53,5.73,5.77,-0.4699998,-7.8333297,171.0,,0.1415491119384765,False,REGULAR,USD,call,2026-06-04,9,745.6400146484375,1.0045061762855454,5.75,0.0069565217391302,0.024657534246575342,0.14922864263650393
SPY260604C00750000,2026-05-22 19:47:54+00:00,750.0,5.09,5.24,5.28,0.5100002,11.135376,222.0,572.0,0.1400232482910156,False,REGULAR,USD,call,2026-06-04,9,745.6400146484375,1.0058473060269146,5.26,0.0076045627376425,0.024657534246575342,0.14779388618598524
SPY260604C00751000,2026-05-22 19:00:27+00:00,751.0,5.22,4.77,4.81,-0.21999979,-4.044114,157.0,,0.138405832824707,False,REGULAR,USD,call,2026-06-04,9,745.6400146484375,1.007188435768284,4.789999999999999,0.0083507306889352,0.024657534246575342,0.14627369524910175
SPY260604C00752000,2026-05-22 19:37:18+00:00,752.0,4.45,4.33,4.36,-0.21999979,-4.710917,36.0,,0.1367273828125,False,REGULAR,USD,call,2026-06-04,9,745.6400146484375,1.0085295655096531,4.345000000000001,0.0069044879171462,0.024657534246575342,0.14476908703443503
SPY260604C00753000,2026-05-22 19:59:31+00:00,753.0,4.09,3.91,3.95,-0.8000002,-16.35992,176.0,,0.1353541055297852,False,REGULAR,USD,call,2026-06-04,9,745.6400146484375,1.0098706952510224,3.93,0.010178117048346,0.024657534246575342,0.14339002613313945
SPY260604C00754000,2026-05-22 17:28:10+00:00,754.0,4.28,3.53,3.56,0.46000004,12.041885,82.0,,0.1339197937011718,False,REGULAR,USD,call,2026-06-04,9,745.6400146484375,1.0112118249923914,3.545,0.0084626234132581,0.024657534246575342,0.14214222819899439
SPY260604C00755000,2026-05-22 20:12:08+00:00,755.0,3.16,3.17,3.2,0.42000008,15.32847,498.0,252.0,0.1326380682373047,False,REGULAR,USD,call,2026-06-04,9,745.6400146484375,1.0125529547337606,3.185,0.0094191522762952,0.024657534246575342,0.14091581861530328
SPY260604C00756000,2026-05-22 20:09:22+00:00,756.0,2.81,2.83,2.86,-0.96000004,-25.464191,324.0,,0.1312342736816406,False,REGULAR,USD,call,2026-06-04,9,745.6400146484375,1.01389408447513,2.8449999999999998,0.0105448154657292,0.024657534246575342,0.13959136360541466
SPY260604C00757000,2026-05-22 15:19:38+00:00,757.0,3.03,2.52,2.55,-0.1400001,-4.416407,5.0,,0.1300135827636718,False,REGULAR,USD,call,2026-06-04,9,745.6400146484375,1.015235214216499,2.535,0.0118343195266271,0.024657534246575342,0.1384258966489964
SPY260604C00758000,2026-05-22 19:46:29+00:00,758.0,2.15,2.24,2.27,-0.55999994,-20.664206,166.0,,0.1290065127563476,False,REGULAR,USD,call,2026-06-04,9,745.6400146484375,1.0165763439578683,2.255,0.0133037694013302,0.024657534246575342,0.13745110426300022
SPY260604C00759000,2026-05-22 17:28:09+00:00,759.0,2.49,1.98,2.01,-0.1400001,-5.323198,58.0,,0.127938408203125,False,REGULAR,USD,call,2026-06-04,9,745.6400146484375,1.0179174736992376,1.9949999999999999,0.0150375939849623,0.024657534246575342,0.13642175195849937
SPY260604C00760000,2026-05-22 19:57:26+00:00,760.0,1.86,1.75,1.77,0.41999996,29.166662,152.0,162.0,0.1268397863769531,False,REGULAR,USD,call,2026-06-04,9,745.6400146484375,1.0192586034406068,1.76,0.0113636363636363,0.024657534246575342,0.13550086298341826
SPY260604C00761000,2026-05-22 19:57:26+00:00,761.0,1.54,1.53,1.56,-0.61000013,-28.372097,80.0,,0.125985302734375,False,REGULAR,USD,call,2026-06-04,9,745.6400146484375,1.020599733181976,1.545,0.0194174757281553,0.024657534246575342,0.1345703961886531
SPY260604C00762000,2026-05-22 15:02:41+00:00,762.0,1.53,1.34,1.37,-0.31999993,-17.297295,5.0,,0.1252528881835937,False,REGULAR,USD,call,2026-06-04,9,745.6400146484375,1.0219408629233453,1.355,0.022140221402214,0.024657534246575342,0.1338291359698743
SPY260604C00763000,2026-05-22 19:13:26+00:00,763.0,1.27,1.17,1.19,-0.33000004,-20.625002,290.0,,0.1242153009033203,False,REGULAR,USD,call,2026-06-04,9,745.6400146484375,1.0232819926647143,1.18,0.0169491525423729,0.024657534246575342,0.1329810397580215
SPY260604C00764000,2026-05-22 19:13:26+00:00,764.0,1.11,1.01,1.04,0.00999999,0.90909004,7.0,,0.1236049554443359,False,REGULAR,USD,call,2026-06-04,9,745.6400146484375,1.0246231224060838,1.025,0.0292682926829268,0.024657534246575342,0.1322390794445116
SPY260604C00765000,2026-05-22 19:26:29+00:00,765.0,0.91,0.88,0.9,0.19999999,28.169012,68.0,65.0,0.1228115063476562,False,REGULAR,USD,call,2026-06-04,9,745.6400146484375,1.0259642521474528,0.89,0.0224719101123595,0.024657534246575342,0.13167104916706035
SPY260604C00766000,2026-05-22 18:22:22+00:00,766.0,0.96,0.76,0.78,-0.12999994,-11.9266,8.0,,0.1222621954345703,False,REGULAR,USD,call,2026-06-04,9,745.6400146484375,1.027305381888822,0.77,0.0259740259740259,0.024657534246575342,0.1311366098522994
SPY260604C00767000,2026-05-22 18:35:14+00:00,767.0,0.78,0.65,0.67,-0.15999997,-17.021275,77.0,,0.1215908154296875,False,REGULAR,USD,call,2026-06-04,9,745.6400146484375,1.0286465116301913,0.66,0.0303030303030303,0.024657534246575342,0.13044092334129082
SPY260604C00768000,2026-05-22 20:03:11+00:00,768.0,0.55,0.56,0.58,0.0,0.0,2.0,,0.1212856427001953,False,REGULAR,USD,call,2026-06-04,9,745.6400146484375,1.0299876413715603,0.5700000000000001,0.0350877192982454,0.024657534246575342,0.13015341802974145
SPY260604C00769000,2026-05-22 15:47:04+00:00,769.0,0.66,0.48,0.5,-0.029999971,-4.347822,79.0,,0.1209804699707031,False,REGULAR,USD,call,2026-06-04,9,745.6400146484375,1.0313287711129298,0.49,0.0408163265306122,0.024657534246575342,0.12984387606485745
SPY260604C00770000,2026-05-22 17:37:17+00:00,770.0,0.57,0.41,0.43,0.23000002,67.64707,26.0,8.0,0.1207363317871093,False,REGULAR,USD,call,2026-06-04,9,745.6400146484375,1.032669900854299,0.42,0.0476190476190476,0.024657534246575342,0.12956621073959823
SPY260604C00771000,2026-05-22 14:02:44+00:00,771.0,0.47,0.35,0.37,0.0,0.0,50.0,,0.1204921936035156,False,REGULAR,USD,call,2026-06-04,9,745.6400146484375,1.0340110305956682,0.36,0.0555555555555556,0.024657534246575342,0.12939699379030897
SPY260604C00772000,2026-05-22 19:29:33+00:00,772.0,0.3,0.3,0.32,-0.16,-34.782608,49.0,,0.1206142626953125,False,REGULAR,USD,call,2026-06-04,9,745.6400146484375,1.0353521603370377,0.31,0.0645161290322581,0.024657534246575342,0.129441170197876
SPY260604C00773000,2026-05-22 18:36:17+00:00,773.0,0.3,0.26,0.28,-0.02000001,-6.250003,17.0,,0.1208584008789062,False,REGULAR,USD,call,2026-06-04,9,745.6400146484375,1.0366932900784067,0.27,0.0740740740740741,0.024657534246575342,0.12983885910295812
SPY260604C00775000,2026-05-22 20:01:35+00:00,775.0,0.19,0.19,0.21,0.030000001,18.750002,14.0,42.0,0.1213466772460937,False,REGULAR,USD,call,2026-06-04,9,745.6400146484375,1.0393755495611452,0.2,0.0999999999999999,0.024657534246575342,0.13019936087737274
SPY260604C00776000,2026-05-22 16:08:07+00:00,776.0,0.23,0.17,0.18,0.0,0.0,1.0,,0.1213466772460937,False,REGULAR,USD,call,2026-06-04,9,745.6400146484375,1.0407166793025142,0.175,0.057142857142857,0.024657534246575342,0.13082081327274347
SPY260604C00777000,2026-05-22 19:55:30+00:00,777.0,0.16,0.14,0.16,-0.010000005,-5.882356,13.0,,0.122079091796875,False,REGULAR,USD,call,2026-06-04,9,745.6400146484375,1.0420578090438837,0.15000000000000002,0.1333333333333332,0.024657534246575342,0.13102019954502858
SPY260604C00780000,2026-05-22 13:44:19+00:00,780.0,0.17,0.1,0.11,0.049999997,41.666664,1.0,11.0,0.1242763354492187,False,REGULAR,USD,call,2026-06-04,9,745.6400146484375,1.0460811982679912,0.10500000000000001,0.0952380952380951,0.024657534246575342,0.13392006531098055
SPY260604C00785000,2026-05-22 14:24:02+00:00,785.0,0.07,0.06,0.07,0.02,39.999996,72.0,75.0,0.1308680664062499,False,REGULAR,USD,call,2026-06-04,9,745.6400146484375,1.0527868469748374,0.065,0.1538461538461539,0.024657534246575342,0.14073274118206422
SPY260604C00790000,2026-05-22 20:12:34+00:00,790.0,0.05,0.04,0.05,0.0,0.0,27.0,10.0,0.13868048828125,False,REGULAR,USD,call,2026-06-04,9,745.6400146484375,1.0594924956816834,0.045,0.2222222222222222,0.024657534246575342,0.1490457318951075
SPY260604C00795000,2026-05-22 19:54:07+00:00,795.0,0.04,0.03,0.04,0.02,100.0,13.0,64.0,0.147469462890625,False,REGULAR,USD,call,2026-06-04,9,745.6400146484375,1.0661981443885296,0.035,0.2857142857142857,0.024657534246575342,0.15884143106979115
SPY260604C00800000,2026-05-22 20:01:37+00:00,800.0,0.03,0.02,0.03,0.01,50.0,167.0,88.0,0.155281884765625,False,REGULAR,USD,call,2026-06-04,9,745.6400146484375,1.0729037930953755,0.025,0.3999999999999999,0.024657534246575342,0.166594459769096
SPY260604C00805000,2026-05-22 14:19:11+00:00,805.0,0.03,0.02,0.03,0.01,50.0,3.0,2.0,0.1679770703125,False,REGULAR,USD,call,2026-06-04,9,745.6400146484375,1.0796094418022215,0.025,0.3999999999999999,0.024657534246575342,0.17988321501551552
SPY260604C00810000,2026-05-22 19:25:18+00:00,810.0,0.01,0.02,0.03,0.0,0.0,11.0,,0.179695703125,False,REGULAR,USD,call,2026-06-04,9,745.6400146484375,1.0863150905090675,0.025,0.3999999999999999,0.024657534246575342,0.19299024766446157
SPY260605C00525000,2026-05-20 14:49:40+00:00,525.0,214.17,220.35,223.16,0.0,0.0,1.0,3.0,0.9960937890625,True,REGULAR,USD,call,2026-06-05,10,745.6400146484375,0.7040931142188402,221.755,0.0126716421275732,0.0273972602739726,0.9803002740180263
SPY260605C00530000,2026-05-22 19:31:07+00:00,530.0,216.24,215.36,218.17,3.4900055,1.6404257,2.0,1.0,0.9741213525390624,True,REGULAR,USD,call,2026-06-05,10,745.6400146484375,0.7107987629256863,216.765,0.0129633474038704,0.0273972602739726,0.958047054653044
SPY260605C00555000,2026-05-22 19:47:24+00:00,555.0,191.15,190.4,193.2,4.4100037,2.3615744,6.0,1.0,0.8642591699218749,True,REGULAR,USD,call,2026-06-05,10,745.6400146484375,0.7443270064599168,191.8,0.0145985401459853,0.0273972602739726,0.84528570927215
SPY260605C00560000,2026-05-22 19:31:37+00:00,560.0,186.66,185.41,188.21,5.7700043,3.1897862,2.0,0.0,0.8430191479492187,True,REGULAR,USD,call,2026-06-05,10,745.6400146484375,0.7510326551667629,186.81,0.0149884909801403,0.0273972602739726,0.8238162394688182
SPY260605C00565000,2026-05-11 13:48:39+00:00,565.0,175.74,180.42,183.21,0.0,0.0,,1.0,0.8212908496093749,True,REGULAR,USD,call,2026-06-05,10,745.6400146484375,0.757738303873609,181.815,0.0153452685421996,0.0273972602739726,0.8013896317335056
SPY260605C00570000,2026-05-22 19:28:11+00:00,570.0,176.85,175.44,178.22,5.900009,3.451307,1.0,2.0,0.8007832421875,True,REGULAR,USD,call,2026-06-05,10,745.6400146484375,0.764443952580455,176.82999999999998,0.0157213142566306,0.0273972602739726,0.7811726452912406
SPY260605C00575000,2026-05-22 19:28:38+00:00,575.0,171.94,170.44,173.24,0.0,0.0,1.0,0.0,0.7797873583984375,True,REGULAR,USD,call,2026-06-05,10,745.6400146484375,0.7711496012873011,171.84,0.016294227188082,0.0273972602739726,0.7599899561958349
SPY260605C00580000,2026-05-22 19:29:05+00:00,580.0,166.79,165.46,168.24,-0.009994507,-0.005991911,2.0,0.0,0.7587914746093751,True,REGULAR,USD,call,2026-06-05,10,745.6400146484375,0.7778552499941473,166.85000000000002,0.0166616721606233,0.0273972602739726,0.7388942628088123
SPY260605C00585000,2026-05-22 19:29:35+00:00,585.0,161.59,160.47,163.25,0.0,0.0,4.0,0.0,0.7380397290039062,True,REGULAR,USD,call,2026-06-05,10,745.6400146484375,0.7845608987009934,161.86,0.0171753367107376,0.0273972602739726,0.7178810561128709
SPY260605C00590000,2026-05-22 19:30:53+00:00,590.0,156.51,155.48,158.27,6.2599945,4.1663857,4.0,52.0,0.717776259765625,True,REGULAR,USD,call,2026-06-05,10,745.6400146484375,0.7912665474078395,156.875,0.017784860557769,0.0273972602739726,0.6978578155985649
SPY260605C00594000,2026-04-24 15:07:32+00:00,594.0,121.14,151.49,154.27,0.0,0.0,1.0,1.0,0.7006865869140625,True,REGULAR,USD,call,2026-06-05,10,745.6400146484375,0.7966310663733164,152.88,0.0181841967556253,0.0273972602739726,0.680607562470593
SPY260605C00595000,2026-05-22 19:30:17+00:00,595.0,151.54,150.49,153.31,11.779999,8.428735,12.0,1.0,0.6984893432617189,True,REGULAR,USD,call,2026-06-05,10,745.6400146484375,0.7979721961146856,151.9,0.0185648452929558,0.0273972602739726,0.679597909157296
SPY260605C00598000,2026-04-24 19:04:36+00:00,598.0,119.5,147.5,150.28,0.0,0.0,1.0,1.0,0.6843293286132813,True,REGULAR,USD,call,2026-06-05,10,745.6400146484375,0.8019955853387932,148.89,0.0186715024514742,0.0273972602739726,0.6642960444537022
SPY260605C00600000,2026-05-22 19:36:58+00:00,600.0,147.0,145.76,147.63,12.2400055,9.082818,1.0,2163.0,0.6552768847656252,True,REGULAR,USD,call,2026-06-05,10,745.6400146484375,0.8046778448215317,146.695,0.0127475374075463,0.0273972602739726,0.6173424322110801
SPY260605C00601000,2026-05-15 18:13:46+00:00,601.0,143.59,144.5,147.31,0.0,0.0,3.0,3.0,0.6728548339843752,True,REGULAR,USD,call,2026-06-05,10,745.6400146484375,0.806018974562901,145.905,0.0192591069531544,0.0273972602739726,0.6533505670081011
SPY260605C00603000,2026-05-15 18:12:35+00:00,603.0,141.63,142.51,145.3,0.0,0.0,1.0,1.0,0.664309997558594,True,REGULAR,USD,call,2026-06-05,10,745.6400146484375,0.8087012340456393,143.905,0.0193877905562699,0.0273972602739726,0.6443605540405551
SPY260605C00604000,2026-05-11 18:19:34+00:00,604.0,138.5,141.51,144.32,0.0,0.0,,5.0,0.6608920629882813,True,REGULAR,USD,call,2026-06-05,10,745.6400146484375,0.8100423637870086,142.915,0.0196620368750656,0.0273972602739726,0.6415345059200503
SPY260605C00605000,2026-05-21 15:13:43+00:00,605.0,134.53,140.51,143.31,0.0,0.0,1.0,25.0,0.6560092993164064,True,REGULAR,USD,call,2026-06-05,10,745.6400146484375,0.8113834935283778,141.91,0.0197308153054753,0.0273972602739726,0.6362228217675193
SPY260605C00607000,2026-05-18 15:39:42+00:00,607.0,131.28,138.52,141.34,0.0,0.0,,1.0,0.6492954992675781,True,REGULAR,USD,call,2026-06-05,10,745.6400146484375,0.8140657530111162,139.93,0.0201529336096619,0.0273972602739726,0.6305180763377759
SPY260605C00609000,2026-05-18 15:39:21+00:00,609.0,130.87,136.52,139.31,0.0,0.0,,1.0,0.6392858337402343,True,REGULAR,USD,call,2026-06-05,10,745.6400146484375,0.8167480124938546,137.91500000000002,0.0202298517202624,0.0273972602739726,0.6191556814747625
SPY260605C00610000,2026-05-20 19:32:41+00:00,610.0,132.04,135.53,138.32,0.0,0.0,,1.0,0.635867899169922,True,REGULAR,USD,call,2026-06-05,10,745.6400146484375,0.8180891422352239,136.925,0.0203761183129449,0.0273972602739726,0.6162993045132319
SPY260605C00611000,2026-05-22 18:45:13+00:00,611.0,138.75,134.53,137.35,23.769997,20.673157,2.0,2.0,0.6330603100585939,True,REGULAR,USD,call,2026-06-05,10,745.6400146484375,0.8194302719765931,135.94,0.0207444460791525,0.0273972602739726,0.6142025052815743
SPY260605C00614000,2026-05-19 14:14:31+00:00,614.0,120.92,131.54,134.33,0.0,0.0,1.0,5.0,0.6196327099609377,True,REGULAR,USD,call,2026-06-05,10,745.6400146484375,0.8234536612007007,132.935,0.0209877007560087,0.0273972602739726,0.6000506107684557
SPY260605C00615000,2026-05-20 19:33:16+00:00,615.0,127.11,130.54,133.35,0.0,0.0,1.0,2.0,0.6162147753906251,True,REGULAR,USD,call,2026-06-05,10,745.6400146484375,0.82479479094207,131.945,0.0212967524347266,0.0273972602739726,0.5971419475172505
SPY260605C00620000,2026-05-11 15:31:39+00:00,620.0,122.0,125.56,128.35,0.0,0.0,1.0,5.0,0.5955850988769531,True,REGULAR,USD,call,2026-06-05,10,745.6400146484375,0.8315004396489161,126.955,0.0219762908117048,0.0273972602739726,0.5764471346512912
SPY260605C00625000,2026-05-18 13:37:28+00:00,625.0,115.27,120.57,123.38,0.0,0.0,3.0,7.0,0.5758099060058592,True,REGULAR,USD,call,2026-06-05,10,745.6400146484375,0.8382060883557622,121.975,0.0230375076860012,0.0273972602739726,0.5572202425449965
SPY260605C00628000,2026-05-19 15:19:37+00:00,628.0,106.98,117.58,120.39,0.0,0.0,7.0,1.0,0.5637250659179689,True,REGULAR,USD,call,2026-06-05,10,745.6400146484375,0.8422294775798699,118.985,0.0236164222380972,0.0273972602739726,0.5453733451887829
SPY260605C00629000,2026-04-24 15:09:23+00:00,629.0,87.34,116.58,119.38,0.0,0.0,1.0,1.0,0.5590864404296876,True,REGULAR,USD,call,2026-06-05,10,745.6400146484375,0.843570607321239,117.97999999999999,0.0237328360739108,0.0273972602739726,0.5402724944120947
SPY260605C00630000,2026-05-22 15:01:19+00:00,630.0,117.66,115.59,118.38,4.3200073,3.8115473,1.0,3.0,0.5551802294921876,True,REGULAR,USD,call,2026-06-05,10,745.6400146484375,0.8449117370626082,116.985,0.0238492114373636,0.0273972602739726,0.5365572512762533
SPY260605C00631000,2026-05-07 14:08:20+00:00,631.0,106.41,114.59,117.38,0.0,0.0,3.0,2.0,0.5510298803710938,True,REGULAR,USD,call,2026-06-05,10,745.6400146484375,0.8462528668039775,115.985,0.0240548346768978,0.0273972602739726,0.5321559342389036
SPY260605C00634000,2026-05-01 14:20:37+00:00,634.0,93.88,111.6,114.39,0.0,0.0,1.0,0.0,0.5389450402832032,True,REGULAR,USD,call,2026-06-05,10,745.6400146484375,0.8502762560280851,112.995,0.0246913580246914,0.0273972602739726,0.5203154310919804
SPY260605C00635000,2026-05-06 14:24:05+00:00,635.0,98.12,110.61,113.4,0.0,0.0,5.0,2.0,0.5354050366210938,True,REGULAR,USD,call,2026-06-05,10,745.6400146484375,0.8516173857694543,112.005,0.0249096022498996,0.0273972602739726,0.5172425737002586
SPY260605C00636000,2026-05-20 14:05:57+00:00,636.0,100.68,109.61,112.42,0.0,0.0,1.0,4.0,0.5319871020507813,True,REGULAR,USD,call,2026-06-05,10,745.6400146484375,0.8529585155108236,111.015,0.0253118947889924,0.0273972602739726,0.5141482810323516
SPY260605C00640000,2026-05-21 13:47:54+00:00,640.0,99.78,105.63,108.42,0.0,0.0,7.0,11.0,0.51562984375,True,REGULAR,USD,call,2026-06-05,10,745.6400146484375,0.8583230344763004,107.025,0.0260686755430974,0.0273972602739726,0.49784704824944426
SPY260605C00641000,2026-05-18 18:33:38+00:00,641.0,95.66,104.63,107.44,0.0,0.0,,2.0,0.5120898400878906,True,REGULAR,USD,call,2026-06-05,10,745.6400146484375,0.8596641642176697,106.035,0.0265006837365021,0.0273972602739726,0.49470186783628156
SPY260605C00642000,2026-05-06 15:02:51+00:00,642.0,93.42,103.63,106.42,0.0,0.0,1.0,1.0,0.5070850073242188,True,REGULAR,USD,call,2026-06-05,10,745.6400146484375,0.8610052939590389,105.025,0.0265651035467746,0.0273972602739726,0.4890755057397444
SPY260605C00644000,2026-05-13 14:29:11+00:00,644.0,96.46,101.64,104.43,0.0,0.0,2.0,3.0,0.5842326733398437,True,REGULAR,USD,call,2026-06-05,10,745.6400146484375,0.8636875534417774,103.035,0.027078177318387,0.0273972602739726,0.48154096741648916
SPY260605C00645000,2026-05-21 13:54:18+00:00,645.0,95.59,100.65,103.44,0.0,0.0,1.0,4.0,0.5799602551269532,True,REGULAR,USD,call,2026-06-05,10,745.6400146484375,0.8650286831831465,102.045,0.0273408790239599,0.0273972602739726,0.4783656888378956
SPY260605C00646000,2026-05-07 15:17:48+00:00,646.0,92.61,99.65,102.46,0.0,0.0,,1.0,0.57617611328125,True,REGULAR,USD,call,2026-06-05,10,745.6400146484375,0.8663698129245158,101.055,0.0278066399485427,0.0273972602739726,0.47517008138069794
SPY260605C00647000,2026-05-15 16:39:17+00:00,647.0,96.1,98.66,101.45,0.0,0.0,1.0,17.0,0.5709271423339843,True,REGULAR,USD,call,2026-06-05,10,745.6400146484375,0.867710942665885,100.055,0.0278846634351107,0.0273972602739726,0.4707832029881674
SPY260605C00648000,2026-04-29 18:35:05+00:00,648.0,66.74,97.66,100.47,0.0,0.0,,1.0,0.5671430004882813,True,REGULAR,USD,call,2026-06-05,10,745.6400146484375,0.8690520724072542,99.065,0.0283652147579872,0.0273972602739726,0.46756368370253165
SPY260605C00649000,2026-05-15 18:24:29+00:00,649.0,95.4,96.67,99.46,0.0,0.0,1.0,9.0,0.5618940295410157,True,REGULAR,USD,call,2026-06-05,10,745.6400146484375,0.8703932021486235,98.065,0.0284505175138937,0.0273972602739726,0.46317663762205025
SPY260605C00650000,2026-05-21 18:22:21+00:00,650.0,94.54,95.67,98.48,0.0,0.0,10.0,75.0,0.5581098876953126,True,REGULAR,USD,call,2026-06-05,10,745.6400146484375,0.8717343318899926,97.075,0.0289466907030646,0.0273972602739726,0.45993344272183934
SPY260605C00651000,2026-05-20 14:07:51+00:00,651.0,85.98,94.68,97.47,0.0,0.0,1.0,5.0,0.5527998822021485,True,REGULAR,USD,call,2026-06-05,10,745.6400146484375,0.8730754616313618,96.075,0.0290398126463699,0.0273972602739726,0.45554575320026947
SPY260605C00652000,2026-05-19 14:57:52+00:00,652.0,82.79,93.68,96.49,0.0,0.0,1.0,5.0,0.5490157403564455,True,REGULAR,USD,call,2026-06-05,10,745.6400146484375,0.8744165913727311,95.08500000000001,0.0295525056528368,0.0273972602739726,0.45227889510740893
SPY260605C00653000,2026-05-12 15:46:40+00:00,653.0,83.27,92.69,95.49,0.0,0.0,8.0,11.0,0.5441940112304688,True,REGULAR,USD,call,2026-06-05,10,745.6400146484375,0.8757577211141003,94.09,0.0297587416303538,0.0273972602739726,0.44844242514973265
SPY260605C00654000,2026-05-15 16:27:12+00:00,654.0,89.06,91.69,94.48,0.0,0.0,1.0,4.0,0.5389450402832032,True,REGULAR,USD,call,2026-06-05,10,745.6400146484375,0.8770988508554696,93.08500000000001,0.0299726056829779,0.0273972602739726,0.44350445703861346
SPY260605C00655000,2026-05-22 17:03:10+00:00,655.0,93.8,90.7,93.52,8.93,10.5219755,3.0,51.0,0.5361374511718751,True,REGULAR,USD,call,2026-06-05,10,745.6400146484375,0.8784399805968387,92.11,0.0306155683421994,0.0273972602739726,0.44182623157732126
SPY260605C00656000,2026-05-15 19:26:09+00:00,656.0,86.35,89.7,92.5,0.0,0.0,3.0,3.0,0.530400203857422,True,REGULAR,USD,call,2026-06-05,10,745.6400146484375,0.8797811103382079,91.1,0.0307354555433589,0.0273972602739726,0.43635991497446797
SPY260605C00657000,2026-05-21 13:49:57+00:00,657.0,82.16,88.71,91.52,0.0,0.0,2.0,4.0,0.5264939929199219,True,REGULAR,USD,call,2026-06-05,10,745.6400146484375,0.8811222400795772,90.115,0.0311823780724629,0.0273972602739726,0.43356174391389035
SPY260605C00658000,2026-05-13 14:11:38+00:00,658.0,81.77,87.71,90.51,0.0,0.0,497.0,0.0,0.5212450219726561,True,REGULAR,USD,call,2026-06-05,10,745.6400146484375,0.8824633698209464,89.11,0.0314218381775335,0.0273972602739726,0.42864111579196507
SPY260605C00659000,2026-05-15 16:06:22+00:00,659.0,84.92,86.72,89.51,0.0,0.0,1.0,1.0,0.5164843273925781,True,REGULAR,USD,call,2026-06-05,10,745.6400146484375,0.8838044995623157,88.11500000000001,0.0316631674516257,0.0273972602739726,0.42477196484944263
SPY260605C00660000,2026-05-22 19:12:43+00:00,660.0,87.69,85.73,88.52,7.5,9.352787,2.0,20.0,0.512150874633789,True,REGULAR,USD,call,2026-06-05,10,745.6400146484375,0.8851456293036849,87.125,0.0320229555236727,0.0273972602739726,0.4214100436210617
SPY260605C00661000,2026-05-22 14:15:04+00:00,661.0,86.03,84.73,87.5,7.790001,9.956546,1.0,10.0,0.5064746618652343,True,REGULAR,USD,call,2026-06-05,10,745.6400146484375,0.886486759045054,86.11500000000001,0.0321662892643557,0.0273972602739726,0.4159910530942549
SPY260605C00662000,2026-05-21 19:28:18+00:00,662.0,82.13,83.74,86.53,0.0,0.0,24.0,32.0,0.503056727294922,True,REGULAR,USD,call,2026-06-05,10,745.6400146484375,0.8878278887864233,85.13499999999999,0.0327714805896518,0.0273972602739726,0.41362787271699547
SPY260605C00663000,2026-05-22 16:16:28+00:00,663.0,85.4,82.75,85.54,3.7300034,4.5671644,2.0,12.0,0.4986622399902344,True,REGULAR,USD,call,2026-06-05,10,745.6400146484375,0.8891690185277925,84.14500000000001,0.0331570503297879,0.0273972602739726,0.4102227319660234
SPY260605C00664000,2026-05-22 18:17:03+00:00,664.0,84.35,81.75,84.52,5.0899963,6.4218974,1.0,7.0,0.4929860272216797,True,REGULAR,USD,call,2026-06-05,10,745.6400146484375,0.8905101482691617,83.13499999999999,0.0333192999338425,0.0273972602739726,0.404831779969494
SPY260605C00665000,2026-05-22 16:05:08+00:00,665.0,83.43,80.76,83.55,4.340004,5.4874244,1.0,49.0,0.4895070581054688,True,REGULAR,USD,call,2026-06-05,10,745.6400146484375,0.891851278010531,82.155,0.0339601971882416,0.0273972602739726,0.40238976762259404
SPY260605C00666000,2026-05-22 14:42:46+00:00,666.0,81.54,79.77,82.56,4.989998,6.518612,1.0,13.0,0.4851736053466796,True,REGULAR,USD,call,2026-06-05,10,745.6400146484375,0.8931924077519001,81.16499999999999,0.0343744224727407,0.0273972602739726,0.3989416551571219
SPY260605C00667000,2026-05-22 19:58:38+00:00,667.0,80.24,78.77,81.57,3.2599945,4.234859,4.0,15.0,0.4808401525878906,True,REGULAR,USD,call,2026-06-05,10,745.6400146484375,0.8945335374932694,80.16999999999999,0.0349257827117375,0.0273972602739726,0.39500256365706077
SPY260605C00668000,2026-05-22 14:43:09+00:00,668.0,79.66,77.78,80.58,9.820007,14.06072,3.0,16.0,0.4764456652832031,True,REGULAR,USD,call,2026-06-05,10,745.6400146484375,0.8958746672346386,79.18,0.0353624652690072,0.0273972602739726,0.39152344011890605
SPY260605C00669000,2026-05-15 19:14:40+00:00,669.0,74.56,76.78,79.58,0.0,0.0,1.0,2.0,0.4715629016113281,True,REGULAR,USD,call,2026-06-05,10,745.6400146484375,0.8972157969760078,78.18,0.0358147863903811,0.0273972602739726,0.3871029497319222
SPY260605C00670000,2026-05-19 16:47:22+00:00,670.0,68.81,75.8,78.59,0.0,0.0,49.0,59.0,0.467229448852539,True,REGULAR,USD,call,2026-06-05,10,745.6400146484375,0.8985569267173771,77.195,0.036142237191528,0.0273972602739726,0.3840550617473578
SPY260605C00671000,2026-05-22 15:30:16+00:00,671.0,79.16,74.81,77.6,7.6900024,10.759763,3.0,4.0,0.4627739270019532,True,REGULAR,USD,call,2026-06-05,10,745.6400146484375,0.8998980564587462,76.205,0.0366117708811756,0.0273972602739726,0.38052633811901204
SPY260605C00672000,2026-05-21 18:08:40+00:00,672.0,72.93,73.81,76.61,0.0,0.0,1.0,43.0,0.4583794396972657,True,REGULAR,USD,call,2026-06-05,10,745.6400146484375,0.9012391862001154,75.21000000000001,0.0372290918760802,0.0273972602739726,0.3765361363465195
SPY260605C00673000,2026-05-22 18:56:06+00:00,673.0,76.53,72.82,75.62,10.639999,16.148125,4.0,10.0,0.4539849523925781,True,REGULAR,USD,call,2026-06-05,10,745.6400146484375,0.9025803159414848,74.22,0.0377256804095932,0.0273972602739726,0.37297645522447964
SPY260605C00674000,2026-05-22 14:26:09+00:00,674.0,72.58,71.83,74.62,-1.4000015,-1.8924054,3.0,6.0,0.449102188720703,True,REGULAR,USD,call,2026-06-05,10,745.6400146484375,0.903921445682854,73.225,0.0381017412086037,0.0273972602739726,0.36896629467665426
SPY260605C00675000,2026-05-22 14:26:22+00:00,675.0,73.18,70.84,73.63,7.790001,11.913137,1.0,99.0,0.4447077014160155,True,REGULAR,USD,call,2026-06-05,10,745.6400146484375,0.9052625754242232,72.235,0.0386239357652106,0.0273972602739726,0.36537554583399834
SPY260605C00676000,2026-05-21 19:31:37+00:00,676.0,68.19,69.85,72.64,0.0,0.0,1.0,5.0,0.4402521795654296,True,REGULAR,USD,call,2026-06-05,10,745.6400146484375,0.9066037051655924,71.245,0.03916064285213,0.0273972602739726,0.361766197032408
SPY260605C00677000,2026-05-22 20:05:56+00:00,677.0,69.99,68.86,71.65,1.949997,2.8659568,3.0,8.0,0.4357966577148437,True,REGULAR,USD,call,2026-06-05,10,745.6400146484375,0.9079448349069617,70.255,0.0397124759803573,0.0273972602739726,0.35813829141019105
SPY260605C00678000,2026-05-22 19:30:39+00:00,678.0,69.01,67.87,70.66,7.6500015,12.467408,1.0,7.0,0.4313411358642578,True,REGULAR,USD,call,2026-06-05,10,745.6400146484375,0.9092859646483308,69.265,0.0402800837363746,0.0273972602739726,0.3544913697652886
SPY260605C00679000,2026-05-21 13:51:19+00:00,679.0,60.75,66.88,69.67,0.0,0.0,3.0,13.0,0.426885614013672,True,REGULAR,USD,call,2026-06-05,10,745.6400146484375,0.9106270943897,68.275,0.0408641523251557,0.0273972602739726,0.3508264582708386
SPY260605C00680000,2026-05-22 19:54:31+00:00,680.0,66.73,65.89,68.7,2.3600006,3.6663048,17.0,80.0,0.4232235412597656,True,REGULAR,USD,call,2026-06-05,10,745.6400146484375,0.9119682241310691,67.295,0.0417564455011516,0.0273972602739726,0.3479346510849792
SPY260605C00681000,2026-05-22 19:52:12+00:00,681.0,65.78,64.9,67.71,4.6299973,7.571541,9.0,57.0,0.4187069848632812,True,REGULAR,USD,call,2026-06-05,10,745.6400146484375,0.9133093538724384,66.305,0.0423799110172685,0.0273972602739726,0.3442210888065955
SPY260605C00682000,2026-05-22 18:55:06+00:00,682.0,66.6,63.91,66.68,5.9399986,9.792282,2.0,17.0,0.4126035302734374,True,REGULAR,USD,call,2026-06-05,10,745.6400146484375,0.9146504836138076,65.295,0.0424228501416649,0.0273972602739726,0.3389450646418307
SPY260605C00683000,2026-05-22 19:42:25+00:00,683.0,63.92,62.92,65.72,1.4799995,2.3702748,29.0,9.0,0.4092466302490234,True,REGULAR,USD,call,2026-06-05,10,745.6400146484375,0.9159916133551768,64.32,0.0435323383084576,0.0273972602739726,0.336359515935944
SPY260605C00684000,2026-05-15 19:29:00+00:00,684.0,59.0,61.94,64.73,0.0,0.0,2.0,7.0,0.404730073852539,True,REGULAR,USD,call,2026-06-05,10,745.6400146484375,0.917332743096546,63.335,0.0440514723296756,0.0273972602739726,0.3329691100550372
SPY260605C00685000,2026-05-22 16:04:20+00:00,685.0,63.85,60.95,63.76,5.2699966,8.996239,5.0,28.0,0.4009459320068359,True,REGULAR,USD,call,2026-06-05,10,745.6400146484375,0.9186738728379154,62.355000000000004,0.0450645497554325,0.0273972602739726,0.329914458062968
SPY260605C00686000,2026-05-22 17:32:33+00:00,686.0,63.93,59.96,62.76,12.790001,25.009779,5.0,6.0,0.3960021337890625,True,REGULAR,USD,call,2026-06-05,10,745.6400146484375,0.9200150025792846,61.36,0.0456323337679269,0.0273972602739726,0.32573634030796045
SPY260605C00687000,2026-05-21 17:45:02+00:00,687.0,58.22,58.97,61.77,0.0,0.0,2.0,7.0,0.3914245428466796,True,REGULAR,USD,call,2026-06-05,10,745.6400146484375,0.9213561323206536,60.370000000000005,0.0463806526420408,0.0273972602739726,0.3219055466217134
SPY260605C00688000,2026-05-19 16:17:43+00:00,688.0,47.87,57.99,60.8,0.0,0.0,2.0,27.0,0.387579366455078,True,REGULAR,USD,call,2026-06-05,10,745.6400146484375,0.922697262062023,59.394999999999996,0.0473103796615876,0.0273972602739726,0.3191053623976217
SPY260605C00689000,2026-05-21 15:48:54+00:00,689.0,52.54,57.0,59.8,0.0,0.0,1.0,20.0,0.3826355682373046,True,REGULAR,USD,call,2026-06-05,10,745.6400146484375,0.9240383918033922,58.4,0.047945205479452,0.0273972602739726,0.31487772753878157
SPY260605C00690000,2026-05-22 18:04:18+00:00,690.0,58.9,56.02,58.81,6.040001,11.426411,6.0,91.0,0.3780579772949218,True,REGULAR,USD,call,2026-06-05,10,745.6400146484375,0.9253795215447614,57.415000000000006,0.0485935731080727,0.0273972602739726,0.3113189132783354
SPY260605C00691000,2026-05-19 20:09:08+00:00,691.0,45.42,55.03,57.83,0.0,0.0,26.0,69.0,0.3737855590820312,True,REGULAR,USD,call,2026-06-05,10,745.6400146484375,0.9267206512861308,56.43,0.0496189969874179,0.0273972602739726,0.3077302974358493
SPY260605C00692000,2026-05-22 15:05:27+00:00,692.0,56.15,54.29,56.19,9.59,20.59708,1.0,112.0,0.344733115234375,True,REGULAR,USD,call,2026-06-05,10,745.6400146484375,0.9280617810275,55.239999999999995,0.0343953656770456,0.0273972602739726,0.2899330362649645
SPY260605C00693000,2026-05-22 14:51:03+00:00,693.0,54.51,53.07,55.87,6.2599983,12.97409,10.0,21.0,0.3651796881103516,True,REGULAR,USD,call,2026-06-05,10,745.6400146484375,0.929402910768869,54.47,0.0514044428125573,0.0273972602739726,0.30110600500245105
SPY260605C00694000,2026-05-18 19:50:02+00:00,694.0,47.28,52.08,54.88,0.0,0.0,1.0,18.0,0.3604800280761718,True,REGULAR,USD,call,2026-06-05,10,745.6400146484375,0.9307440405102384,53.480000000000004,0.0523560209424084,0.0273972602739726,0.297102077485364
SPY260605C00695000,2026-05-22 19:11:47+00:00,695.0,53.04,51.34,53.25,3.540001,7.1515174,5.0,172.0,0.332587240600586,True,REGULAR,USD,call,2026-06-05,10,745.6400146484375,0.9320851702516076,52.295,0.0365235682187589,0.0273972602739726,0.2803327972140454
SPY260605C00696000,2026-05-22 17:49:51+00:00,696.0,54.51,50.12,52.92,9.149998,20.171951,1.0,51.0,0.3518131225585937,True,REGULAR,USD,call,2026-06-05,10,745.6400146484375,0.9334262999929768,51.519999999999996,0.0543478260869566,0.0273972602739726,0.290255932224176
SPY260605C00697000,2026-05-22 19:31:08+00:00,697.0,50.19,49.15,51.95,5.8999977,13.321286,5.0,21.0,0.3477238079833984,True,REGULAR,USD,call,2026-06-05,10,745.6400146484375,0.934767429734346,50.55,0.0553907022749753,0.0273972602739726,0.2873672210589484
SPY260605C00698000,2026-05-21 14:48:40+00:00,698.0,42.59,48.17,50.98,0.0,0.0,10.0,22.0,0.343634493408203,True,REGULAR,USD,call,2026-06-05,10,745.6400146484375,0.9361085594757153,49.575,0.0566817952597074,0.0273972602739726,0.2841232296238229
SPY260605C00699000,2026-05-22 17:55:49+00:00,699.0,50.22,47.19,49.99,3.710003,7.976786,6.0,39.0,0.3388737988281249,True,REGULAR,USD,call,2026-06-05,10,745.6400146484375,0.9374496892170844,48.59,0.0576250257254579,0.0273972602739726,0.280256551119856
SPY260605C00700000,2026-05-22 20:05:01+00:00,700.0,47.35,47.53,47.74,2.709999,6.0707865,392.0,8759.0,0.288947540283203,True,REGULAR,USD,call,2026-06-05,10,745.6400146484375,0.9387908189584536,47.635000000000005,0.0044085231447465,0.0273972602739726,0.2780383399817665
SPY260605C00701000,2026-05-22 19:59:24+00:00,701.0,46.77,45.24,48.04,6.330002,15.652823,3.0,53.0,0.3302679278564453,True,REGULAR,USD,call,2026-06-05,10,745.6400146484375,0.9401319486998228,46.64,0.0600343053173241,0.0273972602739726,0.2735364816413904
SPY260605C00702000,2026-05-22 18:00:21+00:00,702.0,47.1,44.27,47.07,4.209999,9.815806,5.0,26.0,0.326056544189453,True,REGULAR,USD,call,2026-06-05,10,745.6400146484375,0.941473078441192,45.67,0.0613093934749287,0.0273972602739726,0.2703695729480437
SPY260605C00703000,2026-05-22 19:55:57+00:00,703.0,44.45,43.3,46.1,1.0499992,2.419353,2.0,42.0,0.3218451605224609,True,REGULAR,USD,call,2026-06-05,10,745.6400146484375,0.9428142081825612,44.7,0.0626398210290828,0.0273972602739726,0.2671413494317857
SPY260605C00704000,2026-05-21 15:20:42+00:00,704.0,37.64,42.33,45.13,0.0,0.0,6.0,99.0,0.3175727423095703,True,REGULAR,USD,call,2026-06-05,10,745.6400146484375,0.9441553379239304,43.730000000000004,0.064029270523668,0.0273972602739726,0.26385268053494215
SPY260605C00705000,2026-05-22 19:49:32+00:00,705.0,42.52,41.82,43.52,6.420002,17.78394,213.0,448.0,0.2927316821289061,True,REGULAR,USD,call,2026-06-05,10,745.6400146484375,0.9454964676652996,42.67,0.0398406374501992,0.0273972602739726,0.25590529567039627
SPY260605C00706000,2026-05-21 16:12:37+00:00,706.0,36.4,40.4,43.2,0.0,0.0,1.0,49.0,0.3092110095214844,True,REGULAR,USD,call,2026-06-05,10,745.6400146484375,0.946837597406669,41.8,0.0669856459330144,0.0273972602739726,0.2575873191255401
SPY260605C00707000,2026-05-22 17:00:37+00:00,707.0,41.85,39.65,41.6,5.3799973,14.7518425,1.0,144.0,0.2851633984374999,True,REGULAR,USD,call,2026-06-05,10,745.6400146484375,0.9481787271480382,40.625,0.048,0.0273972602739726,0.24391418992076025
SPY260605C00708000,2026-05-22 17:22:34+00:00,708.0,42.15,38.67,40.64,6.9900017,19.88055,7.0,188.0,0.2813182220458984,True,REGULAR,USD,call,2026-06-05,10,745.6400146484375,0.9495198568894074,39.655,0.0496784768629428,0.0273972602739726,0.24060159065822503
SPY260605C00709000,2026-05-22 16:45:40+00:00,709.0,40.39,37.74,39.69,7.380001,22.356867,4.0,199.0,0.277778218383789,True,REGULAR,USD,call,2026-06-05,10,745.6400146484375,0.9508609866307766,38.715,0.0503680743897712,0.0273972602739726,0.23869377035700576
SPY260605C00710000,2026-05-22 19:44:24+00:00,710.0,37.86,36.71,38.54,2.4300003,6.8585954,36.0,501.0,0.2678906219482422,True,REGULAR,USD,call,2026-06-05,10,745.6400146484375,0.9522021163721458,37.625,0.0486378737541527,0.0273972602739726,0.22938275678972503
SPY260605C00711000,2026-05-19 19:32:00+00:00,711.0,28.54,36.73,37.28,0.0,0.0,14.0,226.0,0.2545240563964844,True,REGULAR,USD,call,2026-06-05,10,745.6400146484375,0.953543246113515,37.004999999999995,0.0148628563707608,0.0273972602739726,0.2420272916168327
SPY260605C00712000,2026-05-22 19:30:05+00:00,712.0,35.74,35.79,36.33,2.1400032,6.369057,4.0,359.0,0.2509840527343749,True,REGULAR,USD,call,2026-06-05,10,745.6400146484375,0.9548843758548844,36.06,0.0149750415973377,0.0273972602739726,0.23927202043818127
SPY260605C00713000,2026-05-22 15:06:20+00:00,713.0,36.13,34.83,35.38,3.7200012,11.477942,1.0,591.0,0.2474440490722656,True,REGULAR,USD,call,2026-06-05,10,745.6400146484375,0.9562255055962536,35.105000000000004,0.0156672838626977,0.0273972602739726,0.23599693258492146
SPY260605C00714000,2026-05-22 15:46:02+00:00,714.0,35.71,33.89,34.44,5.289999,17.389872,2.0,261.0,0.24414818359375,True,REGULAR,USD,call,2026-06-05,10,745.6400146484375,0.9575666353376228,34.165,0.0160983462607931,0.0273972602739726,0.23324347226125308
SPY260605C00715000,2026-05-22 19:39:22+00:00,715.0,33.08,32.94,33.5,1.8800011,6.0256443,13.0,844.0,0.2407912835693359,True,REGULAR,USD,call,2026-06-05,10,745.6400146484375,0.958907765078992,33.22,0.0168573148705599,0.0273972602739726,0.23018046478400145
SPY260605C00716000,2026-05-22 18:59:46+00:00,716.0,33.36,32.03,32.56,5.370001,19.185427,235.0,277.0,0.2373123144531249,True,REGULAR,USD,call,2026-06-05,10,745.6400146484375,0.9602488948203612,32.295,0.0164112091655055,0.0273972602739726,0.2277813201933213
SPY260605C00717000,2026-05-22 18:59:46+00:00,717.0,32.43,31.07,31.62,6.870001,26.877937,102.0,502.0,0.2337723107910156,True,REGULAR,USD,call,2026-06-05,10,745.6400146484375,0.9615900245617304,31.345,0.017546658159196,0.0273972602739726,0.22431196810102166
SPY260605C00718000,2026-05-22 13:59:55+00:00,718.0,31.84,30.14,30.71,7.1499996,28.95909,2.0,444.0,0.2310257562255859,True,REGULAR,USD,call,2026-06-05,10,745.6400146484375,0.9629311543030996,30.425,0.0187345932621199,0.0273972602739726,0.22184347410733213
SPY260605C00719000,2026-05-22 19:18:31+00:00,719.0,29.74,29.22,29.78,6.119999,25.91024,32.0,269.0,0.2276078216552734,True,REGULAR,USD,call,2026-06-05,10,745.6400146484375,0.9642722840444689,29.5,0.0189830508474577,0.0273972602739726,0.21905461598144543
SPY260605C00720000,2026-05-22 20:05:08+00:00,720.0,28.36,28.35,28.86,1.960001,7.4242463,139.0,1917.0,0.2243729907226562,True,REGULAR,USD,call,2026-06-05,10,745.6400146484375,0.965613413785838,28.605,0.0178290508652332,0.0273972602739726,0.21716360952015068
SPY260605C00721000,2026-05-22 14:16:19+00:00,721.0,27.74,27.42,27.94,2.5300007,10.035704,6.0,323.0,0.2210160906982421,True,REGULAR,USD,call,2026-06-05,10,745.6400146484375,0.9669545435272072,27.68,0.01878612716763,0.0273972602739726,0.21408714233800055
SPY260605C00722000,2026-05-22 17:55:11+00:00,722.0,27.98,26.51,27.03,3.3899994,13.786089,27.0,558.0,0.2178422943115234,True,REGULAR,USD,call,2026-06-05,10,745.6400146484375,0.9682956732685764,26.770000000000003,0.0194247291744489,0.0273972602739726,0.2113717468622808
SPY260605C00723000,2026-05-22 19:14:19+00:00,723.0,26.32,25.6,26.13,5.8600006,28.641256,4.0,432.0,0.2147905670166015,True,REGULAR,USD,call,2026-06-05,10,745.6400146484375,0.9696368030099456,25.865000000000002,0.0204910110187511,0.0273972602739726,0.20866419240178719
SPY260605C00724000,2026-05-22 19:45:17+00:00,724.0,24.71,24.71,25.24,3.5299988,16.66666,17.0,632.0,0.2119219433593749,True,REGULAR,USD,call,2026-06-05,10,745.6400146484375,0.9709779327513148,24.975,0.0212212212212211,0.0273972602739726,0.20626223765905216
SPY260605C00725000,2026-05-22 19:59:37+00:00,725.0,24.06,23.88,24.29,2.1899986,10.013711,108.0,856.0,0.2074053869628906,True,REGULAR,USD,call,2026-06-05,10,745.6400146484375,0.972319062492684,24.085,0.0170230433880008,0.0273972602739726,0.2036826415309214
SPY260605C00726000,2026-05-22 15:46:02+00:00,726.0,24.6,22.94,23.46,3.540001,16.809122,231.0,808.0,0.2056964196777343,True,REGULAR,USD,call,2026-06-05,10,745.6400146484375,0.9736601922340532,23.200000000000003,0.0224137931034482,0.0273972602739726,0.20107425600622536
SPY260605C00727000,2026-05-22 19:52:35+00:00,727.0,21.89,22.07,22.59,1.8899994,9.449997,8.0,395.0,0.2028888305664062,True,REGULAR,USD,call,2026-06-05,10,745.6400146484375,0.9750013219754226,22.33,0.0232870577698163,0.0273972602739726,0.19871295200336314
SPY260605C00728000,2026-05-22 17:57:38+00:00,728.0,22.8,21.2,21.72,3.459999,17.890377,34.0,848.0,0.199928655090332,True,REGULAR,USD,call,2026-06-05,10,745.6400146484375,0.9763424517167918,21.46,0.0242311276794035,0.0273972602739726,0.19615287667906633
SPY260605C00729000,2026-05-22 17:46:03+00:00,729.0,22.44,20.34,20.86,3.9300003,21.231768,15.0,570.0,0.1970295141601562,True,REGULAR,USD,call,2026-06-05,10,745.6400146484375,0.977683581458161,20.6,0.0252427184466019,0.0273972602739726,0.1936674054207262
SPY260605C00730000,2026-05-22 19:48:24+00:00,730.0,19.33,19.5,20.01,1.5699997,8.840089,191.0,934.0,0.1942219250488281,True,REGULAR,USD,call,2026-06-05,10,745.6400146484375,0.9790247111995302,19.755000000000003,0.0258162490508732,0.0273972602739726,0.1913703804041052
SPY260605C00731000,2026-05-22 19:47:02+00:00,731.0,18.38,18.74,19.13,1.539999,9.144887,49.0,517.0,0.1905598522949219,True,REGULAR,USD,call,2026-06-05,10,745.6400146484375,0.9803658409408994,18.935,0.020596778452601,0.0273972602739726,0.18949161569026193
SPY260605C00732000,2026-05-22 19:48:24+00:00,732.0,17.7,17.91,18.29,2.630001,17.451899,68.0,455.0,0.1876301940917968,True,REGULAR,USD,call,2026-06-05,10,745.6400146484375,0.9817069706822686,18.1,0.0209944751381214,0.0273972602739726,0.18698703498479893
SPY260605C00733000,2026-05-22 19:04:14+00:00,733.0,17.58,17.1,17.46,2.21,14.378659,27.0,2300.0,0.184731053161621,True,REGULAR,USD,call,2026-06-05,10,745.6400146484375,0.983048100423638,17.28,0.0208333333333332,0.0273972602739726,0.18462016449644394
SPY260605C00734000,2026-05-22 20:14:14+00:00,734.0,16.48,16.3,16.64,3.1799994,23.90977,59.0,901.0,0.1818319122314453,True,REGULAR,USD,call,2026-06-05,10,745.6400146484375,0.9843892301650072,16.47,0.0206435944140862,0.0273972602739726,0.1822483797313297
SPY260605C00735000,2026-05-22 20:07:07+00:00,735.0,15.45,15.5,15.86,1.2200003,8.573439,640.0,2509.0,0.1795736340332031,True,REGULAR,USD,call,2026-06-05,10,745.6400146484375,0.9857303599063764,15.68,0.0229591836734693,0.0273972602739726,0.18009180985355053
SPY260605C00736000,2026-05-22 19:54:08+00:00,736.0,14.51,14.72,15.06,2.4400005,20.215414,55.0,1745.0,0.1767050103759765,True,REGULAR,USD,call,2026-06-05,10,745.6400146484375,0.9870714896477456,14.89,0.0228341168569509,0.0273972602739726,0.17766396902766374
SPY260605C00737000,2026-05-22 19:45:52+00:00,737.0,13.96,13.95,14.3,1.3800001,10.969794,23.0,1873.0,0.1743856976318359,True,REGULAR,USD,call,2026-06-05,10,745.6400146484375,0.9884126193891148,14.125,0.024778761061947,0.0273972602739726,0.1755281011637252
SPY260605C00738000,2026-05-22 19:55:55+00:00,738.0,13.31,13.24,13.55,1.3100004,10.916671,114.0,1693.0,0.1720053503417969,True,REGULAR,USD,call,2026-06-05,10,745.6400146484375,0.989753749130484,13.395,0.0231429637924599,0.0273972602739726,0.1738736541164591
SPY260605C00739000,2026-05-22 19:54:34+00:00,739.0,12.36,12.51,12.81,1.21,10.852018,53.0,927.0,0.1695944857788086,True,REGULAR,USD,call,2026-06-05,10,745.6400146484375,0.9910948788718532,12.66,0.023696682464455,0.0273972602739726,0.1717918672926874
SPY260605C00740000,2026-05-22 20:12:29+00:00,740.0,11.88,11.83,12.03,1.2300005,11.549301,670.0,21020.0,0.1661460339355469,True,REGULAR,USD,call,2026-06-05,10,745.6400146484375,0.9924360086132225,11.93,0.016764459346186,0.0273972602739726,0.169502740391774
SPY260605C00741000,2026-05-22 19:51:40+00:00,741.0,10.99,11.1,11.38,1.1399994,11.573597,69.0,1374.0,0.1648948257446289,True,REGULAR,USD,call,2026-06-05,10,745.6400146484375,0.9937771383545916,11.24,0.0249110320284698,0.0273972602739726,0.16773753525997753
SPY260605C00742000,2026-05-22 20:03:45+00:00,742.0,10.45,10.4,10.69,1.0500002,11.170216,139.0,1718.0,0.1626060302734375,True,REGULAR,USD,call,2026-06-05,10,745.6400146484375,0.9951182680959608,10.545,0.0275011853959221,0.0273972602739726,0.16552223777173006
SPY260605C00743000,2026-05-22 19:58:07+00:00,743.0,9.76,9.73,10.03,0.9200001,10.407241,254.0,1143.0,0.1605613729858398,True,REGULAR,USD,call,2026-06-05,10,745.6400146484375,0.99645939783733,9.879999999999999,0.0303643724696355,0.0273972602739726,0.1635788780022513
SPY260605C00744000,2026-05-22 20:02:21+00:00,744.0,9.0,9.12,9.38,0.8299999,10.159118,202.0,1236.0,0.1583946466064453,True,REGULAR,USD,call,2026-06-05,10,745.6400146484375,0.9978005275786992,9.25,0.0281081081081082,0.0273972602739726,0.16198675865889067
SPY260605C00745000,2026-05-22 20:14:46+00:00,745.0,8.63,8.58,8.68,1.1300001,15.0666685,2238.0,3549.0,0.1549767120361328,True,REGULAR,USD,call,2026-06-05,10,745.6400146484375,0.9991416573200684,8.629999999999999,0.011587485515643,0.0273972602739726,0.1602151283891428
SPY260605C00746000,2026-05-22 20:11:00+00:00,746.0,8.0,8.02,8.06,1.0100002,14.449217,921.0,1510.0,0.1526879165649414,False,REGULAR,USD,call,2026-06-05,10,745.6400146484375,1.0004827870614377,8.04,0.0049751243781095,0.0273972602739726,0.15865942866233354
SPY260605C00747000,2026-05-22 20:13:07+00:00,747.0,7.45,7.44,7.48,0.98,15.146832,2200.0,1545.0,0.1507958456420898,False,REGULAR,USD,call,2026-06-05,10,745.6400146484375,1.001823916802807,7.460000000000001,0.0053619302949061,0.0273972602739726,0.15689952037337893
SPY260605C00748000,2026-05-22 20:07:49+00:00,748.0,6.79,6.89,6.93,1.0099998,17.474043,1291.0,550.0,0.1490868783569335,False,REGULAR,USD,call,2026-06-05,10,745.6400146484375,1.0031650465441762,6.91,0.0057887120115774,0.0273972602739726,0.15532999521092614
SPY260605C00749000,2026-05-22 20:14:14+00:00,749.0,6.36,6.36,6.4,0.7600002,13.571432,1209.0,965.0,0.1473779110717773,False,REGULAR,USD,call,2026-06-05,10,745.6400146484375,1.0045061762855454,6.380000000000001,0.006269592476489,0.0273972602739726,0.15373632875065207
SPY260605C00750000,2026-05-22 20:08:28+00:00,750.0,5.77,5.85,5.89,0.6700001,13.137257,4259.0,7840.0,0.1456384265136718,False,REGULAR,USD,call,2026-06-05,10,745.6400146484375,1.0058473060269146,5.869999999999999,0.0068143100511073,0.0273972602739726,0.15210792413374433
SPY260605C00751000,2026-05-22 20:14:11+00:00,751.0,5.38,5.37,5.41,0.6800003,14.468092,394.0,343.0,0.1440515283203124,False,REGULAR,USD,call,2026-06-05,10,745.6400146484375,1.007188435768284,5.390000000000001,0.0074211502782931,0.0273972602739726,0.15064271750412211
SPY260605C00752000,2026-05-22 19:57:49+00:00,752.0,5.0,4.91,4.95,0.7199998,16.822424,733.0,356.0,0.1424646301269531,False,REGULAR,USD,call,2026-06-05,10,745.6400146484375,1.0085295655096531,4.93,0.0081135902636916,0.0273972602739726,0.14912749498375227
SPY260605C00753000,2026-05-22 20:08:26+00:00,753.0,4.43,4.48,4.51,0.6999998,18.76675,1209.0,2103.0,0.140786180114746,False,REGULAR,USD,call,2026-06-05,10,745.6400146484375,1.0098706952510224,4.495,0.0066740823136817,0.0273972602739726,0.14766115007666053
SPY260605C00754000,2026-05-22 20:11:45+00:00,754.0,4.05,4.07,4.11,0.6900003,20.535725,422.0,255.0,0.1395044546508789,False,REGULAR,USD,call,2026-06-05,10,745.6400146484375,1.0112118249923914,4.09,0.0097799511002445,0.0273972602739726,0.14635256004360486
SPY260605C00755000,2026-05-22 20:14:43+00:00,755.0,3.7,3.69,3.73,0.47000003,14.551084,1908.0,5665.0,0.1381616946411132,False,REGULAR,USD,call,2026-06-05,10,745.6400146484375,1.0125529547337606,3.71,0.0107816711590296,0.0273972602739726,0.14509753143837384
SPY260605C00756000,2026-05-22 20:14:56+00:00,756.0,3.37,3.34,3.37,0.7099998,26.69172,850.0,396.0,0.1367884173583984,False,REGULAR,USD,call,2026-06-05,10,745.6400146484375,1.01389408447513,3.355,0.0089418777943368,0.0273972602739726,0.14390139761066584
SPY260605C00757000,2026-05-22 20:08:40+00:00,757.0,2.97,3.01,3.04,0.36000013,13.793109,302.0,570.0,0.1355677264404297,False,REGULAR,USD,call,2026-06-05,10,745.6400146484375,1.015235214216499,3.025,0.0099173553719009,0.0273972602739726,0.142773840615738
SPY260605C00758000,2026-05-22 19:59:31+00:00,758.0,2.84,2.7,2.73,0.5,21.367521,1913.0,702.0,0.1343470355224609,False,REGULAR,USD,call,2026-06-05,10,745.6400146484375,1.0165763439578683,2.715,0.011049723756906,0.0273972602739726,0.14160306995568078
SPY260605C00759000,2026-05-22 20:01:24+00:00,759.0,2.37,2.42,2.45,0.37999988,19.095472,337.0,122.0,0.1333094482421875,False,REGULAR,USD,call,2026-06-05,10,745.6400146484375,1.0179174736992376,2.435,0.0123203285420945,0.0273972602739726,0.14065330390441133
SPY260605C00760000,2026-05-22 20:12:07+00:00,760.0,2.16,2.15,2.18,0.32000005,17.391306,1877.0,3832.0,0.1320582400512695,False,REGULAR,USD,call,2026-06-05,10,745.6400146484375,1.0192586034406068,2.165,0.0138568129330255,0.0273972602739726,0.13942172531576358
SPY260605C00761000,2026-05-22 20:01:24+00:00,761.0,1.89,1.91,1.94,0.37,24.342106,500.0,369.0,0.1310511700439453,False,REGULAR,USD,call,2026-06-05,10,745.6400146484375,1.020599733181976,1.9249999999999998,0.0155844155844156,0.0273972602739726,0.13845377536979545
SPY260605C00762000,2026-05-22 19:50:02+00:00,762.0,1.64,1.7,1.72,0.24000001,17.142859,313.0,716.0,0.1300746173095703,False,REGULAR,USD,call,2026-06-05,10,745.6400146484375,1.0219408629233453,1.71,0.0116959064327485,0.0273972602739726,0.13766000847609017
SPY260605C00763000,2026-05-22 19:57:56+00:00,763.0,1.56,1.5,1.53,0.3499999,28.92561,101.0,465.0,0.1294032373046875,False,REGULAR,USD,call,2026-06-05,10,745.6400146484375,1.0232819926647143,1.5150000000000001,0.0198019801980198,0.0273972602739726,0.1369329652751701
SPY260605C00764000,2026-05-22 19:50:59+00:00,764.0,1.37,1.32,1.35,0.33000004,31.730774,528.0,483.0,0.1286097882080077,False,REGULAR,USD,call,2026-06-05,10,745.6400146484375,1.0246231224060838,1.335,0.0224719101123595,0.0273972602739726,0.13614145334197447
SPY260605C00765000,2026-05-22 20:05:01+00:00,765.0,1.18,1.16,1.18,0.17999995,17.999994,710.0,3648.0,0.1275722009277343,False,REGULAR,USD,call,2026-06-05,10,745.6400146484375,1.0259642521474528,1.17,0.0170940170940171,0.0273972602739726,0.13530118812347908
SPY260605C00766000,2026-05-22 20:14:42+00:00,766.0,1.02,1.01,1.04,0.14999998,17.241377,323.0,550.0,0.1270839245605468,False,REGULAR,USD,call,2026-06-05,10,745.6400146484375,1.027305381888822,1.025,0.0292682926829268,0.0273972602739726,0.13463056608139182
SPY260605C00767000,2026-05-22 20:08:08+00:00,767.0,0.91,0.88,0.91,0.33000004,56.89656,1019.0,1527.0,0.126412544555664,False,REGULAR,USD,call,2026-06-05,10,745.6400146484375,1.0286465116301913,0.895,0.0335195530726257,0.0273972602739726,0.13399501948238574
SPY260605C00768000,2026-05-22 19:59:57+00:00,768.0,0.77,0.77,0.79,0.19999999,35.087715,429.0,357.0,0.1256190954589844,False,REGULAR,USD,call,2026-06-05,10,745.6400146484375,1.0299876413715603,0.78,0.0256410256410256,0.0273972602739726,0.13344345591653803
SPY260605C00769000,2026-05-22 20:14:21+00:00,769.0,0.69,0.67,0.69,0.14999998,27.777773,1191.0,327.0,0.1252528881835937,False,REGULAR,USD,call,2026-06-05,10,745.6400146484375,1.0313287711129298,0.6799999999999999,0.0294117647058822,0.0273972602739726,0.13304203226987202
SPY260605C00770000,2026-05-22 20:14:36+00:00,770.0,0.6,0.58,0.6,0.13000003,27.65958,1684.0,5252.0,0.1247646118164062,False,REGULAR,USD,call,2026-06-05,10,745.6400146484375,1.032669900854299,0.59,0.0338983050847458,0.0273972602739726,0.1326061186533056
SPY260605C00771000,2026-05-22 19:59:39+00:00,771.0,0.52,0.5,0.52,0.099999994,23.809523,148.0,565.0,0.1242763354492187,False,REGULAR,USD,call,2026-06-05,10,745.6400146484375,1.0340110305956682,0.51,0.0392156862745098,0.0273972602739726,0.13217528403546838
SPY260605C00772000,2026-05-22 19:42:03+00:00,772.0,0.44,0.44,0.45,0.07999998,22.222216,74.0,663.0,0.1239101281738281,False,REGULAR,USD,call,2026-06-05,10,745.6400146484375,1.0353521603370377,0.445,0.0224719101123595,0.0273972602739726,0.13213040837413875
SPY260605C00773000,2026-05-22 19:50:58+00:00,773.0,0.4,0.38,0.4,0.099999994,33.333332,115.0,351.0,0.1243984045410156,False,REGULAR,USD,call,2026-06-05,10,745.6400146484375,1.0366932900784067,0.39,0.0512820512820513,0.0273972602739726,0.1322830303731463
SPY260605C00774000,2026-05-22 19:59:31+00:00,774.0,0.36,0.33,0.34,0.0,0.0,1376.0,434.0,0.1236659899902343,False,REGULAR,USD,call,2026-06-05,10,745.6400146484375,1.038034419819776,0.335,0.0298507462686567,0.0273972602739726,0.13195753021073253
SPY260605C00775000,2026-05-22 20:04:51+00:00,775.0,0.29,0.29,0.3,0.059999987,26.08695,4315.0,1678.0,0.124032197265625,False,REGULAR,USD,call,2026-06-05,10,745.6400146484375,1.0393755495611452,0.295,0.0338983050847458,0.0273972602739726,0.13235692762596965
SPY260605C00776000,2026-05-22 19:42:04+00:00,776.0,0.25,0.25,0.26,0.08,47.058823,8.0,117.0,0.124032197265625,False,REGULAR,USD,call,2026-06-05,10,745.6400146484375,1.0407166793025142,0.255,0.0392156862745098,0.0273972602739726,0.13233389512622615
SPY260605C00777000,2026-05-22 20:14:28+00:00,777.0,0.23,0.22,0.23,0.060000002,35.294117,164.0,1036.0,0.1245204736328125,False,REGULAR,USD,call,2026-06-05,10,745.6400146484375,1.0420578090438837,0.225,0.0444444444444444,0.0273972602739726,0.1328567948047383
SPY260605C00778000,2026-05-22 19:19:53+00:00,778.0,0.21,0.19,0.2,-0.049999997,-19.230768,3.0,37.0,0.1245204736328125,False,REGULAR,USD,call,2026-06-05,10,745.6400146484375,1.0433989387852527,0.195,0.0512820512820513,0.0273972602739726,0.1329919796032088
SPY260605C00779000,2026-05-22 18:49:26+00:00,779.0,0.18,0.17,0.18,0.050000012,38.461548,37.0,898.0,0.1254970263671875,False,REGULAR,USD,call,2026-06-05,10,745.6400146484375,1.044740068526622,0.175,0.057142857142857,0.0273972602739726,0.13394168960456548
SPY260605C00780000,2026-05-22 20:08:27+00:00,780.0,0.15,0.15,0.16,0.040000007,36.363644,4124.0,5675.0,0.125985302734375,False,REGULAR,USD,call,2026-06-05,10,745.6400146484375,1.0460811982679912,0.155,0.0645161290322581,0.0273972602739726,0.13460303039843646
SPY260605C00781000,2026-05-22 19:43:58+00:00,781.0,0.14,0.13,0.14,0.030000001,27.272728,7.0,58.0,0.1264735791015624,False,REGULAR,USD,call,2026-06-05,10,745.6400146484375,1.0474223280093604,0.135,0.0740740740740741,0.0273972602739726,0.1349226439565449
SPY260605C00782000,2026-05-22 16:57:16+00:00,782.0,0.14,0.12,0.13,0.060000002,75.00001,6.0,371.0,0.127938408203125,False,REGULAR,USD,call,2026-06-05,10,745.6400146484375,1.0487634577507297,0.125,0.08,0.0273972602739726,0.13651981751129638
SPY260605C00783000,2026-05-22 15:09:55+00:00,783.0,0.13,0.11,0.12,0.06999999,116.66665,2.0,65.0,0.1291590991210937,False,REGULAR,USD,call,2026-06-05,10,745.6400146484375,1.050104587492099,0.11499999999999999,0.0869565217391304,0.0273972602739726,0.13796023591325596
SPY260605C00784000,2026-05-22 15:15:10+00:00,784.0,0.11,0.1,0.11,0.05,83.333336,6.0,10.0,0.1303797900390624,False,REGULAR,USD,call,2026-06-05,10,745.6400146484375,1.051445717233468,0.10500000000000001,0.0952380952380951,0.0273972602739726,0.13922611272542265
SPY260605C00785000,2026-05-22 20:14:16+00:00,785.0,0.1,0.09,0.1,0.020000003,25.000006,268.0,1715.0,0.1313563427734375,False,REGULAR,USD,call,2026-06-05,10,745.6400146484375,1.0527868469748374,0.095,0.1052631578947369,0.0273972602739726,0.1402948548411768
SPY260605C00786000,2026-05-22 14:50:29+00:00,786.0,0.08,0.08,0.09,0.02,33.333336,1.0,15.0,0.1323328955078125,False,REGULAR,USD,call,2026-06-05,10,745.6400146484375,1.0541279767162064,0.08499999999999999,0.1176470588235293,0.0273972602739726,0.1411370115392082
SPY260605C00787000,2026-05-21 14:47:44+00:00,787.0,0.05,0.07,0.08,0.0,0.0,2.0,463.0,0.132821171875,False,REGULAR,USD,call,2026-06-05,10,745.6400146484375,1.0554691064575756,0.07500000000000001,0.1333333333333332,0.0273972602739726,0.14171323654882198
SPY260605C00788000,2026-05-21 19:43:38+00:00,788.0,0.04,0.07,0.08,0.0,0.0,,86.0,0.1355066918945313,False,REGULAR,USD,call,2026-06-05,10,745.6400146484375,1.0568102361989449,0.07500000000000001,0.1333333333333332,0.0273972602739726,0.1446472780058075
SPY260605C00789000,2026-05-22 19:54:06+00:00,789.0,0.07,0.06,0.07,0.010000002,16.66667,2.0,70.0,0.135750830078125,False,REGULAR,USD,call,2026-06-05,10,745.6400146484375,1.058151365940314,0.065,0.1538461538461539,0.0273972602739726,0.14484944323502605
SPY260605C00790000,2026-05-22 19:45:20+00:00,790.0,0.06,0.06,0.07,0.02,50.0,1317.0,2408.0,0.1381922119140625,False,REGULAR,USD,call,2026-06-05,10,745.6400146484375,1.0594924956816834,0.065,0.1538461538461539,0.0273972602739726,0.14771989230186866
SPY260605C00791000,2026-05-22 19:54:06+00:00,791.0,0.06,0.05,0.06,0.03,100.0,12.0,86.0,0.1381922119140625,False,REGULAR,USD,call,2026-06-05,10,745.6400146484375,1.0608336254230526,0.055,0.1818181818181817,0.0273972602739726,0.14746050234631636
SPY260605C00792000,2026-05-22 19:54:07+00:00,792.0,0.06,0.05,0.06,0.03,100.0,33.0,98.0,0.14063359375,False,REGULAR,USD,call,2026-06-05,10,745.6400146484375,1.0621747551644218,0.055,0.1818181818181817,0.0273972602739726,0.1502636916032696
SPY260605C00793000,2026-05-22 19:54:07+00:00,793.0,0.05,0.05,0.06,0.020000001,66.66667,56.0,191.0,0.143563251953125,False,REGULAR,USD,call,2026-06-05,10,745.6400146484375,1.063515884905791,0.055,0.1818181818181817,0.0273972602739726,0.15305715587554572
SPY260605C00794000,2026-05-22 19:54:07+00:00,794.0,0.05,0.04,0.06,0.020000001,66.66667,33.0,277.0,0.1460046337890624,False,REGULAR,USD,call,2026-06-05,10,745.6400146484375,1.0648570146471603,0.05,0.3999999999999999,0.0273972602739726,0.15405532303300473
SPY260605C00795000,2026-05-22 19:54:07+00:00,795.0,0.05,0.04,0.05,0.010000002,25.000006,55.0,1264.0,0.145516357421875,False,REGULAR,USD,call,2026-06-05,10,745.6400146484375,1.0661981443885296,0.045,0.2222222222222222,0.0273972602739726,0.15486150409037594
SPY260605C00800000,2026-05-22 19:54:07+00:00,800.0,0.04,0.03,0.04,0.02,100.0,939.0,3764.0,0.153328779296875,False,REGULAR,USD,call,2026-06-05,10,745.6400146484375,1.0729037930953755,0.035,0.2857142857142857,0.0273972602739726,0.16363521716933102
SPY260605C00805000,2026-05-22 19:54:07+00:00,805.0,0.04,0.03,0.04,0.02,100.0,80.0,550.0,0.16602396484375,False,REGULAR,USD,call,2026-06-05,10,745.6400146484375,1.0796094418022215,0.035,0.2857142857142857,0.0273972602739726,0.17661606894121
SPY260605C00810000,2026-05-22 19:54:07+00:00,810.0,0.03,0.02,0.03,0.01,50.0,98.0,1323.0,0.17188328125,False,REGULAR,USD,call,2026-06-05,10,745.6400146484375,1.0863150905090675,0.025,0.3999999999999999,0.0273972602739726,0.18286731403046633
SPY260605C00815000,2026-05-22 19:54:07+00:00,815.0,0.03,0.02,0.03,0.01,50.0,79.0,783.0,0.1836019140624999,False,REGULAR,USD,call,2026-06-05,10,745.6400146484375,1.093020739215914,0.025,0.3999999999999999,0.0273972602739726,0.19514191928631391
SPY260605C00820000,2026-05-22 19:54:07+00:00,820.0,0.03,0.02,0.03,0.01,50.0,219.0,825.0,0.195320546875,False,REGULAR,USD,call,2026-06-05,10,745.6400146484375,1.09972638792276,0.025,0.3999999999999999,0.0273972602739726,0.20726417381874873
SPY260612C00525000,2026-05-18 19:52:02+00:00,525.0,215.09,220.84,223.66,0.0,0.0,,2.0,0.842775009765625,True,REGULAR,USD,call,2026-06-12,17,745.6400146484375,0.7040931142188402,222.25,0.0126884139482564,0.04657534246575343,0.7705772773151641
SPY260612C00530000,2026-05-14 15:05:48+00:00,530.0,219.87,215.85,218.66,0.0,0.0,,1.0,0.8237322314453124,True,REGULAR,USD,call,2026-06-12,17,745.6400146484375,0.7107987629256863,217.255,0.0129341096867736,0.04657534246575343,0.7515631899551732
SPY260612C00535000,2026-05-18 19:01:31+00:00,535.0,202.93,210.87,213.69,0.0,0.0,,1.0,0.80664255859375,True,REGULAR,USD,call,2026-06-12,17,745.6400146484375,0.7175044116325324,212.28,0.0132843414358394,0.04657534246575343,0.7361073450669857
SPY260612C00555000,2026-05-22 19:47:24+00:00,555.0,191.65,190.93,193.74,0.0,0.0,1.0,0.0,0.7348659326171875,True,REGULAR,USD,call,2026-06-12,17,745.6400146484375,0.7443270064599168,192.335,0.0146099253905945,0.04657534246575343,0.6674713706904885
SPY260612C00580000,2026-05-11 19:32:35+00:00,580.0,161.38,166.02,168.84,0.0,0.0,,2.0,0.6486851538085938,True,REGULAR,USD,call,2026-06-12,17,745.6400146484375,0.7778552499941473,167.43,0.0168428597025622,0.04657534246575343,0.5870737339200172
SPY260612C00595000,2026-05-14 18:22:25+00:00,595.0,155.47,151.08,153.89,0.0,0.0,,5.0,0.5971719970703125,True,REGULAR,USD,call,2026-06-12,17,745.6400146484375,0.7979721961146856,152.485,0.0184280421025017,0.04657534246575343,0.5389846191420056
SPY260612C00600000,2026-05-22 19:57:17+00:00,600.0,147.32,146.1,148.9,3.7000122,2.5762515,1.0,3.0,0.5799602551269532,True,REGULAR,USD,call,2026-06-12,17,745.6400146484375,0.8046778448215317,147.5,0.0189830508474577,0.04657534246575343,0.5226299552497713
SPY260612C00610000,2026-05-13 20:12:45+00:00,610.0,135.5,136.15,138.95,0.0,0.0,,7.0,0.5466353930664063,True,REGULAR,USD,call,2026-06-12,17,745.6400146484375,0.8180891422352239,137.55,0.0203562340966919,0.04657534246575343,0.49220516035467826
SPY260612C00615000,2026-05-14 18:58:35+00:00,615.0,135.82,131.17,133.97,0.0,0.0,,2.0,0.5296677893066408,True,REGULAR,USD,call,2026-06-12,17,745.6400146484375,0.82479479094207,132.57,0.0211209172512635,0.04657534246575343,0.47642858090217866
SPY260612C00620000,2026-05-12 15:24:01+00:00,620.0,115.52,126.2,129.0,0.0,0.0,,1.0,0.5133105310058592,True,REGULAR,USD,call,2026-06-12,17,745.6400146484375,0.8315004396489161,127.6,0.0219435736677115,0.04657534246575343,0.4616418169478521
SPY260612C00625000,2026-05-18 19:56:30+00:00,625.0,115.46,121.24,124.05,0.0,0.0,2.0,4.0,0.5633588586425782,True,REGULAR,USD,call,2026-06-12,17,745.6400146484375,0.8382060883557622,122.645,0.0229116555913408,0.04657534246575343,0.44818238867455656
SPY260612C00630000,2026-05-18 18:14:57+00:00,630.0,107.61,116.27,119.07,0.0,0.0,,1.0,0.5444381494140625,True,REGULAR,USD,call,2026-06-12,17,745.6400146484375,0.8449117370626082,117.66999999999999,0.0237953599048185,0.04657534246575343,0.4327265221727752
SPY260612C00635000,2026-05-14 19:16:46+00:00,635.0,116.04,111.3,114.12,0.0,0.0,1.0,3.0,0.5267381311035157,True,REGULAR,USD,call,2026-06-12,17,745.6400146484375,0.8516173857694543,112.71000000000001,0.0250199627362257,0.04657534246575343,0.41851207753967035
SPY260612C00640000,2026-05-22 20:06:53+00:00,640.0,107.48,106.34,109.14,-0.5399933,-0.49990124,3.0,1.0,0.5077563873291016,True,REGULAR,USD,call,2026-06-12,17,745.6400146484375,0.8583230344763004,107.74000000000001,0.0259884908112121,0.04657534246575343,0.4033204527466233
SPY260612C00645000,2026-05-18 16:19:45+00:00,645.0,94.9,101.38,104.2,0.0,0.0,2.0,3.0,0.4903005072021484,True,REGULAR,USD,call,2026-06-12,17,745.6400146484375,0.8650286831831465,102.78999999999999,0.0274345753477965,0.04657534246575343,0.38959373206756037
SPY260612C00650000,2026-05-22 15:49:54+00:00,650.0,99.2,96.43,99.23,6.75,7.3012443,10.0,24.0,0.4716239361572265,True,REGULAR,USD,call,2026-06-12,17,745.6400146484375,0.8717343318899926,97.83000000000001,0.028621077379127,0.04657534246575343,0.3748911945468585
SPY260612C00655000,2026-05-22 16:45:46+00:00,655.0,94.07,91.48,94.28,6.159996,7.0071616,1.0,2.0,0.4536187451171874,True,REGULAR,USD,call,2026-06-12,17,745.6400146484375,0.8784399805968387,92.88,0.0301464254952626,0.04657534246575343,0.36071934364750424
SPY260612C00660000,2026-05-20 16:55:55+00:00,660.0,81.86,86.53,89.35,0.0,0.0,3.0,2.0,0.4361018304443359,True,REGULAR,USD,call,2026-06-12,17,745.6400146484375,0.8851456293036849,87.94,0.032067318626336,0.04657534246575343,0.34696048598592405
SPY260612C00665000,2026-05-22 14:12:42+00:00,665.0,83.22,81.83,83.74,3.2000046,3.999006,3.0,171.0,0.3957579956054688,True,REGULAR,USD,call,2026-06-12,17,745.6400146484375,0.891851278010531,82.785,0.0230718125264238,0.04657534246575343,0.31894446709958824
SPY260612C00670000,2026-05-22 19:49:15+00:00,670.0,77.5,76.67,79.47,2.7399979,3.6650586,4.0,36.0,0.399969379272461,True,REGULAR,USD,call,2026-06-12,17,745.6400146484375,0.8985569267173771,78.07,0.0358652491353912,0.04657534246575343,0.3190774094162256
SPY260612C00675000,2026-05-22 15:30:16+00:00,675.0,76.01,71.74,74.55,4.330002,6.040739,2.0,55.0,0.3822083264160155,True,REGULAR,USD,call,2026-06-12,17,745.6400146484375,0.9052625754242232,73.145,0.0384168432565452,0.04657534246575343,0.3051553942481148
SPY260612C00676000,2026-05-22 13:40:09+00:00,676.0,73.46,70.98,72.92,2.75,3.8891244,1.0,2.0,0.3588931298828125,True,REGULAR,USD,call,2026-06-12,17,745.6400146484375,0.9066037051655924,71.95,0.0269631688672689,0.04657534246575343,0.29067831171848957
SPY260612C00677000,2026-05-22 13:56:19+00:00,677.0,72.24,69.78,72.6,4.5,6.6430473,1.0,4.0,0.3755555609130859,True,REGULAR,USD,call,2026-06-12,17,745.6400146484375,0.9079448349069617,71.19,0.0396123050990306,0.04657534246575343,0.30025187641298795
SPY260612C00678000,2026-05-15 18:06:53+00:00,678.0,68.81,68.8,71.63,0.0,0.0,1.0,1.0,0.3723817645263672,True,REGULAR,USD,call,2026-06-12,17,745.6400146484375,0.9092859646483308,70.215,0.0403047781813002,0.04657534246575343,0.2978853122916433
SPY260612C00679000,2026-05-22 15:00:25+00:00,679.0,69.71,67.82,70.64,6.619999,10.492945,1.0,7.0,0.3685976226806641,True,REGULAR,USD,call,2026-06-12,17,745.6400146484375,0.9106270943897,69.22999999999999,0.0407337859309549,0.04657534246575343,0.2949849289715022
SPY260612C00680000,2026-05-22 19:47:49+00:00,680.0,67.65,68.12,68.35,2.5999985,3.9969227,87.0,12010.0,0.3248968878173828,True,REGULAR,USD,call,2026-06-12,17,745.6400146484375,0.9119682241310691,68.235,0.0033707041840696,0.04657534246575343,0.2915705389455418
SPY260612C00681000,2026-05-22 19:52:13+00:00,681.0,66.73,65.87,68.67,5.6900024,9.32176,2.0,39.0,0.3612734771728515,True,REGULAR,USD,call,2026-06-12,17,745.6400146484375,0.9133093538724384,67.27000000000001,0.0416233090530696,0.04657534246575343,0.2896247301409736
SPY260612C00682000,2026-05-20 14:21:07+00:00,682.0,60.42,64.89,67.69,0.0,0.0,3.0,19.0,0.3577334735107421,True,REGULAR,USD,call,2026-06-12,17,745.6400146484375,0.9146504836138076,66.28999999999999,0.0422386483632523,0.04657534246575343,0.2869098808106759
SPY260612C00683000,2026-05-15 14:33:04+00:00,683.0,64.06,63.91,66.73,0.0,0.0,2.0,2.0,0.3547427807617186,True,REGULAR,USD,call,2026-06-12,17,745.6400146484375,0.9159916133551768,65.32,0.0431720759338641,0.04657534246575343,0.2846451782045425
SPY260612C00684000,2026-05-22 15:26:59+00:00,684.0,65.78,62.94,65.74,6.459999,10.890086,1.0,6.0,0.3508976043701171,True,REGULAR,USD,call,2026-06-12,17,745.6400146484375,0.917332743096546,64.34,0.0435188063413117,0.04657534246575343,0.2818776718703251
SPY260612C00685000,2026-05-22 15:08:57+00:00,685.0,64.05,61.96,64.78,4.9900017,8.449038,2.0,14.0,0.3478763943481445,True,REGULAR,USD,call,2026-06-12,17,745.6400146484375,0.9186738728379154,63.370000000000005,0.0445005523118194,0.04657534246575343,0.27954472695506244
SPY260612C00686000,2026-05-18 16:40:23+00:00,686.0,53.97,60.99,63.79,0.0,0.0,1.0,4.0,0.3440007006835937,True,REGULAR,USD,call,2026-06-12,17,745.6400146484375,0.9200150025792846,62.39,0.0448789870171501,0.04657534246575343,0.2767249184132273
SPY260612C00687000,2026-05-22 16:04:29+00:00,687.0,63.15,60.02,62.83,8.84,16.276928,1.0,8.0,0.3409489733886719,True,REGULAR,USD,call,2026-06-12,17,745.6400146484375,0.9213561323206536,61.425,0.0457468457468456,0.04657534246575343,0.27454651849085254
SPY260612C00688000,2026-05-22 17:56:58+00:00,688.0,61.78,59.04,61.86,8.549999,16.06237,2.0,26.0,0.3375920733642578,True,REGULAR,USD,call,2026-06-12,17,745.6400146484375,0.922697262062023,60.45,0.0466501240694789,0.04657534246575343,0.2718895311590026
SPY260612C00689000,2026-05-21 20:01:40+00:00,689.0,56.81,58.07,60.89,0.0,0.0,1.0,3.0,0.3342046560668945,True,REGULAR,USD,call,2026-06-12,17,745.6400146484375,0.9240383918033922,59.480000000000004,0.0474108944182918,0.04657534246575343,0.2694169728580832
SPY260612C00690000,2026-05-22 17:51:30+00:00,690.0,60.0,57.68,59.27,3.9500008,7.047281,6.0,111.0,0.3134223931884765,True,REGULAR,USD,call,2026-06-12,17,745.6400146484375,0.9253795215447614,58.475,0.0271911073108166,0.04657534246575343,0.26543319597653126
SPY260612C00691000,2026-05-22 18:36:24+00:00,691.0,58.76,56.14,58.94,12.0,25.662962,1.0,63.0,0.3271246487426757,True,REGULAR,USD,call,2026-06-12,17,745.6400146484375,0.9267206512861308,57.54,0.0486618004866179,0.04657534246575343,0.26436534120584443
SPY260612C00692000,2026-05-22 13:46:39+00:00,692.0,58.1,55.17,57.97,8.18,16.386219,3.0,15.0,0.3236761968994139,True,REGULAR,USD,call,2026-06-12,17,745.6400146484375,0.9280617810275,56.57,0.0494961993989746,0.04657534246575343,0.2617866497504847
SPY260612C00693000,2026-05-22 15:05:27+00:00,693.0,56.31,54.21,57.01,-0.86999893,-1.5215092,1.0,9.0,0.3205024005126953,True,REGULAR,USD,call,2026-06-12,17,745.6400146484375,0.929402910768869,55.61,0.0503506563567703,0.04657534246575343,0.25957058579235337
SPY260612C00694000,2026-05-21 14:40:46+00:00,694.0,48.37,53.24,56.06,0.0,0.0,3.0,9.0,0.3175117077636719,True,REGULAR,USD,call,2026-06-12,17,745.6400146484375,0.9307440405102384,54.650000000000006,0.0516010978956999,0.04657534246575343,0.25730560513256645
SPY260612C00695000,2026-05-22 19:59:01+00:00,695.0,53.63,52.52,54.45,3.9300003,7.907445,4.0,172.0,0.2977670321655272,True,REGULAR,USD,call,2026-06-12,17,745.6400146484375,0.9320851702516076,53.485,0.0360848836122277,0.04657534246575343,0.2469402547998466
SPY260612C00696000,2026-05-22 19:32:59+00:00,696.0,52.65,51.32,54.12,10.700001,25.506556,5.0,18.0,0.3104927349853515,True,REGULAR,USD,call,2026-06-12,17,745.6400146484375,0.9334262999929768,52.72,0.0531107738998482,0.04657534246575343,0.2522564737379375
SPY260612C00697000,2026-05-22 16:15:30+00:00,697.0,53.08,50.36,53.16,12.310001,30.193773,25.0,13.0,0.3071968695068359,True,REGULAR,USD,call,2026-06-12,17,745.6400146484375,0.934767429734346,51.76,0.0540958268933538,0.04657534246575343,0.24985606152272155
SPY260612C00698000,2026-05-21 17:16:31+00:00,698.0,46.83,49.4,52.22,0.0,0.0,1.0,6.0,0.3043282458496094,True,REGULAR,USD,call,2026-06-12,17,745.6400146484375,0.9361085594757153,50.81,0.0555008856524306,0.04657534246575343,0.24777056648908008
SPY260612C00699000,2026-05-19 19:34:38+00:00,699.0,40.46,48.45,51.25,0.0,0.0,1.0,3.0,0.3007272076416015,True,REGULAR,USD,call,2026-06-12,17,745.6400146484375,0.9374496892170844,49.85,0.0561685055165495,0.04657534246575343,0.24527103464199843
SPY260612C00700000,2026-05-22 20:00:12+00:00,700.0,48.57,47.69,49.68,2.9700012,6.5131607,14.0,2757.0,0.2827220166015625,True,REGULAR,USD,call,2026-06-12,17,745.6400146484375,0.9387908189584536,48.685,0.0408750128376297,0.04657534246575343,0.23542430244561527
SPY260612C00701000,2026-05-22 19:59:24+00:00,701.0,48.02,46.54,49.36,17.52,57.442623,2.0,1.0,0.2946237530517578,True,REGULAR,USD,call,2026-06-12,17,745.6400146484375,0.9401319486998228,47.95,0.0588112617309697,0.04657534246575343,0.24081847801908265
SPY260612C00702000,2026-05-20 15:15:36+00:00,702.0,42.58,45.6,48.4,0.0,0.0,1.0,28.0,0.2912058184814452,True,REGULAR,USD,call,2026-06-12,17,745.6400146484375,0.941473078441192,47.0,0.0595744680851063,0.04657534246575343,0.23850580528273563
SPY260612C00703000,2026-05-22 19:55:57+00:00,703.0,45.75,44.65,47.45,5.580002,13.890968,1.0,9.0,0.2879404702758787,True,REGULAR,USD,call,2026-06-12,17,745.6400146484375,0.9428142081825612,46.05,0.0608034744842563,0.04657534246575343,0.2361369431594235
SPY260612C00704000,2026-05-21 19:49:17+00:00,704.0,42.3,43.71,46.51,0.0,0.0,11.0,24.0,0.2848582257080078,True,REGULAR,USD,call,2026-06-12,17,745.6400146484375,0.9441553379239304,45.11,0.0620704943471513,0.04657534246575343,0.23403283868835234
SPY260612C00705000,2026-05-22 19:49:32+00:00,705.0,43.9,42.77,45.57,2.3600006,5.681272,3.0,82.0,0.2817759811401367,True,REGULAR,USD,call,2026-06-12,17,745.6400146484375,0.9454964676652996,44.17,0.0633914421553089,0.04657534246575343,0.23186071074792228
SPY260612C00706000,2026-05-22 18:47:27+00:00,706.0,44.31,41.83,44.63,4.5699997,11.499747,22.0,21.0,0.2786327020263671,True,REGULAR,USD,call,2026-06-12,17,745.6400146484375,0.946837597406669,43.230000000000004,0.0647698357622022,0.04657534246575343,0.22962212904245463
SPY260612C00707000,2026-05-22 17:39:43+00:00,707.0,44.54,40.89,43.71,5.959999,15.448416,1.0,14.0,0.2758861474609374,True,REGULAR,USD,call,2026-06-12,17,745.6400146484375,0.9481787271480382,42.3,0.0666666666666666,0.04657534246575343,0.22761853842736945
SPY260612C00708000,2026-05-22 17:47:15+00:00,708.0,43.26,39.96,42.76,12.099998,38.83183,3.0,20.0,0.2724682128906249,True,REGULAR,USD,call,2026-06-12,17,745.6400146484375,0.9495198568894074,41.36,0.0676982591876208,0.04657534246575343,0.2252436960965649
SPY260612C00709000,2026-05-21 19:55:14+00:00,709.0,37.49,39.03,41.84,0.0,0.0,1.0,15.0,0.2696301065063476,True,REGULAR,USD,call,2026-06-12,17,745.6400146484375,0.9508609866307766,40.435,0.0694942500309138,0.04657534246575343,0.2232378535584153
SPY260612C00710000,2026-05-22 16:14:40+00:00,710.0,40.88,38.33,40.31,3.6100006,9.686076,9.0,890.0,0.2537916418457031,True,REGULAR,USD,call,2026-06-12,17,745.6400146484375,0.9522021163721458,39.32,0.050356052899288,0.04657534246575343,0.2157189345395861
SPY260612C00711000,2026-05-22 17:00:37+00:00,711.0,39.71,37.19,39.99,6.66,20.151285,3.0,23.0,0.2636182037353516,True,REGULAR,USD,call,2026-06-12,17,745.6400146484375,0.953543246113515,38.59,0.0725576574242032,0.04657534246575343,0.21912371288442536
SPY260612C00712000,2026-05-22 19:47:42+00:00,712.0,37.19,37.03,37.95,0.3899994,1.0597811,9.0,142.0,0.2370986935424804,True,REGULAR,USD,call,2026-06-12,17,745.6400146484375,0.9548843758548844,37.49,0.0245398773006135,0.04657534246575343,0.21209268398210954
SPY260612C00713000,2026-05-22 17:59:04+00:00,713.0,38.28,35.35,38.15,6.9399986,22.14422,4.0,45.0,0.2575757836914062,True,REGULAR,USD,call,2026-06-12,17,745.6400146484375,0.9562255055962536,36.75,0.0761904761904761,0.04657534246575343,0.21481891062550096
SPY260612C00714000,2026-05-22 17:00:37+00:00,714.0,37.04,34.44,37.23,10.780001,41.05103,6.0,46.0,0.2544935391235352,True,REGULAR,USD,call,2026-06-12,17,745.6400146484375,0.9575666353376228,35.834999999999994,0.077856843867727,0.04657534246575343,0.21267392055259116
SPY260612C00715000,2026-05-22 20:01:44+00:00,715.0,34.4,34.71,36.34,5.050001,17.206137,11.0,302.0,0.25196060546875,True,REGULAR,USD,call,2026-06-12,17,745.6400146484375,0.958907765078992,35.525000000000006,0.0458831808585503,0.04657534246575343,0.22532486654659384
SPY260612C00716000,2026-05-21 17:19:47+00:00,716.0,30.85,32.63,35.42,0.0,0.0,1.0,418.0,0.248756291809082,True,REGULAR,USD,call,2026-06-12,17,745.6400146484375,0.9602488948203612,34.025000000000006,0.081998530492285,0.04657534246575343,0.2086257921693214
SPY260612C00717000,2026-05-22 14:49:36+00:00,717.0,33.3,31.74,34.54,1.8899994,6.01719,2.0,141.0,0.246253875427246,True,REGULAR,USD,call,2026-06-12,17,745.6400146484375,0.9615900245617304,33.14,0.0844900422450211,0.04657534246575343,0.20694710107724018
SPY260612C00718000,2026-05-22 15:52:38+00:00,718.0,33.61,30.85,33.65,3.5699997,11.884153,5.0,399.0,0.2435073208618164,True,REGULAR,USD,call,2026-06-12,17,745.6400146484375,0.9629311543030996,32.25,0.0868217054263565,0.04657534246575343,0.20503751607450416
SPY260612C00719000,2026-05-22 13:32:04+00:00,719.0,32.43,29.95,32.74,2.710001,9.118443,1.0,118.0,0.2403030072021484,True,REGULAR,USD,call,2026-06-12,17,745.6400146484375,0.9642722840444689,31.345,0.0890094113893763,0.04657534246575343,0.20267395169749022
SPY260612C00720000,2026-05-22 19:47:13+00:00,720.0,29.86,29.08,31.88,1.6100006,5.699117,321.0,446.0,0.2379836944580077,True,REGULAR,USD,call,2026-06-12,17,745.6400146484375,0.965613413785838,30.479999999999997,0.0918635170603674,0.04657534246575343,0.20113312733810065
SPY260612C00721000,2026-05-22 17:25:53+00:00,721.0,31.04,28.19,30.2,3.9700012,14.665686,4.0,212.0,0.2204057452392577,True,REGULAR,USD,call,2026-06-12,17,745.6400146484375,0.9669545435272072,29.195,0.068847405377633,0.04657534246575343,0.18995393204754615
SPY260612C00722000,2026-05-22 19:32:24+00:00,722.0,28.54,27.32,30.11,1.9200001,7.2126226,4.0,293.0,0.2321854125976562,True,REGULAR,USD,call,2026-06-12,17,745.6400146484375,0.9682956732685764,28.715,0.0971617621452202,0.04657534246575343,0.19691213603169178
SPY260612C00723000,2026-05-21 16:32:03+00:00,723.0,22.73,26.45,29.26,0.0,0.0,5.0,150.0,0.2297745480346679,True,REGULAR,USD,call,2026-06-12,17,745.6400146484375,0.9696368030099456,27.855,0.1008795548375516,0.04657534246575343,0.19512380256641879
SPY260612C00724000,2026-05-22 19:49:52+00:00,724.0,26.68,25.6,28.4,4.16,18.472467,11.0,325.0,0.2271195452880859,True,REGULAR,USD,call,2026-06-12,17,745.6400146484375,0.9709779327513148,27.0,0.1037037037037036,0.04657534246575343,0.193316203531441
SPY260612C00725000,2026-05-22 20:05:08+00:00,725.0,25.96,25.92,26.31,1.9699993,8.211752,58.0,827.0,0.2026446923828124,True,REGULAR,USD,call,2026-06-12,17,745.6400146484375,0.972319062492684,26.115000000000002,0.0149339460080412,0.04657534246575343,0.19076444126293307
SPY260612C00726000,2026-05-22 19:29:09+00:00,726.0,25.04,23.9,26.62,1.7200012,7.3756485,1.0,261.0,0.2204972970581054,True,REGULAR,USD,call,2026-06-12,17,745.6400146484375,0.9736601922340532,25.259999999999998,0.107680126682502,0.04657534246575343,0.18871713673016352
SPY260612C00727000,2026-05-22 19:03:40+00:00,727.0,25.03,23.06,25.78,2.6100006,11.641395,1.0,164.0,0.2179338461303711,True,REGULAR,USD,call,2026-06-12,17,745.6400146484375,0.9750013219754226,24.42,0.1113841113841114,0.04657534246575343,0.18684265487393026
SPY260612C00728000,2026-05-22 14:47:31+00:00,728.0,23.6,22.23,24.95,1.8400002,8.455883,6.0,212.0,0.2154314297485351,True,REGULAR,USD,call,2026-06-12,17,745.6400146484375,0.9763424517167918,23.59,0.1153030945315811,0.04657534246575343,0.1850280191385485
SPY260612C00729000,2026-05-22 15:00:12+00:00,729.0,23.23,21.41,24.13,2.1899986,10.408738,66.0,220.0,0.2129900479125976,True,REGULAR,USD,call,2026-06-12,17,745.6400146484375,0.977683581458161,22.77,0.1194554238032498,0.04657534246575343,0.1832637923731268
SPY260612C00730000,2026-05-22 19:52:35+00:00,730.0,21.56,21.4,23.12,1.5699997,7.853925,174.0,700.0,0.2073443524169921,True,REGULAR,USD,call,2026-06-12,17,745.6400146484375,0.9790247111995302,22.259999999999998,0.0772686433063792,0.04657534246575343,0.18713398646990317
SPY260612C00731000,2026-05-22 19:50:51+00:00,731.0,20.99,21.01,21.34,1.8299999,9.551148,26.0,386.0,0.1889729541015625,True,REGULAR,USD,call,2026-06-12,17,745.6400146484375,0.9803658409408994,21.175,0.0155844155844155,0.04657534246575343,0.18012598714106573
SPY260612C00732000,2026-05-22 19:27:34+00:00,732.0,20.29,20.19,20.51,1.5400009,8.213338,29.0,3769.0,0.186256916809082,True,REGULAR,USD,call,2026-06-12,17,745.6400146484375,0.9817069706822686,20.35,0.0157248157248157,0.04657534246575343,0.17782139616666667
SPY260612C00733000,2026-05-22 18:37:21+00:00,733.0,20.33,18.3,20.87,2.709999,15.380244,19.0,649.0,0.2024921060180664,True,REGULAR,USD,call,2026-06-12,17,745.6400146484375,0.983048100423638,19.585,0.131222874648966,0.04657534246575343,0.1764443648845567
SPY260612C00734000,2026-05-22 20:14:14+00:00,734.0,18.81,18.67,18.97,1.7699986,10.387315,27.0,696.0,0.1823812231445312,True,REGULAR,USD,call,2026-06-12,17,745.6400146484375,0.9843892301650072,18.82,0.0159404888416576,0.04657534246575343,0.17489222572556473
SPY260612C00735000,2026-05-22 20:05:19+00:00,735.0,18.0,17.93,18.18,1.6599998,10.159118,66.0,1652.0,0.1799093240356445,True,REGULAR,USD,call,2026-06-12,17,745.6400146484375,0.9857303599063764,18.055,0.0138465798947659,0.04657534246575343,0.17316582481843507
SPY260612C00736000,2026-05-22 14:16:09+00:00,736.0,17.46,17.16,18.56,1.8099995,11.565493,57.0,750.0,0.1955036505126953,True,REGULAR,USD,call,2026-06-12,17,745.6400146484375,0.9870714896477456,17.86,0.0783874580067188,0.04657534246575343,0.18092591081613496
SPY260612C00737000,2026-05-22 19:54:25+00:00,737.0,16.23,16.47,16.67,1.3899994,9.366572,181.0,721.0,0.1756369058227539,True,REGULAR,USD,call,2026-06-12,17,745.6400146484375,0.9884126193891148,16.57,0.0120700060350031,0.04657534246575343,0.16994864059815734
SPY260612C00738000,2026-05-22 19:47:59+00:00,738.0,15.49,15.7,15.96,1.1099997,7.719052,28.0,765.0,0.1739584558105469,True,REGULAR,USD,call,2026-06-12,17,745.6400146484375,0.989753749130484,15.83,0.016424510423247,0.04657534246575343,0.16810566044470118
SPY260612C00739000,2026-05-22 19:10:13+00:00,739.0,15.42,14.99,15.23,1.8699999,13.800737,113.0,1622.0,0.1717917294311523,True,REGULAR,USD,call,2026-06-12,17,745.6400146484375,0.9910948788718532,15.11,0.0158835208471211,0.04657534246575343,0.1664045044693883
SPY260612C00740000,2026-05-22 20:02:21+00:00,740.0,14.05,14.29,14.5,1.0,7.662835,157.0,2552.0,0.1694724166870117,True,REGULAR,USD,call,2026-06-12,17,745.6400146484375,0.9924360086132225,14.395,0.0145883987495658,0.04657534246575343,0.16458953094785966
SPY260612C00741000,2026-05-22 18:27:09+00:00,741.0,14.55,13.58,13.88,2.17,17.52827,60.0,1531.0,0.1686179330444336,True,REGULAR,USD,call,2026-06-12,17,745.6400146484375,0.9937771383545916,13.73,0.021849963583394,0.04657534246575343,0.1633791731911045
SPY260612C00742000,2026-05-22 19:29:02+00:00,742.0,13.0,12.91,13.16,1.1999998,10.16949,78.0,1477.0,0.1660849993896485,True,REGULAR,USD,call,2026-06-12,17,745.6400146484375,0.9951182680959608,13.035,0.0191791331031837,0.04657534246575343,0.1614759251090524
SPY260612C00743000,2026-05-22 19:54:25+00:00,743.0,12.12,12.27,12.48,1.2299995,11.294762,103.0,953.0,0.1639793075561523,True,REGULAR,USD,call,2026-06-12,17,745.6400146484375,0.99645939783733,12.375,0.016969696969697,0.04657534246575343,0.15991645954475092
SPY260612C00744000,2026-05-22 19:38:00+00:00,744.0,11.8,11.61,11.84,1.3299999,12.70296,150.0,953.0,0.1622398229980468,True,REGULAR,USD,call,2026-06-12,17,745.6400146484375,0.9978005275786992,11.725,0.0196162046908315,0.04657534246575343,0.15829311174705973
SPY260612C00745000,2026-05-22 20:01:04+00:00,745.0,10.93,11.01,11.22,0.8800001,8.75622,1307.0,1872.0,0.1606224075317383,True,REGULAR,USD,call,2026-06-12,17,745.6400146484375,0.9991416573200684,11.115,0.01889338731444,0.04657534246575343,0.1570689430642632
SPY260612C00746000,2026-05-22 20:01:55+00:00,746.0,10.3,10.5,10.54,1.1300001,12.322793,686.0,725.0,0.1578758529663085,False,REGULAR,USD,call,2026-06-12,17,745.6400146484375,1.0004827870614377,10.52,0.0038022813688212,0.04657534246575343,0.15584263987365107
SPY260612C00747000,2026-05-22 20:14:28+00:00,747.0,9.93,9.91,9.95,1.2600002,14.532874,985.0,540.0,0.1562584375,False,REGULAR,USD,call,2026-06-12,17,745.6400146484375,1.001823916802807,9.93,0.0040281973816716,0.04657534246575343,0.15445270462880703
SPY260612C00748000,2026-05-22 19:46:31+00:00,748.0,9.02,9.33,9.38,0.87000084,10.674857,508.0,523.0,0.1547020565795898,False,REGULAR,USD,call,2026-06-12,17,745.6400146484375,1.0031650465441762,9.355,0.005344735435596,0.04657534246575343,0.15304934358560435
SPY260612C00749000,2026-05-22 20:14:14+00:00,749.0,8.78,8.78,8.82,1.1199999,14.621408,168.0,876.0,0.1530846411132813,False,REGULAR,USD,call,2026-06-12,17,745.6400146484375,1.0045061762855454,8.8,0.0045454545454546,0.04657534246575343,0.1517043983530843
SPY260612C00750000,2026-05-22 20:09:07+00:00,750.0,8.19,8.24,8.29,0.8699994,11.885238,721.0,3171.0,0.1516503292846679,False,REGULAR,USD,call,2026-06-12,17,745.6400146484375,1.0058473060269146,8.265,0.0060496067755594,0.04657534246575343,0.15041246639510206
SPY260612C00751000,2026-05-22 19:58:32+00:00,751.0,7.81,7.73,7.77,1.2599998,19.236637,377.0,660.0,0.150124465637207,False,REGULAR,USD,call,2026-06-12,17,745.6400146484375,1.007188435768284,7.75,0.0051612903225805,0.04657534246575343,0.14916894423359037
SPY260612C00752000,2026-05-22 20:14:11+00:00,752.0,7.25,7.23,7.28,0.52,7.726597,322.0,437.0,0.1488122229003906,False,REGULAR,USD,call,2026-06-12,17,745.6400146484375,1.0085295655096531,7.255000000000001,0.0068917987594761,0.04657534246575343,0.1479700225163601
SPY260612C00753000,2026-05-22 20:13:34+00:00,753.0,6.77,6.76,6.8,0.8000002,13.400338,1061.0,377.0,0.1474084283447265,False,REGULAR,USD,call,2026-06-12,17,745.6400146484375,1.0098706952510224,6.779999999999999,0.0058997050147492,0.04657534246575343,0.14681269667287217
SPY260612C00754000,2026-05-22 20:14:43+00:00,754.0,6.32,6.3,6.34,0.5700002,9.913047,4310.0,486.0,0.1460351510620117,False,REGULAR,USD,call,2026-06-12,17,745.6400146484375,1.0112118249923914,6.32,0.0063291139240506,0.04657534246575343,0.14561380848038058
SPY260612C00755000,2026-05-22 19:57:32+00:00,755.0,5.98,5.87,5.91,0.8299999,16.116503,740.0,17844.0,0.1448449774169922,False,REGULAR,USD,call,2026-06-12,17,745.6400146484375,1.0125529547337606,5.890000000000001,0.0067911714770798,0.04657534246575343,0.14461507292178483
SPY260612C00756000,2026-05-22 19:58:32+00:00,756.0,5.55,5.45,5.49,0.87000036,18.589752,631.0,918.0,0.143563251953125,False,REGULAR,USD,call,2026-06-12,17,745.6400146484375,1.01389408447513,5.470000000000001,0.0073126142595978,0.04657534246575343,0.14348984542145013
SPY260612C00757000,2026-05-22 19:55:40+00:00,757.0,5.08,5.06,5.1,0.78999996,18.414917,266.0,325.0,0.1424951473999023,False,REGULAR,USD,call,2026-06-12,17,745.6400146484375,1.015235214216499,5.08,0.0078740157480315,0.04657534246575343,0.1425700861269803
SPY260612C00758000,2026-05-22 19:50:20+00:00,758.0,4.64,4.68,4.72,0.65999985,16.58291,347.0,335.0,0.1413049737548828,False,REGULAR,USD,call,2026-06-12,17,745.6400146484375,1.0165763439578683,4.699999999999999,0.0085106382978723,0.04657534246575343,0.141520881317452
SPY260612C00759000,2026-05-22 20:01:15+00:00,759.0,4.26,4.33,4.36,0.61000013,16.712332,125.0,373.0,0.1401453173828125,False,REGULAR,USD,call,2026-06-12,17,745.6400146484375,1.0179174736992376,4.345000000000001,0.0069044879171462,0.04657534246575343,0.14060021816932736
SPY260612C00760000,2026-05-22 20:12:35+00:00,760.0,4.0,3.99,4.03,0.48000002,13.636364,4720.0,6084.0,0.1392297991943359,False,REGULAR,USD,call,2026-06-12,17,745.6400146484375,1.0192586034406068,4.01,0.0099750623441396,0.04657534246575343,0.13972796373441754
SPY260612C00761000,2026-05-22 19:46:14+00:00,761.0,3.62,3.67,3.71,0.43999982,13.836472,170.0,545.0,0.1381616946411132,False,REGULAR,USD,call,2026-06-12,17,745.6400146484375,1.020599733181976,3.69,0.010840108401084,0.04657534246575343,0.13881750143852745
SPY260612C00762000,2026-05-22 19:30:08+00:00,762.0,3.37,3.38,3.41,0.53,18.661972,311.0,431.0,0.1371851419067383,False,REGULAR,USD,call,2026-06-12,17,745.6400146484375,1.0219408629233453,3.395,0.0088365243004418,0.04657534246575343,0.1380609269030556
SPY260612C00763000,2026-05-22 18:31:45+00:00,763.0,3.47,3.1,3.13,0.93000007,36.614178,102.0,432.0,0.1363001409912109,False,REGULAR,USD,call,2026-06-12,17,745.6400146484375,1.0232819926647143,3.115,0.0096308186195826,0.04657534246575343,0.1372795002282064
SPY260612C00764000,2026-05-22 20:03:28+00:00,764.0,2.84,2.84,2.87,0.26,10.077519,74.0,142.0,0.135476174621582,False,REGULAR,USD,call,2026-06-12,17,745.6400146484375,1.0246231224060838,2.855,0.010507880910683,0.04657534246575343,0.1365795644160992
SPY260612C00765000,2026-05-22 20:09:31+00:00,765.0,2.6,2.59,2.62,0.38999987,17.647053,361.0,2054.0,0.1345606564331055,False,REGULAR,USD,call,2026-06-12,17,745.6400146484375,1.0259642521474528,2.605,0.0115163147792707,0.04657534246575343,0.13576341194091593
SPY260612C00766000,2026-05-22 19:38:02+00:00,766.0,2.44,2.36,2.4,0.4100001,20.197048,79.0,171.0,0.133950310974121,False,REGULAR,USD,call,2026-06-12,17,745.6400146484375,1.027305381888822,2.38,0.0168067226890756,0.04657534246575343,0.1351591353011289
SPY260612C00767000,2026-05-22 19:59:40+00:00,767.0,2.2,2.15,2.18,0.36,19.565218,73.0,143.0,0.1330347927856445,False,REGULAR,USD,call,2026-06-12,17,745.6400146484375,1.0286465116301913,2.165,0.0138568129330255,0.04657534246575343,0.13445475082960565
SPY260612C00768000,2026-05-22 20:14:43+00:00,768.0,1.98,1.95,1.98,0.39,24.528301,120.0,264.0,0.132271860961914,False,REGULAR,USD,call,2026-06-12,17,745.6400146484375,1.0299876413715603,1.9649999999999999,0.015267175572519,0.04657534246575343,0.133768855862883
SPY260612C00769000,2026-05-22 19:59:40+00:00,769.0,1.82,1.77,1.8,0.43000007,30.935257,59.0,149.0,0.1316615155029297,False,REGULAR,USD,call,2026-06-12,17,745.6400146484375,1.0313287711129298,1.7850000000000001,0.0168067226890756,0.04657534246575343,0.13324339840742613
SPY260612C00770000,2026-05-22 20:11:22+00:00,770.0,1.6,1.6,1.63,0.26999998,20.30075,1776.0,2790.0,0.1309901354980468,False,REGULAR,USD,call,2026-06-12,17,745.6400146484375,1.032669900854299,1.615,0.0185758513931887,0.04657534246575343,0.1326480939528936
SPY260612C00771000,2026-05-22 20:09:39+00:00,771.0,1.47,1.45,1.48,0.26999998,22.499998,85.0,225.0,0.1305018591308593,False,REGULAR,USD,call,2026-06-12,17,745.6400146484375,1.0340110305956682,1.4649999999999999,0.0204778156996587,0.04657534246575343,0.13226803000083942
SPY260612C00772000,2026-05-22 19:54:32+00:00,772.0,1.32,1.3,1.33,0.29000008,28.155348,48.0,204.0,0.1297694445800781,False,REGULAR,USD,call,2026-06-12,17,745.6400146484375,1.0353521603370377,1.315,0.0228136882129277,0.04657534246575343,0.1315584000301144
SPY260612C00773000,2026-05-22 17:28:16+00:00,773.0,1.55,1.17,1.2,0.59,61.458332,31.0,175.0,0.1292201336669922,False,REGULAR,USD,call,2026-06-12,17,745.6400146484375,1.0366932900784067,1.185,0.0253164556962025,0.04657534246575343,0.13110989353367297
SPY260612C00774000,2026-05-22 19:58:24+00:00,774.0,1.08,1.06,1.08,0.19000006,21.348322,9.0,65.0,0.1287318572998047,False,REGULAR,USD,call,2026-06-12,17,745.6400146484375,1.038034419819776,1.07,0.0186915887850467,0.04657534246575343,0.13082197633872436
SPY260612C00775000,2026-05-22 20:11:22+00:00,775.0,0.95,0.95,0.97,0.21999997,30.136982,404.0,1904.0,0.1281825463867187,False,REGULAR,USD,call,2026-06-12,17,745.6400146484375,1.0393755495611452,0.96,0.0208333333333333,0.04657534246575343,0.13038580865516647
SPY260612C00776000,2026-05-22 19:34:44+00:00,776.0,0.89,0.85,0.88,0.19,27.142859,237.0,317.0,0.1281215118408203,False,REGULAR,USD,call,2026-06-12,17,745.6400146484375,1.0407166793025142,0.865,0.0346820809248555,0.04657534246575343,0.13017366864768323
SPY260612C00777000,2026-05-22 18:39:27+00:00,777.0,0.9,0.76,0.79,0.23999995,36.36363,238.0,136.0,0.1277553045654297,False,REGULAR,USD,call,2026-06-12,17,745.6400146484375,1.0420578090438837,0.775,0.0387096774193548,0.04657534246575343,0.12984464855194253
SPY260612C00778000,2026-05-22 18:20:23+00:00,778.0,0.85,0.68,0.71,0.31,57.407402,188.0,571.0,0.1274501318359375,False,REGULAR,USD,call,2026-06-12,17,745.6400146484375,1.0433989387852527,0.6950000000000001,0.0431654676258991,0.04657534246575343,0.12961372570142418
SPY260612C00779000,2026-05-22 19:41:23+00:00,779.0,0.64,0.61,0.63,0.13,25.490194,107.0,55.0,0.1269008209228515,False,REGULAR,USD,call,2026-06-12,17,745.6400146484375,1.044740068526622,0.62,0.032258064516129,0.04657534246575343,0.12929035511417863
SPY260612C00780000,2026-05-22 19:54:39+00:00,780.0,0.55,0.55,0.57,0.100000024,22.222229,357.0,1632.0,0.12696185546875,False,REGULAR,USD,call,2026-06-12,17,745.6400146484375,1.0460811982679912,0.56,0.0357142857142855,0.04657534246575343,0.12938271692686515
SPY260612C00781000,2026-05-22 19:49:34+00:00,781.0,0.52,0.49,0.51,0.23000002,79.31036,208.0,77.0,0.1267177172851562,False,REGULAR,USD,call,2026-06-12,17,745.6400146484375,1.0474223280093604,0.5,0.04,0.04657534246575343,0.12919558346853938
SPY260612C00782000,2026-05-22 19:48:29+00:00,782.0,0.46,0.44,0.46,0.16,53.33333,121.0,101.0,0.1267177172851562,False,REGULAR,USD,call,2026-06-12,17,745.6400146484375,1.0487634577507297,0.45,0.0444444444444444,0.04657534246575343,0.1292704739409402
SPY260612C00783000,2026-05-22 17:13:10+00:00,783.0,0.49,0.4,0.42,0.18,58.06452,19.0,112.0,0.1270839245605468,False,REGULAR,USD,call,2026-06-12,17,745.6400146484375,1.050104587492099,0.41000000000000003,0.0487804878048779,0.04657534246575343,0.12969233493859955
SPY260612C00784000,2026-05-22 19:30:40+00:00,784.0,0.36,0.36,0.38,-0.00999999,-2.7027001,11.0,177.0,0.1273280627441406,False,REGULAR,USD,call,2026-06-12,17,745.6400146484375,1.051445717233468,0.37,0.0540540540540541,0.04657534246575343,0.1298891564127445
SPY260612C00785000,2026-05-22 20:05:01+00:00,785.0,0.32,0.32,0.34,0.060000002,23.076925,127.0,1052.0,0.1272059936523437,False,REGULAR,USD,call,2026-06-12,17,745.6400146484375,1.0527868469748374,0.33,0.0606060606060606,0.04657534246575343,0.1298273257427046
SPY260612C00786000,2026-05-22 13:48:27+00:00,786.0,0.42,0.29,0.31,0.13,44.827587,10.0,16.0,0.1275722009277343,False,REGULAR,USD,call,2026-06-12,17,745.6400146484375,1.0541279767162064,0.3,0.0666666666666667,0.04657534246575343,0.13025014841270072
SPY260612C00787000,2026-05-22 13:47:21+00:00,787.0,0.39,0.26,0.28,0.18999998,94.99999,2.0,60.0,0.1278163391113281,False,REGULAR,USD,call,2026-06-12,17,745.6400146484375,1.0554691064575756,0.27,0.0740740740740741,0.04657534246575343,0.13045448650872887
SPY260612C00788000,2026-05-22 20:11:35+00:00,788.0,0.25,0.24,0.25,-0.22999999,-47.916664,5.0,58.0,0.1276942700195312,False,REGULAR,USD,call,2026-06-12,17,745.6400146484375,1.0568102361989449,0.245,0.0408163265306122,0.04657534246575343,0.13086170831459487
SPY260612C00789000,2026-05-22 15:39:49+00:00,789.0,0.28,0.22,0.23,0.14,100.0,3.0,45.0,0.1284266845703124,False,REGULAR,USD,call,2026-06-12,17,745.6400146484375,1.058151365940314,0.225,0.0444444444444444,0.04657534246575343,0.13153972300258798
SPY260612C00790000,2026-05-22 19:57:18+00:00,790.0,0.2,0.2,0.21,0.040000007,25.000006,116.0,1572.0,0.1289149609375,False,REGULAR,USD,call,2026-06-12,17,745.6400146484375,1.0594924956816834,0.20500000000000002,0.0487804878048779,0.04657534246575343,0.13204725344703686
SPY260612C00791000,2026-05-22 13:52:15+00:00,791.0,0.22,0.18,0.19,0.13,144.44443,1.0,3.0,0.1291590991210937,False,REGULAR,USD,call,2026-06-12,17,745.6400146484375,1.0608336254230526,0.185,0.0540540540540541,0.04657534246575343,0.13236017146054882
SPY260612C00792000,2026-05-21 17:21:48+00:00,792.0,0.13,0.16,0.18,0.0,0.0,,119.0,0.1303797900390624,False,REGULAR,USD,call,2026-06-12,17,745.6400146484375,1.0621747551644218,0.16999999999999998,0.1176470588235293,0.04657534246575343,0.13305442315861576
SPY260612C00793000,2026-05-22 16:03:12+00:00,793.0,0.2,0.15,0.16,-0.11999999,-37.499996,30.0,100.0,0.1303797900390624,False,REGULAR,USD,call,2026-06-12,17,745.6400146484375,1.063515884905791,0.155,0.0645161290322581,0.04657534246575343,0.13358892131078726
SPY260612C00794000,2026-05-22 19:28:35+00:00,794.0,0.15,0.14,0.15,0.0,0.0,18.0,97.0,0.1313563427734375,False,REGULAR,USD,call,2026-06-12,17,745.6400146484375,1.0648570146471603,0.14500000000000002,0.0689655172413791,0.04657534246575343,0.13463260178981157
SPY260612C00795000,2026-05-22 17:29:54+00:00,795.0,0.18,0.13,0.14,0.040000007,28.571432,68.0,215.0,0.1320887573242187,False,REGULAR,USD,call,2026-06-12,17,745.6400146484375,1.0661981443885296,0.135,0.0740740740740741,0.04657534246575343,0.13557038301364693
SPY260612C00800000,2026-05-22 19:58:42+00:00,800.0,0.1,0.09,0.1,0.020000003,25.000006,410.0,1161.0,0.1367273828125,False,REGULAR,USD,call,2026-06-12,17,745.6400146484375,1.0729037930953755,0.095,0.1052631578947369,0.04657534246575343,0.14021996187074806
SPY260612C00805000,2026-05-22 19:54:07+00:00,805.0,0.08,0.07,0.08,0.04,100.0,75.0,364.0,0.1430749755859375,False,REGULAR,USD,call,2026-06-12,17,745.6400146484375,1.0796094418022215,0.07500000000000001,0.1333333333333332,0.04657534246575343,0.14669718428049505
SPY260612C00810000,2026-05-22 19:54:07+00:00,810.0,0.06,0.05,0.06,0.03,100.0,41.0,2607.0,0.147469462890625,False,REGULAR,USD,call,2026-06-12,17,745.6400146484375,1.0863150905090675,0.055,0.1818181818181817,0.04657534246575343,0.151525459560909
SPY260612C00815000,2026-05-22 19:54:07+00:00,815.0,0.05,0.04,0.05,0.030000001,150.00002,234.0,372.0,0.15430533203125,False,REGULAR,USD,call,2026-06-12,17,745.6400146484375,1.093020739215914,0.045,0.2222222222222222,0.04657534246575343,0.15800621810893956
SPY260612C00825000,2026-05-21 18:41:25+00:00,825.0,0.02,0.03,0.04,0.0,0.0,1.0,170.0,0.1684653466796875,False,REGULAR,USD,call,2026-06-12,17,745.6400146484375,1.106432036629606,0.035,0.2857142857142857,0.04657534246575343,0.17278146649223944
SPY260612C00830000,2026-05-21 16:29:48+00:00,830.0,0.03,0.03,0.04,0.0,0.0,10.0,173.0,0.17774259765625,False,REGULAR,USD,call,2026-06-12,17,745.6400146484375,1.113137685336452,0.035,0.2857142857142857,0.04657534246575343,0.18212398508980468
SPY260612C00835000,2026-05-22 13:48:14+00:00,835.0,0.02,0.02,0.03,-0.01,-33.333336,3.0,436.0,0.180672255859375,False,REGULAR,USD,call,2026-06-12,17,745.6400146484375,1.1198433340432985,0.025,0.3999999999999999,0.04657534246575343,0.18506847814580224
SPY260612C00840000,2026-05-21 17:40:58+00:00,840.0,0.01,0.02,0.03,0.0,0.0,3.0,70.0,0.18946123046875,False,REGULAR,USD,call,2026-06-12,17,745.6400146484375,1.1265489827501445,0.025,0.3999999999999999,0.04657534246575343,0.1939576946168169
SPY260612C00845000,2026-05-22 14:24:06+00:00,845.0,0.02,0.02,0.03,-0.01,-33.333336,65.0,446.0,0.19727365234375,False,REGULAR,USD,call,2026-06-12,17,745.6400146484375,1.1332546314569905,0.025,0.3999999999999999,0.04657534246575343,0.20275405991373785
SPY260618C00525000,2026-05-20 16:28:30+00:00,525.0,215.78,220.65,223.85,0.0,0.0,14.0,341.0,0.7346217944335938,True,REGULAR,USD,call,2026-06-18,23,745.6400146484375,0.7040931142188402,222.25,0.0143982002249718,0.06301369863013699,0.5970155018034854
SPY260618C00530000,2026-05-21 19:44:43+00:00,530.0,214.01,215.67,218.87,0.0,0.0,1.0,376.0,0.7192410888671875,True,REGULAR,USD,call,2026-06-18,23,745.6400146484375,0.7107987629256863,217.26999999999998,0.014728218345837,0.06301369863013699,0.5844842647575632
SPY260618C00535000,2026-05-21 19:57:45+00:00,535.0,209.66,210.69,213.86,0.0,0.0,1.0,525.0,0.7026396923828125,True,REGULAR,USD,call,2026-06-18,23,745.6400146484375,0.7175044116325324,212.275,0.0149334589565422,0.06301369863013699,0.5683024342499607
SPY260618C00540000,2026-05-22 19:34:37+00:00,540.0,207.33,205.71,208.88,3.2299957,1.5825555,7.0,2208.0,0.6875031250000001,True,REGULAR,USD,call,2026-06-18,23,745.6400146484375,0.7242100603393785,207.29500000000002,0.0152922164065702,0.06301369863013699,0.5559166115065773
SPY260618C00545000,2026-05-22 14:59:43+00:00,545.0,203.03,200.73,203.9,1.5800018,0.78431463,15.0,507.0,0.6722444885253909,True,REGULAR,USD,call,2026-06-18,23,745.6400146484375,0.7309157090462246,202.315,0.0156686355435831,0.06301369863013699,0.543531069504579
SPY260618C00550000,2026-05-22 19:46:23+00:00,550.0,196.67,195.75,198.95,2.6699982,1.3762877,9.0,11089.0,0.65820654296875,True,REGULAR,USD,call,2026-06-18,23,745.6400146484375,0.7376213577530707,197.35,0.016214846719027,0.06301369863013699,0.5344093216523375
SPY260618C00555000,2026-05-22 14:18:20+00:00,555.0,192.65,190.78,193.97,5.7599945,3.0820239,1.0,365.0,0.6433141137695313,True,REGULAR,USD,call,2026-06-18,23,745.6400146484375,0.7443270064599168,192.375,0.016582196231319,0.06301369863013699,0.5229325156729989
SPY260618C00560000,2026-05-22 19:34:37+00:00,560.0,185.65,185.8,188.99,5.8299866,3.2421236,9.0,1727.0,0.6282996154785156,True,REGULAR,USD,call,2026-06-18,23,745.6400146484375,0.7510326551667629,187.395,0.0170228661383708,0.06301369863013699,0.5103986469511071
SPY260618C00565000,2026-05-22 18:59:49+00:00,565.0,183.9,180.82,183.99,4.169998,2.320146,5.0,647.0,0.6125527026367189,True,REGULAR,USD,call,2026-06-18,23,745.6400146484375,0.757738303873609,182.405,0.0173789095693649,0.06301369863013699,0.49595829685766035
SPY260618C00570000,2026-05-22 17:18:44+00:00,570.0,179.31,175.85,179.04,5.880005,3.39042,3.0,5122.0,0.598758895263672,True,REGULAR,USD,call,2026-06-18,23,745.6400146484375,0.764443952580455,177.445,0.017977401448336,0.06301369863013699,0.48716599008371364
SPY260618C00575000,2026-05-22 13:49:10+00:00,575.0,173.9,170.87,174.04,6.73999,4.032059,1.0,3065.0,0.5831340515136718,True,REGULAR,USD,call,2026-06-18,23,745.6400146484375,0.7711496012873011,172.45499999999998,0.0183816067959756,0.06301369863013699,0.47284456639202044
SPY260618C00580000,2026-05-22 14:47:22+00:00,580.0,167.48,165.9,169.09,6.8399963,4.257966,2.0,1875.0,0.569340244140625,True,REGULAR,USD,call,2026-06-18,23,745.6400146484375,0.7778552499941473,167.495,0.0190453446371533,0.06301369863013699,0.4636754205639776
SPY260618C00585000,2026-05-22 20:01:06+00:00,585.0,162.23,160.92,164.12,10.25,6.744309,2.0,407.0,0.5546919531250001,True,REGULAR,USD,call,2026-06-18,23,745.6400146484375,0.7845608987009934,162.51999999999998,0.0196898843219297,0.06301369863013699,0.45184285257346135
SPY260618C00590000,2026-05-22 19:02:42+00:00,590.0,159.06,155.95,159.15,3.569992,2.2959623,7.0,1749.0,0.540287800292969,True,REGULAR,USD,call,2026-06-18,23,745.6400146484375,0.7912665474078395,157.55,0.0203110123770232,0.06301369863013699,0.4407026113427973
SPY260618C00595000,2026-05-21 18:54:34+00:00,595.0,148.51,150.98,154.18,0.0,0.0,9.0,1698.0,0.5258836474609375,True,REGULAR,USD,call,2026-06-18,23,745.6400146484375,0.7979721961146856,152.57999999999998,0.0209726045353258,0.06301369863013699,0.4294402968304481
SPY260618C00600000,2026-05-22 19:36:11+00:00,600.0,147.66,146.02,149.21,2.699997,1.8625805,51.0,5049.0,0.5117846673583983,True,REGULAR,USD,call,2026-06-18,23,745.6400146484375,0.8046778448215317,147.615,0.0216102699590149,0.06301369863013699,0.4187322505049199
SPY260618C00605000,2026-05-22 19:11:20+00:00,605.0,143.53,141.05,144.25,2.2599945,1.5997695,3.0,2689.0,0.5679974841308593,True,REGULAR,USD,call,2026-06-18,23,745.6400146484375,0.8113834935283778,142.65,0.0224325271643882,0.06301369863013699,0.4078461230959439
SPY260618C00610000,2026-05-22 18:14:49+00:00,610.0,138.99,136.08,139.28,4.300003,3.1925182,1.0,1527.0,0.5516402258300781,True,REGULAR,USD,call,2026-06-18,23,745.6400146484375,0.8180891422352239,137.68,0.0232423009877977,0.06301369863013699,0.39619536648414533
SPY260618C00615000,2026-05-22 13:30:04+00:00,615.0,131.39,131.12,134.32,0.020004272,0.015227429,2.0,2307.0,0.5355881402587892,True,REGULAR,USD,call,2026-06-18,23,745.6400146484375,0.82479479094207,132.72,0.0241109101868594,0.06301369863013699,0.38558386975810965
SPY260618C00620000,2026-05-22 15:23:49+00:00,620.0,129.11,126.17,129.36,4.1800003,3.3458738,15.0,4744.0,0.5194750201416016,True,REGULAR,USD,call,2026-06-18,23,745.6400146484375,0.8315004396489161,127.76500000000001,0.0249677141627207,0.06301369863013699,0.3752883881079554
SPY260618C00625000,2026-05-22 19:34:37+00:00,625.0,122.55,121.2,124.4,1.1399994,0.9389666,12.0,1728.0,0.5034229345703125,True,REGULAR,USD,call,2026-06-18,23,745.6400146484375,0.8382060883557622,122.80000000000001,0.0260586319218241,0.06301369863013699,0.36373354153663473
SPY260618C00630000,2026-05-21 19:07:55+00:00,630.0,114.38,116.25,119.45,0.0,0.0,63.0,3043.0,0.4876149871826172,True,REGULAR,USD,call,2026-06-18,23,745.6400146484375,0.8449117370626082,117.85,0.0271531607976241,0.06301369863013699,0.3534603982417741
SPY260618C00635000,2026-05-22 19:34:38+00:00,635.0,112.9,111.29,114.49,3.1699982,2.8889072,7.0,3911.0,0.4714408325195312,True,REGULAR,USD,call,2026-06-18,23,745.6400146484375,0.8516173857694543,112.89,0.0283461776951013,0.06301369863013699,0.34201398033845093
SPY260618C00640000,2026-05-22 19:56:07+00:00,640.0,108.64,106.35,109.55,7.6100006,7.532417,6.0,3326.0,0.4558770233154297,True,REGULAR,USD,call,2026-06-18,23,745.6400146484375,0.8583230344763004,107.94999999999999,0.0296433534043539,0.06301369863013699,0.3320551447689617
SPY260618C00645000,2026-05-22 18:49:19+00:00,645.0,104.32,101.4,104.61,4.459999,4.466252,3.0,2586.0,0.4401911450195312,True,REGULAR,USD,call,2026-06-18,23,745.6400146484375,0.8650286831831465,103.005,0.0311635357506916,0.06301369863013699,0.3213429914900105
SPY260618C00650000,2026-05-22 19:01:13+00:00,650.0,99.24,96.5,99.67,3.9899979,4.1889744,1832.0,6513.0,0.4244442321777344,True,REGULAR,USD,call,2026-06-18,23,745.6400146484375,0.8717343318899926,98.08500000000001,0.0323189070703981,0.06301369863013699,0.31211861172991995
SPY260618C00655000,2026-05-22 19:34:37+00:00,655.0,94.93,91.53,94.74,7.4000015,8.4542465,12.0,4256.0,0.4088804229736328,True,REGULAR,USD,call,2026-06-18,23,745.6400146484375,0.8784399805968387,93.13499999999999,0.0344660976002576,0.06301369863013699,0.30039160656210057
SPY260618C00660000,2026-05-22 20:01:07+00:00,660.0,87.86,86.61,89.66,2.5200043,2.9528995,31.0,13593.0,0.3889831610107421,True,REGULAR,USD,call,2026-06-18,23,745.6400146484375,0.8851456293036849,88.13499999999999,0.0346060021557837,0.06301369863013699,0.2852635440866693
SPY260618C00661000,2026-05-19 14:30:14+00:00,661.0,75.45,85.63,88.84,0.0,0.0,1.0,8.0,0.3904479901123047,True,REGULAR,USD,call,2026-06-18,23,745.6400146484375,0.886486759045054,87.235,0.0367971571043733,0.06301369863013699,0.2884710754392413
SPY260618C00662000,2026-05-22 20:01:27+00:00,662.0,85.91,84.65,87.86,4.800003,5.917893,1.0,19.0,0.3874572973632812,True,REGULAR,USD,call,2026-06-18,23,745.6400146484375,0.8878278887864233,86.255,0.037215233899484,0.06301369863013699,0.2866121931674846
SPY260618C00663000,2026-05-12 16:53:37+00:00,663.0,73.84,83.66,86.88,0.0,0.0,3.0,3.0,0.3844055700683593,True,REGULAR,USD,call,2026-06-18,23,745.6400146484375,0.8891690185277925,85.27,0.0377624017825729,0.06301369863013699,0.2844360759896622
SPY260618C00664000,2026-05-13 13:47:12+00:00,664.0,78.42,82.68,85.9,0.0,0.0,20.0,16.0,0.3814148773193359,True,REGULAR,USD,call,2026-06-18,23,745.6400146484375,0.8905101482691617,84.29,0.0382014473840313,0.06301369863013699,0.2825318863476421
SPY260618C00665000,2026-05-22 19:34:45+00:00,665.0,84.99,81.7,84.92,4.5899963,5.7089505,31.0,13615.0,0.378363150024414,True,REGULAR,USD,call,2026-06-18,23,745.6400146484375,0.891851278010531,83.31,0.0386508222302244,0.06301369863013699,0.2806023732303629
SPY260618C00666000,2026-05-21 17:33:01+00:00,666.0,79.27,80.72,83.94,0.0,0.0,60.0,34.0,0.3753114227294921,True,REGULAR,USD,call,2026-06-18,23,745.6400146484375,0.8931924077519001,82.33,0.0391108951779424,0.06301369863013699,0.2786486578433524
SPY260618C00667000,2026-05-21 16:41:32+00:00,667.0,74.72,79.74,82.96,0.0,0.0,31.0,43.0,0.3722596954345704,True,REGULAR,USD,call,2026-06-18,23,745.6400146484375,0.8945335374932694,81.35,0.0395820528580208,0.06301369863013699,0.2766710613135118
SPY260618C00668000,2026-05-15 13:36:27+00:00,668.0,75.99,78.76,81.95,0.0,0.0,1.0,5.0,0.3684145190429688,True,REGULAR,USD,call,2026-06-18,23,745.6400146484375,0.8958746672346386,80.355,0.0396988364134154,0.06301369863013699,0.273862422993335
SPY260618C00669000,2026-05-20 14:09:39+00:00,669.0,69.74,77.78,81.0,0.0,0.0,2.0,2.0,0.3661562408447265,True,REGULAR,USD,call,2026-06-18,23,745.6400146484375,0.8972157969760078,79.39,0.0405592643909812,0.06301369863013699,0.2726457364440241
SPY260618C00670000,2026-05-22 19:55:42+00:00,670.0,78.12,76.8,79.99,1.0100021,1.3098199,1859.0,21808.0,0.362311064453125,True,REGULAR,USD,call,2026-06-18,23,745.6400146484375,0.8985569267173771,78.395,0.0406913706231264,0.06301369863013699,0.26981760727230203
SPY260618C00671000,2026-05-22 19:33:30+00:00,671.0,77.28,75.83,79.04,4.459999,6.1246896,10.0,275.0,0.3599917517089843,True,REGULAR,USD,call,2026-06-18,23,745.6400146484375,0.8998980564587462,77.435,0.0414541228126817,0.06301369863013699,0.26878419279201704
SPY260618C00672000,2026-05-20 19:50:03+00:00,672.0,73.1,74.85,78.04,0.0,0.0,1.0,13.0,0.3563907135009765,True,REGULAR,USD,call,2026-06-18,23,745.6400146484375,0.9012391862001154,76.445,0.0417293478971811,0.06301369863013699,0.26618635751157926
SPY260618C00673000,2026-05-19 18:04:34+00:00,673.0,68.13,73.87,77.09,0.0,0.0,1.0,266.0,0.3540408834838866,True,REGULAR,USD,call,2026-06-18,23,745.6400146484375,0.9025803159414848,75.48,0.0426603073661897,0.06301369863013699,0.2648173417429486
SPY260618C00674000,2026-05-12 14:08:35+00:00,674.0,66.53,72.9,76.12,0.0,0.0,1.0,3.0,0.3512027770996093,True,REGULAR,USD,call,2026-06-18,23,745.6400146484375,0.903921445682854,74.51,0.0432156757482216,0.06301369863013699,0.26315755729610274
SPY260618C00675000,2026-05-22 19:34:37+00:00,675.0,75.23,71.92,75.15,2.9600067,4.0957613,44.0,18847.0,0.3483036361694336,True,REGULAR,USD,call,2026-06-18,23,745.6400146484375,0.9052625754242232,73.535,0.0439246617257089,0.06301369863013699,0.26122300912219415
SPY260618C00676000,2026-05-22 15:16:25+00:00,676.0,73.72,70.95,74.17,9.529999,14.846547,1.0,42.0,0.345160357055664,True,REGULAR,USD,call,2026-06-18,23,745.6400146484375,0.9066037051655924,72.56,0.0443770672546857,0.06301369863013699,0.25925985883807284
SPY260618C00677000,2026-05-19 14:30:14+00:00,677.0,60.01,69.98,73.17,0.0,0.0,2.0,5.0,0.341528801574707,True,REGULAR,USD,call,2026-06-18,23,745.6400146484375,0.9079448349069617,71.575,0.0445686342996856,0.06301369863013699,0.25681072706834035
SPY260618C00678000,2026-05-22 18:20:21+00:00,678.0,72.43,69.01,72.23,2.8300018,4.066095,12.0,18.0,0.3393315579223632,True,REGULAR,USD,call,2026-06-18,23,745.6400146484375,0.9092859646483308,70.62,0.0455961483998866,0.06301369863013699,0.2556977699751873
SPY260618C00679000,2026-05-18 14:16:36+00:00,679.0,65.36,68.04,71.23,0.0,0.0,1.0,8.0,0.3357000024414062,True,REGULAR,USD,call,2026-06-18,23,745.6400146484375,0.9106270943897,69.635,0.0458102965462769,0.06301369863013699,0.2532034894721016
SPY260618C00680000,2026-05-22 19:52:16+00:00,680.0,68.27,67.07,70.29,1.8699951,2.8162577,109.0,16298.0,0.3334417242431641,True,REGULAR,USD,call,2026-06-18,23,745.6400146484375,0.9119682241310691,68.68,0.0468841001747235,0.06301369863013699,0.25199467032060957
SPY260618C00681000,2026-05-21 18:13:49+00:00,681.0,65.56,66.1,69.33,0.0,0.0,123.0,172.0,0.3307256869506836,True,REGULAR,USD,call,2026-06-18,23,745.6400146484375,0.9133093538724384,67.715,0.0476999187772281,0.06301369863013699,0.2503033496487668
SPY260618C00682000,2026-05-18 19:49:48+00:00,682.0,60.45,65.13,68.36,0.0,0.0,2.0,15.0,0.3277655114746093,True,REGULAR,USD,call,2026-06-18,23,745.6400146484375,0.9146504836138076,66.745,0.0483931380627762,0.06301369863013699,0.24836384763138708
SPY260618C00683000,2026-05-22 16:42:06+00:00,683.0,66.95,64.17,67.39,8.569996,14.679678,4.0,29.0,0.3247443014526366,True,REGULAR,USD,call,2026-06-18,23,745.6400146484375,0.9159916133551768,65.78,0.0489510489510489,0.06301369863013699,0.24659474346520394
SPY260618C00684000,2026-05-19 13:33:03+00:00,684.0,55.19,63.2,66.43,0.0,0.0,1.0,9.0,0.3219672296142577,True,REGULAR,USD,call,2026-06-18,23,745.6400146484375,0.917332743096546,64.815,0.0498341433310191,0.06301369863013699,0.24478658879431478
SPY260618C00685000,2026-05-22 19:04:21+00:00,685.0,64.63,62.24,65.47,3.3799973,5.518363,34.0,15374.0,0.3191596405029295,True,REGULAR,USD,call,2026-06-18,23,745.6400146484375,0.9186738728379154,63.855000000000004,0.0505833529089342,0.06301369863013699,0.24313447279002443
SPY260618C00686000,2026-05-22 17:54:25+00:00,686.0,64.67,61.27,64.5,9.839996,17.946373,1.0,51.0,0.3161079132080078,True,REGULAR,USD,call,2026-06-18,23,745.6400146484375,0.9200150025792846,62.885000000000005,0.0513636002226285,0.06301369863013699,0.24105443028307957
SPY260618C00687000,2026-05-22 15:29:40+00:00,687.0,63.36,60.31,63.51,3.5699997,5.9708977,1.0,17.0,0.3126289440917968,True,REGULAR,USD,call,2026-06-18,23,745.6400146484375,0.9213561323206536,61.91,0.0516879340978839,0.06301369863013699,0.2387560409023576
SPY260618C00688000,2026-05-22 17:56:58+00:00,688.0,62.45,59.35,62.59,5.5699997,9.792544,2.0,27.0,0.3106453213500976,True,REGULAR,USD,call,2026-06-18,23,745.6400146484375,0.922697262062023,60.97,0.0531408889617845,0.06301369863013699,0.2377253946301802
SPY260618C00689000,2026-05-18 17:59:29+00:00,689.0,53.18,58.39,61.63,0.0,0.0,2.0,8.0,0.3077766976928711,True,REGULAR,USD,call,2026-06-18,23,745.6400146484375,0.9240383918033922,60.010000000000005,0.05399100149975,0.06301369863013699,0.23590085307264355
SPY260618C00690000,2026-05-22 19:42:19+00:00,690.0,59.13,57.44,60.67,3.0699997,5.4762745,149.0,15990.0,0.3048775567626953,True,REGULAR,USD,call,2026-06-18,23,745.6400146484375,0.9253795215447614,59.055,0.0546947760562188,0.06301369863013699,0.2342105653645523
SPY260618C00691000,2026-05-20 14:04:06+00:00,691.0,49.23,56.48,59.72,0.0,0.0,2.0,14.0,0.3021920367431641,True,REGULAR,USD,call,2026-06-18,23,745.6400146484375,0.9267206512861308,58.099999999999994,0.0557659208261618,0.06301369863013699,0.23247241983801592
SPY260618C00692000,2026-05-20 14:04:06+00:00,692.0,48.34,55.53,58.77,0.0,0.0,2.0,39.0,0.2994454821777343,True,REGULAR,USD,call,2026-06-18,23,745.6400146484375,0.9280617810275,57.150000000000006,0.0566929133858268,0.06301369863013699,0.23085625619471012
SPY260618C00693000,2026-05-19 19:10:03+00:00,693.0,47.53,54.58,57.82,0.0,0.0,6.0,69.0,0.2966989276123046,True,REGULAR,USD,call,2026-06-18,23,745.6400146484375,0.929402910768869,56.2,0.0576512455516014,0.06301369863013699,0.22918770237676575
SPY260618C00694000,2026-05-22 16:18:02+00:00,694.0,56.55,53.63,56.87,5.84,11.516467,8.0,46.0,0.2939218557739257,True,REGULAR,USD,call,2026-06-18,23,745.6400146484375,0.9307440405102384,55.25,0.0586425339366514,0.06301369863013699,0.2274676043364351
SPY260618C00695000,2026-05-22 19:34:37+00:00,695.0,54.14,52.68,55.92,1.3899994,2.6350698,206.0,24899.0,0.2911142666625975,True,REGULAR,USD,call,2026-06-18,23,745.6400146484375,0.9320851702516076,54.3,0.0596685082872928,0.06301369863013699,0.22569673329650566
SPY260618C00696000,2026-05-22 19:04:22+00:00,696.0,53.93,51.73,54.99,3.6599998,7.2806845,2.0,38.0,0.2887034020996093,True,REGULAR,USD,call,2026-06-18,23,745.6400146484375,0.9334262999929768,53.36,0.0610944527736132,0.06301369863013699,0.22418765316745676
SPY260618C00697000,2026-05-22 19:59:34+00:00,697.0,52.54,50.79,54.04,2.9700012,5.9915295,2.0,44.0,0.2858347784423828,True,REGULAR,USD,call,2026-06-18,23,745.6400146484375,0.934767429734346,52.415,0.0620051511971763,0.06301369863013699,0.2224654717840883
SPY260618C00698000,2026-05-21 19:21:20+00:00,698.0,48.87,49.85,53.09,0.0,0.0,1.0,23.0,0.2829661547851562,True,REGULAR,USD,call,2026-06-18,23,745.6400146484375,0.9361085594757153,51.47,0.0629492908490383,0.06301369863013699,0.22068977948636198
SPY260618C00699000,2026-05-21 18:06:12+00:00,699.0,48.63,48.91,52.16,0.0,0.0,4.0,87.0,0.280433221130371,True,REGULAR,USD,call,2026-06-18,23,745.6400146484375,0.9374496892170844,50.535,0.0643118630652023,0.06301369863013699,0.21915387962562471
SPY260618C00700000,2026-05-22 19:50:03+00:00,700.0,49.44,48.1,51.22,2.3999977,5.102036,211.0,29553.0,0.2776866665649413,True,REGULAR,USD,call,2026-06-18,23,745.6400146484375,0.9387908189584536,49.66,0.06282722513089,0.06301369863013699,0.21925731626042916
SPY260618C00701000,2026-05-21 17:57:59+00:00,701.0,47.89,47.04,50.29,0.0,0.0,1.0,81.0,0.2750926983642577,True,REGULAR,USD,call,2026-06-18,23,745.6400146484375,0.9401319486998228,48.665,0.0667831090105825,0.06301369863013699,0.2158940213357641
SPY260618C00702000,2026-05-21 13:52:40+00:00,702.0,42.1,46.1,49.36,0.0,0.0,1.0,36.0,0.2724987301635742,True,REGULAR,USD,call,2026-06-18,23,745.6400146484375,0.941473078441192,47.730000000000004,0.0683008589985333,0.06301369863013699,0.21417302508274824
SPY260618C00703000,2026-05-21 17:57:59+00:00,703.0,46.04,45.18,48.43,0.0,0.0,1.0,20.0,0.2698437274169921,True,REGULAR,USD,call,2026-06-18,23,745.6400146484375,0.9428142081825612,46.805,0.0694370259587651,0.06301369863013699,0.21266098545448978
SPY260618C00704000,2026-05-19 15:04:16+00:00,704.0,36.13,44.25,47.51,0.0,0.0,1.0,34.0,0.2673413110351562,True,REGULAR,USD,call,2026-06-18,23,745.6400146484375,0.9441553379239304,45.879999999999995,0.0710549258936355,0.06301369863013699,0.21108000640242675
SPY260618C00705000,2026-05-22 19:50:03+00:00,705.0,44.75,43.33,46.55,2.0699997,4.850046,59.0,15282.0,0.2640759628295898,True,REGULAR,USD,call,2026-06-18,23,745.6400146484375,0.9454964676652996,44.94,0.0716510903426791,0.06301369863013699,0.20904662037669003
SPY260618C00706000,2026-05-22 17:57:19+00:00,706.0,45.63,42.4,45.66,5.4300003,13.507463,1.0,45.0,0.2620618228149414,True,REGULAR,USD,call,2026-06-18,23,745.6400146484375,0.946837597406669,44.03,0.0740404269816034,0.06301369863013699,0.2077182039229618
SPY260618C00707000,2026-05-20 19:30:41+00:00,707.0,39.42,41.49,44.75,0.0,0.0,50.0,147.0,0.2596204409790039,True,REGULAR,USD,call,2026-06-18,23,745.6400146484375,0.9481787271480382,43.120000000000005,0.0756029684601112,0.06301369863013699,0.20630871890297567
SPY260618C00708000,2026-05-22 17:47:15+00:00,708.0,43.89,40.57,43.83,7.3899994,20.246574,1.0,47.0,0.2569654382324219,True,REGULAR,USD,call,2026-06-18,23,745.6400146484375,0.9495198568894074,42.2,0.0772511848341231,0.06301369863013699,0.20458026231297882
SPY260618C00709000,2026-05-20 17:52:44+00:00,709.0,37.07,39.66,42.92,0.0,0.0,10.0,184.0,0.254463021850586,True,REGULAR,USD,call,2026-06-18,23,745.6400146484375,0.9508609866307766,41.29,0.0789537418261081,0.06301369863013699,0.20302102163723754
SPY260618C00710000,2026-05-22 20:07:19+00:00,710.0,39.68,38.75,42.02,0.84000015,2.1627192,78.0,33957.0,0.2520521572875976,True,REGULAR,USD,call,2026-06-18,23,745.6400146484375,0.9522021163721458,40.385000000000005,0.0809706574223103,0.06301369863013699,0.20150219336453593
SPY260618C00711000,2026-05-22 17:42:45+00:00,711.0,41.54,37.85,41.12,7.3600006,21.533062,6.0,985.0,0.2496412927246093,True,REGULAR,USD,call,2026-06-18,23,745.6400146484375,0.953543246113515,39.485,0.0828162593389894,0.06301369863013699,0.20001817351495818
SPY260618C00712000,2026-05-22 20:13:49+00:00,712.0,38.33,36.95,40.22,4.8700027,14.5547,15.0,194.0,0.2471388763427734,True,REGULAR,USD,call,2026-06-18,23,745.6400146484375,0.9548843758548844,38.585,0.0847479590514447,0.06301369863013699,0.1984528856290492
SPY260618C00713000,2026-05-22 19:54:34+00:00,713.0,37.18,36.05,39.33,1.1800003,3.2777786,5.0,1347.0,0.2447890463256836,True,REGULAR,USD,call,2026-06-18,23,745.6400146484375,0.9562255055962536,37.69,0.0870257362695675,0.06301369863013699,0.19691675089413527
SPY260618C00714000,2026-05-22 14:02:34+00:00,714.0,37.0,35.16,38.44,5.6100006,17.871935,1.0,1662.0,0.2423781817626953,True,REGULAR,USD,call,2026-06-18,23,745.6400146484375,0.9575666353376228,36.8,0.0891304347826087,0.06301369863013699,0.19540444421507422
SPY260618C00715000,2026-05-22 19:50:32+00:00,715.0,35.56,34.77,37.55,1.800003,5.331763,322.0,37844.0,0.2399062826538085,True,REGULAR,USD,call,2026-06-18,23,745.6400146484375,0.958907765078992,36.16,0.0768805309734511,0.06301369863013699,0.1989523377008338
SPY260618C00716000,2026-05-22 17:25:56+00:00,716.0,36.42,33.39,36.67,6.4399986,21.480984,1.0,1074.0,0.2375259353637694,True,REGULAR,USD,call,2026-06-18,23,745.6400146484375,0.9602488948203612,35.03,0.0936340279760205,0.06301369863013699,0.19233061911708704
SPY260618C00717000,2026-05-22 19:46:06+00:00,717.0,33.82,32.51,35.79,1.2200012,3.7423353,3.0,2079.0,0.2351150708007812,True,REGULAR,USD,call,2026-06-18,23,745.6400146484375,0.9615900245617304,34.15,0.0960468521229868,0.06301369863013699,0.19076409136081887
SPY260618C00718000,2026-05-22 19:18:19+00:00,718.0,33.67,31.64,34.92,5.1299973,17.974762,14.0,674.0,0.2327957580566406,True,REGULAR,USD,call,2026-06-18,23,745.6400146484375,0.9629311543030996,33.28,0.0985576923076923,0.06301369863013699,0.1893052674021167
SPY260618C00719000,2026-05-22 19:58:44+00:00,719.0,32.38,30.77,34.05,1.7700005,5.7824254,1.0,378.0,0.2304154107666015,True,REGULAR,USD,call,2026-06-18,23,745.6400146484375,0.9642722840444689,32.41,0.1012033323048441,0.06301369863013699,0.18775216324443159
SPY260618C00720000,2026-05-22 20:00:50+00:00,720.0,31.25,29.9,31.7,1.6399994,5.538667,105.0,15623.0,0.204536763305664,True,REGULAR,USD,call,2026-06-18,23,745.6400146484375,0.965613413785838,30.799999999999997,0.0584415584415584,0.06301369863013699,0.171786199657084
SPY260618C00721000,2026-05-22 19:18:19+00:00,721.0,30.23,29.05,32.34,4.3599987,16.853493,2.0,3367.0,0.2259598889160156,True,REGULAR,USD,call,2026-06-18,23,745.6400146484375,0.9669545435272072,30.695,0.1071835803876853,0.06301369863013699,0.18483125166168357
SPY260618C00722000,2026-05-22 19:21:48+00:00,722.0,29.86,28.19,31.49,2.2700005,8.22762,12.0,4636.0,0.2237016107177734,True,REGULAR,USD,call,2026-06-18,23,745.6400146484375,0.9682956732685764,29.84,0.1105898123324395,0.06301369863013699,0.18326790357482398
SPY260618C00723000,2026-05-22 18:04:17+00:00,723.0,30.21,27.35,30.64,3.2299995,11.971829,29.0,566.0,0.2213517807006835,True,REGULAR,USD,call,2026-06-18,23,745.6400146484375,0.9696368030099456,28.995,0.1134678392826349,0.06301369863013699,0.18178375829330012
SPY260618C00724000,2026-05-22 19:18:19+00:00,724.0,29.1,27.94,29.73,2.960001,11.323646,60.0,8497.0,0.2180559152221679,True,REGULAR,USD,call,2026-06-18,23,745.6400146484375,0.9709779327513148,28.835,0.0620773365701404,0.06301369863013699,0.19198261473804556
SPY260618C00725000,2026-05-22 19:46:44+00:00,725.0,26.83,25.94,28.84,1.3999996,5.505307,79.0,34010.0,0.215004187927246,True,REGULAR,USD,call,2026-06-18,23,745.6400146484375,0.972319062492684,27.39,0.1058780576852865,0.06301369863013699,0.1799622601895901
SPY260618C00726000,2026-05-22 19:47:56+00:00,726.0,26.12,24.84,28.15,2.9300003,12.634757,14.0,446.0,0.2148210842895507,True,REGULAR,USD,call,2026-06-18,23,745.6400146484375,0.9736601922340532,26.494999999999997,0.1249292319305529,0.06301369863013699,0.17730390735738322
SPY260618C00727000,2026-05-22 16:42:03+00:00,727.0,26.55,24.02,27.34,3.2199993,13.801968,6.0,341.0,0.2127764270019531,True,REGULAR,USD,call,2026-06-18,23,745.6400146484375,0.9750013219754226,25.68,0.1292834890965732,0.06301369863013699,0.17589909963071512
SPY260618C00728000,2026-05-22 19:41:41+00:00,728.0,24.78,23.21,26.53,0.5400009,2.2277265,5.0,993.0,0.2106402178955078,True,REGULAR,USD,call,2026-06-18,23,745.6400146484375,0.9763424517167918,24.87,0.1334941696823482,0.06301369863013699,0.17445958303163203
SPY260618C00729000,2026-05-22 13:56:08+00:00,729.0,25.11,22.4,25.73,3.0,13.568521,2.0,775.0,0.2085650433349609,True,REGULAR,USD,call,2026-06-18,23,745.6400146484375,0.977683581458161,24.064999999999998,0.138375233741949,0.06301369863013699,0.17298268957437668
SPY260618C00730000,2026-05-22 20:02:40+00:00,730.0,22.95,21.61,24.7,1.6500015,7.746486,318.0,17053.0,0.2031634860229492,True,REGULAR,USD,call,2026-06-18,23,745.6400146484375,0.9790247111995302,23.155,0.1334484992442237,0.06301369863013699,0.16972757605565153
SPY260618C00731000,2026-05-22 16:33:24+00:00,731.0,23.54,21.29,23.82,3.3400002,16.534653,27.0,1527.0,0.1998371032714843,True,REGULAR,USD,call,2026-06-18,23,745.6400146484375,0.9803658409408994,22.555,0.1121702504987808,0.06301369863013699,0.17122514998183017
SPY260618C00732000,2026-05-22 19:18:53+00:00,732.0,21.98,20.04,23.38,1.9300003,9.625937,14.0,3145.0,0.2024921060180664,True,REGULAR,USD,call,2026-06-18,23,745.6400146484375,0.9817069706822686,21.71,0.1538461538461538,0.06301369863013699,0.1687592412393344
SPY260618C00733000,2026-05-22 19:27:28+00:00,733.0,21.04,19.79,22.19,2.1000004,11.087647,58.0,2857.0,0.1947102014160156,True,REGULAR,USD,call,2026-06-18,23,745.6400146484375,0.983048100423638,20.990000000000002,0.1143401619818962,0.06301369863013699,0.16807864508854672
SPY260618C00734000,2026-05-22 19:46:20+00:00,734.0,19.77,18.51,21.87,1.8000011,10.016702,45.0,9805.0,0.1987384814453124,True,REGULAR,USD,call,2026-06-18,23,745.6400146484375,0.9843892301650072,20.19,0.1664190193164932,0.06301369863013699,0.16605594121903758
SPY260618C00735000,2026-05-22 19:58:12+00:00,735.0,19.48,17.76,19.99,1.5799999,8.826816,182.0,17115.0,0.1815267395019531,True,REGULAR,USD,call,2026-06-18,23,745.6400146484375,0.9857303599063764,18.875,0.1181456953642382,0.06301369863013699,0.15631368566795797
SPY260618C00736000,2026-05-22 19:57:03+00:00,736.0,18.7,17.02,19.54,2.4700012,15.2187395,18.0,1991.0,0.1836019140624999,True,REGULAR,USD,call,2026-06-18,23,745.6400146484375,0.9870714896477456,18.28,0.1378555798687089,0.06301369863013699,0.1571363807402292
SPY260618C00737000,2026-05-22 20:04:14+00:00,737.0,17.84,17.64,18.61,1.6000004,9.85222,88.0,2127.0,0.1790853576660156,True,REGULAR,USD,call,2026-06-18,23,745.6400146484375,0.9884126193891148,18.125,0.0535172413793102,0.06301369863013699,0.16406475101791532
SPY260618C00738000,2026-05-22 19:37:27+00:00,738.0,17.0,16.36,18.0,1.6000004,10.389613,189.0,2083.0,0.1787496676635742,True,REGULAR,USD,call,2026-06-18,23,745.6400146484375,0.989753749130484,17.18,0.0954598370197905,0.06301369863013699,0.15944626783556554
SPY260618C00739000,2026-05-22 19:41:14+00:00,739.0,16.49,16.13,17.1,1.9699993,13.567488,100.0,2131.0,0.1744467321777344,True,REGULAR,USD,call,2026-06-18,23,745.6400146484375,0.9910948788718532,16.615000000000002,0.0583809810412279,0.06301369863013699,0.1600777783612905
SPY260618C00740000,2026-05-22 20:01:28+00:00,740.0,15.62,15.5,16.25,1.1400003,7.872931,1042.0,34623.0,0.1706931076049805,True,REGULAR,USD,call,2026-06-18,23,745.6400146484375,0.9924360086132225,15.875,0.0472440944881889,0.06301369863013699,0.1580844787373399
SPY260618C00741000,2026-05-22 20:13:33+00:00,741.0,15.25,14.75,16.31,1.3999996,10.1083,356.0,2212.0,0.1786581158447265,True,REGULAR,USD,call,2026-06-18,23,745.6400146484375,0.9937771383545916,15.53,0.1004507405022536,0.06301369863013699,0.16138851164889922
SPY260618C00742000,2026-05-22 20:05:12+00:00,742.0,14.5,13.92,14.88,1.2700005,9.599399,831.0,3136.0,0.1670920693969727,True,REGULAR,USD,call,2026-06-18,23,745.6400146484375,0.9951182680959608,14.4,0.0666666666666667,0.06301369863013699,0.15372262640004908
SPY260618C00743000,2026-05-22 19:58:26+00:00,743.0,13.77,13.17,14.13,1.1500006,9.112524,165.0,1747.0,0.1642539630126953,True,REGULAR,USD,call,2026-06-18,23,745.6400146484375,0.99645939783733,13.65,0.0703296703296703,0.06301369863013699,0.15114204693291713
SPY260618C00744000,2026-05-22 19:15:22+00:00,744.0,13.54,13.27,13.33,1.6300001,13.685979,102.0,2055.0,0.1606224075317383,True,REGULAR,USD,call,2026-06-18,23,745.6400146484375,0.9978005275786992,13.3,0.0045112781954887,0.06301369863013699,0.15381594805074936
SPY260618C00745000,2026-05-22 20:10:41+00:00,745.0,12.6,12.65,12.71,1.21,10.623354,1434.0,20721.0,0.1591575784301758,True,REGULAR,USD,call,2026-06-18,23,745.6400146484375,0.9991416573200684,12.68,0.0047318611987382,0.06301369863013699,0.1526409473418516
SPY260618C00746000,2026-05-22 20:03:08+00:00,746.0,11.86,12.04,12.1,1.1799994,11.048683,840.0,1750.0,0.157662232055664,False,REGULAR,USD,call,2026-06-18,23,745.6400146484375,1.0004827870614377,12.07,0.0049710024855012,0.06301369863013699,0.1514222385380547
SPY260618C00747000,2026-05-22 20:05:22+00:00,747.0,11.45,11.45,11.51,1.1899996,11.598436,1661.0,2863.0,0.1562584375,False,REGULAR,USD,call,2026-06-18,23,745.6400146484375,1.001823916802807,11.48,0.0052264808362369,0.06301369863013699,0.15028981192631344
SPY260618C00748000,2026-05-22 20:14:47+00:00,748.0,10.88,10.87,10.93,1.1599998,11.9341545,1674.0,2408.0,0.1548241256713867,False,REGULAR,USD,call,2026-06-18,23,745.6400146484375,1.0031650465441762,10.899999999999999,0.0055045871559633,0.06301369863013699,0.14910521552078757
SPY260618C00749000,2026-05-22 19:55:20+00:00,749.0,10.23,10.32,10.38,1.0599995,11.559427,463.0,2127.0,0.1535729174804687,False,REGULAR,USD,call,2026-06-18,23,745.6400146484375,1.0045061762855454,10.350000000000001,0.0057971014492754,0.06301369863013699,0.14813242670254764
SPY260618C00750000,2026-05-22 20:14:00+00:00,750.0,9.8,9.78,9.82,1.0,11.363636,3175.0,24179.0,0.1520470538330078,False,REGULAR,USD,call,2026-06-18,23,745.6400146484375,1.0058473060269146,9.8,0.0040816326530613,0.06301369863013699,0.14696588685354553
SPY260618C00751000,2026-05-22 20:12:37+00:00,751.0,9.25,9.25,9.31,1.0,12.121212,275.0,4873.0,0.1509789492797852,False,REGULAR,USD,call,2026-06-18,23,745.6400146484375,1.007188435768284,9.280000000000001,0.0064655172413793,0.06301369863013699,0.14600478392051686
SPY260618C00752000,2026-05-22 19:59:39+00:00,752.0,8.78,8.75,8.8,0.9999995,12.853464,265.0,1099.0,0.1497124824523926,False,REGULAR,USD,call,2026-06-18,23,745.6400146484375,1.0085295655096531,8.775,0.0056980056980057,0.06301369863013699,0.1450454037850461
SPY260618C00753000,2026-05-22 20:01:32+00:00,753.0,8.14,8.26,8.31,0.74000025,10.000003,138.0,771.0,0.148522308807373,False,REGULAR,USD,call,2026-06-18,23,745.6400146484375,1.0098706952510224,8.285,0.0060350030175015,0.06301369863013699,0.14408522875603016
SPY260618C00754000,2026-05-22 19:59:20+00:00,754.0,8.0,7.79,7.84,1.0300002,14.777621,88.0,1069.0,0.1474084283447265,False,REGULAR,USD,call,2026-06-18,23,745.6400146484375,1.0112118249923914,7.8149999999999995,0.0063979526551503,0.06301369863013699,0.14319054858103247
SPY260618C00755000,2026-05-22 20:14:27+00:00,755.0,7.37,7.33,7.39,0.8699999,13.384613,1062.0,13390.0,0.1463708410644531,False,REGULAR,USD,call,2026-06-18,23,745.6400146484375,1.0125529547337606,7.359999999999999,0.0081521739130434,0.06301369863013699,0.1422913347075598
SPY260618C00756000,2026-05-22 19:58:57+00:00,756.0,7.03,6.9,6.95,1.1200004,18.950937,130.0,824.0,0.1452569606018066,False,REGULAR,USD,call,2026-06-18,23,745.6400146484375,1.01389408447513,6.925000000000001,0.0072202166064981,0.06301369863013699,0.14145694511173576
SPY260618C00757000,2026-05-22 19:17:45+00:00,757.0,6.64,6.48,6.53,1.06,18.996414,128.0,900.0,0.1442346319580078,False,REGULAR,USD,call,2026-06-18,23,745.6400146484375,1.015235214216499,6.505000000000001,0.0076863950807071,0.06301369863013699,0.14061712963195944
SPY260618C00758000,2026-05-22 20:06:33+00:00,758.0,6.05,6.08,6.13,0.8500004,16.34616,4736.0,933.0,0.1432580792236328,False,REGULAR,USD,call,2026-06-18,23,745.6400146484375,1.0165763439578683,6.105,0.0081900081900081,0.06301369863013699,0.13984348934733476
SPY260618C00759000,2026-05-22 20:07:32+00:00,759.0,5.65,5.7,5.75,0.6500001,13.000003,339.0,1195.0,0.1423730783081054,False,REGULAR,USD,call,2026-06-18,23,745.6400146484375,1.0179174736992376,5.725,0.0087336244541484,0.06301369863013699,0.1391379832924742
SPY260618C00760000,2026-05-22 20:14:50+00:00,760.0,5.35,5.33,5.37,0.6199999,13.10782,2775.0,15248.0,0.1412744564819336,False,REGULAR,USD,call,2026-06-18,23,745.6400146484375,1.0192586034406068,5.35,0.0074766355140186,0.06301369863013699,0.138282059698937
SPY260618C00761000,2026-05-22 20:14:55+00:00,761.0,4.99,4.98,5.03,0.5799999,13.151926,620.0,781.0,0.1405420419311523,False,REGULAR,USD,call,2026-06-18,23,745.6400146484375,1.020599733181976,5.005000000000001,0.0099900099900099,0.06301369863013699,0.13764731308817144
SPY260618C00762000,2026-05-22 19:46:22+00:00,762.0,4.55,4.65,4.7,0.47000027,11.519614,186.0,1859.0,0.139733334197998,False,REGULAR,USD,call,2026-06-18,23,745.6400146484375,1.0219408629233453,4.675000000000001,0.0106951871657753,0.06301369863013699,0.13701641877458678
SPY260618C00763000,2026-05-22 20:14:55+00:00,763.0,4.36,4.34,4.38,0.61000013,16.26667,212.0,1387.0,0.1388635919189453,False,REGULAR,USD,call,2026-06-18,23,745.6400146484375,1.0232819926647143,4.359999999999999,0.0091743119266055,0.06301369863013699,0.1363915385932176
SPY260618C00764000,2026-05-22 19:55:07+00:00,764.0,4.02,4.04,4.08,0.63999987,18.934908,316.0,881.0,0.1381006600952148,False,REGULAR,USD,call,2026-06-18,23,745.6400146484375,1.0246231224060838,4.0600000000000005,0.0098522167487684,0.06301369863013699,0.13577617848656032
SPY260618C00765000,2026-05-22 20:14:21+00:00,765.0,3.79,3.75,3.8,0.49,14.848486,22617.0,13257.0,0.137429280090332,False,REGULAR,USD,call,2026-06-18,23,745.6400146484375,1.0259642521474528,3.775,0.0132450331125827,0.06301369863013699,0.1351743319131607
SPY260618C00766000,2026-05-22 20:03:08+00:00,766.0,3.45,3.49,3.53,0.4000001,13.114758,447.0,1599.0,0.1367273828125,False,REGULAR,USD,call,2026-06-18,23,745.6400146484375,1.027305381888822,3.51,0.0113960113960112,0.06301369863013699,0.1346766673979924
SPY260618C00767000,2026-05-22 19:49:34+00:00,767.0,3.21,3.23,3.28,0.43000007,15.4676285,370.0,1450.0,0.1361170373535156,False,REGULAR,USD,call,2026-06-18,23,745.6400146484375,1.0286465116301913,3.255,0.0153609831029185,0.06301369863013699,0.13412008716457835
SPY260618C00768000,2026-05-22 19:49:32+00:00,768.0,2.97,2.99,3.04,0.4100001,16.015629,223.0,853.0,0.1354456573486328,False,REGULAR,USD,call,2026-06-18,23,745.6400146484375,1.0299876413715603,3.015,0.0165837479270314,0.06301369863013699,0.1335955326218853
SPY260618C00769000,2026-05-22 19:43:35+00:00,769.0,2.82,2.77,2.81,0.48000002,20.512823,590.0,519.0,0.13477427734375,False,REGULAR,USD,call,2026-06-18,23,745.6400146484375,1.0313287711129298,2.79,0.014336917562724,0.06301369863013699,0.1331116933691152
SPY260618C00770000,2026-05-22 20:11:06+00:00,770.0,2.57,2.56,2.6,0.3499999,15.76576,1666.0,16708.0,0.134224966430664,False,REGULAR,USD,call,2026-06-18,23,745.6400146484375,1.032669900854299,2.58,0.0155038759689922,0.06301369863013699,0.132679278646907
SPY260618C00771000,2026-05-22 20:12:24+00:00,771.0,2.36,2.36,2.4,0.4699999,24.867722,987.0,641.0,0.1336146209716797,False,REGULAR,USD,call,2026-06-18,23,745.6400146484375,1.0340110305956682,2.38,0.0168067226890756,0.06301369863013699,0.13220917103545943
SPY260618C00772000,2026-05-22 20:14:57+00:00,772.0,2.19,2.18,2.21,0.3800001,20.994482,2581.0,1554.0,0.1330042755126953,False,REGULAR,USD,call,2026-06-18,23,745.6400146484375,1.0353521603370377,2.1950000000000003,0.0136674259681092,0.06301369863013699,0.13181016121870767
SPY260618C00773000,2026-05-22 19:32:55+00:00,773.0,2.06,2.0,2.04,0.4699999,29.559744,216.0,1064.0,0.1326075509643555,False,REGULAR,USD,call,2026-06-18,23,745.6400146484375,1.0366932900784067,2.02,0.0198019801980198,0.06301369863013699,0.1313891091997826
SPY260618C00774000,2026-05-22 19:55:12+00:00,774.0,1.86,1.84,1.88,0.34000003,22.368423,818.0,715.0,0.1321803091430664,False,REGULAR,USD,call,2026-06-18,23,745.6400146484375,1.038034419819776,1.8599999999999999,0.0215053763440859,0.06301369863013699,0.1310666972385515
SPY260618C00775000,2026-05-22 20:13:06+00:00,775.0,1.7,1.69,1.73,0.2700001,18.881126,18120.0,26221.0,0.1317835845947265,False,REGULAR,USD,call,2026-06-18,23,745.6400146484375,1.0393755495611452,1.71,0.0233918128654971,0.06301369863013699,0.13074513473630212
SPY260618C00776000,2026-05-22 19:53:51+00:00,776.0,1.56,1.55,1.58,0.3499999,28.92561,277.0,1107.0,0.1311122045898437,False,REGULAR,USD,call,2026-06-18,23,745.6400146484375,1.0407166793025142,1.565,0.0191693290734824,0.06301369863013699,0.13030845098976002
SPY260618C00777000,2026-05-22 20:06:29+00:00,777.0,1.43,1.42,1.45,0.26,22.222223,428.0,800.0,0.1307459973144531,False,REGULAR,USD,call,2026-06-18,23,745.6400146484375,1.0420578090438837,1.435,0.0209059233449477,0.06301369863013699,0.13001486337326001
SPY260618C00778000,2026-05-22 19:46:23+00:00,778.0,1.31,1.3,1.33,0.29999995,29.702965,433.0,1728.0,0.1304408245849609,False,REGULAR,USD,call,2026-06-18,23,745.6400146484375,1.0433989387852527,1.315,0.0228136882129277,0.06301369863013699,0.12975778682602443
SPY260618C00779000,2026-05-22 20:14:38+00:00,779.0,1.22,1.19,1.22,0.32000005,35.55556,301.0,385.0,0.1301356518554687,False,REGULAR,USD,call,2026-06-18,23,745.6400146484375,1.044740068526622,1.205,0.0248962655601659,0.06301369863013699,0.12955471984993347
SPY260618C00780000,2026-05-22 20:13:21+00:00,780.0,1.09,1.09,1.12,0.19000006,21.111116,1690.0,12794.0,0.1299525482177734,False,REGULAR,USD,call,2026-06-18,23,745.6400146484375,1.0460811982679912,1.105,0.0271493212669683,0.06301369863013699,0.12942625427686164
SPY260618C00781000,2026-05-22 19:59:34+00:00,781.0,1.04,0.99,1.02,0.23999995,29.999992,365.0,1271.0,0.1295253063964843,False,REGULAR,USD,call,2026-06-18,23,745.6400146484375,1.0474223280093604,1.005,0.0298507462686567,0.06301369863013699,0.12907072796651167
SPY260618C00782000,2026-05-22 20:12:51+00:00,782.0,0.92,0.91,0.93,0.17000002,22.666668,472.0,553.0,0.1291590991210937,False,REGULAR,USD,call,2026-06-18,23,745.6400146484375,1.0487634577507297,0.92,0.0217391304347826,0.06301369863013699,0.1289791728584388
SPY260618C00783000,2026-05-22 19:50:00+00:00,783.0,0.84,0.83,0.85,0.17999995,27.272718,521.0,711.0,0.1289759954833984,False,REGULAR,USD,call,2026-06-18,23,745.6400146484375,1.050104587492099,0.84,0.0238095238095238,0.06301369863013699,0.1288470293739704
SPY260618C00784000,2026-05-22 19:03:03+00:00,784.0,0.8,0.75,0.78,0.21000004,35.59323,229.0,2603.0,0.1289149609375,False,REGULAR,USD,call,2026-06-18,23,745.6400146484375,1.051445717233468,0.765,0.0392156862745098,0.06301369863013699,0.12867937749405514
SPY260618C00785000,2026-05-22 20:00:00+00:00,785.0,0.7,0.69,0.71,0.13999999,24.999996,234.0,7016.0,0.1286708227539062,False,REGULAR,USD,call,2026-06-18,23,745.6400146484375,1.0527868469748374,0.7,0.0285714285714286,0.06301369863013699,0.12868986084381376
SPY260618C00786000,2026-05-22 19:41:32+00:00,786.0,0.64,0.63,0.65,0.13999999,27.999996,85.0,673.0,0.1286708227539062,False,REGULAR,USD,call,2026-06-18,23,745.6400146484375,1.0541279767162064,0.64,0.03125,0.06301369863013699,0.12870754286390726
SPY260618C00787000,2026-05-22 19:43:57+00:00,787.0,0.61,0.57,0.6,0.15,32.608696,114.0,473.0,0.1289149609375,False,REGULAR,USD,call,2026-06-18,23,745.6400146484375,1.0554691064575756,0.585,0.0512820512820513,0.06301369863013699,0.12874734033099167
SPY260618C00788000,2026-05-22 15:57:29+00:00,788.0,0.66,0.52,0.55,0.19000003,40.425537,7.0,129.0,0.1289149609375,False,REGULAR,USD,call,2026-06-18,23,745.6400146484375,1.0568102361989449,0.535,0.0560747663551402,0.06301369863013699,0.1288272939990252
SPY260618C00789000,2026-05-22 17:09:20+00:00,789.0,0.6,0.48,0.5,0.22000003,57.89474,6.0,228.0,0.1287928918457031,False,REGULAR,USD,call,2026-06-18,23,745.6400146484375,1.058151365940314,0.49,0.0408163265306122,0.06301369863013699,0.12896903215039626
SPY260618C00790000,2026-05-22 19:57:52+00:00,790.0,0.46,0.44,0.46,0.13,39.393936,536.0,10342.0,0.1289149609375,False,REGULAR,USD,call,2026-06-18,23,745.6400146484375,1.0594924956816834,0.45,0.0444444444444444,0.06301369863013699,0.12919814486315806
SPY260618C00791000,2026-05-22 20:02:33+00:00,791.0,0.39,0.4,0.42,0.06999999,21.874998,8.0,340.0,0.1290370300292968,False,REGULAR,USD,call,2026-06-18,23,745.6400146484375,1.0608336254230526,0.41000000000000003,0.0487804878048779,0.06301369863013699,0.1292484469888553
SPY260618C00792000,2026-05-22 19:32:57+00:00,792.0,0.39,0.37,0.39,0.049999982,14.705877,2.0,255.0,0.1294032373046875,False,REGULAR,USD,call,2026-06-18,23,745.6400146484375,1.0621747551644218,0.38,0.0526315789473684,0.06301369863013699,0.1297292411053506
SPY260618C00793000,2026-05-22 19:32:57+00:00,793.0,0.36,0.34,0.36,0.08000001,28.571432,3.0,532.0,0.1297694445800781,False,REGULAR,USD,call,2026-06-18,23,745.6400146484375,1.063515884905791,0.35,0.057142857142857,0.06301369863013699,0.1300663455008232
SPY260618C00794000,2026-05-22 13:32:38+00:00,794.0,0.38,0.31,0.33,0.13,52.0,1.0,141.0,0.129891513671875,False,REGULAR,USD,call,2026-06-18,23,745.6400146484375,1.0648570146471603,0.32,0.0625,0.06301369863013699,0.13024357769261408
SPY260618C00795000,2026-05-22 17:54:29+00:00,795.0,0.35,0.29,0.3,0.14,66.66667,273.0,3963.0,0.129891513671875,False,REGULAR,USD,call,2026-06-18,23,745.6400146484375,1.0661981443885296,0.295,0.0338983050847458,0.06301369863013699,0.13062033588148153
SPY260618C00796000,2026-05-22 19:02:07+00:00,796.0,0.3,0.26,0.28,0.120000005,66.66667,40.0,1978.0,0.1303797900390624,False,REGULAR,USD,call,2026-06-18,23,745.6400146484375,1.0675392741298988,0.27,0.0740740740740741,0.06301369863013699,0.13084540936839303
SPY260618C00797000,2026-05-22 15:40:27+00:00,797.0,0.32,0.24,0.26,0.13999999,77.77777,65.0,578.0,0.1308680664062499,False,REGULAR,USD,call,2026-06-18,23,745.6400146484375,1.0688804038712678,0.25,0.08,0.06301369863013699,0.13133076909525984
SPY260618C00798000,2026-05-22 19:52:50+00:00,798.0,0.24,0.23,0.24,0.019999996,9.090907,7.0,259.0,0.1312342736816406,False,REGULAR,USD,call,2026-06-18,23,745.6400146484375,1.070221533612637,0.235,0.0425531914893616,0.06301369863013699,0.13213636231718134
SPY260618C00799000,2026-05-22 14:53:08+00:00,799.0,0.24,0.21,0.22,0.11,84.61539,1.0,102.0,0.1313563427734375,False,REGULAR,USD,call,2026-06-18,23,745.6400146484375,1.0715626633540063,0.215,0.0465116279069767,0.06301369863013699,0.1323693171552744
SPY260618C00800000,2026-05-22 20:10:48+00:00,800.0,0.2,0.2,0.21,0.040000007,25.000006,5190.0,25027.0,0.1324549645996094,False,REGULAR,USD,call,2026-06-18,23,745.6400146484375,1.0729037930953755,0.20500000000000002,0.0487804878048779,0.06301369863013699,0.13345881849906852
SPY260618C00805000,2026-05-22 19:58:22+00:00,805.0,0.14,0.14,0.15,0.04,39.999996,106.0,4887.0,0.1355066918945313,False,REGULAR,USD,call,2026-06-18,23,745.6400146484375,1.0796094418022215,0.14500000000000002,0.0689655172413791,0.06301369863013699,0.13659536649515705
SPY260618C00810000,2026-05-22 18:49:04+00:00,810.0,0.11,0.1,0.11,0.05,83.333336,112.0,8191.0,0.13868048828125,False,REGULAR,USD,call,2026-06-18,23,745.6400146484375,1.0863150905090675,0.10500000000000001,0.0952380952380951,0.06301369863013699,0.14006636645519327
SPY260618C00815000,2026-05-22 13:42:44+00:00,815.0,0.08,0.08,0.09,0.029999997,59.999996,6.0,2184.0,0.1440515283203124,False,REGULAR,USD,call,2026-06-18,23,745.6400146484375,1.093020739215914,0.08499999999999999,0.1176470588235293,0.06301369863013699,0.14537460459403373
SPY260618C00820000,2026-05-22 20:13:28+00:00,820.0,0.06,0.06,0.07,0.009999998,19.999996,187.0,9808.0,0.1479577392578125,False,REGULAR,USD,call,2026-06-18,23,745.6400146484375,1.09972638792276,0.065,0.1538461538461539,0.06301369863013699,0.14943541665863402
SPY260618C00825000,2026-05-22 19:46:12+00:00,825.0,0.06,0.05,0.06,0.009999998,19.999996,94.0,6886.0,0.153328779296875,False,REGULAR,USD,call,2026-06-18,23,745.6400146484375,1.106432036629606,0.055,0.1818181818181817,0.06301369863013699,0.1550535690406379
SPY260618C00830000,2026-05-22 16:13:15+00:00,830.0,0.05,0.04,0.05,0.020000001,66.66667,8.0,3542.0,0.15821154296875,False,REGULAR,USD,call,2026-06-18,23,745.6400146484375,1.113137685336452,0.045,0.2222222222222222,0.06301369863013699,0.15987380825321917
SPY260618C00835000,2026-05-22 14:08:12+00:00,835.0,0.04,0.04,0.05,0.01,33.333336,24.0,5174.0,0.16602396484375,False,REGULAR,USD,call,2026-06-18,23,745.6400146484375,1.1198433340432985,0.045,0.2222222222222222,0.06301369863013699,0.16799053021206478
SPY260618C00840000,2026-05-22 17:10:02+00:00,840.0,0.03,0.03,0.04,0.0,0.0,127.0,9190.0,0.16993017578125,False,REGULAR,USD,call,2026-06-18,23,745.6400146484375,1.1265489827501445,0.035,0.2857142857142857,0.06301369863013699,0.1715086579374191
SPY260618C00845000,2026-05-22 17:32:16+00:00,845.0,0.04,0.03,0.04,0.01,33.333336,69.0,8454.0,0.17774259765625,False,REGULAR,USD,call,2026-06-18,23,745.6400146484375,1.1332546314569905,0.035,0.2857142857142857,0.06301369863013699,0.17928294596266917
SPY260618C00855000,2026-05-22 13:43:44+00:00,855.0,0.02,0.02,0.03,0.0,0.0,2.0,5983.0,0.187508125,False,REGULAR,USD,call,2026-06-18,23,745.6400146484375,1.1466659288706826,0.025,0.3999999999999999,0.06301369863013699,0.1883806679331916
SPY260618C00860000,2026-05-21 16:01:26+00:00,860.0,0.02,0.02,0.03,0.0,0.0,2.0,8065.0,0.194343994140625,False,REGULAR,USD,call,2026-06-18,23,745.6400146484375,1.1533715775775288,0.025,0.3999999999999999,0.06301369863013699,0.19572331659942405
SPY260618C00865000,2026-05-22 14:30:39+00:00,865.0,0.02,0.02,0.03,0.0,0.0,16.0,9278.0,0.2011798632812499,False,REGULAR,USD,call,2026-06-18,23,745.6400146484375,1.1600772262843748,0.025,0.3999999999999999,0.06301369863013699,0.2029962214158613
SPY260618C00870000,2026-05-22 19:31:42+00:00,870.0,0.02,0.02,0.03,0.0,0.0,170.0,17199.0,0.2080157324218749,False,REGULAR,USD,call,2026-06-18,23,745.6400146484375,1.166782874991221,0.025,0.3999999999999999,0.06301369863013699,0.21020191785815182
SPY260626C00600000,2026-05-19 15:57:37+00:00,600.0,135.51,146.11,149.31,0.0,0.0,,5.0,0.5117236328125,True,REGULAR,USD,call,2026-06-26,31,745.6400146484375,0.8046778448215317,147.71,0.0216640714914358,0.08493150684931507,0.2671026452688179
SPY260626C00625000,2026-05-15 20:04:39+00:00,625.0,115.98,121.34,124.54,0.0,0.0,2.0,4.0,0.4422663195800781,True,REGULAR,USD,call,2026-06-26,31,745.6400146484375,0.8382060883557622,122.94,0.0260289572149016,0.08493150684931507,0.26568020208142884
SPY260626C00635000,2026-05-11 16:36:37+00:00,635.0,109.12,111.46,114.66,0.0,0.0,1.0,3.0,0.4151059466552734,True,REGULAR,USD,call,2026-06-26,31,745.6400146484375,0.8516173857694543,113.06,0.0283035556341765,0.08493150684931507,0.2580575474467196
SPY260626C00640000,2026-05-11 14:00:10+00:00,640.0,102.89,106.53,109.72,0.0,0.0,,2.0,0.401373173828125,True,REGULAR,USD,call,2026-06-26,31,745.6400146484375,0.8583230344763004,108.125,0.0295028901734103,0.08493150684931507,0.2532096204295471
SPY260626C00645000,2026-05-18 19:28:57+00:00,645.0,93.61,101.6,104.8,0.0,0.0,,1.0,0.388128677368164,True,REGULAR,USD,call,2026-06-26,31,745.6400146484375,0.8650286831831465,103.19999999999999,0.0310077519379845,0.08493150684931507,0.2484703055723309
SPY260626C00650000,2026-05-12 14:30:59+00:00,650.0,89.29,96.68,99.89,0.0,0.0,,3.0,0.37500625,True,REGULAR,USD,call,2026-06-26,31,745.6400146484375,0.8717343318899926,98.285,0.0326601210764612,0.08493150684931507,0.24364553171088327
SPY260626C00660000,2026-05-19 16:59:21+00:00,660.0,79.65,86.88,90.08,0.0,0.0,1.0,10.0,0.3485782916259765,True,REGULAR,USD,call,2026-06-26,31,745.6400146484375,0.8851456293036849,88.47999999999999,0.0361663652802893,0.08493150684931507,0.23292527331576723
SPY260626C00665000,2026-05-22 16:56:47+00:00,665.0,85.0,82.0,85.22,5.3899994,6.770506,1.0,9.0,0.3361272442626953,True,REGULAR,USD,call,2026-06-26,31,745.6400146484375,0.891851278010531,83.61,0.0385121396962085,0.08493150684931507,0.22815539460426928
SPY260626C00670000,2026-05-11 18:58:40+00:00,670.0,74.31,77.14,80.36,0.0,0.0,1.0,10.0,0.3234320587158202,True,REGULAR,USD,call,2026-06-26,31,745.6400146484375,0.8985569267173771,78.75,0.0408888888888888,0.08493150684931507,0.22277578412914115
SPY260626C00675000,2026-05-22 14:39:11+00:00,675.0,73.82,72.31,75.53,12.139999,19.68223,2.0,12.0,0.3111030804443359,True,REGULAR,USD,call,2026-06-26,31,745.6400146484375,0.9052625754242232,73.92,0.043560606060606,0.08493150684931507,0.21772258972844202
SPY260626C00680000,2026-05-22 15:11:36+00:00,680.0,69.16,67.5,70.73,1.9800034,2.9473107,1.0,41.0,0.2990792749023437,True,REGULAR,USD,call,2026-06-26,31,745.6400146484375,0.9119682241310691,69.11500000000001,0.0467337046950734,0.08493150684931507,0.21249741665543218
SPY260626C00685000,2026-05-22 15:36:17+00:00,685.0,65.83,62.72,65.96,7.710003,13.265662,1.0,19.0,0.2872080557250975,True,REGULAR,USD,call,2026-06-26,31,745.6400146484375,0.9186738728379154,64.34,0.0503574759092321,0.08493150684931507,0.20713272737707544
SPY260626C00690000,2026-05-21 19:03:38+00:00,690.0,56.12,57.99,61.24,0.0,0.0,2.0,56.0,0.2757945956420897,True,REGULAR,USD,call,2026-06-26,31,745.6400146484375,0.9253795215447614,59.615,0.0545164807514887,0.08493150684931507,0.202086003581654
SPY260626C00695000,2026-05-21 14:05:38+00:00,695.0,49.88,53.3,56.55,0.0,0.0,1.0,32.0,0.2643506182861328,True,REGULAR,USD,call,2026-06-26,31,745.6400146484375,0.9320851702516076,54.925,0.0591715976331361,0.08493150684931507,0.19661781836393968
SPY260626C00700000,2026-05-22 19:59:01+00:00,700.0,50.42,48.67,51.92,6.5199966,14.851928,4.0,38.0,0.2532728482055664,True,REGULAR,USD,call,2026-06-26,31,745.6400146484375,0.9387908189584536,50.295,0.0646187493786658,0.08493150684931507,0.19123350167880535
SPY260626C00701000,2026-05-21 17:45:07+00:00,701.0,49.46,47.75,51.0,0.0,0.0,,3.0,0.2510756045532226,True,REGULAR,USD,call,2026-06-26,31,745.6400146484375,0.9401319486998228,49.375,0.0658227848101265,0.08493150684931507,0.19011255452245454
SPY260626C00702000,2026-05-15 15:29:32+00:00,702.0,45.61,46.83,50.09,0.0,0.0,1.0,2.0,0.2490004299926758,True,REGULAR,USD,call,2026-06-26,31,745.6400146484375,0.941473078441192,48.46,0.0672719768881552,0.08493150684931507,0.18904376696474806
SPY260626C00703000,2026-05-19 16:32:24+00:00,703.0,38.97,45.92,49.18,0.0,0.0,,2.0,0.2468947381591797,True,REGULAR,USD,call,2026-06-26,31,745.6400146484375,0.9428142081825612,47.55,0.0685594111461619,0.08493150684931507,0.18802120144853568
SPY260626C00704000,2026-05-22 14:22:04+00:00,704.0,46.18,45.01,48.27,9.0,24.206562,1.0,2.0,0.2447280117797852,True,REGULAR,USD,call,2026-06-26,31,745.6400146484375,0.9441553379239304,46.64,0.0698970840480275,0.08493150684931507,0.18692788109473044
SPY260626C00705000,2026-05-20 17:51:23+00:00,705.0,42.01,44.1,47.36,0.0,0.0,1.0,4.0,0.2425612854003906,True,REGULAR,USD,call,2026-06-26,31,745.6400146484375,0.9454964676652996,45.730000000000004,0.071287994751804,0.08493150684931507,0.18576639671373696
SPY260626C00706000,2026-05-22 14:45:16+00:00,706.0,44.5,43.2,46.46,6.2700005,16.400734,1.0,1.0,0.2404861108398437,True,REGULAR,USD,call,2026-06-26,31,745.6400146484375,0.946837597406669,44.83,0.0727191612759312,0.08493150684931507,0.18475102695170947
SPY260626C00707000,2026-05-19 13:32:15+00:00,707.0,35.76,42.3,45.57,0.0,0.0,1.0,5.0,0.2385635226440429,True,REGULAR,USD,call,2026-06-26,31,745.6400146484375,0.9481787271480382,43.935,0.0744281324684193,0.08493150684931507,0.18376579095430012
SPY260626C00708000,2026-05-19 18:04:39+00:00,708.0,36.77,41.4,44.67,0.0,0.0,1.0,6.0,0.236412054901123,True,REGULAR,USD,call,2026-06-26,31,745.6400146484375,0.9495198568894074,43.035,0.0759846636458697,0.08493150684931507,0.1826030498046865
SPY260626C00709000,2026-05-22 13:52:49+00:00,709.0,43.19,40.51,43.78,8.599998,24.862673,1.0,3.0,0.23438265625,True,REGULAR,USD,call,2026-06-26,31,745.6400146484375,0.9508609866307766,42.144999999999996,0.077589275121604,0.08493150684931507,0.18156958270723297
SPY260626C00710000,2026-05-22 19:12:19+00:00,710.0,41.78,39.62,42.89,4.299999,11.472783,6.0,20.0,0.2323074816894531,True,REGULAR,USD,call,2026-06-26,31,745.6400146484375,0.9522021163721458,41.254999999999995,0.0792631196218641,0.08493150684931507,0.1804602963203978
SPY260626C00711000,2026-05-21 17:45:07+00:00,711.0,40.55,38.73,42.01,0.0,0.0,4.0,6.0,0.2303543762207031,True,REGULAR,USD,call,2026-06-26,31,745.6400146484375,0.953543246113515,40.37,0.0812484518206589,0.08493150684931507,0.1793722800239757
SPY260626C00712000,2026-05-22 13:38:26+00:00,712.0,41.32,37.85,41.13,7.0,20.39627,1.0,2.0,0.2283402362060547,True,REGULAR,USD,call,2026-06-26,31,745.6400146484375,0.9548843758548844,39.49,0.083059002279058,0.08493150684931507,0.17830170481726787
SPY260626C00713000,2026-05-21 19:55:14+00:00,713.0,35.99,36.97,40.26,0.0,0.0,1.0,2.0,0.2264176480102538,True,REGULAR,USD,call,2026-06-26,31,745.6400146484375,0.9562255055962536,38.614999999999995,0.0852000517933445,0.08493150684931507,0.1772444082629239
SPY260626C00714000,2026-05-22 13:57:57+00:00,714.0,38.77,36.1,39.38,8.82,29.449081,1.0,9.0,0.2243119561767577,True,REGULAR,USD,call,2026-06-26,31,745.6400146484375,0.9575666353376228,37.74,0.0869104398516163,0.08493150684931507,0.17610770473093737
SPY260626C00715000,2026-05-22 20:14:34+00:00,715.0,36.43,35.23,38.52,3.0999985,9.300925,1.0,41.0,0.2224504025268554,True,REGULAR,USD,call,2026-06-26,31,745.6400146484375,0.958907765078992,36.875,0.089220338983051,0.08493150684931507,0.17506875877451994
SPY260626C00716000,2026-05-22 14:45:16+00:00,716.0,35.57,34.37,37.66,-4.59,-11.429283,1.0,4.0,0.2205278143310546,True,REGULAR,USD,call,2026-06-26,31,745.6400146484375,0.9602488948203612,36.015,0.0913508260447035,0.08493150684931507,0.1740330291307435
SPY260626C00717000,2026-05-22 19:46:06+00:00,717.0,34.99,33.51,36.81,3.8400002,12.327448,4.0,1.0,0.2186967779541015,True,REGULAR,USD,call,2026-06-26,31,745.6400146484375,0.9615900245617304,35.16,0.0938566552901025,0.08493150684931507,0.17299757710176994
SPY260626C00718000,2026-05-22 14:40:22+00:00,718.0,34.38,32.66,35.95,5.5200005,19.12682,1.0,5.0,0.2166673793029785,True,REGULAR,USD,call,2026-06-26,31,745.6400146484375,0.9629311543030996,34.305,0.095904387115581,0.08493150684931507,0.17187646236395926
SPY260626C00719000,2026-05-21 15:13:29+00:00,719.0,28.1,31.81,35.11,0.0,0.0,,1.0,0.2148516015625,True,REGULAR,USD,call,2026-06-26,31,745.6400146484375,0.9642722840444689,33.46,0.0986252241482367,0.08493150684931507,0.1708342001558484
SPY260626C00720000,2026-05-22 19:04:22+00:00,720.0,33.05,30.97,34.27,2.4499989,8.006532,33.0,144.0,0.2129900479125976,True,REGULAR,USD,call,2026-06-26,31,745.6400146484375,0.965613413785838,32.620000000000005,0.1011649294911098,0.08493150684931507,0.16978362109693573
SPY260626C00721000,2026-05-21 17:36:29+00:00,721.0,29.93,30.13,33.43,0.0,0.0,10.0,29.0,0.2110674597167968,True,REGULAR,USD,call,2026-06-26,31,745.6400146484375,0.9669545435272072,31.78,0.1038388923851479,0.08493150684931507,0.16864421145351668
SPY260626C00722000,2026-05-22 17:57:19+00:00,722.0,32.22,29.3,32.6,5.3500004,19.91068,2.0,21.0,0.2092059060668945,True,REGULAR,USD,call,2026-06-26,31,745.6400146484375,0.9682956732685764,30.950000000000003,0.1066235864297253,0.08493150684931507,0.1675712198601168
SPY260626C00723000,2026-05-21 13:55:44+00:00,723.0,25.57,28.47,31.78,0.0,0.0,1.0,1.0,0.2074359042358398,True,REGULAR,USD,call,2026-06-26,31,745.6400146484375,0.9696368030099456,30.125,0.1098755186721992,0.08493150684931507,0.16648202080170374
SPY260626C00724000,2026-05-22 14:02:37+00:00,724.0,29.3,27.65,30.97,3.6899986,14.408429,3.0,18.0,0.2056964196777343,True,REGULAR,USD,call,2026-06-26,31,745.6400146484375,0.9709779327513148,29.31,0.1132719208461276,0.08493150684931507,0.16544918386613863
SPY260626C00725000,2026-05-22 16:46:06+00:00,725.0,29.54,26.84,30.16,2.17,7.9283886,36.0,150.0,0.2039264178466796,True,REGULAR,USD,call,2026-06-26,31,745.6400146484375,0.972319062492684,28.5,0.1164912280701754,0.08493150684931507,0.16439364970625125
SPY260626C00726000,2026-05-21 16:22:53+00:00,726.0,22.99,26.04,29.36,0.0,0.0,1.0,9.0,0.2021869332885741,True,REGULAR,USD,call,2026-06-26,31,745.6400146484375,0.9736601922340532,27.7,0.11985559566787,0.08493150684931507,0.1633850073593084
SPY260626C00727000,2026-05-21 14:28:21+00:00,727.0,22.21,25.24,28.56,0.0,0.0,2.0,6.0,0.2003864141845703,True,REGULAR,USD,call,2026-06-26,31,745.6400146484375,0.9750013219754226,26.9,0.1234200743494424,0.08493150684931507,0.16227691953088266
SPY260626C00728000,2026-05-21 18:07:10+00:00,728.0,24.66,24.45,27.78,0.0,0.0,6.0,61.0,0.1987689987182617,True,REGULAR,USD,call,2026-06-26,31,745.6400146484375,0.9763424517167918,26.115000000000002,0.1275129236071224,0.08493150684931507,0.16127885569258998
SPY260626C00729000,2026-05-22 15:11:32+00:00,729.0,25.41,23.66,27.0,5.3999996,26.986504,1.0,13.0,0.1970600314331054,True,REGULAR,USD,call,2026-06-26,31,745.6400146484375,0.977683581458161,25.33,0.1318594551914725,0.08493150684931507,0.16017790902302725
SPY260626C00730000,2026-05-22 18:39:26+00:00,730.0,25.31,22.88,26.23,2.3099995,10.043476,12.0,151.0,0.1954120986938476,True,REGULAR,USD,call,2026-06-26,31,745.6400146484375,0.9790247111995302,24.555,0.1364284259824883,0.08493150684931507,0.15910944829665707
SPY260626C00731000,2026-05-22 19:13:32+00:00,731.0,24.44,22.12,25.46,5.0600014,26.1094,3.0,52.0,0.1936878727722168,True,REGULAR,USD,call,2026-06-26,31,745.6400146484375,0.9803658409408994,23.79,0.1403951240016814,0.08493150684931507,0.15806950816310575
SPY260626C00732000,2026-05-21 19:30:04+00:00,732.0,21.15,21.36,24.71,0.0,0.0,1.0,56.0,0.192116233215332,True,REGULAR,USD,call,2026-06-26,31,745.6400146484375,0.9817069706822686,23.035,0.1454308660733666,0.08493150684931507,0.1570530622346419
SPY260626C00733000,2026-05-22 14:40:22+00:00,733.0,22.37,20.85,23.96,2.0,9.81836,2.0,157.0,0.1904683004760742,True,REGULAR,USD,call,2026-06-26,31,745.6400146484375,0.983048100423638,22.405,0.1388083017183664,0.08493150684931507,0.15753846430107923
SPY260626C00734000,2026-05-22 19:01:55+00:00,734.0,22.17,19.87,22.57,1.9500008,9.643921,4.0,234.0,0.1812215667724609,True,REGULAR,USD,call,2026-06-26,31,745.6400146484375,0.9843892301650072,21.22,0.1272384542884071,0.08493150684931507,0.15079540317054815
SPY260626C00735000,2026-05-22 19:45:10+00:00,735.0,20.75,19.13,21.44,1.4300003,7.401658,23.0,371.0,0.1750113017272949,True,REGULAR,USD,call,2026-06-26,31,745.6400146484375,0.9857303599063764,20.285,0.1138772491989155,0.08493150684931507,0.14721845998064945
SPY260626C00736000,2026-05-22 14:24:46+00:00,736.0,19.5,18.41,21.79,-0.34000015,-1.7137104,11.0,229.0,0.1859212268066406,True,REGULAR,USD,call,2026-06-26,31,745.6400146484375,0.9870714896477456,20.1,0.1681592039800994,0.08493150684931507,0.15295581711774947
SPY260626C00737000,2026-05-22 19:46:06+00:00,737.0,19.14,17.7,19.61,2.5900002,15.649549,23.0,284.0,0.1674582766723633,True,REGULAR,USD,call,2026-06-26,31,745.6400146484375,0.9884126193891148,18.655,0.1023854194585901,0.08493150684931507,0.14285280693806957
SPY260626C00738000,2026-05-22 19:08:59+00:00,738.0,18.84,17.81,19.45,2.1200008,12.679431,27.0,154.0,0.1722189712524414,True,REGULAR,USD,call,2026-06-26,31,745.6400146484375,0.989753749130484,18.63,0.0880300590445518,0.08493150684931507,0.15019212335924326
SPY260626C00739000,2026-05-22 18:46:08+00:00,739.0,18.83,16.31,18.3,2.6800003,16.594429,29.0,277.0,0.1655356884765625,True,REGULAR,USD,call,2026-06-26,31,745.6400146484375,0.9910948788718532,17.305,0.1149956659924878,0.08493150684931507,0.14149119202280622
SPY260626C00740000,2026-05-22 19:53:09+00:00,740.0,17.19,16.31,17.95,1.1900005,7.4375033,121.0,395.0,0.1678855184936523,True,REGULAR,USD,call,2026-06-26,31,745.6400146484375,0.9924360086132225,17.13,0.0957384705195563,0.08493150684931507,0.1466105460053632
SPY260626C00741000,2026-05-22 19:19:10+00:00,741.0,17.0,14.96,18.38,1.9499998,12.956808,67.0,425.0,0.1789022540283203,True,REGULAR,USD,call,2026-06-26,31,745.6400146484375,0.9937771383545916,16.67,0.2051589682063586,0.08493150684931507,0.14809758991049765
SPY260626C00742000,2026-05-22 19:59:00+00:00,742.0,16.18,15.7,16.76,1.54,10.519125,176.0,454.0,0.1666343103027344,True,REGULAR,USD,call,2026-06-26,31,745.6400146484375,0.9951182680959608,16.23,0.0653111521873076,0.08493150684931507,0.1496538939640994
SPY260626C00743000,2026-05-22 19:50:10+00:00,743.0,15.11,14.32,16.13,1.0699997,7.6210804,56.0,473.0,0.1654288780212402,True,REGULAR,USD,call,2026-06-26,31,745.6400146484375,0.99645939783733,15.225,0.1188834154351394,0.08493150684931507,0.14441992180653387
SPY260626C00744000,2026-05-22 19:59:04+00:00,744.0,14.92,14.76,14.82,1.4400005,10.682497,30.0,197.0,0.1565025756835937,True,REGULAR,USD,call,2026-06-26,31,745.6400146484375,0.9978005275786992,14.79,0.0040567951318458,0.08493150684931507,0.14575101080210115
SPY260626C00745000,2026-05-22 20:03:07+00:00,745.0,13.94,14.14,14.21,1.5299997,12.328765,1032.0,291.0,0.1553124020385742,True,REGULAR,USD,call,2026-06-26,31,745.6400146484375,0.9991416573200684,14.175,0.0049382716049382,0.08493150684931507,0.14483183990116402
SPY260626C00746000,2026-05-22 19:56:58+00:00,746.0,13.52,13.55,13.61,1.3400002,11.001643,116.0,135.0,0.1541069697570801,False,REGULAR,USD,call,2026-06-26,31,745.6400146484375,1.0004827870614377,13.58,0.0044182621502208,0.08493150684931507,0.1440058233382808
SPY260626C00747000,2026-05-22 19:45:52+00:00,747.0,12.81,12.96,13.02,1.3000002,11.294528,495.0,330.0,0.1528862788391113,False,REGULAR,USD,call,2026-06-26,31,745.6400146484375,1.001823916802807,12.99,0.0046189376443417,0.08493150684931507,0.14309559419517673
SPY260626C00748000,2026-05-22 19:59:34+00:00,748.0,12.62,12.39,12.45,1.4399996,12.880139,481.0,170.0,0.1517571397399902,False,REGULAR,USD,call,2026-06-26,31,745.6400146484375,1.0031650465441762,12.42,0.004830917874396,0.08493150684931507,0.14227228419566454
SPY260626C00749000,2026-05-22 19:59:43+00:00,749.0,11.78,11.83,11.89,1.3699999,13.160422,1059.0,409.0,0.1506127420043945,False,REGULAR,USD,call,2026-06-26,31,745.6400146484375,1.0045061762855454,11.86,0.0050590219224283,0.08493150684931507,0.1414178768481809
SPY260626C00750000,2026-05-22 20:05:52+00:00,750.0,11.25,11.29,11.35,1.4499998,14.795916,154.0,542.0,0.1495446374511718,False,REGULAR,USD,call,2026-06-26,31,745.6400146484375,1.0058473060269146,11.32,0.0053003533568905,0.08493150684931507,0.14064548576829877
SPY260626C00751000,2026-05-22 20:10:45+00:00,751.0,10.75,10.76,10.82,1.1000004,11.398968,104.0,148.0,0.1484765328979492,False,REGULAR,USD,call,2026-06-26,31,745.6400146484375,1.007188435768284,10.79,0.0055607043558851,0.08493150684931507,0.13983756923166651
SPY260626C00752000,2026-05-22 19:20:52+00:00,752.0,10.46,10.25,10.3,1.8699999,21.769499,66.0,202.0,0.1473473937988281,False,REGULAR,USD,call,2026-06-26,31,745.6400146484375,1.0085295655096531,10.275,0.0048661800486618,0.08493150684931507,0.1390503535648874
SPY260626C00753000,2026-05-22 17:12:07+00:00,753.0,10.63,9.75,9.8,1.8500004,21.07062,13.0,212.0,0.1463098065185546,False,REGULAR,USD,call,2026-06-26,31,745.6400146484375,1.0098706952510224,9.775,0.0051150895140665,0.08493150684931507,0.1382818186362061
SPY260626C00754000,2026-05-22 19:36:03+00:00,754.0,9.4,9.27,9.32,1.2799997,15.763543,26.0,24.0,0.1453637710571289,False,REGULAR,USD,call,2026-06-26,31,745.6400146484375,1.0112118249923914,9.295,0.0053792361484669,0.08493150684931507,0.13758932355895737
SPY260626C00755000,2026-05-22 19:51:33+00:00,755.0,8.76,8.8,8.85,1.1600003,15.263163,78.0,416.0,0.1443872183227539,False,REGULAR,USD,call,2026-06-26,31,745.6400146484375,1.0125529547337606,8.825,0.0056657223796032,0.08493150684931507,0.13685490484902124
SPY260626C00756000,2026-05-22 19:35:28+00:00,756.0,8.42,8.35,8.4,1.0100002,13.630232,123.0,147.0,0.1434869587707519,False,REGULAR,USD,call,2026-06-26,31,745.6400146484375,1.01389408447513,8.375,0.0059701492537314,0.08493150684931507,0.1361959062800849
SPY260626C00757000,2026-05-22 19:26:35+00:00,757.0,8.03,7.91,7.96,1.1899996,17.397654,41.0,158.0,0.1425561819458007,False,REGULAR,USD,call,2026-06-26,31,745.6400146484375,1.015235214216499,7.9350000000000005,0.0063011972274731,0.08493150684931507,0.1354930208768359
SPY260626C00758000,2026-05-22 19:00:12+00:00,758.0,7.97,7.49,7.54,1.5,23.183928,37.0,117.0,0.1417016983032226,False,REGULAR,USD,call,2026-06-26,31,745.6400146484375,1.0165763439578683,7.515000000000001,0.006653359946773,0.08493150684931507,0.13486567089302542
SPY260626C00759000,2026-05-22 19:48:54+00:00,759.0,6.98,7.09,7.14,0.77,12.399355,22.0,60.0,0.1409387664794922,False,REGULAR,USD,call,2026-06-26,31,745.6400146484375,1.0179174736992376,7.115,0.0070274068868587,0.08493150684931507,0.13431604723851032
SPY260626C00760000,2026-05-22 20:12:35+00:00,760.0,6.7,6.7,6.75,0.90999985,15.716751,1506.0,993.0,0.1401148001098632,False,REGULAR,USD,call,2026-06-26,31,745.6400146484375,1.0192586034406068,6.725,0.0074349442379181,0.08493150684931507,0.13372308889526013
SPY260626C00761000,2026-05-22 17:38:48+00:00,761.0,7.28,6.32,6.37,1.7600002,31.884062,9.0,44.0,0.1392908337402344,False,REGULAR,USD,call,2026-06-26,31,745.6400146484375,1.020599733181976,6.345000000000001,0.007880220646178,0.08493150684931507,0.133085441229
SPY260626C00762000,2026-05-22 20:07:50+00:00,762.0,5.93,5.97,6.01,0.69000006,13.16794,103.0,133.0,0.1385279019165039,False,REGULAR,USD,call,2026-06-26,31,745.6400146484375,1.0219408629233453,5.99,0.006677796327212,0.08493150684931507,0.1325934413399098
SPY260626C00763000,2026-05-22 15:49:03+00:00,763.0,6.32,5.62,5.67,1.4200001,28.979593,34.0,95.0,0.1378565219116211,False,REGULAR,USD,call,2026-06-26,31,745.6400146484375,1.0232819926647143,5.645,0.0088573959255978,0.08493150684931507,0.1320601347960843
SPY260626C00764000,2026-05-22 19:08:21+00:00,764.0,5.5,5.29,5.34,1.02,22.767857,74.0,145.0,0.1371698832702637,False,REGULAR,USD,call,2026-06-26,31,745.6400146484375,1.0246231224060838,5.3149999999999995,0.0094073377234242,0.08493150684931507,0.13155103017703915
SPY260626C00765000,2026-05-22 20:07:50+00:00,765.0,4.94,4.98,5.03,0.5799999,13.30275,306.0,647.0,0.1365747964477539,False,REGULAR,USD,call,2026-06-26,31,745.6400146484375,1.0259642521474528,5.005000000000001,0.0099900099900099,0.08493150684931507,0.13113634887770825
SPY260626C00766000,2026-05-22 19:30:11+00:00,766.0,4.69,4.68,4.73,0.6300001,15.517243,15.0,96.0,0.1359644509887695,False,REGULAR,USD,call,2026-06-26,31,745.6400146484375,1.027305381888822,4.705,0.0106269925611053,0.08493150684931507,0.13068638447531225
SPY260626C00767000,2026-05-22 19:30:11+00:00,767.0,4.42,4.4,4.44,0.61000013,16.010502,23.0,122.0,0.1352930709838867,False,REGULAR,USD,call,2026-06-26,31,745.6400146484375,1.0286465116301913,4.42,0.0090497737556561,0.08493150684931507,0.13027163273928197
SPY260626C00768000,2026-05-22 19:40:40+00:00,768.0,4.2,4.13,4.17,0.8499999,25.37313,32.0,36.0,0.13477427734375,False,REGULAR,USD,call,2026-06-26,31,745.6400146484375,1.0299876413715603,4.15,0.0096385542168674,0.08493150684931507,0.1298972834373502
SPY260626C00769000,2026-05-22 19:16:08+00:00,769.0,4.01,3.87,3.91,0.8000002,24.922123,29.0,50.0,0.1341944491577148,False,REGULAR,USD,call,2026-06-26,31,745.6400146484375,1.0313287711129298,3.89,0.0102827763496144,0.08493150684931507,0.12949515840562006
SPY260626C00770000,2026-05-22 20:04:34+00:00,770.0,3.58,3.62,3.66,0.43999982,14.012733,1767.0,765.0,0.1336146209716797,False,REGULAR,USD,call,2026-06-26,31,745.6400146484375,1.032669900854299,3.64,0.0109890109890109,0.08493150684931507,0.12906694233664412
SPY260626C00771000,2026-05-22 19:32:23+00:00,771.0,3.45,3.39,3.43,0.6500001,23.214289,80.0,93.0,0.1331873791503906,False,REGULAR,USD,call,2026-06-26,31,745.6400146484375,1.0340110305956682,3.41,0.0117302052785923,0.08493150684931507,0.12877005279284395
SPY260626C00772000,2026-05-22 19:36:26+00:00,772.0,3.29,3.17,3.21,0.56999993,20.95588,93.0,45.0,0.1327296200561523,False,REGULAR,USD,call,2026-06-26,31,745.6400146484375,1.0353521603370377,3.19,0.012539184952978,0.08493150684931507,0.1284588980747681
SPY260626C00773000,2026-05-22 19:17:37+00:00,773.0,3.1,2.96,3.0,0.66999984,27.572008,5.0,116.0,0.132271860961914,False,REGULAR,USD,call,2026-06-26,31,745.6400146484375,1.0366932900784067,2.98,0.0134228187919463,0.08493150684931507,0.12813712417583054
SPY260626C00774000,2026-05-22 19:28:01+00:00,774.0,2.86,2.76,2.8,0.5899999,25.991186,15.0,36.0,0.1318141018676757,False,REGULAR,USD,call,2026-06-26,31,745.6400146484375,1.038034419819776,2.78,0.0143884892086331,0.08493150684931507,0.12780775530781455
SPY260626C00775000,2026-05-22 19:53:44+00:00,775.0,2.6,2.58,2.61,0.6199999,31.313124,476.0,679.0,0.1313563427734375,False,REGULAR,USD,call,2026-06-26,31,745.6400146484375,1.0393755495611452,2.5949999999999998,0.0115606936416184,0.08493150684931507,0.12756406428547223
SPY260626C00776000,2026-05-22 19:09:01+00:00,776.0,2.52,2.4,2.44,0.32999992,15.068489,7.0,107.0,0.1310816873168945,False,REGULAR,USD,call,2026-06-26,31,745.6400146484375,1.0407166793025142,2.42,0.0165289256198347,0.08493150684931507,0.12732828825200668
SPY260626C00777000,2026-05-22 20:08:00+00:00,777.0,2.23,2.24,2.27,0.47000003,26.704546,22.0,356.0,0.1306544454956054,False,REGULAR,USD,call,2026-06-26,31,745.6400146484375,1.0420578090438837,2.255,0.0133037694013302,0.08493150684931507,0.12710702660046524
SPY260626C00778000,2026-05-22 20:08:00+00:00,778.0,2.08,2.08,2.12,0.089999914,4.5226088,48.0,394.0,0.1304408245849609,False,REGULAR,USD,call,2026-06-26,31,745.6400146484375,1.0433989387852527,2.1,0.019047619047619,0.08493150684931507,0.12690812538411078
SPY260626C00779000,2026-05-22 19:59:30+00:00,779.0,2.05,1.93,1.97,0.120000005,6.217617,469.0,91.0,0.1300746173095703,False,REGULAR,USD,call,2026-06-26,31,745.6400146484375,1.044740068526622,1.95,0.0205128205128205,0.08493150684931507,0.12663726619412294
SPY260626C00780000,2026-05-22 20:14:01+00:00,780.0,1.81,1.79,1.83,0.3399999,23.129246,135.0,745.0,0.1297389273071288,False,REGULAR,USD,call,2026-06-26,31,745.6400146484375,1.0460811982679912,1.81,0.0220994475138121,0.08493150684931507,0.1263992774021167
SPY260626C00781000,2026-05-22 19:10:11+00:00,781.0,1.8,1.67,1.7,0.54999995,43.999996,1.0,85.0,0.1294642718505859,False,REGULAR,USD,call,2026-06-26,31,745.6400146484375,1.0474223280093604,1.685,0.0178041543026706,0.08493150684931507,0.1263164724753994
SPY260626C00782000,2026-05-22 16:36:50+00:00,782.0,1.81,1.54,1.58,0.5999999,49.586765,4.0,49.0,0.1292201336669922,False,REGULAR,USD,call,2026-06-26,31,745.6400146484375,1.0487634577507297,1.56,0.0256410256410256,0.08493150684931507,0.1260673708605663
SPY260626C00783000,2026-05-22 20:13:30+00:00,783.0,1.44,1.43,1.46,0.13999999,10.769229,83.0,247.0,0.1288234091186523,False,REGULAR,USD,call,2026-06-26,31,745.6400146484375,1.050104587492099,1.4449999999999998,0.0207612456747405,0.08493150684931507,0.12587987040210036
SPY260626C00784000,2026-05-22 19:31:00+00:00,784.0,1.35,1.33,1.36,0.13999999,11.570247,5.0,40.0,0.1287318572998047,False,REGULAR,USD,call,2026-06-26,31,745.6400146484375,1.051445717233468,1.3450000000000002,0.0223048327137546,0.08493150684931507,0.12589683397835266
SPY260626C00785000,2026-05-22 20:14:01+00:00,785.0,1.22,1.23,1.26,0.27000004,28.421057,144.0,315.0,0.1285487536621093,False,REGULAR,USD,call,2026-06-26,31,745.6400146484375,1.0527868469748374,1.245,0.0240963855421686,0.08493150684931507,0.1257565698482352
SPY260626C00786000,2026-05-22 19:37:10+00:00,786.0,1.22,1.14,1.17,0.3,32.608696,171.0,19.0,0.1284266845703124,False,REGULAR,USD,call,2026-06-26,31,745.6400146484375,1.0541279767162064,1.1549999999999998,0.025974025974026,0.08493150684931507,0.12572212994468213
SPY260626C00787000,2026-05-22 20:06:35+00:00,787.0,1.05,1.05,1.08,0.100000024,10.526319,158.0,59.0,0.1281215118408203,False,REGULAR,USD,call,2026-06-26,31,745.6400146484375,1.0554691064575756,1.065,0.028169014084507,0.08493150684931507,0.12552525809415133
SPY260626C00788000,2026-05-22 20:13:30+00:00,788.0,0.98,0.97,1.0,0.17000002,20.987658,53.0,5.0,0.1279994427490234,False,REGULAR,USD,call,2026-06-26,31,745.6400146484375,1.0568102361989449,0.985,0.0304568527918782,0.08493150684931507,0.12545648968811626
SPY260626C00789000,2026-05-22 20:04:23+00:00,789.0,0.91,0.9,0.93,0.48,111.6279,28.0,3.0,0.1279994427490234,False,REGULAR,USD,call,2026-06-26,31,745.6400146484375,1.058151365940314,0.915,0.0327868852459016,0.08493150684931507,0.12554492874168777
SPY260626C00790000,2026-05-22 19:57:41+00:00,790.0,0.88,0.83,0.86,0.19,27.536232,302.0,770.0,0.1278773736572265,False,REGULAR,USD,call,2026-06-26,31,745.6400146484375,1.0594924956816834,0.845,0.0355029585798816,0.08493150684931507,0.12548388036635413
SPY260626C00791000,2026-05-22 17:28:11+00:00,791.0,0.97,0.77,0.8,0.54,125.5814,3.0,59.0,0.127938408203125,False,REGULAR,USD,call,2026-06-26,31,745.6400146484375,1.0608336254230526,0.785,0.0382165605095541,0.08493150684931507,0.12561535485139735
SPY260626C00792000,2026-05-22 19:08:58+00:00,792.0,0.77,0.71,0.74,0.15999997,26.2295,143.0,632.0,0.127938408203125,False,REGULAR,USD,call,2026-06-26,31,745.6400146484375,1.0621747551644218,0.725,0.0413793103448276,0.08493150684931507,0.12560290115001324
SPY260626C00793000,2026-05-22 16:54:26+00:00,793.0,0.79,0.66,0.68,0.24000001,43.636364,2.0,23.0,0.1276942700195312,False,REGULAR,USD,call,2026-06-26,31,745.6400146484375,1.063515884905791,0.67,0.0298507462686567,0.08493150684931507,0.12562926723334525
SPY260626C00794000,2026-05-22 19:59:12+00:00,794.0,0.65,0.61,0.63,0.32999998,103.125,51.0,154.0,0.1276942700195312,False,REGULAR,USD,call,2026-06-26,31,745.6400146484375,1.0648570146471603,0.62,0.032258064516129,0.08493150684931507,0.1257106129889297
SPY260626C00795000,2026-05-22 19:40:17+00:00,795.0,0.6,0.56,0.59,0.110000014,22.448982,27.0,535.0,0.1280604772949218,False,REGULAR,USD,call,2026-06-26,31,745.6400146484375,1.0661981443885296,0.575,0.0521739130434781,0.08493150684931507,0.12586482979429126
SPY260626C00800000,2026-05-22 20:07:01+00:00,800.0,0.4,0.39,0.41,0.09,29.03226,584.0,830.0,0.1287928918457031,False,REGULAR,USD,call,2026-06-26,31,745.6400146484375,1.0729037930953755,0.4,0.0499999999999999,0.08493150684931507,0.12713074244796352
SPY260626C00805000,2026-05-22 17:28:17+00:00,805.0,0.37,0.27,0.29,0.13000001,54.166676,11.0,110.0,0.1302577209472656,False,REGULAR,USD,call,2026-06-26,31,745.6400146484375,1.0796094418022215,0.28,0.0714285714285712,0.08493150684931507,0.12869668705051024
SPY260626C00810000,2026-05-22 19:41:33+00:00,810.0,0.21,0.2,0.21,0.049999997,31.25,34.0,146.0,0.1322108264160156,False,REGULAR,USD,call,2026-06-26,31,745.6400146484375,1.0863150905090675,0.20500000000000002,0.0487804878048779,0.08493150684931507,0.13122830374049024
SPY260626C00815000,2026-05-22 18:16:14+00:00,815.0,0.18,0.15,0.16,0.040000007,28.571432,23.0,45.0,0.1352625537109375,False,REGULAR,USD,call,2026-06-26,31,745.6400146484375,1.093020739215914,0.155,0.0645161290322581,0.08493150684931507,0.1343024509540443
SPY260626C00820000,2026-05-22 17:45:48+00:00,820.0,0.14,0.11,0.13,0.049999997,55.555553,47.0,211.0,0.1391687646484375,False,REGULAR,USD,call,2026-06-26,31,745.6400146484375,1.09972638792276,0.12,0.1666666666666667,0.08493150684931507,0.13768384845086526
SPY260626C00825000,2026-05-22 19:21:08+00:00,825.0,0.09,0.09,0.11,-0.22,-70.96774,1.0,41.0,0.143563251953125,False,REGULAR,USD,call,2026-06-26,31,745.6400146484375,1.106432036629606,0.1,0.2,0.08493150684931507,0.1422153746373139
SPY260626C00830000,2026-05-19 14:25:33+00:00,830.0,0.04,0.07,0.09,0.0,0.0,5.0,146.0,0.147469462890625,False,REGULAR,USD,call,2026-06-26,31,745.6400146484375,1.113137685336452,0.08,0.2499999999999998,0.08493150684931507,0.145847732674958
SPY260626C00835000,2026-05-19 16:50:15+00:00,835.0,0.04,0.06,0.08,0.0,0.0,3.0,10.0,0.1523522265625,False,REGULAR,USD,call,2026-06-26,31,745.6400146484375,1.1198433340432985,0.07,0.2857142857142857,0.08493150684931507,0.15086267533940362
SPY260626C00840000,2026-05-21 15:53:28+00:00,840.0,0.04,0.05,0.07,0.0,0.0,13.0,15.0,0.157234990234375,False,REGULAR,USD,call,2026-06-26,31,745.6400146484375,1.1265489827501445,0.060000000000000005,0.3333333333333333,0.08493150684931507,0.15535082889227322
SPY260626C00845000,2026-05-22 16:51:19+00:00,845.0,0.06,0.04,0.06,0.03,100.0,62.0,249.0,0.161141201171875,False,REGULAR,USD,call,2026-06-26,31,745.6400146484375,1.1332546314569905,0.05,0.3999999999999999,0.08493150684931507,0.15920195141428248
SPY260626C00850000,2026-05-22 14:28:24+00:00,850.0,0.04,0.04,0.05,0.01,33.333336,2.0,150.0,0.165047412109375,False,REGULAR,USD,call,2026-06-26,31,745.6400146484375,1.1399602801638364,0.045,0.2222222222222222,0.08493150684931507,0.16421402032329208
SPY260626C00860000,2026-05-18 18:25:09+00:00,860.0,0.04,0.03,0.04,0.0,0.0,61.0,70.0,0.17383638671875,False,REGULAR,USD,call,2026-06-26,31,745.6400146484375,1.1533715775775288,0.035,0.2857142857142857,0.08493150684931507,0.1731326700614851
SPY260626C00865000,2026-05-22 16:11:58+00:00,865.0,0.03,0.03,0.04,0.0,0.0,60.0,240.0,0.179695703125,False,REGULAR,USD,call,2026-06-26,31,745.6400146484375,1.1600772262843748,0.035,0.2857142857142857,0.08493150684931507,0.1795685799169039
SPY260626C00870000,2026-05-22 17:22:57+00:00,870.0,0.03,0.03,0.04,-0.01,-25.0,62.0,138.0,0.186531572265625,False,REGULAR,USD,call,2026-06-26,31,745.6400146484375,1.166782874991221,0.035,0.2857142857142857,0.08493150684931507,0.18594382857539665
SPY260626C00880000,2026-05-15 19:20:31+00:00,880.0,0.03,0.02,0.03,0.0,0.0,140.0,120.0,0.19336744140625,False,REGULAR,USD,call,2026-06-26,31,745.6400146484375,1.1801941724049132,0.025,0.3999999999999999,0.08493150684931507,0.19236711604801104
SPY260626C00885000,2026-05-21 16:05:00+00:00,885.0,0.02,0.02,0.03,0.0,0.0,22.0,60.0,0.1992267578125,False,REGULAR,USD,call,2026-06-26,31,745.6400146484375,1.1868998211117592,0.025,0.3999999999999999,0.08493150684931507,0.19841160164603483
SPY260626C00890000,2026-05-21 15:32:35+00:00,890.0,0.02,0.02,0.03,0.0,0.0,,13.0,0.2050860742187499,False,REGULAR,USD,call,2026-06-26,31,745.6400146484375,1.1936054698186054,0.025,0.3999999999999999,0.08493150684931507,0.2044038513435503
SPY260630C00596000,2026-04-22 19:20:50+00:00,596.0,119.8,150.21,153.64,0.0,0.0,2.0,6.0,0.5054370745849608,True,REGULAR,USD,call,2026-06-30,35,745.6400146484375,0.7993133258560549,151.925,0.0225769294059567,0.0958904109589041,0.21420536828821615
SPY260630C00597000,2026-04-29 14:36:16+00:00,597.0,119.84,149.21,152.65,0.0,0.0,6.0,10.0,0.5028125891113282,True,REGULAR,USD,call,2026-06-30,35,745.6400146484375,0.800654455597424,150.93,0.0227920227920227,0.0958904109589041,0.21728281919405293
SPY260630C00598000,2026-04-20 13:54:51+00:00,598.0,117.55,148.22,151.66,0.0,0.0,16.0,15.0,0.5001270690917969,True,REGULAR,USD,call,2026-06-30,35,745.6400146484375,0.8019955853387932,149.94,0.0229425103374683,0.0958904109589041,0.23032464408473
SPY260630C00599000,2026-04-22 20:08:31+00:00,599.0,118.31,147.23,150.67,0.0,0.0,2.0,5.0,0.4975025836181641,True,REGULAR,USD,call,2026-06-30,35,745.6400146484375,0.8033367150801625,148.95,0.0230949983215844,0.0958904109589041,0.23748425879062793
SPY260630C00603000,2026-05-04 14:14:30+00:00,603.0,122.36,143.27,146.7,0.0,0.0,1.0,28.0,0.4865773999023438,True,REGULAR,USD,call,2026-06-30,35,745.6400146484375,0.8087012340456393,144.985,0.0236576197537674,0.0958904109589041,0.24757605227121418
SPY260630C00607000,2026-04-23 17:53:21+00:00,607.0,105.2,139.3,142.74,0.0,0.0,1.0,980.0,0.4759573889160156,True,REGULAR,USD,call,2026-06-30,35,745.6400146484375,0.8140657530111162,141.02,0.024393703020848,0.0958904109589041,0.2510972311932306
SPY260630C00608000,2026-05-22 17:28:24+00:00,608.0,142.09,138.32,141.75,8.319992,6.2196245,4.0,29.0,0.4733329034423829,True,REGULAR,USD,call,2026-06-30,35,745.6400146484375,0.8154068827524854,140.035,0.0244938765308673,0.0958904109589041,0.25403043552641175
SPY260630C00609000,2026-05-21 19:57:37+00:00,609.0,136.73,137.32,140.76,0.0,0.0,1.0,6.0,0.4706473834228516,True,REGULAR,USD,call,2026-06-30,35,745.6400146484375,0.8167480124938546,139.04,0.024741081703107,0.0958904109589041,0.25266941877693
SPY260630C00610000,2026-05-18 19:21:45+00:00,610.0,129.05,136.34,139.77,0.0,0.0,2.0,69.0,0.4680228979492187,True,REGULAR,USD,call,2026-06-30,35,745.6400146484375,0.8180891422352239,138.055,0.0248451704031002,0.0958904109589041,0.2549320822162289
SPY260630C00611000,2026-05-22 18:45:13+00:00,611.0,139.72,135.34,138.78,22.21,18.900518,2.0,10.0,0.4653373779296875,True,REGULAR,USD,call,2026-06-30,35,745.6400146484375,0.8194302719765931,137.06,0.0250984970086093,0.0958904109589041,0.2534899916597039
SPY260630C00612000,2026-04-24 17:20:13+00:00,612.0,107.61,134.36,137.79,0.0,0.0,10.0,4.0,0.4627128924560547,True,REGULAR,USD,call,2026-06-30,35,745.6400146484375,0.8207714017179624,136.075,0.0252066874885172,0.0958904109589041,0.2552516413012465
SPY260630C00615000,2026-05-19 14:34:42+00:00,615.0,119.88,131.39,134.83,0.0,0.0,7.0,53.0,0.4550225396728515,True,REGULAR,USD,call,2026-06-30,35,745.6400146484375,0.82479479094207,133.11,0.0258432875065737,0.0958904109589041,0.25621073552550166
SPY260630C00616000,2026-04-22 13:57:28+00:00,616.0,101.43,130.4,133.84,0.0,0.0,3.0,15.0,0.4523370196533204,True,REGULAR,USD,call,2026-06-30,35,745.6400146484375,0.8261359206834392,132.12,0.0260369361186799,0.0958904109589041,0.25586058501903897
SPY260630C00617000,2026-05-12 17:51:35+00:00,617.0,121.36,129.41,132.85,0.0,0.0,2.0,15.0,0.449651499633789,True,REGULAR,USD,call,2026-06-30,35,745.6400146484375,0.8274770504248085,131.13,0.0262335087317928,0.0958904109589041,0.2554390037834439
SPY260630C00618000,2026-05-07 17:38:11+00:00,618.0,117.56,128.42,131.86,0.0,0.0,1.0,26.0,0.4470270141601562,True,REGULAR,USD,call,2026-06-30,35,745.6400146484375,0.8288181801661776,130.14,0.0264330720762258,0.0958904109589041,0.2549515697043309
SPY260630C00619000,2026-04-30 18:58:19+00:00,619.0,104.74,127.43,130.87,0.0,0.0,1.0,36.0,0.4443414941406249,True,REGULAR,USD,call,2026-06-30,35,745.6400146484375,0.8301593099075468,129.15,0.0266356949283778,0.0958904109589041,0.25440367217630605
SPY260630C00620000,2026-05-18 19:01:31+00:00,620.0,119.38,126.45,129.82,0.0,0.0,2.0,603.0,0.4400080413818359,True,REGULAR,USD,call,2026-06-30,35,745.6400146484375,0.8315004396489161,128.135,0.0263003863113122,0.0958904109589041,0.248173803887065
SPY260630C00621000,2026-04-22 15:23:32+00:00,621.0,96.7,125.46,128.9,0.0,0.0,7.0,89.0,0.4392756268310547,True,REGULAR,USD,call,2026-06-30,35,745.6400146484375,0.8328415693902853,127.18,0.027048278031137,0.0958904109589041,0.2551331460485964
SPY260630C00623000,2026-05-15 19:57:29+00:00,623.0,119.88,123.48,126.92,0.0,0.0,2.0,60.0,0.4339656213378906,True,REGULAR,USD,call,2026-06-30,35,745.6400146484375,0.8355238288730237,125.2,0.0274760383386581,0.0958904109589041,0.2535476559765487
SPY260630C00625000,2026-05-20 16:05:25+00:00,625.0,116.41,121.51,124.95,0.0,0.0,70.0,1187.0,0.4288387194824219,True,REGULAR,USD,call,2026-06-30,35,745.6400146484375,0.8382060883557622,123.23,0.0279152803700397,0.0958904109589041,0.2534957792975765
SPY260630C00626000,2026-04-17 16:57:26+00:00,626.0,93.68,120.52,123.96,0.0,0.0,1.0,8.0,0.4261837167358399,True,REGULAR,USD,call,2026-06-30,35,745.6400146484375,0.8395472180971314,122.24,0.0281413612565444,0.0958904109589041,0.25252174123769094
SPY260630C00627000,2026-05-04 15:20:02+00:00,627.0,97.24,119.54,122.97,0.0,0.0,1.0,10.0,0.4235287139892578,True,REGULAR,USD,call,2026-06-30,35,745.6400146484375,0.8408883478385006,121.255,0.0282874932992453,0.0958904109589041,0.2522979059704107
SPY260630C00628000,2026-04-21 14:04:11+00:00,628.0,90.68,118.55,121.99,0.0,0.0,3.0,29.0,0.4210873321533204,True,REGULAR,USD,call,2026-06-30,35,745.6400146484375,0.8422294775798699,120.27,0.0286023114658684,0.0958904109589041,0.2519924390182052
SPY260630C00630000,2026-05-18 15:00:42+00:00,630.0,113.5,116.57,120.01,0.0,0.0,7.0,394.0,0.4157162921142577,True,REGULAR,USD,call,2026-06-30,35,745.6400146484375,0.8449117370626082,118.28999999999999,0.0290810719418379,0.0958904109589041,0.24976231585705067
SPY260630C00631000,2026-05-06 19:40:59+00:00,631.0,107.29,115.58,119.03,0.0,0.0,2.0,12.0,0.4132749102783203,True,REGULAR,USD,call,2026-06-30,35,745.6400146484375,0.8462528668039775,117.305,0.0294105110609096,0.0958904109589041,0.24929739990424502
SPY260630C00632000,2026-05-07 14:08:20+00:00,632.0,107.17,114.6,118.04,0.0,0.0,6.0,33.0,0.410589390258789,True,REGULAR,USD,call,2026-06-30,35,745.6400146484375,0.8475939965453467,116.32,0.0295735900962862,0.0958904109589041,0.24876850456620242
SPY260630C00633000,2026-05-18 18:24:50+00:00,633.0,104.7,113.61,117.05,0.0,0.0,4.0,23.0,0.4079038702392578,True,REGULAR,USD,call,2026-06-30,35,745.6400146484375,0.848935126286716,115.33,0.0298274516604525,0.0958904109589041,0.24753887986472392
SPY260630C00634000,2026-04-23 17:53:17+00:00,634.0,79.55,112.63,116.07,0.0,0.0,3.0,32.0,0.4054624884033203,True,REGULAR,USD,call,2026-06-30,35,745.6400146484375,0.8502762560280851,114.35,0.0300830782684739,0.0958904109589041,0.24753542214810506
SPY260630C00635000,2026-05-21 14:36:58+00:00,635.0,106.6,111.64,115.08,0.0,0.0,3.0,433.0,0.402776968383789,True,REGULAR,USD,call,2026-06-30,35,745.6400146484375,0.8516173857694543,113.36,0.0303458009880028,0.0958904109589041,0.24623826337771187
SPY260630C00636000,2026-04-29 19:33:26+00:00,636.0,81.37,110.66,114.1,0.0,0.0,1.0,76.0,0.4003355865478516,True,REGULAR,USD,call,2026-06-30,35,745.6400146484375,0.8529585155108236,112.38,0.0306104289019398,0.0958904109589041,0.24609206664656377
SPY260630C00637000,2026-05-22 14:13:26+00:00,637.0,111.4,109.68,113.11,9.440002,9.258535,2.0,64.0,0.3976500665283203,True,REGULAR,USD,call,2026-06-30,35,745.6400146484375,0.8542996452521928,111.39500000000001,0.0307913281565599,0.0958904109589041,0.2452990249773235
SPY260630C00638000,2026-05-06 13:32:52+00:00,638.0,96.0,108.69,112.13,0.0,0.0,1.0,89.0,0.3951476501464844,True,REGULAR,USD,call,2026-06-30,35,745.6400146484375,0.8556407749935621,110.41,0.0311565981342269,0.0958904109589041,0.24446183202428792
SPY260630C00639000,2026-05-15 19:43:09+00:00,639.0,105.0,107.7,111.15,0.0,0.0,1.0,74.0,0.3927062683105469,True,REGULAR,USD,call,2026-06-30,35,745.6400146484375,0.8569819047349312,109.42500000000001,0.0315284441398218,0.0958904109589041,0.24358276282958674
SPY260630C00640000,2026-05-22 18:19:09+00:00,640.0,110.9,106.72,110.16,5.169998,4.889812,7.0,885.0,0.3900207482910156,True,REGULAR,USD,call,2026-06-30,35,745.6400146484375,0.8583230344763004,108.44,0.0317226115824418,0.0958904109589041,0.24266389893564544
SPY260630C00641000,2026-05-20 14:50:09+00:00,641.0,100.21,105.74,109.18,0.0,0.0,1.0,94.0,0.3875183319091796,True,REGULAR,USD,call,2026-06-30,35,745.6400146484375,0.8596641642176697,107.46000000000001,0.0320119114088964,0.0958904109589041,0.24220681088841892
SPY260630C00642000,2026-05-12 14:44:31+00:00,642.0,97.14,104.75,108.08,0.0,0.0,1.0,101.0,0.3821472918701171,True,REGULAR,USD,call,2026-06-30,35,745.6400146484375,0.8610052939590389,106.41499999999999,0.0312925809331391,0.0958904109589041,0.23506017563050416
SPY260630C00643000,2026-05-04 15:21:37+00:00,643.0,81.8,103.77,107.22,0.0,0.0,6.0,41.0,0.3825745336914062,True,REGULAR,USD,call,2026-06-30,35,745.6400146484375,0.8623464237004081,105.495,0.0327029717048201,0.0958904109589041,0.2406312794103467
SPY260630C00644000,2026-05-15 13:30:11+00:00,644.0,101.47,102.79,106.23,0.0,0.0,2.0,76.0,0.3798584963989257,True,REGULAR,USD,call,2026-06-30,35,745.6400146484375,0.8636875534417774,104.51,0.0329155104774662,0.0958904109589041,0.23954751855604095
SPY260630C00645000,2026-05-20 14:11:28+00:00,645.0,93.02,101.81,105.25,0.0,0.0,3.0,331.0,0.377386597290039,True,REGULAR,USD,call,2026-06-30,35,745.6400146484375,0.8650286831831465,103.53,0.033227083937023,0.0958904109589041,0.2388775914787202
SPY260630C00646000,2026-04-24 16:34:56+00:00,646.0,75.38,100.83,104.27,0.0,0.0,1.0,62.0,0.3748841809082031,True,REGULAR,USD,call,2026-06-30,35,745.6400146484375,0.8663698129245158,102.55,0.0335446123842028,0.0958904109589041,0.23815431507250792
SPY260630C00647000,2026-05-12 16:16:54+00:00,647.0,90.96,99.85,103.29,0.0,0.0,4.0,215.0,0.3723817645263672,True,REGULAR,USD,call,2026-06-30,35,745.6400146484375,0.867710942665885,101.57,0.0338682681894261,0.0958904109589041,0.2373808025211
SPY260630C00648000,2026-05-20 14:50:09+00:00,648.0,93.45,98.87,102.31,0.0,0.0,1.0,137.0,0.3698793481445312,True,REGULAR,USD,call,2026-06-30,35,745.6400146484375,0.8690520724072542,100.59,0.0341982304404016,0.0958904109589041,0.2365591673412395
SPY260630C00649000,2026-05-08 14:11:03+00:00,649.0,92.15,97.88,101.33,0.0,0.0,2.0,66.0,0.3673769317626953,True,REGULAR,USD,call,2026-06-30,35,745.6400146484375,0.8703932021486235,99.60499999999999,0.0346368154209126,0.0958904109589041,0.23529728035229672
SPY260630C00650000,2026-05-21 16:48:26+00:00,650.0,91.99,96.9,100.35,0.0,0.0,4.0,4196.0,0.3648439981079102,True,REGULAR,USD,call,2026-06-30,35,745.6400146484375,0.8717343318899926,98.625,0.0349809885931557,0.0958904109589041,0.23439813340443685
SPY260630C00651000,2026-05-21 18:35:49+00:00,651.0,95.59,95.93,99.37,0.0,0.0,1.0,122.0,0.362311064453125,True,REGULAR,USD,call,2026-06-30,35,745.6400146484375,0.8730754616313618,97.65,0.0352278545826932,0.0958904109589041,0.2338314562474369
SPY260630C00652000,2026-05-11 19:47:40+00:00,652.0,91.44,94.95,98.39,0.0,0.0,2.0,134.0,0.359808648071289,True,REGULAR,USD,call,2026-06-30,35,745.6400146484375,0.8744165913727311,96.67,0.0355849798282817,0.0958904109589041,0.23284107377228472
SPY260630C00653000,2026-05-19 13:30:05+00:00,653.0,87.16,93.97,97.25,0.0,0.0,1.0,54.0,0.353674676208496,True,REGULAR,USD,call,2026-06-30,35,745.6400146484375,0.8757577211141003,95.61,0.0343060349335843,0.0958904109589041,0.2258648114059679
SPY260630C00654000,2026-05-08 14:16:47+00:00,654.0,87.75,92.99,96.44,0.0,0.0,1.0,306.0,0.3549258843994139,True,REGULAR,USD,call,2026-06-30,35,745.6400146484375,0.8770988508554696,94.715,0.0364250646676873,0.0958904109589041,0.2310939950998309
SPY260630C00655000,2026-05-20 14:15:49+00:00,655.0,84.56,92.01,95.29,0.0,0.0,2.0,712.0,0.348639326171875,True,REGULAR,USD,call,2026-06-30,35,745.6400146484375,0.8784399805968387,93.65,0.0350240256273358,0.0958904109589041,0.2240041422373889
SPY260630C00656000,2026-05-21 14:49:49+00:00,656.0,85.54,91.04,94.48,0.0,0.0,1.0,166.0,0.3498600170898437,True,REGULAR,USD,call,2026-06-30,35,745.6400146484375,0.8797811103382079,92.76,0.0370849504096593,0.0958904109589041,0.22917426625442075
SPY260630C00657000,2026-05-12 19:20:42+00:00,657.0,83.43,90.06,93.51,0.0,0.0,5.0,50.0,0.3475101870727538,True,REGULAR,USD,call,2026-06-30,35,745.6400146484375,0.8811222400795772,91.785,0.0375878411505148,0.0958904109589041,0.2283134425997551
SPY260630C00659000,2026-05-12 15:33:45+00:00,659.0,79.32,88.11,91.56,0.0,0.0,8.0,33.0,0.3425969061279296,True,REGULAR,USD,call,2026-06-30,35,745.6400146484375,0.8838044995623157,89.83500000000001,0.038403740190349,0.0958904109589041,0.22645603415313073
SPY260630C00660000,2026-05-22 19:56:07+00:00,660.0,89.28,87.13,90.43,7.6100006,9.317988,6.0,2408.0,0.3367986242675781,True,REGULAR,USD,call,2026-06-30,35,745.6400146484375,0.8851456293036849,88.78,0.0371705339040325,0.0958904109589041,0.22059662370450137
SPY260630C00661000,2026-05-21 15:44:03+00:00,661.0,81.75,86.17,89.61,0.0,0.0,3.0,290.0,0.3376531079101562,True,REGULAR,USD,call,2026-06-30,35,745.6400146484375,0.886486759045054,87.89,0.0391398338832631,0.0958904109589041,0.22471637324850613
SPY260630C00662000,2026-05-18 13:55:35+00:00,662.0,83.06,85.19,88.45,0.0,0.0,1.0,157.0,0.3312444805908203,True,REGULAR,USD,call,2026-06-30,35,745.6400146484375,0.8878278887864233,86.82,0.0375489518544114,0.0958904109589041,0.21813825759171976
SPY260630C00663000,2026-05-14 18:36:26+00:00,663.0,89.11,84.22,87.67,0.0,0.0,1.0,257.0,0.3328618960571289,True,REGULAR,USD,call,2026-06-30,35,745.6400146484375,0.8891690185277925,85.945,0.0401419512478911,0.0958904109589041,0.2227942379024229
SPY260630C00664000,2026-05-06 16:13:37+00:00,664.0,74.11,83.25,86.47,0.0,0.0,5.0,232.0,0.3256903369140624,True,REGULAR,USD,call,2026-06-30,35,745.6400146484375,0.8905101482691617,84.86,0.0379448503417393,0.0958904109589041,0.21556479822537353
SPY260630C00665000,2026-05-20 15:16:58+00:00,665.0,80.29,82.28,85.72,0.0,0.0,9.0,1552.0,0.327857063293457,True,REGULAR,USD,call,2026-06-30,35,745.6400146484375,0.891851278010531,84.0,0.0409523809523809,0.0958904109589041,0.220705155094007
SPY260630C00666000,2026-05-06 18:16:55+00:00,666.0,73.03,81.31,84.59,0.0,0.0,2.0,144.0,0.3221503332519531,True,REGULAR,USD,call,2026-06-30,35,745.6400146484375,0.8931924077519001,82.95,0.0395418927064496,0.0958904109589041,0.2155939268199544
SPY260630C00667000,2026-05-14 15:18:39+00:00,667.0,85.96,80.34,83.57,0.0,0.0,1.0,70.0,0.3187323986816405,True,REGULAR,USD,call,2026-06-30,35,745.6400146484375,0.8945335374932694,81.955,0.0394118723689828,0.0958904109589041,0.2133730893030112
SPY260630C00668000,2026-05-13 16:04:55+00:00,668.0,77.35,79.37,82.82,0.0,0.0,1.0,186.0,0.3207770559692382,True,REGULAR,USD,call,2026-06-30,35,745.6400146484375,0.8958746672346386,81.095,0.0425426968370428,0.0958904109589041,0.21788319962103267
SPY260630C00669000,2026-05-08 19:29:00+00:00,669.0,73.59,78.41,81.66,0.0,0.0,4.0,43.0,0.3145210150146483,True,REGULAR,USD,call,2026-06-30,35,745.6400146484375,0.8972157969760078,80.035,0.0406072343349784,0.0958904109589041,0.2124653841778829
SPY260630C00670000,2026-05-22 18:17:18+00:00,670.0,80.21,77.44,80.89,3.9199982,5.1382856,3.0,4143.0,0.3160468786621093,True,REGULAR,USD,call,2026-06-30,35,745.6400146484375,0.8985569267173771,79.16499999999999,0.0435798648392598,0.0958904109589041,0.21608298654108973
SPY260630C00671000,2026-05-19 13:59:21+00:00,671.0,69.3,76.47,79.75,0.0,0.0,1.0,383.0,0.3102485968017577,True,REGULAR,USD,call,2026-06-30,35,745.6400146484375,0.8998980564587462,78.11,0.0419920624759954,0.0958904109589041,0.2110379926695473
SPY260630C00672000,2026-05-19 14:07:56+00:00,672.0,66.45,75.51,78.96,0.0,0.0,1.0,194.0,0.3112861840820312,True,REGULAR,USD,call,2026-06-30,35,745.6400146484375,0.9012391862001154,77.235,0.0446688677413088,0.0958904109589041,0.21409283709321836
SPY260630C00673000,2026-05-06 15:48:24+00:00,673.0,65.67,74.55,77.79,0.0,0.0,1.0,256.0,0.3049385913085937,True,REGULAR,USD,call,2026-06-30,35,745.6400146484375,0.9025803159414848,76.17,0.0425364316660103,0.0958904109589041,0.2087180553101367
SPY260630C00674000,2026-05-18 14:05:36+00:00,674.0,70.35,73.58,77.03,0.0,0.0,6.0,188.0,0.3064949722290039,True,REGULAR,USD,call,2026-06-30,35,745.6400146484375,0.903921445682854,75.305,0.0458136909899741,0.0958904109589041,0.21192770634970104
SPY260630C00675000,2026-05-22 18:22:49+00:00,675.0,75.7,72.62,76.07,7.8899994,11.635451,5.0,1689.0,0.3041756594848632,True,REGULAR,USD,call,2026-06-30,35,745.6400146484375,0.9052625754242232,74.345,0.0464052727150445,0.0958904109589041,0.21098335379407865
SPY260630C00676000,2026-05-22 14:22:34+00:00,676.0,72.6,71.66,75.11,8.019997,12.4187,2.0,356.0,0.3018258294677735,True,REGULAR,USD,call,2026-06-30,35,745.6400146484375,0.9066037051655924,73.38499999999999,0.047012332220481,0.0958904109589041,0.20999039168033445
SPY260630C00677000,2026-05-21 14:28:18+00:00,677.0,65.74,70.7,74.15,0.0,0.0,1.0,67.0,0.2994759994506836,True,REGULAR,USD,call,2026-06-30,35,745.6400146484375,0.9079448349069617,72.42500000000001,0.0476354849844667,0.0958904109589041,0.20895066984049981
SPY260630C00678000,2026-05-22 15:11:43+00:00,678.0,72.16,69.75,73.2,8.360004,13.103456,12.0,203.0,0.2973092730712889,True,REGULAR,USD,call,2026-06-30,35,745.6400146484375,0.9092859646483308,71.475,0.0482686253934942,0.0958904109589041,0.20823693485594358
SPY260630C00679000,2026-05-14 19:56:45+00:00,679.0,73.76,68.79,72.24,0.0,0.0,1.0,193.0,0.2949289257812499,True,REGULAR,USD,call,2026-06-30,35,745.6400146484375,0.9106270943897,70.515,0.0489257604764942,0.0958904109589041,0.207100237963834
SPY260630C00680000,2026-05-22 16:11:03+00:00,680.0,70.48,67.84,71.29,2.9300003,4.3375278,35.0,3434.0,0.2927316821289061,True,REGULAR,USD,call,2026-06-30,35,745.6400146484375,0.9119682241310691,69.565,0.0495939049809531,0.0958904109589041,0.20627492592565067
SPY260630C00681000,2026-05-15 16:06:37+00:00,681.0,64.45,66.88,70.34,0.0,0.0,1.0,29.0,0.290473403930664,True,REGULAR,USD,call,2026-06-30,35,745.6400146484375,0.9133093538724384,68.61,0.05042996647719,0.0958904109589041,0.20522086457938463
SPY260630C00682000,2026-05-14 19:14:00+00:00,682.0,71.33,65.93,69.39,0.0,0.0,1.0,100.0,0.288245643005371,True,REGULAR,USD,call,2026-06-30,35,745.6400146484375,0.9146504836138076,67.66,0.0511380431569611,0.0958904109589041,0.20428829101910284
SPY260630C00683000,2026-05-14 16:45:00+00:00,683.0,70.2,64.99,68.44,0.0,0.0,7.0,173.0,0.2859873648071288,True,REGULAR,USD,call,2026-06-30,35,745.6400146484375,0.9159916133551768,66.715,0.0517125084313872,0.0958904109589041,0.2034666183695078
SPY260630C00684000,2026-05-18 13:35:28+00:00,684.0,60.04,64.03,67.49,0.0,0.0,2.0,19144.0,0.2836985693359374,True,REGULAR,USD,call,2026-06-30,35,745.6400146484375,0.917332743096546,65.75999999999999,0.0526155717761556,0.0958904109589041,0.202266755488627
SPY260630C00685000,2026-05-22 18:07:15+00:00,685.0,66.0,63.08,66.54,6.2400017,10.441771,3.0,1779.0,0.2814097738647461,True,REGULAR,USD,call,2026-06-30,35,745.6400146484375,0.9186738728379154,64.81,0.0533868230211388,0.0958904109589041,0.2011820042942535
SPY260630C00686000,2026-05-22 17:54:25+00:00,686.0,65.33,62.14,65.59,6.8700027,11.75163,1.0,116.0,0.2790904611206054,True,REGULAR,USD,call,2026-06-30,35,745.6400146484375,0.9200150025792846,63.865,0.0540201988569639,0.0958904109589041,0.20020247277481634
SPY260630C00687000,2026-05-21 13:40:20+00:00,687.0,55.8,61.19,64.65,0.0,0.0,2.0,95.0,0.2769237347412109,True,REGULAR,USD,call,2026-06-30,35,745.6400146484375,0.9213561323206536,62.92,0.0549904640813733,0.0958904109589041,0.19917020807547725
SPY260630C00688000,2026-05-22 14:31:12+00:00,688.0,61.61,60.25,63.71,10.080002,19.561424,2.0,95.0,0.2747570083618164,True,REGULAR,USD,call,2026-06-30,35,745.6400146484375,0.922697262062023,61.980000000000004,0.0558244595030655,0.0958904109589041,0.1982324481406319
SPY260630C00689000,2026-05-22 18:18:46+00:00,689.0,62.34,59.31,62.77,6.25,11.142806,1.0,172.0,0.2725292474365234,True,REGULAR,USD,call,2026-06-30,35,745.6400146484375,0.9240383918033922,61.040000000000006,0.0566841415465268,0.0958904109589041,0.19723923485349523
SPY260630C00690000,2026-05-22 18:17:18+00:00,690.0,61.01,58.38,61.83,1.9699974,3.3367164,16.0,1768.0,0.2703320037841796,True,REGULAR,USD,call,2026-06-30,35,745.6400146484375,0.9253795215447614,60.105000000000004,0.0573995507861242,0.0958904109589041,0.19633070651017442
SPY260630C00691000,2026-05-08 16:29:36+00:00,691.0,54.44,57.44,60.89,0.0,0.0,1.0,188.0,0.2680737255859374,True,REGULAR,USD,call,2026-06-30,35,745.6400146484375,0.9267206512861308,59.165,0.0583115017324432,0.0958904109589041,0.19522831938443677
SPY260630C00692000,2026-05-21 13:47:31+00:00,692.0,51.5,56.5,59.96,0.0,0.0,3.0,218.0,0.2659680337524414,True,REGULAR,USD,call,2026-06-30,35,745.6400146484375,0.9280617810275,58.230000000000004,0.0594195431907951,0.0958904109589041,0.1942081761815041
SPY260630C00693000,2026-05-19 19:54:29+00:00,693.0,47.82,55.58,59.03,0.0,0.0,2.0,166.0,0.2638623419189453,True,REGULAR,USD,call,2026-06-30,35,745.6400146484375,0.929402910768869,57.305,0.060204170665736,0.0958904109589041,0.19339198816320433
SPY260630C00694000,2026-05-18 13:40:41+00:00,694.0,51.14,54.64,58.1,0.0,0.0,1.0,65.0,0.2616956155395508,True,REGULAR,USD,call,2026-06-30,35,745.6400146484375,0.9307440405102384,56.370000000000005,0.0613801667553663,0.0958904109589041,0.19225890142263835
SPY260630C00695000,2026-05-22 19:28:56+00:00,695.0,55.29,53.72,57.17,4.950001,9.833137,43.0,1885.0,0.2595288891601562,True,REGULAR,USD,call,2026-06-30,35,745.6400146484375,0.9320851702516076,55.445,0.062223825412571,0.0958904109589041,0.19132184657905202
SPY260630C00696000,2026-05-18 19:48:49+00:00,696.0,48.8,52.79,56.25,0.0,0.0,1.0,244.0,0.2574842318725586,True,REGULAR,USD,call,2026-06-30,35,745.6400146484375,0.9334262999929768,54.519999999999996,0.0634629493763756,0.0958904109589041,0.19032440072819196
SPY260630C00697000,2026-05-21 17:40:35+00:00,697.0,51.08,51.87,55.33,0.0,0.0,1.0,176.0,0.2554090573120118,True,REGULAR,USD,call,2026-06-30,35,745.6400146484375,0.934767429734346,53.599999999999994,0.0645522388059701,0.0958904109589041,0.1893865698393769
SPY260630C00698000,2026-05-21 19:21:20+00:00,698.0,50.01,50.95,54.41,0.0,0.0,1.0,184.0,0.2533033654785156,True,REGULAR,USD,call,2026-06-30,35,745.6400146484375,0.9361085594757153,52.68,0.0656795747911919,0.0958904109589041,0.18838696861008816
SPY260630C00699000,2026-05-22 19:59:06+00:00,699.0,52.39,50.03,53.49,7.84,17.598204,22.0,112.0,0.2511976736450195,True,REGULAR,USD,call,2026-06-30,35,745.6400146484375,0.9374496892170844,51.760000000000005,0.0668469860896445,0.0958904109589041,0.18732791935758175
SPY260630C00700000,2026-05-22 19:03:00+00:00,700.0,51.0,49.11,51.52,3.25,6.8062825,15.0,5619.0,0.2329788616943359,True,REGULAR,USD,call,2026-06-30,35,745.6400146484375,0.9387908189584536,50.315,0.0478982410811885,0.0958904109589041,0.1740780107772259
SPY260630C00701000,2026-05-22 18:14:29+00:00,701.0,50.66,48.2,51.66,10.049999,24.747597,1.0,302.0,0.2470168072509765,True,REGULAR,USD,call,2026-06-30,35,745.6400146484375,0.9401319486998228,49.93,0.0692970158221508,0.0958904109589041,0.18525351724259834
SPY260630C00702000,2026-05-18 13:50:53+00:00,702.0,45.0,47.29,50.75,0.0,0.0,6.0,90.0,0.2449416326904297,True,REGULAR,USD,call,2026-06-30,35,745.6400146484375,0.941473078441192,49.019999999999996,0.0705834353325173,0.0958904109589041,0.18423226822530026
SPY260630C00703000,2026-05-19 16:40:21+00:00,703.0,40.01,46.39,49.84,0.0,0.0,1.0,161.0,0.2428664581298827,True,REGULAR,USD,call,2026-06-30,35,745.6400146484375,0.9428142081825612,48.115,0.071703211056843,0.0958904109589041,0.1832524101009105
SPY260630C00704000,2026-05-21 16:10:55+00:00,704.0,42.41,45.49,48.94,0.0,0.0,1.0,277.0,0.2408828353881835,True,REGULAR,USD,call,2026-06-30,35,745.6400146484375,0.9441553379239304,47.215,0.0730699989410144,0.0958904109589041,0.1823090904408934
SPY260630C00705000,2026-05-22 13:30:49+00:00,705.0,46.7,44.58,48.04,0.79999924,1.7429177,1.0,2562.0,0.2388686953735351,True,REGULAR,USD,call,2026-06-30,35,745.6400146484375,0.9454964676652996,46.31,0.0747138846901317,0.0958904109589041,0.1812000900645807
SPY260630C00706000,2026-05-21 17:53:26+00:00,706.0,44.16,43.69,47.15,0.0,0.0,1.0,197.0,0.2369766244506835,True,REGULAR,USD,call,2026-06-30,35,745.6400146484375,0.946837597406669,45.42,0.0761778952003522,0.0958904109589041,0.18032091275933937
SPY260630C00707000,2026-05-22 13:58:22+00:00,707.0,45.43,42.8,46.25,4.6399994,11.375336,2.0,94.0,0.2348861912536621,True,REGULAR,USD,call,2026-06-30,35,745.6400146484375,0.9481787271480382,44.525,0.0774845592363841,0.0958904109589041,0.17927528665761136
SPY260630C00708000,2026-05-22 14:10:14+00:00,708.0,44.67,41.91,45.36,3.5,8.501336,2.0,190.0,0.2329178271484375,True,REGULAR,USD,call,2026-06-30,35,745.6400146484375,0.9495198568894074,43.635,0.0790649707803369,0.0958904109589041,0.1782575318855117
SPY260630C00709000,2026-05-21 16:22:51+00:00,709.0,37.24,41.02,44.48,0.0,0.0,1.0,395.0,0.2310257562255859,True,REGULAR,USD,call,2026-06-30,35,745.6400146484375,0.9508609866307766,42.75,0.0809356725146197,0.0958904109589041,0.1772632702277625
SPY260630C00710000,2026-05-22 20:02:31+00:00,710.0,41.3,40.13,43.59,1.3499985,3.3792202,4.0,2501.0,0.2289810989379883,True,REGULAR,USD,call,2026-06-30,35,745.6400146484375,0.9522021163721458,41.86,0.0826564739608218,0.0958904109589041,0.17611098126909058
SPY260630C00711000,2026-05-21 13:41:08+00:00,711.0,35.15,39.25,42.72,0.0,0.0,1.0,660.0,0.2271500625610351,True,REGULAR,USD,call,2026-06-30,35,745.6400146484375,0.953543246113515,40.985,0.0846651213858728,0.0958904109589041,0.17515651794365844
SPY260630C00712000,2026-05-22 13:41:10+00:00,712.0,41.43,38.38,41.84,4.200001,11.281227,10.0,105.0,0.2251664398193359,True,REGULAR,USD,call,2026-06-30,35,745.6400146484375,0.9548843758548844,40.11,0.0862627773622538,0.0958904109589041,0.17412939039460662
SPY260630C00713000,2026-05-22 17:38:22+00:00,713.0,41.0,37.77,40.59,4.130001,11.201522,75.0,586.0,0.2182390188598632,True,REGULAR,USD,call,2026-06-30,35,745.6400146484375,0.9562255055962536,39.18000000000001,0.0719754977029096,0.0958904109589041,0.1721059709925827
SPY260630C00714000,2026-05-22 14:28:34+00:00,714.0,37.82,36.65,40.11,2.4899979,7.047828,20.0,141.0,0.2214433325195312,True,REGULAR,USD,call,2026-06-30,35,745.6400146484375,0.9575666353376228,38.379999999999995,0.0901511203751954,0.0958904109589041,0.17219334415971824
SPY260630C00715000,2026-05-22 19:52:57+00:00,715.0,35.8,35.79,39.25,1.2299995,3.5579967,20.0,6904.0,0.2195817788696288,True,REGULAR,USD,call,2026-06-30,35,745.6400146484375,0.958907765078992,37.519999999999996,0.0922174840085288,0.0958904109589041,0.1711945936735867
SPY260630C00716000,2026-05-22 14:28:33+00:00,716.0,36.06,34.93,38.02,7.9900017,28.46456,16.0,466.0,0.2129290133666992,True,REGULAR,USD,call,2026-06-30,35,745.6400146484375,0.9602488948203612,36.475,0.0847155586017821,0.0958904109589041,0.16717165035140794
SPY260630C00717000,2026-05-22 14:47:44+00:00,717.0,35.71,34.08,37.54,2.6800003,8.113837,6.0,936.0,0.2158586715698242,True,REGULAR,USD,call,2026-06-30,35,745.6400146484375,0.9615900245617304,35.81,0.0966210555710695,0.0958904109589041,0.16912811985584347
SPY260630C00718000,2026-05-22 14:28:33+00:00,718.0,34.4,33.23,36.69,4.880001,16.53117,18.0,688.0,0.2139666006469726,True,REGULAR,USD,call,2026-06-30,35,745.6400146484375,0.9629311543030996,34.959999999999994,0.0989702517162471,0.0958904109589041,0.16805831673112925
SPY260630C00719000,2026-05-22 14:28:33+00:00,719.0,33.51,32.78,35.85,4.209999,14.368598,4.0,149.0,0.2121660815429687,True,REGULAR,USD,call,2026-06-30,35,745.6400146484375,0.9642722840444689,34.315,0.0894652484336296,0.0958904109589041,0.16997029988943635
SPY260630C00720000,2026-05-22 20:12:37+00:00,720.0,33.2,31.55,35.02,2.0,6.410256,840.0,1704.0,0.2104418556213378,True,REGULAR,USD,call,2026-06-30,35,745.6400146484375,0.965613413785838,33.285000000000004,0.1042511641880727,0.0958904109589041,0.1660598922062537
SPY260630C00721000,2026-05-22 18:13:50+00:00,721.0,33.27,31.18,34.19,5.1499996,18.314365,410.0,552.0,0.2086565951538085,True,REGULAR,USD,call,2026-06-30,35,745.6400146484375,0.9669545435272072,32.685,0.0920911733210952,0.0958904109589041,0.1683599136580427
SPY260630C00722000,2026-05-22 16:49:21+00:00,722.0,32.51,29.89,33.36,4.049999,14.230497,1.0,191.0,0.2068255587768554,True,REGULAR,USD,call,2026-06-30,35,745.6400146484375,0.9682956732685764,31.625,0.1097233201581027,0.0958904109589041,0.16395667829097882
SPY260630C00723000,2026-05-22 13:37:19+00:00,723.0,32.03,29.08,32.54,3.4699993,12.1498575,10.0,556.0,0.2050555569458007,True,REGULAR,USD,call,2026-06-30,35,745.6400146484375,0.9696368030099456,30.81,0.1123012009087958,0.0958904109589041,0.16299341819863755
SPY260630C00724000,2026-05-22 15:30:00+00:00,724.0,30.62,28.26,31.73,8.67,39.49886,12.0,157.0,0.2033465896606445,True,REGULAR,USD,call,2026-06-30,35,745.6400146484375,0.9709779327513148,29.995,0.1156859476579429,0.0958904109589041,0.16194412891496945
SPY260630C00725000,2026-05-22 17:42:41+00:00,725.0,30.97,27.46,29.87,3.369999,12.210141,19.0,2541.0,0.1891255404663085,True,REGULAR,USD,call,2026-06-30,35,745.6400146484375,0.972319062492684,28.665,0.0840746555032269,0.0958904109589041,0.15376707466280917
SPY260630C00726000,2026-05-22 17:30:00+00:00,726.0,30.64,26.66,30.13,6.84,28.739496,14.0,202.0,0.1999896896362304,True,REGULAR,USD,call,2026-06-30,35,745.6400146484375,0.9736601922340532,28.395,0.1222046134882901,0.0958904109589041,0.15999265494735157
SPY260630C00727000,2026-05-22 16:31:40+00:00,727.0,28.68,25.9,29.34,4.380001,18.024696,3.0,355.0,0.1983112396240234,True,REGULAR,USD,call,2026-06-30,35,745.6400146484375,0.9750013219754226,27.619999999999997,0.1245474293989863,0.0958904109589041,0.1592119874891705
SPY260630C00728000,2026-05-22 19:09:39+00:00,728.0,27.03,25.08,28.56,2.42,9.833402,1.0,281.0,0.1967090827941894,True,REGULAR,USD,call,2026-06-30,35,745.6400146484375,0.9763424517167918,26.82,0.1297539149888143,0.0958904109589041,0.15801075632779368
SPY260630C00729000,2026-05-22 19:45:04+00:00,729.0,25.76,24.3,27.78,4.120001,19.038822,10.0,143.0,0.195045891418457,True,REGULAR,USD,call,2026-06-30,35,745.6400146484375,0.977683581458161,26.04,0.1336405529953917,0.0958904109589041,0.15697846562225337
SPY260630C00730000,2026-05-22 19:58:00+00:00,730.0,25.23,23.53,27.01,1.8299999,7.8205123,48.0,1839.0,0.1933979586791992,True,REGULAR,USD,call,2026-06-30,35,745.6400146484375,0.9790247111995302,25.270000000000003,0.1377127028096557,0.0958904109589041,0.1559792935601162
SPY260630C00731000,2026-05-22 16:05:01+00:00,731.0,25.79,22.77,26.25,5.1600018,25.012127,2.0,171.0,0.1918110604858398,True,REGULAR,USD,call,2026-06-30,35,745.6400146484375,0.9803658409408994,24.509999999999998,0.1419828641370869,0.0958904109589041,0.15500905805121232
SPY260630C00732000,2026-05-22 16:05:01+00:00,732.0,24.74,22.1,25.5,1.6299992,7.0532193,6.0,171.0,0.1902699382019043,True,REGULAR,USD,call,2026-06-30,35,745.6400146484375,0.9817069706822686,23.8,0.1428571428571428,0.0958904109589041,0.1545535569914938
SPY260630C00733000,2026-05-22 15:19:50+00:00,733.0,24.0,21.37,23.81,2.2999992,10.599074,3.0,322.0,0.1782003567504883,True,REGULAR,USD,call,2026-06-30,35,745.6400146484375,0.983048100423638,22.59,0.1080123948649844,0.0958904109589041,0.14792048912721653
SPY260630C00734000,2026-05-22 20:10:37+00:00,734.0,22.13,21.19,23.01,1.5299988,7.4271784,59.0,373.0,0.1760183717346191,True,REGULAR,USD,call,2026-06-30,35,745.6400146484375,0.9843892301650072,22.1,0.0823529411764706,0.0958904109589041,0.14995938430142147
SPY260630C00735000,2026-05-22 18:50:54+00:00,735.0,22.18,20.56,22.51,2.2399998,11.2337,121.0,3096.0,0.1770712176513671,True,REGULAR,USD,call,2026-06-30,35,745.6400146484375,0.9857303599063764,21.535,0.0905502670071977,0.0958904109589041,0.15092752084957242
SPY260630C00736000,2026-05-22 18:39:26+00:00,736.0,21.65,19.8,21.8,2.1499996,11.025639,37.0,278.0,0.1756979403686523,True,REGULAR,USD,call,2026-06-30,35,745.6400146484375,0.9870714896477456,20.8,0.0961538461538461,0.0958904109589041,0.14975847074280244
SPY260630C00737000,2026-05-22 18:15:01+00:00,737.0,20.84,18.61,21.88,2.7199993,15.011033,29.0,403.0,0.1828237236022948,True,REGULAR,USD,call,2026-06-30,35,745.6400146484375,0.9884126193891148,20.244999999999997,0.1615213632995801,0.0958904109589041,0.15057036250097908
SPY260630C00738000,2026-05-22 19:36:55+00:00,738.0,19.53,17.73,21.19,1.7600002,9.904334,18.0,321.0,0.18145044631958,True,REGULAR,USD,call,2026-06-30,35,745.6400146484375,0.989753749130484,19.46,0.1778006166495375,0.0958904109589041,0.14860434498635933
SPY260630C00739000,2026-05-22 14:13:31+00:00,739.0,18.68,16.99,18.98,2.6200008,16.31383,5.0,1216.0,0.1636588761901856,True,REGULAR,USD,call,2026-06-30,35,745.6400146484375,0.9910948788718532,17.985,0.1106477620239089,0.0958904109589041,0.13868273237041157
SPY260630C00740000,2026-05-22 19:56:25+00:00,740.0,17.96,17.95,18.18,1.4299984,8.650928,563.0,2893.0,0.1610038734436035,True,REGULAR,USD,call,2026-06-30,35,745.6400146484375,0.9924360086132225,18.064999999999998,0.0127318018267368,0.0958904109589041,0.14636691667158863
SPY260630C00741000,2026-05-22 17:57:28+00:00,741.0,18.38,16.0,18.88,2.7999992,17.971754,103.0,409.0,0.1742788871765136,True,REGULAR,USD,call,2026-06-30,35,745.6400146484375,0.9937771383545916,17.439999999999998,0.165137614678899,0.0958904109589041,0.14589381663659823
SPY260630C00742000,2026-05-22 19:01:17+00:00,742.0,17.4,15.0,17.02,2.12,13.874345,38.0,587.0,0.1601188725280761,True,REGULAR,USD,call,2026-06-30,35,745.6400146484375,0.9951182680959608,16.009999999999998,0.1261711430356027,0.0958904109589041,0.13634090333835436
SPY260630C00743000,2026-05-22 19:11:02+00:00,743.0,16.4,14.76,16.5,1.7699995,12.098424,20.0,390.0,0.1601493898010254,True,REGULAR,USD,call,2026-06-30,35,745.6400146484375,0.99645939783733,15.629999999999999,0.1113243761996161,0.0958904109589041,0.13838998230335287
SPY260630C00744000,2026-05-22 19:53:50+00:00,744.0,15.13,15.45,15.5,1.0900002,7.763534,22.0,547.0,0.1549919706726074,True,REGULAR,USD,call,2026-06-30,35,745.6400146484375,0.9978005275786992,15.475,0.0032310177705977,0.0958904109589041,0.14275163738134045
SPY260630C00745000,2026-05-22 20:14:39+00:00,745.0,14.9,14.84,14.89,1.3499994,9.963095,615.0,2202.0,0.1538475729370117,True,REGULAR,USD,call,2026-06-30,35,745.6400146484375,0.9991416573200684,14.865,0.0033636057854019,0.0958904109589041,0.141957919678221
SPY260630C00746000,2026-05-22 20:01:38+00:00,746.0,14.0,14.24,14.29,1.4799995,11.821082,152.0,196.0,0.1527184338378906,False,REGULAR,USD,call,2026-06-30,35,745.6400146484375,1.0004827870614377,14.265,0.0035050823694356,0.0958904109589041,0.14114721508835418
SPY260630C00747000,2026-05-22 19:34:35+00:00,747.0,13.7,13.66,13.71,1.3599997,11.021067,164.0,161.0,0.1516655879211426,False,REGULAR,USD,call,2026-06-30,35,745.6400146484375,1.001823916802807,13.685,0.0036536353671904,0.0958904109589041,0.1404268478778432
SPY260630C00748000,2026-05-22 20:09:48+00:00,748.0,13.05,13.08,13.14,1.1500006,9.663871,200.0,450.0,0.1506127420043945,False,REGULAR,USD,call,2026-06-30,35,745.6400146484375,1.0031650465441762,13.11,0.0045766590389016,0.0958904109589041,0.13963088390970568
SPY260630C00749000,2026-05-22 19:55:35+00:00,749.0,12.45,12.53,12.58,0.85999966,7.4201865,343.0,562.0,0.1495446374511718,False,REGULAR,USD,call,2026-06-30,35,745.6400146484375,1.0045061762855454,12.555,0.0039824771007567,0.0958904109589041,0.138920483171953
SPY260630C00750000,2026-05-22 20:09:49+00:00,750.0,11.97,11.98,12.03,1.4700003,14.000003,806.0,4411.0,0.148446015625,False,REGULAR,USD,call,2026-06-30,35,745.6400146484375,1.0058473060269146,12.004999999999999,0.0041649312786338,0.0958904109589041,0.13813080371822703
SPY260630C00751000,2026-05-22 19:59:40+00:00,751.0,11.48,11.45,11.5,0.8999996,8.506613,10.0,495.0,0.1474542042541504,False,REGULAR,USD,call,2026-06-30,35,745.6400146484375,1.007188435768284,11.475,0.0043572984749455,0.0958904109589041,0.13742289789038584
SPY260630C00752000,2026-05-22 18:36:11+00:00,752.0,11.55,10.94,10.99,1.8500004,19.072168,393.0,475.0,0.1465386860656738,False,REGULAR,USD,call,2026-06-30,35,745.6400146484375,1.0085295655096531,10.965,0.0045599635202919,0.0958904109589041,0.13679580786879827
SPY260630C00753000,2026-05-22 19:25:34+00:00,753.0,10.63,10.44,10.48,1.3199997,14.178298,127.0,221.0,0.1455010987854004,False,REGULAR,USD,call,2026-06-30,35,745.6400146484375,1.0098706952510224,10.46,0.0038240917782027,0.0958904109589041,0.1360843322812497
SPY260630C00754000,2026-05-22 15:31:00+00:00,754.0,11.0,9.95,10.0,2.4399996,28.504667,105.0,214.0,0.1446466151428223,False,REGULAR,USD,call,2026-06-30,35,745.6400146484375,1.0112118249923914,9.975,0.0050125313283208,0.0958904109589041,0.1354513787545334
SPY260630C00755000,2026-05-22 19:59:58+00:00,755.0,9.46,9.48,9.52,1.25,15.225334,359.0,2128.0,0.1436700624084472,False,REGULAR,USD,call,2026-06-30,35,745.6400146484375,1.0125529547337606,9.5,0.0042105263157893,0.0958904109589041,0.13478644961085035
SPY260630C00756000,2026-05-22 19:35:28+00:00,756.0,9.1,9.02,9.07,1.1000004,13.750005,379.0,158.0,0.1428918719482422,False,REGULAR,USD,call,2026-06-30,35,745.6400146484375,1.01389408447513,9.045,0.0055279159756772,0.0958904109589041,0.13419923211664064
SPY260630C00757000,2026-05-22 20:10:37+00:00,757.0,8.56,8.57,8.62,2.1400003,33.333336,281.0,30.0,0.141961095123291,False,REGULAR,USD,call,2026-06-30,35,745.6400146484375,1.015235214216499,8.594999999999999,0.0058173356602674,0.0958904109589041,0.13352261760636777
SPY260630C00758000,2026-05-22 19:49:29+00:00,758.0,8.0,8.15,8.19,0.8000002,11.1111145,272.0,373.0,0.1411218701171875,False,REGULAR,USD,call,2026-06-30,35,745.6400146484375,1.0165763439578683,8.17,0.0048959608323132,0.0958904109589041,0.13297999124214577
SPY260630C00759000,2026-05-22 19:02:57+00:00,759.0,7.98,7.73,7.78,1.3000002,19.461082,388.0,308.0,0.1403741969299316,False,REGULAR,USD,call,2026-06-30,35,745.6400146484375,1.0179174736992376,7.755000000000001,0.0064474532559638,0.0958904109589041,0.13240345655842342
SPY260630C00760000,2026-05-22 20:14:23+00:00,760.0,7.37,7.33,7.38,0.80999994,12.34756,376.0,3647.0,0.1395960064697265,False,REGULAR,USD,call,2026-06-30,35,745.6400146484375,1.0192586034406068,7.355,0.0067980965329707,0.0958904109589041,0.13184970425967582
SPY260630C00761000,2026-05-22 16:36:11+00:00,761.0,7.5,6.95,6.99,1.54,25.838926,59.0,179.0,0.1387872987365723,False,REGULAR,USD,call,2026-06-30,35,745.6400146484375,1.020599733181976,6.970000000000001,0.0057388809182209,0.0958904109589041,0.13131971045257682
SPY260630C00762000,2026-05-22 19:18:08+00:00,762.0,6.75,6.58,6.62,0.9899998,17.187496,8.0,135.0,0.1380701428222656,False,REGULAR,USD,call,2026-06-30,35,745.6400146484375,1.0219408629233453,6.6,0.006060606060606,0.0958904109589041,0.1308148339187762
SPY260630C00763000,2026-05-22 17:39:24+00:00,763.0,7.16,6.23,6.27,1.8199997,34.08239,14.0,730.0,0.1374445387268066,False,REGULAR,USD,call,2026-06-30,35,745.6400146484375,1.0232819926647143,6.25,0.0063999999999998,0.0958904109589041,0.13039704861709875
SPY260630C00764000,2026-05-22 16:32:52+00:00,764.0,6.53,5.88,5.93,1.5,29.821072,16.0,141.0,0.1367884173583984,False,REGULAR,USD,call,2026-06-30,35,745.6400146484375,1.0246231224060838,5.904999999999999,0.008467400508044,0.0958904109589041,0.12988799505609683
SPY260630C00765000,2026-05-22 19:58:41+00:00,765.0,5.69,5.56,5.6,0.9299998,19.537811,580.0,1133.0,0.1361170373535156,False,REGULAR,USD,call,2026-06-30,35,745.6400146484375,1.0259642521474528,5.58,0.007168458781362,0.0958904109589041,0.12947100481747661
SPY260630C00766000,2026-05-22 19:48:06+00:00,766.0,5.18,5.25,5.29,0.7399998,16.66666,254.0,52.0,0.1355677264404297,False,REGULAR,USD,call,2026-06-30,35,745.6400146484375,1.027305381888822,5.27,0.0075901328273244,0.0958904109589041,0.12908893133329996
SPY260630C00767000,2026-05-22 17:09:58+00:00,767.0,5.55,4.95,4.99,1.2000003,27.586212,28.0,54.0,0.1349573809814453,False,REGULAR,USD,call,2026-06-30,35,745.6400146484375,1.0286465116301913,4.970000000000001,0.0080482897384305,0.0958904109589041,0.12868173936150418
SPY260630C00768000,2026-05-22 19:58:38+00:00,768.0,4.76,4.66,4.7,0.72000027,17.821789,18.0,104.0,0.1343622941589355,False,REGULAR,USD,call,2026-06-30,35,745.6400146484375,1.0299876413715603,4.68,0.0085470085470085,0.0958904109589041,0.1282491229387509
SPY260630C00769000,2026-05-22 19:48:06+00:00,769.0,4.33,4.39,4.43,0.63999987,17.34417,16.0,273.0,0.1338587591552734,False,REGULAR,USD,call,2026-06-30,35,745.6400146484375,1.0313287711129298,4.41,0.0090702947845805,0.0958904109589041,0.12792700144134556
SPY260630C00770000,2026-05-22 20:04:43+00:00,770.0,4.08,4.13,4.17,0.5799999,16.571426,655.0,2426.0,0.1333704827880859,False,REGULAR,USD,call,2026-06-30,35,745.6400146484375,1.032669900854299,4.15,0.0096385542168674,0.0958904109589041,0.12758758287279418
SPY260630C00771000,2026-05-22 17:19:59+00:00,771.0,4.23,3.88,3.92,0.8499999,25.147926,2.0,69.0,0.1328516891479492,False,REGULAR,USD,call,2026-06-30,35,745.6400146484375,1.0340110305956682,3.9,0.0102564102564102,0.0958904109589041,0.12723208214722942
SPY260630C00772000,2026-05-22 19:06:18+00:00,772.0,3.82,3.64,3.68,0.64999986,20.504726,22.0,157.0,0.1323328955078125,False,REGULAR,USD,call,2026-06-30,35,745.6400146484375,1.0353521603370377,3.66,0.0109289617486338,0.0958904109589041,0.12686285986733317
SPY260630C00773000,2026-05-22 17:21:47+00:00,773.0,3.81,3.42,3.46,0.98,34.628975,13.0,159.0,0.1319666882324218,False,REGULAR,USD,call,2026-06-30,35,745.6400146484375,1.0366932900784067,3.44,0.0116279069767441,0.0958904109589041,0.12663132168769245
SPY260630C00774000,2026-05-22 17:00:13+00:00,774.0,3.57,3.21,3.24,0.97,37.307693,4.0,45.0,0.1314173773193359,False,REGULAR,USD,call,2026-06-30,35,745.6400146484375,1.038034419819776,3.225,0.0093023255813954,0.0958904109589041,0.12632196740409815
SPY260630C00775000,2026-05-22 20:03:45+00:00,775.0,2.99,3.01,3.04,0.70000005,30.567688,203.0,2573.0,0.1310511700439453,False,REGULAR,USD,call,2026-06-30,35,745.6400146484375,1.0393755495611452,3.025,0.0099173553719009,0.0958904109589041,0.12609084199953033
SPY260630C00776000,2026-05-22 17:01:36+00:00,776.0,3.23,2.81,2.85,0.8900001,38.034195,4.0,1335.0,0.1306849627685546,False,REGULAR,USD,call,2026-06-30,35,745.6400146484375,1.0407166793025142,2.83,0.0141342756183745,0.0958904109589041,0.1257852821047664
SPY260630C00777000,2026-05-22 18:33:25+00:00,777.0,2.95,2.63,2.67,0.53,21.900826,12.0,132.0,0.1303492727661132,False,REGULAR,USD,call,2026-06-30,35,745.6400146484375,1.0420578090438837,2.65,0.0150943396226415,0.0958904109589041,0.12557167087236934
SPY260630C00778000,2026-05-22 19:03:29+00:00,778.0,2.61,2.46,2.5,0.56999993,27.941174,30.0,271.0,0.1300441000366211,False,REGULAR,USD,call,2026-06-30,35,745.6400146484375,1.0433989387852527,2.48,0.0161290322580645,0.0958904109589041,0.1253764779022597
SPY260630C00779000,2026-05-22 16:16:19+00:00,779.0,2.62,2.3,2.33,0.77999985,42.391293,5.0,326.0,0.1295863409423828,False,REGULAR,USD,call,2026-06-30,35,745.6400146484375,1.044740068526622,2.315,0.0129589632829374,0.0958904109589041,0.12511611506786502
SPY260630C00780000,2026-05-22 20:14:23+00:00,780.0,2.14,2.15,2.18,0.42000008,24.41861,263.0,2989.0,0.1293116854858398,False,REGULAR,USD,call,2026-06-30,35,745.6400146484375,1.0460811982679912,2.165,0.0138568129330255,0.0958904109589041,0.12497627643751975
SPY260630C00781000,2026-05-22 17:01:36+00:00,781.0,2.34,2.0,2.03,0.80999994,52.941174,19.0,312.0,0.1289149609375,False,REGULAR,USD,call,2026-06-30,35,745.6400146484375,1.0474223280093604,2.0149999999999997,0.0148883374689825,0.0958904109589041,0.12468378676990276
SPY260630C00782000,2026-05-22 18:58:40+00:00,782.0,2.07,1.87,1.9,0.40999997,24.698793,72.0,203.0,0.1287318572998047,False,REGULAR,USD,call,2026-06-30,35,745.6400146484375,1.0487634577507297,1.885,0.0159151193633951,0.0958904109589041,0.12463095020124089
SPY260630C00783000,2026-05-22 19:08:58+00:00,783.0,1.85,1.74,1.77,0.52,39.09774,182.0,49.0,0.1284266845703124,False,REGULAR,USD,call,2026-06-30,35,745.6400146484375,1.050104587492099,1.755,0.0170940170940171,0.0958904109589041,0.12443174963721408
SPY260630C00784000,2026-05-22 19:46:25+00:00,784.0,1.61,1.62,1.65,0.37,29.83871,35.0,83.0,0.1282130636596679,False,REGULAR,USD,call,2026-06-30,35,745.6400146484375,1.051445717233468,1.635,0.0183486238532108,0.0958904109589041,0.1242931399986284
SPY260630C00785000,2026-05-22 20:03:43+00:00,785.0,1.5,1.51,1.54,0.26999998,21.951218,173.0,1799.0,0.1280604772949218,False,REGULAR,USD,call,2026-06-30,35,745.6400146484375,1.0527868469748374,1.525,0.019672131147541,0.0958904109589041,0.1242284534352185
SPY260630C00786000,2026-05-22 19:49:55+00:00,786.0,1.41,1.4,1.43,0.25,21.551725,31.0,246.0,0.1277553045654297,False,REGULAR,USD,call,2026-06-30,35,745.6400146484375,1.0541279767162064,1.415,0.0212014134275618,0.0958904109589041,0.12401628832752162
SPY260630C00787000,2026-05-22 17:58:02+00:00,787.0,1.57,1.3,1.33,0.37,30.833334,18.0,29.0,0.1275111663818359,False,REGULAR,USD,call,2026-06-30,35,745.6400146484375,1.0554691064575756,1.315,0.0228136882129277,0.0958904109589041,0.12389179067235334
SPY260630C00788000,2026-05-22 19:46:06+00:00,788.0,1.23,1.21,1.24,0.24000001,24.242424,30.0,462.0,0.1274501318359375,False,REGULAR,USD,call,2026-06-30,35,745.6400146484375,1.0568102361989449,1.225,0.0244897959183673,0.0958904109589041,0.12387410936975869
SPY260630C00789000,2026-05-22 13:46:49+00:00,789.0,1.48,1.13,1.15,0.58000004,64.44445,45.0,363.0,0.1272059936523437,False,REGULAR,USD,call,2026-06-30,35,745.6400146484375,1.058151365940314,1.14,0.0175438596491228,0.0958904109589041,0.12384870476158799
SPY260630C00790000,2026-05-22 20:07:20+00:00,790.0,1.04,1.05,1.07,0.22999996,28.395058,128.0,2131.0,0.1270839245605468,False,REGULAR,USD,call,2026-06-30,35,745.6400146484375,1.0594924956816834,1.06,0.0188679245283019,0.0958904109589041,0.1238216632618738
SPY260630C00791000,2026-05-22 18:35:30+00:00,791.0,1.11,0.97,1.0,0.21000004,23.333338,43.0,104.0,0.1271449591064453,False,REGULAR,USD,call,2026-06-30,35,745.6400146484375,1.0608336254230526,0.985,0.0304568527918782,0.0958904109589041,0.12379943878264402
SPY260630C00792000,2026-05-22 19:27:39+00:00,792.0,0.95,0.9,0.93,0.19999999,26.666664,69.0,65.0,0.1270228900146484,False,REGULAR,USD,call,2026-06-30,35,745.6400146484375,1.0621747551644218,0.915,0.0327868852459016,0.0958904109589041,0.12379022570326288
SPY260630C00793000,2026-05-22 19:46:22+00:00,793.0,0.85,0.84,0.86,0.19,28.787878,99.0,74.0,0.1268397863769531,False,REGULAR,USD,call,2026-06-30,35,745.6400146484375,1.063515884905791,0.85,0.0235294117647059,0.0958904109589041,0.1238031385875617
SPY260630C00794000,2026-05-22 19:30:16+00:00,794.0,0.8,0.78,0.8,0.21000004,35.59323,89.0,578.0,0.1268397863769531,False,REGULAR,USD,call,2026-06-30,35,745.6400146484375,1.0648570146471603,0.79,0.0253164556962025,0.0958904109589041,0.12384889975779498
SPY260630C00795000,2026-05-22 19:29:10+00:00,795.0,0.75,0.72,0.75,0.18,31.578949,394.0,1677.0,0.1270228900146484,False,REGULAR,USD,call,2026-06-30,35,745.6400146484375,1.0661981443885296,0.735,0.0408163265306122,0.0958904109589041,0.12393993222954391
SPY260630C00800000,2026-05-22 20:00:11+00:00,800.0,0.52,0.5,0.52,0.109999985,26.829264,734.0,9453.0,0.1270839245605468,False,REGULAR,USD,call,2026-06-30,35,745.6400146484375,1.0729037930953755,0.51,0.0392156862745098,0.0958904109589041,0.1244900081106789
SPY260630C00805000,2026-05-22 20:14:53+00:00,805.0,0.36,0.35,0.37,0.07000002,24.13794,119.0,1497.0,0.1280604772949218,False,REGULAR,USD,call,2026-06-30,35,745.6400146484375,1.0796094418022215,0.36,0.0555555555555556,0.0958904109589041,0.12569371555618808
SPY260630C00810000,2026-05-22 17:28:12+00:00,810.0,0.32,0.25,0.27,0.11,52.380955,57.0,2460.0,0.1297694445800781,False,REGULAR,USD,call,2026-06-30,35,745.6400146484375,1.0863150905090675,0.26,0.0769230769230769,0.0958904109589041,0.127490162325722
SPY260630C00815000,2026-05-22 16:15:51+00:00,815.0,0.23,0.19,0.2,0.120000005,109.09091,3.0,1958.0,0.131844619140625,False,REGULAR,USD,call,2026-06-30,35,745.6400146484375,1.093020739215914,0.195,0.0512820512820513,0.0958904109589041,0.1300240673626776
SPY260630C00820000,2026-05-22 19:01:23+00:00,820.0,0.16,0.14,0.16,0.049999997,45.454544,20.0,1523.0,0.1350184155273437,False,REGULAR,USD,call,2026-06-30,35,745.6400146484375,1.09972638792276,0.15000000000000002,0.1333333333333332,0.0958904109589041,0.13294335990448988
SPY260630C00825000,2026-05-22 19:53:14+00:00,825.0,0.13,0.11,0.13,0.029999994,29.999992,164.0,1762.0,0.13868048828125,False,REGULAR,USD,call,2026-06-30,35,745.6400146484375,1.106432036629606,0.12,0.1666666666666667,0.0958904109589041,0.13643984652204783
SPY260630C00830000,2026-05-22 19:22:13+00:00,830.0,0.09,0.09,0.1,0.0,0.0,42.0,4276.0,0.1411218701171875,False,REGULAR,USD,call,2026-06-30,35,745.6400146484375,1.113137685336452,0.095,0.1052631578947369,0.0958904109589041,0.13961086563244618
SPY260630C00835000,2026-05-22 16:40:54+00:00,835.0,0.08,0.07,0.09,0.009999998,14.285712,6.0,2092.0,0.1460046337890624,False,REGULAR,USD,call,2026-06-30,35,745.6400146484375,1.1198433340432985,0.08,0.2499999999999998,0.0958904109589041,0.14368948698551665
SPY260630C00840000,2026-05-22 14:52:44+00:00,840.0,0.07,0.06,0.08,0.02,39.999996,17.0,1629.0,0.1508873974609375,False,REGULAR,USD,call,2026-06-30,35,745.6400146484375,1.1265489827501445,0.07,0.2857142857142857,0.0958904109589041,0.14825411994449222
SPY260630C00845000,2026-05-22 16:25:55+00:00,845.0,0.06,0.05,0.07,0.009999998,19.999996,2.0,1323.0,0.1547936083984375,False,REGULAR,USD,call,2026-06-30,35,745.6400146484375,1.1332546314569905,0.060000000000000005,0.3333333333333333,0.0958904109589041,0.15232019889617363
SPY260630C00850000,2026-05-22 16:51:48+00:00,850.0,0.05,0.05,0.06,0.010000002,25.000006,64.0,2955.0,0.1586998193359375,False,REGULAR,USD,call,2026-06-30,35,745.6400146484375,1.1399602801638364,0.055,0.1818181818181817,0.0958904109589041,0.1573688413979167
SPY260630C00855000,2026-05-22 19:57:21+00:00,855.0,0.05,0.04,0.05,0.020000001,66.66667,126.0,1095.0,0.1616294775390624,False,REGULAR,USD,call,2026-06-30,35,745.6400146484375,1.1466659288706826,0.045,0.2222222222222222,0.0958904109589041,0.16038165217733585
SPY260630C00860000,2026-05-22 19:34:56+00:00,860.0,0.04,0.04,0.05,0.01,33.333336,7.0,565.0,0.1679770703125,False,REGULAR,USD,call,2026-06-30,35,745.6400146484375,1.1533715775775288,0.045,0.2222222222222222,0.0958904109589041,0.16662710909612147
SPY260630C00865000,2026-05-21 18:45:17+00:00,865.0,0.03,0.03,0.04,0.0,0.0,2.0,678.0,0.16993017578125,False,REGULAR,USD,call,2026-06-30,35,745.6400146484375,1.1600772262843748,0.035,0.2857142857142857,0.0958904109589041,0.16853908748453625
SPY260630C00870000,2026-05-22 14:28:53+00:00,870.0,0.03,0.03,0.04,0.01,50.0,60.0,3809.0,0.1757894921875,False,REGULAR,USD,call,2026-06-30,35,745.6400146484375,1.166782874991221,0.035,0.2857142857142857,0.0958904109589041,0.17454048776646286
SPY260630C00875000,2026-05-22 16:44:35+00:00,875.0,0.03,0.03,0.04,0.0,0.0,7.0,1280.0,0.18164880859375,False,REGULAR,USD,call,2026-06-30,35,745.6400146484375,1.173488523698067,0.035,0.2857142857142857,0.0958904109589041,0.18048613858562013
SPY260630C00880000,2026-05-22 20:01:27+00:00,880.0,0.03,0.03,0.04,0.01,50.0,240.0,1105.0,0.187508125,False,REGULAR,USD,call,2026-06-30,35,745.6400146484375,1.1801941724049132,0.035,0.2857142857142857,0.0958904109589041,0.18637777782607168
SPY260630C00885000,2026-05-21 19:28:50+00:00,885.0,0.02,0.02,0.03,0.0,0.0,72.0,4482.0,0.187508125,False,REGULAR,USD,call,2026-06-30,35,745.6400146484375,1.1868998211117592,0.025,0.3999999999999999,0.0958904109589041,0.186290390999628
SPY260630C00890000,2026-05-22 14:39:44+00:00,890.0,0.02,0.02,0.03,0.0,0.0,1.0,2960.0,0.19336744140625,False,REGULAR,USD,call,2026-06-30,35,745.6400146484375,1.1936054698186054,0.025,0.3999999999999999,0.0958904109589041,0.19193118332747422
SPY260630C00895000,2026-05-21 18:45:07+00:00,895.0,0.03,0.02,0.03,0.0,0.0,4.0,1503.0,0.1992267578125,False,REGULAR,USD,call,2026-06-30,35,745.6400146484375,1.2003111185254514,0.025,0.3999999999999999,0.0958904109589041,0.19752405226915082
SPY260630C00900000,2026-05-22 14:46:18+00:00,900.0,0.02,0.02,0.03,0.0,0.0,12.0,1993.0,0.2050860742187499,False,REGULAR,USD,call,2026-06-30,35,745.6400146484375,1.2070167672322976,0.025,0.3999999999999999,0.0958904109589041,0.20307011965529495
SPY260702C00665000,2026-05-22 13:32:14+00:00,665.0,84.89,82.54,85.76,0.0,0.0,1.0,,0.3201361932373046,True,REGULAR,USD,call,2026-07-02,37,745.6400146484375,0.891851278010531,84.15,0.0382650029708853,0.10136986301369863,0.2152254016312352
SPY260702C00690000,2026-05-22 17:51:30+00:00,690.0,61.76,58.79,61.99,1.5699997,2.6084063,4.0,,0.2658459646606446,True,REGULAR,USD,call,2026-07-02,37,745.6400146484375,0.9253795215447614,60.39,0.0529889054479218,0.10136986301369863,0.1949051470802133
SPY260702C00695000,2026-05-22 14:54:39+00:00,695.0,56.18,54.16,57.41,0.0,0.0,1.0,,0.2564466445922851,True,REGULAR,USD,call,2026-07-02,37,745.6400146484375,0.9320851702516076,55.785,0.0582593887245675,0.10136986301369863,0.19092503083412288
SPY260702C00700000,2026-05-22 20:06:31+00:00,700.0,50.22,49.6,52.85,-1.7700005,-3.4045014,2.0,,0.2466200827026367,True,REGULAR,USD,call,2026-07-02,37,745.6400146484375,0.9387908189584536,51.225,0.0634455832113226,0.10136986301369863,0.1864295734913141
SPY260702C00703000,2026-05-22 19:41:47+00:00,703.0,48.14,46.9,50.16,0.0,0.0,1.0,,0.2410659390258789,True,REGULAR,USD,call,2026-07-02,37,745.6400146484375,0.9428142081825612,48.53,0.0671749433340201,0.10136986301369863,0.18383244986958824
SPY260702C00704000,2026-05-22 14:00:00+00:00,704.0,48.71,46.0,49.26,0.0,0.0,1.0,,0.2390823162841796,True,REGULAR,USD,call,2026-07-02,37,745.6400146484375,0.9441553379239304,47.629999999999995,0.0684442578207012,0.10136986301369863,0.18280709270121082
SPY260702C00720000,2026-05-22 17:08:26+00:00,720.0,35.2,32.21,35.51,0.0,0.0,1.0,,0.2108233215332031,True,REGULAR,USD,call,2026-07-02,37,745.6400146484375,0.965613413785838,33.86,0.0974601299468398,0.10136986301369863,0.16796584239043783
SPY260702C00722000,2026-05-22 19:05:57+00:00,722.0,32.68,30.57,33.88,-0.13999939,-0.4265673,3.0,,0.2075579733276367,True,REGULAR,USD,call,2026-07-02,37,745.6400146484375,0.9682956732685764,32.225,0.1027152831652444,0.10136986301369863,0.16607604064660242
SPY260702C00724000,2026-05-22 17:08:26+00:00,724.0,31.88,28.96,32.27,0.0,0.0,1.0,,0.2042926251220702,True,REGULAR,USD,call,2026-07-02,37,745.6400146484375,0.9709779327513148,30.615000000000002,0.1081169361424139,0.10136986301369863,0.1642007660655627
SPY260702C00726000,2026-05-21 16:22:53+00:00,726.0,24.32,27.37,30.69,0.0,0.0,,3.0,0.2011493460083007,True,REGULAR,USD,call,2026-07-02,37,745.6400146484375,0.9736601922340532,29.03,0.1143644505683775,0.10136986301369863,0.1623204979954776
SPY260702C00727000,2026-05-22 16:32:04+00:00,727.0,29.5,26.59,29.91,0.0,0.0,10.0,0.0,0.1995929650878906,True,REGULAR,USD,call,2026-07-02,37,745.6400146484375,0.9750013219754226,28.25,0.1175221238938053,0.10136986301369863,0.16141202021104376
SPY260702C00730000,2026-05-22 19:29:15+00:00,730.0,25.62,24.28,27.62,0.0,0.0,1.0,0.0,0.1950916673278808,True,REGULAR,USD,call,2026-07-02,37,745.6400146484375,0.9790247111995302,25.950000000000003,0.1287090558766859,0.10136986301369863,0.1586530057587642
SPY260702C00732000,2026-05-21 18:02:37+00:00,732.0,23.29,22.78,26.13,0.0,0.0,,1.0,0.1921772677612305,True,REGULAR,USD,call,2026-07-02,37,745.6400146484375,0.9817069706822686,24.455,0.1369863013698629,0.10136986301369863,0.15682304138159356
SPY260702C00733000,2026-05-22 13:30:13+00:00,733.0,23.66,22.04,25.4,3.8099995,19.193953,1.0,1.0,0.1907582145690918,True,REGULAR,USD,call,2026-07-02,37,745.6400146484375,0.983048100423638,23.72,0.1416526138279932,0.10136986301369863,0.15591505633419234
SPY260702C00734000,2026-05-22 16:11:58+00:00,734.0,23.96,21.32,24.68,0.0,0.0,1.0,0.0,0.1893849372863769,True,REGULAR,USD,call,2026-07-02,37,745.6400146484375,0.9843892301650072,23.0,0.1460869565217391,0.10136986301369863,0.15508530991319044
SPY260702C00735000,2026-05-22 20:03:41+00:00,735.0,22.09,20.93,23.96,1.75,8.603737,40.0,25.0,0.187935366821289,True,REGULAR,USD,call,2026-07-02,37,745.6400146484375,0.9857303599063764,22.445,0.134996658498552,0.10136986301369863,0.1560429641943622
SPY260702C00736000,2026-05-21 16:30:39+00:00,736.0,17.54,19.89,23.26,0.0,0.0,,2.0,0.1866231240844726,True,REGULAR,USD,call,2026-07-02,37,745.6400146484375,0.9870714896477456,21.575000000000003,0.1561993047508691,0.10136986301369863,0.15330148934630985
SPY260702C00737000,2026-05-21 19:20:33+00:00,737.0,19.15,19.18,22.56,0.0,0.0,,3.0,0.1852498468017577,True,REGULAR,USD,call,2026-07-02,37,745.6400146484375,0.9884126193891148,20.869999999999997,0.1619549592716818,0.10136986301369863,0.15234506951811663
SPY260702C00738000,2026-05-22 14:33:47+00:00,738.0,20.35,18.49,21.88,2.0100002,10.959652,2.0,72.0,0.1839833799743652,True,REGULAR,USD,call,2026-07-02,37,745.6400146484375,0.989753749130484,20.185,0.1679464949219718,0.10136986301369863,0.15151063075055535
SPY260702C00739000,2026-05-21 19:03:33+00:00,739.0,17.37,17.81,21.2,0.0,0.0,,2.0,0.1826406199645995,True,REGULAR,USD,call,2026-07-02,37,745.6400146484375,0.9910948788718532,19.505,0.1738015893360677,0.10136986301369863,0.1506274522864917
SPY260702C00740000,2026-05-22 19:44:29+00:00,740.0,18.82,17.3,20.14,1.6900005,9.865736,23.0,8.0,0.1772543212890625,True,REGULAR,USD,call,2026-07-02,37,745.6400146484375,0.9924360086132225,18.72,0.1517094017094017,0.10136986301369863,0.148489908157796
SPY260702C00741000,2026-05-22 17:40:14+00:00,741.0,19.64,16.48,19.89,2.9400005,17.604795,1.0,9.0,0.1802297554016113,True,REGULAR,USD,call,2026-07-02,37,745.6400146484375,0.9937771383545916,18.185000000000002,0.1875171844927137,0.10136986301369863,0.14898122918319862
SPY260702C00742000,2026-05-22 15:42:55+00:00,742.0,18.6,16.1,18.85,2.7299995,17.202265,1.0,21.0,0.1749044912719726,True,REGULAR,USD,call,2026-07-02,37,745.6400146484375,0.9951182680959608,17.475,0.1573676680972818,0.10136986301369863,0.14745582450602374
SPY260702C00743000,2026-05-22 16:03:34+00:00,743.0,18.02,15.31,18.62,2.5100002,16.18311,9.0,75.0,0.177895184020996,True,REGULAR,USD,call,2026-07-02,37,745.6400146484375,0.99645939783733,16.965,0.1951075744179193,0.10136986301369863,0.1479761752062966
SPY260702C00744000,2026-05-22 17:39:37+00:00,744.0,17.79,16.28,16.34,3.13,21.350613,102.0,87.0,0.159615337524414,True,REGULAR,USD,call,2026-07-02,37,745.6400146484375,0.9978005275786992,16.310000000000002,0.0036787247087675,0.10136986301369863,0.1468209550067957
SPY260702C00745000,2026-05-22 19:54:05+00:00,745.0,15.43,15.67,15.73,1.1900005,8.356746,126.0,39.0,0.1585014570617676,True,REGULAR,USD,call,2026-07-02,37,745.6400146484375,0.9991416573200684,15.7,0.0038216560509554,0.10136986301369863,0.1460343194286919
SPY260702C00746000,2026-05-22 19:37:32+00:00,746.0,15.19,15.07,15.13,1.6400003,12.103324,28.0,1.0,0.1573875765991211,False,REGULAR,USD,call,2026-07-02,37,745.6400146484375,1.0004827870614377,15.100000000000001,0.0039735099337748,0.10136986301369863,0.1452379589742664
SPY260702C00747000,2026-05-22 19:48:35+00:00,747.0,14.25,14.48,14.54,0.6700001,4.933727,122.0,42.0,0.1562584375,False,REGULAR,USD,call,2026-07-02,37,745.6400146484375,1.001823916802807,14.51,0.0041350792556856,0.10136986301369863,0.144430581059956
SPY260702C00748000,2026-05-22 17:28:13+00:00,748.0,15.15,13.9,13.96,2.13,16.359447,60.0,7.0,0.1551292984008789,False,REGULAR,USD,call,2026-07-02,37,745.6400146484375,1.0031650465441762,13.93,0.0043072505384063,0.10136986301369863,0.1436099757233338
SPY260702C00749000,2026-05-22 19:59:50+00:00,749.0,13.19,13.34,13.4,0.48999977,3.858266,44.0,1.0,0.1541069697570801,False,REGULAR,USD,call,2026-07-02,37,745.6400146484375,1.0045061762855454,13.370000000000001,0.0044876589379207,0.10136986301369863,0.14287992083675657
SPY260702C00750000,2026-05-22 19:57:19+00:00,750.0,12.87,12.79,12.85,1.3400002,11.621858,40.0,43.0,0.1530693824768066,False,REGULAR,USD,call,2026-07-02,37,745.6400146484375,1.0058473060269146,12.82,0.0046801872074883,0.10136986301369863,0.14213295380389987
SPY260702C00751000,2026-05-22 18:43:57+00:00,751.0,13.01,12.26,12.31,1.8999996,17.101706,10.0,70.0,0.1520165365600586,False,REGULAR,USD,call,2026-07-02,37,745.6400146484375,1.007188435768284,12.285,0.0040700040700041,0.10136986301369863,0.14142026583400769
SPY260702C00752000,2026-05-22 19:06:34+00:00,752.0,11.92,11.74,11.79,1.5500002,14.946964,5.0,75.0,0.1510552424621582,False,REGULAR,USD,call,2026-07-02,37,745.6400146484375,1.0085295655096531,11.765,0.004249893752656,0.10136986301369863,0.1407408605849534
SPY260702C00753000,2026-05-22 20:11:12+00:00,753.0,11.21,11.23,11.28,1.3199997,13.346812,51.0,5.0,0.1500786897277832,False,REGULAR,USD,call,2026-07-02,37,745.6400146484375,1.0098706952510224,11.254999999999999,0.0044424700133273,0.10136986301369863,0.14003971113574346
SPY260702C00754000,2026-05-22 18:26:07+00:00,754.0,11.46,10.73,10.79,2.0,21.141647,8.0,10.0,0.1492089474487304,False,REGULAR,USD,call,2026-07-02,37,745.6400146484375,1.0112118249923914,10.76,0.0055762081784385,0.10136986301369863,0.1393694494422387
SPY260702C00755000,2026-05-22 20:12:52+00:00,755.0,10.23,10.25,10.31,-0.10000038,-0.96805793,36.0,,0.1482934292602539,False,REGULAR,USD,call,2026-07-02,37,745.6400146484375,1.0125529547337606,10.280000000000001,0.0058365758754864,0.10136986301369863,0.1387291231402222
SPY260702C00756000,2026-05-22 20:12:52+00:00,756.0,9.78,9.78,9.84,-0.27000046,-2.6865716,6.0,,0.1473779110717773,False,REGULAR,USD,call,2026-07-02,37,745.6400146484375,1.01389408447513,9.809999999999999,0.0061162079510703,0.10136986301369863,0.13806443454240167
SPY260702C00757000,2026-05-22 19:21:43+00:00,757.0,9.47,9.33,9.38,-0.10000038,-1.0449361,14.0,,0.1464471342468261,False,REGULAR,USD,call,2026-07-02,37,745.6400146484375,1.015235214216499,9.355,0.005344735435596,0.10136986301369863,0.13742834809712934
SPY260702C00758000,2026-05-22 19:21:43+00:00,758.0,9.03,8.89,8.94,-0.5699997,-5.937497,13.0,,0.1456079092407226,False,REGULAR,USD,call,2026-07-02,37,745.6400146484375,1.0165763439578683,8.915,0.0056085249579359,0.10136986301369863,0.13682081471096247
SPY260702C00759000,2026-05-22 16:47:19+00:00,759.0,9.14,8.46,8.52,0.40999985,4.696447,10.0,,0.1448449774169922,False,REGULAR,USD,call,2026-07-02,37,745.6400146484375,1.0179174736992376,8.49,0.0070671378091871,0.10136986301369863,0.1362420818675218
SPY260702C00760000,2026-05-22 20:06:31+00:00,760.0,8.01,8.05,8.1,-0.89000034,-10.000003,106.0,,0.1439599765014648,False,REGULAR,USD,call,2026-07-02,37,745.6400146484375,1.0192586034406068,8.075,0.0061919504643961,0.10136986301369863,0.1356372691048487
SPY260702C00761000,2026-05-22 19:08:34+00:00,761.0,7.87,7.65,7.71,-0.4499998,-5.408652,15.0,,0.143288596496582,False,REGULAR,USD,call,2026-07-02,37,745.6400146484375,1.020599733181976,7.68,0.0078124999999999,0.10136986301369863,0.13511772545007533
SPY260702C00762000,2026-05-22 14:08:34+00:00,762.0,7.53,7.27,7.32,-0.40999985,-5.163726,6.0,,0.1424646301269531,False,REGULAR,USD,call,2026-07-02,37,745.6400146484375,1.0219408629233453,7.295,0.0068540095956135,0.10136986301369863,0.13457274489029897
SPY260702C00763000,2026-05-22 19:14:20+00:00,763.0,7.08,6.9,6.95,-0.11000013,-1.5299045,3.0,,0.1417627328491211,False,REGULAR,USD,call,2026-07-02,37,745.6400146484375,1.0232819926647143,6.925000000000001,0.0072202166064981,0.10136986301369863,0.1340594609197911
SPY260702C00765000,2026-05-22 20:01:20+00:00,765.0,6.14,6.2,6.25,-0.3499999,-5.392911,13.0,,0.1403741969299316,False,REGULAR,USD,call,2026-07-02,37,745.6400146484375,1.0259642521474528,6.225,0.0080321285140561,0.10136986301369863,0.1330764376263796
SPY260702C00766000,2026-05-22 15:46:21+00:00,766.0,6.6,5.87,5.92,0.75999975,13.013694,3.0,,0.1397180755615234,False,REGULAR,USD,call,2026-07-02,37,745.6400146484375,1.027305381888822,5.895,0.008481764206955,0.10136986301369863,0.13260984556580868
SPY260702C00767000,2026-05-22 17:28:16+00:00,767.0,6.46,5.56,5.6,0.73,12.739965,30.0,,0.1390466955566406,False,REGULAR,USD,call,2026-07-02,37,745.6400146484375,1.0286465116301913,5.58,0.007168458781362,0.10136986301369863,0.13218306171310312
SPY260702C00768000,2026-05-22 17:19:57+00:00,768.0,5.79,5.25,5.3,-0.30999994,-5.0819664,6.0,,0.1384973846435547,False,REGULAR,USD,call,2026-07-02,37,745.6400146484375,1.0299876413715603,5.275,0.0094786729857819,0.10136986301369863,0.1317371994033319
SPY260702C00769000,2026-05-22 19:59:26+00:00,769.0,5.13,4.96,5.01,-0.30999994,-5.6985283,7.0,,0.1379175564575195,False,REGULAR,USD,call,2026-07-02,37,745.6400146484375,1.0313287711129298,4.984999999999999,0.0100300902708124,0.10136986301369863,0.13133627703335451
SPY260702C00770000,2026-05-22 19:03:43+00:00,770.0,4.89,4.69,4.73,-0.38999987,-7.3863616,7.0,,0.1373377282714844,False,REGULAR,USD,call,2026-07-02,37,745.6400146484375,1.032669900854299,4.710000000000001,0.0084925690021231,0.10136986301369863,0.13098561938583408
SPY260702C00771000,2026-05-22 13:38:17+00:00,771.0,5.17,4.42,4.47,0.0,0.0,1.0,,0.1368799691772461,False,REGULAR,USD,call,2026-07-02,37,745.6400146484375,1.0340110305956682,4.445,0.0112485939257592,0.10136986301369863,0.1306235963755638
SPY260702C00772000,2026-05-22 19:32:17+00:00,772.0,4.22,4.17,4.21,-0.46000004,-9.829061,12.0,,0.1362696237182617,False,REGULAR,USD,call,2026-07-02,37,745.6400146484375,1.0353521603370377,4.1899999999999995,0.0095465393794749,0.10136986301369863,0.13025190763996658
SPY260702C00773000,2026-05-22 15:57:29+00:00,773.0,4.47,3.93,3.97,0.03000021,0.67568046,2.0,,0.1358118646240234,False,REGULAR,USD,call,2026-07-02,37,745.6400146484375,1.0366932900784067,3.95,0.010126582278481,0.10136986301369863,0.12994276003081873
SPY260702C00774000,2026-05-22 17:28:16+00:00,774.0,4.41,3.7,3.74,0.36000013,8.888893,7.0,,0.1353541055297852,False,REGULAR,USD,call,2026-07-02,37,745.6400146484375,1.038034419819776,3.72,0.010752688172043,0.10136986301369863,0.12963121004146425
SPY260702C00775000,2026-05-22 19:15:30+00:00,775.0,3.64,3.48,3.52,-0.43000007,-10.565112,79.0,,0.1348963464355469,False,REGULAR,USD,call,2026-07-02,37,745.6400146484375,1.0393755495611452,3.5,0.0114285714285714,0.10136986301369863,0.1293208079283552
SPY260702C00776000,2026-05-22 15:04:37+00:00,776.0,3.55,3.27,3.31,-0.30999994,-8.031087,4.0,,0.1344691046142578,False,REGULAR,USD,call,2026-07-02,37,745.6400146484375,1.0407166793025142,3.29,0.0121580547112462,0.10136986301369863,0.1290145289511311
SPY260702C00777000,2026-05-22 19:15:02+00:00,777.0,3.22,3.07,3.11,-0.53999996,-14.3617,6.0,,0.1340418627929687,False,REGULAR,USD,call,2026-07-02,37,745.6400146484375,1.0420578090438837,3.09,0.0129449838187702,0.10136986301369863,0.12871686459052972
SPY260702C00778000,2026-05-22 16:15:51+00:00,778.0,3.28,2.88,2.92,-0.07999992,-2.3809502,88.0,,0.1336146209716797,False,REGULAR,USD,call,2026-07-02,37,745.6400146484375,1.0433989387852527,2.9,0.0137931034482758,0.10136986301369863,0.12843158536723012
SPY260702C00779000,2026-05-22 19:39:15+00:00,779.0,2.81,2.7,2.75,-0.21000004,-6.953644,3.0,,0.1334010000610351,False,REGULAR,USD,call,2026-07-02,37,745.6400146484375,1.044740068526622,2.725,0.0183486238532109,0.10136986301369863,0.1282471669077349
SPY260702C00780000,2026-05-22 19:39:15+00:00,780.0,2.63,2.53,2.58,-0.19000006,-6.737591,562.0,,0.1330347927856445,False,REGULAR,USD,call,2026-07-02,37,745.6400146484375,1.0460811982679912,2.5549999999999997,0.0195694716242662,0.10136986301369863,0.128005891514973
SPY260702C00785000,2026-05-22 20:10:43+00:00,785.0,1.84,1.82,1.85,-0.34000003,-15.596332,165.0,,0.1313258255004882,False,REGULAR,USD,call,2026-07-02,37,745.6400146484375,1.0527868469748374,1.835,0.0163487738419618,0.10136986301369863,0.1270203793785615
SPY260702C00790000,2026-05-22 20:10:43+00:00,790.0,1.29,1.28,1.32,-0.26999998,-17.307692,45.0,,0.1303797900390624,False,REGULAR,USD,call,2026-07-02,37,745.6400146484375,1.0594924956816834,1.3,0.0307692307692307,0.10136986301369863,0.12636746285265688
SPY260702C00795000,2026-05-22 20:08:19+00:00,795.0,0.9,0.9,0.93,-0.07999998,-8.163263,10.0,,0.1296473754882812,False,REGULAR,USD,call,2026-07-02,37,745.6400146484375,1.0661981443885296,0.915,0.0327868852459016,0.10136986301369863,0.12615807361733347
SPY260702C00800000,2026-05-22 20:13:42+00:00,800.0,0.65,0.63,0.66,-0.15999997,-19.753084,109.0,,0.1297084100341796,False,REGULAR,USD,call,2026-07-02,37,745.6400146484375,1.0729037930953755,0.645,0.0465116279069767,0.10136986301369863,0.12646213178565177
SPY260702C00805000,2026-05-22 20:12:15+00:00,805.0,0.46,0.45,0.47,-0.119999975,-20.689651,28.0,,0.1301356518554687,False,REGULAR,USD,call,2026-07-02,37,745.6400146484375,1.0796094418022215,0.45999999999999996,0.0434782608695651,0.10136986301369863,0.12735952160883213
SPY260702C00810000,2026-05-22 20:12:31+00:00,810.0,0.34,0.32,0.34,-0.060000002,-15.000001,76.0,,0.1311122045898437,False,REGULAR,USD,call,2026-07-02,37,745.6400146484375,1.0863150905090675,0.33,0.0606060606060606,0.10136986301369863,0.12856478827597706
SPY260702C00815000,2026-05-22 20:12:23+00:00,815.0,0.25,0.24,0.26,-0.06999999,-21.874998,5.0,,0.1334315173339843,False,REGULAR,USD,call,2026-07-02,37,745.6400146484375,1.093020739215914,0.25,0.08,0.10136986301369863,0.13096316526128818
SPY260702C00820000,2026-05-22 20:05:53+00:00,820.0,0.19,0.18,0.2,0.019999996,11.764703,128.0,,0.135750830078125,False,REGULAR,USD,call,2026-07-02,37,745.6400146484375,1.09972638792276,0.19,0.1052631578947369,0.10136986301369863,0.13336462505444166
SPY260702C00825000,2026-05-22 15:19:38+00:00,825.0,0.17,0.14,0.16,0.0,0.0,1.0,,0.13868048828125,False,REGULAR,USD,call,2026-07-02,37,745.6400146484375,1.106432036629606,0.15000000000000002,0.1333333333333332,0.10136986301369863,0.13639643977787544
SPY260702C00835000,2026-05-22 16:28:11+00:00,835.0,0.1,0.09,0.11,0.0,0.0,7.0,,0.1457604956054687,False,REGULAR,USD,call,2026-07-02,37,745.6400146484375,1.1198433340432985,0.1,0.2,0.10136986301369863,0.14328233409972913
SPY260702C00840000,2026-05-22 15:12:37+00:00,840.0,0.09,0.07,0.09,0.0,0.0,10.0,,0.1489342919921875,False,REGULAR,USD,call,2026-07-02,37,745.6400146484375,1.1265489827501445,0.08,0.2499999999999998,0.10136986301369863,0.14617545990940073
SPY260702C00875000,2026-05-22 14:46:03+00:00,875.0,0.04,0.03,0.04,0.01,33.333336,7.0,,0.176766044921875,False,REGULAR,USD,call,2026-07-02,37,745.6400146484375,1.173488523698067,0.035,0.2857142857142857,0.10136986301369863,0.17531966275286484
SPY260702C00885000,2026-05-22 16:52:29+00:00,885.0,0.03,0.03,0.04,0.0,0.0,120.0,,0.188484677734375,False,REGULAR,USD,call,2026-07-02,37,745.6400146484375,1.1868998211117592,0.035,0.2857142857142857,0.10136986301369863,0.1867302595991506
SPY260717C00605000,2026-05-15 19:03:53+00:00,605.0,140.28,142.69,145.49,0.0,0.0,5.0,81.0,0.4165707757568359,True,REGULAR,USD,call,2026-07-17,52,745.6400146484375,0.8113834935283778,144.09,0.0194322992574086,0.14246575342465753,0.18317056826400505
SPY260717C00610000,2026-05-22 14:02:09+00:00,610.0,139.76,137.8,140.6,5.7299957,4.2751594,1.0,41.0,0.4064390411376953,True,REGULAR,USD,call,2026-07-17,52,745.6400146484375,0.8180891422352239,139.2,0.0201149425287355,0.14246575342465753,0.21463150299408737
SPY260717C00615000,2026-05-18 19:48:16+00:00,615.0,127.0,132.91,135.71,0.0,0.0,1.0,134.0,0.3962462719726562,True,REGULAR,USD,call,2026-07-17,52,745.6400146484375,0.82479479094207,134.31,0.0208472935745663,0.14246575342465753,0.2228593053768898
SPY260717C00620000,2026-05-21 19:06:39+00:00,620.0,125.45,128.03,130.84,0.0,0.0,1.0,160.0,0.3863586755371093,True,REGULAR,USD,call,2026-07-17,52,745.6400146484375,0.8315004396489161,129.435,0.0217097384787731,0.14246575342465753,0.227464007598972
SPY260717C00625000,2026-05-22 14:00:30+00:00,625.0,125.51,123.17,125.97,0.15000153,0.11965661,1.0,108.0,0.376410044555664,True,REGULAR,USD,call,2026-07-17,52,745.6400146484375,0.8382060883557622,124.57,0.0224773219876374,0.14246575342465753,0.22956455340391485
SPY260717C00630000,2026-05-20 18:02:51+00:00,630.0,114.53,118.3,121.11,0.0,0.0,3.0,230.0,0.3664919308471679,True,REGULAR,USD,call,2026-07-17,52,745.6400146484375,0.8449117370626082,119.705,0.0234743745039889,0.14246575342465753,0.2293302509435085
SPY260717C00635000,2026-05-22 13:52:58+00:00,635.0,116.0,113.46,116.26,5.5899963,5.0629435,1.0,125.0,0.3566653689575195,True,REGULAR,USD,call,2026-07-17,52,745.6400146484375,0.8516173857694543,114.86,0.0243775030471879,0.14246575342465753,0.22878675600372275
SPY260717C00640000,2026-05-22 14:41:02+00:00,640.0,110.29,108.62,111.43,7.25,7.036103,2.0,692.0,0.3470524279785155,True,REGULAR,USD,call,2026-07-17,52,745.6400146484375,0.8583230344763004,110.025,0.0255396500795274,0.14246575342465753,0.22730951992908904
SPY260717C00645000,2026-05-22 15:05:01+00:00,645.0,105.94,103.8,106.62,2.5200043,2.4366703,12.0,1317.0,0.337622590637207,True,REGULAR,USD,call,2026-07-17,52,745.6400146484375,0.8650286831831465,105.21000000000001,0.0268035357855717,0.14246575342465753,0.2255309415223302
SPY260717C00650000,2026-05-22 19:25:14+00:00,650.0,100.55,99.0,101.81,6.2400055,6.6164837,1005.0,1857.0,0.3279791323852539,True,REGULAR,USD,call,2026-07-17,52,745.6400146484375,0.8717343318899926,100.405,0.027986654051093,0.14246575342465753,0.2229921516025281
SPY260717C00655000,2026-05-22 15:16:25+00:00,655.0,96.55,94.21,97.02,5.340004,5.8546257,2.0,1373.0,0.3184882604980468,True,REGULAR,USD,call,2026-07-17,52,745.6400146484375,0.8784399805968387,95.615,0.0293886942425351,0.14246575342465753,0.21998255165079778
SPY260717C00660000,2026-05-22 18:46:53+00:00,660.0,91.8,89.45,92.27,9.420006,11.434822,2751.0,2860.0,0.3094246304321288,True,REGULAR,USD,call,2026-07-17,52,745.6400146484375,0.8851456293036849,90.86,0.031036759850319,0.14246575342465753,0.2171630217448518
SPY260717C00665000,2026-05-22 15:05:01+00:00,665.0,86.94,84.71,87.52,5.600006,6.88469,12.0,1215.0,0.3000558276367187,True,REGULAR,USD,call,2026-07-17,52,745.6400146484375,0.891851278010531,86.115,0.0326307844161876,0.14246575342465753,0.21363461060581165
SPY260717C00670000,2026-05-22 19:37:01+00:00,670.0,82.02,80.01,82.81,2.0399933,2.5506291,1245.0,2206.0,0.2910227148437499,True,REGULAR,USD,call,2026-07-17,52,745.6400146484375,0.8985569267173771,81.41,0.0343938091143593,0.14246575342465753,0.21025727137560077
SPY260717C00675000,2026-05-22 19:19:39+00:00,675.0,77.72,75.33,78.12,4.6100006,6.3055677,6.0,1508.0,0.281959084777832,True,REGULAR,USD,call,2026-07-17,52,745.6400146484375,0.9052625754242232,76.725,0.0363636363636364,0.14246575342465753,0.20640424950143402
SPY260717C00680000,2026-05-22 14:42:57+00:00,680.0,72.42,70.69,73.48,4.040001,5.9081616,10.0,1940.0,0.2732006274414062,True,REGULAR,USD,call,2026-07-17,52,745.6400146484375,0.9119682241310691,72.08500000000001,0.0387043074148575,0.14246575342465753,0.2026171271224114
SPY260717C00685000,2026-05-22 15:35:01+00:00,685.0,69.0,66.09,68.88,7.8199997,12.781954,7.0,2639.0,0.2645947564697265,True,REGULAR,USD,call,2026-07-17,52,745.6400146484375,0.9186738728379154,67.485,0.0413425205601243,0.14246575342465753,0.19866436782867045
SPY260717C00690000,2026-05-22 19:56:07+00:00,690.0,62.73,61.54,64.35,1.8600006,3.0556936,61.0,2619.0,0.2563856100463867,True,REGULAR,USD,call,2026-07-17,52,745.6400146484375,0.9253795215447614,62.94499999999999,0.0446421479069027,0.14246575342465753,0.19482016652486306
SPY260717C00695000,2026-05-22 19:50:19+00:00,695.0,58.0,57.04,59.83,2.2999992,4.1292624,34.0,1750.0,0.247779739074707,True,REGULAR,USD,call,2026-07-17,52,745.6400146484375,0.9320851702516076,58.435,0.0477453580901856,0.14246575342465753,0.1904479729273607
SPY260717C00700000,2026-05-22 19:43:54+00:00,700.0,54.37,52.62,55.42,2.8199997,5.4704165,436.0,4282.0,0.2399062826538085,True,REGULAR,USD,call,2026-07-17,52,745.6400146484375,0.9387908189584536,54.019999999999996,0.0518326545723806,0.14246575342465753,0.18651231919529068
SPY260717C00701000,2026-05-22 17:28:34+00:00,701.0,54.55,51.74,54.54,4.1399994,8.212655,1.0,5.0,0.2382888671874999,True,REGULAR,USD,call,2026-07-17,52,745.6400146484375,0.9401319486998228,53.14,0.0526910048927361,0.14246575342465753,0.1856332940734613
SPY260717C00702000,2026-05-22 19:59:06+00:00,702.0,52.34,50.86,53.64,5.4900017,11.718254,2.0,1.0,0.2363967962646484,True,REGULAR,USD,call,2026-07-17,52,745.6400146484375,0.941473078441192,52.25,0.0532057416267942,0.14246575342465753,0.18456570583475754
SPY260717C00703000,2026-05-22 19:22:13+00:00,703.0,52.04,49.98,52.77,3.4300003,7.056162,1.0,1.0,0.2348404153442382,True,REGULAR,USD,call,2026-07-17,52,745.6400146484375,0.9428142081825612,51.375,0.0543065693430658,0.14246575342465753,0.18367178714182975
SPY260717C00704000,2026-05-18 19:10:33+00:00,704.0,43.98,49.11,51.9,0.0,0.0,,2.0,0.2332382585144042,True,REGULAR,USD,call,2026-07-17,52,745.6400146484375,0.9441553379239304,50.504999999999995,0.0552420552420552,0.14246575342465753,0.1828031373584306
SPY260717C00705000,2026-05-22 16:17:28+00:00,705.0,50.55,48.24,51.03,2.880001,6.041538,10.0,2042.0,0.2316055844116211,True,REGULAR,USD,call,2026-07-17,52,745.6400146484375,0.9454964676652996,49.635000000000005,0.056210335448776,0.14246575342465753,0.1818881836515846
SPY260717C00707000,2026-05-22 17:28:16+00:00,707.0,49.86,46.53,49.31,5.790001,13.138191,1.0,1.0,0.2284928225708007,True,REGULAR,USD,call,2026-07-17,52,745.6400146484375,0.9481787271480382,47.92,0.0580133555926544,0.14246575342465753,0.1802569227880894
SPY260717C00708000,2026-05-22 17:17:39+00:00,708.0,48.35,45.67,48.45,0.0,0.0,1.0,0.0,0.2268906657409667,True,REGULAR,USD,call,2026-07-17,52,745.6400146484375,0.9495198568894074,47.06,0.0590735231619209,0.14246575342465753,0.179335174709896
SPY260717C00709000,2026-05-22 17:53:43+00:00,709.0,47.43,44.82,47.6,5.989998,14.454627,1.0,1.0,0.2253648020935058,True,REGULAR,USD,call,2026-07-17,52,745.6400146484375,0.9508609866307766,46.21,0.0601601384981606,0.14246575342465753,0.17849568535404325
SPY260717C00710000,2026-05-22 19:56:07+00:00,710.0,45.17,45.05,46.75,2.1899986,5.0953903,255.0,5460.0,0.2238084211730956,True,REGULAR,USD,call,2026-07-17,52,745.6400146484375,0.9522021163721458,45.9,0.0370370370370371,0.14246575342465753,0.1844198411288301
SPY260717C00711000,2026-05-21 14:21:07+00:00,711.0,38.72,43.12,45.91,0.0,0.0,,1.0,0.2223283334350585,True,REGULAR,USD,call,2026-07-17,52,745.6400146484375,0.953543246113515,44.515,0.0626755026395596,0.14246575342465753,0.1767318047923446
SPY260717C00712000,2026-05-22 18:10:30+00:00,712.0,45.01,42.28,45.07,5.0999985,12.7787485,1.0,2.0,0.2208024697875976,True,REGULAR,USD,call,2026-07-17,52,745.6400146484375,0.9548843758548844,43.675,0.0638809387521465,0.14246575342465753,0.1758690770757375
SPY260717C00715000,2026-05-22 17:37:27+00:00,715.0,42.69,39.79,42.58,3.079998,7.775809,11.0,2209.0,0.2163469479370117,True,REGULAR,USD,call,2026-07-17,52,745.6400146484375,0.958907765078992,41.185,0.067743110355712,0.14246575342465753,0.1733356000914903
SPY260717C00716000,2026-05-20 15:51:37+00:00,716.0,37.39,38.96,41.77,0.0,0.0,,7.0,0.2149736706542968,True,REGULAR,USD,call,2026-07-17,52,745.6400146484375,0.9602488948203612,40.365,0.0696147652669392,0.14246575342465753,0.17250391820799996
SPY260717C00717000,2026-05-22 15:41:21+00:00,717.0,40.87,38.14,40.95,5.5699997,15.7790365,20.0,11.0,0.2134935829162598,True,REGULAR,USD,call,2026-07-17,52,745.6400146484375,0.9615900245617304,39.545,0.0710582880262992,0.14246575342465753,0.17161807848486482
SPY260717C00718000,2026-05-20 18:41:10+00:00,718.0,35.55,37.33,40.11,0.0,0.0,,1.0,0.2117540983581542,True,REGULAR,USD,call,2026-07-17,52,745.6400146484375,0.9629311543030996,38.72,0.071797520661157,0.14246575342465753,0.17062165930055773
SPY260717C00719000,2026-05-22 16:16:10+00:00,719.0,38.62,36.52,39.3,2.7799988,7.756693,4.0,4.0,0.2102892692565918,True,REGULAR,USD,call,2026-07-17,52,745.6400146484375,0.9642722840444689,37.91,0.0733315747823791,0.14246575342465753,0.1697433169581835
SPY260717C00720000,2026-05-22 19:56:23+00:00,720.0,37.0,35.74,38.41,1.9199982,5.473199,73.0,19160.0,0.2080004737854003,True,REGULAR,USD,call,2026-07-17,52,745.6400146484375,0.965613413785838,37.075,0.0720161834120025,0.14246575342465753,0.1685311132577337
SPY260717C00721000,2026-05-21 18:48:38+00:00,721.0,34.3,34.91,37.7,0.0,0.0,,32.0,0.2074206455993651,True,REGULAR,USD,call,2026-07-17,52,745.6400146484375,0.9669545435272072,36.305,0.0768489188816969,0.14246575342465753,0.16798750892500855
SPY260717C00722000,2026-05-20 17:47:05+00:00,722.0,32.1,34.14,36.93,0.0,0.0,,2.0,0.206215213317871,True,REGULAR,USD,call,2026-07-17,52,745.6400146484375,0.9682956732685764,35.535,0.0785141409877585,0.14246575342465753,0.16737917833658544
SPY260717C00723000,2026-05-22 13:30:06+00:00,723.0,34.82,33.35,36.14,0.6100006,1.7831061,7.0,31.0,0.2047809014892577,True,REGULAR,USD,call,2026-07-17,52,745.6400146484375,0.9696368030099456,34.745000000000005,0.0802993236436897,0.14246575342465753,0.16649237716574022
SPY260717C00724000,2026-05-22 19:04:15+00:00,724.0,34.2,32.55,35.34,2.6100006,8.262111,2.0,1.0,0.203209261932373,True,REGULAR,USD,call,2026-07-17,52,745.6400146484375,0.9709779327513148,33.945,0.082191780821918,0.14246575342465753,0.16544167403418383
SPY260717C00725000,2026-05-22 19:35:27+00:00,725.0,32.49,31.78,34.58,1.210001,3.8682897,1050.0,4421.0,0.2019733123779296,True,REGULAR,USD,call,2026-07-17,52,745.6400146484375,0.972319062492684,33.18,0.0843881856540083,0.14246575342465753,0.16470387700260106
SPY260717C00726000,2026-05-22 19:58:44+00:00,726.0,32.28,31.02,33.78,1.7299995,5.6628466,1005.0,19.0,0.2002948623657226,True,REGULAR,USD,call,2026-07-17,52,745.6400146484375,0.9736601922340532,32.4,0.0851851851851852,0.14246575342465753,0.16374771787640957
SPY260717C00727000,2026-05-20 14:05:33+00:00,727.0,25.16,30.24,32.97,0.0,0.0,,3.0,0.1984943432617187,True,REGULAR,USD,call,2026-07-17,52,745.6400146484375,0.9750013219754226,31.604999999999997,0.0863787375415282,0.14246575342465753,0.1625787537031655
SPY260717C00728000,2026-05-21 14:03:28+00:00,728.0,27.59,29.48,32.21,0.0,0.0,,4.0,0.1971210659790039,True,REGULAR,USD,call,2026-07-17,52,745.6400146484375,0.9763424517167918,30.845,0.088507051385962,0.14246575342465753,0.16171088306049153
SPY260717C00729000,2026-05-21 17:49:45+00:00,729.0,29.1,28.73,31.46,0.0,0.0,,13.0,0.1957935646057129,True,REGULAR,USD,call,2026-07-17,52,745.6400146484375,0.977683581458161,30.095,0.0907127429805615,0.14246575342465753,0.16088149091722237
SPY260717C00730000,2026-05-22 19:35:27+00:00,730.0,29.32,29.18,29.52,1.8600006,6.7734914,192.0,18876.0,0.1834340690612793,True,REGULAR,USD,call,2026-07-17,52,745.6400146484375,0.9790247111995302,29.35,0.0115843270868824,0.14246575342465753,0.16003815572570568
SPY260717C00731000,2026-05-20 19:59:05+00:00,731.0,26.38,27.6,29.6,0.0,0.0,,83.0,0.1896901100158691,True,REGULAR,USD,call,2026-07-17,52,745.6400146484375,0.9803658409408994,28.6,0.0699300699300699,0.14246575342465753,0.1590810503302228
SPY260717C00732000,2026-05-21 17:16:31+00:00,732.0,25.11,27.76,28.06,0.0,0.0,,67.0,0.1810079458618164,True,REGULAR,USD,call,2026-07-17,52,745.6400146484375,0.9817069706822686,27.91,0.010748835542816,0.14246575342465753,0.1586479540374293
SPY260717C00733000,2026-05-22 19:09:39+00:00,733.0,27.45,27.04,27.34,1.6100006,6.2306523,3.0,88.0,0.1798025135803223,True,REGULAR,USD,call,2026-07-17,52,745.6400146484375,0.983048100423638,27.189999999999998,0.0110334681868334,0.14246575342465753,0.15785046907953865
SPY260717C00734000,2026-05-22 13:44:32+00:00,734.0,27.67,26.35,26.62,4.76,20.776955,1.0,40.0,0.1785360467529297,True,REGULAR,USD,call,2026-07-17,52,745.6400146484375,0.9843892301650072,26.485,0.0101944496885029,0.14246575342465753,0.15712949294404435
SPY260717C00735000,2026-05-22 20:00:23+00:00,735.0,25.56,25.64,25.87,1.8500004,7.8026166,186.0,9836.0,0.1769491485595703,True,REGULAR,USD,call,2026-07-17,52,745.6400146484375,0.9857303599063764,25.755000000000003,0.0089303047951854,0.14246575342465753,0.15610027023973475
SPY260717C00736000,2026-05-21 19:56:23+00:00,736.0,23.06,24.92,25.2,0.0,0.0,,374.0,0.1760183717346191,True,REGULAR,USD,call,2026-07-17,52,745.6400146484375,0.9870714896477456,25.060000000000002,0.0111731843575418,0.14246575342465753,0.15533648176673032
SPY260717C00737000,2026-05-22 17:24:17+00:00,737.0,25.15,24.23,24.51,2.75,12.276786,24.0,305.0,0.1748434567260742,True,REGULAR,USD,call,2026-07-17,52,745.6400146484375,0.9884126193891148,24.37,0.0114895363151416,0.14246575342465753,0.15454832488262768
SPY260717C00738000,2026-05-22 19:22:23+00:00,738.0,23.9,23.55,23.82,2.1599998,9.935602,6.0,298.0,0.1736227658081054,True,REGULAR,USD,call,2026-07-17,52,745.6400146484375,0.989753749130484,23.685000000000002,0.0113996200126662,0.14246575342465753,0.15373574456509737
SPY260717C00739000,2026-05-22 19:36:54+00:00,739.0,23.15,22.9,23.2,2.6200008,12.761816,11.0,240.0,0.1729513858032226,True,REGULAR,USD,call,2026-07-17,52,745.6400146484375,0.9910948788718532,23.049999999999997,0.0130151843817787,0.14246575342465753,0.1533144282717749
SPY260717C00740000,2026-05-22 20:00:40+00:00,740.0,22.07,22.21,22.46,1.3999996,6.7730994,552.0,11701.0,0.1711508666992187,True,REGULAR,USD,call,2026-07-17,52,745.6400146484375,0.9924360086132225,22.335,0.011193194537721,0.14246575342465753,0.1520782472095643
SPY260717C00741000,2026-05-22 19:29:16+00:00,741.0,21.51,21.56,21.82,2.1000004,10.819168,18.0,280.0,0.1701743139648437,True,REGULAR,USD,call,2026-07-17,52,745.6400146484375,0.9937771383545916,21.689999999999998,0.0119870908252651,0.14246575342465753,0.15141410624833235
SPY260717C00742000,2026-05-22 19:53:05+00:00,742.0,20.88,20.94,21.22,1.7700005,9.262169,26.0,347.0,0.1694724166870117,True,REGULAR,USD,call,2026-07-17,52,745.6400146484375,0.9951182680959608,21.08,0.0132827324478177,0.14246575342465753,0.15099223407619758
SPY260717C00743000,2026-05-22 19:54:52+00:00,743.0,20.12,20.3,20.53,1.4300003,7.6511517,109.0,2647.0,0.1679160357666015,True,REGULAR,USD,call,2026-07-17,52,745.6400146484375,0.99645939783733,20.415,0.0112662258143522,0.14246575342465753,0.14999162772906754
SPY260717C00744000,2026-05-22 19:59:29+00:00,744.0,20.0,19.64,19.96,1.9899998,11.049416,12.0,635.0,0.167351466217041,True,REGULAR,USD,call,2026-07-17,52,745.6400146484375,0.9978005275786992,19.8,0.0161616161616161,0.14246575342465753,0.1493671946964581
SPY260717C00745000,2026-05-22 20:14:46+00:00,745.0,19.13,19.12,19.17,1.5199986,8.631451,8585.0,17179.0,0.1647880152893066,True,REGULAR,USD,call,2026-07-17,52,745.6400146484375,0.9991416573200684,19.145000000000003,0.0026116479498563,0.14246575342465753,0.14830309679397094
SPY260717C00746000,2026-05-22 19:56:52+00:00,746.0,18.43,18.51,18.56,1.7999992,10.823807,114.0,324.0,0.163719910736084,False,REGULAR,USD,call,2026-07-17,52,745.6400146484375,1.0004827870614377,18.535,0.0026975991367681,0.14246575342465753,0.14756525778164506
SPY260717C00747000,2026-05-22 20:04:39+00:00,747.0,17.75,17.91,17.96,1.5,9.230769,354.0,231.0,0.1626823234558105,False,REGULAR,USD,call,2026-07-17,52,745.6400146484375,1.001823916802807,17.935000000000002,0.0027878449958182,0.14246575342465753,0.14683543659685763
SPY260717C00748000,2026-05-22 19:59:43+00:00,748.0,17.23,17.32,17.37,1.2799997,8.025077,98.0,453.0,0.1616447361755371,False,REGULAR,USD,call,2026-07-17,52,745.6400146484375,1.0031650465441762,17.345,0.0028826751225137,0.14246575342465753,0.14611318467186446
SPY260717C00749000,2026-05-22 18:16:35+00:00,749.0,17.41,16.74,16.79,2.2799997,15.069397,42.0,578.0,0.1606224075317383,False,REGULAR,USD,call,2026-07-17,52,745.6400146484375,1.0045061762855454,16.765,0.0029824038174769,0.14246575342465753,0.1453968952921881
SPY260717C00750000,2026-05-22 20:13:53+00:00,750.0,16.17,16.18,16.23,1.3999996,9.47867,2392.0,22703.0,0.1596916307067871,False,REGULAR,USD,call,2026-07-17,52,745.6400146484375,1.0058473060269146,16.205,0.0030854674483184,0.14246575342465753,0.1447746758827611
SPY260717C00751000,2026-05-22 19:56:00+00:00,751.0,15.6,15.62,15.67,1.5799999,11.269614,62.0,540.0,0.1586998193359375,False,REGULAR,USD,call,2026-07-17,52,745.6400146484375,1.007188435768284,15.645,0.0031959092361777,0.14246575342465753,0.14406676063854282
SPY260717C00752000,2026-05-22 17:33:13+00:00,752.0,16.26,15.07,15.12,2.75,20.355291,168.0,318.0,0.1577080079650878,False,REGULAR,USD,call,2026-07-17,52,745.6400146484375,1.0085295655096531,15.094999999999999,0.0033123550844649,0.14246575342465753,0.1433616707316323
SPY260717C00753000,2026-05-22 19:36:54+00:00,753.0,14.7,14.54,14.59,1.75,13.5135145,78.0,353.0,0.1568077484130859,False,REGULAR,USD,call,2026-07-17,52,745.6400146484375,1.0098706952510224,14.565,0.0034328870580158,0.14246575342465753,0.1427473390760318
SPY260717C00754000,2026-05-22 17:44:00+00:00,754.0,15.25,14.02,14.07,2.6800003,21.320608,157.0,353.0,0.1559074888610839,False,REGULAR,USD,call,2026-07-17,52,745.6400146484375,1.0112118249923914,14.045,0.003559985760057,0.14246575342465753,0.14213421237911184
SPY260717C00755000,2026-05-22 20:04:39+00:00,755.0,13.39,13.51,13.56,1.2300005,10.115135,7930.0,10691.0,0.1550224879455566,False,REGULAR,USD,call,2026-07-17,52,745.6400146484375,1.0125529547337606,13.535,0.0036941263391208,0.14246575342465753,0.14152097944709596
SPY260717C00756000,2026-05-22 17:33:05+00:00,756.0,14.15,13.01,13.06,2.63,22.829863,48.0,332.0,0.1541527456665039,False,REGULAR,USD,call,2026-07-17,52,745.6400146484375,1.01389408447513,13.035,0.0038358266206368,0.14246575342465753,0.14090724944487018
SPY260717C00757000,2026-05-22 18:38:11+00:00,757.0,12.98,12.52,12.57,1.8599997,16.726616,67.0,390.0,0.1532677447509766,False,REGULAR,USD,call,2026-07-17,52,745.6400146484375,1.015235214216499,12.545,0.0039856516540454,0.14246575342465753,0.14029223226939758
SPY260717C00758000,2026-05-22 19:44:51+00:00,758.0,12.05,12.05,12.09,1.3199997,12.301954,225.0,353.0,0.1523980024719238,False,REGULAR,USD,call,2026-07-17,52,745.6400146484375,1.0165763439578683,12.07,0.0033140016570007,0.14246575342465753,0.13972049693200259
SPY260717C00759000,2026-05-22 18:17:31+00:00,759.0,12.14,11.58,11.63,1.8400002,17.864079,60.0,121.0,0.1516198120117187,False,REGULAR,USD,call,2026-07-17,52,745.6400146484375,1.0179174736992376,11.605,0.00430848772081,0.14246575342465753,0.13914661875392825
SPY260717C00760000,2026-05-22 20:01:32+00:00,760.0,11.01,11.13,11.18,1.0300007,10.320648,1558.0,6667.0,0.1508416215515137,False,REGULAR,USD,call,2026-07-17,52,745.6400146484375,1.0192586034406068,11.155000000000001,0.0044822949350066,0.14246575342465753,0.13861581353379882
SPY260717C00761000,2026-05-22 19:49:36+00:00,761.0,10.57,10.69,10.74,1.1099997,11.733612,74.0,368.0,0.1500786897277832,False,REGULAR,USD,call,2026-07-17,52,745.6400146484375,1.020599733181976,10.715,0.0046663555762949,0.14246575342465753,0.138082471604526
SPY260717C00762000,2026-05-22 17:34:08+00:00,762.0,11.23,10.26,10.31,2.1900005,24.225672,42.0,294.0,0.1493004992675781,False,REGULAR,USD,call,2026-07-17,52,745.6400146484375,1.0219408629233453,10.285,0.0048614487117161,0.14246575342465753,0.13754675361665666
SPY260717C00763000,2026-05-22 19:09:25+00:00,763.0,10.03,9.84,9.89,1.3400002,15.420026,106.0,444.0,0.1485375674438476,False,REGULAR,USD,call,2026-07-17,52,745.6400146484375,1.0232819926647143,9.865,0.005068423720223,0.14246575342465753,0.13700738666533824
SPY260717C00764000,2026-05-22 17:23:00+00:00,764.0,10.08,9.44,9.48,1.7799997,21.44578,190.0,398.0,0.1477746356201172,False,REGULAR,USD,call,2026-07-17,52,745.6400146484375,1.0246231224060838,9.46,0.0042283298097252,0.14246575342465753,0.13651207237867213
SPY260717C00765000,2026-05-22 19:51:53+00:00,765.0,8.96,9.04,9.09,0.8299999,10.209101,175.0,4702.0,0.1471032556152343,False,REGULAR,USD,call,2026-07-17,52,745.6400146484375,1.0259642521474528,9.065,0.0055157198014341,0.14246575342465753,0.13601419497659556
SPY260717C00766000,2026-05-22 19:09:17+00:00,766.0,8.84,8.66,8.71,1.23,16.162945,49.0,351.0,0.1464318756103515,False,REGULAR,USD,call,2026-07-17,52,745.6400146484375,1.027305381888822,8.685,0.0057570523891768,0.14246575342465753,0.13556180878217758
SPY260717C00767000,2026-05-22 19:31:15+00:00,767.0,8.25,8.29,8.34,0.98,13.480055,160.0,516.0,0.1457757542419433,False,REGULAR,USD,call,2026-07-17,52,745.6400146484375,1.0286465116301913,8.315,0.0060132291040289,0.14246575342465753,0.13510800075855545
SPY260717C00768000,2026-05-22 19:59:33+00:00,768.0,8.13,7.93,7.98,1.2200003,17.655575,176.0,981.0,0.1451196328735352,False,REGULAR,USD,call,2026-07-17,52,745.6400146484375,1.0299876413715603,7.955,0.0062853551225645,0.14246575342465753,0.1346530488164182
SPY260717C00769000,2026-05-22 19:58:56+00:00,769.0,7.71,7.59,7.63,1.0799999,16.289593,61.0,781.0,0.1444635115051269,False,REGULAR,USD,call,2026-07-17,52,745.6400146484375,1.0313287711129298,7.609999999999999,0.0052562417871222,0.14246575342465753,0.13424703722275472
SPY260717C00770000,2026-05-22 19:58:52+00:00,770.0,7.35,7.25,7.29,0.8800001,13.601239,471.0,4893.0,0.1438073901367187,False,REGULAR,USD,call,2026-07-17,52,745.6400146484375,1.032669900854299,7.27,0.0055020632737276,0.14246575342465753,0.13379163326144783
SPY260717C00771000,2026-05-22 19:42:15+00:00,771.0,6.92,6.93,6.97,0.88999987,14.759533,45.0,352.0,0.1432580792236328,False,REGULAR,USD,call,2026-07-17,52,745.6400146484375,1.0340110305956682,6.949999999999999,0.0057553956834532,0.14246575342465753,0.13343877943099142
SPY260717C00772000,2026-05-22 19:03:07+00:00,772.0,6.77,6.61,6.65,1.02,17.73913,43.0,374.0,0.1426324751281738,False,REGULAR,USD,call,2026-07-17,52,745.6400146484375,1.0353521603370377,6.630000000000001,0.0060331825037707,0.14246575342465753,0.13298613620951466
SPY260717C00773000,2026-05-22 19:53:02+00:00,773.0,6.3,6.31,6.35,0.8200002,14.963506,47.0,539.0,0.1420984228515625,False,REGULAR,USD,call,2026-07-17,52,745.6400146484375,1.0366932900784067,6.33,0.0063191153238546,0.14246575342465753,0.13264078401986742
SPY260717C00774000,2026-05-22 17:50:09+00:00,774.0,6.67,6.02,6.06,1.4499998,27.777773,40.0,541.0,0.1415796292114258,False,REGULAR,USD,call,2026-07-17,52,745.6400146484375,1.038034419819776,6.039999999999999,0.0066225165562913,0.14246575342465753,0.13230171551675007
SPY260717C00775000,2026-05-22 20:03:08+00:00,775.0,5.69,5.74,5.78,0.59000015,11.56863,221.0,7097.0,0.1410913528442383,False,REGULAR,USD,call,2026-07-17,52,745.6400146484375,1.0393755495611452,5.76,0.0069444444444444,0.14246575342465753,0.1319703725629293
SPY260717C00776000,2026-05-22 20:04:43+00:00,776.0,5.43,5.47,5.51,0.73,15.531916,66.0,363.0,0.1406030764770507,False,REGULAR,USD,call,2026-07-17,52,745.6400146484375,1.0407166793025142,5.49,0.0072859744990892,0.14246575342465753,0.1316483919970326
SPY260717C00777000,2026-05-22 19:54:40+00:00,777.0,5.13,5.2,5.24,0.7600002,17.39131,278.0,490.0,0.140007989654541,False,REGULAR,USD,call,2026-07-17,52,745.6400146484375,1.0420578090438837,5.220000000000001,0.0076628352490421,0.14246575342465753,0.1312244986853261
SPY260717C00778000,2026-05-22 17:50:00+00:00,778.0,5.55,4.95,4.99,1.29,30.281687,44.0,187.0,0.1395502305603027,False,REGULAR,USD,call,2026-07-17,52,745.6400146484375,1.0433989387852527,4.970000000000001,0.0080482897384305,0.14246575342465753,0.13092472757602538
SPY260717C00779000,2026-05-22 19:17:09+00:00,779.0,4.83,4.71,4.75,0.8000002,19.851122,98.0,140.0,0.139107730102539,False,REGULAR,USD,call,2026-07-17,52,745.6400146484375,1.044740068526622,4.73,0.0084566596194503,0.14246575342465753,0.13064068234929135
SPY260717C00780000,2026-05-22 20:05:38+00:00,780.0,4.49,4.48,4.52,0.51999974,13.098229,382.0,16237.0,0.1386957469177246,False,REGULAR,USD,call,2026-07-17,52,745.6400146484375,1.0460811982679912,4.5,0.0088888888888887,0.14246575342465753,0.13037469292083867
SPY260717C00781000,2026-05-22 19:50:58+00:00,781.0,4.29,4.26,4.3,0.61000013,16.576092,182.0,187.0,0.1383142810058593,False,REGULAR,USD,call,2026-07-17,52,745.6400146484375,1.0474223280093604,4.279999999999999,0.0093457943925233,0.14246575342465753,0.13012984212136502
SPY260717C00782000,2026-05-22 19:23:59+00:00,782.0,4.2,4.05,4.08,0.77,22.44898,96.0,494.0,0.1378260046386719,False,REGULAR,USD,call,2026-07-17,52,745.6400146484375,1.0487634577507297,4.0649999999999995,0.007380073800738,0.14246575342465753,0.12984678265659458
SPY260717C00783000,2026-05-22 19:39:23+00:00,783.0,3.93,3.84,3.88,0.64999986,19.817068,81.0,218.0,0.1374903146362305,False,REGULAR,USD,call,2026-07-17,52,745.6400146484375,1.050104587492099,3.86,0.0103626943005181,0.14246575342465753,0.12958868197831358
SPY260717C00784000,2026-05-22 18:24:18+00:00,784.0,4.07,3.65,3.68,0.98,31.715208,138.0,144.0,0.1370630728149414,False,REGULAR,USD,call,2026-07-17,52,745.6400146484375,1.051445717233468,3.665,0.0081855388813097,0.14246575342465753,0.129359825042142
SPY260717C00785000,2026-05-22 19:36:55+00:00,785.0,3.57,3.46,3.49,0.55999994,18.60465,222.0,4373.0,0.1366663482666015,False,REGULAR,USD,call,2026-07-17,52,745.6400146484375,1.0527868469748374,3.475,0.0086330935251799,0.14246575342465753,0.1290967048861789
SPY260717C00786000,2026-05-22 19:17:09+00:00,786.0,3.38,3.28,3.31,0.61000013,22.021666,207.0,252.0,0.1363001409912109,False,REGULAR,USD,call,2026-07-17,52,745.6400146484375,1.0541279767162064,3.295,0.0091047040971169,0.14246575342465753,0.12886888459302326
SPY260717C00787000,2026-05-22 19:58:24+00:00,787.0,3.16,3.11,3.14,0.44000006,16.176472,61.0,110.0,0.1359949682617187,False,REGULAR,USD,call,2026-07-17,52,745.6400146484375,1.0554691064575756,3.125,0.0096,0.14246575342465753,0.12868096686295766
SPY260717C00788000,2026-05-22 19:39:23+00:00,788.0,3.03,2.94,2.98,0.5899999,24.180325,127.0,109.0,0.1357203128051758,False,REGULAR,USD,call,2026-07-17,52,745.6400146484375,1.0568102361989449,2.96,0.0135135135135135,0.14246575342465753,0.12846572616531388
SPY260717C00789000,2026-05-22 18:47:54+00:00,789.0,3.01,2.78,2.82,0.6299999,26.470581,72.0,115.0,0.1353541055297852,False,REGULAR,USD,call,2026-07-17,52,745.6400146484375,1.058151365940314,2.8,0.0142857142857143,0.14246575342465753,0.1282235743564089
SPY260717C00790000,2026-05-22 20:11:57+00:00,790.0,2.64,2.64,2.66,0.3900001,17.333338,736.0,5988.0,0.1348963464355469,False,REGULAR,USD,call,2026-07-17,52,745.6400146484375,1.0594924956816834,2.6500000000000004,0.0075471698113207,0.14246575342465753,0.1280317191423485
SPY260717C00791000,2026-05-22 19:31:06+00:00,791.0,2.5,2.49,2.53,0.4000001,19.047625,217.0,671.0,0.1348047946166992,False,REGULAR,USD,call,2026-07-17,52,745.6400146484375,1.0608336254230526,2.51,0.0159362549800795,0.14246575342465753,0.12789805574106436
SPY260717C00792000,2026-05-22 18:18:32+00:00,792.0,2.68,2.36,2.39,0.68000007,34.000004,244.0,153.0,0.1344691046142578,False,REGULAR,USD,call,2026-07-17,52,745.6400146484375,1.0621747551644218,2.375,0.0126315789473685,0.14246575342465753,0.12774868493335012
SPY260717C00793000,2026-05-22 17:18:52+00:00,793.0,2.58,2.23,2.26,0.72,38.709682,126.0,65.0,0.1341944491577148,False,REGULAR,USD,call,2026-07-17,52,745.6400146484375,1.063515884905791,2.245,0.0133630289532293,0.14246575342465753,0.1275845380334953
SPY260717C00794000,2026-05-22 18:38:05+00:00,794.0,2.3,2.1,2.14,0.53,29.943502,23.0,119.0,0.1340113455200195,False,REGULAR,USD,call,2026-07-17,52,745.6400146484375,1.0648570146471603,2.12,0.0188679245283019,0.14246575342465753,0.12740743825426484
SPY260717C00795000,2026-05-22 20:08:31+00:00,795.0,1.97,1.99,2.02,0.24000001,13.872832,557.0,2679.0,0.1337366900634765,False,REGULAR,USD,call,2026-07-17,52,745.6400146484375,1.0661981443885296,2.005,0.0149625935162094,0.14246575342465753,0.1273096433495813
SPY260717C00800000,2026-05-22 20:12:21+00:00,800.0,1.49,1.48,1.51,0.21000004,16.406254,913.0,6002.0,0.1325770336914062,False,REGULAR,USD,call,2026-07-17,52,745.6400146484375,1.0729037930953755,1.495,0.020066889632107,0.14246575342465753,0.12662480900882686
SPY260717C00805000,2026-05-22 20:09:06+00:00,805.0,1.1,1.1,1.12,0.16000003,17.021278,732.0,2590.0,0.1317225500488281,False,REGULAR,USD,call,2026-07-17,52,745.6400146484375,1.0796094418022215,1.11,0.018018018018018,0.14246575342465753,0.12627953013637433
SPY260717C00810000,2026-05-22 19:59:42+00:00,810.0,0.84,0.82,0.84,0.15999997,23.529406,258.0,1129.0,0.1316004809570312,False,REGULAR,USD,call,2026-07-17,52,745.6400146484375,1.0863150905090675,0.83,0.0240963855421686,0.14246575342465753,0.12648051187992107
SPY260717C00815000,2026-05-22 20:07:37+00:00,815.0,0.62,0.61,0.63,0.09000003,16.98114,2287.0,1089.0,0.1317225500488281,False,REGULAR,USD,call,2026-07-17,52,745.6400146484375,1.093020739215914,0.62,0.032258064516129,0.14246575342465753,0.126892816444604
SPY260717C00820000,2026-05-22 20:01:04+00:00,820.0,0.45,0.46,0.48,0.089999974,24.99999,35.0,2608.0,0.1323939300537109,False,REGULAR,USD,call,2026-07-17,52,745.6400146484375,1.09972638792276,0.47,0.0425531914893616,0.14246575342465753,0.1278108363417876
SPY260717C00825000,2026-05-22 20:01:04+00:00,825.0,0.36,0.35,0.37,0.07000002,24.13794,20.0,1087.0,0.1334315173339843,False,REGULAR,USD,call,2026-07-17,52,745.6400146484375,1.106432036629606,0.36,0.0555555555555556,0.14246575342465753,0.12903334419040408
SPY260717C00830000,2026-05-22 20:05:17+00:00,830.0,0.29,0.27,0.29,0.049999997,20.833332,13.0,1193.0,0.1348963464355469,False,REGULAR,USD,call,2026-07-17,52,745.6400146484375,1.113137685336452,0.28,0.0714285714285712,0.14246575342465753,0.13059599299606722
SPY260717C00835000,2026-05-22 20:05:17+00:00,835.0,0.22,0.22,0.23,0.03999999,22.222216,19.0,962.0,0.1364832446289062,False,REGULAR,USD,call,2026-07-17,52,745.6400146484375,1.1198433340432985,0.225,0.0444444444444444,0.14246575342465753,0.1327670858507234
SPY260717C00840000,2026-05-22 20:05:17+00:00,840.0,0.18,0.17,0.19,0.040000007,28.571432,20.0,826.0,0.1389246264648437,False,REGULAR,USD,call,2026-07-17,52,745.6400146484375,1.1265489827501445,0.18,0.111111111111111,0.14246575342465753,0.13479243540519278
SPY260717C00845000,2026-05-22 17:43:04+00:00,845.0,0.18,0.14,0.16,0.07000001,63.636368,106.0,1932.0,0.141610146484375,False,REGULAR,USD,call,2026-07-17,52,745.6400146484375,1.1332546314569905,0.15000000000000002,0.1333333333333332,0.14246575342465753,0.13748386503143195
SPY260717C00850000,2026-05-22 20:05:39+00:00,850.0,0.13,0.12,0.13,0.029999994,29.999992,136.0,975.0,0.143563251953125,False,REGULAR,USD,call,2026-07-17,52,745.6400146484375,1.1399602801638364,0.125,0.08,0.14246575342465753,0.14008008698945945
SPY260717C00855000,2026-05-20 18:45:24+00:00,855.0,0.09,0.1,0.11,0.0,0.0,196.0,717.0,0.1460046337890624,False,REGULAR,USD,call,2026-07-17,52,745.6400146484375,1.1466659288706826,0.10500000000000001,0.0952380952380951,0.14246575342465753,0.14272302445423346
SPY260717C00860000,2026-05-22 19:59:54+00:00,860.0,0.09,0.08,0.1,0.010000005,12.500008,6.0,533.0,0.1499108447265625,False,REGULAR,USD,call,2026-07-17,52,745.6400146484375,1.1533715775775288,0.09,0.2222222222222222,0.14246575342465753,0.1456147409109716
SPY260717C00865000,2026-05-22 14:02:38+00:00,865.0,0.08,0.07,0.09,0.009999998,14.285712,6.0,115.0,0.153328779296875,False,REGULAR,USD,call,2026-07-17,52,745.6400146484375,1.1600772262843748,0.08,0.2499999999999998,0.14246575342465753,0.1490149846101664
SPY260717C00870000,2026-05-20 19:01:28+00:00,870.0,0.06,0.06,0.08,0.0,0.0,3.0,597.0,0.1565025756835937,False,REGULAR,USD,call,2026-07-17,52,745.6400146484375,1.166782874991221,0.07,0.2857142857142857,0.14246575342465753,0.15205515848708367
SPY260717C00875000,2026-05-18 18:08:34+00:00,875.0,0.05,0.05,0.07,0.0,0.0,6.0,363.0,0.159188095703125,False,REGULAR,USD,call,2026-07-17,52,745.6400146484375,1.173488523698067,0.060000000000000005,0.3333333333333333,0.14246575342465753,0.1546681551661137
SPY260717C00880000,2026-05-21 18:03:13+00:00,880.0,0.04,0.05,0.06,0.0,0.0,2.0,396.0,0.1616294775390624,False,REGULAR,USD,call,2026-07-17,52,745.6400146484375,1.1801941724049132,0.055,0.1818181818181817,0.14246575342465753,0.1582892337645026
SPY260717C00885000,2026-05-22 14:15:46+00:00,885.0,0.05,0.04,0.06,0.010000002,25.000006,3.0,579.0,0.1665122412109375,False,REGULAR,USD,call,2026-07-17,52,745.6400146484375,1.1868998211117592,0.05,0.3999999999999999,0.14246575342465753,0.16168886917192016
SPY260717C00890000,2026-05-22 18:46:36+00:00,890.0,0.05,0.04,0.05,-0.029999997,-37.499996,3.0,232.0,0.1679770703125,False,REGULAR,USD,call,2026-07-17,52,745.6400146484375,1.1936054698186054,0.045,0.2222222222222222,0.14246575342465753,0.1648417632890669
SPY260717C00895000,2026-05-22 14:59:13+00:00,895.0,0.05,0.04,0.05,0.010000002,25.000006,10.0,943.0,0.172859833984375,False,REGULAR,USD,call,2026-07-17,52,745.6400146484375,1.2003111185254514,0.045,0.2222222222222222,0.14246575342465753,0.16964841622707022
SPY260717C00900000,2026-05-21 15:35:43+00:00,900.0,0.03,0.04,0.05,0.0,0.0,120.0,1813.0,0.17774259765625,False,REGULAR,USD,call,2026-07-17,52,745.6400146484375,1.2070167672322976,0.045,0.2222222222222222,0.14246575342465753,0.1744137807449756
SPY260717C00905000,2026-05-21 15:00:16+00:00,905.0,0.04,0.03,0.04,0.0,0.0,120.0,1383.0,0.178719150390625,False,REGULAR,USD,call,2026-07-17,52,745.6400146484375,1.2137224159391435,0.035,0.2857142857142857,0.14246575342465753,0.17489452184537904
SPY260717C00910000,2026-05-21 18:10:30+00:00,910.0,0.03,0.03,0.04,0.0,0.0,7.0,844.0,0.1826253613281249,False,REGULAR,USD,call,2026-07-17,52,745.6400146484375,1.2204280646459895,0.035,0.2857142857142857,0.14246575342465753,0.1794891442388008
SPY260717C00915000,2026-05-22 13:41:22+00:00,915.0,0.03,0.03,0.04,0.0,0.0,120.0,944.0,0.187508125,False,REGULAR,USD,call,2026-07-17,52,745.6400146484375,1.2271337133528355,0.035,0.2857142857142857,0.14246575342465753,0.18404666678218493
SPY260717C00920000,2026-05-22 15:36:55+00:00,920.0,0.03,0.03,0.04,-0.020000001,-40.000004,121.0,1408.0,0.192390888671875,False,REGULAR,USD,call,2026-07-17,52,745.6400146484375,1.233839362059682,0.035,0.2857142857142857,0.14246575342465753,0.18856766370785483
SPY260717C00925000,2026-05-22 17:00:13+00:00,925.0,0.03,0.02,0.03,0.01,50.0,37.0,1434.0,0.1914143359375,False,REGULAR,USD,call,2026-07-17,52,745.6400146484375,1.240545010766528,0.025,0.3999999999999999,0.14246575342465753,0.1873052416019245
SPY260717C00930000,2026-05-20 14:58:03+00:00,930.0,0.02,0.02,0.03,0.0,0.0,10.0,1726.0,0.195320546875,False,REGULAR,USD,call,2026-07-17,52,745.6400146484375,1.247250659473374,0.025,0.3999999999999999,0.14246575342465753,0.19164603213451997
SPY260717C00935000,2026-05-20 15:06:25+00:00,935.0,0.02,0.02,0.03,0.0,0.0,2.0,1109.0,0.2002033105468749,False,REGULAR,USD,call,2026-07-17,52,745.6400146484375,1.2539563081802203,0.025,0.3999999999999999,0.14246575342465753,0.19595380373745105
SPY260717C00940000,2026-05-20 16:26:09+00:00,940.0,0.02,0.02,0.03,0.0,0.0,10.0,3887.0,0.2041095214843749,False,REGULAR,USD,call,2026-07-17,52,745.6400146484375,1.2606619568870665,0.025,0.3999999999999999,0.14246575342465753,0.20022902089964045
SPY260717C00945000,2026-05-20 16:26:12+00:00,945.0,0.02,0.02,0.03,0.0,0.0,10.0,1560.0,0.2089922851562499,False,REGULAR,USD,call,2026-07-17,52,745.6400146484375,1.2673676055939125,0.025,0.3999999999999999,0.14246575342465753,0.20447286855343133
SPY260717C00950000,2026-05-22 13:57:56+00:00,950.0,0.02,0.02,0.03,0.0,0.0,8.0,2847.0,0.21289849609375,False,REGULAR,USD,call,2026-07-17,52,745.6400146484375,1.2740732543007585,0.025,0.3999999999999999,0.14246575342465753,0.2086854426265795
SPY260731C00585000,2026-05-22 15:27:46+00:00,585.0,166.61,163.3,166.46,14.720001,9.691225,1.0,26.0,0.4368037277221679,True,REGULAR,USD,call,2026-07-31,66,745.6400146484375,0.7845608987009934,164.88,0.0191654536632702,0.18082191780821918,0.198225797484009
SPY260731C00590000,2026-05-11 19:57:09+00:00,590.0,154.7,158.41,161.56,0.0,0.0,1.0,14.0,0.4270076831054688,True,REGULAR,USD,call,2026-07-31,66,745.6400146484375,0.7912665474078395,159.985,0.0196893458761759,0.18082191780821918,0.21914404780303753
SPY260731C00595000,2026-05-06 17:32:04+00:00,595.0,143.5,153.54,156.71,0.0,0.0,1.0,409.0,0.4181576739501953,True,REGULAR,USD,call,2026-07-31,66,745.6400146484375,0.7979721961146856,155.125,0.0204351329572926,0.18082191780821918,0.23155119052181178
SPY260731C00600000,2026-05-15 14:34:40+00:00,600.0,147.36,148.67,151.84,0.0,0.0,3.0,282.0,0.4088499057006836,True,REGULAR,USD,call,2026-07-31,66,745.6400146484375,0.8046778448215317,150.255,0.0210974676383482,0.18082191780821918,0.2357431197783809
SPY260731C00605000,2026-05-22 18:57:49+00:00,605.0,146.74,143.81,146.98,5.279999,3.732503,1.0,29.0,0.3996642065429688,True,REGULAR,USD,call,2026-07-31,66,745.6400146484375,0.8113834935283778,145.39499999999998,0.0218026754702705,0.18082191780821918,0.23797149103506138
SPY260731C00610000,2026-05-19 14:47:24+00:00,610.0,127.86,138.96,142.13,0.0,0.0,3.0,134.0,0.3905395419311523,True,REGULAR,USD,call,2026-07-31,66,745.6400146484375,0.8180891422352239,140.54500000000002,0.0225550535415702,0.18082191780821918,0.23887877092669715
SPY260731C00615000,2026-05-21 13:39:49+00:00,615.0,128.65,134.11,137.27,0.0,0.0,3.0,580.0,0.3811707391357422,True,REGULAR,USD,call,2026-07-31,66,745.6400146484375,0.82479479094207,135.69,0.0232883779202593,0.18082191780821918,0.23788889920985076
SPY260731C00620000,2026-05-20 19:50:23+00:00,620.0,126.73,129.28,132.44,0.0,0.0,7.0,1220.0,0.3722291781616211,True,REGULAR,USD,call,2026-07-31,66,745.6400146484375,0.8315004396489161,130.86,0.0241479443680268,0.18082191780821918,0.23716476323243976
SPY260731C00621000,2026-05-15 14:25:35+00:00,621.0,128.0,128.32,131.49,0.0,0.0,2.0,10.0,0.3707033145141601,True,REGULAR,USD,call,2026-07-31,66,745.6400146484375,0.8328415693902853,129.905,0.0244024479427275,0.18082191780821918,0.23744047600601995
SPY260731C00623000,2026-05-20 19:50:23+00:00,623.0,123.86,126.39,129.54,0.0,0.0,1.0,95.0,0.3667665863037109,True,REGULAR,USD,call,2026-07-31,66,745.6400146484375,0.8355238288730237,127.965,0.0246161059664751,0.18082191780821918,0.23631360144315447
SPY260731C00625000,2026-05-15 14:15:06+00:00,625.0,122.47,124.46,127.64,0.0,0.0,2.0,603.0,0.3636538244628906,True,REGULAR,USD,call,2026-07-31,66,745.6400146484375,0.8382060883557622,126.05,0.0252280840936137,0.18082191780821918,0.236234513114706
SPY260731C00626000,2026-05-18 13:42:04+00:00,626.0,119.33,123.5,126.69,0.0,0.0,1.0,2.0,0.3620669262695312,True,REGULAR,USD,call,2026-07-31,66,745.6400146484375,0.8395472180971314,125.095,0.0255006195291578,0.18082191780821918,0.23622399022523843
SPY260731C00630000,2026-05-22 17:43:09+00:00,630.0,123.66,119.66,122.85,7.1500015,6.136813,3.0,746.0,0.3550784707641601,True,REGULAR,USD,call,2026-07-31,66,745.6400146484375,0.8449117370626082,121.255,0.0263081934765576,0.18082191780821918,0.23483018740839298
SPY260731C00631000,2026-04-22 15:13:28+00:00,631.0,91.44,118.7,121.89,0.0,0.0,8.0,11.0,0.3533084689331054,True,REGULAR,USD,call,2026-07-31,66,745.6400146484375,0.8462528668039775,120.295,0.0265181428987073,0.18082191780821918,0.23438427362730282
SPY260731C00633000,2026-04-17 19:14:33+00:00,633.0,89.0,116.78,119.96,0.0,0.0,1.0,6.0,0.3496158789062499,True,REGULAR,USD,call,2026-07-31,66,745.6400146484375,0.848935126286716,118.37,0.0268649150967305,0.18082191780821918,0.2331968715012095
SPY260731C00635000,2026-05-22 17:09:46+00:00,635.0,118.17,114.86,118.06,12.619995,11.956414,1.0,26.0,0.3463505307006835,True,REGULAR,USD,call,2026-07-31,66,745.6400146484375,0.8516173857694543,116.46000000000001,0.027477245406148,0.18082191780821918,0.23244164900427786
SPY260731C00636000,2026-04-21 14:09:24+00:00,636.0,86.67,113.91,117.09,0.0,0.0,2.0,16.0,0.3444279425048828,True,REGULAR,USD,call,2026-07-31,66,745.6400146484375,0.8529585155108236,115.5,0.0275324675324675,0.18082191780821918,0.23182804785915204
SPY260731C00639000,2026-04-23 16:18:38+00:00,639.0,85.11,111.04,114.24,0.0,0.0,1.0,23.0,0.3394536270141601,True,REGULAR,USD,call,2026-07-31,66,745.6400146484375,0.8569819047349312,112.64,0.0284090909090908,0.18082191780821918,0.23048766285127256
SPY260731C00640000,2026-05-21 17:27:46+00:00,640.0,108.44,110.09,113.25,0.0,0.0,7.0,360.0,0.3371953488159179,True,REGULAR,USD,call,2026-07-31,66,745.6400146484375,0.8583230344763004,111.67,0.0282976627563356,0.18082191780821918,0.22942295144498884
SPY260731C00644000,2026-05-14 13:39:24+00:00,644.0,109.12,106.28,109.48,0.0,0.0,6.0,94.0,0.3308782733154296,True,REGULAR,USD,call,2026-07-31,66,745.6400146484375,0.8636875534417774,107.88,0.0296625880608083,0.18082191780821918,0.22777852623449082
SPY260731C00645000,2026-05-22 19:03:01+00:00,645.0,107.68,105.33,108.53,5.239998,5.115187,3.0,175.0,0.3291693060302734,True,REGULAR,USD,call,2026-07-31,66,745.6400146484375,0.8650286831831465,106.93,0.0299261198915178,0.18082191780821918,0.22720069583193656
SPY260731C00646000,2026-05-13 14:55:24+00:00,646.0,101.63,104.38,107.58,0.0,0.0,1.0,32.0,0.3274298214721679,True,REGULAR,USD,call,2026-07-31,66,745.6400146484375,0.8663698129245158,105.97999999999999,0.0301943762974146,0.18082191780821918,0.22659138328431633
SPY260731C00647000,2026-05-13 14:43:44+00:00,647.0,99.62,103.43,106.63,0.0,0.0,6.0,1217.0,0.3257208541870117,True,REGULAR,USD,call,2026-07-31,66,745.6400146484375,0.867710942665885,105.03,0.0304674854803388,0.18082191780821918,0.22595180530288977
SPY260731C00649000,2026-05-08 14:06:30+00:00,649.0,96.59,101.54,104.74,0.0,0.0,1.0,11.0,0.3223944714355468,True,REGULAR,USD,call,2026-07-31,66,745.6400146484375,0.8703932021486235,103.14,0.0310257901880937,0.18082191780821918,0.22485922534827046
SPY260731C00650000,2026-05-19 15:45:47+00:00,650.0,91.85,100.59,103.76,0.0,0.0,1.0,1284.0,0.3202277450561522,True,REGULAR,USD,call,2026-07-31,66,745.6400146484375,0.8717343318899926,102.17500000000001,0.0310252018595547,0.18082191780821918,0.22372585666872769
SPY260731C00652000,2026-05-20 20:06:45+00:00,652.0,96.28,98.7,101.91,0.0,0.0,1.0,21.0,0.317389638671875,True,REGULAR,USD,call,2026-07-31,66,745.6400146484375,0.8744165913727311,100.305,0.032002392702258,0.18082191780821918,0.2229795818185858
SPY260731C00653000,2026-05-12 17:54:49+00:00,653.0,91.66,97.76,100.93,0.0,0.0,2.0,46.0,0.3152229122924803,True,REGULAR,USD,call,2026-07-31,66,745.6400146484375,0.8757577211141003,99.345,0.0319090039760431,0.18082191780821918,0.2219114390521682
SPY260731C00654000,2026-05-22 14:05:02+00:00,654.0,98.79,96.82,100.02,1.8499985,1.9083953,2.0,154.0,0.3139717041015625,True,REGULAR,USD,call,2026-07-31,66,745.6400146484375,0.8770988508554696,98.41999999999999,0.032513716724243,0.18082191780821918,0.2217022363365899
SPY260731C00655000,2026-05-22 14:31:33+00:00,655.0,97.2,95.88,99.05,10.0099945,11.480667,1.0,190.0,0.3119270468139647,True,REGULAR,USD,call,2026-07-31,66,745.6400146484375,0.8784399805968387,97.465,0.0325244959729133,0.18082191780821918,0.22071207400285994
SPY260731C00656000,2026-04-17 15:24:20+00:00,656.0,69.61,94.94,98.14,0.0,0.0,1.0,132.0,0.3106453213500976,True,REGULAR,USD,call,2026-07-31,66,745.6400146484375,0.8797811103382079,96.53999999999999,0.0331468821214004,0.18082191780821918,0.22042587627312113
SPY260731C00657000,2026-05-08 14:17:54+00:00,657.0,89.51,94.0,97.17,0.0,0.0,1.0,168.0,0.3085701467895507,True,REGULAR,USD,call,2026-07-31,66,745.6400146484375,0.8811222400795772,95.58500000000001,0.0331641994036721,0.18082191780821918,0.21938785884835754
SPY260731C00658000,2026-04-27 17:38:59+00:00,658.0,70.89,93.06,96.28,0.0,0.0,2.0,25.0,0.3075478181457519,True,REGULAR,USD,call,2026-07-31,66,745.6400146484375,0.8824633698209464,94.67,0.0340128868701806,0.18082191780821918,0.21926058522482297
SPY260731C00660000,2026-05-22 19:03:01+00:00,660.0,93.45,91.18,94.36,3.5899963,3.9950993,28.0,504.0,0.3036263485717773,True,REGULAR,USD,call,2026-07-31,66,745.6400146484375,0.8851456293036849,92.77000000000001,0.0342783227336422,0.18082191780821918,0.21729437794783557
SPY260731C00661000,2026-05-14 16:30:38+00:00,661.0,97.57,90.25,93.47,0.0,0.0,3.0,286.0,0.3025582440185547,True,REGULAR,USD,call,2026-07-31,66,745.6400146484375,0.886486759045054,91.86,0.0350533420422381,0.18082191780821918,0.21716270897369544
SPY260731C00662000,2026-05-15 16:52:15+00:00,662.0,88.37,89.31,92.53,0.0,0.0,1.0,82.0,0.3008187594604492,True,REGULAR,USD,call,2026-07-31,66,745.6400146484375,0.8878278887864233,90.92,0.0354157501099867,0.18082191780821918,0.21633372489424896
SPY260731C00663000,2026-05-22 17:57:37+00:00,663.0,91.18,88.38,91.59,6.779999,8.033174,2.0,161.0,0.2990945335388183,True,REGULAR,USD,call,2026-07-31,66,745.6400146484375,0.8891690185277925,89.985,0.035672612102017,0.18082191780821918,0.21558542374749617
SPY260731C00664000,2026-05-22 19:40:40+00:00,664.0,89.05,87.45,90.67,8.220001,10.169493,4.0,71.0,0.2975991871643065,True,REGULAR,USD,call,2026-07-31,66,745.6400146484375,0.8905101482691617,89.06,0.0361554008533572,0.18082191780821918,0.2150183332114631
SPY260731C00665000,2026-05-22 15:57:03+00:00,665.0,89.78,86.52,89.74,8.449997,10.389766,1.0,568.0,0.2959665130615234,True,REGULAR,USD,call,2026-07-31,66,745.6400146484375,0.891851278010531,88.13,0.0365369340746624,0.18082191780821918,0.21431406936144945
SPY260731C00666000,2026-05-08 13:46:52+00:00,666.0,79.63,85.59,88.8,0.0,0.0,1.0,259.0,0.2941965112304687,True,REGULAR,USD,call,2026-07-31,66,745.6400146484375,0.8931924077519001,87.195,0.0368140375021502,0.18082191780821918,0.21347904362910144
SPY260731C00667000,2026-05-15 13:50:20+00:00,667.0,82.09,84.66,87.87,0.0,0.0,2.0,469.0,0.2925485784912108,True,REGULAR,USD,call,2026-07-31,66,745.6400146484375,0.8945335374932694,86.265,0.0372109198400279,0.18082191780821918,0.21271757711588418
SPY260731C00669000,2026-05-14 18:17:37+00:00,669.0,87.79,82.81,86.03,0.0,0.0,2.0,173.0,0.2894358166503905,True,REGULAR,USD,call,2026-07-31,66,745.6400146484375,0.8972157969760078,84.42,0.0381426202321724,0.18082191780821918,0.21139807387180223
SPY260731C00670000,2026-05-22 19:19:14+00:00,670.0,83.97,81.88,85.07,-3.290001,-3.7703424,5.0,784.0,0.2873911593627929,True,REGULAR,USD,call,2026-07-31,66,745.6400146484375,0.8985569267173771,83.475,0.0382150344414495,0.18082191780821918,0.21026512914879977
SPY260731C00671000,2026-05-06 19:50:01+00:00,671.0,74.73,80.96,84.18,0.0,0.0,11.0,149.0,0.2861704684448242,True,REGULAR,USD,call,2026-07-31,66,745.6400146484375,0.8998980564587462,82.57,0.0389972144846798,0.18082191780821918,0.20985956397093164
SPY260731C00672000,2026-05-19 14:18:17+00:00,672.0,70.67,80.04,83.26,0.0,0.0,1.0,57.0,0.2845835702514647,True,REGULAR,USD,call,2026-07-31,66,745.6400146484375,0.9012391862001154,81.65,0.0394366197183098,0.18082191780821918,0.20913855928478214
SPY260731C00673000,2026-05-15 17:11:23+00:00,673.0,78.39,79.12,82.34,0.0,0.0,1.0,265.0,0.2829661547851562,True,REGULAR,USD,call,2026-07-31,66,745.6400146484375,0.9025803159414848,80.73,0.0398860398860398,0.18082191780821918,0.20838691906022555
SPY260731C00674000,2026-05-12 18:51:25+00:00,674.0,71.67,78.2,81.42,0.0,0.0,1.0,388.0,0.2813487393188476,True,REGULAR,USD,call,2026-07-31,66,745.6400146484375,0.903921445682854,79.81,0.0403458213256484,0.18082191780821918,0.20760535130220817
SPY260731C00675000,2026-05-22 19:03:01+00:00,675.0,79.44,77.28,80.51,1.9500046,2.5164597,4.0,652.0,0.2798228756713866,True,REGULAR,USD,call,2026-07-31,66,745.6400146484375,0.9052625754242232,78.89500000000001,0.0409404905253818,0.18082191780821918,0.20688172946832908
SPY260731C00676000,2026-05-15 13:39:05+00:00,676.0,74.89,76.37,79.6,0.0,0.0,5.0,104.0,0.2782970120239257,True,REGULAR,USD,call,2026-07-31,66,745.6400146484375,0.9066037051655924,77.985,0.0414182214528433,0.18082191780821918,0.2062126341310764
SPY260731C00677000,2026-05-18 19:01:29+00:00,677.0,69.32,75.45,78.65,0.0,0.0,1.0,49.0,0.2762981306457518,True,REGULAR,USD,call,2026-07-31,66,745.6400146484375,0.9079448349069617,77.05000000000001,0.0415314730694354,0.18082191780821918,0.2050878459185463
SPY260731C00678000,2026-05-22 15:08:52+00:00,678.0,76.98,74.54,77.73,-3.0199966,-3.7749958,1.0,135.0,0.2746196806335449,True,REGULAR,USD,call,2026-07-31,66,745.6400146484375,0.9092859646483308,76.135,0.0418992578971563,0.18082191780821918,0.20427653192011977
SPY260731C00679000,2026-05-21 18:48:39+00:00,679.0,72.43,73.63,76.82,0.0,0.0,1.0,267.0,0.2730480410766601,True,REGULAR,USD,call,2026-07-31,66,745.6400146484375,0.9106270943897,75.225,0.0424061149883682,0.18082191780821918,0.20351803637602145
SPY260731C00680000,2026-05-22 13:33:48+00:00,680.0,75.42,72.72,75.92,2.4199982,3.3150659,1.0,670.0,0.2715832119750976,True,REGULAR,USD,call,2026-07-31,66,745.6400146484375,0.9119682241310691,74.32,0.0430570505920344,0.18082191780821918,0.20280948014095249
SPY260731C00681000,2026-05-15 19:45:06+00:00,681.0,70.96,71.81,75.05,0.0,0.0,1.0,478.0,0.2704082969665527,True,REGULAR,USD,call,2026-07-31,66,745.6400146484375,0.9133093538724384,73.43,0.0441236551818057,0.18082191780821918,0.20230596289507882
SPY260731C00682000,2026-05-15 14:25:11+00:00,682.0,71.0,70.9,74.1,0.0,0.0,2.0,390.0,0.2683483810424804,True,REGULAR,USD,call,2026-07-31,66,745.6400146484375,0.9146504836138076,72.5,0.0441379310344826,0.18082191780821918,0.20113714209475192
SPY260731C00683000,2026-05-22 13:56:19+00:00,683.0,72.69,70.0,73.24,4.6500015,6.834217,3.0,286.0,0.2672650178527831,True,REGULAR,USD,call,2026-07-31,66,745.6400146484375,0.9159916133551768,71.62,0.0452387601228706,0.18082191780821918,0.20072016307683294
SPY260731C00684000,2026-05-19 15:34:59+00:00,684.0,60.48,69.1,72.34,0.0,0.0,1.0,243.0,0.2657238955688477,True,REGULAR,USD,call,2026-07-31,66,745.6400146484375,0.917332743096546,70.72,0.0458144796380091,0.18082191780821918,0.19995683551945262
SPY260731C00685000,2026-05-21 16:05:32+00:00,685.0,64.79,68.2,71.44,0.0,0.0,3.0,611.0,0.2641675146484374,True,REGULAR,USD,call,2026-07-31,66,745.6400146484375,0.9186738728379154,69.82,0.0464050415353766,0.18082191780821918,0.19916168456529357
SPY260731C00686000,2026-05-22 13:48:34+00:00,686.0,70.0,67.3,70.54,6.700001,10.584519,1.0,153.0,0.2625806164550781,True,REGULAR,USD,call,2026-07-31,66,745.6400146484375,0.9200150025792846,68.92,0.0470110272780036,0.18082191780821918,0.19833472703999816
SPY260731C00687000,2026-05-21 16:56:10+00:00,687.0,62.5,66.4,69.65,0.0,0.0,3.0,61.0,0.261100528717041,True,REGULAR,USD,call,2026-07-31,66,745.6400146484375,0.9213561323206536,68.025,0.0477765527379639,0.18082191780821918,0.19754961284322972
SPY260731C00688000,2026-05-21 16:56:12+00:00,688.0,61.61,65.51,68.76,0.0,0.0,2.0,129.0,0.2595899237060547,True,REGULAR,USD,call,2026-07-31,66,745.6400146484375,0.922697262062023,67.135,0.0484099203098234,0.18082191780821918,0.19680376286594586
SPY260731C00689000,2026-05-21 16:55:53+00:00,689.0,60.66,64.62,67.87,0.0,0.0,3.0,185.0,0.2580640600585938,True,REGULAR,USD,call,2026-07-31,66,745.6400146484375,0.9240383918033922,66.245,0.0490603064382217,0.18082191780821918,0.19602417892952773
SPY260731C00690000,2026-05-22 19:34:13+00:00,690.0,66.12,63.73,66.98,3.3100014,5.2698636,4.0,1138.0,0.2565381964111328,True,REGULAR,USD,call,2026-07-31,66,745.6400146484375,0.9253795215447614,65.355,0.0497284063958382,0.18082191780821918,0.1952115472915557
SPY260731C00691000,2026-05-21 16:55:46+00:00,691.0,58.88,62.84,66.09,0.0,0.0,2.0,176.0,0.2549818154907227,True,REGULAR,USD,call,2026-07-31,66,745.6400146484375,0.9267206512861308,64.465,0.0504149538509268,0.18082191780821918,0.19436650699265032
SPY260731C00692000,2026-05-22 14:54:49+00:00,692.0,63.77,61.95,65.21,5.7299995,9.8725,1.0,237.0,0.2535017277526856,True,REGULAR,USD,call,2026-07-31,66,745.6400146484375,0.9280617810275,63.58,0.0512739855300407,0.18082191780821918,0.19355742539188459
SPY260731C00693000,2026-05-21 16:57:42+00:00,693.0,57.14,61.07,64.33,0.0,0.0,9.0,253.0,0.2520063813781738,True,REGULAR,USD,call,2026-07-31,66,745.6400146484375,0.929402910768869,62.7,0.051993620414673,0.18082191780821918,0.1927814888248321
SPY260731C00694000,2026-05-21 16:57:10+00:00,694.0,56.45,60.19,63.45,0.0,0.0,11.0,117.0,0.2504957763671874,True,REGULAR,USD,call,2026-07-31,66,745.6400146484375,0.9307440405102384,61.82,0.0527337431252022,0.18082191780821918,0.19197156275113145
SPY260731C00695000,2026-05-21 16:59:55+00:00,695.0,55.57,59.31,62.57,0.0,0.0,13.0,899.0,0.2489699127197265,True,REGULAR,USD,call,2026-07-31,66,745.6400146484375,0.9320851702516076,60.94,0.0534952412208729,0.18082191780821918,0.19112788003818065
SPY260731C00696000,2026-05-22 15:11:19+00:00,696.0,60.64,58.43,61.69,5.959999,10.899778,5.0,448.0,0.2474135317993164,True,REGULAR,USD,call,2026-07-31,66,745.6400146484375,0.9334262999929768,60.06,0.0542790542790542,0.18082191780821918,0.19025106158758714
SPY260731C00697000,2026-05-21 16:57:40+00:00,697.0,53.72,57.56,60.82,0.0,0.0,11.0,208.0,0.2459487026977539,True,REGULAR,USD,call,2026-07-31,66,745.6400146484375,0.934767429734346,59.19,0.05507687109309,0.18082191780821918,0.18946791407213504
SPY260731C00698000,2026-05-22 14:01:25+00:00,698.0,59.8,56.69,59.95,6.669998,12.55411,3.0,136.0,0.2444533563232422,True,REGULAR,USD,call,2026-07-31,66,745.6400146484375,0.9361085594757153,58.32,0.0558984910836763,0.18082191780821918,0.18864945970203562
SPY260731C00699000,2026-05-22 19:05:23+00:00,699.0,58.73,55.82,59.09,6.6499977,12.768812,6.0,348.0,0.2430343031311035,True,REGULAR,USD,call,2026-07-31,66,745.6400146484375,0.9374496892170844,57.455,0.0569141066921939,0.18082191780821918,0.18785736479127765
SPY260731C00700000,2026-05-22 16:53:17+00:00,700.0,57.7,55.12,58.22,4.3199997,8.092918,19.0,2414.0,0.2414931808471679,True,REGULAR,USD,call,2026-07-31,66,745.6400146484375,0.9387908189584536,56.67,0.0547026645491441,0.18082191780821918,0.18799780212900133
SPY260731C00701000,2026-05-21 16:58:48+00:00,701.0,50.46,54.12,57.36,0.0,0.0,13.0,276.0,0.24004361038208,True,REGULAR,USD,call,2026-07-31,66,745.6400146484375,0.9401319486998228,55.739999999999995,0.0581270182992465,0.18082191780821918,0.18634624145697118
SPY260731C00702000,2026-05-22 17:42:56+00:00,702.0,56.5,53.23,56.5,6.6500015,13.340023,1.0,353.0,0.2385635226440429,True,REGULAR,USD,call,2026-07-31,66,745.6400146484375,0.941473078441192,54.864999999999995,0.0596008384215803,0.18082191780821918,0.18532806547944727
SPY260731C00703000,2026-05-21 17:03:25+00:00,703.0,48.94,52.37,55.65,0.0,0.0,21.0,230.0,0.2371444694519042,True,REGULAR,USD,call,2026-07-31,66,745.6400146484375,0.9428142081825612,54.01,0.0607294945380485,0.18082191780821918,0.1845122103619592
SPY260731C00704000,2026-05-22 16:52:22+00:00,704.0,55.62,51.52,54.8,7.6499977,15.947463,1.0,208.0,0.235710157623291,True,REGULAR,USD,call,2026-07-31,66,745.6400146484375,0.9441553379239304,53.16,0.0617005267118132,0.18082191780821918,0.18371715341750386
SPY260731C00705000,2026-05-22 18:39:26+00:00,705.0,53.54,50.67,53.95,4.450001,9.064984,3.0,416.0,0.2342605871582031,True,REGULAR,USD,call,2026-07-31,66,745.6400146484375,0.9454964676652996,52.31,0.0627031160389983,0.18082191780821918,0.18288457543492265
SPY260731C00706000,2026-05-21 18:30:43+00:00,706.0,49.7,49.82,53.11,0.0,0.0,59.0,393.0,0.232856792602539,True,REGULAR,USD,call,2026-07-31,66,745.6400146484375,0.946837597406669,51.465,0.0639269406392693,0.18082191780821918,0.1820711519570232
SPY260731C00707000,2026-05-22 16:31:03+00:00,707.0,51.92,48.98,52.27,2.7999992,5.7003245,1.0,263.0,0.231452998046875,True,REGULAR,USD,call,2026-07-31,66,745.6400146484375,0.9481787271480382,50.625,0.0649876543209877,0.18082191780821918,0.1812753284954304
SPY260731C00708000,2026-05-22 14:39:28+00:00,708.0,49.3,48.14,51.43,2.630001,5.6353145,1.0,334.0,0.2300186862182617,True,REGULAR,USD,call,2026-07-31,66,745.6400146484375,0.9495198568894074,49.785,0.0660841618961534,0.18082191780821918,0.18044083284724732
SPY260731C00709000,2026-05-22 19:28:39+00:00,709.0,49.0,47.3,50.59,3.1599998,6.8935423,1.0,153.0,0.2285538571166992,True,REGULAR,USD,call,2026-07-31,66,745.6400146484375,0.9508609866307766,48.945,0.067218306262131,0.18082191780821918,0.17956816927273977
SPY260731C00710000,2026-05-22 16:15:54+00:00,710.0,49.05,46.47,49.76,2.579998,5.5519643,3.0,1137.0,0.2271500625610351,True,REGULAR,USD,call,2026-07-31,66,745.6400146484375,0.9522021163721458,48.114999999999995,0.0683778447469604,0.18082191780821918,0.17876480305535444
SPY260731C00711000,2026-05-22 19:28:40+00:00,711.0,46.5,46.05,48.8,1.5999985,3.5634708,15.0,445.0,0.2245560943603515,True,REGULAR,USD,call,2026-07-31,66,745.6400146484375,0.953543246113515,47.425,0.0579862941486557,0.18082191780821918,0.17939833248969791
SPY260731C00712000,2026-05-21 17:33:32+00:00,712.0,44.09,44.81,48.11,0.0,0.0,1.0,320.0,0.2243577320861816,True,REGULAR,USD,call,2026-07-31,66,745.6400146484375,0.9548843758548844,46.46,0.0710288420146361,0.18082191780821918,0.1770916121172404
SPY260731C00713000,2026-05-22 19:18:59+00:00,713.0,45.5,44.2,47.29,2.3300018,5.397271,17.0,351.0,0.2229691961669921,True,REGULAR,USD,call,2026-07-31,66,745.6400146484375,0.9562255055962536,45.745000000000005,0.0675483659416328,0.18082191780821918,0.1773560145931904
SPY260731C00714000,2026-05-22 18:10:30+00:00,714.0,46.18,43.61,46.48,6.299999,15.79739,1.0,415.0,0.2216264361572265,True,REGULAR,USD,call,2026-07-31,66,745.6400146484375,0.9575666353376228,45.045,0.0637140637140636,0.18082191780821918,0.17770500432378816
SPY260731C00715000,2026-05-22 19:29:01+00:00,715.0,43.93,42.82,44.37,3.7700005,9.387451,8.0,894.0,0.20879392288208,True,REGULAR,USD,call,2026-07-31,66,745.6400146484375,0.958907765078992,43.595,0.0355545360706502,0.18082191780821918,0.17040243713259254
SPY260731C00716000,2026-05-22 16:04:31+00:00,716.0,44.63,41.55,44.86,4.170002,10.30648,14.0,517.0,0.2188798815917968,True,REGULAR,USD,call,2026-07-31,66,745.6400146484375,0.9602488948203612,43.205,0.0766115032982294,0.18082191780821918,0.17382523587686083
SPY260731C00717000,2026-05-22 19:55:27+00:00,717.0,42.12,40.74,44.06,3.9500008,10.348444,6.0,468.0,0.2175371215820312,True,REGULAR,USD,call,2026-07-31,66,745.6400146484375,0.9615900245617304,42.400000000000006,0.0783018867924528,0.18082191780821918,0.172992604318815
SPY260731C00718000,2026-05-22 19:00:57+00:00,718.0,42.5,39.95,43.26,3.8499985,9.961185,8.0,102.0,0.216179102935791,True,REGULAR,USD,call,2026-07-31,66,745.6400146484375,0.9629311543030996,41.605000000000004,0.0795577454632855,0.18082191780821918,0.17221498276087183
SPY260731C00719000,2026-05-22 18:47:51+00:00,719.0,41.71,39.56,41.09,4.209999,11.226665,9.0,1162.0,0.2029803823852539,True,REGULAR,USD,call,2026-07-31,66,745.6400146484375,0.9642722840444689,40.325,0.0379417234965902,0.18082191780821918,0.1666795050500101
SPY260731C00720000,2026-05-22 19:55:27+00:00,720.0,39.72,39.91,41.68,2.6900024,7.2643867,20.0,2491.0,0.2135241001892089,True,REGULAR,USD,call,2026-07-31,66,745.6400146484375,0.965613413785838,40.795,0.0433876700576051,0.18082191780821918,0.17794233769004067
SPY260731C00721000,2026-05-22 17:57:14+00:00,721.0,40.41,37.57,40.9,4.1100006,11.322316,9.0,616.0,0.2122423747253418,True,REGULAR,USD,call,2026-07-31,66,745.6400146484375,0.9669545435272072,39.235,0.084873199949025,0.18082191780821918,0.1697623920639781
SPY260731C00722000,2026-05-22 17:54:09+00:00,722.0,39.64,36.8,40.12,4.279999,12.104069,8.0,521.0,0.2109148733520507,True,REGULAR,USD,call,2026-07-31,66,745.6400146484375,0.9682956732685764,38.459999999999994,0.0863234529381175,0.18082191780821918,0.1689977598096113
SPY260731C00725000,2026-05-22 19:35:59+00:00,725.0,36.34,35.7,37.82,1.5999985,4.605637,3.0,1475.0,0.2070696969604492,True,REGULAR,USD,call,2026-07-31,66,745.6400146484375,0.972319062492684,36.760000000000005,0.0576713819368878,0.18082191780821918,0.172104185021409
SPY260731C00726000,2026-05-22 13:31:05+00:00,726.0,35.97,33.72,37.06,1.9400024,5.7008595,1.0,285.0,0.2057727128601074,True,REGULAR,USD,call,2026-07-31,66,745.6400146484375,0.9736601922340532,35.39,0.0943769426391637,0.18082191780821918,0.16575236366686252
SPY260731C00727000,2026-05-22 15:58:08+00:00,727.0,35.88,32.97,36.31,5.960001,19.919788,2.0,49.0,0.204536763305664,True,REGULAR,USD,call,2026-07-31,66,745.6400146484375,0.9750013219754226,34.64,0.0964203233256352,0.18082191780821918,0.16498161122503754
SPY260731C00728000,2026-05-22 17:56:01+00:00,728.0,34.98,32.22,35.57,5.459999,18.495932,5.0,343.0,0.2033313310241699,True,REGULAR,USD,call,2026-07-31,66,745.6400146484375,0.9763424517167918,33.894999999999996,0.0988346363770468,0.18082191780821918,0.1642065546558264
SPY260731C00729000,2026-05-22 19:49:33+00:00,729.0,32.74,31.48,34.83,0.5600014,1.7402155,4.0,202.0,0.2020801228332519,True,REGULAR,USD,call,2026-07-31,66,745.6400146484375,0.977683581458161,33.155,0.1010405670336298,0.18082191780821918,0.16342633200367593
SPY260731C00730000,2026-05-22 19:50:04+00:00,730.0,32.16,30.74,34.1,1.5499992,5.063702,13.0,1456.0,0.2008899491882324,True,REGULAR,USD,call,2026-07-31,66,745.6400146484375,0.9790247111995302,32.42,0.1036397285626157,0.18082191780821918,0.16264009341558602
SPY260731C00731000,2026-05-22 19:50:04+00:00,731.0,31.1,30.19,33.37,5.2299995,20.216465,1.0,236.0,0.1996387409973144,True,REGULAR,USD,call,2026-07-31,66,745.6400146484375,0.9803658409408994,31.78,0.1000629326620514,0.18082191780821918,0.16262633954409617
SPY260731C00732000,2026-05-21 19:16:08+00:00,732.0,29.15,29.5,32.65,0.0,0.0,7.0,203.0,0.1984485673522948,True,REGULAR,USD,call,2026-07-31,66,745.6400146484375,0.9817069706822686,31.075,0.1013676588897827,0.18082191780821918,0.161991486460451
SPY260731C00733000,2026-05-20 17:34:03+00:00,733.0,27.41,28.79,31.94,0.0,0.0,2.0,422.0,0.1972889109802246,True,REGULAR,USD,call,2026-07-31,66,745.6400146484375,0.983048100423638,30.365000000000002,0.1037378560843076,0.18082191780821918,0.1612605959233646
SPY260731C00734000,2026-05-21 17:57:39+00:00,734.0,28.95,27.86,31.24,0.0,0.0,2.0,890.0,0.1961597718811035,True,REGULAR,USD,call,2026-07-31,66,745.6400146484375,0.9843892301650072,29.549999999999997,0.1143824027072757,0.18082191780821918,0.15958774958143576
SPY260731C00735000,2026-05-22 18:13:25+00:00,735.0,29.55,28.61,30.54,2.5699997,9.525574,8.0,716.0,0.1950001155090331,True,REGULAR,USD,call,2026-07-31,66,745.6400146484375,0.9857303599063764,29.575,0.0652578191039729,0.18082191780821918,0.16493198514434165
SPY260731C00736000,2026-05-20 18:12:44+00:00,736.0,25.0,26.46,29.85,0.0,0.0,65.0,351.0,0.1938709764099121,True,REGULAR,USD,call,2026-07-31,66,745.6400146484375,0.9870714896477456,28.155,0.1204049014384656,0.18082191780821918,0.1580842280783016
SPY260731C00737000,2026-05-22 16:20:00+00:00,737.0,28.17,25.77,29.16,2.7399998,10.774674,1.0,231.0,0.1927113200378418,True,REGULAR,USD,call,2026-07-31,66,745.6400146484375,0.9884126193891148,27.465,0.1234298197706171,0.18082191780821918,0.15731334146670856
SPY260731C00738000,2026-05-22 19:23:39+00:00,738.0,27.03,26.72,27.86,4.4300003,19.60177,269.0,287.0,0.1866688999938964,True,REGULAR,USD,call,2026-07-31,66,745.6400146484375,0.989753749130484,27.29,0.0417735434224991,0.18082191780821918,0.16073888244161733
SPY260731C00739000,2026-05-22 16:59:43+00:00,739.0,26.96,24.58,27.82,2.58,10.582445,3.0,392.0,0.1905445936584472,True,REGULAR,USD,call,2026-07-31,66,745.6400146484375,0.9910948788718532,26.2,0.1236641221374046,0.18082191780821918,0.15655250437115786
SPY260731C00740000,2026-05-22 19:29:45+00:00,740.0,25.35,25.39,25.69,2.08,8.938547,65.0,1612.0,0.1779257012939453,True,REGULAR,USD,call,2026-07-31,66,745.6400146484375,0.9924360086132225,25.54,0.0117462803445575,0.18082191780821918,0.15585743197385998
SPY260731C00741000,2026-05-22 19:46:28+00:00,741.0,24.25,23.53,26.5,1.0499992,4.5258584,12.0,501.0,0.1883626086425781,True,REGULAR,USD,call,2026-07-31,66,745.6400146484375,0.9937771383545916,25.015,0.1187287627423545,0.18082191780821918,0.15620252567737253
SPY260731C00742000,2026-05-22 19:51:51+00:00,742.0,23.94,24.04,25.86,1.8600006,8.423916,48.0,430.0,0.1873402799987792,True,REGULAR,USD,call,2026-07-31,66,745.6400146484375,0.9951182680959608,24.95,0.0729458917835671,0.18082191780821918,0.16020074069428816
SPY260731C00743000,2026-05-22 14:34:49+00:00,743.0,23.56,23.44,25.22,1.8599987,8.571423,9.0,238.0,0.1862874340820312,True,REGULAR,USD,call,2026-07-31,66,745.6400146484375,0.99645939783733,24.33,0.0731607069461569,0.18082191780821918,0.15963164361186502
SPY260731C00744000,2026-05-22 17:46:14+00:00,744.0,24.18,22.25,24.59,2.9300003,13.788237,68.0,403.0,0.1852651054382323,True,REGULAR,USD,call,2026-07-31,66,745.6400146484375,0.9978005275786992,23.42,0.0999146029035012,0.18082191780821918,0.15667664981217258
SPY260731C00745000,2026-05-22 19:50:01+00:00,745.0,22.17,22.19,22.47,1.9300003,9.535575,197.0,812.0,0.1725699198913574,True,REGULAR,USD,call,2026-07-31,66,745.6400146484375,0.9991416573200684,22.33,0.0125391849529779,0.18082191780821918,0.15223716692001432
SPY260731C00746000,2026-05-22 19:53:50+00:00,746.0,21.5,21.65,21.71,0.84000015,4.0658283,24.0,333.0,0.1704337107849121,False,REGULAR,USD,call,2026-07-31,66,745.6400146484375,1.0004827870614377,21.68,0.0027675276752768,0.18082191780821918,0.15127111499343115
SPY260731C00747000,2026-05-22 19:21:36+00:00,747.0,21.17,21.05,21.1,1.8600006,9.6323185,33.0,407.0,0.1694113821411133,False,REGULAR,USD,call,2026-07-31,66,745.6400146484375,1.001823916802807,21.075000000000003,0.0023724792408066,0.18082191780821918,0.1506029710095361
SPY260731C00748000,2026-05-22 19:58:49+00:00,748.0,20.6,20.45,20.5,2.3700008,13.000554,96.0,166.0,0.1684195707702637,False,REGULAR,USD,call,2026-07-31,66,745.6400146484375,1.0031650465441762,20.475,0.0024420024420024,0.18082191780821918,0.14991244552643998
SPY260731C00749000,2026-05-22 19:21:37+00:00,749.0,19.98,19.86,19.91,2.0900002,11.682506,80.0,287.0,0.1674430180358886,False,REGULAR,USD,call,2026-07-31,66,745.6400146484375,1.0045061762855454,19.884999999999998,0.0025144581342721,0.18082191780821918,0.14923802819694285
SPY260731C00750000,2026-05-22 19:59:34+00:00,750.0,19.49,19.28,19.33,1.7199993,9.679231,1034.0,6974.0,0.1664817239379883,False,REGULAR,USD,call,2026-07-31,66,745.6400146484375,1.0058473060269146,19.305,0.0025900025900024,0.18082191780821918,0.14857890225283335
SPY260731C00751000,2026-05-22 16:26:43+00:00,751.0,19.46,18.71,18.76,1.3799992,7.632739,2.0,485.0,0.1655356884765625,False,REGULAR,USD,call,2026-07-31,66,745.6400146484375,1.007188435768284,18.735,0.0026688017080331,0.18082191780821918,0.1479341824470038
SPY260731C00752000,2026-05-22 19:59:34+00:00,752.0,18.35,18.15,18.2,1.2399998,7.2472224,38.0,374.0,0.1646201702880859,False,REGULAR,USD,call,2026-07-31,66,745.6400146484375,1.0085295655096531,18.174999999999997,0.0027510316368638,0.18082191780821918,0.14730331521460932
SPY260731C00753000,2026-05-21 18:52:18+00:00,753.0,15.76,17.6,17.65,0.0,0.0,7.0,383.0,0.163719910736084,False,REGULAR,USD,call,2026-07-31,66,745.6400146484375,1.0098706952510224,17.625,0.0028368794326239,0.18082191780821918,0.14668534404028938
SPY260731C00754000,2026-05-22 17:57:39+00:00,754.0,17.97,17.06,17.11,3.9799995,28.448889,5.0,344.0,0.1628349098205566,False,REGULAR,USD,call,2026-07-31,66,745.6400146484375,1.0112118249923914,17.085,0.0029265437518291,0.18082191780821918,0.14607964256902548
SPY260731C00755000,2026-05-22 19:59:34+00:00,755.0,16.73,16.53,16.58,1.6699991,11.088971,49.0,27355.0,0.1619651675415039,False,REGULAR,USD,call,2026-07-31,66,745.6400146484375,1.0125529547337606,16.555,0.0030202355783749,0.18082191780821918,0.14548550604933738
SPY260731C00756000,2026-05-22 15:11:32+00:00,756.0,16.58,16.01,16.06,2.7600002,19.97106,8.0,523.0,0.1611106838989258,False,REGULAR,USD,call,2026-07-31,66,745.6400146484375,1.01389408447513,16.035,0.0031181789834734,0.18082191780821918,0.14490283121966205
SPY260731C00757000,2026-05-22 16:51:32+00:00,757.0,16.21,15.5,15.55,2.6999989,19.985188,14.0,91.0,0.1602714588928223,False,REGULAR,USD,call,2026-07-31,66,745.6400146484375,1.015235214216499,15.525,0.0032206119162641,0.18082191780821918,0.14433057474690902
SPY260731C00758000,2026-05-22 19:23:20+00:00,758.0,15.18,15.0,15.05,1.4700003,10.722102,21.0,265.0,0.1594474925231933,False,REGULAR,USD,call,2026-07-31,66,745.6400146484375,1.0165763439578683,15.025,0.0033277870216306,0.18082191780821918,0.14376846965892806
SPY260731C00759000,2026-05-22 19:59:34+00:00,759.0,14.71,14.51,14.56,3.0100002,25.726498,2.0,164.0,0.158638784790039,False,REGULAR,USD,call,2026-07-31,66,745.6400146484375,1.0179174736992376,14.535,0.0034399724802202,0.18082191780821918,0.14321611246239324
SPY260731C00760000,2026-05-22 19:58:29+00:00,760.0,14.09,14.03,14.08,0.9800005,7.4752135,144.0,2929.0,0.1578453356933593,False,REGULAR,USD,call,2026-07-31,66,745.6400146484375,1.0192586034406068,14.055,0.0035574528637496,0.18082191780821918,0.14267315289512977
SPY260731C00761000,2026-05-22 18:39:26+00:00,761.0,14.07,13.56,13.61,3.2299995,29.797045,10.0,145.0,0.1570671452331543,False,REGULAR,USD,call,2026-07-31,66,745.6400146484375,1.020599733181976,13.585,0.0036805299963193,0.18082191780821918,0.14213929342411172
SPY260731C00762000,2026-05-22 13:36:11+00:00,762.0,13.82,13.1,13.15,1.8699999,15.648535,1.0,112.0,0.1563042134094238,False,REGULAR,USD,call,2026-07-31,66,745.6400146484375,1.0219408629233453,13.125,0.0038095238095238,0.18082191780821918,0.14161428828857708
SPY260731C00763000,2026-05-22 19:44:51+00:00,763.0,12.65,12.65,12.7,1.46,13.047364,42.0,176.0,0.1555412815856933,False,REGULAR,USD,call,2026-07-31,66,745.6400146484375,1.0232819926647143,12.675,0.0039447731755423,0.18082191780821918,0.14109794193231764
SPY260731C00764000,2026-05-22 13:56:52+00:00,764.0,12.86,12.21,12.26,3.0999994,31.762287,2.0,485.0,0.1548088670349121,False,REGULAR,USD,call,2026-07-31,66,745.6400146484375,1.0246231224060838,12.235,0.0040866366979974,0.18082191780821918,0.1405901067823557
SPY260731C00765000,2026-05-22 19:50:29+00:00,765.0,11.7,11.78,11.83,1.5299997,15.044245,120.0,1252.0,0.1540764524841308,False,REGULAR,USD,call,2026-07-31,66,745.6400146484375,1.0259642521474528,11.805,0.0042354934349852,0.18082191780821918,0.14009118056673459
SPY260731C00766000,2026-05-22 17:29:37+00:00,766.0,12.52,11.37,11.42,3.5900002,40.20157,76.0,200.0,0.1534508483886719,False,REGULAR,USD,call,2026-07-31,66,745.6400146484375,1.027305381888822,11.395,0.0043878894251865,0.18082191780821918,0.13968322639708566
SPY260731C00767000,2026-05-22 17:29:39+00:00,767.0,12.13,10.96,11.01,3.3599997,38.312424,7.0,671.0,0.1527489511108398,False,REGULAR,USD,call,2026-07-31,66,745.6400146484375,1.0286465116301913,10.985,0.0045516613563949,0.18082191780821918,0.1392017464061538
SPY260731C00768000,2026-05-22 14:02:32+00:00,768.0,10.84,10.56,10.61,1.0200005,10.3869705,1.0,242.0,0.1520470538330078,False,REGULAR,USD,call,2026-07-31,66,745.6400146484375,1.0299876413715603,10.585,0.0047236655644779,0.18082191780821918,0.13872905013452871
SPY260731C00769000,2026-05-22 19:58:29+00:00,769.0,10.26,10.18,10.22,0.5600004,5.7732005,1.0,197.0,0.151375673828125,False,REGULAR,USD,call,2026-07-31,66,745.6400146484375,1.0313287711129298,10.2,0.003921568627451,0.18082191780821918,0.13830771646007806
SPY260731C00770000,2026-05-22 20:00:15+00:00,770.0,9.81,9.8,9.85,1.2800007,15.00587,194.0,832.0,0.1507958456420898,False,REGULAR,USD,call,2026-07-31,66,745.6400146484375,1.032669900854299,9.825,0.0050890585241729,0.18082191780821918,0.13789644495737688
SPY260731C00771000,2026-05-22 15:31:56+00:00,771.0,10.31,9.43,9.48,1.3900003,15.582964,13.0,261.0,0.1501549829101562,False,REGULAR,USD,call,2026-07-31,66,745.6400146484375,1.0340110305956682,9.455,0.0052882072977261,0.18082191780821918,0.13745254111248947
SPY260731C00772000,2026-05-22 15:31:56+00:00,772.0,9.94,9.08,9.13,2.0099998,25.346783,2.0,60.0,0.1496056719970703,False,REGULAR,USD,call,2026-07-31,66,745.6400146484375,1.0353521603370377,9.105,0.0054914881933004,0.18082191780821918,0.1371060331502082
SPY260731C00773000,2026-05-22 20:00:24+00:00,773.0,8.71,8.73,8.78,0.17000008,1.9906332,2.0,64.0,0.1489953265380859,False,REGULAR,USD,call,2026-07-31,66,745.6400146484375,1.0366932900784067,8.754999999999999,0.0057110222729867,0.18082191780821918,0.1366840311396257
SPY260731C00774000,2026-05-21 19:54:39+00:00,774.0,7.28,8.4,8.44,0.0,0.0,18.0,297.0,0.1483849810791015,False,REGULAR,USD,call,2026-07-31,66,745.6400146484375,1.038034419819776,8.42,0.0047505938242279,0.18082191780821918,0.13631808900410836
SPY260731C00775000,2026-05-22 19:03:10+00:00,775.0,8.25,8.07,8.12,1.1199999,15.708274,2502.0,2050.0,0.147896704711914,False,REGULAR,USD,call,2026-07-31,66,745.6400146484375,1.0393755495611452,8.094999999999999,0.0061766522544779,0.18082191780821918,0.13596547833030487
SPY260731C00776000,2026-05-19 14:13:50+00:00,776.0,4.87,7.75,7.8,0.0,0.0,2.0,123.0,0.1473168765258789,False,REGULAR,USD,call,2026-07-31,66,745.6400146484375,1.0407166793025142,7.775,0.0064308681672025,0.18082191780821918,0.13558151103866048
SPY260731C00777000,2026-05-22 19:29:01+00:00,777.0,7.54,7.45,7.49,1.4099998,23.001629,2.0,228.0,0.1467675656127929,False,REGULAR,USD,call,2026-07-31,66,745.6400146484375,1.0420578090438837,7.470000000000001,0.0053547523427041,0.18082191780821918,0.1352578366950658
SPY260731C00778000,2026-05-22 19:29:01+00:00,778.0,7.23,7.15,7.2,1.4200001,24.44062,2.0,97.0,0.1463403237915039,False,REGULAR,USD,call,2026-07-31,66,745.6400146484375,1.0433989387852527,7.175000000000001,0.0069686411149825,0.18082191780821918,0.13495106840162965
SPY260731C00779000,2026-05-22 17:27:58+00:00,779.0,7.49,6.86,6.91,1.4699998,24.418602,11.0,614.0,0.1458367887878418,False,REGULAR,USD,call,2026-07-31,66,745.6400146484375,1.044740068526622,6.885,0.0072621641249091,0.18082191780821918,0.13461480943852272
SPY260731C00780000,2026-05-22 20:05:01+00:00,780.0,6.58,6.58,6.63,0.9200001,16.25442,113.0,2637.0,0.1453485124206542,False,REGULAR,USD,call,2026-07-31,66,745.6400146484375,1.0460811982679912,6.605,0.0075700227100681,0.18082191780821918,0.13429680520576207
SPY260731C00781000,2026-05-21 17:22:51+00:00,781.0,5.41,6.31,6.36,0.0,0.0,21.0,160.0,0.1448754946899414,False,REGULAR,USD,call,2026-07-31,66,745.6400146484375,1.0474223280093604,6.335,0.0078926598263615,0.18082191780821918,0.13399868802387685
SPY260731C00782000,2026-05-21 17:11:03+00:00,782.0,4.76,6.05,6.1,0.0,0.0,175.0,400.0,0.1444482528686523,False,REGULAR,USD,call,2026-07-31,66,745.6400146484375,1.0487634577507297,6.074999999999999,0.008230452674897,0.18082191780821918,0.1337222744654689
SPY260731C00783000,2026-05-22 19:03:21+00:00,783.0,6.0,5.8,5.85,0.9200001,18.110237,1.0,532.0,0.1440362696838378,False,REGULAR,USD,call,2026-07-31,66,745.6400146484375,1.050104587492099,5.824999999999999,0.0085836909871244,0.18082191780821918,0.13346958396085543
SPY260731C00784000,2026-05-22 16:19:50+00:00,784.0,6.02,5.56,5.6,1.75,40.983604,11.0,883.0,0.143563251953125,False,REGULAR,USD,call,2026-07-31,66,745.6400146484375,1.051445717233468,5.58,0.007168458781362,0.18082191780821918,0.13319127743713755
SPY260731C00785000,2026-05-22 19:50:38+00:00,785.0,5.35,5.32,5.37,0.71000004,15.301725,130.0,1255.0,0.1431970446777344,False,REGULAR,USD,call,2026-07-31,66,745.6400146484375,1.0527868469748374,5.345000000000001,0.0093545369504209,0.18082191780821918,0.13293957397507117
SPY260731C00790000,2026-05-22 19:59:39+00:00,790.0,4.3,4.27,4.31,0.4100001,10.539847,376.0,732.0,0.141335491027832,False,REGULAR,USD,call,2026-07-31,66,745.6400146484375,1.0594924956816834,4.289999999999999,0.0093240093240093,0.18082191780821918,0.1318336291592519
SPY260731C00795000,2026-05-22 19:16:26+00:00,795.0,3.47,3.39,3.43,0.5799999,20.0692,67.0,1334.0,0.1397485928344726,False,REGULAR,USD,call,2026-07-31,66,745.6400146484375,1.0661981443885296,3.41,0.0117302052785923,0.18082191780821918,0.13086416162285355
SPY260731C00800000,2026-05-22 20:04:20+00:00,800.0,2.66,2.67,2.71,0.2900002,12.236296,877.0,2677.0,0.1384363500976562,False,REGULAR,USD,call,2026-07-31,66,745.6400146484375,1.0729037930953755,2.69,0.0148698884758364,0.18082191780821918,0.13009508458941396
SPY260731C00805000,2026-05-22 19:37:05+00:00,805.0,2.18,2.09,2.13,0.35000002,19.125683,156.0,737.0,0.1373987628173828,False,REGULAR,USD,call,2026-07-31,66,745.6400146484375,1.0796094418022215,2.11,0.018957345971564,0.18082191780821918,0.12955332469424755
SPY260731C00810000,2026-05-22 18:38:34+00:00,810.0,1.79,1.63,1.66,0.3499999,24.305548,702.0,804.0,0.1364832446289062,False,REGULAR,USD,call,2026-07-31,66,745.6400146484375,1.0863150905090675,1.645,0.0182370820668693,0.18082191780821918,0.12917294798440931
SPY260731C00815000,2026-05-22 20:09:54+00:00,815.0,1.26,1.27,1.3,0.15999997,14.545451,929.0,602.0,0.1361170373535156,False,REGULAR,USD,call,2026-07-31,66,745.6400146484375,1.093020739215914,1.2850000000000001,0.0233463035019455,0.18082191780821918,0.12915575242244814
SPY260731C00820000,2026-05-22 15:48:58+00:00,820.0,1.17,0.98,1.01,0.34999996,42.682922,630.0,1219.0,0.135750830078125,False,REGULAR,USD,call,2026-07-31,66,745.6400146484375,1.09972638792276,0.995,0.0301507537688442,0.18082191780821918,0.12912376153940253
SPY260731C00825000,2026-05-22 19:58:25+00:00,825.0,0.79,0.77,0.79,0.17000002,27.41936,7306.0,1202.0,0.1358118646240234,False,REGULAR,USD,call,2026-07-31,66,745.6400146484375,1.106432036629606,0.78,0.0256410256410256,0.18082191780821918,0.12960836279945953
SPY260731C00830000,2026-05-22 19:56:14+00:00,830.0,0.61,0.6,0.62,0.08000004,15.094349,187.0,1072.0,0.1361170373535156,False,REGULAR,USD,call,2026-07-31,66,745.6400146484375,1.113137685336452,0.61,0.0327868852459016,0.18082191780821918,0.13015548658816173
SPY260731C00835000,2026-05-22 17:48:08+00:00,835.0,0.59,0.47,0.49,0.21999997,59.45945,18.0,46.0,0.1366663482666015,False,REGULAR,USD,call,2026-07-31,66,745.6400146484375,1.1198433340432985,0.48,0.0416666666666667,0.18082191780821918,0.1309366028170011
SPY260731C00840000,2026-05-22 19:15:46+00:00,840.0,0.41,0.38,0.4,0.099999994,32.258064,39.0,52.0,0.1380091082763672,False,REGULAR,USD,call,2026-07-31,66,745.6400146484375,1.1265489827501445,0.39,0.0512820512820513,0.18082191780821918,0.13244712675538495
SPY260821C00525000,2026-04-21 14:56:16+00:00,525.0,192.4,224.3,227.09,0.0,0.0,1.0,5.0,0.5227708856201172,True,REGULAR,USD,call,2026-08-21,87,745.6400146484375,0.7040931142188402,225.695,0.0123618157247612,0.23835616438356164,0.2684365985354987
SPY260821C00530000,2026-05-22 18:10:27+00:00,530.0,222.15,219.4,222.19,27.439987,14.092747,1.0,5.0,0.513554669189453,True,REGULAR,USD,call,2026-08-21,87,745.6400146484375,0.7107987629256863,220.79500000000002,0.0126361557100477,0.23835616438356164,0.27703106922026083
SPY260821C00540000,2026-05-07 14:18:52+00:00,540.0,201.08,209.63,212.42,0.0,0.0,4.0,2.0,0.4957325817871094,True,REGULAR,USD,call,2026-08-21,87,745.6400146484375,0.7242100603393785,211.02499999999998,0.0132211823243691,0.23835616438356164,0.28683712002929856
SPY260821C00545000,2026-05-22 19:12:37+00:00,545.0,206.63,204.74,207.53,22.040009,11.9399805,1.0,233.0,0.4866994689941406,True,REGULAR,USD,call,2026-08-21,87,745.6400146484375,0.7309157090462246,206.135,0.0135348194144613,0.23835616438356164,0.2874041553933683
SPY260821C00550000,2026-05-22 19:41:32+00:00,550.0,200.82,199.86,202.65,11.150009,5.8786364,1.0,182.0,0.4778494598388672,True,REGULAR,USD,call,2026-08-21,87,745.6400146484375,0.7376213577530707,201.255,0.0138630096146679,0.23835616438356164,0.28774598345171704
SPY260821C00555000,2026-04-29 19:50:00+00:00,555.0,164.11,194.98,197.78,0.0,0.0,1.0,110.0,0.4691825543212891,True,REGULAR,USD,call,2026-08-21,87,745.6400146484375,0.7443270064599168,196.38,0.0142580710866687,0.23835616438356164,0.28737879984221765
SPY260821C00560000,2026-05-13 16:37:39+00:00,560.0,187.78,190.11,192.9,0.0,0.0,1.0,9.0,0.4602715106201172,True,REGULAR,USD,call,2026-08-21,87,745.6400146484375,0.7510326551667629,191.505,0.0145688102138324,0.23835616438356164,0.2860594933884055
SPY260821C00565000,2026-05-22 13:51:05+00:00,565.0,187.49,185.24,188.04,13.440002,7.7219205,3.0,35.0,0.4516961569213867,True,REGULAR,USD,call,2026-08-21,87,745.6400146484375,0.757738303873609,186.64,0.0150021431633089,0.23835616438356164,0.28467495949277316
SPY260821C00570000,2026-05-13 14:54:35+00:00,570.0,175.92,180.38,183.19,0.0,0.0,8.0,28.0,0.4432428723144531,True,REGULAR,USD,call,2026-08-21,87,745.6400146484375,0.764443952580455,181.785,0.015457821052342,0.23835616438356164,0.2831691102696439
SPY260821C00575000,2026-05-18 16:52:38+00:00,575.0,168.28,175.53,178.32,0.0,0.0,2.0,27.0,0.4344233804321289,True,REGULAR,USD,call,2026-08-21,87,745.6400146484375,0.7711496012873011,176.925,0.0157693938109367,0.23835616438356164,0.2806924160131992
SPY260821C00580000,2026-05-07 13:47:14+00:00,580.0,161.65,170.68,173.49,0.0,0.0,5.0,360.0,0.4262142340087891,True,REGULAR,USD,call,2026-08-21,87,745.6400146484375,0.7778552499941473,172.085,0.0163291396693494,0.23835616438356164,0.27868349969805145
SPY260821C00585000,2026-05-18 15:52:33+00:00,585.0,158.73,165.84,168.65,0.0,0.0,1.0,42.0,0.4177914666748046,True,REGULAR,USD,call,2026-08-21,87,745.6400146484375,0.7845608987009934,167.245,0.0168016981075667,0.23835616438356164,0.2760673948940919
SPY260821C00590000,2026-05-19 13:48:28+00:00,590.0,153.0,161.01,163.8,0.0,0.0,3.0,74.0,0.4091550784301757,True,REGULAR,USD,call,2026-08-21,87,745.6400146484375,0.7912665474078395,162.405,0.0171792740371295,0.23835616438356164,0.272942806656166
SPY260821C00595000,2026-05-22 14:22:02+00:00,595.0,156.84,156.18,158.99,6.970001,4.650698,6.0,556.0,0.4010374838256836,True,REGULAR,USD,call,2026-08-21,87,745.6400146484375,0.7979721961146856,157.585,0.0178316464130469,0.23835616438356164,0.27014843709889585
SPY260821C00600000,2026-05-22 19:31:02+00:00,600.0,152.5,151.36,154.16,7.220001,4.9697146,3.0,659.0,0.39258419921875,True,REGULAR,USD,call,2026-08-21,87,745.6400146484375,0.8046778448215317,152.76,0.018329405603561,0.23835616438356164,0.26668925227754325
SPY260821C00605000,2026-05-06 18:00:21+00:00,605.0,136.43,146.56,149.38,0.0,0.0,2.0,103.0,0.3847412600708008,True,REGULAR,USD,call,2026-08-21,87,745.6400146484375,0.8113834935283778,147.97,0.0190579171453672,0.23835616438356164,0.263973584763335
SPY260821C00610000,2026-05-22 19:19:48+00:00,610.0,143.45,141.77,144.57,6.73999,4.9301367,30.0,443.0,0.376410044555664,True,REGULAR,USD,call,2026-08-21,87,745.6400146484375,0.8180891422352239,143.17000000000002,0.0195571697981419,0.23835616438356164,0.2604468865321785
SPY260821C00615000,2026-05-21 19:04:43+00:00,615.0,134.62,137.0,139.8,0.0,0.0,2.0,91.0,0.3685060708618164,True,REGULAR,USD,call,2026-08-21,87,745.6400146484375,0.82479479094207,138.4,0.0202312138728324,0.23835616438356164,0.257356751326634
SPY260821C00620000,2026-05-22 14:39:30+00:00,620.0,133.75,132.23,135.02,2.9299927,2.239713,2.0,67.0,0.3603732176208495,True,REGULAR,USD,call,2026-08-21,87,745.6400146484375,0.8315004396489161,133.625,0.0208793264733397,0.23835616438356164,0.2536681511082758
SPY260821C00625000,2026-05-22 17:28:13+00:00,625.0,131.0,127.47,130.28,12.43,10.483259,3.0,127.0,0.3526370889282226,True,REGULAR,USD,call,2026-08-21,87,745.6400146484375,0.8382060883557622,128.875,0.0218040737148399,0.23835616438356164,0.25018782408872714
SPY260821C00630000,2026-05-19 14:18:38+00:00,630.0,112.45,122.74,125.53,0.0,0.0,1.0,592.0,0.3446415634155273,True,REGULAR,USD,call,2026-08-21,87,745.6400146484375,0.8449117370626082,124.13499999999999,0.022475530672252,0.23835616438356164,0.24650058255951235
SPY260821C00635000,2026-05-22 13:30:04+00:00,635.0,118.02,118.01,120.82,3.659996,3.2004163,2.0,81.0,0.3370122451782227,True,REGULAR,USD,call,2026-08-21,87,745.6400146484375,0.8516173857694543,119.41499999999999,0.0235313821546705,0.23835616438356164,0.24281903515102166
SPY260821C00640000,2026-05-22 14:19:38+00:00,640.0,112.6,113.31,116.11,1.6299973,1.468863,2.0,2609.0,0.3291998233032226,True,REGULAR,USD,call,2026-08-21,87,745.6400146484375,0.8583230344763004,114.71000000000001,0.0244093801760962,0.23835616438356164,0.2390071154867915
SPY260821C00645000,2026-05-21 18:03:39+00:00,645.0,108.4,108.64,111.43,0.0,0.0,1.0,224.0,0.3216010223388671,True,REGULAR,USD,call,2026-08-21,87,745.6400146484375,0.8650286831831465,110.035,0.0253555686826919,0.23835616438356164,0.23532707948725928
SPY260821C00650000,2026-05-22 16:09:24+00:00,650.0,107.74,103.98,106.77,0.45999908,0.42878366,1.0,364.0,0.3140327386474609,True,REGULAR,USD,call,2026-08-21,87,745.6400146484375,0.8717343318899926,105.375,0.026476868327402,0.23835616438356164,0.23145687431510995
SPY260821C00655000,2026-05-21 15:54:07+00:00,655.0,95.39,99.34,102.15,0.0,0.0,6.0,712.0,0.3066780758666991,True,REGULAR,USD,call,2026-08-21,87,745.6400146484375,0.8784399805968387,100.745,0.0278922030870018,0.23835616438356164,0.2276337070533023
SPY260821C00660000,2026-05-18 19:02:43+00:00,660.0,89.54,94.74,97.52,0.0,0.0,1.0,498.0,0.2990334989929199,True,REGULAR,USD,call,2026-08-21,87,745.6400146484375,0.8851456293036849,96.13,0.0289191719546447,0.23835616438356164,0.22358030418888736
SPY260821C00665000,2026-05-22 13:48:01+00:00,665.0,93.38,90.16,92.95,5.529999,6.29482,1.0,1100.0,0.2917703880310057,True,REGULAR,USD,call,2026-08-21,87,745.6400146484375,0.891851278010531,91.555,0.0304734858828027,0.23835616438356164,0.21965241782391923
SPY260821C00670000,2026-05-22 14:06:59+00:00,670.0,86.68,85.6,88.39,3.1100006,3.721432,1.0,1978.0,0.2843699493408202,True,REGULAR,USD,call,2026-08-21,87,745.6400146484375,0.8985569267173771,86.995,0.0320708086671648,0.23835616438356164,0.2154488744020258
SPY260821C00675000,2026-05-22 18:24:52+00:00,675.0,83.98,81.09,83.9,3.6500015,4.543759,1.0,1374.0,0.2773509765624999,True,REGULAR,USD,call,2026-08-21,87,745.6400146484375,0.9052625754242232,82.495,0.0340626704648766,0.23835616438356164,0.21154389064725296
SPY260821C00680000,2026-05-22 18:08:54+00:00,680.0,79.72,76.62,79.43,3.590004,4.7156234,3.0,2058.0,0.2702404519653321,True,REGULAR,USD,call,2026-08-21,87,745.6400146484375,0.9119682241310691,78.025,0.0360140980454982,0.23835616438356164,0.20748115260700156
SPY260821C00685000,2026-05-22 18:23:37+00:00,685.0,74.77,72.19,75.0,2.4799957,3.4306207,3.0,1565.0,0.2631604446411133,True,REGULAR,USD,call,2026-08-21,87,745.6400146484375,0.9186738728379154,73.595,0.0381819417079965,0.23835616438356164,0.20335096555409746
SPY260821C00686000,2026-05-22 17:28:17+00:00,686.0,74.58,71.31,74.09,0.0,0.0,1.0,,0.2615125119018554,True,REGULAR,USD,call,2026-08-21,87,745.6400146484375,0.9200150025792846,72.7,0.0382393397524071,0.23835616438356164,0.2023581984330864
SPY260821C00690000,2026-05-22 15:28:42+00:00,690.0,70.04,67.8,70.61,3.8799973,5.8645663,2.0,5113.0,0.2561109545898438,True,REGULAR,USD,call,2026-08-21,87,745.6400146484375,0.9253795215447614,69.205,0.0406040026009681,0.23835616438356164,0.1991130317730587
SPY260821C00695000,2026-05-22 14:24:40+00:00,695.0,64.5,63.47,66.26,2.5900002,4.1834927,1.0,2964.0,0.249030947265625,True,REGULAR,USD,call,2026-08-21,87,745.6400146484375,0.9320851702516076,64.86500000000001,0.0430124103908117,0.23835616438356164,0.19483282541364233
SPY260821C00700000,2026-05-22 19:46:33+00:00,700.0,59.93,59.2,61.99,2.5100021,4.371303,131.0,3101.0,0.2422103367614745,True,REGULAR,USD,call,2026-08-21,87,745.6400146484375,0.9387908189584536,60.595,0.046043402921033,0.23835616438356164,0.19065492237976317
SPY260821C00705000,2026-05-22 18:06:17+00:00,705.0,57.49,55.0,57.79,4.2300034,7.9421773,3.0,1818.0,0.2355117953491211,True,REGULAR,USD,call,2026-08-21,87,745.6400146484375,0.9454964676652996,56.394999999999996,0.0494724709637379,0.23835616438356164,0.18650613789994167
SPY260821C00707000,2026-05-22 13:51:08+00:00,707.0,55.36,53.34,56.13,0.0,0.0,5.0,,0.232856792602539,True,REGULAR,USD,call,2026-08-21,87,745.6400146484375,0.9481787271480382,54.735,0.0509728692792545,0.23835616438356164,0.1848434250986209
SPY260821C00708000,2026-05-22 16:52:22+00:00,708.0,56.13,52.51,55.31,0.0,0.0,1.0,,0.2315903257751465,True,REGULAR,USD,call,2026-08-21,87,745.6400146484375,0.9495198568894074,53.91,0.0519384158783158,0.23835616438356164,0.18401572534296776
SPY260821C00710000,2026-05-22 19:22:10+00:00,710.0,53.05,52.08,53.66,2.9500008,5.888225,36.0,3069.0,0.2288895471191406,True,REGULAR,USD,call,2026-08-21,87,745.6400146484375,0.9522021163721458,52.87,0.0298846226593531,0.23835616438356164,0.1876175447868035
SPY260821C00715000,2026-05-22 19:03:16+00:00,715.0,48.56,46.84,49.65,2.880001,6.3047304,58.0,1685.0,0.2226640234374999,True,REGULAR,USD,call,2026-08-21,87,745.6400146484375,0.958907765078992,48.245000000000005,0.0582443776557155,0.23835616438356164,0.17837487148910464
SPY260821C00716000,2026-05-22 15:23:31+00:00,716.0,48.23,46.05,48.83,0.0,0.0,20.0,,0.2212144529724121,True,REGULAR,USD,call,2026-08-21,87,745.6400146484375,0.9602488948203612,47.44,0.0586003372681281,0.23835616438356164,0.1774871252450774
SPY260821C00719000,2026-05-22 15:25:56+00:00,719.0,46.02,43.68,46.48,0.0,0.0,16.0,,0.2175523802185058,True,REGULAR,USD,call,2026-08-21,87,745.6400146484375,0.9642722840444689,45.08,0.0621118012422359,0.23835616438356164,0.17509462816385868
SPY260821C00720000,2026-05-22 19:31:46+00:00,720.0,44.2,42.9,45.69,2.7000008,6.506026,125.0,5084.0,0.2162248788452148,True,REGULAR,USD,call,2026-08-21,87,745.6400146484375,0.965613413785838,44.295,0.062986793091771,0.23835616438356164,0.17424737008133576
SPY260821C00725000,2026-05-22 19:00:16+00:00,725.0,41.2,39.07,41.86,3.2999992,8.707122,33.0,2288.0,0.210121424255371,True,REGULAR,USD,call,2026-08-21,87,745.6400146484375,0.972319062492684,40.465,0.0689484739898677,0.23835616438356164,0.17027696231812525
SPY260821C00726000,2026-05-22 18:13:57+00:00,726.0,40.55,38.32,41.11,0.0,0.0,2.0,,0.2089388799285888,True,REGULAR,USD,call,2026-08-21,87,745.6400146484375,0.9736601922340532,39.715,0.070250535062319,0.23835616438356164,0.16950583731541732
SPY260821C00730000,2026-05-22 19:52:09+00:00,730.0,36.43,35.6,37.9,1.4300003,4.0857153,44.0,3139.0,0.2024310714721679,True,REGULAR,USD,call,2026-08-21,87,745.6400146484375,0.9790247111995302,36.75,0.0625850340136053,0.23835616438356164,0.16633433767304545
SPY260821C00735000,2026-05-22 19:58:38+00:00,735.0,33.26,32.14,33.4,2.0899982,6.7051597,55.0,10414.0,0.1903309727478027,True,REGULAR,USD,call,2026-08-21,87,745.6400146484375,0.9857303599063764,32.769999999999996,0.0384498016478485,0.23835616438356164,0.15956396691569663
SPY260821C00740000,2026-05-22 20:08:06+00:00,740.0,29.67,29.69,29.94,1.7700005,6.3440876,251.0,7014.0,0.1846929065704345,True,REGULAR,USD,call,2026-08-21,87,745.6400146484375,0.9924360086132225,29.815,0.0083850410867013,0.23835616438356164,0.15928445939149188
SPY260821C00741000,2026-05-22 14:56:25+00:00,741.0,29.63,27.81,29.23,0.0,0.0,1.0,,0.1833425172424316,True,REGULAR,USD,call,2026-08-21,87,745.6400146484375,0.9937771383545916,28.52,0.0497896213183731,0.23835616438356164,0.1540922688213177
SPY260821C00744000,2026-05-22 15:25:45+00:00,744.0,28.06,25.87,28.47,0.0,0.0,16.0,,0.1883931259155273,True,REGULAR,USD,call,2026-08-21,87,745.6400146484375,0.9978005275786992,27.17,0.0956937799043061,0.23835616438356164,0.15624795860023027
SPY260821C00745000,2026-05-22 20:10:59+00:00,745.0,26.5,26.46,26.66,1.6599998,6.6827693,277.0,11623.0,0.1793905303955077,True,REGULAR,USD,call,2026-08-21,87,745.6400146484375,0.9991416573200684,26.560000000000002,0.0075301204819276,0.23835616438356164,0.1557405109071913
SPY260821C00746000,2026-05-22 19:55:20+00:00,746.0,25.79,25.38,27.2,-0.97999954,-3.6608126,30.0,,0.1863637272644043,False,REGULAR,USD,call,2026-08-21,87,745.6400146484375,1.0004827870614377,26.29,0.0692278432864207,0.23835616438356164,0.15755782935045434
SPY260821C00747000,2026-05-22 18:32:12+00:00,747.0,26.05,25.28,25.34,-0.3199997,-1.2134991,24.0,,0.1769338899230957,False,REGULAR,USD,call,2026-08-21,87,745.6400146484375,1.001823916802807,25.310000000000002,0.0023706045041485,0.23835616438356164,0.15438099776673686
SPY260821C00748000,2026-05-22 19:03:51+00:00,748.0,24.95,24.67,24.73,-0.70000076,-2.7290475,28.0,,0.1759878544616699,False,REGULAR,USD,call,2026-08-21,87,745.6400146484375,1.0031650465441762,24.700000000000003,0.0024291497975707,0.23835616438356164,0.1537375158986351
SPY260821C00749000,2026-05-22 14:22:08+00:00,749.0,23.63,24.06,24.12,-1.8199997,-7.1512756,20.0,,0.1750113017272949,False,REGULAR,USD,call,2026-08-21,87,745.6400146484375,1.0045061762855454,24.09,0.0024906600249066,0.23835616438356164,0.15304852679810155
SPY260821C00750000,2026-05-22 19:59:18+00:00,750.0,23.67,23.47,23.53,1.710001,7.78689,2258.0,7125.0,0.174111042175293,False,REGULAR,USD,call,2026-08-21,87,745.6400146484375,1.0058473060269146,23.5,0.0025531914893617,0.23835616438356164,0.1524514478241241
SPY260821C00752000,2026-05-22 14:22:08+00:00,752.0,21.91,22.31,22.36,-1.7299995,-7.3181033,20.0,,0.1722800057983398,False,REGULAR,USD,call,2026-08-21,87,745.6400146484375,1.0085295655096531,22.335,0.0022386389075442,0.23835616438356164,0.1512192693044095
SPY260821C00753000,2026-05-22 19:34:30+00:00,753.0,21.78,21.74,21.79,-0.8299999,-3.6709416,6.0,,0.1713950048828125,False,REGULAR,USD,call,2026-08-21,87,745.6400146484375,1.0098706952510224,21.765,0.0022972662531587,0.23835616438356164,0.15061771541546348
SPY260821C00754000,2026-05-22 14:18:02+00:00,754.0,21.22,21.18,21.23,0.0,0.0,1.0,,0.1705252626037598,False,REGULAR,USD,call,2026-08-21,87,745.6400146484375,1.0112118249923914,21.205,0.0023579344494223,0.23835616438356164,0.15003664492262822
SPY260821C00755000,2026-05-22 19:39:28+00:00,755.0,20.7,20.62,20.68,1.4800014,7.7003202,26.0,1686.0,0.1696860375976562,False,REGULAR,USD,call,2026-08-21,87,745.6400146484375,1.0125529547337606,20.65,0.0029055690072638,0.23835616438356164,0.14944112747924412
SPY260821C00756000,2026-05-22 19:35:46+00:00,756.0,20.14,20.08,20.14,-0.09000015,-0.4448846,50.0,,0.168877329864502,False,REGULAR,USD,call,2026-08-21,87,745.6400146484375,1.01389408447513,20.11,0.0029835902536052,0.23835616438356164,0.14889955425170298
SPY260821C00757000,2026-05-22 19:44:51+00:00,757.0,19.51,19.54,19.6,-0.6000004,-2.983592,49.0,,0.1680228462219238,False,REGULAR,USD,call,2026-08-21,87,745.6400146484375,1.015235214216499,19.57,0.0030659172202351,0.23835616438356164,0.148308131607595
SPY260821C00758000,2026-05-22 19:38:45+00:00,758.0,19.02,19.02,19.07,-0.8199997,-4.133063,126.0,,0.1671836212158203,False,REGULAR,USD,call,2026-08-21,87,745.6400146484375,1.0165763439578683,19.045,0.0026253609871357,0.23835616438356164,0.14777018187813648
SPY260821C00759000,2026-05-22 17:29:26+00:00,759.0,19.56,18.5,18.56,1.2399998,6.768558,21.0,,0.1664359480285644,False,REGULAR,USD,call,2026-08-21,87,745.6400146484375,1.0179174736992376,18.53,0.0032379924446842,0.23835616438356164,0.14725034563593364
SPY260821C00760000,2026-05-22 19:59:18+00:00,760.0,18.17,17.99,18.05,1.5200005,9.129132,123.0,4946.0,0.1656424989318848,False,REGULAR,USD,call,2026-08-21,87,745.6400146484375,1.0192586034406068,18.02,0.0033296337402886,0.23835616438356164,0.1467141239620879
SPY260821C00761000,2026-05-22 19:55:57+00:00,761.0,17.49,17.49,17.55,-0.84000015,-4.582652,34.0,,0.1648643084716797,False,REGULAR,USD,call,2026-08-21,87,745.6400146484375,1.020599733181976,17.52,0.0034246575342467,0.23835616438356164,0.14619566445410434
SPY260821C00762000,2026-05-22 18:04:21+00:00,762.0,17.61,17.0,17.06,-0.17000008,-0.95613086,7.0,,0.1641166352844238,False,REGULAR,USD,call,2026-08-21,87,745.6400146484375,1.0219408629233453,17.03,0.0035231943628889,0.23835616438356164,0.14569475651492242
SPY260821C00763000,2026-05-22 15:25:26+00:00,763.0,17.31,16.52,16.57,0.7600002,4.592147,11.0,,0.1633231861877441,False,REGULAR,USD,call,2026-08-21,87,745.6400146484375,1.0232819926647143,16.545,0.0030220610456331,0.23835616438356164,0.14517639795100626
SPY260821C00764000,2026-05-22 18:36:31+00:00,764.0,16.58,16.04,16.1,-0.29000092,-1.7190331,15.0,,0.1626060302734375,False,REGULAR,USD,call,2026-08-21,87,745.6400146484375,1.0246231224060838,16.07,0.0037336652146858,0.23835616438356164,0.14467510305971906
SPY260821C00765000,2026-05-22 19:45:28+00:00,765.0,15.53,15.58,15.64,1.5500002,11.08727,199.0,3184.0,0.16191939163208,False,REGULAR,USD,call,2026-08-21,87,745.6400146484375,1.0259642521474528,15.61,0.0038436899423446,0.23835616438356164,0.1442258530415417
SPY260821C00766000,2026-05-22 17:57:43+00:00,766.0,15.94,15.12,15.18,0.069999695,0.44108188,13.0,,0.1611869770812988,False,REGULAR,USD,call,2026-08-21,87,745.6400146484375,1.027305381888822,15.149999999999999,0.0039603960396039,0.23835616438356164,0.14372336341603525
SPY260821C00767000,2026-05-22 15:39:37+00:00,767.0,15.62,14.68,14.73,0.15999985,1.0349278,13.0,,0.1604698211669922,False,REGULAR,USD,call,2026-08-21,87,745.6400146484375,1.0286465116301913,14.705,0.0034002040122407,0.23835616438356164,0.14327287127786506
SPY260821C00768000,2026-05-22 19:55:36+00:00,768.0,14.21,14.24,14.3,-0.069999695,-0.49019396,33.0,,0.1598442170715331,False,REGULAR,USD,call,2026-08-21,87,745.6400146484375,1.0299876413715603,14.27,0.0042046250875963,0.23835616438356164,0.14283984452404005
SPY260821C00769000,2026-05-22 19:23:02+00:00,769.0,13.93,13.81,13.87,-0.64000034,-4.3925896,189.0,,0.1591575784301758,False,REGULAR,USD,call,2026-08-21,87,745.6400146484375,1.0313287711129298,13.84,0.0043352601156068,0.23835616438356164,0.1423878581549952
SPY260821C00770000,2026-05-22 19:31:33+00:00,770.0,13.38,13.39,13.45,1.25,10.305028,919.0,3827.0,0.1585014570617676,False,REGULAR,USD,call,2026-08-21,87,745.6400146484375,1.032669900854299,13.42,0.0044709388971683,0.23835616438356164,0.1419529703150231
SPY260821C00771000,2026-05-22 18:35:41+00:00,771.0,13.51,12.98,13.04,-0.1800003,-1.3148305,7.0,,0.1578758529663085,False,REGULAR,USD,call,2026-08-21,87,745.6400146484375,1.0340110305956682,13.01,0.0046118370484241,0.23835616438356164,0.1415352937458303
SPY260821C00772000,2026-05-22 15:39:37+00:00,772.0,13.47,12.58,12.63,0.18999958,1.4307196,6.0,,0.1571892143249512,False,REGULAR,USD,call,2026-08-21,87,745.6400146484375,1.0353521603370377,12.605,0.003966679888933,0.23835616438356164,0.1410987424105723
SPY260821C00773000,2026-05-22 19:47:20+00:00,773.0,12.07,12.19,12.24,-0.8000002,-6.2160077,11.0,,0.1565941275024414,False,REGULAR,USD,call,2026-08-21,87,745.6400146484375,1.0366932900784067,12.215,0.0040933278755628,0.23835616438356164,0.14071616752261068
SPY260821C00774000,2026-05-22 18:36:34+00:00,774.0,12.3,11.81,11.86,-0.5,-3.90625,185.0,,0.1560142993164062,False,REGULAR,USD,call,2026-08-21,87,745.6400146484375,1.038034419819776,11.835,0.004224757076468,0.23835616438356164,0.1403518552043406
SPY260821C00775000,2026-05-22 20:10:59+00:00,775.0,11.45,11.43,11.48,1.3599997,13.478689,195.0,1977.0,0.1554039538574219,False,REGULAR,USD,call,2026-08-21,87,745.6400146484375,1.0393755495611452,11.455,0.0043649061545177,0.23835616438356164,0.1399319666422187
SPY260821C00776000,2026-05-22 19:51:08+00:00,776.0,11.09,11.06,11.12,-0.64000034,-5.456098,14.0,,0.1548699015808106,False,REGULAR,USD,call,2026-08-21,87,745.6400146484375,1.0407166793025142,11.09,0.0054102795311089,0.23835616438356164,0.13956769086339843
SPY260821C00777000,2026-05-22 19:51:00+00:00,777.0,10.72,10.71,10.76,-0.6800003,-5.964915,12.0,,0.1542900733947754,False,REGULAR,USD,call,2026-08-21,87,745.6400146484375,1.0420578090438837,10.735,0.0046576618537493,0.23835616438356164,0.13922274958577546
SPY260821C00778000,2026-05-22 18:28:50+00:00,778.0,10.94,10.36,10.41,-0.069999695,-0.6357829,9.0,,0.1537407624816894,False,REGULAR,USD,call,2026-08-21,87,745.6400146484375,1.0433989387852527,10.385,0.0048146364949447,0.23835616438356164,0.13885970465794767
SPY260821C00779000,2026-05-22 16:16:01+00:00,779.0,10.59,10.02,10.07,-0.06000042,-0.5633842,16.0,,0.1532067102050781,False,REGULAR,USD,call,2026-08-21,87,745.6400146484375,1.044740068526622,10.045,0.0049776007964161,0.23835616438356164,0.1385167565163132
SPY260821C00780000,2026-05-22 20:00:00+00:00,780.0,9.7,9.69,9.74,0.78999996,8.866442,972.0,2986.0,0.1526879165649414,False,REGULAR,USD,call,2026-08-21,87,745.6400146484375,1.0460811982679912,9.715,0.0051466803911477,0.23835616438356164,0.138194633975422
SPY260821C00781000,2026-05-22 16:03:24+00:00,781.0,10.11,9.37,9.41,0.14999962,1.5060202,22.0,,0.1521386056518555,False,REGULAR,USD,call,2026-08-21,87,745.6400146484375,1.0474223280093604,9.39,0.0042598509052184,0.23835616438356164,0.13785511155254448
SPY260821C00782000,2026-05-22 19:02:06+00:00,782.0,9.45,9.05,9.1,-0.21000004,-2.1739135,68.0,,0.1516808465576172,False,REGULAR,USD,call,2026-08-21,87,745.6400146484375,1.0487634577507297,9.075,0.0055096418732781,0.23835616438356164,0.13753758334499283
SPY260821C00783000,2026-05-22 18:47:38+00:00,783.0,9.19,8.74,8.79,-0.15999985,-1.7112285,134.0,,0.1511620529174805,False,REGULAR,USD,call,2026-08-21,87,745.6400146484375,1.050104587492099,8.765,0.0057045065601824,0.23835616438356164,0.13720297655424438
SPY260821C00784000,2026-05-22 19:43:01+00:00,784.0,8.41,8.45,8.49,-0.6300001,-6.969028,48.0,,0.150673776550293,False,REGULAR,USD,call,2026-08-21,87,745.6400146484375,1.051445717233468,8.469999999999999,0.0047225501770957,0.23835616438356164,0.13693278566675834
SPY260821C00785000,2026-05-22 19:44:51+00:00,785.0,8.18,8.16,8.2,0.9300003,12.82759,239.0,941.0,0.1502160174560547,False,REGULAR,USD,call,2026-08-21,87,745.6400146484375,1.0527868469748374,8.18,0.0048899755501221,0.23835616438356164,0.13664653001881427
SPY260821C00786000,2026-05-22 15:30:06+00:00,786.0,8.6,7.87,7.92,-0.010000229,-0.11614667,9.0,,0.1497887756347656,False,REGULAR,USD,call,2026-08-21,87,745.6400146484375,1.0541279767162064,7.895,0.006333122229259,0.23835616438356164,0.13634463046784318
SPY260821C00787000,2026-05-22 16:16:13+00:00,787.0,8.12,7.6,7.65,-0.03999996,-0.49019563,11.0,,0.1493920510864257,False,REGULAR,USD,call,2026-08-21,87,745.6400146484375,1.0554691064575756,7.625,0.0065573770491804,0.23835616438356164,0.13611131053255524
SPY260821C00788000,2026-05-22 16:18:22+00:00,788.0,7.86,7.33,7.38,-0.059999943,-0.75757504,15.0,,0.1489495506286621,False,REGULAR,USD,call,2026-08-21,87,745.6400146484375,1.0568102361989449,7.355,0.0067980965329707,0.23835616438356164,0.13582163558726035
SPY260821C00789000,2026-05-22 16:18:24+00:00,789.0,7.6,7.07,7.12,-0.07000017,-0.9126489,18.0,,0.148522308807373,False,REGULAR,USD,call,2026-08-21,87,745.6400146484375,1.058151365940314,7.095000000000001,0.0070472163495419,0.23835616438356164,0.13556044216029156
SPY260821C00790000,2026-05-22 20:01:23+00:00,790.0,6.77,6.82,6.87,0.75999975,12.645586,204.0,2787.0,0.1481408428955078,False,REGULAR,USD,call,2026-08-21,87,745.6400146484375,1.0594924956816834,6.845000000000001,0.0073046018991964,0.23835616438356164,0.13532952296147052
SPY260821C00791000,2026-05-22 17:28:17+00:00,791.0,7.42,6.58,6.62,0.3499999,4.950494,27.0,,0.1476983424377441,False,REGULAR,USD,call,2026-08-21,87,745.6400146484375,1.0608336254230526,6.6,0.006060606060606,0.23835616438356164,0.1350862785343023
SPY260821C00792000,2026-05-22 19:10:54+00:00,792.0,6.55,6.34,6.39,-0.3000002,-4.3795643,8.0,,0.1473931697082519,False,REGULAR,USD,call,2026-08-21,87,745.6400146484375,1.0621747551644218,6.365,0.0078554595443833,0.23835616438356164,0.13487610905861797
SPY260821C00793000,2026-05-22 15:18:49+00:00,793.0,6.61,6.11,6.16,0.0,0.0,5.0,,0.1470269624328613,False,REGULAR,USD,call,2026-08-21,87,745.6400146484375,1.063515884905791,6.135,0.0081499592502037,0.23835616438356164,0.13465487706925616
SPY260821C00794000,2026-05-22 15:27:05+00:00,794.0,6.45,5.89,5.93,0.07000017,1.0971814,5.0,,0.1465997206115722,False,REGULAR,USD,call,2026-08-21,87,745.6400146484375,1.0648570146471603,5.91,0.0067681895093062,0.23835616438356164,0.13442363930037274
SPY260821C00795000,2026-05-22 19:01:19+00:00,795.0,5.99,5.67,5.72,1.1199999,22.997946,63.0,1690.0,0.1463098065185546,False,REGULAR,USD,call,2026-08-21,87,745.6400146484375,1.0661981443885296,5.695,0.0087796312554872,0.23835616438356164,0.13422961094942087
SPY260821C00796000,2026-05-22 19:42:04+00:00,796.0,5.48,5.46,5.51,-0.46000004,-7.744108,6.0,,0.1459741165161132,False,REGULAR,USD,call,2026-08-21,87,745.6400146484375,1.0675392741298988,5.484999999999999,0.0091157702825888,0.23835616438356164,0.13402709151443878
SPY260821C00797000,2026-05-22 15:27:21+00:00,797.0,5.8,5.26,5.3,0.19999981,3.571425,35.0,,0.1455773919677734,False,REGULAR,USD,call,2026-08-21,87,745.6400146484375,1.0688804038712678,5.279999999999999,0.0075757575757575,0.23835616438356164,0.13381664946300625
SPY260821C00798000,2026-05-22 19:46:22+00:00,798.0,5.0,5.06,5.11,-0.55999994,-10.071941,28.0,,0.1453332537841797,False,REGULAR,USD,call,2026-08-21,87,745.6400146484375,1.070221533612637,5.085,0.0098328416912489,0.23835616438356164,0.13364878947036415
SPY260821C00799000,2026-05-22 15:29:38+00:00,799.0,5.44,4.87,4.92,0.07999992,1.4925358,15.0,,0.1450280810546875,False,REGULAR,USD,call,2026-08-21,87,745.6400146484375,1.0715626633540063,4.895,0.010214504596527,0.23835616438356164,0.13347534872211544
SPY260821C00800000,2026-05-22 20:00:13+00:00,800.0,4.7,4.69,4.72,0.48000002,11.374409,721.0,6916.0,0.1445550633239746,False,REGULAR,USD,call,2026-08-21,87,745.6400146484375,1.0729037930953755,4.705,0.0063761955366629,0.23835616438356164,0.1332457570077768
SPY260821C00805000,2026-05-22 20:07:28+00:00,805.0,3.83,3.85,3.89,0.3499999,10.057468,663.0,9008.0,0.1432428205871582,False,REGULAR,USD,call,2026-08-21,87,745.6400146484375,1.0796094418022215,3.87,0.0103359173126615,0.23835616438356164,0.13247977247485535
SPY260821C00810000,2026-05-22 19:51:13+00:00,810.0,3.17,3.15,3.19,0.3800001,13.620075,112.0,2165.0,0.1421289401245117,False,REGULAR,USD,call,2026-08-21,87,745.6400146484375,1.0863150905090675,3.17,0.0126182965299684,0.23835616438356164,0.13189834464049516
SPY260821C00815000,2026-05-22 19:59:12+00:00,815.0,2.62,2.56,2.6,0.40999985,18.552029,119.0,1682.0,0.1411218701171875,False,REGULAR,USD,call,2026-08-21,87,745.6400146484375,1.093020739215914,2.58,0.0155038759689922,0.23835616438356164,0.13138017396914467
SPY260821C00820000,2026-05-22 19:26:41+00:00,820.0,2.13,2.08,2.11,0.37000012,21.022734,436.0,1650.0,0.1402673864746093,False,REGULAR,USD,call,2026-08-21,87,745.6400146484375,1.09972638792276,2.0949999999999998,0.0143198090692123,0.23835616438356164,0.1310559571133446
SPY260821C00825000,2026-05-22 20:02:20+00:00,825.0,1.65,1.68,1.71,0.14999998,9.999999,1819.0,6639.0,0.139657041015625,False,REGULAR,USD,call,2026-08-21,87,745.6400146484375,1.106432036629606,1.6949999999999998,0.0176991150442478,0.23835616438356164,0.13084339043666438
SPY260821C00830000,2026-05-22 19:59:39+00:00,830.0,1.38,1.36,1.39,0.17999995,14.999994,4822.0,814.0,0.1393518682861328,False,REGULAR,USD,call,2026-08-21,87,745.6400146484375,1.113137685336452,1.375,0.0218181818181816,0.23835616438356164,0.1309016825808284
SPY260821C00835000,2026-05-22 17:31:30+00:00,835.0,1.35,1.1,1.13,0.44,48.351646,12.0,759.0,0.1392297991943359,False,REGULAR,USD,call,2026-08-21,87,745.6400146484375,1.1198433340432985,1.115,0.0269058295964123,0.23835616438356164,0.1310945739320733
SPY260821C00840000,2026-05-22 16:44:02+00:00,840.0,1.02,0.89,0.92,0.21999997,27.499994,57.0,615.0,0.1392908337402344,False,REGULAR,USD,call,2026-08-21,87,745.6400146484375,1.1265489827501445,0.905,0.0331491712707182,0.23835616438356164,0.13142784076922898
SPY260821C00845000,2026-05-22 14:07:48+00:00,845.0,0.77,0.72,0.75,0.29,60.416668,5.0,452.0,0.1394739373779297,False,REGULAR,USD,call,2026-08-21,87,745.6400146484375,1.1332546314569905,0.735,0.0408163265306122,0.23835616438356164,0.1318666947245598
SPY260821C00850000,2026-05-22 19:46:28+00:00,850.0,0.6,0.59,0.61,0.100000024,20.000004,57.0,5012.0,0.1397180755615234,False,REGULAR,USD,call,2026-08-21,87,745.6400146484375,1.1399602801638364,0.6,0.0333333333333333,0.23835616438356164,0.13249333284746553
SPY260821C00855000,2026-05-22 16:37:53+00:00,855.0,0.58,0.49,0.51,0.26,81.25,1.0,368.0,0.14063359375,False,REGULAR,USD,call,2026-08-21,87,745.6400146484375,1.1466659288706826,0.5,0.04,0.23835616438356164,0.13361125149522032
SPY260821C00860000,2026-05-22 19:54:16+00:00,860.0,0.42,0.41,0.42,0.13999999,49.999992,19.0,2895.0,0.1412439392089844,False,REGULAR,USD,call,2026-08-21,87,745.6400146484375,1.1533715775775288,0.415,0.0240963855421686,0.23835616438356164,0.13464283561171148
SPY260821C00870000,2026-05-22 18:01:21+00:00,870.0,0.32,0.29,0.31,0.099999994,45.454544,16.0,1504.0,0.1442956665039062,False,REGULAR,USD,call,2026-08-21,87,745.6400146484375,1.166782874991221,0.3,0.0666666666666667,0.23835616438356164,0.13763952756857936
SPY260821C00880000,2026-05-22 19:57:27+00:00,880.0,0.23,0.21,0.23,0.030000001,15.000001,3.0,1708.0,0.1472253247070312,False,REGULAR,USD,call,2026-08-21,87,745.6400146484375,1.1801941724049132,0.22,0.090909090909091,0.23835616438356164,0.14076583885456112
SPY260821C00890000,2026-05-22 17:09:52+00:00,890.0,0.18,0.16,0.18,0.050000012,38.461548,3.0,759.0,0.1511315356445313,False,REGULAR,USD,call,2026-08-21,87,745.6400146484375,1.1936054698186054,0.16999999999999998,0.1176470588235293,0.23835616438356164,0.14466901743341334
SPY260821C00900000,2026-05-22 17:09:52+00:00,900.0,0.14,0.13,0.15,0.020000003,16.66667,29.0,2887.0,0.1557701611328125,False,REGULAR,USD,call,2026-08-21,87,745.6400146484375,1.2070167672322976,0.14,0.1428571428571427,0.23835616438356164,0.14947319235724513
SPY260821C00905000,2026-05-22 14:11:31+00:00,905.0,0.12,0.12,0.13,0.009999998,9.090907,2.0,200.0,0.157234990234375,False,REGULAR,USD,call,2026-08-21,87,745.6400146484375,1.2137224159391435,0.125,0.08,0.23835616438356164,0.15149908092501174
SPY260821C00910000,2026-05-19 18:56:46+00:00,910.0,0.09,0.1,0.12,0.0,0.0,350.0,596.0,0.1596763720703125,False,REGULAR,USD,call,2026-08-21,87,745.6400146484375,1.2204280646459895,0.11,0.1818181818181817,0.23835616438356164,0.15322327291652998
SPY260821C00915000,2026-05-22 14:06:27+00:00,915.0,0.1,0.09,0.11,0.0,0.0,3.0,302.0,0.16211775390625,False,REGULAR,USD,call,2026-08-21,87,745.6400146484375,1.2271337133528355,0.1,0.2,0.23835616438356164,0.15545603243461065
SPY260821C00920000,2026-05-18 19:29:44+00:00,920.0,0.08,0.09,0.1,0.0,0.0,78.0,544.0,0.164070859375,False,REGULAR,USD,call,2026-08-21,87,745.6400146484375,1.233839362059682,0.095,0.1052631578947369,0.23835616438356164,0.1583849878134719
SPY260821C00925000,2026-05-22 18:29:57+00:00,925.0,0.1,0.08,0.1,0.040000003,66.66667,20.0,312.0,0.1677329321289062,False,REGULAR,USD,call,2026-08-21,87,745.6400146484375,1.240545010766528,0.09,0.2222222222222222,0.23835616438356164,0.16121361860119213
SPY260821C00930000,2026-05-20 19:40:09+00:00,930.0,0.07,0.07,0.09,0.0,0.0,2.0,395.0,0.1694418994140625,False,REGULAR,USD,call,2026-08-21,87,745.6400146484375,1.247250659473374,0.08,0.2499999999999998,0.23835616438356164,0.16290022607789362
SPY260821C00935000,2026-05-15 16:47:23+00:00,935.0,0.09,0.07,0.08,0.0,0.0,4.0,694.0,0.170906728515625,False,REGULAR,USD,call,2026-08-21,87,745.6400146484375,1.2539563081802203,0.07500000000000001,0.1333333333333332,0.23835616438356164,0.16544550486351006
SPY260821C00940000,2026-05-21 13:44:40+00:00,940.0,0.06,0.06,0.08,0.0,0.0,1.0,1732.0,0.174812939453125,False,REGULAR,USD,call,2026-08-21,87,745.6400146484375,1.2606619568870665,0.07,0.2857142857142857,0.23835616438356164,0.16786686361285222
SPY260821C00945000,2026-05-22 18:09:24+00:00,945.0,0.08,0.06,0.08,0.009999998,14.285712,1.0,1935.0,0.1782308740234375,False,REGULAR,USD,call,2026-08-21,87,745.6400146484375,1.2673676055939125,0.07,0.2857142857142857,0.23835616438356164,0.17142205439598943
SPY260821C00950000,2026-05-22 14:05:41+00:00,950.0,0.07,0.05,0.07,0.010000002,16.66667,1.0,2129.0,0.1792074267578124,False,REGULAR,USD,call,2026-08-21,87,745.6400146484375,1.2740732543007585,0.060000000000000005,0.3333333333333333,0.23835616438356164,0.17229593138313556
SPY260821C00955000,2026-05-12 17:44:35+00:00,955.0,0.06,0.05,0.07,0.0,0.0,1.0,1591.0,0.1826253613281249,False,REGULAR,USD,call,2026-08-21,87,745.6400146484375,1.2807789030076049,0.060000000000000005,0.3333333333333333,0.23835616438356164,0.17575435883639845
SPY260821C00960000,2026-05-15 14:29:40+00:00,960.0,0.06,0.05,0.06,0.0,0.0,1.0,831.0,0.1836019140624999,False,REGULAR,USD,call,2026-08-21,87,745.6400146484375,1.2874845517144506,0.055,0.1818181818181817,0.23835616438356164,0.17768638720493293
SPY260821C00965000,2026-05-22 19:53:10+00:00,965.0,0.06,0.04,0.06,0.0,0.0,25.0,2157.0,0.186531572265625,False,REGULAR,USD,call,2026-08-21,87,745.6400146484375,1.2941902004212968,0.05,0.3999999999999999,0.23835616438356164,0.17943901515780575
SPY260831C00525000,2026-05-18 14:01:26+00:00,525.0,221.2,224.63,227.78,0.0,0.0,25.0,1.0,0.508793974609375,True,REGULAR,USD,call,2026-08-31,97,745.6400146484375,0.7040931142188402,226.20499999999998,0.0139254216308216,0.26575342465753427,0.22004122970041792
SPY260831C00530000,2026-04-22 18:41:11+00:00,530.0,189.1,219.75,222.93,0.0,0.0,,0.0,0.500706897277832,True,REGULAR,USD,call,2026-08-31,97,745.6400146484375,0.7107987629256863,221.34,0.0143670371374356,0.26575342465753427,0.2556410098045498
SPY260831C00535000,2026-05-12 19:56:33+00:00,535.0,210.29,214.88,218.05,0.0,0.0,2.0,2.0,0.4920399917602539,True,REGULAR,USD,call,2026-08-31,97,745.6400146484375,0.7175044116325324,216.465,0.0146443997874945,0.26575342465753427,0.2650835585466664
SPY260831C00540000,2026-05-19 18:17:17+00:00,540.0,202.98,210.0,213.15,0.0,0.0,1.0,18.0,0.4830068789672852,True,REGULAR,USD,call,2026-08-31,97,745.6400146484375,0.7242100603393785,211.575,0.0148883374689826,0.26575342465753427,0.2675890573496602
SPY260831C00545000,2026-05-14 13:30:05+00:00,545.0,205.69,205.13,208.28,0.0,0.0,1.0,2412.0,0.4744925598144531,True,REGULAR,USD,call,2026-08-31,97,745.6400146484375,0.7309157090462246,206.70499999999998,0.0152391088749667,0.26575342465753427,0.27063916690080164
SPY260831C00550000,2026-05-01 15:50:30+00:00,550.0,182.28,200.26,203.44,0.0,0.0,1.0,1163.0,0.4664665170288086,True,REGULAR,USD,call,2026-08-31,97,745.6400146484375,0.7376213577530707,201.85,0.0157542729749814,0.26575342465753427,0.2731965973694495
SPY260831C00555000,2026-05-01 15:50:30+00:00,555.0,177.48,195.4,198.58,0.0,0.0,1.0,838.0,0.4580742669677735,True,REGULAR,USD,call,2026-08-31,97,745.6400146484375,0.7443270064599168,196.99,0.0161429514188537,0.26575342465753427,0.27365892271125236
SPY260831C00560000,2026-05-01 15:50:30+00:00,560.0,172.69,190.55,193.72,0.0,0.0,1.0,1727.0,0.449651499633789,True,REGULAR,USD,call,2026-08-31,97,745.6400146484375,0.7510326551667629,192.135,0.0164988159367111,0.26575342465753427,0.27338118461911626
SPY260831C00565000,2026-05-01 15:50:30+00:00,565.0,167.9,185.7,188.85,0.0,0.0,1.0,1352.0,0.4410761459350586,True,REGULAR,USD,call,2026-08-31,97,745.6400146484375,0.757738303873609,187.27499999999998,0.0168201842210653,0.26575342465753427,0.2718885963799175
SPY260831C00570000,2026-05-01 15:50:39+00:00,570.0,162.2,180.86,184.01,0.0,0.0,2.0,413.0,0.4328975167846679,True,REGULAR,USD,call,2026-08-31,97,745.6400146484375,0.764443952580455,182.435,0.0172664236577409,0.26575342465753427,0.2708688619282946
SPY260831C00575000,2026-05-01 15:50:33+00:00,575.0,157.94,176.02,179.19,0.0,0.0,1.0,75.0,0.4249935430908204,True,REGULAR,USD,call,2026-08-31,97,745.6400146484375,0.7711496012873011,177.60500000000002,0.0178485966048252,0.26575342465753427,0.26961245577061327
SPY260831C00580000,2026-05-06 17:42:00+00:00,580.0,160.74,171.19,174.37,0.0,0.0,1.0,193.0,0.4170285348510741,True,REGULAR,USD,call,2026-08-31,97,745.6400146484375,0.7778552499941473,172.78,0.0184049079754601,0.26575342465753427,0.2678942127217578
SPY260831C00585000,2026-05-15 14:39:05+00:00,585.0,165.47,166.37,169.54,0.0,0.0,1.0,333.0,0.4088499057006836,True,REGULAR,USD,call,2026-08-31,97,745.6400146484375,0.7845608987009934,167.95499999999998,0.0188741031823999,0.26575342465753427,0.2655734020609173
SPY260831C00590000,2026-05-19 14:54:15+00:00,590.0,150.5,161.55,164.73,0.0,0.0,1.0,1133.0,0.4009154147338867,True,REGULAR,USD,call,2026-08-31,97,745.6400146484375,0.7912665474078395,163.14,0.0194924604634055,0.26575342465753427,0.2631260553861395
SPY260831C00595000,2026-05-06 17:13:21+00:00,595.0,146.5,156.75,159.94,0.0,0.0,174.0,2133.0,0.3931640274047852,True,REGULAR,USD,call,2026-08-31,97,745.6400146484375,0.7979721961146856,158.345,0.0201458839874956,0.26575342465753427,0.2608833826822738
SPY260831C00600000,2026-05-11 15:39:22+00:00,600.0,149.47,151.96,155.14,0.0,0.0,2.0,2075.0,0.3852142778015135,True,REGULAR,USD,call,2026-08-31,97,745.6400146484375,0.8046778448215317,153.55,0.0207098664929988,0.26575342465753427,0.25811967174614986
SPY260831C00605000,2026-05-12 18:03:24+00:00,605.0,140.12,147.18,150.38,0.0,0.0,6.0,366.0,0.3776917700195312,True,REGULAR,USD,call,2026-08-31,97,745.6400146484375,0.8113834935283778,148.78,0.0215082672402203,0.26575342465753427,0.2556423378998578
SPY260831C00610000,2026-05-07 14:22:25+00:00,610.0,135.56,142.42,145.6,0.0,0.0,19.0,433.0,0.3698335722351074,True,REGULAR,USD,call,2026-08-31,97,745.6400146484375,0.8180891422352239,144.01,0.0220817998750087,0.26575342465753427,0.2526711809636058
SPY260831C00615000,2026-04-22 18:41:56+00:00,615.0,109.79,137.66,140.86,0.0,0.0,2.0,11.0,0.3623720989990234,True,REGULAR,USD,call,2026-08-31,97,745.6400146484375,0.82479479094207,139.26,0.0229786011776534,0.26575342465753427,0.24977538903844781
SPY260831C00618000,2026-04-22 19:25:08+00:00,618.0,107.18,134.82,138.02,0.0,0.0,2.0,4.0,0.3578860598754882,True,REGULAR,USD,call,2026-08-31,97,745.6400146484375,0.8288181801661776,136.42000000000002,0.0234569711186044,0.26575342465753427,0.24806119711218588
SPY260831C00620000,2026-05-11 17:34:28+00:00,620.0,131.87,132.92,136.11,0.0,0.0,5.0,3.0,0.3546817462158202,True,REGULAR,USD,call,2026-08-31,97,745.6400146484375,0.8315004396489161,134.515,0.0237148273426757,0.26575342465753427,0.24655109519682264
SPY260831C00621000,2026-05-15 17:51:12+00:00,621.0,131.7,131.98,135.18,0.0,0.0,1.0,1.0,0.3533695034790038,True,REGULAR,USD,call,2026-08-31,97,745.6400146484375,0.8328415693902853,133.57999999999998,0.0239556819883217,0.26575342465753427,0.24617852183759653
SPY260831C00625000,2026-05-18 18:50:48+00:00,625.0,119.43,128.2,131.4,0.0,0.0,1.0,25.0,0.3473270834350586,True,REGULAR,USD,call,2026-08-31,97,745.6400146484375,0.8382060883557622,129.8,0.0246533127889061,0.26575342465753427,0.24357321112830346
SPY260831C00626000,2026-04-24 13:46:56+00:00,626.0,100.01,127.26,130.46,0.0,0.0,2.0,9.0,0.345862254333496,True,REGULAR,USD,call,2026-08-31,97,745.6400146484375,0.8395472180971314,128.86,0.0248331522582648,0.26575342465753427,0.24298652566759624
SPY260831C00628000,2026-04-23 14:41:32+00:00,628.0,98.91,125.38,128.58,0.0,0.0,2.0,2.0,0.3429325961303711,True,REGULAR,USD,call,2026-08-31,97,745.6400146484375,0.8422294775798699,126.98,0.0252008190266185,0.26575342465753427,0.24175592318764152
SPY260831C00629000,2026-04-23 14:41:32+00:00,629.0,98.07,124.44,127.64,0.0,0.0,2.0,2.0,0.341452508392334,True,REGULAR,USD,call,2026-08-31,97,745.6400146484375,0.843570607321239,126.03999999999999,0.0253887654712789,0.26575342465753427,0.24111275560626358
SPY260831C00630000,2026-05-21 19:50:46+00:00,630.0,122.03,123.5,126.7,0.0,0.0,2.0,6.0,0.3399724206542969,True,REGULAR,USD,call,2026-08-31,97,745.6400146484375,0.8449117370626082,125.1,0.0255795363709033,0.26575342465753427,0.24045204229111158
SPY260831C00633000,2026-05-05 15:04:54+00:00,633.0,103.99,120.68,123.89,0.0,0.0,1.0,11.0,0.3356084506225586,True,REGULAR,USD,call,2026-08-31,97,745.6400146484375,0.848935126286716,122.285,0.0262501533303348,0.26575342465753427,0.23846374829460565
SPY260831C00634000,2026-05-05 13:30:09+00:00,634.0,101.87,119.75,122.92,0.0,0.0,1.0,0.0,0.3337774142456055,True,REGULAR,USD,call,2026-08-31,97,745.6400146484375,0.8502762560280851,121.33500000000001,0.0261260147525446,0.26575342465753427,0.2375413314776732
SPY260831C00635000,2026-04-23 17:09:51+00:00,635.0,90.51,118.81,122.02,0.0,0.0,7.0,34.0,0.3326940510559082,True,REGULAR,USD,call,2026-08-31,97,745.6400146484375,0.8516173857694543,120.41499999999999,0.0266578084125731,0.26575342465753427,0.23717825196040482
SPY260831C00640000,2026-05-20 19:59:47+00:00,640.0,112.18,114.14,117.32,0.0,0.0,162.0,618.0,0.3250494741821288,True,REGULAR,USD,call,2026-08-31,97,745.6400146484375,0.8583230344763004,115.72999999999999,0.0274777499351939,0.26575342465753427,0.2334770495329713
SPY260831C00641000,2026-05-20 19:59:54+00:00,641.0,111.25,113.21,116.38,0.0,0.0,132.0,445.0,0.3235083518981932,True,REGULAR,USD,call,2026-08-31,97,745.6400146484375,0.8596641642176697,114.79499999999999,0.0276144431377673,0.26575342465753427,0.2327242731707679
SPY260831C00642000,2026-05-20 19:59:52+00:00,642.0,110.32,112.28,115.45,0.0,0.0,110.0,421.0,0.3220587814331054,True,REGULAR,USD,call,2026-08-31,97,745.6400146484375,0.8610052939590389,113.86500000000001,0.027839985948272,0.26575342465753427,0.23204288797295214
SPY260831C00643000,2026-05-20 19:59:54+00:00,643.0,109.4,111.35,114.53,0.0,0.0,109.0,365.0,0.3207160214233397,True,REGULAR,USD,call,2026-08-31,97,745.6400146484375,0.8623464237004081,112.94,0.028156543297326,0.26575342465753427,0.2314290197676938
SPY260831C00644000,2026-05-20 19:59:54+00:00,644.0,108.48,110.42,113.64,0.0,0.0,85.0,371.0,0.3196631755065917,True,REGULAR,USD,call,2026-08-31,97,745.6400146484375,0.8636875534417774,112.03,0.0287423011693296,0.26575342465753427,0.23104892588715284
SPY260831C00645000,2026-05-22 18:55:33+00:00,645.0,112.34,109.49,112.72,4.7999954,4.463451,1.0,1027.0,0.3183051568603515,True,REGULAR,USD,call,2026-08-31,97,745.6400146484375,0.8650286831831465,111.10499999999999,0.0290715989379416,0.26575342465753427,0.23039289045537947
SPY260831C00646000,2026-05-20 19:59:53+00:00,646.0,106.68,108.57,111.74,0.0,0.0,61.0,190.0,0.3163215341186522,True,REGULAR,USD,call,2026-08-31,97,745.6400146484375,0.8663698129245158,110.155,0.0287776315192229,0.26575342465753427,0.22930627574575638
SPY260831C00647000,2026-05-06 13:33:36+00:00,647.0,96.44,107.64,110.86,0.0,0.0,2.0,11.0,0.3153449813842772,True,REGULAR,USD,call,2026-08-31,97,745.6400146484375,0.867710942665885,109.25,0.0294736842105263,0.26575342465753427,0.22894369252737748
SPY260831C00648000,2026-05-20 19:59:47+00:00,648.0,104.83,106.72,109.89,0.0,0.0,46.0,162.0,0.3134529104614257,True,REGULAR,USD,call,2026-08-31,97,745.6400146484375,0.8690520724072542,108.305,0.029269193481372,0.26575342465753427,0.22791217481260595
SPY260831C00649000,2026-05-20 19:59:47+00:00,649.0,103.9,105.79,109.01,0.0,0.0,38.0,160.0,0.3124458404541015,True,REGULAR,USD,call,2026-08-31,97,745.6400146484375,0.8703932021486235,107.4,0.0299813780260707,0.26575342465753427,0.22750566586721896
SPY260831C00650000,2026-05-20 19:50:00+00:00,650.0,102.8,104.87,108.09,0.0,0.0,27.0,364.0,0.3110420458984374,True,REGULAR,USD,call,2026-08-31,97,745.6400146484375,0.8717343318899926,106.48,0.0302404207362884,0.26575342465753427,0.22683876200572767
SPY260831C00651000,2026-05-20 19:59:47+00:00,651.0,102.08,103.95,107.17,0.0,0.0,25.0,107.0,0.3096382513427734,True,REGULAR,USD,call,2026-08-31,97,745.6400146484375,0.8730754616313618,105.56,0.0305039787798408,0.26575342465753427,0.2261529293753414
SPY260831C00652000,2026-05-20 19:56:26+00:00,652.0,100.8,103.03,106.25,0.0,0.0,48.0,130.0,0.3082191981506347,True,REGULAR,USD,call,2026-08-31,97,745.6400146484375,0.8744165913727311,104.64,0.0307721712538226,0.26575342465753427,0.22544854087356012
SPY260831C00653000,2026-05-20 19:56:26+00:00,653.0,99.89,102.11,105.33,0.0,0.0,21.0,62.0,0.306800144958496,True,REGULAR,USD,call,2026-08-31,97,745.6400146484375,0.8757577211141003,103.72,0.0310451214809101,0.26575342465753427,0.22472595216517943
SPY260831C00654000,2026-05-20 19:56:26+00:00,654.0,98.97,101.19,104.37,0.0,0.0,21.0,65.0,0.3049691085815429,True,REGULAR,USD,call,2026-08-31,97,745.6400146484375,0.8770988508554696,102.78,0.0309398715703444,0.26575342465753427,0.2236872256497589
SPY260831C00655000,2026-05-20 19:59:37+00:00,655.0,98.49,100.27,103.5,0.0,0.0,28.0,134.0,0.3040078144836425,True,REGULAR,USD,call,2026-08-31,97,745.6400146484375,0.8784399805968387,101.88499999999999,0.0317024095794278,0.26575342465753427,0.22330096162915244
SPY260831C00656000,2026-05-14 19:32:20+00:00,656.0,105.07,99.36,102.58,0.0,0.0,2.0,11.0,0.3025582440185547,True,REGULAR,USD,call,2026-08-31,97,745.6400146484375,0.8797811103382079,100.97,0.0318906605922551,0.26575342465753427,0.22259767672600805
SPY260831C00657000,2026-04-29 16:30:00+00:00,657.0,71.94,98.44,101.67,0.0,0.0,2.0,81.0,0.3012002253723144,True,REGULAR,USD,call,2026-08-31,97,745.6400146484375,0.8811222400795772,100.055,0.032282244765379,0.26575342465753427,0.22187569557137413
SPY260831C00660000,2026-05-22 19:01:13+00:00,660.0,98.36,95.7,98.93,4.459999,4.749733,25.0,974.0,0.2969583244323729,True,REGULAR,USD,call,2026-08-31,97,745.6400146484375,0.8851456293036849,97.315,0.0331911832708216,0.26575342465753427,0.21967020695905484
SPY260831C00661000,2026-05-08 15:51:13+00:00,661.0,91.75,94.79,98.02,0.0,0.0,682.0,60.0,0.2955697885131836,True,REGULAR,USD,call,2026-08-31,97,745.6400146484375,0.886486759045054,96.405,0.0335044862818317,0.26575342465753427,0.21894490014533646
SPY260831C00662000,2026-04-21 17:39:43+00:00,662.0,66.95,93.88,97.11,0.0,0.0,1.0,4.0,0.2941507353210449,True,REGULAR,USD,call,2026-08-31,97,745.6400146484375,0.8878278887864233,95.495,0.033823760406304,0.26575342465753427,0.21820053878573753
SPY260831C00663000,2026-05-18 14:01:14+00:00,663.0,90.83,92.97,96.2,0.0,0.0,1.0,23.0,0.2927316821289061,True,REGULAR,USD,call,2026-08-31,97,745.6400146484375,0.8891690185277925,94.58500000000001,0.0341491779880531,0.26575342465753427,0.21743787585717372
SPY260831C00664000,2026-04-16 15:10:20+00:00,664.0,60.95,92.06,95.25,0.0,0.0,1.0,59.0,0.2909464216613769,True,REGULAR,USD,call,2026-08-31,97,745.6400146484375,0.8905101482691617,93.655,0.0340611819977577,0.26575342465753427,0.216392450753158
SPY260831C00665000,2026-05-19 13:30:01+00:00,665.0,83.82,91.16,94.39,0.0,0.0,1.0,99.0,0.2899698689270019,True,REGULAR,USD,call,2026-08-31,97,745.6400146484375,0.891851278010531,92.775,0.0348154136351388,0.26575342465753427,0.21598947271643257
SPY260831C00666000,2026-04-15 18:49:19+00:00,666.0,57.35,85.93,89.39,0.0,0.0,4.0,3.0,0.249732844543457,True,REGULAR,USD,call,2026-08-31,97,745.6400146484375,0.8931924077519001,87.66,0.0394706821811543,0.26575342465753427,0.14236413067913034
SPY260831C00668000,2026-05-18 16:46:23+00:00,668.0,82.68,88.44,91.64,0.0,0.0,20.0,208.0,0.2854380538940428,True,REGULAR,USD,call,2026-08-31,97,745.6400146484375,0.8958746672346386,90.03999999999999,0.0355397601066193,0.26575342465753427,0.21342275963213594
SPY260831C00669000,2026-05-18 16:46:23+00:00,669.0,81.72,87.54,90.78,0.0,0.0,20.0,115.0,0.284415725250244,True,REGULAR,USD,call,2026-08-31,97,745.6400146484375,0.8972157969760078,89.16,0.0363391655450874,0.26575342465753427,0.21293014476185013
SPY260831C00670000,2026-05-22 19:37:01+00:00,670.0,89.06,86.64,89.84,4.8600006,5.7719727,3.0,2309.0,0.282660982055664,True,REGULAR,USD,call,2026-08-31,97,745.6400146484375,0.8985569267173771,88.24000000000001,0.0362647325475974,0.26575342465753427,0.21191872439902823
SPY260831C00671000,2026-04-30 18:23:21+00:00,671.0,66.54,85.74,88.94,0.0,0.0,2.0,65.0,0.2812724461364745,True,REGULAR,USD,call,2026-08-31,97,745.6400146484375,0.8998980564587462,87.34,0.0366384245477444,0.26575342465753427,0.21113764589644407
SPY260831C00672000,2026-05-06 13:46:08+00:00,672.0,74.35,84.85,88.09,0.0,0.0,3.0,24.0,0.2802958934020995,True,REGULAR,USD,call,2026-08-31,97,745.6400146484375,0.9012391862001154,86.47,0.0374696426506303,0.26575342465753427,0.21070068459764738
SPY260831C00673000,2026-05-11 13:30:14+00:00,673.0,79.66,83.95,87.19,0.0,0.0,1.0,18.0,0.2788768402099609,True,REGULAR,USD,call,2026-08-31,97,745.6400146484375,0.9025803159414848,85.57,0.0378637372911066,0.26575342465753427,0.2098789529507034
SPY260831C00674000,2026-05-08 19:04:30+00:00,674.0,79.61,83.06,86.3,0.0,0.0,1.0,25.0,0.2775340802001953,True,REGULAR,USD,call,2026-08-31,97,745.6400146484375,0.903921445682854,84.68,0.038261691072272,0.26575342465753427,0.20915719977488656
SPY260831C00675000,2026-05-22 19:19:14+00:00,675.0,84.12,82.16,85.41,8.720001,11.564988,1.0,221.0,0.2761760615539549,True,REGULAR,USD,call,2026-08-31,97,745.6400146484375,0.9052625754242232,83.785,0.038789759503491,0.26575342465753427,0.20835667365722307
SPY260831C00676000,2026-04-27 16:55:08+00:00,676.0,60.4,81.27,84.52,0.0,0.0,5.0,93.0,0.2748027842712402,True,REGULAR,USD,call,2026-08-31,97,745.6400146484375,0.9066037051655924,82.895,0.0392062247421436,0.26575342465753427,0.20759506561220648
SPY260831C00677000,2026-05-13 16:57:17+00:00,677.0,80.25,80.39,83.63,0.0,0.0,1.0,422.0,0.2734295069885253,True,REGULAR,USD,call,2026-08-31,97,745.6400146484375,0.9079448349069617,82.00999999999999,0.039507377149128,0.26575342465753427,0.2068709975970938
SPY260831C00678000,2026-05-14 14:16:24+00:00,678.0,83.79,79.5,82.75,0.0,0.0,2.0,254.0,0.2721172642517089,True,REGULAR,USD,call,2026-08-31,97,745.6400146484375,0.9092859646483308,81.125,0.0400616332819722,0.26575342465753427,0.2061255882267551
SPY260831C00679000,2026-05-14 19:21:33+00:00,679.0,83.71,78.61,81.86,0.0,0.0,2.0,326.0,0.2707287283325196,True,REGULAR,USD,call,2026-08-31,97,745.6400146484375,0.9106270943897,80.235,0.0405060135850937,0.26575342465753427,0.20530421599028006
SPY260831C00680000,2026-05-22 19:01:54+00:00,680.0,80.19,77.77,80.98,11.480003,16.707907,2.0,848.0,0.2693859683227538,True,REGULAR,USD,call,2026-08-31,97,745.6400146484375,0.9119682241310691,79.375,0.0404409448818898,0.26575342465753427,0.20479531290587613
SPY260831C00681000,2026-05-01 16:32:43+00:00,681.0,61.65,76.85,80.1,0.0,0.0,1.0,222.0,0.2680584669494628,True,REGULAR,USD,call,2026-08-31,97,745.6400146484375,0.9133093538724384,78.475,0.0414144632048423,0.26575342465753427,0.20382319491379594
SPY260831C00682000,2026-05-15 15:34:06+00:00,682.0,76.43,75.97,79.22,0.0,0.0,1.0,109.0,0.2667004483032227,True,REGULAR,USD,call,2026-08-31,97,745.6400146484375,0.9146504836138076,77.595,0.04188414201946,0.26575342465753427,0.20305161525426224
SPY260831C00683000,2026-05-19 14:48:10+00:00,683.0,66.18,75.09,78.34,0.0,0.0,2.0,409.0,0.2653424296569824,True,REGULAR,USD,call,2026-08-31,97,745.6400146484375,0.9159916133551768,76.715,0.0423645962328097,0.26575342465753427,0.20225928821277708
SPY260831C00684000,2026-04-23 19:50:28+00:00,684.0,50.0,74.21,77.47,0.0,0.0,2.0,20.0,0.2640454455566406,True,REGULAR,USD,call,2026-08-31,97,745.6400146484375,0.917332743096546,75.84,0.0429852320675106,0.26575342465753427,0.2014996736775943
SPY260831C00685000,2026-05-15 18:15:37+00:00,685.0,74.43,73.33,76.59,0.0,0.0,3.0,561.0,0.2626569096374512,True,REGULAR,USD,call,2026-08-31,97,745.6400146484375,0.9186738728379154,74.96000000000001,0.0434898612593383,0.26575342465753427,0.20066652629495935
SPY260831C00686000,2026-04-28 14:12:44+00:00,686.0,50.75,72.46,75.72,0.0,0.0,3.0,86.0,0.2613294082641602,True,REGULAR,USD,call,2026-08-31,97,745.6400146484375,0.9200150025792846,74.09,0.044000539883925,0.26575342465753427,0.1999173564516719
SPY260831C00687000,2026-04-29 16:40:19+00:00,687.0,47.93,71.59,74.85,0.0,0.0,10.0,37.0,0.2600019068908691,True,REGULAR,USD,call,2026-08-31,97,745.6400146484375,0.9213561323206536,73.22,0.0445233542747881,0.26575342465753427,0.19914651301391906
SPY260831C00688000,2026-04-28 14:11:07+00:00,688.0,49.33,70.72,73.98,0.0,0.0,1.0,32.0,0.2586591468811035,True,REGULAR,USD,call,2026-08-31,97,745.6400146484375,0.922697262062023,72.35,0.0450587422252937,0.26575342465753427,0.19835427051081372
SPY260831C00689000,2026-05-18 13:57:39+00:00,689.0,68.58,69.85,73.11,0.0,0.0,3.0,29.0,0.2573011282348633,True,REGULAR,USD,call,2026-08-31,97,745.6400146484375,0.9240383918033922,71.47999999999999,0.0456071628427533,0.26575342465753427,0.19754088672103098
SPY260831C00690000,2026-05-22 19:24:38+00:00,690.0,70.86,68.98,72.25,1.1200027,1.605969,8.0,1631.0,0.2560041441345215,True,REGULAR,USD,call,2026-08-31,97,745.6400146484375,0.9253795215447614,70.61500000000001,0.0463074417616653,0.26575342465753427,0.19675639623813618
SPY260831C00691000,2026-05-06 17:18:31+00:00,691.0,60.78,68.12,71.39,0.0,0.0,1.0,35.0,0.2546919013977051,True,REGULAR,USD,call,2026-08-31,97,745.6400146484375,0.9267206512861308,69.755,0.0468783599741953,0.26575342465753427,0.19599953363661174
SPY260831C00692000,2026-05-11 19:40:13+00:00,692.0,65.92,67.26,70.53,0.0,0.0,32.0,74.0,0.2533796586608887,True,REGULAR,USD,call,2026-08-31,97,745.6400146484375,0.9280617810275,68.89500000000001,0.0474635314609187,0.26575342465753427,0.1952202171117367
SPY260831C00693000,2026-05-11 19:06:21+00:00,693.0,64.9,66.4,69.67,0.0,0.0,1.0,132.0,0.252036898651123,True,REGULAR,USD,call,2026-08-31,97,745.6400146484375,0.929402910768869,68.035,0.0480634967296244,0.26575342465753427,0.19441857859327183
SPY260831C00694000,2026-05-22 19:01:54+00:00,694.0,67.98,65.54,68.82,6.1600037,9.964419,2.0,44.0,0.2507704318237304,True,REGULAR,USD,call,2026-08-31,97,745.6400146484375,0.9307440405102384,67.18,0.0488240547782076,0.26575342465753427,0.19364298500452953
SPY260831C00695000,2026-05-22 14:07:14+00:00,695.0,67.04,64.69,67.96,3.25,5.0948424,536.0,766.0,0.2493971545410156,True,REGULAR,USD,call,2026-08-31,97,745.6400146484375,0.9320851702516076,66.32499999999999,0.0493026762156049,0.26575342465753427,0.19284475952173408
SPY260831C00696000,2026-05-18 14:49:57+00:00,696.0,60.8,63.84,67.12,0.0,0.0,8.0,77.0,0.2481764636230468,True,REGULAR,USD,call,2026-08-31,97,745.6400146484375,0.9334262999929768,65.48,0.0500916310323763,0.26575342465753427,0.19211793501513744
SPY260831C00697000,2026-05-15 14:37:04+00:00,697.0,63.5,62.99,66.27,0.0,0.0,14.0,70.0,0.2468642208862305,True,REGULAR,USD,call,2026-08-31,97,745.6400146484375,0.934767429734346,64.63,0.0507504254989941,0.26575342465753427,0.19132068896795437
SPY260831C00698000,2026-05-19 15:28:53+00:00,698.0,54.32,62.14,65.42,0.0,0.0,1.0,21.0,0.2455214608764648,True,REGULAR,USD,call,2026-08-31,97,745.6400146484375,0.9361085594757153,63.78,0.0514267795547193,0.26575342465753427,0.19050061009051802
SPY260831C00699000,2026-05-15 14:28:45+00:00,699.0,61.59,61.3,64.58,0.0,0.0,2.0,13.0,0.2442549940490723,True,REGULAR,USD,call,2026-08-31,97,745.6400146484375,0.9374496892170844,62.94,0.0521131236097871,0.26575342465753427,0.1897490382894959
SPY260831C00700000,2026-05-22 13:46:46+00:00,700.0,63.95,60.67,63.74,3.7200012,6.1763263,5.0,3190.0,0.242973268585205,True,REGULAR,USD,call,2026-08-31,97,745.6400146484375,0.9387908189584536,62.205,0.04935294590467,0.26575342465753427,0.1899196329405092
SPY260831C00701000,2026-05-14 14:58:08+00:00,701.0,65.73,59.61,62.9,0.0,0.0,2.0,191.0,0.2416610258483886,True,REGULAR,USD,call,2026-08-31,97,745.6400146484375,0.9401319486998228,61.254999999999995,0.0537099012325524,0.26575342465753427,0.18812904253841167
SPY260831C00702000,2026-05-22 18:41:49+00:00,702.0,61.68,58.78,62.07,5.66,10.103534,3.0,131.0,0.2404098176574706,True,REGULAR,USD,call,2026-08-31,97,745.6400146484375,0.941473078441192,60.425,0.0544476623913942,0.26575342465753427,0.1873947807315725
SPY260831C00703000,2026-05-20 14:56:27+00:00,703.0,55.08,57.94,61.23,0.0,0.0,2.0,155.0,0.2390823162841796,True,REGULAR,USD,call,2026-08-31,97,745.6400146484375,0.9428142081825612,59.584999999999994,0.0552152387345808,0.26575342465753427,0.186547644304971
SPY260831C00704000,2026-05-06 19:48:21+00:00,704.0,52.23,57.11,60.4,0.0,0.0,5.0,42.0,0.2378005908203124,True,REGULAR,USD,call,2026-08-31,97,745.6400146484375,0.9441553379239304,58.754999999999995,0.055995234448132,0.26575342465753427,0.1857642086947426
SPY260831C00705000,2026-05-22 19:02:58+00:00,705.0,58.34,56.28,59.58,3.0499992,5.5163665,4.0,251.0,0.2365798999023437,True,REGULAR,USD,call,2026-08-31,97,745.6400146484375,0.9454964676652996,57.93,0.0569653029518383,0.26575342465753427,0.1849991978428499
SPY260831C00706000,2026-05-06 15:39:50+00:00,706.0,49.22,55.46,58.75,0.0,0.0,1.0,90.0,0.2352676571655273,True,REGULAR,USD,call,2026-08-31,97,745.6400146484375,0.946837597406669,57.105000000000004,0.0576131687242798,0.26575342465753427,0.18420894792015177
SPY260831C00707000,2026-05-15 18:48:55+00:00,707.0,54.49,54.63,57.93,0.0,0.0,9.0,155.0,0.2340011903381347,True,REGULAR,USD,call,2026-08-31,97,745.6400146484375,0.9481787271480382,56.28,0.0586353944562899,0.26575342465753427,0.1833936646248232
SPY260831C00708000,2026-05-19 15:28:53+00:00,708.0,46.5,53.81,57.11,0.0,0.0,1.0,113.0,0.2327270941925049,True,REGULAR,USD,call,2026-08-31,97,745.6400146484375,0.9495198568894074,55.46,0.0595023440317345,0.26575342465753427,0.18259549503557573
SPY260831C00709000,2026-05-06 15:39:50+00:00,709.0,46.65,53.0,56.3,0.0,0.0,1.0,445.0,0.2314987739562988,True,REGULAR,USD,call,2026-08-31,97,745.6400146484375,0.9508609866307766,54.65,0.0603842634949679,0.26575342465753427,0.18185511293418546
SPY260831C00710000,2026-05-22 15:36:38+00:00,710.0,55.28,52.18,55.49,4.489998,8.840319,62.0,891.0,0.2302628244018554,True,REGULAR,USD,call,2026-08-31,97,745.6400146484375,0.9522021163721458,53.835,0.0614841645769481,0.26575342465753427,0.1810468397250365
SPY260831C00711000,2026-05-21 14:26:45+00:00,711.0,47.91,51.38,54.68,0.0,0.0,3.0,519.0,0.2289963575744629,True,REGULAR,USD,call,2026-08-31,97,745.6400146484375,0.953543246113515,53.03,0.06222892702244,0.26575342465753427,0.18029452853960762
SPY260831C00712000,2026-05-18 16:50:56+00:00,712.0,45.81,50.57,53.88,0.0,0.0,18.0,173.0,0.2277909252929687,True,REGULAR,USD,call,2026-08-31,97,745.6400146484375,0.9548843758548844,52.225,0.0633796074676879,0.26575342465753427,0.17951529829243584
SPY260831C00713000,2026-05-20 14:56:27+00:00,713.0,47.23,49.77,53.08,0.0,0.0,1.0,152.0,0.2265702343749999,True,REGULAR,USD,call,2026-08-31,97,745.6400146484375,0.9562255055962536,51.425,0.0643655809431209,0.26575342465753427,0.17874948936125745
SPY260831C00714000,2026-05-20 14:14:32+00:00,714.0,43.41,48.97,52.29,0.0,0.0,1.0,773.0,0.2253876900482177,True,REGULAR,USD,call,2026-08-31,97,745.6400146484375,0.9575666353376228,50.629999999999995,0.0655737704918033,0.26575342465753427,0.17799627634733947
SPY260831C00715000,2026-05-22 13:54:57+00:00,715.0,51.05,48.18,51.49,5.049999,10.978259,1.0,162.0,0.2241135939025878,True,REGULAR,USD,call,2026-08-31,97,745.6400146484375,0.958907765078992,49.835,0.0664191833049062,0.26575342465753427,0.17721536935591667
SPY260831C00716000,2026-05-21 19:46:21+00:00,716.0,46.38,47.39,50.71,0.0,0.0,542.0,638.0,0.2229691961669921,True,REGULAR,USD,call,2026-08-31,97,745.6400146484375,0.9602488948203612,49.05,0.0676860346585117,0.26575342465753427,0.17648538626730842
SPY260831C00717000,2026-05-20 14:14:33+00:00,717.0,41.37,46.6,49.92,0.0,0.0,1.0,39.0,0.2217332466125487,True,REGULAR,USD,call,2026-08-31,97,745.6400146484375,0.9615900245617304,48.260000000000005,0.0687940323249067,0.26575342465753427,0.17568727914526158
SPY260831C00718000,2026-05-22 13:38:43+00:00,718.0,49.0,45.81,49.14,5.9799995,13.90051,1.0,38.0,0.2205430729675292,True,REGULAR,USD,call,2026-08-31,97,745.6400146484375,0.9629311543030996,47.475,0.0701421800947866,0.26575342465753427,0.17490036164541148
SPY260831C00719000,2026-05-19 13:31:16+00:00,719.0,39.51,45.97,48.36,0.0,0.0,3.0,86.0,0.2193223820495605,True,REGULAR,USD,call,2026-08-31,97,745.6400146484375,0.9642722840444689,47.165,0.0506731686632036,0.26575342465753427,0.17771619350214438
SPY260831C00720000,2026-05-22 15:33:22+00:00,720.0,47.56,45.82,47.39,4.0600014,9.333336,3.0,994.0,0.2167741897583007,True,REGULAR,USD,call,2026-08-31,97,745.6400146484375,0.965613413785838,46.605000000000004,0.0336873725995064,0.26575342465753427,0.17854730004460273
SPY260831C00725000,2026-05-22 19:35:20+00:00,725.0,42.26,40.92,43.49,3.6099968,9.340224,66.0,2047.0,0.2102892692565918,True,REGULAR,USD,call,2026-08-31,97,745.6400146484375,0.972319062492684,42.205,0.0608932590925245,0.26575342465753427,0.17025326919984604
SPY260831C00730000,2026-05-22 17:32:36+00:00,730.0,40.01,36.76,40.12,2.7299995,7.3229604,13.0,1141.0,0.2067492655944823,True,REGULAR,USD,call,2026-08-31,97,745.6400146484375,0.9790247111995302,38.44,0.0874089490114464,0.26575342465753427,0.16599580840543807
SPY260831C00735000,2026-05-22 15:35:59+00:00,735.0,36.21,33.51,36.58,3.0599976,9.230762,5.0,458.0,0.2013629669189452,True,REGULAR,USD,call,2026-08-31,97,745.6400146484375,0.9857303599063764,35.045,0.0876016550149807,0.26575342465753427,0.16352077473221693
SPY260831C00740000,2026-05-22 17:45:51+00:00,740.0,32.85,31.42,32.48,3.2799988,11.0923195,64.0,2005.0,0.1916432154846191,True,REGULAR,USD,call,2026-08-31,97,745.6400146484375,0.9924360086132225,31.95,0.0331768388106414,0.26575342465753427,0.16215839128431841
SPY260831C00745000,2026-05-22 19:00:47+00:00,745.0,29.04,28.18,28.42,2.540001,9.5849085,100.0,1626.0,0.18145044631958,True,REGULAR,USD,call,2026-08-31,97,745.6400146484375,0.9991416573200684,28.3,0.0084805653710248,0.26575342465753427,0.15613161548187662
SPY260831C00750000,2026-05-22 18:19:37+00:00,750.0,26.08,25.19,25.26,2.9300003,12.656589,22.0,1559.0,0.1762472512817383,False,REGULAR,USD,call,2026-08-31,97,745.6400146484375,1.0058473060269146,25.225,0.0027750247770069,0.26575342465753427,0.15297685481191492
SPY260831C00755000,2026-05-22 17:40:01+00:00,755.0,23.67,22.31,22.38,2.7800007,13.307807,14.0,532.0,0.1719137985229492,False,REGULAR,USD,call,2026-08-31,97,745.6400146484375,1.0125529547337606,22.345,0.0031326918773775,0.26575342465753427,0.1500592928229433
SPY260831C00760000,2026-05-22 19:29:06+00:00,760.0,19.56,19.63,19.7,1.289999,7.06075,10.0,657.0,0.167877889175415,False,REGULAR,USD,call,2026-08-31,97,745.6400146484375,1.0192586034406068,19.665,0.0035596236969234,0.26575342465753427,0.1473546445799987
SPY260831C00765000,2026-05-22 20:07:57+00:00,765.0,17.06,17.17,17.23,1.3399992,8.524168,25.0,887.0,0.1641624111938476,False,REGULAR,USD,call,2026-08-31,97,745.6400146484375,1.0259642521474528,17.200000000000003,0.0034883720930231,0.26575342465753427,0.14491906652606776
SPY260831C00770000,2026-05-22 19:54:40+00:00,770.0,14.77,14.91,14.97,1.2600002,9.3264265,39.0,607.0,0.1607444766235352,False,REGULAR,USD,call,2026-08-31,97,745.6400146484375,1.032669900854299,14.940000000000001,0.0040160642570281,0.26575342465753427,0.1426619945237895
SPY260831C00775000,2026-05-22 19:05:19+00:00,775.0,13.13,12.87,12.93,1.5,12.897677,17.0,696.0,0.1576774906921386,False,REGULAR,USD,call,2026-08-31,97,745.6400146484375,1.0393755495611452,12.899999999999999,0.0046511627906977,0.26575342465753427,0.14067866839395526
SPY260831C00780000,2026-05-22 19:48:26+00:00,780.0,10.98,11.04,11.1,0.18999958,1.7608858,98.0,973.0,0.1549156774902344,False,REGULAR,USD,call,2026-08-31,97,745.6400146484375,1.0460811982679912,11.07,0.005420054200542,0.26575342465753427,0.138919531053282
SPY260831C00785000,2026-05-22 19:52:32+00:00,785.0,9.39,9.41,9.47,0.89000034,10.4705925,94.0,843.0,0.1524285197448731,False,REGULAR,USD,call,2026-08-31,97,745.6400146484375,1.0527868469748374,9.440000000000001,0.0063559322033898,0.26575342465753427,0.13735200725772698
SPY260831C00790000,2026-05-22 17:33:05+00:00,790.0,8.79,7.98,8.03,1.6999998,23.97743,53.0,279.0,0.1502007588195801,False,REGULAR,USD,call,2026-08-31,97,745.6400146484375,1.0594924956816834,8.004999999999999,0.0062460961898811,0.26575342465753427,0.13599911828113107
SPY260831C00795000,2026-05-22 17:30:36+00:00,795.0,7.53,6.73,6.78,1.5800004,26.554628,39.0,1181.0,0.1482934292602539,False,REGULAR,USD,call,2026-08-31,97,745.6400146484375,1.0661981443885296,6.755000000000001,0.00740192450037,0.26575342465753427,0.13486984191044765
SPY260831C00800000,2026-05-22 19:53:02+00:00,800.0,5.65,5.64,5.69,0.6300001,12.549803,75.0,752.0,0.1465844619750976,False,REGULAR,USD,call,2026-08-31,97,745.6400146484375,1.0729037930953755,5.665,0.0088261253309798,0.26575342465753427,0.1338568405272845
SPY260831C00805000,2026-05-22 19:06:53+00:00,805.0,4.84,4.71,4.76,0.55999994,13.08411,50.0,260.0,0.1451654087829589,False,REGULAR,USD,call,2026-08-31,97,745.6400146484375,1.0796094418022215,4.734999999999999,0.010559662090813,0.26575342465753427,0.13308126141906965
SPY260831C00810000,2026-05-22 19:59:03+00:00,810.0,3.97,3.91,3.95,0.53,15.406975,10.0,1255.0,0.1437768728637695,False,REGULAR,USD,call,2026-08-31,97,745.6400146484375,1.0863150905090675,3.93,0.010178117048346,0.26575342465753427,0.13233645075409603
SPY260831C00815000,2026-05-22 19:40:53+00:00,815.0,3.3,3.23,3.28,0.48000002,17.021278,13.0,119.0,0.1428003201293945,False,REGULAR,USD,call,2026-08-31,97,745.6400146484375,1.093020739215914,3.255,0.0153609831029185,0.26575342465753427,0.13181958644521727
SPY260831C00820000,2026-05-22 18:30:31+00:00,820.0,2.89,2.66,2.7,0.76,35.68075,90.0,293.0,0.1417627328491211,False,REGULAR,USD,call,2026-08-31,97,745.6400146484375,1.09972638792276,2.68,0.0149253731343283,0.26575342465753427,0.13134408750592647
SPY260831C00825000,2026-05-22 18:52:07+00:00,825.0,2.35,2.18,2.22,0.40999985,21.134012,20.0,728.0,0.1409998010253906,False,REGULAR,USD,call,2026-08-31,97,745.6400146484375,1.106432036629606,2.2,0.0181818181818181,0.26575342465753427,0.1310044960880004
SPY260831C00830000,2026-05-22 19:57:25+00:00,830.0,1.84,1.79,1.83,0.51,38.345863,15.0,146.0,0.1405420419311523,False,REGULAR,USD,call,2026-08-31,97,745.6400146484375,1.113137685336452,1.81,0.0220994475138121,0.26575342465753427,0.130938076556203
SPY260831C00835000,2026-05-22 14:07:03+00:00,835.0,1.54,1.47,1.5,0.26999998,21.259842,2.0,81.0,0.140084282836914,False,REGULAR,USD,call,2026-08-31,97,745.6400146484375,1.1198433340432985,1.4849999999999999,0.0202020202020202,0.26575342465753427,0.13094375327294575
SPY260831C00840000,2026-05-22 15:32:36+00:00,840.0,1.43,1.2,1.23,0.48999995,52.127655,2.0,11.0,0.1398401446533203,False,REGULAR,USD,call,2026-08-31,97,745.6400146484375,1.1265489827501445,1.2149999999999999,0.0246913580246913,0.26575342465753427,0.1310079181481608
SPY260831C00845000,2026-05-21 17:44:13+00:00,845.0,0.85,0.98,1.02,0.0,0.0,25.0,46.0,0.1400232482910156,False,REGULAR,USD,call,2026-08-31,97,745.6400146484375,1.1332546314569905,1.0,0.04,0.26575342465753427,0.1313417729229096
SPY260831C00850000,2026-05-22 18:59:22+00:00,850.0,0.89,0.81,0.84,0.19,27.142859,50.0,23.0,0.1401453173828125,False,REGULAR,USD,call,2026-08-31,97,745.6400146484375,1.1399602801638364,0.825,0.0363636363636362,0.26575342465753427,0.13181194053140702
SPY260831C00855000,2026-05-22 19:24:35+00:00,855.0,0.71,0.67,0.7,0.109999955,18.333324,1.0,3.0,0.1405725592041015,False,REGULAR,USD,call,2026-08-31,97,745.6400146484375,1.1466659288706826,0.685,0.043795620437956,0.26575342465753427,0.13248756618908109
SPY260831C00860000,2026-05-22 17:44:22+00:00,860.0,0.67,0.56,0.58,0.21000001,45.652176,3.0,110.0,0.1409998010253906,False,REGULAR,USD,call,2026-08-31,97,745.6400146484375,1.1533715775775288,0.5700000000000001,0.0350877192982454,0.26575342465753427,0.13324403008886881
SPY260918C00525000,2026-05-22 18:04:17+00:00,525.0,229.8,226.07,229.23,-0.41999817,-0.1824334,54.0,64.0,0.4918263708496094,True,REGULAR,USD,call,2026-09-18,115,745.6400146484375,0.7040931142188402,227.64999999999998,0.0138809576103667,0.3150684931506849,0.2887566073128902
SPY260918C00530000,2026-05-01 13:47:43+00:00,530.0,201.28,221.21,224.37,0.0,0.0,1.0,94.0,0.483678258972168,True,REGULAR,USD,call,2026-09-18,115,745.6400146484375,0.7107987629256863,222.79000000000002,0.014183760491943,0.3150684931506849,0.2884321441459683
SPY260918C00535000,2026-05-22 16:00:45+00:00,535.0,219.22,216.36,219.52,6.3200073,2.9685333,1.0,68.0,0.4756522161865234,True,REGULAR,USD,call,2026-09-18,115,745.6400146484375,0.7175044116325324,217.94,0.0144994035055519,0.3150684931506849,0.28800760444039103
SPY260918C00540000,2026-05-20 14:24:00+00:00,540.0,205.27,211.52,214.67,0.0,0.0,5.0,73.0,0.4676261734008788,True,REGULAR,USD,call,2026-09-18,115,745.6400146484375,0.7242100603393785,213.095,0.0147821394213847,0.3150684931506849,0.2871279250335918
SPY260918C00545000,2026-05-22 15:49:11+00:00,545.0,209.46,206.68,209.82,7.850006,3.8936594,1.0,64.0,0.4596001306152344,True,REGULAR,USD,call,2026-09-18,115,745.6400146484375,0.7309157090462246,208.25,0.0150780312124849,0.3150684931506849,0.28558046581454066
SPY260918C00550000,2026-05-22 16:16:29+00:00,550.0,204.64,201.84,205.0,4.6399994,2.3199997,1.0,1094.0,0.4519402951049804,True,REGULAR,USD,call,2026-09-18,115,745.6400146484375,0.7376213577530707,203.42000000000002,0.0155343624029102,0.3150684931506849,0.28425358436138004
SPY260918C00555000,2026-05-22 17:21:25+00:00,555.0,199.84,197.01,200.17,11.360001,6.027165,3.0,98.0,0.444143131866455,True,REGULAR,USD,call,2026-09-18,115,745.6400146484375,0.7443270064599168,198.58999999999997,0.0159121808751699,0.3150684931506849,0.28234888696541105
SPY260918C00560000,2026-05-18 13:55:13+00:00,560.0,189.46,192.19,195.35,0.0,0.0,25.0,128.0,0.4364375204467773,True,REGULAR,USD,call,2026-09-18,115,745.6400146484375,0.7510326551667629,193.76999999999998,0.0163079940135211,0.3150684931506849,0.28038848216331536
SPY260918C00565000,2026-05-22 14:59:43+00:00,565.0,189.46,187.37,190.52,5.720001,3.113095,15.0,1329.0,0.4285640640258789,True,REGULAR,USD,call,2026-09-18,115,745.6400146484375,0.757738303873609,188.945,0.0166715181666622,0.3150684931506849,0.27776123973717265
SPY260918C00570000,2026-05-22 15:49:13+00:00,570.0,185.51,182.56,185.73,8.449997,4.772392,1.0,188.0,0.4211788839721679,True,REGULAR,USD,call,2026-09-18,115,745.6400146484375,0.764443952580455,184.14499999999998,0.0172146949414862,0.3150684931506849,0.27566625670267253
SPY260918C00575000,2026-05-14 14:59:22+00:00,575.0,182.1,177.76,180.93,0.0,0.0,3.0,134.0,0.4136106002807617,True,REGULAR,USD,call,2026-09-18,115,745.6400146484375,0.7711496012873011,179.345,0.0176754300370794,0.3150684931506849,0.2731198971690926
SPY260918C00580000,2026-05-13 17:15:46+00:00,580.0,172.82,172.97,176.14,0.0,0.0,10.0,204.0,0.4061338684082031,True,REGULAR,USD,call,2026-09-18,115,745.6400146484375,0.7778552499941473,174.555,0.0181604651828935,0.3150684931506849,0.2704952250744964
SPY260918C00585000,2026-05-12 13:30:56+00:00,585.0,162.43,168.2,171.35,0.0,0.0,2.0,831.0,0.3985808433532715,True,REGULAR,USD,call,2026-09-18,115,745.6400146484375,0.7845608987009934,169.77499999999998,0.0185539684877043,0.3150684931506849,0.26777912852726055
SPY260918C00590000,2026-05-19 13:39:25+00:00,590.0,155.54,163.43,166.6,0.0,0.0,5.0,108.0,0.3914550601196288,True,REGULAR,USD,call,2026-09-18,115,745.6400146484375,0.7912665474078395,165.015,0.0192103748144107,0.3150684931506849,0.26523001027850707
SPY260918C00595000,2026-05-12 15:34:23+00:00,595.0,149.41,158.67,161.82,0.0,0.0,2.0,414.0,0.3838867764282226,True,REGULAR,USD,call,2026-09-18,115,745.6400146484375,0.7979721961146856,160.245,0.019657399606852,0.3150684931506849,0.26203424330425196
SPY260918C00600000,2026-05-22 17:45:07+00:00,600.0,157.63,153.93,157.1,10.180008,6.904041,4.0,517.0,0.37695935546875,True,REGULAR,USD,call,2026-09-18,115,745.6400146484375,0.8046778448215317,155.515,0.0203838857987974,0.3150684931506849,0.2594611670533611
SPY260918C00605000,2026-05-13 15:29:00+00:00,605.0,145.97,149.2,152.37,0.0,0.0,1.0,461.0,0.3698183135986328,True,REGULAR,USD,call,2026-09-18,115,745.6400146484375,0.8113834935283778,150.785,0.0210233113373347,0.3150684931506849,0.2564889289254358
SPY260918C00610000,2026-05-20 19:57:26+00:00,610.0,140.43,144.48,147.63,0.0,0.0,1.0,408.0,0.3624636508178711,True,REGULAR,USD,call,2026-09-18,115,745.6400146484375,0.8180891422352239,146.055,0.0215672178289001,0.3150684931506849,0.2531628364056605
SPY260918C00615000,2026-05-19 13:30:12+00:00,615.0,131.58,139.78,142.96,0.0,0.0,2.0,189.0,0.3557803680419921,True,REGULAR,USD,call,2026-09-18,115,745.6400146484375,0.82479479094207,141.37,0.0224941642498408,0.3150684931506849,0.2503915901069149
SPY260918C00620000,2026-05-22 19:31:17+00:00,620.0,136.25,135.1,138.28,6.3899994,4.9206834,2.0,1173.0,0.3488682057189941,True,REGULAR,USD,call,2026-09-18,115,745.6400146484375,0.8315004396489161,136.69,0.0232643207257298,0.3150684931506849,0.2473235118168986
SPY260918C00625000,2026-05-22 17:03:29+00:00,625.0,134.2,130.43,133.61,-1.5599976,-1.1490849,3.0,886.0,0.3419255261230468,True,REGULAR,USD,call,2026-09-18,115,745.6400146484375,0.8382060883557622,132.02,0.0240872595061354,0.3150684931506849,0.24406825300850304
SPY260918C00630000,2026-05-22 19:45:28+00:00,630.0,126.86,125.78,128.35,3.800003,3.087927,2.0,1219.0,0.3291693060302734,True,REGULAR,USD,call,2026-09-18,115,745.6400146484375,0.8449117370626082,127.065,0.0202258686499035,0.3150684931506849,0.23577798115621362
SPY260918C00635000,2026-05-22 16:39:35+00:00,635.0,123.5,121.14,124.31,4.6200027,3.8862743,9.0,921.0,0.3281012014770508,True,REGULAR,USD,call,2026-09-18,115,745.6400146484375,0.8516173857694543,122.725,0.0258301079649623,0.3150684931506849,0.2372438608120534
SPY260918C00640000,2026-05-22 17:00:51+00:00,640.0,119.39,116.54,119.72,3.8199997,3.3053558,1.0,2203.0,0.3215247291564941,True,REGULAR,USD,call,2026-09-18,115,745.6400146484375,0.8583230344763004,118.13,0.0269194954710911,0.3150684931506849,0.23409005259594326
SPY260918C00645000,2026-05-22 17:25:49+00:00,645.0,116.56,111.95,115.12,4.659996,4.164429,18.0,1002.0,0.3147193772888183,True,REGULAR,USD,call,2026-09-18,115,745.6400146484375,0.8650286831831465,113.535,0.0279209054476593,0.3150684931506849,0.2305593292986493
SPY260918C00650000,2026-05-22 18:23:42+00:00,650.0,110.21,107.39,110.5,1.909996,1.763616,5.0,3306.0,0.3075783354187011,True,REGULAR,USD,call,2026-09-18,115,745.6400146484375,0.8717343318899926,108.945,0.0285465142962045,0.3150684931506849,0.2267472627800533
SPY260918C00655000,2026-05-20 13:41:12+00:00,655.0,95.82,102.85,106.06,0.0,0.0,1.0,1032.0,0.3018258294677735,True,REGULAR,USD,call,2026-09-18,115,745.6400146484375,0.8784399805968387,104.455,0.0307309367670289,0.3150684931506849,0.2238339688992482
SPY260918C00660000,2026-05-22 19:36:32+00:00,660.0,100.0,98.33,101.54,8.239998,8.979945,2.0,4269.0,0.2951883226013183,True,REGULAR,USD,call,2026-09-18,115,745.6400146484375,0.8851456293036849,99.935,0.0321208785710712,0.3150684931506849,0.22014434415661022
SPY260918C00665000,2026-05-22 14:50:24+00:00,665.0,95.44,93.85,97.04,5.590004,6.2214847,1.0,4613.0,0.2885202984619139,True,REGULAR,USD,call,2026-09-18,115,745.6400146484375,0.891851278010531,95.445,0.0334223898580335,0.3150684931506849,0.21642458451286156
SPY260918C00670000,2026-05-22 17:28:16+00:00,670.0,92.19,89.41,92.6,5.279999,6.0752487,2.0,3340.0,0.282111671142578,True,REGULAR,USD,call,2026-09-18,115,745.6400146484375,0.8985569267173771,91.005,0.0350530190648865,0.3150684931506849,0.21286019552419638
SPY260918C00675000,2026-05-22 14:27:21+00:00,675.0,85.94,84.99,88.2,2.130005,2.5414686,1.0,5744.0,0.2757945956420897,True,REGULAR,USD,call,2026-09-18,115,745.6400146484375,0.9052625754242232,86.595,0.037069114844968,0.3150684931506849,0.20919780342208202
SPY260918C00680000,2026-05-22 18:24:52+00:00,680.0,83.76,80.62,83.85,3.4300003,4.269887,11.0,5020.0,0.2695995892333984,True,REGULAR,USD,call,2026-09-18,115,745.6400146484375,0.9119682241310691,82.235,0.0392776798200278,0.3150684931506849,0.20560949474176837
SPY260918C00685000,2026-05-22 19:53:49+00:00,685.0,77.5,76.28,79.53,3.0,4.0268455,90.0,5017.0,0.2633740655517578,True,REGULAR,USD,call,2026-09-18,115,745.6400146484375,0.9186738728379154,77.905,0.0417174764135806,0.3150684931506849,0.20187026003801076
SPY260918C00690000,2026-05-22 18:23:37+00:00,690.0,74.82,72.0,75.25,4.580002,6.520504,56.0,6632.0,0.2571485418701171,True,REGULAR,USD,call,2026-09-18,115,745.6400146484375,0.9253795215447614,73.625,0.0441426146010186,0.3150684931506849,0.19813876266592462
SPY260918C00695000,2026-05-22 17:28:13+00:00,695.0,71.25,68.55,71.02,4.3899994,6.5659575,4.0,8627.0,0.2509687940979003,True,REGULAR,USD,call,2026-09-18,115,745.6400146484375,0.9320851702516076,69.785,0.0353944257361897,0.3150684931506849,0.1976178001304037
SPY260918C00700000,2026-05-22 19:59:26+00:00,700.0,65.5,63.58,65.5,4.3199997,7.0611305,158.0,11277.0,0.2356491230773925,True,REGULAR,USD,call,2026-09-18,115,745.6400146484375,0.9387908189584536,64.53999999999999,0.0297489928726371,0.3150684931506849,0.18511092319641703
SPY260918C00705000,2026-05-21 18:37:49+00:00,705.0,59.36,59.46,62.74,0.0,0.0,238.0,9961.0,0.2388534367370605,True,REGULAR,USD,call,2026-09-18,115,745.6400146484375,0.9454964676652996,61.1,0.0536824877250409,0.3150684931506849,0.18675087527440282
SPY260918C00710000,2026-05-22 19:59:11+00:00,710.0,57.76,55.42,58.71,1.5699997,2.794091,29.0,7181.0,0.2329788616943359,True,REGULAR,USD,call,2026-09-18,115,745.6400146484375,0.9522021163721458,57.065,0.057653552965916,0.3150684931506849,0.18303483453384725
SPY260918C00715000,2026-05-22 19:21:02+00:00,715.0,53.37,51.45,54.44,2.7700005,5.4743094,19.0,13061.0,0.2251588105010986,True,REGULAR,USD,call,2026-09-18,115,745.6400146484375,0.958907765078992,52.945,0.05647369912173,0.3150684931506849,0.17817533925160844
SPY260918C00720000,2026-05-22 20:07:47+00:00,720.0,49.06,47.57,50.89,1.7900009,3.7867587,34.0,17499.0,0.2215196257019042,True,REGULAR,USD,call,2026-09-18,115,745.6400146484375,0.965613413785838,49.230000000000004,0.0674385537274019,0.3150684931506849,0.17562543881822607
SPY260918C00725000,2026-05-22 18:05:42+00:00,725.0,46.55,43.8,47.13,3.1399994,7.233355,71.0,16638.0,0.2160341458892822,True,REGULAR,USD,call,2026-09-18,115,745.6400146484375,0.972319062492684,45.465,0.0732431540745629,0.3150684931506849,0.172074192182126
SPY260918C00730000,2026-05-22 18:11:21+00:00,730.0,42.78,40.13,43.04,2.8799973,7.218038,21.0,29822.0,0.2080309910583495,True,REGULAR,USD,call,2026-09-18,115,745.6400146484375,0.9790247111995302,41.585,0.0699771552242394,0.3150684931506849,0.16714055629602056
SPY260918C00735000,2026-05-22 19:47:42+00:00,735.0,38.02,38.14,39.48,1.670002,4.5942283,32.0,11034.0,0.2027362442016601,True,REGULAR,USD,call,2026-09-18,115,745.6400146484375,0.9857303599063764,38.81,0.0345271837155371,0.3150684931506849,0.16861074981886132
SPY260918C00740000,2026-05-22 20:03:01+00:00,740.0,34.6,34.47,35.04,1.7899971,5.4556446,162.0,8453.0,0.191589810256958,True,REGULAR,USD,call,2026-09-18,115,745.6400146484375,0.9924360086132225,34.754999999999995,0.0164005179110919,0.3150684931506849,0.1612206941590136
SPY260918C00745000,2026-05-22 19:56:38+00:00,745.0,31.65,31.54,31.9,2.17,7.3609233,437.0,16702.0,0.1875996768188476,True,REGULAR,USD,call,2026-09-18,115,745.6400146484375,0.9991416573200684,31.72,0.0113493064312736,0.3150684931506849,0.15944952144751878
SPY260918C00750000,2026-05-22 20:03:01+00:00,750.0,28.29,28.5,28.57,1.6600018,6.2335777,541.0,36643.0,0.1817708776855468,False,REGULAR,USD,call,2026-09-18,115,745.6400146484375,1.0058473060269146,28.535,0.0024531277378657,0.3150684931506849,0.15593813792349248
SPY260918C00755000,2026-05-22 19:10:05+00:00,755.0,25.87,25.57,25.64,2.2200012,9.386898,441.0,13007.0,0.1775594940185547,False,REGULAR,USD,call,2026-09-18,115,745.6400146484375,1.0125529547337606,25.605,0.0027338410466705,0.3150684931506849,0.15312091610860729
SPY260918C00760000,2026-05-22 19:59:00+00:00,760.0,22.95,22.83,22.89,1.9500008,9.285718,1230.0,10696.0,0.1735998778533935,False,REGULAR,USD,call,2026-09-18,115,745.6400146484375,1.0192586034406068,22.86,0.0026246719160105,0.3150684931506849,0.15052281117282923
SPY260918C00765000,2026-05-22 20:04:01+00:00,765.0,20.2,20.27,20.33,1.3500004,7.1618056,128.0,17024.0,0.16993017578125,False,REGULAR,USD,call,2026-09-18,115,745.6400146484375,1.0259642521474528,20.299999999999997,0.0029556650246304,0.3150684931506849,0.1481083041846434
SPY260918C00770000,2026-05-22 19:48:57+00:00,770.0,17.69,17.91,17.97,0.98000145,5.864761,330.0,3197.0,0.1665809050750733,False,REGULAR,USD,call,2026-09-18,115,745.6400146484375,1.032669900854299,17.939999999999998,0.0033444816053511,0.3150684931506849,0.14594290346911534
SPY260918C00775000,2026-05-22 19:29:04+00:00,775.0,15.74,15.74,15.8,1.4799995,10.378678,212.0,3986.0,0.1634910311889648,False,REGULAR,USD,call,2026-09-18,115,745.6400146484375,1.0393755495611452,15.77,0.0038046924540266,0.3150684931506849,0.14395550166115947
SPY260918C00780000,2026-05-22 19:52:43+00:00,780.0,13.71,13.76,13.82,1.0200005,8.037828,709.0,16252.0,0.1606376661682129,False,REGULAR,USD,call,2026-09-18,115,745.6400146484375,1.0460811982679912,13.79,0.0043509789702683,0.3150684931506849,0.1421475531597626
SPY260918C00785000,2026-05-22 19:35:05+00:00,785.0,12.04,11.98,12.03,1.1300001,10.357471,75.0,9216.0,0.1580742152404785,False,REGULAR,USD,call,2026-09-18,115,745.6400146484375,1.0527868469748374,12.004999999999999,0.0041649312786338,0.3150684931506849,0.14056946230948086
SPY260918C00790000,2026-05-22 19:53:03+00:00,790.0,10.34,10.37,10.42,0.52999973,5.4026475,3550.0,11513.0,0.1557243852233886,False,REGULAR,USD,call,2026-09-18,115,745.6400146484375,1.0594924956816834,10.395,0.0048100048100048,0.3150684931506849,0.13912329843977259
SPY260918C00795000,2026-05-22 19:28:52+00:00,795.0,9.02,8.94,8.99,0.9300003,11.495677,15.0,9500.0,0.1536644692993164,False,REGULAR,USD,call,2026-09-18,115,745.6400146484375,1.0661981443885296,8.965,0.0055772448410486,0.3150684931506849,0.13788997121812518
SPY260918C00800000,2026-05-22 19:51:39+00:00,800.0,7.65,7.67,7.72,0.6199999,8.819344,249.0,14954.0,0.151802915649414,False,REGULAR,USD,call,2026-09-18,115,745.6400146484375,1.0729037930953755,7.695,0.0064977257959713,0.3150684931506849,0.13678981514113964
SPY260918C00805000,2026-05-22 18:31:52+00:00,805.0,6.98,6.55,6.6,1.1500001,19.72556,17.0,2145.0,0.150124465637207,False,REGULAR,USD,call,2026-09-18,115,745.6400146484375,1.0796094418022215,6.574999999999999,0.0076045627376425,0.3150684931506849,0.13581840073410986
SPY260918C00810000,2026-05-22 19:50:00+00:00,810.0,5.53,5.57,5.62,0.8800001,18.924734,34.0,1446.0,0.1486443778991699,False,REGULAR,USD,call,2026-09-18,115,745.6400146484375,1.0863150905090675,5.595000000000001,0.0089365504915102,0.3150684931506849,0.13497950530868877
SPY260918C00815000,2026-05-22 19:34:14+00:00,815.0,4.76,4.72,4.77,0.52000046,12.264162,19.0,6585.0,0.1473473937988281,False,REGULAR,USD,call,2026-09-18,115,745.6400146484375,1.093020739215914,4.744999999999999,0.0105374077976817,0.3150684931506849,0.13428561680244638
SPY260918C00820000,2026-05-22 19:17:05+00:00,820.0,4.06,3.98,4.03,0.71000004,21.194033,46.0,4180.0,0.1461572201538085,False,REGULAR,USD,call,2026-09-18,115,745.6400146484375,1.09972638792276,4.005,0.0124843945068664,0.3150684931506849,0.13365340870587314
SPY260918C00825000,2026-05-22 19:30:34+00:00,825.0,3.37,3.35,3.39,0.3599999,11.96013,143.0,5504.0,0.1450891156005859,False,REGULAR,USD,call,2026-09-18,115,745.6400146484375,1.106432036629606,3.37,0.0118694362017804,0.3150684931506849,0.13314150443624917
SPY260918C00830000,2026-05-22 17:39:35+00:00,830.0,3.23,2.81,2.85,1.1200001,53.080578,2.0,1013.0,0.144265149230957,False,REGULAR,USD,call,2026-09-18,115,745.6400146484375,1.113137685336452,2.83,0.0141342756183745,0.3150684931506849,0.13276772688667277
SPY260918C00835000,2026-05-22 19:31:40+00:00,835.0,2.39,2.35,2.39,0.2800002,13.270153,6.0,2032.0,0.1435327346801758,False,REGULAR,USD,call,2026-09-18,115,745.6400146484375,1.1198433340432985,2.37,0.0168776371308017,0.3150684931506849,0.1324821574296881
SPY260918C00840000,2026-05-22 17:32:08+00:00,840.0,2.3,1.97,2.0,0.53999996,30.681816,6.0,2262.0,0.1429529064941406,False,REGULAR,USD,call,2026-09-18,115,745.6400146484375,1.1265489827501445,1.9849999999999999,0.0151133501259446,0.3150684931506849,0.13235975529511373
SPY260918C00845000,2026-05-22 16:18:35+00:00,845.0,1.83,1.64,1.68,0.37,25.342464,2.0,2266.0,0.1426477337646484,False,REGULAR,USD,call,2026-09-18,115,745.6400146484375,1.1332546314569905,1.66,0.0240963855421686,0.3150684931506849,0.13232231347953874
SPY260918C00850000,2026-05-22 19:29:57+00:00,850.0,1.41,1.37,1.4,0.17999995,14.634141,92.0,5878.0,0.1422510092163085,False,REGULAR,USD,call,2026-09-18,115,745.6400146484375,1.1399602801638364,1.385,0.0216606498194944,0.3150684931506849,0.13233276595684956
SPY260918C00855000,2026-05-22 14:24:00+00:00,855.0,1.17,1.15,1.18,0.19999993,20.61855,2.0,1688.0,0.1422815264892578,False,REGULAR,USD,call,2026-09-18,115,745.6400146484375,1.1466659288706826,1.165,0.0257510729613734,0.3150684931506849,0.13265779944585426
SPY260918C00860000,2026-05-22 20:08:06+00:00,860.0,0.98,0.97,0.99,0.16000003,19.5122,10.0,4973.0,0.1422815264892578,False,REGULAR,USD,call,2026-09-18,115,745.6400146484375,1.1533715775775288,0.98,0.0204081632653061,0.3150684931506849,0.13304508505198598
SPY260918C00865000,2026-05-22 19:52:31+00:00,865.0,0.83,0.81,0.84,0.14999998,22.058819,6.0,1541.0,0.1426477337646484,False,REGULAR,USD,call,2026-09-18,115,745.6400146484375,1.1600772262843748,0.825,0.0363636363636362,0.3150684931506849,0.13350043900299166
SPY260918C00870000,2026-05-22 16:24:56+00:00,870.0,0.78,0.69,0.71,0.28999996,59.183662,2.0,827.0,0.1429529064941406,False,REGULAR,USD,call,2026-09-18,115,745.6400146484375,1.166782874991221,0.7,0.0285714285714286,0.3150684931506849,0.13417540151913748
SPY260918C00875000,2026-05-22 16:38:46+00:00,875.0,0.68,0.58,0.61,0.16000003,30.769238,2.0,1270.0,0.1436853210449218,False,REGULAR,USD,call,2026-09-18,115,745.6400146484375,1.173488523698067,0.595,0.0504201680672269,0.3150684931506849,0.13490714537605905
SPY260918C00880000,2026-05-22 19:43:59+00:00,880.0,0.52,0.5,0.52,0.06999999,15.555554,7.0,5580.0,0.1442346319580078,False,REGULAR,USD,call,2026-09-18,115,745.6400146484375,1.1801941724049132,0.51,0.0392156862745098,0.3150684931506849,0.13582685012346996
SPY260918C00885000,2026-05-21 17:37:48+00:00,885.0,0.37,0.43,0.45,0.0,0.0,2.0,4176.0,0.1451501501464843,False,REGULAR,USD,call,2026-09-18,115,745.6400146484375,1.1868998211117592,0.44,0.0454545454545455,0.3150684931506849,0.13687557674376175
SPY260918C00890000,2026-05-21 13:52:03+00:00,890.0,0.29,0.37,0.39,0.0,0.0,1.0,461.0,0.1460656683349609,False,REGULAR,USD,call,2026-09-18,115,745.6400146484375,1.1936054698186054,0.38,0.0526315789473684,0.3150684931506849,0.13793021523188312
SPY260918C00895000,2026-05-22 19:53:30+00:00,895.0,0.33,0.33,0.35,0.050000012,17.857147,2.0,1401.0,0.1477136010742187,False,REGULAR,USD,call,2026-09-18,115,745.6400146484375,1.2003111185254514,0.33999999999999997,0.0588235294117646,0.3150684931506849,0.13966012472888154
SPY260918C00900000,2026-05-22 19:50:54+00:00,900.0,0.31,0.29,0.31,0.02000001,6.8965554,154.0,6746.0,0.1490563610839843,False,REGULAR,USD,call,2026-09-18,115,745.6400146484375,1.2070167672322976,0.3,0.0666666666666667,0.3150684931506849,0.14107418184131681
SPY260918C00905000,2026-05-19 19:58:27+00:00,905.0,0.18,0.26,0.27,0.0,0.0,5.0,443.0,0.1499108447265625,False,REGULAR,USD,call,2026-09-18,115,745.6400146484375,1.2137224159391435,0.265,0.0377358490566038,0.3150684931506849,0.1424751683821
SPY260918C00910000,2026-05-20 16:28:50+00:00,910.0,0.21,0.23,0.25,0.0,0.0,3.0,526.0,0.1521080883789062,False,REGULAR,USD,call,2026-09-18,115,745.6400146484375,1.2204280646459895,0.24,0.0833333333333333,0.3150684931506849,0.14430519773778672
SPY260918C00915000,2026-05-15 14:40:07+00:00,915.0,0.29,0.21,0.22,0.0,0.0,1.0,200.0,0.1532067102050781,False,REGULAR,USD,call,2026-09-18,115,745.6400146484375,1.2271337133528355,0.215,0.0465116279069767,0.3150684931506849,0.14588830114514162
SPY260918C00920000,2026-05-14 19:52:18+00:00,920.0,0.32,0.19,0.2,0.0,0.0,4.0,1492.0,0.1549156774902344,False,REGULAR,USD,call,2026-09-18,115,745.6400146484375,1.233839362059682,0.195,0.0512820512820513,0.3150684931506849,0.14765583009245642
SPY260918C00925000,2026-05-14 15:43:19+00:00,925.0,0.32,0.17,0.19,0.0,0.0,1.0,715.0,0.1573570593261719,False,REGULAR,USD,call,2026-09-18,115,745.6400146484375,1.240545010766528,0.18,0.111111111111111,0.3150684931506849,0.14969648221910586
SPY260918C00930000,2026-04-30 15:16:58+00:00,930.0,0.1,0.15,0.17,0.0,0.0,287.0,777.0,0.1586998193359375,False,REGULAR,USD,call,2026-09-18,115,745.6400146484375,1.247250659473374,0.16,0.1250000000000001,0.3150684931506849,0.1510181797891481
SPY260918C00935000,2026-05-14 19:49:13+00:00,935.0,0.25,0.14,0.16,0.0,0.0,3.0,714.0,0.1608970629882812,False,REGULAR,USD,call,2026-09-18,115,745.6400146484375,1.2539563081802203,0.15000000000000002,0.1333333333333332,0.3150684931506849,0.15324488864615604
SPY260918C00940000,2026-05-14 14:50:34+00:00,940.0,0.23,0.13,0.15,0.0,0.0,1.0,1164.0,0.163094306640625,False,REGULAR,USD,call,2026-09-18,115,745.6400146484375,1.2606619568870665,0.14,0.1428571428571427,0.3150684931506849,0.15534779376922775
SPY260918C00945000,2026-05-22 19:52:31+00:00,945.0,0.12,0.12,0.14,0.0,0.0,1.0,1451.0,0.165047412109375,False,REGULAR,USD,call,2026-09-18,115,745.6400146484375,1.2673676055939125,0.13,0.1538461538461539,0.3150684931506849,0.1573175276324163
SPY260918C00950000,2026-05-22 19:50:00+00:00,950.0,0.13,0.11,0.13,0.0,0.0,1.0,2422.0,0.1667563793945313,False,REGULAR,USD,call,2026-09-18,115,745.6400146484375,1.2740732543007585,0.12,0.1666666666666667,0.3150684931506849,0.15914245438567987
SPY260918C00955000,2026-05-19 17:11:29+00:00,955.0,0.1,0.1,0.12,0.0,0.0,1.0,1274.0,0.1684653466796875,False,REGULAR,USD,call,2026-09-18,115,745.6400146484375,1.2807789030076049,0.11,0.1818181818181817,0.3150684931506849,0.16080812692093793
SPY260918C00960000,2026-05-13 19:30:19+00:00,960.0,0.15,0.1,0.11,0.0,0.0,102.0,1230.0,0.16993017578125,False,REGULAR,USD,call,2026-09-18,115,745.6400146484375,1.2874845517144506,0.10500000000000001,0.0952380952380951,0.3150684931506849,0.16313743657915528
SPY260918C00965000,2026-05-22 13:59:40+00:00,965.0,0.11,0.09,0.11,-0.019999996,-15.384613,1.0,1452.0,0.1731039721679687,False,REGULAR,USD,call,2026-09-18,115,745.6400146484375,1.2941902004212968,0.1,0.2,0.3150684931506849,0.1653892404356773
SPY260930C00530000,2026-05-11 14:09:46+00:00,530.0,215.45,221.39,224.55,0.0,0.0,1.0,51.0,0.4632622033691406,True,REGULAR,USD,call,2026-09-30,127,745.6400146484375,0.7107987629256863,222.97,0.014172310176257,0.34794520547945207,0.1747521915718077
SPY260930C00540000,2026-05-04 18:30:54+00:00,540.0,187.8,211.72,214.88,0.0,0.0,4.0,26.0,0.4482782223510742,True,REGULAR,USD,call,2026-09-30,127,745.6400146484375,0.7242100603393785,213.3,0.0148148148148147,0.34794520547945207,0.2321465621566457
SPY260930C00545000,2026-04-22 18:45:27+00:00,545.0,176.69,206.89,210.05,0.0,0.0,2.0,4.0,0.4408320077514648,True,REGULAR,USD,call,2026-09-30,127,745.6400146484375,0.7309157090462246,208.47,0.0151580563150574,0.34794520547945207,0.23816978029713298
SPY260930C00550000,2026-05-13 18:22:40+00:00,550.0,203.15,202.06,205.21,0.0,0.0,2.0,28.0,0.4332026895141602,True,REGULAR,USD,call,2026-09-30,127,745.6400146484375,0.7376213577530707,203.635,0.0154688535860731,0.34794520547945207,0.2408732207066172
SPY260930C00555000,2026-05-12 19:09:19+00:00,555.0,190.9,197.24,200.41,0.0,0.0,2.0,6.0,0.4260921649169922,True,REGULAR,USD,call,2026-09-30,127,745.6400146484375,0.7443270064599168,198.825,0.0159436690557021,0.34794520547945207,0.24367359581531256
SPY260930C00560000,2026-05-06 13:38:48+00:00,560.0,181.24,192.43,195.6,0.0,0.0,1.0,19.0,0.4188290539550781,True,REGULAR,USD,call,2026-09-30,127,745.6400146484375,0.7510326551667629,194.015,0.0163389428652423,0.34794520547945207,0.24488465457159414
SPY260930C00565000,2026-05-18 16:04:34+00:00,565.0,180.45,187.63,190.78,0.0,0.0,1.0,7.0,0.4113828393554687,True,REGULAR,USD,call,2026-09-30,127,745.6400146484375,0.757738303873609,189.20499999999998,0.0166486086519912,0.34794520547945207,0.24498062364759368
SPY260930C00570000,2026-05-07 18:53:08+00:00,570.0,169.44,182.84,186.0,0.0,0.0,2.0,89.0,0.4043943838500976,True,REGULAR,USD,call,2026-09-30,127,745.6400146484375,0.764443952580455,184.42000000000002,0.0171348009977225,0.34794520547945207,0.24535543430662995
SPY260930C00575000,2026-05-18 17:18:10+00:00,575.0,172.07,178.05,181.23,0.0,0.0,2.0,351.0,0.397466962890625,True,REGULAR,USD,call,2026-09-30,127,745.6400146484375,0.7711496012873011,179.64,0.0177020708082831,0.34794520547945207,0.24504345716563505
SPY260930C00580000,2026-05-20 15:53:52+00:00,580.0,170.37,173.29,176.46,0.0,0.0,1.0,14.0,0.3904785073852539,True,REGULAR,USD,call,2026-09-30,127,745.6400146484375,0.7778552499941473,174.875,0.0181272337383846,0.34794520547945207,0.24453110366827932
SPY260930C00585000,2026-05-06 19:05:59+00:00,585.0,159.96,168.53,171.7,0.0,0.0,15.0,747.0,0.3835510864257812,True,REGULAR,USD,call,2026-09-30,127,745.6400146484375,0.7845608987009934,170.115,0.018634453164036,0.34794520547945207,0.24349143429604686
SPY260930C00590000,2026-05-04 14:46:00+00:00,590.0,144.47,163.78,166.95,0.0,0.0,2.0,15.0,0.3766694413757324,True,REGULAR,USD,call,2026-09-30,127,745.6400146484375,0.7912665474078395,165.365,0.0191697154778821,0.34794520547945207,0.24215435970946417
SPY260930C00594000,2026-05-14 16:20:02+00:00,594.0,165.96,159.99,163.16,0.0,0.0,307.0,2031.0,0.3712221081542969,True,REGULAR,USD,call,2026-09-30,127,745.6400146484375,0.7966310663733164,161.575,0.0196193718087574,0.34794520547945207,0.2409649646021581
SPY260930C00595000,2026-05-08 19:29:34+00:00,595.0,152.13,159.04,162.22,0.0,0.0,5.0,424.0,0.369925124053955,True,REGULAR,USD,call,2026-09-30,127,745.6400146484375,0.7979721961146856,160.63,0.0197970491190936,0.34794520547945207,0.24068027513797055
SPY260930C00596000,2026-04-30 19:06:42+00:00,596.0,136.88,158.09,161.27,0.0,0.0,1.0,2.0,0.3685365881347656,True,REGULAR,USD,call,2026-09-30,127,745.6400146484375,0.7993133258560549,159.68,0.0199148296593186,0.34794520547945207,0.24024160653082025
SPY260930C00597000,2026-05-22 19:10:43+00:00,597.0,159.56,157.15,160.33,30.919998,24.036068,1.0,8.0,0.3672243453979492,True,REGULAR,USD,call,2026-09-30,127,745.6400146484375,0.800654455597424,158.74,0.0200327579690059,0.34794520547945207,0.24004447644957078
SPY260930C00598000,2026-05-19 16:30:11+00:00,598.0,147.72,156.2,159.38,0.0,0.0,247.0,1273.0,0.3658205508422851,True,REGULAR,USD,call,2026-09-30,127,745.6400146484375,0.8019955853387932,157.79,0.0201533684010394,0.34794520547945207,0.2395674852937788
SPY260930C00599000,2026-05-15 18:22:55+00:00,599.0,155.11,155.26,158.44,0.0,0.0,2.0,1614.0,0.3645235667419434,True,REGULAR,USD,call,2026-09-30,127,745.6400146484375,0.8033367150801625,156.85,0.020274147274466,0.34794520547945207,0.23932476307068884
SPY260930C00600000,2026-05-20 16:36:26+00:00,600.0,149.5,154.32,157.5,0.0,0.0,2.0,1644.0,0.3632113240051269,True,REGULAR,USD,call,2026-09-30,127,745.6400146484375,0.8046778448215317,155.91,0.0203963825283818,0.34794520547945207,0.23905810766071323
SPY260930C00601000,2026-05-15 18:23:16+00:00,601.0,153.42,153.37,156.55,0.0,0.0,2.0,729.0,0.3617922708129882,True,REGULAR,USD,call,2026-09-30,127,745.6400146484375,0.806018974562901,154.96,0.020521424883841,0.34794520547945207,0.23852646855026652
SPY260930C00602000,2026-05-12 15:39:28+00:00,602.0,143.97,152.43,155.61,0.0,0.0,40.0,37.0,0.3604800280761718,True,REGULAR,USD,call,2026-09-30,127,745.6400146484375,0.8073601043042701,154.02,0.020646669263732,0.34794520547945207,0.23821863115742556
SPY260930C00603000,2026-05-12 15:41:26+00:00,603.0,142.82,151.49,154.67,0.0,0.0,28.0,22.0,0.3591677853393554,True,REGULAR,USD,call,2026-09-30,127,745.6400146484375,0.8087012340456393,153.07999999999998,0.0207734517899136,0.34794520547945207,0.2378889443572221
SPY260930C00604000,2026-04-23 17:53:25+00:00,604.0,118.93,150.55,153.73,0.0,0.0,1.0,5.0,0.3578402839660644,True,REGULAR,USD,call,2026-09-30,127,745.6400146484375,0.8100423637870086,152.14,0.020901800972788,0.34794520547945207,0.2375386956748855
SPY260930C00605000,2026-05-19 16:29:59+00:00,605.0,140.79,149.61,152.79,0.0,0.0,965.0,4787.0,0.3565127825927734,True,REGULAR,USD,call,2026-09-30,127,745.6400146484375,0.8113834935283778,151.2,0.0210317460317458,0.34794520547945207,0.23716807684954677
SPY260930C00606000,2026-05-19 16:29:11+00:00,606.0,140.01,148.67,151.85,0.0,0.0,1806.0,1611.0,0.3551852812194824,True,REGULAR,USD,call,2026-09-30,127,745.6400146484375,0.812724623269747,150.26,0.0211633169173433,0.34794520547945207,0.23677749015228744
SPY260930C00607000,2026-05-14 15:23:20+00:00,607.0,153.45,147.73,150.89,0.0,0.0,1.0,4.0,0.3536441589355468,True,REGULAR,USD,call,2026-09-30,127,745.6400146484375,0.8140657530111162,149.31,0.0211640211640211,0.34794520547945207,0.23614717587891668
SPY260930C00609000,2026-05-06 14:12:17+00:00,609.0,135.06,145.86,149.04,0.0,0.0,1.0,21.0,0.3512638116455078,True,REGULAR,USD,call,2026-09-30,127,745.6400146484375,0.8167480124938546,147.45,0.0215666327568665,0.34794520547945207,0.23570746835333498
SPY260930C00610000,2026-05-22 16:42:52+00:00,610.0,147.49,144.92,148.08,-2.5299988,-1.686441,1.0,947.0,0.3497226893615722,True,REGULAR,USD,call,2026-09-30,127,745.6400146484375,0.8180891422352239,146.5,0.0215699658703073,0.34794520547945207,0.2350298167901378
SPY260930C00611000,2026-04-22 19:46:27+00:00,611.0,116.06,143.98,147.17,0.0,0.0,1044.0,822.0,0.3486698434448242,True,REGULAR,USD,call,2026-09-30,127,745.6400146484375,0.8194302719765931,145.575,0.021913103211403,0.34794520547945207,0.23486080053470748
SPY260930C00613000,2026-05-08 15:51:12+00:00,613.0,137.05,142.11,145.3,0.0,0.0,1.0,2.0,0.3460606166076659,True,REGULAR,USD,call,2026-09-30,127,745.6400146484375,0.8221125314593315,143.705,0.0221982533662711,0.34794520547945207,0.2340428063902455
SPY260930C00614000,2026-05-18 16:48:15+00:00,614.0,134.74,141.18,144.36,0.0,0.0,1.0,3.0,0.3447025979614257,True,REGULAR,USD,call,2026-09-30,127,745.6400146484375,0.8234536612007007,142.77,0.0222735868880017,0.34794520547945207,0.2336059411347612
SPY260930C00615000,2026-05-22 18:53:24+00:00,615.0,143.01,140.25,143.43,31.029991,27.710299,1.0,581.0,0.3434361311340332,True,REGULAR,USD,call,2026-09-30,127,745.6400146484375,0.82479479094207,141.84,0.022419627749577,0.34794520547945207,0.2332487542053911
SPY260930C00617000,2026-04-22 20:04:13+00:00,617.0,112.17,138.38,141.57,0.0,0.0,4.0,15.0,0.3408879388427734,True,REGULAR,USD,call,2026-09-30,127,745.6400146484375,0.8274770504248085,139.975,0.0227897838899803,0.34794520547945207,0.23237976915568556
SPY260930C00619000,2026-04-21 19:54:27+00:00,619.0,104.58,136.52,139.7,0.0,0.0,1.0,1.0,0.3382176774597168,True,REGULAR,USD,call,2026-09-30,127,745.6400146484375,0.8301593099075468,138.11,0.0230251249004415,0.34794520547945207,0.23143934837349361
SPY260930C00620000,2026-05-21 17:16:53+00:00,620.0,133.8,135.59,138.77,0.0,0.0,10.0,1233.0,0.336920693359375,True,REGULAR,USD,call,2026-09-30,127,745.6400146484375,0.8315004396489161,137.18,0.023181221752442,0.34794520547945207,0.23098908260286682
SPY260930C00621000,2026-04-22 20:03:01+00:00,621.0,108.48,134.66,137.84,0.0,0.0,26.0,24.0,0.3356237092590332,True,REGULAR,USD,call,2026-09-30,127,745.6400146484375,0.8328415693902853,136.25,0.0233394495412844,0.34794520547945207,0.23052109724897565
SPY260930C00622000,2026-05-12 13:39:36+00:00,622.0,128.03,133.73,136.92,0.0,0.0,1.0,5.0,0.334418276977539,True,REGULAR,USD,call,2026-09-30,127,745.6400146484375,0.8341826991316545,135.325,0.0235728801034546,0.34794520547945207,0.2301245063972803
SPY260930C00624000,2026-05-18 18:30:32+00:00,624.0,124.24,131.87,135.06,0.0,0.0,2.0,3.0,0.3318090501403808,True,REGULAR,USD,call,2026-09-30,127,745.6400146484375,0.8368649586143929,133.465,0.023901397370097,0.34794520547945207,0.22910142190877036
SPY260930C00625000,2026-04-30 14:26:40+00:00,625.0,104.22,130.94,134.11,0.0,0.0,1.0,251.0,0.3302984451293945,True,REGULAR,USD,call,2026-09-30,127,745.6400146484375,0.8382060883557622,132.525,0.0239200150914922,0.34794520547945207,0.22839524030462227
SPY260930C00626000,2026-04-29 18:41:16+00:00,626.0,102.28,130.02,133.21,0.0,0.0,1.0,236.0,0.329260857849121,True,REGULAR,USD,call,2026-09-30,127,745.6400146484375,0.8395472180971314,131.615,0.0242373589636439,0.34794520547945207,0.22818253684241915
SPY260930C00627000,2026-05-04 18:46:58+00:00,627.0,108.07,129.09,132.26,0.0,0.0,1.0,19.0,0.3277502528381347,True,REGULAR,USD,call,2026-09-30,127,745.6400146484375,0.8408883478385006,130.675,0.0242586569734072,0.34794520547945207,0.22744758566369347
SPY260930C00628000,2026-05-19 14:18:27+00:00,628.0,118.54,128.17,131.36,0.0,0.0,1.0,6.0,0.3266974069213867,True,REGULAR,USD,call,2026-09-30,127,745.6400146484375,0.8422294775798699,129.765,0.0245828998574348,0.34794520547945207,0.227193358743727
SPY260930C00629000,2026-05-15 18:35:50+00:00,629.0,125.32,127.24,130.43,0.0,0.0,1.0,215.0,0.3253546469116211,True,REGULAR,USD,call,2026-09-30,127,745.6400146484375,0.843570607321239,128.835,0.0247603523887143,0.34794520547945207,0.2265929650149852
SPY260930C00630000,2026-05-08 20:05:15+00:00,630.0,122.0,126.32,129.49,0.0,0.0,2.0,806.0,0.3239355937194824,True,REGULAR,USD,call,2026-09-30,127,745.6400146484375,0.8449117370626082,127.905,0.0247840193893906,0.34794520547945207,0.2259783244944511
SPY260930C00631000,2026-04-29 15:43:25+00:00,631.0,98.15,125.4,128.57,0.0,0.0,2.0,766.0,0.3226691268920897,True,REGULAR,USD,call,2026-09-30,127,745.6400146484375,0.8462528668039775,126.985,0.0249635783753985,0.34794520547945207,0.2255073845746688
SPY260930C00634000,2026-04-23 17:41:46+00:00,634.0,91.63,122.64,125.83,0.0,0.0,3.0,106.0,0.3190528300476073,True,REGULAR,USD,call,2026-09-30,127,745.6400146484375,0.8502762560280851,124.235,0.0256771441220267,0.34794520547945207,0.2241420088576959
SPY260930C00635000,2026-05-12 18:02:54+00:00,635.0,115.27,121.72,124.91,0.0,0.0,4.0,790.0,0.3177863632202148,True,REGULAR,USD,call,2026-09-30,127,745.6400146484375,0.8516173857694543,123.315,0.0258687102136803,0.34794520547945207,0.22360115296924815
SPY260930C00636000,2026-04-27 15:59:24+00:00,636.0,96.9,120.8,124.0,0.0,0.0,1.0,116.0,0.3165809309387207,True,REGULAR,USD,call,2026-09-30,127,745.6400146484375,0.8529585155108236,122.4,0.0261437908496732,0.34794520547945207,0.22311815166519877
SPY260930C00637000,2026-04-22 16:30:19+00:00,637.0,93.04,119.89,123.08,0.0,0.0,2.0,131.0,0.3152992054748534,True,REGULAR,USD,call,2026-09-30,127,745.6400146484375,0.8542996452521928,121.485,0.0262583858089475,0.34794520547945207,0.22261765831531172
SPY260930C00638000,2026-04-22 19:48:35+00:00,638.0,93.26,118.97,122.15,0.0,0.0,4.0,123.0,0.313910669555664,True,REGULAR,USD,call,2026-09-30,127,745.6400146484375,0.8556407749935621,120.56,0.0263769077637691,0.34794520547945207,0.22195593916828762
SPY260930C00639000,2026-04-30 14:44:32+00:00,639.0,92.56,118.06,121.25,0.0,0.0,1.0,557.0,0.3127815304565429,True,REGULAR,USD,call,2026-09-30,127,745.6400146484375,0.8569819047349312,119.655,0.0266599807780702,0.34794520547945207,0.22156571650251758
SPY260930C00640000,2026-05-22 16:16:25+00:00,640.0,119.87,117.14,120.36,5.540001,4.845623,5.0,995.0,0.3117439431762695,True,REGULAR,USD,call,2026-09-30,127,745.6400146484375,0.8583230344763004,118.75,0.0271157894736842,0.34794520547945207,0.22115558352816744
SPY260930C00641000,2026-05-19 19:08:27+00:00,641.0,108.59,116.23,119.41,0.0,0.0,1.0,245.0,0.3101723036193847,True,REGULAR,USD,call,2026-09-30,127,745.6400146484375,0.8596641642176697,117.82,0.0269903242233915,0.34794520547945207,0.22037856540618023
SPY260930C00642000,2026-05-21 17:49:04+00:00,642.0,115.2,115.32,118.5,0.0,0.0,20.0,171.0,0.3089363540649413,True,REGULAR,USD,call,2026-09-30,127,745.6400146484375,0.8610052939590389,116.91,0.0272004105722351,0.34794520547945207,0.2198656423838023
SPY260930C00643000,2026-05-20 15:15:43+00:00,643.0,112.13,114.41,117.59,0.0,0.0,1.0,132.0,0.307700404510498,True,REGULAR,USD,call,2026-09-30,127,745.6400146484375,0.8623464237004081,116.0,0.0274137931034483,0.34794520547945207,0.21933558254434174
SPY260930C00644000,2026-05-18 14:42:39+00:00,644.0,109.33,113.5,116.68,0.0,0.0,1.0,213.0,0.30644919631958,True,REGULAR,USD,call,2026-09-30,127,745.6400146484375,0.8636875534417774,115.09,0.0276305500043444,0.34794520547945207,0.21878877566437885
SPY260930C00645000,2026-05-21 13:57:01+00:00,645.0,108.9,112.59,115.77,0.0,0.0,5.0,505.0,0.3051979881286621,True,REGULAR,USD,call,2026-09-30,127,745.6400146484375,0.8650286831831465,114.18,0.0278507619548081,0.34794520547945207,0.21822558753565552
SPY260930C00646000,2026-04-17 14:07:53+00:00,646.0,84.98,111.68,114.86,0.0,0.0,2.0,20.0,0.3039467799377441,True,REGULAR,USD,call,2026-09-30,127,745.6400146484375,0.8663698129245158,113.27000000000001,0.0280745122274211,0.34794520547945207,0.21764610738747883
SPY260930C00647000,2026-05-06 14:36:42+00:00,647.0,101.64,110.77,113.99,0.0,0.0,1.0,200.0,0.303016003112793,True,REGULAR,USD,call,2026-09-30,127,745.6400146484375,0.867710942665885,112.38,0.0286527851930948,0.34794520547945207,0.21731012323735205
SPY260930C00649000,2026-04-28 19:16:54+00:00,649.0,83.9,108.96,112.17,0.0,0.0,2.0,23.0,0.3004678108215332,True,REGULAR,USD,call,2026-09-30,127,745.6400146484375,0.8703932021486235,110.565,0.0290326956993624,0.34794520547945207,0.21613138614526065
SPY260930C00650000,2026-05-22 17:56:40+00:00,650.0,110.68,108.06,111.26,5.1500015,4.8801303,5.0,1380.0,0.2991708267211913,True,REGULAR,USD,call,2026-09-30,127,745.6400146484375,0.8717343318899926,109.66,0.0291811052343607,0.34794520547945207,0.21554981821402755
SPY260930C00651000,2026-04-23 13:45:06+00:00,651.0,82.33,107.15,110.34,0.0,0.0,8.0,6.0,0.2977975494384764,True,REGULAR,USD,call,2026-09-30,127,745.6400146484375,0.8730754616313618,108.745,0.0293346820543473,0.34794520547945207,0.21482874458367998
SPY260930C00652000,2026-05-14 14:45:03+00:00,652.0,111.0,106.25,109.44,0.0,0.0,1.0,17.0,0.2965921171569823,True,REGULAR,USD,call,2026-09-30,127,745.6400146484375,0.8744165913727311,107.845,0.0295794890815522,0.34794520547945207,0.2142780157801155
SPY260930C00653000,2026-04-29 13:45:19+00:00,653.0,79.23,105.35,108.53,0.0,0.0,2.0,25.0,0.2952798744201659,True,REGULAR,USD,call,2026-09-30,127,745.6400146484375,0.8757577211141003,106.94,0.029736300729381,0.34794520547945207,0.21365008070970803
SPY260930C00654000,2026-04-23 16:03:00+00:00,654.0,79.95,104.45,107.64,0.0,0.0,1.0,18.0,0.2941354766845703,True,REGULAR,USD,call,2026-09-30,127,745.6400146484375,0.8770988508554696,106.045,0.0300815691451741,0.34794520547945207,0.21312649698919245
SPY260930C00655000,2026-05-13 17:05:36+00:00,655.0,104.26,103.55,106.74,0.0,0.0,4.0,223.0,0.2928995271301268,True,REGULAR,USD,call,2026-09-30,127,745.6400146484375,0.8784399805968387,105.145,0.0303390555898996,0.34794520547945207,0.21252630898352243
SPY260930C00656000,2026-05-14 14:46:27+00:00,656.0,107.73,102.65,105.86,0.0,0.0,2.0,53.0,0.2918009053039549,True,REGULAR,USD,call,2026-09-30,127,745.6400146484375,0.8797811103382079,104.255,0.0307898901731331,0.34794520547945207,0.21202683972178105
SPY260930C00657000,2026-05-15 16:35:10+00:00,657.0,100.85,101.75,104.94,0.0,0.0,2.0,9.0,0.2903971107482909,True,REGULAR,USD,call,2026-09-30,127,745.6400146484375,0.8811222400795772,103.345,0.0308674827035657,0.34794520547945207,0.21127838942954213
SPY260930C00658000,2026-04-21 16:59:03+00:00,658.0,73.25,100.86,104.07,0.0,0.0,6.0,22.0,0.2893747821044921,True,REGULAR,USD,call,2026-09-30,127,745.6400146484375,0.8824633698209464,102.465,0.0313277704582051,0.34794520547945207,0.21085997262236092
SPY260930C00659000,2026-05-05 18:45:35+00:00,659.0,85.25,99.97,103.16,0.0,0.0,1.0,49.0,0.2880167634582518,True,REGULAR,USD,call,2026-09-30,127,745.6400146484375,0.8838044995623157,101.565,0.0314084576379658,0.34794520547945207,0.21019533741501564
SPY260930C00660000,2026-05-20 19:02:04+00:00,660.0,96.8,99.07,102.26,0.0,0.0,6.0,458.0,0.2867502966308593,True,REGULAR,USD,call,2026-09-30,127,745.6400146484375,0.8851456293036849,100.66499999999999,0.0316892663785825,0.34794520547945207,0.2095158288867604
SPY260930C00661000,2026-05-06 15:07:01+00:00,661.0,90.37,98.18,101.37,0.0,0.0,2.0,17.0,0.2855448643493651,True,REGULAR,USD,call,2026-09-30,127,745.6400146484375,0.886486759045054,99.775,0.0319719368579303,0.34794520547945207,0.2089323918461876
SPY260930C00662000,2026-05-05 18:12:06+00:00,662.0,82.84,97.29,100.49,0.0,0.0,2.0,15.0,0.2844004666137695,True,REGULAR,USD,call,2026-09-30,127,745.6400146484375,0.8878278887864233,98.89,0.0323591869754271,0.34794520547945207,0.2083869672632396
SPY260930C00663000,2026-04-23 14:13:42+00:00,663.0,72.2,96.4,99.62,0.0,0.0,1.0,69.0,0.2833323620605468,True,REGULAR,USD,call,2026-09-30,127,745.6400146484375,0.8891690185277925,98.01,0.0328537904295479,0.34794520547945207,0.20787787327284002
SPY260930C00664000,2026-04-17 14:30:13+00:00,664.0,70.52,95.52,98.71,0.0,0.0,1.0,112.0,0.281959084777832,True,REGULAR,USD,call,2026-09-30,127,745.6400146484375,0.8905101482691617,97.115,0.0328476548421973,0.34794520547945207,0.20718992442764048
SPY260930C00665000,2026-05-20 19:51:28+00:00,665.0,92.68,94.63,97.86,0.0,0.0,10.0,94.0,0.2810130493164062,True,REGULAR,USD,call,2026-09-30,127,745.6400146484375,0.891851278010531,96.245,0.0335601849446724,0.34794520547945207,0.20675211444252467
SPY260930C00666000,2026-05-15 14:22:55+00:00,666.0,93.47,93.75,96.94,0.0,0.0,2.0,38.0,0.2795482202148437,True,REGULAR,USD,call,2026-09-30,127,745.6400146484375,0.8931924077519001,95.345,0.0334574440190885,0.34794520547945207,0.20597951860445232
SPY260930C00667000,2026-05-01 14:33:04+00:00,667.0,77.72,92.86,96.06,0.0,0.0,1.0,103.0,0.2783580465698242,True,REGULAR,USD,call,2026-09-30,127,745.6400146484375,0.8945335374932694,94.46000000000001,0.0338767732373491,0.34794520547945207,0.205349490031593
SPY260930C00668000,2026-05-13 14:07:00+00:00,668.0,86.39,91.98,95.18,0.0,0.0,1.0,126.0,0.2771678729248046,True,REGULAR,USD,call,2026-09-30,127,745.6400146484375,0.8958746672346386,93.58000000000001,0.0341953408848044,0.34794520547945207,0.2047543927770827
SPY260930C00669000,2026-04-14 17:48:49+00:00,669.0,54.79,85.78,88.84,0.0,0.0,1.0,275.0,0.2336655003356933,True,REGULAR,USD,call,2026-09-30,127,745.6400146484375,0.8972157969760078,87.31,0.0350475317833009,0.34794520547945207,0.13339510018306186
SPY260930C00670000,2026-05-22 18:19:09+00:00,670.0,92.08,90.22,93.42,3.1699982,3.5654008,7.0,2962.0,0.274772266998291,True,REGULAR,USD,call,2026-09-30,127,745.6400146484375,0.8985569267173771,91.82,0.0348507950337617,0.34794520547945207,0.20351343508702885
SPY260930C00671000,2026-05-20 17:18:47+00:00,671.0,86.7,89.34,92.55,0.0,0.0,2.0,67.0,0.2736278692626953,True,REGULAR,USD,call,2026-09-30,127,745.6400146484375,0.8998980564587462,90.945,0.0352960580570673,0.34794520547945207,0.20291782019653398
SPY260930C00672000,2026-05-15 14:15:51+00:00,672.0,88.01,88.47,91.7,0.0,0.0,2.0,35.0,0.2726207992553711,True,REGULAR,USD,call,2026-09-30,127,745.6400146484375,0.9012391862001154,90.08500000000001,0.0358550258089582,0.34794520547945207,0.2024528177530713
SPY260930C00673000,2026-05-06 16:47:41+00:00,673.0,80.02,87.59,90.8,0.0,0.0,1.0,34.0,0.2712475219726562,True,REGULAR,USD,call,2026-09-30,127,745.6400146484375,0.9025803159414848,89.195,0.0359885643814114,0.34794520547945207,0.20167486219353412
SPY260930C00674000,2026-05-15 13:51:04+00:00,674.0,84.59,86.72,89.95,0.0,0.0,3.0,52.0,0.2702251933288574,True,REGULAR,USD,call,2026-09-30,127,745.6400146484375,0.903921445682854,88.33500000000001,0.036565347823626,0.34794520547945207,0.2011730581219622
SPY260930C00675000,2026-05-21 18:39:47+00:00,675.0,85.48,85.84,89.08,0.0,0.0,1.0,436.0,0.2690350196838378,True,REGULAR,USD,call,2026-09-30,127,745.6400146484375,0.9052625754242232,87.46000000000001,0.0370455065172649,0.34794520547945207,0.2005082321074302
SPY260930C00676000,2026-04-30 15:59:59+00:00,676.0,63.72,84.97,88.21,0.0,0.0,1.0,44.0,0.2678448460388183,True,REGULAR,USD,call,2026-09-30,127,745.6400146484375,0.9066037051655924,86.59,0.0374177156715555,0.34794520547945207,0.1998744778169222
SPY260930C00677000,2026-05-22 15:56:13+00:00,677.0,86.86,84.1,87.34,8.849998,11.344697,2.0,276.0,0.2666546723937988,True,REGULAR,USD,call,2026-09-30,127,745.6400146484375,0.9079448349069617,85.72,0.0377974801679889,0.34794520547945207,0.19922320816823247
SPY260930C00678000,2026-05-12 13:31:28+00:00,678.0,79.01,83.24,86.48,0.0,0.0,1.0,30.0,0.2655102746582031,True,REGULAR,USD,call,2026-09-30,127,745.6400146484375,0.9092859646483308,84.86,0.0381805326419986,0.34794520547945207,0.19864861270780268
SPY260930C00679000,2026-05-13 19:55:49+00:00,679.0,83.47,82.37,85.61,0.0,0.0,1.0,88.0,0.2642895837402343,True,REGULAR,USD,call,2026-09-30,127,745.6400146484375,0.9106270943897,83.99000000000001,0.0385760209548755,0.34794520547945207,0.19796336755572327
SPY260930C00680000,2026-05-22 18:46:53+00:00,680.0,84.15,81.51,84.75,3.9500046,4.925193,3.0,1913.0,0.2631299273681641,True,REGULAR,USD,call,2026-09-30,127,745.6400146484375,0.9119682241310691,83.13,0.0389750992421507,0.34794520547945207,0.19735289640711287
SPY260930C00681000,2026-05-21 17:12:50+00:00,681.0,77.79,80.64,83.89,0.0,0.0,3.0,39.0,0.2619702709960937,True,REGULAR,USD,call,2026-09-30,127,745.6400146484375,0.9133093538724384,82.265,0.0395064729836504,0.34794520547945207,0.1966793400801785
SPY260930C00682000,2026-05-21 17:12:37+00:00,682.0,77.09,79.78,83.03,0.0,0.0,1.0,141.0,0.2607877266693115,True,REGULAR,USD,call,2026-09-30,127,745.6400146484375,0.9146504836138076,81.405,0.0399238376021128,0.34794520547945207,0.19603366284155743
SPY260930C00683000,2026-05-21 17:17:59+00:00,683.0,77.44,78.93,82.17,0.0,0.0,1.0,156.0,0.259597553024292,True,REGULAR,USD,call,2026-09-30,127,745.6400146484375,0.9159916133551768,80.55000000000001,0.0402234636871507,0.34794520547945207,0.19541480861847157
SPY260930C00684000,2026-05-22 17:41:34+00:00,684.0,81.58,78.07,81.32,6.340004,8.426374,2.0,59.0,0.2584607846069336,True,REGULAR,USD,call,2026-09-30,127,745.6400146484375,0.917332743096546,79.695,0.0407804755630842,0.34794520547945207,0.19477785128619762
SPY260930C00685000,2026-05-22 18:24:29+00:00,685.0,79.8,77.22,80.47,5.5,7.4024224,8.0,599.0,0.2573316455078125,True,REGULAR,USD,call,2026-09-30,127,745.6400146484375,0.9186738728379154,78.845,0.0412201154163231,0.34794520547945207,0.1941665004498433
SPY260930C00686000,2026-05-21 17:13:36+00:00,686.0,73.57,76.36,79.62,0.0,0.0,3.0,102.0,0.2561719891357422,True,REGULAR,USD,call,2026-09-30,127,745.6400146484375,0.9200150025792846,77.99000000000001,0.0418002307988204,0.34794520547945207,0.19349359572131972
SPY260930C00687000,2026-05-22 16:04:12+00:00,687.0,78.85,75.51,78.77,6.189995,8.519123,20.0,193.0,0.2550123327636719,True,REGULAR,USD,call,2026-09-30,127,745.6400146484375,0.9213561323206536,77.14,0.0422608244749804,0.34794520547945207,0.1928459377313543
SPY260930C00688000,2026-05-22 16:04:12+00:00,688.0,77.96,74.66,77.92,6.0499954,8.413287,18.0,77.0,0.2538374177551269,True,REGULAR,USD,call,2026-09-30,127,745.6400146484375,0.922697262062023,76.28999999999999,0.0427316817407262,0.34794520547945207,0.1921802262693302
SPY260930C00689000,2026-05-21 17:13:27+00:00,689.0,70.98,73.82,77.08,0.0,0.0,3.0,168.0,0.2527082786560058,True,REGULAR,USD,call,2026-09-30,127,745.6400146484375,0.9240383918033922,75.44999999999999,0.0432074221338635,0.34794520547945207,0.19158052921448848
SPY260930C00690000,2026-05-22 17:15:49+00:00,690.0,76.21,72.97,76.23,1.9400024,2.6120944,1.0,672.0,0.2515181050109863,True,REGULAR,USD,call,2026-09-30,127,745.6400146484375,0.9253795215447614,74.6,0.0436997319034853,0.34794520547945207,0.19087857995638616
SPY260930C00691000,2026-05-21 17:13:36+00:00,691.0,69.41,72.13,75.39,0.0,0.0,3.0,313.0,0.2503737072753906,True,REGULAR,USD,call,2026-09-30,127,745.6400146484375,0.9267206512861308,73.75999999999999,0.0441973969631237,0.34794520547945207,0.19024154476533714
SPY260930C00695000,2026-05-21 17:13:37+00:00,695.0,66.09,68.78,72.04,0.0,0.0,3.0,840.0,0.2457503404235839,True,REGULAR,USD,call,2026-09-30,127,745.6400146484375,0.9320851702516076,70.41,0.0463002414429769,0.34794520547945207,0.18758753009008888
SPY260930C00700000,2026-05-22 19:35:30+00:00,700.0,66.26,64.73,67.87,2.4400024,3.823257,38.0,2193.0,0.2398071015167236,True,REGULAR,USD,call,2026-09-30,127,745.6400146484375,0.9387908189584536,66.30000000000001,0.0473604826546003,0.34794520547945207,0.18444936341778093
SPY260930C00705000,2026-05-22 19:42:19+00:00,705.0,62.02,61.98,62.55,2.5,4.2002687,14.0,884.0,0.2262574323272705,True,REGULAR,USD,call,2026-09-30,127,745.6400146484375,0.9454964676652996,62.265,0.0091544206215369,0.34794520547945207,0.181372424420244
SPY260930C00710000,2026-05-22 18:38:02+00:00,710.0,58.93,56.57,59.56,3.9399986,7.1649365,1.0,1023.0,0.2271500625610351,True,REGULAR,USD,call,2026-09-30,127,745.6400146484375,0.9522021163721458,58.065,0.05149401532765,0.34794520547945207,0.17662049033234992
SPY260930C00715000,2026-05-22 15:20:00+00:00,715.0,54.87,52.93,55.66,5.289997,10.669619,7.0,1683.0,0.2218629450225829,True,REGULAR,USD,call,2026-09-30,127,745.6400146484375,0.958907765078992,54.295,0.0502808730085642,0.34794520547945207,0.17438214280615758
SPY260930C00720000,2026-05-22 17:58:12+00:00,720.0,51.62,48.98,52.03,4.1899986,8.834068,11.0,1797.0,0.2177812597656249,True,REGULAR,USD,call,2026-09-30,127,745.6400146484375,0.965613413785838,50.504999999999995,0.0603900603900604,0.34794520547945207,0.17140037281086398
SPY260930C00725000,2026-05-22 19:41:04+00:00,725.0,46.65,45.27,48.19,4.16,9.790538,8.0,1850.0,0.2119829779052734,True,REGULAR,USD,call,2026-09-30,127,745.6400146484375,0.972319062492684,46.730000000000004,0.0624866252942434,0.34794520547945207,0.16793076887428926
SPY260930C00730000,2026-05-22 19:09:54+00:00,730.0,43.44,41.73,44.44,1.8499985,4.448181,38.0,5251.0,0.2062533599090575,True,REGULAR,USD,call,2026-09-30,127,745.6400146484375,0.9790247111995302,43.084999999999994,0.0628989207380759,0.34794520547945207,0.16468524224383474
SPY260930C00735000,2026-05-22 17:32:36+00:00,735.0,41.01,37.88,41.24,3.5900002,9.5938015,21.0,819.0,0.2031940032958984,True,REGULAR,USD,call,2026-09-30,127,745.6400146484375,0.9857303599063764,39.56,0.0849342770475227,0.34794520547945207,0.16154162417849602
SPY260930C00740000,2026-05-22 19:42:08+00:00,740.0,36.02,35.17,36.32,1.8699989,5.4758387,146.0,1551.0,0.1897511445617676,True,REGULAR,USD,call,2026-09-30,127,745.6400146484375,0.9924360086132225,35.745000000000005,0.0321723317946565,0.34794520547945207,0.15601959104251625
SPY260930C00745000,2026-05-22 19:36:58+00:00,745.0,33.08,32.83,33.16,1.9100018,6.127692,53.0,1433.0,0.1857991577148437,True,REGULAR,USD,call,2026-09-30,127,745.6400146484375,0.9991416573200684,32.995,0.0100015153811183,0.34794520547945207,0.1560864456226204
SPY260930C00750000,2026-05-22 19:57:26+00:00,750.0,29.92,29.81,29.89,1.8999996,6.7808695,312.0,2678.0,0.1805654454040527,False,REGULAR,USD,call,2026-09-30,127,745.6400146484375,1.0058473060269146,29.85,0.0026800670016751,0.34794520547945207,0.1530610257224091
SPY260930C00755000,2026-05-22 18:44:53+00:00,755.0,27.66,26.88,26.96,2.2800007,8.983455,15.0,1342.0,0.1765676826477051,False,REGULAR,USD,call,2026-09-30,127,745.6400146484375,1.0125529547337606,26.92,0.0029717682020803,0.34794520547945207,0.15049368954637596
SPY260930C00760000,2026-05-22 18:34:06+00:00,760.0,24.85,24.13,24.2,2.58,11.585092,32.0,1380.0,0.1727987994384766,False,REGULAR,USD,call,2026-09-30,127,745.6400146484375,1.0192586034406068,24.165,0.0028967515001034,0.34794520547945207,0.1481112877079588
SPY260930C00765000,2026-05-22 19:03:26+00:00,765.0,21.86,21.55,21.63,1.8199997,9.081835,3.0,1496.0,0.1693427182769775,False,REGULAR,USD,call,2026-09-30,127,745.6400146484375,1.0259642521474528,21.59,0.0037054191755441,0.34794520547945207,0.14591046672671054
SPY260930C00770000,2026-05-22 18:49:48+00:00,770.0,19.77,19.16,19.24,3.75,23.40824,7.0,1487.0,0.1661155166625977,False,REGULAR,USD,call,2026-09-30,127,745.6400146484375,1.032669900854299,19.2,0.0041666666666665,0.34794520547945207,0.14389771255915051
SPY260930C00775000,2026-05-22 19:01:57+00:00,775.0,17.4,16.96,17.03,2.2599993,14.92734,7.0,891.0,0.1631095652770996,False,REGULAR,USD,call,2026-09-30,127,745.6400146484375,1.0393755495611452,16.995,0.0041188584877905,0.34794520547945207,0.14206210083552698
SPY260930C00780000,2026-05-22 16:22:58+00:00,780.0,15.64,14.94,15.01,3.1400003,25.120003,28.0,1809.0,0.1603935279846191,False,REGULAR,USD,call,2026-09-30,127,745.6400146484375,1.0460811982679912,14.975,0.0046744574290484,0.34794520547945207,0.14040417214284726
SPY260930C00785000,2026-05-22 16:24:12+00:00,785.0,13.7,13.11,13.17,2.1499996,18.614716,32.0,418.0,0.1578911116027831,False,REGULAR,USD,call,2026-09-30,127,745.6400146484375,1.0527868469748374,13.14,0.0045662100456621,0.34794520547945207,0.13893788340754987
SPY260930C00790000,2026-05-22 19:10:43+00:00,790.0,11.71,11.45,11.51,1.25,11.950287,19.0,1204.0,0.1556633506774902,False,REGULAR,USD,call,2026-09-30,127,745.6400146484375,1.0594924956816834,11.48,0.0052264808362369,0.34794520547945207,0.1376285843976684
SPY260930C00795000,2026-05-22 19:10:43+00:00,795.0,10.2,9.96,10.02,0.8800001,9.442062,22.0,1485.0,0.1536492106628418,False,REGULAR,USD,call,2026-09-30,127,745.6400146484375,1.0661981443885296,9.99,0.0060060060060058,0.34794520547945207,0.1364826152945718
SPY260930C00800000,2026-05-22 20:12:32+00:00,800.0,8.64,8.63,8.69,0.7500005,9.50571,636.0,94189.0,0.1518639501953125,False,REGULAR,USD,call,2026-09-30,127,745.6400146484375,1.0729037930953755,8.66,0.0069284064665125,0.34794520547945207,0.13548411773938596
SPY260930C00805000,2026-05-22 19:36:58+00:00,805.0,7.56,7.44,7.5,1.6100001,27.058828,101.0,911.0,0.1501855001831055,False,REGULAR,USD,call,2026-09-30,127,745.6400146484375,1.0796094418022215,7.470000000000001,0.0080321285140561,0.34794520547945207,0.13454961602914775
SPY260930C00810000,2026-05-22 16:49:21+00:00,810.0,6.85,6.4,6.46,0.77,12.664473,30.0,705.0,0.1487817056274414,False,REGULAR,USD,call,2026-09-30,127,745.6400146484375,1.0863150905090675,6.43,0.0093312597200621,0.34794520547945207,0.13382370420011627
SPY260930C00815000,2026-05-22 16:43:25+00:00,815.0,5.88,5.49,5.54,1.1100001,23.270443,1.0,545.0,0.1474847215270996,False,REGULAR,USD,call,2026-09-30,127,745.6400146484375,1.093020739215914,5.515000000000001,0.0090661831368993,0.34794520547945207,0.13319697164784963
SPY260930C00820000,2026-05-22 16:37:35+00:00,820.0,5.08,4.68,4.74,0.9299998,22.409634,3.0,1610.0,0.1463708410644531,False,REGULAR,USD,call,2026-09-30,127,745.6400146484375,1.09972638792276,4.71,0.0127388535031848,0.34794520547945207,0.1326232524299283
SPY260930C00825000,2026-05-22 20:12:32+00:00,825.0,3.99,3.99,4.04,0.3800001,10.5263195,388.0,84682.0,0.1453637710571289,False,REGULAR,USD,call,2026-09-30,127,745.6400146484375,1.106432036629606,4.015000000000001,0.0124533001245329,0.34794520547945207,0.13219546108324381
SPY260930C00830000,2026-05-22 19:29:09+00:00,830.0,3.4,3.38,3.43,0.75,28.301886,5.0,747.0,0.1444329942321777,False,REGULAR,USD,call,2026-09-30,127,745.6400146484375,1.113137685336452,3.4050000000000002,0.0146842878120411,0.34794520547945207,0.1317627929651497
SPY260930C00835000,2026-05-18 18:49:33+00:00,835.0,2.0,2.86,2.91,0.0,0.0,21.0,277.0,0.1436853210449218,False,REGULAR,USD,call,2026-09-30,127,745.6400146484375,1.1198433340432985,2.885,0.0173310225303293,0.34794520547945207,0.1314785242735932
SPY260930C00840000,2026-05-22 14:10:51+00:00,840.0,2.54,2.42,2.46,0.32999992,14.932123,3.0,523.0,0.143013941040039,False,REGULAR,USD,call,2026-09-30,127,745.6400146484375,1.1265489827501445,2.44,0.0163934426229508,0.34794520547945207,0.13128711260628484
SPY260930C00845000,2026-05-22 14:12:23+00:00,845.0,2.15,2.04,2.08,0.6200001,40.522884,1.0,184.0,0.1425256646728515,False,REGULAR,USD,call,2026-09-30,127,745.6400146484375,1.1332546314569905,2.06,0.0194174757281553,0.34794520547945207,0.13117372041397504
SPY260930C00850000,2026-05-22 20:14:44+00:00,850.0,1.74,1.72,1.76,0.23000002,15.23179,138.0,3302.0,0.1421899746704101,False,REGULAR,USD,call,2026-09-30,127,745.6400146484375,1.1399602801638364,1.74,0.0229885057471264,0.34794520547945207,0.13119055471151825
SPY260930C00855000,2026-05-20 14:36:41+00:00,855.0,1.06,1.45,1.48,0.0,0.0,1.0,402.0,0.1417932501220703,False,REGULAR,USD,call,2026-09-30,127,745.6400146484375,1.1466659288706826,1.4649999999999999,0.0204778156996587,0.34794520547945207,0.13121329312927021
SPY260930C00860000,2026-05-21 18:51:19+00:00,860.0,1.07,1.22,1.26,0.0,0.0,2.0,453.0,0.1418542846679687,False,REGULAR,USD,call,2026-09-30,127,745.6400146484375,1.1533715775775288,1.24,0.032258064516129,0.34794520547945207,0.1314633633750502
SPY260930C00865000,2026-05-22 16:46:02+00:00,865.0,1.17,1.03,1.07,0.27999997,31.460672,71.0,374.0,0.1419153192138671,False,REGULAR,USD,call,2026-09-30,127,745.6400146484375,1.1600772262843748,1.05,0.0380952380952381,0.34794520547945207,0.13178434202773479
SPY260930C00870000,2026-05-22 15:56:55+00:00,870.0,1.01,0.88,0.91,0.46999997,87.037025,3.0,1102.0,0.1420984228515625,False,REGULAR,USD,call,2026-09-30,127,745.6400146484375,1.166782874991221,0.895,0.0335195530726257,0.34794520547945207,0.13231192521201052
SPY260930C00875000,2026-05-22 19:30:44+00:00,875.0,0.75,0.75,0.77,0.110000014,17.187504,5.0,542.0,0.1422204919433593,False,REGULAR,USD,call,2026-09-30,127,745.6400146484375,1.173488523698067,0.76,0.0263157894736842,0.34794520547945207,0.13278030418126852
SPY260930C00880000,2026-05-22 13:40:26+00:00,880.0,0.74,0.64,0.66,0.22000003,42.307697,12.0,769.0,0.1426477337646484,False,REGULAR,USD,call,2026-09-30,127,745.6400146484375,1.1801941724049132,0.65,0.0307692307692307,0.34794520547945207,0.13343531073769715
SPY260930C00885000,2026-05-22 13:39:57+00:00,885.0,0.62,0.55,0.57,0.13,26.530611,23.0,525.0,0.1433191137695312,False,REGULAR,USD,call,2026-09-30,127,745.6400146484375,1.1868998211117592,0.56,0.0357142857142855,0.34794520547945207,0.13425744239656237
SPY260930C00890000,2026-05-22 16:17:12+00:00,890.0,0.54,0.47,0.5,0.110000014,25.581398,5.0,435.0,0.1442956665039062,False,REGULAR,USD,call,2026-09-30,127,745.6400146484375,1.1936054698186054,0.485,0.0618556701030928,0.34794520547945207,0.13518598562391396
SPY260930C00895000,2026-05-22 14:04:13+00:00,895.0,0.45,0.41,0.43,0.07999998,21.621616,5.0,1091.0,0.1447839428710937,False,REGULAR,USD,call,2026-09-30,127,745.6400146484375,1.2003111185254514,0.42,0.0476190476190476,0.34794520547945207,0.13610241515405194
SPY260930C00900000,2026-05-22 20:14:45+00:00,900.0,0.38,0.36,0.38,0.049999982,15.151509,24.0,3834.0,0.1460046337890624,False,REGULAR,USD,call,2026-09-30,127,745.6400146484375,1.2070167672322976,0.37,0.0540540540540541,0.34794520547945207,0.13734288907197673
SPY261016C00545000,2026-05-20 17:27:13+00:00,545.0,203.0,207.52,210.71,0.0,0.0,,1.0,0.4241390594482421,True,REGULAR,USD,call,2026-10-16,143,745.6400146484375,0.7309157090462246,209.115,0.0152547641250029,0.3917808219178082,0.13652601615194784
SPY261016C00600000,2026-05-19 18:26:36+00:00,600.0,149.06,155.5,158.7,0.0,0.0,1.0,13.0,0.3542850216674803,True,REGULAR,USD,call,2026-10-16,143,745.6400146484375,0.8046778448215317,157.1,0.0203691915977083,0.3917808219178082,0.23018958290095584
SPY261016C00605000,2026-05-13 14:23:57+00:00,605.0,146.25,150.85,154.06,0.0,0.0,,0.0,0.3483494120788574,True,REGULAR,USD,call,2026-10-16,143,745.6400146484375,0.8113834935283778,152.45499999999998,0.0210553933947722,0.3917808219178082,0.22934124542837642
SPY261016C00610000,2026-05-12 14:44:42+00:00,610.0,139.25,146.22,149.43,0.0,0.0,,1.0,0.3423985438537597,True,REGULAR,USD,call,2026-10-16,143,745.6400146484375,0.8180891422352239,147.825,0.021714865550482,0.3917808219178082,0.2282165784007015
SPY261016C00625000,2026-05-19 16:43:19+00:00,625.0,124.57,132.42,135.64,0.0,0.0,1.0,203.0,0.324729042816162,True,REGULAR,USD,call,2026-10-16,143,745.6400146484375,0.8382060883557622,134.02999999999997,0.0240244721331045,0.3917808219178082,0.22345259878675108
SPY261016C00630000,2026-05-12 15:42:28+00:00,630.0,119.78,127.87,131.09,0.0,0.0,,37.0,0.3189765368652343,True,REGULAR,USD,call,2026-10-16,143,745.6400146484375,0.8449117370626082,129.48000000000002,0.0248687055915971,0.3917808219178082,0.2216782577842197
SPY261016C00635000,2026-05-19 16:29:42+00:00,635.0,115.11,123.34,126.56,0.0,0.0,737.0,4341.0,0.3132545481872558,True,REGULAR,USD,call,2026-10-16,143,745.6400146484375,0.8516173857694543,124.95,0.0257703081232492,0.3917808219178082,0.21973345567096453
SPY261016C00640000,2026-05-14 16:20:57+00:00,640.0,125.32,118.82,122.05,0.0,0.0,,398.0,0.3075478181457519,True,REGULAR,USD,call,2026-10-16,143,745.6400146484375,0.8583230344763004,120.435,0.0268194461742849,0.3917808219178082,0.2175561800398985
SPY261016C00645000,2026-05-19 16:29:59+00:00,645.0,106.27,114.33,117.56,0.0,0.0,228.0,228.0,0.3018410881042481,True,REGULAR,USD,call,2026-10-16,143,745.6400146484375,0.8650286831831465,115.945,0.027858036137824,0.3917808219178082,0.21527617680178948
SPY261016C00655000,2026-05-12 15:40:20+00:00,655.0,98.2,105.43,108.64,0.0,0.0,,1.0,0.2903818521118163,True,REGULAR,USD,call,2026-10-16,143,745.6400146484375,0.8784399805968387,107.035,0.0299901901247255,0.3917808219178082,0.21031501046000645
SPY261016C00660000,2026-05-19 15:45:47+00:00,660.0,92.93,101.03,104.27,0.0,0.0,2.0,4.0,0.285041329345703,True,REGULAR,USD,call,2026-10-16,143,745.6400146484375,0.8851456293036849,102.65,0.031563565513882,0.3917808219178082,0.20797594390952126
SPY261016C00670000,2026-05-22 13:30:01+00:00,670.0,94.01,92.31,95.56,2.7200012,2.9795172,5.0,11.0,0.2739635592651367,True,REGULAR,USD,call,2026-10-16,143,745.6400146484375,0.8985569267173771,93.935,0.0345983925054559,0.3917808219178082,0.20261094600376392
SPY261016C00680000,2026-05-18 17:01:41+00:00,680.0,78.35,83.73,87.0,0.0,0.0,3.0,9.0,0.2630307462310791,True,REGULAR,USD,call,2026-10-16,143,745.6400146484375,0.9119682241310691,85.36500000000001,0.0383060973466877,0.3917808219178082,0.19695831915598613
SPY261016C00685000,2026-05-20 13:53:29+00:00,685.0,73.88,79.51,82.78,0.0,0.0,,1.0,0.2576063009643554,True,REGULAR,USD,call,2026-10-16,143,745.6400146484375,0.9186738728379154,81.14500000000001,0.0402982315607861,0.3917808219178082,0.19406633791475
SPY261016C00690000,2026-05-18 16:28:03+00:00,690.0,69.75,75.33,78.61,0.0,0.0,,5.0,0.2522428902435302,True,REGULAR,USD,call,2026-10-16,143,745.6400146484375,0.9253795215447614,76.97,0.0426140054566714,0.3917808219178082,0.19111397532490543
SPY261016C00695000,2026-05-21 18:34:11+00:00,695.0,69.7,71.19,74.48,0.0,0.0,3.0,30.0,0.2468565915679932,True,REGULAR,USD,call,2026-10-16,143,745.6400146484375,0.9320851702516076,72.83500000000001,0.0451705910619895,0.3917808219178082,0.18804274902577267
SPY261016C00700000,2026-05-22 19:34:13+00:00,700.0,69.44,67.11,70.41,1.5,2.2078304,2.0,50.0,0.2415542153930664,True,REGULAR,USD,call,2026-10-16,143,745.6400146484375,0.9387908189584536,68.75999999999999,0.0479930191972076,0.3917808219178082,0.18497888896945655
SPY261016C00705000,2026-05-21 16:42:07+00:00,705.0,59.66,63.1,66.41,0.0,0.0,8.0,30.0,0.2363510203552246,True,REGULAR,USD,call,2026-10-16,143,745.6400146484375,0.9454964676652996,64.755,0.0511157439579954,0.3917808219178082,0.1819588684197988
SPY261016C00710000,2026-05-19 14:45:47+00:00,710.0,51.84,59.16,62.47,0.0,0.0,1.0,11.0,0.2311936012268066,True,REGULAR,USD,call,2026-10-16,143,745.6400146484375,0.9522021163721458,60.815,0.0544273616706405,0.3917808219178082,0.17891442716427566
SPY261016C00715000,2026-05-22 17:28:07+00:00,715.0,58.3,55.28,58.61,3.75,6.8744273,6.0,23.0,0.2261353632354736,True,REGULAR,USD,call,2026-10-16,143,745.6400146484375,0.958907765078992,56.945,0.0584774782685046,0.3917808219178082,0.17584791005943612
SPY261016C00720000,2026-05-21 19:38:05+00:00,720.0,51.02,51.97,54.83,0.0,0.0,1.0,18.0,0.2211610477447509,True,REGULAR,USD,call,2026-10-16,143,745.6400146484375,0.965613413785838,53.4,0.0535580524344569,0.3917808219178082,0.17429683029145535
SPY261016C00725000,2026-05-22 18:43:00+00:00,725.0,50.46,47.79,51.14,3.3099976,7.0201435,13.0,17.0,0.2163011720275878,True,REGULAR,USD,call,2026-10-16,143,745.6400146484375,0.972319062492684,49.465,0.067724653795613,0.3917808219178082,0.16982597639087085
SPY261016C00730000,2026-05-22 17:30:01+00:00,730.0,48.0,44.82,47.54,4.290001,9.81469,8.0,47.0,0.2115099601745605,True,REGULAR,USD,call,2026-10-16,143,745.6400146484375,0.9790247111995302,46.18,0.0588999566912082,0.3917808219178082,0.16869106856620714
SPY261016C00735000,2026-05-22 17:21:59+00:00,735.0,43.48,40.68,44.05,3.6699982,9.218784,11.0,60.0,0.2068713346862792,True,REGULAR,USD,call,2026-10-16,143,745.6400146484375,0.9857303599063764,42.364999999999995,0.0795467957040008,0.3917808219178082,0.16390177063910988
SPY261016C00740000,2026-05-22 19:19:57+00:00,740.0,39.07,37.3,40.68,2.2399979,6.081992,12.0,149.0,0.2024005541992187,True,REGULAR,USD,call,2026-10-16,143,745.6400146484375,0.9924360086132225,38.989999999999995,0.086688894588356,0.3917808219178082,0.16106730237865133
SPY261016C00745000,2026-05-22 19:19:57+00:00,745.0,36.21,34.13,37.44,3.119999,9.428827,29.0,222.0,0.1981128773498535,True,REGULAR,USD,call,2026-10-16,143,745.6400146484375,0.9991416573200684,35.785,0.092496856224675,0.3917808219178082,0.15855833458214993
SPY261016C00750000,2026-05-22 19:46:23+00:00,750.0,32.25,32.66,32.73,1.2800007,4.133034,50.0,718.0,0.185455838394165,False,REGULAR,USD,call,2026-10-16,143,745.6400146484375,1.0058473060269146,32.69499999999999,0.0021410001529285,0.3917808219178082,0.15602906481220682
SPY261016C00755000,2026-05-22 19:31:04+00:00,755.0,29.38,29.69,29.77,1.2699986,4.5179596,109.0,903.0,0.181549627456665,False,REGULAR,USD,call,2026-10-16,143,745.6400146484375,1.0125529547337606,29.73,0.0026908846283215,0.3917808219178082,0.15350301405879954
SPY261016C00760000,2026-05-22 19:32:50+00:00,760.0,26.87,26.89,26.96,1.6300011,6.4580073,104.0,785.0,0.177818890838623,False,REGULAR,USD,call,2026-10-16,143,745.6400146484375,1.0192586034406068,26.925,0.0025998142989786,0.3917808219178082,0.1511378105013407
SPY261016C00765000,2026-05-22 18:01:13+00:00,765.0,24.96,24.25,24.32,1.7299995,7.447264,133.0,343.0,0.1743322924041748,False,REGULAR,USD,call,2026-10-16,143,745.6400146484375,1.0259642521474528,24.285,0.0028824377187564,0.3917808219178082,0.14893208125983773
SPY261016C00770000,2026-05-22 19:29:02+00:00,770.0,21.76,21.78,21.85,1.8000011,9.018042,87.0,446.0,0.1710745735168457,False,REGULAR,USD,call,2026-10-16,143,745.6400146484375,1.032669900854299,21.815,0.0032088012835205,0.3917808219178082,0.14689136892279148
SPY261016C00775000,2026-05-22 19:29:42+00:00,775.0,19.38,19.49,19.55,2.1399994,12.41299,42.0,444.0,0.1680381048583984,False,REGULAR,USD,call,2026-10-16,143,745.6400146484375,1.0393755495611452,19.52,0.0030737704918033,0.3917808219178082,0.1450293303874391
SPY261016C00780000,2026-05-22 17:31:15+00:00,780.0,18.62,17.36,17.43,3.0200005,19.358976,45.0,316.0,0.1652686623382568,False,REGULAR,USD,call,2026-10-16,143,745.6400146484375,1.0460811982679912,17.395,0.0040241448692153,0.3917808219178082,0.143314690495048
SPY261016C00785000,2026-05-22 17:55:24+00:00,785.0,16.07,15.41,15.47,1.46,9.993156,195.0,268.0,0.1626518061828613,False,REGULAR,USD,call,2026-10-16,143,745.6400146484375,1.0527868469748374,15.440000000000001,0.0038860103626943,0.3917808219178082,0.14175084057024154
SPY261016C00790000,2026-05-22 16:49:59+00:00,790.0,14.22,13.62,13.69,1.4499998,11.354735,70.0,523.0,0.1603324934387207,False,REGULAR,USD,call,2026-10-16,143,745.6400146484375,1.0594924956816834,13.655,0.0051263273526181,0.3917808219178082,0.14035215453026495
SPY261016C00795000,2026-05-22 17:50:54+00:00,795.0,12.62,12.0,12.06,2.2600002,21.814674,94.0,104.0,0.1581352497863769,False,REGULAR,USD,call,2026-10-16,143,745.6400146484375,1.0661981443885296,12.030000000000001,0.0049875311720698,0.3917808219178082,0.13908412629502323
SPY261016C00800000,2026-05-22 19:31:09+00:00,800.0,10.43,10.54,10.6,0.9300003,9.789476,249.0,512.0,0.1562279202270508,False,REGULAR,USD,call,2026-10-16,143,745.6400146484375,1.0729037930953755,10.57,0.0056764427625355,0.3917808219178082,0.13801187028201506
SPY261016C00805000,2026-05-22 19:15:30+00:00,805.0,9.36,9.22,9.28,1.4399996,18.181812,120.0,68.0,0.1544655477142334,False,REGULAR,USD,call,2026-10-16,143,745.6400146484375,1.0796094418022215,9.25,0.0064864864864863,0.3917808219178082,0.1370211848656577
SPY261016C00810000,2026-05-22 13:39:12+00:00,810.0,8.7,8.04,8.1,1.1299996,14.92734,1.0,65.0,0.1528862788391113,False,REGULAR,USD,call,2026-10-16,143,745.6400146484375,1.0863150905090675,8.07,0.0074349442379182,0.3917808219178082,0.1361597443007926
SPY261016C00815000,2026-05-22 14:51:20+00:00,815.0,7.2,6.99,7.05,1.2399998,20.805365,2.0,1997.0,0.1514672256469726,False,REGULAR,USD,call,2026-10-16,143,745.6400146484375,1.093020739215914,7.02,0.0085470085470084,0.3917808219178082,0.1354159973586192
SPY261016C00820000,2026-05-22 19:16:47+00:00,820.0,6.14,6.06,6.12,1.1500001,23.046095,21.0,4312.0,0.1502007588195801,False,REGULAR,USD,call,2026-10-16,143,745.6400146484375,1.09972638792276,6.09,0.0098522167487685,0.3917808219178082,0.13478216631427234
SPY261016C00825000,2026-05-22 16:52:01+00:00,825.0,5.61,5.24,5.29,0.5799999,11.530813,55.0,195.0,0.1490105851745605,False,REGULAR,USD,call,2026-10-16,143,745.6400146484375,1.106432036629606,5.265000000000001,0.0094966761633427,0.3917808219178082,0.13420814801762093
SPY261016C00830000,2026-05-22 18:40:52+00:00,830.0,4.8,4.52,4.57,1.0100002,26.649082,5.0,190.0,0.1480340324401856,False,REGULAR,USD,call,2026-10-16,143,745.6400146484375,1.113137685336452,4.545,0.0110011001100111,0.3917808219178082,0.1337696657530724
SPY261016C00835000,2026-05-21 14:07:50+00:00,835.0,3.23,3.88,3.93,0.0,0.0,29.0,69.0,0.1470727383422851,False,REGULAR,USD,call,2026-10-16,143,745.6400146484375,1.1198433340432985,3.9050000000000002,0.0128040973111396,0.3917808219178082,0.13331630389517876
SPY261016C00840000,2026-05-22 15:34:51+00:00,840.0,3.71,3.33,3.38,0.78999996,27.054792,79.0,14.0,0.1463098065185546,False,REGULAR,USD,call,2026-10-16,143,745.6400146484375,1.1265489827501445,3.355,0.0149031296572279,0.3917808219178082,0.13302631172410115
SPY261016C00845000,2026-05-22 19:58:41+00:00,845.0,2.89,2.85,2.89,0.3000002,11.583019,3.0,134.0,0.145516357421875,False,REGULAR,USD,call,2026-10-16,143,745.6400146484375,1.1332546314569905,2.87,0.0139372822299651,0.3917808219178082,0.13272302202727015
SPY261016C00850000,2026-05-22 19:43:33+00:00,850.0,2.45,2.44,2.48,0.29999995,13.953486,2.0,5863.0,0.1450280810546875,False,REGULAR,USD,call,2026-10-16,143,745.6400146484375,1.1399602801638364,2.46,0.016260162601626,0.3917808219178082,0.13261632577793017
SPY261016C00855000,2026-05-20 14:54:09+00:00,855.0,1.62,2.08,2.12,0.0,0.0,3.0,72.0,0.1445092874145507,False,REGULAR,USD,call,2026-10-16,143,745.6400146484375,1.1466659288706826,2.1,0.019047619047619,0.3917808219178082,0.13248653419683584
SPY261016C00860000,2026-05-21 19:51:37+00:00,860.0,1.54,1.77,1.81,0.0,0.0,5.0,24.0,0.1441125628662109,False,REGULAR,USD,call,2026-10-16,143,745.6400146484375,1.1533715775775288,1.79,0.0223463687150838,0.3917808219178082,0.13241260847299155
SPY261016C00865000,2026-05-20 18:30:11+00:00,865.0,1.33,1.52,1.55,0.0,0.0,1.0,4.0,0.1438989419555664,False,REGULAR,USD,call,2026-10-16,143,745.6400146484375,1.1600772262843748,1.5350000000000001,0.019543973941368,0.3917808219178082,0.13259439097728473
SPY261016C00870000,2026-05-22 17:29:53+00:00,870.0,1.52,1.29,1.33,0.52,52.0,1.0,86.0,0.1438073901367187,False,REGULAR,USD,call,2026-10-16,143,745.6400146484375,1.166782874991221,1.31,0.0305343511450381,0.3917808219178082,0.13270759886260597
SPY261016C00875000,2026-05-22 14:02:31+00:00,875.0,1.2,1.11,1.14,0.23000002,23.711342,1.0,532.0,0.1437768728637695,False,REGULAR,USD,call,2026-10-16,143,745.6400146484375,1.173488523698067,1.125,0.0266666666666664,0.3917808219178082,0.13303945069260634
SPY261016C00880000,2026-05-22 15:02:38+00:00,880.0,1.03,0.95,0.98,0.20999998,25.609753,28.0,112.0,0.1438684246826171,False,REGULAR,USD,call,2026-10-16,143,745.6400146484375,1.1801941724049132,0.965,0.0310880829015544,0.3917808219178082,0.13338124008840996
SPY261016C00885000,2026-05-15 14:20:28+00:00,885.0,1.07,0.82,0.85,0.0,0.0,2.0,0.0,0.1442346319580078,False,REGULAR,USD,call,2026-10-16,143,745.6400146484375,1.1868998211117592,0.835,0.0359281437125748,0.3917808219178082,0.133959094263313
SPY261016C00890000,2026-05-22 18:19:02+00:00,890.0,0.78,0.71,0.73,0.109999955,16.417902,2.0,5.0,0.1444177355957031,False,REGULAR,USD,call,2026-10-16,143,745.6400146484375,1.1936054698186054,0.72,0.0277777777777778,0.3917808219178082,0.13447251417933764
SPY261016C00900000,2026-05-22 19:29:04+00:00,900.0,0.54,0.53,0.56,0.07000002,14.893621,139.0,70.0,0.1456994610595703,False,REGULAR,USD,call,2026-10-16,143,745.6400146484375,1.2070167672322976,0.545,0.055045871559633,0.3917808219178082,0.1359185471579521
SPY261016C00910000,2026-05-22 19:19:09+00:00,910.0,0.42,0.41,0.43,0.099999994,31.25,70.0,134.0,0.1469811865234375,False,REGULAR,USD,call,2026-10-16,143,745.6400146484375,1.2204280646459895,0.42,0.0476190476190476,0.3917808219178082,0.13771515608044074
SPY261016C00920000,2026-05-20 18:31:25+00:00,920.0,0.31,0.32,0.35,0.0,0.0,10.0,126.0,0.1495446374511718,False,REGULAR,USD,call,2026-10-16,143,745.6400146484375,1.233839362059682,0.33499999999999996,0.08955223880597,0.3917808219178082,0.14011493884915766
SPY261016C00925000,2026-05-19 19:25:32+00:00,925.0,0.21,0.29,0.31,0.0,0.0,1.0,13.0,0.1502770520019531,False,REGULAR,USD,call,2026-10-16,143,745.6400146484375,1.240545010766528,0.3,0.0666666666666667,0.3917808219178082,0.14132535084351652
SPY261016C00935000,2026-05-19 14:19:58+00:00,935.0,0.15,0.23,0.26,0.0,0.0,2.0,2.0,0.1532067102050781,False,REGULAR,USD,call,2026-10-16,143,745.6400146484375,1.2539563081802203,0.245,0.1224489795918367,0.3917808219178082,0.14399567755068907
SPY261016C00960000,2026-05-15 14:56:03+00:00,960.0,0.2,0.15,0.17,0.0,0.0,1.0,10.0,0.1601646484375,False,REGULAR,USD,call,2026-10-16,143,745.6400146484375,1.2874845517144506,0.16,0.1250000000000001,0.3917808219178082,0.15153847000296441
SPY261030C00555000,2026-05-18 19:57:15+00:00,555.0,193.99,199.32,202.51,0.0,0.0,,1.0,0.4074766284179688,True,REGULAR,USD,call,2026-10-30,157,745.6400146484375,0.7443270064599168,200.915,0.0158773610730906,0.4301369863013699,0.23658533846781274
SPY261030C00570000,2026-05-13 18:14:57+00:00,570.0,186.99,185.15,188.34,0.0,0.0,2.0,2.0,0.3888610919189453,True,REGULAR,USD,call,2026-10-30,157,745.6400146484375,0.764443952580455,186.745,0.017082117325765,0.4301369863013699,0.23967297853389838
SPY261030C00575000,2026-05-20 19:35:59+00:00,575.0,177.69,180.45,183.64,0.0,0.0,,1.0,0.3827728959655761,True,REGULAR,USD,call,2026-10-30,157,745.6400146484375,0.7711496012873011,182.045,0.0175231398829959,0.4301369863013699,0.23970117306614866
SPY261030C00585000,2026-05-12 15:36:24+00:00,585.0,161.94,171.08,174.27,0.0,0.0,2.0,2.0,0.3706727972412109,True,REGULAR,USD,call,2026-10-30,157,745.6400146484375,0.7845608987009934,172.675,0.0184740118720138,0.4301369863013699,0.23856275137865163
SPY261030C00590000,2026-05-06 17:21:54+00:00,590.0,156.5,166.42,169.61,0.0,0.0,3.0,2.0,0.3647371876525879,True,REGULAR,USD,call,2026-10-30,157,745.6400146484375,0.7912665474078395,168.015,0.0189864000238075,0.4301369863013699,0.23771136122725137
SPY261030C00600000,2026-05-18 18:33:55+00:00,600.0,149.24,157.15,160.34,0.0,0.0,4.0,7.0,0.3530643307495117,True,REGULAR,USD,call,2026-10-30,157,745.6400146484375,0.8046778448215317,158.745,0.0200951211061765,0.4301369863013699,0.23546606364309366
SPY261030C00605000,2026-05-13 14:24:51+00:00,605.0,148.6,152.53,155.73,0.0,0.0,,4.0,0.3473118247985839,True,REGULAR,USD,call,2026-10-30,157,745.6400146484375,0.8113834935283778,154.13,0.0207616946733276,0.4301369863013699,0.2339956556977231
SPY261030C00610000,2026-05-06 16:00:58+00:00,610.0,138.41,147.93,151.13,0.0,0.0,,2.0,0.341528801574707,True,REGULAR,USD,call,2026-10-30,157,745.6400146484375,0.8180891422352239,149.53,0.0214003878820302,0.4301369863013699,0.23234136010295653
SPY261030C00615000,2026-05-01 18:20:08+00:00,615.0,125.37,143.35,146.54,0.0,0.0,2.0,0.0,0.3357305197143554,True,REGULAR,USD,call,2026-10-30,157,745.6400146484375,0.82479479094207,144.945,0.0220083479940667,0.4301369863013699,0.2305099412474519
SPY261030C00620000,2026-04-27 19:40:40+00:00,620.0,116.68,138.78,141.99,0.0,0.0,,1.0,0.330161117401123,True,REGULAR,USD,call,2026-10-30,157,745.6400146484375,0.8315004396489161,140.385,0.0228656907789294,0.4301369863013699,0.22864777716887627
SPY261030C00630000,2026-05-12 15:13:06+00:00,630.0,122.36,129.73,132.94,0.0,0.0,1.0,4.0,0.3190223127746581,True,REGULAR,USD,call,2026-10-30,157,745.6400146484375,0.8449117370626082,131.33499999999998,0.0244413141965204,0.4301369863013699,0.2246959262999275
SPY261030C00635000,2026-05-07 19:18:39+00:00,635.0,115.61,125.23,128.44,0.0,0.0,,1.0,0.3134376518249511,True,REGULAR,USD,call,2026-10-30,157,745.6400146484375,0.8516173857694543,126.83500000000001,0.0253084716363779,0.4301369863013699,0.2224659702974394
SPY261030C00640000,2026-05-12 15:34:54+00:00,640.0,113.04,120.76,123.98,0.0,0.0,78.0,84.0,0.3080208358764648,True,REGULAR,USD,call,2026-10-30,157,745.6400146484375,0.8583230344763004,122.37,0.0263136389637983,0.4301369863013699,0.22027671034998203
SPY261030C00641000,2026-05-19 16:29:11+00:00,641.0,111.92,119.87,123.06,0.0,0.0,1806.0,3237.0,0.306723851776123,True,REGULAR,USD,call,2026-10-30,157,745.6400146484375,0.8596641642176697,121.465,0.0262627094224673,0.4301369863013699,0.21966193038269952
SPY261030C00642000,2026-05-12 15:36:06+00:00,642.0,111.05,118.97,122.19,0.0,0.0,,1.0,0.3057778163146973,True,REGULAR,USD,call,2026-10-30,157,745.6400146484375,0.8610052939590389,120.58,0.0267042627301376,0.4301369863013699,0.21925484911504659
SPY261030C00646000,2026-05-15 15:03:03+00:00,646.0,113.99,115.42,118.64,0.0,0.0,1.0,1.0,0.301413846282959,True,REGULAR,USD,call,2026-10-30,157,745.6400146484375,0.8663698129245158,117.03,0.0275143125694266,0.4301369863013699,0.21736718376292274
SPY261030C00650000,2026-05-20 15:15:32+00:00,650.0,108.5,111.88,115.1,0.0,0.0,1.0,30.0,0.2970193589782714,True,REGULAR,USD,call,2026-10-30,157,745.6400146484375,0.8717343318899926,113.49,0.0283725438364613,0.4301369863013699,0.21535569199815596
SPY261030C00651000,2026-05-05 13:47:51+00:00,651.0,92.82,111.0,114.22,0.0,0.0,,1.0,0.2959359957885742,True,REGULAR,USD,call,2026-10-30,157,745.6400146484375,0.8730754616313618,112.61,0.0285942633869105,0.4301369863013699,0.21486777995938708
SPY261030C00652000,2026-05-05 13:37:13+00:00,652.0,91.89,110.12,113.34,0.0,0.0,,2.0,0.2948526325988769,True,REGULAR,USD,call,2026-10-30,157,745.6400146484375,0.8744165913727311,111.73,0.028819475521346,0.4301369863013699,0.21436601455776264
SPY261030C00655000,2026-05-11 19:08:34+00:00,655.0,105.35,107.49,110.71,0.0,0.0,2.0,3.0,0.2916330603027343,True,REGULAR,USD,call,2026-10-30,157,745.6400146484375,0.8784399805968387,109.1,0.0295142071494042,0.4301369863013699,0.2128719665718556
SPY261030C00658000,2026-05-18 19:04:25+00:00,658.0,99.65,104.87,108.09,0.0,0.0,2.0,1.0,0.2884134880065916,True,REGULAR,USD,call,2026-10-30,157,745.6400146484375,0.8824633698209464,106.48,0.0302404207362884,0.4301369863013699,0.2113444353146337
SPY261030C00660000,2026-05-11 13:48:47+00:00,660.0,100.16,103.13,106.35,0.0,0.0,1.0,12.0,0.2862696495819091,True,REGULAR,USD,call,2026-10-30,157,745.6400146484375,0.8851456293036849,104.74,0.0307427916746228,0.4301369863013699,0.2103163048339161
SPY261030C00661000,2026-05-06 15:07:18+00:00,661.0,94.52,102.26,105.48,0.0,0.0,,1.0,0.2851939157104491,True,REGULAR,USD,call,2026-10-30,157,745.6400146484375,0.886486759045054,103.87,0.0310002888225666,0.4301369863013699,0.20978089535873573
SPY261030C00662000,2026-05-13 15:28:25+00:00,662.0,99.34,101.39,104.61,0.0,0.0,6.0,7.0,0.2840952938842772,True,REGULAR,USD,call,2026-10-30,157,745.6400146484375,0.8878278887864233,103.0,0.03126213592233,0.4301369863013699,0.20923147941032427
SPY261030C00666000,2026-05-07 13:55:21+00:00,666.0,91.66,97.93,101.16,0.0,0.0,1.0,1.0,0.2798686515808105,True,REGULAR,USD,call,2026-10-30,157,745.6400146484375,0.8931924077519001,99.545,0.0324476367471996,0.4301369863013699,0.20711458171141242
SPY261030C00668000,2026-05-06 15:07:09+00:00,668.0,88.65,96.2,99.43,0.0,0.0,,1.0,0.2776866665649413,True,REGULAR,USD,call,2026-10-30,157,745.6400146484375,0.8958746672346386,97.815,0.0330215202167357,0.4301369863013699,0.20594985656869935
SPY261030C00670000,2026-05-18 17:08:02+00:00,670.0,89.49,94.49,97.72,0.0,0.0,1.0,5.0,0.2755886040496825,True,REGULAR,USD,call,2026-10-30,157,745.6400146484375,0.8985569267173771,96.10499999999999,0.0336090734092919,0.4301369863013699,0.20489879915610668
SPY261030C00672000,2026-05-15 13:45:11+00:00,672.0,90.29,92.78,96.01,0.0,0.0,4.0,2.0,0.2734600242614746,True,REGULAR,USD,call,2026-10-30,157,745.6400146484375,0.9012391862001154,94.39500000000001,0.0342179140844324,0.4301369863013699,0.20378936002111592
SPY261030C00674000,2026-05-15 13:45:11+00:00,674.0,88.63,91.07,94.32,0.0,0.0,4.0,3.0,0.2714306256103516,True,REGULAR,USD,call,2026-10-30,157,745.6400146484375,0.903921445682854,92.695,0.0350612222881493,0.4301369863013699,0.20270394114614684
SPY261030C00675000,2026-05-22 16:30:19+00:00,675.0,93.54,90.22,93.47,5.029999,5.682972,2.0,4.0,0.2703625210571289,True,REGULAR,USD,call,2026-10-30,157,745.6400146484375,0.9052625754242232,91.845,0.035385704175513,0.4301369863013699,0.2021392980062323
SPY261030C00677000,2026-05-15 13:55:21+00:00,677.0,87.71,88.52,91.78,0.0,0.0,1.0,1.0,0.268287346496582,True,REGULAR,USD,call,2026-10-30,157,745.6400146484375,0.9079448349069617,90.15,0.0361619523017194,0.4301369863013699,0.20100647595916038
SPY261030C00678000,2026-05-22 13:48:28+00:00,678.0,90.57,87.68,90.93,3.6100006,4.151335,1.0,1.0,0.2671887246704102,True,REGULAR,USD,call,2026-10-30,157,745.6400146484375,0.9092859646483308,89.305,0.0363921392979116,0.4301369863013699,0.20043797444048642
SPY261030C00680000,2026-05-22 13:47:29+00:00,680.0,89.56,86.0,89.25,3.5899963,4.175871,11.0,20.0,0.2651135501098632,True,REGULAR,USD,call,2026-10-30,157,745.6400146484375,0.9119682241310691,87.625,0.0370898716119828,0.4301369863013699,0.1993344988599296
SPY261030C00684000,2026-05-14 18:45:55+00:00,684.0,87.19,82.64,85.91,0.0,0.0,,1.0,0.2609784596252441,True,REGULAR,USD,call,2026-10-30,157,745.6400146484375,0.917332743096546,84.275,0.0388015425689705,0.4301369863013699,0.19702526255698768
SPY261030C00685000,2026-05-19 17:24:43+00:00,685.0,77.06,81.81,85.07,0.0,0.0,3.0,13.0,0.2598950964355468,True,REGULAR,USD,call,2026-10-30,157,745.6400146484375,0.9186738728379154,83.44,0.0390699904122721,0.4301369863013699,0.1964292658331853
SPY261030C00686000,2026-05-22 13:47:55+00:00,686.0,84.13,80.98,84.24,4.779999,6.023943,1.0,5.0,0.2588575091552735,True,REGULAR,USD,call,2026-10-30,157,745.6400146484375,0.9200150025792846,82.61,0.0394625348020819,0.4301369863013699,0.1958557944012502
SPY261030C00688000,2026-05-06 14:28:09+00:00,688.0,71.03,79.32,82.59,0.0,0.0,,2.0,0.2568128518676758,True,REGULAR,USD,call,2026-10-30,157,745.6400146484375,0.922697262062023,80.955,0.0403928108208265,0.4301369863013699,0.19469983797094162
SPY261030C00690000,2026-05-15 13:45:58+00:00,690.0,75.41,77.67,80.94,0.0,0.0,1.0,66.0,0.2547224186706543,True,REGULAR,USD,call,2026-10-30,157,745.6400146484375,0.9253795215447614,79.305,0.0412332135426517,0.4301369863013699,0.19351901954568018
SPY261030C00692000,2026-05-06 14:04:29+00:00,692.0,66.56,76.02,79.3,0.0,0.0,,1.0,0.2526625027465821,True,REGULAR,USD,call,2026-10-30,157,745.6400146484375,0.9280617810275,77.66,0.0422353850115889,0.4301369863013699,0.1923128910926813
SPY261030C00694000,2026-05-13 17:28:00+00:00,694.0,76.0,74.38,77.66,0.0,0.0,1.0,26.0,0.2505568109130859,True,REGULAR,USD,call,2026-10-30,157,745.6400146484375,0.9307440405102384,76.02,0.0431465403841094,0.4301369863013699,0.19108097660288337
SPY261030C00695000,2026-05-21 18:34:11+00:00,695.0,72.09,73.57,76.85,0.0,0.0,1.0,43.0,0.2495497409057617,True,REGULAR,USD,call,2026-10-30,157,745.6400146484375,0.9320851702516076,75.21,0.0436112219119798,0.4301369863013699,0.19051090858048467
SPY261030C00697000,2026-05-19 19:47:55+00:00,697.0,65.89,71.95,75.23,0.0,0.0,1.0,2.0,0.2474898249816894,True,REGULAR,USD,call,2026-10-30,157,745.6400146484375,0.934767429734346,73.59,0.0445712732708248,0.4301369863013699,0.18932302762789466
SPY261030C00698000,2026-05-19 19:45:02+00:00,698.0,64.48,71.14,74.43,0.0,0.0,,1.0,0.2465056429290771,True,REGULAR,USD,call,2026-10-30,157,745.6400146484375,0.9361085594757153,72.785,0.0452016212131621,0.4301369863013699,0.18873903335799372
SPY261030C00699000,2026-05-22 16:14:43+00:00,699.0,72.92,70.34,73.62,-2.9900055,-3.938882,3.0,15.0,0.2454527970123291,True,REGULAR,USD,call,2026-10-30,157,745.6400146484375,0.9374496892170844,71.98,0.045568213392609,0.4301369863013699,0.18813898605019147
SPY261030C00700000,2026-05-22 14:02:27+00:00,700.0,71.5,69.53,72.82,7.459999,11.648968,1.0,67.0,0.2444457270050049,True,REGULAR,USD,call,2026-10-30,157,745.6400146484375,0.9387908189584536,71.175,0.0462240955391639,0.4301369863013699,0.1875230069198759
SPY261030C00702000,2026-05-19 15:32:48+00:00,702.0,60.07,67.94,71.22,0.0,0.0,1.0,1.0,0.2423934403991698,True,REGULAR,USD,call,2026-10-30,157,745.6400146484375,0.941473078441192,69.58,0.0471399827536648,0.4301369863013699,0.1863416269238948
SPY261030C00703000,2026-05-15 19:48:46+00:00,703.0,66.61,67.14,70.43,0.0,0.0,1.0,2.0,0.2414168876647949,True,REGULAR,USD,call,2026-10-30,157,745.6400146484375,0.9428142081825612,68.785,0.0478301955368177,0.4301369863013699,0.18574268946666583
SPY261030C00704000,2026-05-08 14:28:04+00:00,704.0,62.2,66.35,69.64,0.0,0.0,3.0,3.0,0.2404174469757079,True,REGULAR,USD,call,2026-10-30,157,745.6400146484375,0.9441553379239304,67.995,0.0483859107287301,0.4301369863013699,0.1851595784946286
SPY261030C00705000,2026-05-22 15:03:47+00:00,705.0,68.01,65.56,68.85,2.209999,3.358661,16.0,30.0,0.2394027476501464,True,REGULAR,USD,call,2026-10-30,157,745.6400146484375,0.9454964676652996,67.205,0.0489546908712148,0.4301369863013699,0.1845597738925369
SPY261030C00707000,2026-05-19 15:38:50+00:00,707.0,57.08,63.99,67.28,0.0,0.0,5.0,5.0,0.2374038662719726,True,REGULAR,USD,call,2026-10-30,157,745.6400146484375,0.9481787271480382,65.635,0.0501256951321703,0.4301369863013699,0.18337365232384994
SPY261030C00708000,2026-05-08 17:32:47+00:00,708.0,61.06,63.2,66.5,0.0,0.0,10.0,10.0,0.2364196842193603,True,REGULAR,USD,call,2026-10-30,157,745.6400146484375,0.9495198568894074,64.85,0.0508866615265998,0.4301369863013699,0.1827553550910333
SPY261030C00710000,2026-05-22 14:46:12+00:00,710.0,63.22,61.87,64.94,1.3500023,2.1819983,535.0,144.0,0.2344055442047119,True,REGULAR,USD,call,2026-10-30,157,745.6400146484375,0.9522021163721458,63.405,0.0484188944089582,0.4301369863013699,0.1822426426402687
SPY261030C00711000,2026-05-19 15:41:56+00:00,711.0,54.14,60.87,64.17,0.0,0.0,2.0,99.0,0.2334366207885742,True,REGULAR,USD,call,2026-10-30,157,745.6400146484375,0.953543246113515,62.519999999999996,0.0527831094049904,0.4301369863013699,0.18095453450337048
SPY261030C00712000,2026-05-11 14:25:43+00:00,712.0,59.45,60.1,63.4,0.0,0.0,18.0,20.0,0.2324448094177246,True,REGULAR,USD,call,2026-10-30,157,745.6400146484375,0.9548843758548844,61.75,0.0534412955465586,0.4301369863013699,0.18036078022656496
SPY261030C00713000,2026-05-01 16:55:24+00:00,713.0,46.04,59.32,62.63,0.0,0.0,2.0,7.0,0.231452998046875,True,REGULAR,USD,call,2026-10-30,157,745.6400146484375,0.9562255055962536,60.975,0.0542845428454284,0.4301369863013699,0.179719133891865
SPY261030C00714000,2026-05-11 14:31:52+00:00,714.0,56.75,58.56,61.87,0.0,0.0,2.0,4.0,0.2304917039489746,True,REGULAR,USD,call,2026-10-30,157,745.6400146484375,0.9575666353376228,60.215,0.0549696919372248,0.4301369863013699,0.17915115767645456
SPY261030C00715000,2026-05-20 19:59:12+00:00,715.0,56.84,57.79,61.1,0.0,0.0,5.0,55.0,0.2294693753051758,True,REGULAR,USD,call,2026-10-30,157,745.6400146484375,0.958907765078992,59.445,0.0556817226007234,0.4301369863013699,0.17850513819141972
SPY261030C00716000,2026-05-12 19:59:03+00:00,716.0,55.65,57.16,60.35,0.0,0.0,3.0,14.0,0.2285385984802246,True,REGULAR,USD,call,2026-10-30,157,745.6400146484375,0.9602488948203612,58.754999999999995,0.0542932516381585,0.4301369863013699,0.17831914625630585
SPY261030C00717000,2026-05-13 18:23:23+00:00,717.0,59.22,56.28,59.59,0.0,0.0,1.0,2.0,0.2275467871093749,True,REGULAR,USD,call,2026-10-30,157,745.6400146484375,0.9615900245617304,57.935,0.0571329938724432,0.4301369863013699,0.17733898764329387
SPY261030C00718000,2026-05-19 16:35:54+00:00,718.0,50.1,55.52,58.84,0.0,0.0,2.0,15.0,0.2265854930114745,True,REGULAR,USD,call,2026-10-30,157,745.6400146484375,0.9629311543030996,57.18000000000001,0.0580622595313046,0.4301369863013699,0.176728867656971
SPY261030C00719000,2026-05-14 16:13:29+00:00,719.0,61.84,54.77,58.09,0.0,0.0,19.0,24.0,0.2256165695953369,True,REGULAR,USD,call,2026-10-30,157,745.6400146484375,0.9642722840444689,56.43000000000001,0.0588339535707956,0.4301369863013699,0.17613001989529553
SPY261030C00720000,2026-05-14 19:34:04+00:00,720.0,60.01,54.02,57.35,0.0,0.0,110.0,675.0,0.2246781634521484,True,REGULAR,USD,call,2026-10-30,157,745.6400146484375,0.965613413785838,55.685,0.0598006644518272,0.4301369863013699,0.17554202387359985
SPY261030C00721000,2026-05-12 19:59:03+00:00,721.0,52.01,53.29,56.6,0.0,0.0,4.0,5.0,0.2236863520812987,True,REGULAR,USD,call,2026-10-30,157,745.6400146484375,0.9669545435272072,54.945,0.0602420602420602,0.4301369863013699,0.17496446836091342
SPY261030C00722000,2026-05-19 13:56:14+00:00,722.0,47.91,52.55,55.87,0.0,0.0,10.0,41.0,0.2227784632110595,True,REGULAR,USD,call,2026-10-30,157,745.6400146484375,0.9682956732685764,54.209999999999994,0.0612433130418742,0.4301369863013699,0.17439698401975495
SPY261030C00723000,2026-05-20 20:05:03+00:00,723.0,50.58,53.2,55.13,0.0,0.0,1.0,18.0,0.2218019104766845,True,REGULAR,USD,call,2026-10-30,157,745.6400146484375,0.9696368030099456,54.165000000000006,0.0356318655958644,0.4301369863013699,0.1777682672615029
SPY261030C00724000,2026-05-20 20:05:13+00:00,724.0,49.57,52.48,54.4,0.0,0.0,5.0,47.0,0.220863504333496,True,REGULAR,USD,call,2026-10-30,157,745.6400146484375,0.9709779327513148,53.44,0.0359281437125748,0.4301369863013699,0.17719965675925015
SPY261030C00725000,2026-05-22 15:30:12+00:00,725.0,53.1,50.44,53.68,2.8499985,5.6716385,2.0,496.0,0.2199632447814941,True,REGULAR,USD,call,2026-10-30,157,745.6400146484375,0.972319062492684,52.06,0.0622358816749904,0.4301369863013699,0.17289295465385374
SPY261030C00726000,2026-05-13 13:40:56+00:00,726.0,49.0,49.62,52.95,0.0,0.0,1.0,72.0,0.2190019506835937,True,REGULAR,USD,call,2026-10-30,157,745.6400146484375,0.9736601922340532,51.285,0.0649312664521791,0.4301369863013699,0.17202146388501405
SPY261030C00727000,2026-05-13 15:22:48+00:00,727.0,48.36,50.3,52.23,0.0,0.0,7.0,64.0,0.2180711738586425,True,REGULAR,USD,call,2026-10-30,157,745.6400146484375,0.9750013219754226,51.265,0.0376475177996683,0.4301369863013699,0.1753799354305377
SPY261030C00728000,2026-05-13 13:38:22+00:00,728.0,45.92,48.18,51.52,0.0,0.0,2.0,62.0,0.2171709143066406,True,REGULAR,USD,call,2026-10-30,157,745.6400146484375,0.9763424517167918,49.85,0.0670010030090271,0.4301369863013699,0.17087304732333292
SPY261030C00729000,2026-05-13 14:40:05+00:00,729.0,46.5,47.47,50.8,0.0,0.0,1.0,87.0,0.2162096202087401,True,REGULAR,USD,call,2026-10-30,157,745.6400146484375,0.977683581458161,49.135,0.0677724636206369,0.4301369863013699,0.1702830951717092
SPY261030C00730000,2026-05-22 15:28:58+00:00,730.0,49.9,46.76,50.09,4.9000015,10.888892,4.0,220.0,0.2152941020202636,True,REGULAR,USD,call,2026-10-30,157,745.6400146484375,0.9790247111995302,48.425,0.0687661331956635,0.4301369863013699,0.16970103318431182
SPY261030C00731000,2026-05-15 16:44:33+00:00,731.0,46.8,46.05,49.39,0.0,0.0,10.0,103.0,0.214401471786499,True,REGULAR,USD,call,2026-10-30,157,745.6400146484375,0.9803658409408994,47.72,0.0699916177703269,0.4301369863013699,0.1691265104265617
SPY261030C00732000,2026-05-20 19:37:49+00:00,732.0,44.43,45.34,48.69,0.0,0.0,2.0,83.0,0.2134935829162598,True,REGULAR,USD,call,2026-10-30,157,745.6400146484375,0.9817069706822686,47.015,0.0712538551526107,0.4301369863013699,0.16853165808457699
SPY261030C00733000,2026-05-20 19:18:29+00:00,733.0,43.48,44.64,47.99,0.0,0.0,4.0,58.0,0.2125780647277831,True,REGULAR,USD,call,2026-10-30,157,745.6400146484375,0.983048100423638,46.315,0.0723307783655403,0.4301369863013699,0.16794390219021263
SPY261030C00734000,2026-05-21 14:41:19+00:00,734.0,41.0,44.08,47.3,0.0,0.0,1.0,48.0,0.2116854344940185,True,REGULAR,USD,call,2026-10-30,157,745.6400146484375,0.9843892301650072,45.69,0.0704749398117749,0.4301369863013699,0.1677450031175367
SPY261030C00735000,2026-05-22 17:29:53+00:00,735.0,46.9,43.26,46.61,3.9500008,9.196742,3.0,203.0,0.2107851749420165,True,REGULAR,USD,call,2026-10-30,157,745.6400146484375,0.9857303599063764,44.935,0.0745521308556804,0.4301369863013699,0.16681552369684732
SPY261030C00736000,2026-05-22 17:40:52+00:00,736.0,45.79,42.62,45.93,3.5800018,8.481407,25.0,81.0,0.2099154326629638,True,REGULAR,USD,call,2026-10-30,157,745.6400146484375,0.9870714896477456,44.275,0.0747600225861096,0.4301369863013699,0.16638234266972077
SPY261030C00737000,2026-05-21 16:12:11+00:00,737.0,39.89,42.26,45.25,0.0,0.0,4.0,95.0,0.2090228024291991,True,REGULAR,USD,call,2026-10-30,157,745.6400146484375,0.9884126193891148,43.754999999999995,0.0683350474231516,0.4301369863013699,0.16668217473470417
SPY261030C00738000,2026-05-22 15:31:33+00:00,738.0,44.42,41.22,44.58,3.119999,7.5544767,1.0,108.0,0.2081759481048583,True,REGULAR,USD,call,2026-10-30,157,745.6400146484375,0.989753749130484,42.9,0.0783216783216783,0.4301369863013699,0.16515402940650517
SPY261030C00739000,2026-05-22 14:22:10+00:00,739.0,41.93,40.55,43.91,3.540001,9.221153,3.0,129.0,0.2072985765075683,True,REGULAR,USD,call,2026-10-30,157,745.6400146484375,0.9910948788718532,42.23,0.0795642907885389,0.4301369863013699,0.16460142973264735
SPY261030C00740000,2026-05-22 17:59:28+00:00,740.0,42.47,39.88,43.24,2.8700027,7.2474823,4.0,1333.0,0.206413575592041,True,REGULAR,USD,call,2026-10-30,157,745.6400146484375,0.9924360086132225,41.56,0.080846968238691,0.4301369863013699,0.16402750908129238
SPY261030C00741000,2026-05-22 13:33:09+00:00,741.0,41.92,39.22,42.58,4.539997,12.145524,2.0,161.0,0.2055590919494628,True,REGULAR,USD,call,2026-10-30,157,745.6400146484375,0.9937771383545916,40.9,0.0821515892420537,0.4301369863013699,0.16348494948296025
SPY261030C00742000,2026-05-22 13:31:15+00:00,742.0,41.0,38.56,41.93,2.9799995,7.837979,2.0,109.0,0.2047351255798339,True,REGULAR,USD,call,2026-10-30,157,745.6400146484375,0.9951182680959608,40.245000000000005,0.0837371102000247,0.4301369863013699,0.16294669750078372
SPY261030C00743000,2026-05-22 17:58:10+00:00,743.0,40.72,38.12,41.28,5.380001,15.223546,1.0,819.0,0.2038959005737304,True,REGULAR,USD,call,2026-10-30,157,745.6400146484375,0.99645939783733,39.7,0.0795969773299749,0.4301369863013699,0.1629674728258448
SPY261030C00744000,2026-05-22 16:54:46+00:00,744.0,39.9,37.26,40.63,3.6200027,9.977957,3.0,117.0,0.2030414169311523,True,REGULAR,USD,call,2026-10-30,157,745.6400146484375,0.9978005275786992,38.945,0.0865322891256901,0.4301369863013699,0.16185568535632833
SPY261030C00745000,2026-05-22 19:09:38+00:00,745.0,38.65,37.36,39.37,2.2300034,6.123019,33.0,1023.0,0.1990436541748046,True,REGULAR,USD,call,2026-10-30,157,745.6400146484375,0.9991416573200684,38.364999999999995,0.0523915026717059,0.4301369863013699,0.16164414679052733
SPY261030C00746000,2026-05-22 17:28:17+00:00,746.0,39.32,36.2,39.36,3.5699997,9.986013,5.0,188.0,0.2014087428283691,False,REGULAR,USD,call,2026-10-30,157,745.6400146484375,1.0004827870614377,37.78,0.0836421386977235,0.4301369863013699,0.16138174426880825
SPY261030C00750000,2026-05-22 16:15:46+00:00,750.0,35.99,34.3,35.7,2.6100006,7.819055,38.0,2527.0,0.1922230436706543,False,REGULAR,USD,call,2026-10-30,157,745.6400146484375,1.0058473060269146,35.0,0.0400000000000001,0.4301369863013699,0.15780348235266436
SPY261030C00755000,2026-05-22 15:52:36+00:00,755.0,33.25,32.18,32.26,2.5599995,8.341477,19.0,168.0,0.1860661838531494,False,REGULAR,USD,call,2026-10-30,157,745.6400146484375,1.0125529547337606,32.22,0.0024829298572314,0.4301369863013699,0.15640455154396263
SPY261030C00760000,2026-05-22 16:06:04+00:00,760.0,30.35,29.33,29.41,4.3199997,16.596233,2.0,2840.0,0.182350705871582,False,REGULAR,USD,call,2026-10-30,157,745.6400146484375,1.0192586034406068,29.369999999999997,0.0027238678924072,0.4301369863013699,0.15401516168974136
SPY261030C00765000,2026-05-21 20:08:51+00:00,765.0,25.15,26.63,26.72,0.0,0.0,1.0,241.0,0.1788717367553711,False,REGULAR,USD,call,2026-10-30,157,745.6400146484375,1.0259642521474528,26.674999999999997,0.0033739456419868,0.4301369863013699,0.15177728170174684
SPY261030C00770000,2026-05-21 17:21:05+00:00,770.0,22.5,24.1,24.18,0.0,0.0,94.0,3404.0,0.1755529833221435,False,REGULAR,USD,call,2026-10-30,157,745.6400146484375,1.032669900854299,24.14,0.0033140016570007,0.4301369863013699,0.14969657987305213
SPY261030C00775000,2026-05-21 18:52:22+00:00,775.0,19.74,21.72,21.8,0.0,0.0,4.0,1615.0,0.1724402214813233,False,REGULAR,USD,call,2026-10-30,157,745.6400146484375,1.0393755495611452,21.759999999999998,0.0036764705882353,0.4301369863013699,0.1477318234899926
SPY261030C00780000,2026-05-22 16:30:29+00:00,780.0,20.32,19.51,19.59,2.3199997,12.888887,9.0,5484.0,0.1695639685058594,False,REGULAR,USD,call,2026-10-30,157,745.6400146484375,1.0460811982679912,19.55,0.0040920716112531,0.4301369863013699,0.1459532027777779
SPY261030C00785000,2026-05-22 15:14:10+00:00,785.0,18.03,17.46,17.54,2.3000011,14.62175,2.0,358.0,0.1668937071228027,False,REGULAR,USD,call,2026-10-30,157,745.6400146484375,1.0527868469748374,17.5,0.0045714285714284,0.4301369863013699,0.14430792142348378
SPY261030C00790000,2026-05-22 19:02:50+00:00,790.0,15.9,15.57,15.65,1.25,8.532424,3.0,5729.0,0.1644141786956787,False,REGULAR,USD,call,2026-10-30,157,745.6400146484375,1.0594924956816834,15.61,0.0051249199231262,0.4301369863013699,0.14280249719584953
SPY261030C00795000,2026-05-22 20:07:19+00:00,795.0,13.8,13.84,13.92,0.90999985,7.0597353,65.0,207.0,0.1621482711791992,False,REGULAR,USD,call,2026-10-30,157,745.6400146484375,1.0661981443885296,13.879999999999999,0.0057636887608069,0.4301369863013699,0.14145230025146593
SPY261030C00800000,2026-05-22 19:36:35+00:00,800.0,12.39,12.27,12.34,1.0600004,9.355697,19.0,6273.0,0.1600578379821777,False,REGULAR,USD,call,2026-10-30,157,745.6400146484375,1.0729037930953755,12.305,0.0056887444128403,0.4301369863013699,0.14025268229618817
SPY261030C00805000,2026-05-22 19:23:39+00:00,805.0,10.96,10.84,10.91,1.2300005,12.641321,4.0,111.0,0.1581810256958007,False,REGULAR,USD,call,2026-10-30,157,745.6400146484375,1.0796094418022215,10.875,0.0064367816091954,0.4301369863013699,0.13917724997236344
SPY261030C00810000,2026-05-22 13:31:08+00:00,810.0,9.91,9.55,9.62,2.0,25.28445,1.0,2580.0,0.1564796877288818,False,REGULAR,USD,call,2026-10-30,157,745.6400146484375,1.0863150905090675,9.585,0.0073030777256127,0.4301369863013699,0.1382333831804555
SPY261030C00815000,2026-05-22 17:27:48+00:00,815.0,8.96,8.39,8.46,1.29,16.818773,43.0,38.0,0.1549461947631836,False,REGULAR,USD,call,2026-10-30,157,745.6400146484375,1.093020739215914,8.425,0.0083086053412463,0.4301369863013699,0.1374029365917153
SPY261030C00820000,2026-05-22 13:55:54+00:00,820.0,7.79,7.35,7.42,1.2799997,19.662054,13.0,310.0,0.1535576588439941,False,REGULAR,USD,call,2026-10-30,157,745.6400146484375,1.09972638792276,7.385,0.009478672985782,0.4301369863013699,0.13666833577141763
SPY261030C00825000,2026-05-22 15:29:57+00:00,825.0,7.0,6.43,6.49,1.79,34.357006,1.0,127.0,0.1522911920166015,False,REGULAR,USD,call,2026-10-30,157,745.6400146484375,1.106432036629606,6.46,0.0092879256965945,0.4301369863013699,0.1360509144081432
SPY261030C00830000,2026-05-22 13:39:58+00:00,830.0,6.11,5.61,5.67,1.19,24.186993,2.0,108.0,0.1512078288269043,False,REGULAR,USD,call,2026-10-30,157,745.6400146484375,1.113137685336452,5.640000000000001,0.0106382978723403,0.4301369863013699,0.13553934714480018
SPY261030C00835000,2026-05-21 17:18:52+00:00,835.0,4.12,4.88,4.93,0.0,0.0,10.0,40.0,0.150124465637207,False,REGULAR,USD,call,2026-10-30,157,745.6400146484375,1.1198433340432985,4.904999999999999,0.0101936799184505,0.4301369863013699,0.13503243494599856
SPY261030C00840000,2026-05-22 17:28:14+00:00,840.0,4.71,4.23,4.29,0.98,26.273458,86.0,137.0,0.1492699819946289,False,REGULAR,USD,call,2026-10-30,157,745.6400146484375,1.1265489827501445,4.26,0.0140845070422534,0.4301369863013699,0.13463436753802702
SPY261030C00845000,2026-05-22 19:29:01+00:00,845.0,3.7,3.66,3.72,0.3800001,11.445786,25.0,79.0,0.148446015625,False,REGULAR,USD,call,2026-10-30,157,745.6400146484375,1.1332546314569905,3.6900000000000004,0.016260162601626,0.4301369863013699,0.13427893878680677
SPY261030C00850000,2026-05-22 19:34:40+00:00,850.0,3.2,3.17,3.22,0.26999998,9.215016,26.0,371.0,0.1477288597106933,False,REGULAR,USD,call,2026-10-30,157,745.6400146484375,1.1399602801638364,3.1950000000000003,0.0156494522691706,0.4301369863013699,0.1340410112549678
SPY261030C00855000,2026-05-20 14:38:59+00:00,855.0,2.08,2.73,2.78,0.0,0.0,1.0,59.0,0.1470727383422851,False,REGULAR,USD,call,2026-10-30,157,745.6400146484375,1.1466659288706826,2.755,0.0181488203266787,0.4301369863013699,0.13377627994423757
SPY261030C00860000,2026-05-22 17:38:43+00:00,860.0,2.67,2.36,2.4,0.8000001,42.78075,34.0,145.0,0.1465234274291992,False,REGULAR,USD,call,2026-10-30,157,745.6400146484375,1.1533715775775288,2.38,0.0168067226890756,0.4301369863013699,0.13368015424447244
SPY261030C00865000,2026-05-15 15:17:30+00:00,865.0,2.29,2.03,2.08,0.0,0.0,9.0,76.0,0.146218254699707,False,REGULAR,USD,call,2026-10-30,157,745.6400146484375,1.1600772262843748,2.0549999999999997,0.0243309002433091,0.4301369863013699,0.13365542011050321
SPY261030C00870000,2026-05-20 19:40:21+00:00,870.0,1.57,1.75,1.79,0.0,0.0,5.0,380.0,0.1458215301513671,False,REGULAR,USD,call,2026-10-30,157,745.6400146484375,1.166782874991221,1.77,0.0225988700564971,0.4301369863013699,0.1336347360890758
SPY261030C00875000,2026-05-13 15:13:49+00:00,875.0,1.51,1.51,1.55,0.0,0.0,,1.0,0.1456689437866211,False,REGULAR,USD,call,2026-10-30,157,745.6400146484375,1.173488523698067,1.53,0.0261437908496732,0.4301369863013699,0.13378304573324826
SPY261030C00880000,2026-05-22 18:23:13+00:00,880.0,1.45,1.3,1.34,-0.6299999,-30.288458,20.0,39.0,0.1455468746948242,False,REGULAR,USD,call,2026-10-30,157,745.6400146484375,1.1801941724049132,1.32,0.0303030303030303,0.4301369863013699,0.13393253611652692
SPY261030C00885000,2026-05-20 19:05:31+00:00,885.0,0.99,1.12,1.16,0.0,0.0,,200.0,0.145516357421875,False,REGULAR,USD,call,2026-10-30,157,745.6400146484375,1.1868998211117592,1.1400000000000001,0.0350877192982454,0.4301369863013699,0.13415603667239667
SPY261030C00890000,2026-05-22 14:48:51+00:00,890.0,1.03,0.97,1.0,0.30999994,43.055546,1.0,20.0,0.1454553228759765,False,REGULAR,USD,call,2026-10-30,157,745.6400146484375,1.1936054698186054,0.985,0.0304568527918782,0.4301369863013699,0.13442943090448653
SPY261030C00895000,2026-05-22 13:48:04+00:00,895.0,0.98,0.84,0.87,-0.01999998,-1.9999981,1.0,1.0,0.1456384265136718,False,REGULAR,USD,call,2026-10-30,157,745.6400146484375,1.2003111185254514,0.855,0.0350877192982456,0.4301369863013699,0.1348423640693636
SPY261030C00900000,2026-05-21 13:30:00+00:00,900.0,0.61,0.73,0.76,0.0,0.0,1.0,9.0,0.1460046337890624,False,REGULAR,USD,call,2026-10-30,157,745.6400146484375,1.2070167672322976,0.745,0.0402684563758389,0.4301369863013699,0.13536051931911341
SPY261120C00550000,2026-05-15 15:53:48+00:00,550.0,202.75,206.11,209.33,0.0,0.0,5.0,5.0,0.4099332688903808,True,REGULAR,USD,call,2026-11-20,178,745.6400146484375,0.7376213577530707,207.72000000000003,0.0155016368187945,0.4876712328767123,0.25262615853292936
SPY261120C00560000,2026-05-14 17:27:07+00:00,560.0,199.74,196.71,199.93,0.0,0.0,,10.0,0.3979552392578125,True,REGULAR,USD,call,2026-11-20,178,745.6400146484375,0.7510326551667629,198.32,0.0162363856393707,0.4876712328767123,0.25174998110611785
SPY261120C00575000,2026-05-13 18:08:06+00:00,575.0,182.66,182.69,185.91,0.0,0.0,,1.0,0.380316255493164,True,REGULAR,USD,call,2026-11-20,178,745.6400146484375,0.7711496012873011,184.3,0.0174715138361367,0.4876712328767123,0.24859293581240116
SPY261120C00600000,2026-05-15 17:39:58+00:00,600.0,159.3,159.62,162.88,0.0,0.0,1.0,1.0,0.3523776921081542,True,REGULAR,USD,call,2026-11-20,178,745.6400146484375,0.8046778448215317,161.25,0.0202170542635658,0.4876712328767123,0.24108201288540038
SPY261120C00610000,2026-05-18 14:37:21+00:00,610.0,144.98,150.5,153.76,0.0,0.0,,0.0,0.3413304393005371,True,REGULAR,USD,call,2026-11-20,178,745.6400146484375,0.8180891422352239,152.13,0.0214290409518174,0.4876712328767123,0.2371012775404712
SPY261120C00615000,2026-05-18 18:10:19+00:00,615.0,139.33,145.97,149.21,0.0,0.0,,1.0,0.3357305197143554,True,REGULAR,USD,call,2026-11-20,178,745.6400146484375,0.82479479094207,147.59,0.0219527068229555,0.4876712328767123,0.23489593165957057
SPY261120C00625000,2026-05-22 14:06:11+00:00,625.0,138.65,136.98,140.25,0.0,0.0,1.0,0.0,0.3252478364562988,True,REGULAR,USD,call,2026-11-20,178,745.6400146484375,0.8382060883557622,138.615,0.0235905205064387,0.4876712328767123,0.2307993010979937
SPY261120C00640000,2026-05-19 19:55:21+00:00,640.0,115.25,123.64,126.89,0.0,0.0,,2.0,0.3091804922485351,True,REGULAR,USD,call,2026-11-20,178,745.6400146484375,0.8583230344763004,125.265,0.0259449966071927,0.4876712328767123,0.2235439919286758
SPY261120C00650000,2026-05-21 16:29:44+00:00,650.0,111.41,114.88,118.16,0.0,0.0,1.0,6.0,0.2989724644470214,True,REGULAR,USD,call,2026-11-20,178,745.6400146484375,0.8717343318899926,116.52,0.0281496738757295,0.4876712328767123,0.2187064780804227
SPY261120C00660000,2026-05-21 17:52:01+00:00,660.0,106.67,106.23,109.52,0.0,0.0,1.0,2.0,0.2887186607360839,True,REGULAR,USD,call,2026-11-20,178,745.6400146484375,0.8851456293036849,107.875,0.0304982618771725,0.4876712328767123,0.21352623269192872
SPY261120C00665000,2026-05-13 19:10:06+00:00,665.0,103.7,101.95,105.24,0.0,0.0,,0.0,0.2835993881988524,True,REGULAR,USD,call,2026-11-20,178,745.6400146484375,0.891851278010531,103.595,0.031758289492736,0.4876712328767123,0.21082963972932117
SPY261120C00670000,2026-05-20 15:30:00+00:00,670.0,94.29,97.7,101.0,0.0,0.0,,1.0,0.2785411502075195,True,REGULAR,USD,call,2026-11-20,178,745.6400146484375,0.8985569267173771,99.35,0.0332159033719174,0.4876712328767123,0.20810050651246909
SPY261120C00675000,2026-05-22 18:55:33+00:00,675.0,96.22,93.49,96.79,4.1900024,4.552866,1.0,1.0,0.2734752828979492,True,REGULAR,USD,call,2026-11-20,178,745.6400146484375,0.9052625754242232,95.14,0.0346857262980871,0.4876712328767123,0.2053242390633247
SPY261120C00680000,2026-05-22 17:25:49+00:00,680.0,93.99,89.31,92.62,11.169998,13.487079,15.0,5.0,0.2684551914978026,True,REGULAR,USD,call,2026-11-20,178,745.6400146484375,0.9119682241310691,90.965,0.0363876216127082,0.4876712328767123,0.20248846427442843
SPY261120C00690000,2026-05-22 17:17:16+00:00,690.0,84.13,81.08,84.4,4.260002,5.33367,10.0,55.0,0.2584684139251709,True,REGULAR,USD,call,2026-11-20,178,745.6400146484375,0.9253795215447614,82.74000000000001,0.04012569494803,0.4876712328767123,0.1967195154957227
SPY261120C00695000,2026-05-22 13:45:53+00:00,695.0,80.32,77.03,80.36,5.3499985,7.1361856,6.0,9.0,0.2535322450256348,True,REGULAR,USD,call,2026-11-20,178,745.6400146484375,0.9320851702516076,78.695,0.0423152678060867,0.4876712328767123,0.19378674504674206
SPY261120C00700000,2026-05-22 19:01:38+00:00,700.0,75.63,73.04,76.37,4.25,5.954049,4.0,32.0,0.2486265933990478,True,REGULAR,USD,call,2026-11-20,178,745.6400146484375,0.9387908189584536,74.70500000000001,0.0445753296298774,0.4876712328767123,0.19086072133856083
SPY261120C00705000,2026-05-20 15:33:33+00:00,705.0,67.13,69.11,72.44,0.0,0.0,6.0,26.0,0.2437896056365966,True,REGULAR,USD,call,2026-11-20,178,745.6400146484375,0.9454964676652996,70.775,0.0470505121865065,0.4876712328767123,0.1879500155146877
SPY261120C00710000,2026-05-22 18:20:15+00:00,710.0,68.06,65.54,68.56,5.049999,8.0146,3.0,35.0,0.2389602471923828,True,REGULAR,USD,call,2026-11-20,178,745.6400146484375,0.9522021163721458,67.05000000000001,0.0450410141685308,0.4876712328767123,0.18586485287032878
SPY261120C00715000,2026-05-20 16:58:01+00:00,715.0,57.46,61.78,64.75,0.0,0.0,3.0,24.0,0.2341995526123046,True,REGULAR,USD,call,2026-11-20,178,745.6400146484375,0.958907765078992,63.265,0.0469453884454279,0.4876712328767123,0.18303651615027206
SPY261120C00720000,2026-05-22 19:59:35+00:00,720.0,59.14,57.67,61.02,5.6399994,10.542055,3.0,24.0,0.2295609271240234,True,REGULAR,USD,call,2026-11-20,178,745.6400146484375,0.965613413785838,59.345,0.0564495745218637,0.4876712328767123,0.17909344279317188
SPY261120C00725000,2026-05-21 17:15:48+00:00,725.0,52.14,54.0,57.36,0.0,0.0,20.0,14.0,0.2249528189086914,True,REGULAR,USD,call,2026-11-20,178,745.6400146484375,0.972319062492684,55.68,0.0603448275862068,0.4876712328767123,0.17616585851384076
SPY261120C00730000,2026-05-22 16:42:52+00:00,730.0,53.07,50.42,53.79,5.1800003,10.816455,1.0,45.0,0.2204667797851562,True,REGULAR,USD,call,2026-11-20,178,745.6400146484375,0.9790247111995302,52.105000000000004,0.0646770943287591,0.4876712328767123,0.17330220107219096
SPY261120C00735000,2026-05-22 18:51:16+00:00,735.0,49.37,46.93,50.3,3.3999977,7.396123,11.0,87.0,0.2160265165710448,True,REGULAR,USD,call,2026-11-20,178,745.6400146484375,0.9857303599063764,48.614999999999995,0.0693201686722204,0.4876712328767123,0.17044932648099964
SPY261120C00740000,2026-05-22 15:01:39+00:00,740.0,45.83,43.53,46.92,3.4400024,8.115128,12.0,170.0,0.2117464690399169,True,REGULAR,USD,call,2026-11-20,178,745.6400146484375,0.9924360086132225,45.225,0.0749585406301824,0.4876712328767123,0.16765776218138972
SPY261120C00745000,2026-05-22 19:15:58+00:00,745.0,42.17,40.31,43.65,1.5599976,3.8414125,6.0,240.0,0.2076113785552978,True,REGULAR,USD,call,2026-11-20,178,745.6400146484375,0.9991416573200684,41.980000000000004,0.0795616960457359,0.4876712328767123,0.16512330410249643
SPY261120C00750000,2026-05-22 19:48:08+00:00,750.0,38.5,37.8,39.57,1.0900002,2.9136598,49.0,148.0,0.1991886112213134,False,REGULAR,USD,call,2026-11-20,178,745.6400146484375,1.0058473060269146,38.685,0.04575416828228,0.4876712328767123,0.1618586225027827
SPY261120C00755000,2026-05-22 19:09:38+00:00,755.0,36.1,35.77,35.85,4.169998,13.059813,2.0,101.0,0.1920551986694336,False,REGULAR,USD,call,2026-11-20,178,745.6400146484375,1.0125529547337606,35.81,0.0022340128455738,0.4876712328767123,0.16013883733183376
SPY261120C00760000,2026-05-22 20:00:15+00:00,760.0,32.75,32.86,32.94,4.16,14.550541,1.0,444.0,0.1883397206878662,False,REGULAR,USD,call,2026-11-20,178,745.6400146484375,1.0192586034406068,32.9,0.0024316109422491,0.4876712328767123,0.15771582953161192
SPY261120C00765000,2026-05-22 18:04:18+00:00,765.0,30.69,30.08,30.17,2.25,7.911392,1.0,446.0,0.1847920877075194,False,REGULAR,USD,call,2026-11-20,178,745.6400146484375,1.0259642521474528,30.125,0.00298755186722,0.4876712328767123,0.15539812530320635
SPY261120C00770000,2026-05-22 15:23:10+00:00,770.0,28.29,27.46,27.54,2.4000015,9.269995,1.0,940.0,0.1814046704101562,False,REGULAR,USD,call,2026-11-20,178,745.6400146484375,1.032669900854299,27.5,0.0029090909090908,0.4876712328767123,0.15323861726964352
SPY261120C00775000,2026-05-22 19:02:06+00:00,775.0,25.5,24.98,25.06,1.9599991,8.326249,280.0,830.0,0.1782156153869629,False,REGULAR,USD,call,2026-11-20,178,745.6400146484375,1.0393755495611452,25.02,0.0031974420463628,0.4876712328767123,0.15119790916408063
SPY261120C00780000,2026-05-22 18:04:18+00:00,780.0,23.19,22.65,22.73,2.3900013,11.490391,1.0,996.0,0.1752096640014648,False,REGULAR,USD,call,2026-11-20,178,745.6400146484375,1.0460811982679912,22.689999999999998,0.0035257822829441,0.4876712328767123,0.14928930789894637
SPY261120C00785000,2026-05-22 19:02:06+00:00,785.0,20.94,20.47,20.55,1.7600002,9.176226,216.0,1449.0,0.1723791869354248,False,REGULAR,USD,call,2026-11-20,178,745.6400146484375,1.0527868469748374,20.509999999999998,0.0039005363237446,0.4876712328767123,0.147507668601604
SPY261120C00790000,2026-05-22 18:06:28+00:00,790.0,19.08,18.45,18.53,1.8700008,10.865782,1.0,354.0,0.1697775894165039,False,REGULAR,USD,call,2026-11-20,178,745.6400146484375,1.0594924956816834,18.490000000000002,0.0043266630611142,0.4876712328767123,0.14590291004970318
SPY261120C00795000,2026-05-22 18:05:22+00:00,795.0,17.15,16.58,16.65,1.8399992,12.018284,14.0,101.0,0.1673133196258545,False,REGULAR,USD,call,2026-11-20,178,745.6400146484375,1.0661981443885296,16.615,0.0042130604875113,0.4876712328767123,0.14440655431374286
SPY261120C00800000,2026-05-22 20:02:11+00:00,800.0,14.72,14.85,14.92,0.9000006,6.5123053,86.0,310.0,0.1650397827911377,False,REGULAR,USD,call,2026-11-20,178,745.6400146484375,1.0729037930953755,14.885,0.0047027208599261,0.4876712328767123,0.1430298936633741
SPY261120C00805000,2026-05-22 18:39:02+00:00,805.0,13.66,13.27,13.34,1.3400002,10.876625,31.0,297.0,0.1629874961853027,False,REGULAR,USD,call,2026-11-20,178,745.6400146484375,1.0796094418022215,13.305,0.0052611800075159,0.4876712328767123,0.14181854356723864
SPY261120C00810000,2026-05-22 19:54:38+00:00,810.0,11.75,11.83,11.9,0.8800001,8.095677,230.0,638.0,0.1611183132171631,False,REGULAR,USD,call,2026-11-20,178,745.6400146484375,1.0863150905090675,11.865,0.0058997050147492,0.4876712328767123,0.1407457448814497
SPY261120C00815000,2026-05-22 19:14:42+00:00,815.0,10.66,10.53,10.59,1.0,10.351967,575.0,125.0,0.1594169752502441,False,REGULAR,USD,call,2026-11-20,178,745.6400146484375,1.093020739215914,10.559999999999999,0.0056818181818182,0.4876712328767123,0.13981608467325143
SPY261120C00820000,2026-05-22 18:31:16+00:00,820.0,9.77,9.34,9.4,1.0200005,11.657147,2.0,643.0,0.1578453356933593,False,REGULAR,USD,call,2026-11-20,178,745.6400146484375,1.09972638792276,9.370000000000001,0.0064034151547492,0.4876712328767123,0.138946255201053
SPY261120C00825000,2026-05-22 19:15:22+00:00,825.0,8.4,8.27,8.33,1.5499997,22.627733,3.0,125.0,0.1564415411376953,False,REGULAR,USD,call,2026-11-20,178,745.6400146484375,1.106432036629606,8.3,0.0072289156626506,0.4876712328767123,0.13820551550001062
SPY261120C00830000,2026-05-22 14:27:11+00:00,830.0,7.31,7.31,7.37,0.9000001,14.040564,85.0,33.0,0.1551903329467773,False,REGULAR,USD,call,2026-11-20,178,745.6400146484375,1.113137685336452,7.34,0.0081743869209809,0.4876712328767123,0.13757656455503686
SPY261120C00835000,2026-05-22 15:12:14+00:00,835.0,6.75,6.44,6.5,0.8800001,14.991485,5.0,87.0,0.1540001593017578,False,REGULAR,USD,call,2026-11-20,178,745.6400146484375,1.1198433340432985,6.470000000000001,0.0092735703245749,0.4876712328767123,0.13696701522059304
SPY261120C00840000,2026-05-22 14:31:44+00:00,840.0,5.76,5.67,5.73,1.0700002,22.814503,124.0,58.0,0.1529930892944336,False,REGULAR,USD,call,2026-11-20,178,745.6400146484375,1.1265489827501445,5.7,0.0105263157894737,0.4876712328767123,0.13649896011178428
SPY261120C00845000,2026-05-20 16:01:54+00:00,845.0,4.46,4.98,5.03,0.0,0.0,1.0,53.0,0.1519707606506348,False,REGULAR,USD,call,2026-11-20,178,745.6400146484375,1.1332546314569905,5.005000000000001,0.0099900099900099,0.4876712328767123,0.13603226031359128
SPY261120C00850000,2026-05-22 16:02:11+00:00,850.0,4.8,4.36,4.42,0.97000027,25.326378,1.0,1435.0,0.1511620529174805,False,REGULAR,USD,call,2026-11-20,178,745.6400146484375,1.1399602801638364,4.390000000000001,0.0136674259681092,0.4876712328767123,0.13565883117907385
SPY261120C00855000,2026-05-20 15:02:39+00:00,855.0,3.23,3.82,3.87,0.0,0.0,1.0,31.0,0.1503686038208008,False,REGULAR,USD,call,2026-11-20,178,745.6400146484375,1.1466659288706826,3.8449999999999998,0.0130039011703511,0.4876712328767123,0.1353509737598276
SPY261120C00860000,2026-05-22 18:31:16+00:00,860.0,3.53,3.33,3.38,0.55999994,18.855217,7.0,112.0,0.1496056719970703,False,REGULAR,USD,call,2026-11-20,178,745.6400146484375,1.1533715775775288,3.355,0.0149031296572279,0.4876712328767123,0.13501649576182595
SPY261120C00865000,2026-05-14 16:01:32+00:00,865.0,4.66,2.91,2.95,0.0,0.0,,121.0,0.1489495506286621,False,REGULAR,USD,call,2026-11-20,178,745.6400146484375,1.1600772262843748,2.93,0.0136518771331058,0.4876712328767123,0.1348174389261022
SPY261120C00870000,2026-05-21 18:15:39+00:00,870.0,2.28,2.53,2.58,0.0,0.0,30.0,52.0,0.1484765328979492,False,REGULAR,USD,call,2026-11-20,178,745.6400146484375,1.166782874991221,2.5549999999999997,0.0195694716242662,0.4876712328767123,0.1346576904509028
SPY261120C00875000,2026-05-22 19:29:01+00:00,875.0,2.24,2.2,2.25,0.53,30.99415,2915.0,7.0,0.1480187738037109,False,REGULAR,USD,call,2026-11-20,178,745.6400146484375,1.173488523698067,2.225,0.0224719101123594,0.4876712328767123,0.1345365307525828
SPY261120C00880000,2026-05-19 13:32:41+00:00,880.0,1.37,1.92,1.96,0.0,0.0,1.0,4.0,0.1476220492553711,False,REGULAR,USD,call,2026-11-20,178,745.6400146484375,1.1801941724049132,1.94,0.0206185567010309,0.4876712328767123,0.1345233999495471
SPY261120C00885000,2026-05-22 18:31:16+00:00,885.0,1.81,1.67,1.71,0.0,0.0,2.0,0.0,0.1473473937988281,False,REGULAR,USD,call,2026-11-20,178,745.6400146484375,1.1868998211117592,1.69,0.0236686390532544,0.4876712328767123,0.13454456044567642
SPY261120C00890000,2026-05-21 17:31:16+00:00,890.0,1.23,1.45,1.49,0.0,0.0,503.0,473.0,0.1471032556152343,False,REGULAR,USD,call,2026-11-20,178,745.6400146484375,1.1936054698186054,1.47,0.0272108843537415,0.4876712328767123,0.13457863465937378
SPY261120C00895000,2026-05-21 19:11:29+00:00,895.0,1.11,1.26,1.3,0.0,0.0,822.0,1020.0,0.1469506692504882,False,REGULAR,USD,call,2026-11-20,178,745.6400146484375,1.2003111185254514,1.28,0.03125,0.4876712328767123,0.13468908449325018
SPY261120C00900000,2026-05-22 15:10:28+00:00,900.0,1.2,1.1,1.14,0.20000005,20.000004,8.0,194.0,0.1469811865234375,False,REGULAR,USD,call,2026-11-20,178,745.6400146484375,1.2070167672322976,1.12,0.0357142857142855,0.4876712328767123,0.13495974188808946
SPY261120C00905000,2026-05-18 13:45:48+00:00,905.0,0.86,0.96,0.99,0.0,0.0,400.0,301.0,0.1468286001586914,False,REGULAR,USD,call,2026-11-20,178,745.6400146484375,1.2137224159391435,0.975,0.0307692307692308,0.4876712328767123,0.13513526919966018
SPY261120C00910000,2026-05-18 18:08:31+00:00,910.0,0.65,0.84,0.87,0.0,0.0,40.0,42.0,0.1469811865234375,False,REGULAR,USD,call,2026-11-20,178,745.6400146484375,1.2204280646459895,0.855,0.0350877192982456,0.4876712328767123,0.13550879783974198
SPY261120C00915000,2026-05-22 14:27:09+00:00,915.0,0.77,0.74,0.77,-0.33000004,-30.000004,15.0,80.0,0.1473473937988281,False,REGULAR,USD,call,2026-11-20,178,745.6400146484375,1.2271337133528355,0.755,0.0397350993377483,0.4876712328767123,0.13605202880303258
SPY261120C00920000,2026-05-21 19:41:12+00:00,920.0,0.58,0.65,0.67,0.0,0.0,,2.0,0.1473473937988281,False,REGULAR,USD,call,2026-11-20,178,745.6400146484375,1.233839362059682,0.66,0.0303030303030303,0.4876712328767123,0.13638180879846606
SPY261120C00925000,2026-05-12 16:28:26+00:00,925.0,0.49,0.57,0.6,0.0,0.0,,3.0,0.1480187738037109,False,REGULAR,USD,call,2026-11-20,178,745.6400146484375,1.240545010766528,0.585,0.0512820512820513,0.4876712328767123,0.13701541322513
SPY261120C00930000,2026-05-14 14:46:36+00:00,930.0,0.89,0.51,0.53,0.0,0.0,,60.0,0.1483239465332031,False,REGULAR,USD,call,2026-11-20,178,745.6400146484375,1.247250659473374,0.52,0.0384615384615384,0.4876712328767123,0.13770372133063769
SPY261120C00940000,2026-05-22 19:59:06+00:00,940.0,0.42,0.4,0.42,0.0,0.0,1.0,0.0,0.149422568359375,False,REGULAR,USD,call,2026-11-20,178,745.6400146484375,1.2606619568870665,0.41000000000000003,0.0487804878048779,0.4876712328767123,0.13901961259790419
SPY261120C00950000,2026-05-18 16:36:39+00:00,950.0,0.27,0.32,0.35,0.0,0.0,1.0,3.0,0.1514977429199219,False,REGULAR,USD,call,2026-11-20,178,745.6400146484375,1.2740732543007585,0.33499999999999996,0.08955223880597,0.4876712328767123,0.14097206552714311
SPY261120C00960000,2026-05-15 14:15:40+00:00,960.0,0.32,0.26,0.29,0.0,0.0,15.0,16.0,0.153328779296875,False,REGULAR,USD,call,2026-11-20,178,745.6400146484375,1.2874845517144506,0.275,0.1090909090909089,0.4876712328767123,0.14293189805766773
SPY261218C00525000,2026-05-22 19:34:38+00:00,525.0,231.87,232.05,235.21,1.9799957,0.86127967,4.0,895.0,0.4318904467773438,True,REGULAR,USD,call,2026-12-18,206,745.6400146484375,0.7040931142188402,233.63,0.0135256602319907,0.5643835616438356,0.2593239120846466
SPY261218C00530000,2026-05-20 19:33:09+00:00,530.0,224.59,227.33,230.5,0.0,0.0,17.0,2147.0,0.4260006130981446,True,REGULAR,USD,call,2026-12-18,206,745.6400146484375,0.7107987629256863,228.91500000000002,0.0138479348229691,0.5643835616438356,0.25919216783647764
SPY261218C00535000,2026-05-12 19:26:45+00:00,535.0,215.1,222.62,225.77,0.0,0.0,3.0,2387.0,0.4198666412353515,True,REGULAR,USD,call,2026-12-18,206,745.6400146484375,0.7175044116325324,224.195,0.0140502687392671,0.5643835616438356,0.25838396577589906
SPY261218C00540000,2026-05-21 16:58:15+00:00,540.0,212.97,217.92,221.09,0.0,0.0,2.0,3513.0,0.4141904284667969,True,REGULAR,USD,call,2026-12-18,206,745.6400146484375,0.7242100603393785,219.505,0.0144415844741578,0.5643835616438356,0.2579402374447554
SPY261218C00545000,2026-05-22 16:08:04+00:00,545.0,216.27,213.23,216.42,6.3600006,3.0298703,2.0,1762.0,0.4085447329711914,True,REGULAR,USD,call,2026-12-18,206,745.6400146484375,0.7309157090462246,214.825,0.0148492959385546,0.5643835616438356,0.25726543333354146
SPY261218C00550000,2026-05-22 19:07:34+00:00,550.0,210.51,208.56,211.74,4.48999,2.1793952,1.0,4093.0,0.4027617097473144,True,REGULAR,USD,call,2026-12-18,206,745.6400146484375,0.7376213577530707,210.15,0.0151320485367594,0.5643835616438356,0.25626905159929325
SPY261218C00555000,2026-05-22 14:45:39+00:00,555.0,205.97,203.89,207.08,4.7100067,2.3402598,1.0,1720.0,0.397116014251709,True,REGULAR,USD,call,2026-12-18,206,745.6400146484375,0.7443270064599168,205.485,0.0155242475119839,0.5643835616438356,0.25509595146373965
SPY261218C00560000,2026-05-22 14:45:39+00:00,560.0,201.32,199.24,202.43,5.25,2.677615,2.0,2015.0,0.3915008360290526,True,REGULAR,USD,call,2026-12-18,206,745.6400146484375,0.7510326551667629,200.835,0.0158836856125675,0.5643835616438356,0.2538554867970788
SPY261218C00565000,2026-05-22 15:49:13+00:00,565.0,197.56,194.6,197.79,9.910004,5.2811103,4.0,1672.0,0.3859161750793456,True,REGULAR,USD,call,2026-12-18,206,745.6400146484375,0.757738303873609,196.195,0.0162593338260404,0.5643835616438356,0.2524478259985453
SPY261218C00570000,2026-05-21 19:45:18+00:00,570.0,188.29,189.97,193.18,0.0,0.0,8.0,5269.0,0.380514617767334,True,REGULAR,USD,call,2026-12-18,206,745.6400146484375,0.764443952580455,191.575,0.0167558397494454,0.5643835616438356,0.2510550848809465
SPY261218C00575000,2026-05-22 17:20:37+00:00,575.0,188.18,185.36,188.57,9.689987,5.4288683,4.0,870.0,0.3750520259094238,True,REGULAR,USD,call,2026-12-18,206,745.6400146484375,0.7711496012873011,186.965,0.01716898884818,0.5643835616438356,0.2494950704788837
SPY261218C00580000,2026-05-20 17:39:53+00:00,580.0,177.7,180.77,183.99,0.0,0.0,1.0,2048.0,0.3697420204162597,True,REGULAR,USD,call,2026-12-18,206,745.6400146484375,0.7778552499941473,182.38,0.0176554446759513,0.5643835616438356,0.2480057554812927
SPY261218C00585000,2026-05-22 15:49:37+00:00,585.0,178.8,176.19,179.41,3.850006,2.2006323,6.0,1043.0,0.3643862390136719,True,REGULAR,USD,call,2026-12-18,206,745.6400146484375,0.7845608987009934,177.8,0.0181102362204724,0.5643835616438356,0.24627211341407634
SPY261218C00590000,2026-05-22 15:49:37+00:00,590.0,174.23,171.62,174.84,5.2299957,3.094672,8.0,1018.0,0.3590151989746094,True,REGULAR,USD,call,2026-12-18,206,745.6400146484375,0.7912665474078395,173.23000000000002,0.0185880043872308,0.5643835616438356,0.24438420896747948
SPY261218C00595000,2026-05-22 18:55:12+00:00,595.0,168.72,167.07,170.3,1.3699951,0.81864065,2.0,1546.0,0.3537967453002929,True,REGULAR,USD,call,2026-12-18,206,745.6400146484375,0.7979721961146856,168.685,0.0191481163114682,0.5643835616438356,0.2425437062904362
SPY261218C00600000,2026-05-22 18:10:10+00:00,600.0,165.89,162.55,165.76,4.880005,3.030871,6.0,4674.0,0.3484867398071288,True,REGULAR,USD,call,2026-12-18,206,745.6400146484375,0.8046778448215317,164.155,0.0195546891657273,0.5643835616438356,0.24060671320968807
SPY261218C00605000,2026-05-21 18:10:03+00:00,605.0,156.8,158.04,161.26,0.0,0.0,13.0,3197.0,0.3433903552246093,True,REGULAR,USD,call,2026-12-18,206,745.6400146484375,0.8113834935283778,159.64999999999998,0.0201691199498903,0.5643835616438356,0.2386882705426849
SPY261218C00610000,2026-05-22 14:20:14+00:00,610.0,153.33,153.55,156.79,7.6399994,5.244011,1.0,1388.0,0.3383931517791747,True,REGULAR,USD,call,2026-12-18,206,745.6400146484375,0.8180891422352239,155.17000000000002,0.0208803248050523,0.5643835616438356,0.23677202744727158
SPY261218C00615000,2026-05-22 18:55:12+00:00,615.0,150.97,149.08,152.32,9.899994,7.0177875,1.0,1465.0,0.3333043965148926,True,REGULAR,USD,call,2026-12-18,206,745.6400146484375,0.82479479094207,150.7,0.0214996682149965,0.5643835616438356,0.23468464788766946
SPY261218C00620000,2026-05-20 15:43:35+00:00,620.0,141.75,144.63,147.87,0.0,0.0,9.0,2744.0,0.3282385292053222,True,REGULAR,USD,call,2026-12-18,206,745.6400146484375,0.8315004396489161,146.25,0.0221538461538462,0.5643835616438356,0.23253641785873636
SPY261218C00625000,2026-05-22 17:28:24+00:00,625.0,143.31,140.19,143.44,7.130005,5.235721,4.0,782.0,0.3232108084869384,True,REGULAR,USD,call,2026-12-18,206,745.6400146484375,0.8382060883557622,141.815,0.0229171808341853,0.5643835616438356,0.23027348129004238
SPY261218C00630000,2026-05-22 16:41:04+00:00,630.0,138.06,135.78,139.03,4.5599976,3.4157283,5.0,508.0,0.3181983464050292,True,REGULAR,USD,call,2026-12-18,206,745.6400146484375,0.8449117370626082,137.405,0.023652705505622,0.5643835616438356,0.22798931176009402
SPY261218C00635000,2026-05-22 17:50:02+00:00,635.0,134.68,131.4,134.65,10.5099945,8.464198,3.0,1358.0,0.3132545481872558,True,REGULAR,USD,call,2026-12-18,206,745.6400146484375,0.8516173857694543,133.025,0.0244314978387521,0.5643835616438356,0.22571694268332035
SPY261218C00640000,2026-05-21 18:54:59+00:00,640.0,124.07,127.04,130.3,0.0,0.0,1.0,2251.0,0.3083717845153808,True,REGULAR,USD,call,2026-12-18,206,745.6400146484375,0.8583230344763004,128.67000000000002,0.0253361311883112,0.5643835616438356,0.22339969972445528
SPY261218C00645000,2026-05-22 13:58:44+00:00,645.0,125.22,122.71,125.97,3.300003,2.7066956,1.0,1058.0,0.3034890208435058,True,REGULAR,USD,call,2026-12-18,206,745.6400146484375,0.8650286831831465,124.34,0.0262184333279717,0.5643835616438356,0.22102965005764477
SPY261218C00650000,2026-05-22 18:10:10+00:00,650.0,121.46,118.4,121.65,3.7999954,3.2296407,21.0,3825.0,0.2985375933074951,True,REGULAR,USD,call,2026-12-18,206,745.6400146484375,0.8717343318899926,120.025,0.0270776921474692,0.5643835616438356,0.2185211477949104
SPY261218C00655000,2026-05-22 17:00:51+00:00,655.0,116.99,114.12,117.37,3.8799973,3.430287,16.0,1109.0,0.293677717590332,True,REGULAR,USD,call,2026-12-18,206,745.6400146484375,0.8784399805968387,115.745,0.0280789666940256,0.5643835616438356,0.2160268120118213
SPY261218C00660000,2026-05-22 15:49:27+00:00,660.0,114.61,109.87,113.14,11.290001,10.9272175,18.0,1525.0,0.2889551696014403,True,REGULAR,USD,call,2026-12-18,206,745.6400146484375,0.8851456293036849,111.505,0.0293260391910676,0.5643835616438356,0.21356802911636177
SPY261218C00665000,2026-05-22 16:17:21+00:00,665.0,108.68,105.65,108.93,10.559998,10.762329,8.0,1701.0,0.2841944750213622,True,REGULAR,USD,call,2026-12-18,206,745.6400146484375,0.891851278010531,107.29,0.0305713486811445,0.5643835616438356,0.21102194983496228
SPY261218C00670000,2026-05-22 15:49:37+00:00,670.0,104.56,101.47,104.75,4.2999954,4.2888446,14.0,2351.0,0.2794414097595214,True,REGULAR,USD,call,2026-12-18,206,745.6400146484375,0.8985569267173771,103.11,0.0318106876151682,0.5643835616438356,0.20845182436349285
SPY261218C00675000,2026-05-22 20:13:03+00:00,675.0,98.92,97.32,100.6,2.6100006,2.7099996,3.0,4590.0,0.2746883444976806,True,REGULAR,USD,call,2026-12-18,206,745.6400146484375,0.9052625754242232,98.96,0.0331447049312853,0.5643835616438356,0.20581322991344095
SPY261218C00680000,2026-05-22 18:53:24+00:00,680.0,95.88,93.19,96.49,4.119995,4.4899683,23.0,4789.0,0.269965796508789,True,REGULAR,USD,call,2026-12-18,206,745.6400146484375,0.9119682241310691,94.84,0.0347954449599324,0.5643835616438356,0.20309855176519337
SPY261218C00685000,2026-05-22 19:57:01+00:00,685.0,90.7,89.11,92.41,3.4899979,4.0018325,12.0,2968.0,0.2652356192016601,True,REGULAR,USD,call,2026-12-18,206,745.6400146484375,0.9186738728379154,90.75999999999999,0.0363596297928602,0.5643835616438356,0.20036145513727371
SPY261218C00690000,2026-05-22 18:23:29+00:00,690.0,88.21,85.08,88.38,3.040001,3.5693333,5.0,3589.0,0.2605664764404296,True,REGULAR,USD,call,2026-12-18,206,745.6400146484375,0.9253795215447614,86.72999999999999,0.0380491179522656,0.5643835616438356,0.1976483399201977
SPY261218C00695000,2026-05-22 17:28:16+00:00,695.0,84.7,81.08,84.38,10.529999,14.197114,7.0,2206.0,0.2558515577697754,True,REGULAR,USD,call,2026-12-18,206,745.6400146484375,0.9320851702516076,82.72999999999999,0.0398887948748942,0.5643835616438356,0.1948268421657362
SPY261218C00700000,2026-05-22 19:28:33+00:00,700.0,78.84,77.15,80.44,2.6299973,3.450987,32.0,10848.0,0.2512281909179687,True,REGULAR,USD,call,2026-12-18,206,745.6400146484375,0.9387908189584536,78.795,0.0417539183958372,0.5643835616438356,0.19208603487049264
SPY261218C00705000,2026-05-22 14:27:24+00:00,705.0,74.24,73.25,76.52,0.9300003,1.2685859,1.0,3479.0,0.2464827549743652,True,REGULAR,USD,call,2026-12-18,206,745.6400146484375,0.9454964676652996,74.88499999999999,0.0436669559991987,0.5643835616438356,0.18918580426027223
SPY261218C00710000,2026-05-22 19:42:35+00:00,710.0,70.51,69.47,72.63,1.2799988,1.8489076,3.0,6990.0,0.2416686551666259,True,REGULAR,USD,call,2026-12-18,206,745.6400146484375,0.9522021163721458,71.05,0.0444757213230119,0.5643835616438356,0.18638684442732434
SPY261218C00715000,2026-05-22 16:45:01+00:00,715.0,68.31,65.71,68.92,7.159996,11.708905,3.0,2484.0,0.237464900817871,True,REGULAR,USD,call,2026-12-18,206,745.6400146484375,0.958907765078992,67.315,0.0476862512070119,0.5643835616438356,0.1837936133281125
SPY261218C00720000,2026-05-22 16:44:31+00:00,720.0,64.71,62.29,65.12,4.869999,8.138368,203.0,3918.0,0.2325897664642333,True,REGULAR,USD,call,2026-12-18,206,745.6400146484375,0.965613413785838,63.705,0.0444235146377836,0.5643835616438356,0.18150100609798595
SPY261218C00725000,2026-05-22 18:10:10+00:00,725.0,61.15,58.3,61.65,2.2800026,3.8729448,22.0,3115.0,0.2289810989379883,True,REGULAR,USD,call,2026-12-18,206,745.6400146484375,0.972319062492684,59.974999999999994,0.0558566069195498,0.5643835616438356,0.1782619769341809
SPY261218C00730000,2026-05-22 19:51:06+00:00,730.0,56.31,54.74,57.59,1.920002,3.530064,27.0,4725.0,0.222389367980957,True,REGULAR,USD,call,2026-12-18,206,745.6400146484375,0.9790247111995302,56.165000000000006,0.0507433454998664,0.5643835616438356,0.17430913180741497
SPY261218C00735000,2026-05-22 19:04:42+00:00,735.0,53.28,51.39,54.55,2.0599976,4.0218616,7.0,3065.0,0.2201463484191894,True,REGULAR,USD,call,2026-12-18,206,745.6400146484375,0.9857303599063764,52.97,0.0596564092882763,0.5643835616438356,0.17296759642531792
SPY261218C00740000,2026-05-22 20:14:56+00:00,740.0,49.43,48.15,51.06,1.8499985,3.888185,35.0,5375.0,0.215553498840332,True,REGULAR,USD,call,2026-12-18,206,745.6400146484375,0.9924360086132225,49.605000000000004,0.0586634411853644,0.5643835616438356,0.17041156340419913
SPY261218C00745000,2026-05-22 20:14:56+00:00,745.0,46.15,44.87,47.65,2.2800026,5.19718,40.0,3933.0,0.2109911665344238,True,REGULAR,USD,call,2026-12-18,206,745.6400146484375,0.9991416573200684,46.26,0.0600951145698227,0.5643835616438356,0.16755772541500955
SPY261218C00750000,2026-05-22 19:59:35+00:00,750.0,43.17,41.93,44.35,1.8699989,4.5278425,205.0,23026.0,0.2065814205932616,False,REGULAR,USD,call,2026-12-18,206,745.6400146484375,1.0058473060269146,43.14,0.0560964302271674,0.5643835616438356,0.16533294234407672
SPY261218C00755000,2026-05-22 19:59:58+00:00,755.0,39.89,40.02,40.12,0.5400009,1.3723022,24.0,2471.0,0.1976703768920898,False,REGULAR,USD,call,2026-12-18,206,745.6400146484375,1.0125529547337606,40.07,0.0024956326428748,0.5643835616438356,0.16290827359303717
SPY261218C00760000,2026-05-22 19:37:54+00:00,760.0,37.13,37.06,37.16,2.0100021,5.723241,44.0,6539.0,0.1940235627746582,False,REGULAR,USD,call,2026-12-18,206,745.6400146484375,1.0192586034406068,37.11,0.0026946914578279,0.5643835616438356,0.1605414165264314
SPY261218C00765000,2026-05-22 17:05:31+00:00,765.0,35.39,34.22,34.31,3.040001,9.397222,70.0,3050.0,0.1904606711578369,False,REGULAR,USD,call,2026-12-18,206,745.6400146484375,1.0259642521474528,34.265,0.0026265868962499,0.5643835616438356,0.1582363744426509
SPY261218C00770000,2026-05-22 19:54:38+00:00,770.0,31.31,31.51,31.61,1.7399998,5.8843417,2597.0,10555.0,0.1871419177246094,False,REGULAR,USD,call,2026-12-18,206,745.6400146484375,1.032669900854299,31.560000000000002,0.003168567807351,0.5643835616438356,0.15608833724898452
SPY261218C00775000,2026-05-22 17:23:56+00:00,775.0,29.79,28.93,29.03,2.790001,10.333337,44.0,6808.0,0.1839223454284668,False,REGULAR,USD,call,2026-12-18,206,745.6400146484375,1.0393755495611452,28.98,0.0034506556245687,0.5643835616438356,0.15401612369221787
SPY261218C00780000,2026-05-22 19:34:37+00:00,780.0,26.52,26.5,26.59,1.9099998,7.7610717,2586.0,11686.0,0.1808706181335448,False,REGULAR,USD,call,2026-12-18,206,745.6400146484375,1.0460811982679912,26.545,0.0033904690148803,0.5643835616438356,0.1520978569234985
SPY261218C00785000,2026-05-22 19:58:45+00:00,785.0,24.32,24.19,24.28,1.8799992,8.3778925,61.0,7842.0,0.1779409599304199,False,REGULAR,USD,call,2026-12-18,206,745.6400146484375,1.0527868469748374,24.235,0.0037136373014235,0.5643835616438356,0.1502357602641486
SPY261218C00790000,2026-05-22 19:24:51+00:00,790.0,22.12,22.04,22.12,1.5200005,7.378643,53.0,8001.0,0.1752249226379394,False,REGULAR,USD,call,2026-12-18,206,745.6400146484375,1.0594924956816834,22.08,0.0036231884057971,0.5643835616438356,0.14856166196258627
SPY261218C00795000,2026-05-21 19:57:11+00:00,795.0,18.75,20.01,20.1,0.0,0.0,44.0,4775.0,0.1726767303466797,False,REGULAR,USD,call,2026-12-18,206,745.6400146484375,1.0661981443885296,20.055,0.0044876589379207,0.5643835616438356,0.14696203081522158
SPY261218C00800000,2026-05-22 19:59:50+00:00,800.0,18.09,18.13,18.22,1.1800003,6.9781213,320.0,15232.0,0.1702963830566406,False,REGULAR,USD,call,2026-12-18,206,745.6400146484375,1.0729037930953755,18.174999999999997,0.0049518569463548,0.5643835616438356,0.14551105920310395
SPY261218C00805000,2026-05-22 18:20:15+00:00,805.0,17.03,16.39,16.47,1.9400005,12.856199,5037.0,10386.0,0.1680533634948731,False,REGULAR,USD,call,2026-12-18,206,745.6400146484375,1.0796094418022215,16.43,0.0048691418137552,0.5643835616438356,0.1441713911429191
SPY261218C00810000,2026-05-22 17:05:58+00:00,810.0,15.59,14.78,14.86,2.0,14.716702,35.0,4168.0,0.1660010768890381,False,REGULAR,USD,call,2026-12-18,206,745.6400146484375,1.0863150905090675,14.82,0.0053981106612685,0.5643835616438356,0.1429566406873235
SPY261218C00815000,2026-05-22 19:55:13+00:00,815.0,13.3,13.31,13.38,1.0600004,8.660134,5010.0,7551.0,0.1641166352844238,False,REGULAR,USD,call,2026-12-18,206,745.6400146484375,1.093020739215914,13.345,0.0052454102660172,0.5643835616438356,0.14188767685731685
SPY261218C00820000,2026-05-22 19:22:41+00:00,820.0,12.06,11.96,12.03,1.1300001,10.338519,70.0,3339.0,0.1624152973175049,False,REGULAR,USD,call,2026-12-18,206,745.6400146484375,1.09972638792276,11.995000000000001,0.0058357649020423,0.5643835616438356,0.1409378644877621
SPY261218C00825000,2026-05-22 19:25:11+00:00,825.0,10.83,10.72,10.79,0.89000034,8.953726,20.0,7571.0,0.1608207698059082,False,REGULAR,USD,call,2026-12-18,206,745.6400146484375,1.106432036629606,10.754999999999999,0.0065086006508599,0.5643835616438356,0.14005220753048053
SPY261218C00830000,2026-05-22 19:44:37+00:00,830.0,9.58,9.6,9.67,0.8199997,9.360727,500.0,6464.0,0.1594169752502441,False,REGULAR,USD,call,2026-12-18,206,745.6400146484375,1.113137685336452,9.635,0.0072651790347691,0.5643835616438356,0.13931798377834262
SPY261218C00835000,2026-05-22 17:20:00+00:00,835.0,8.95,8.58,8.64,1.9299998,27.492874,2.0,4180.0,0.1580589566040039,False,REGULAR,USD,call,2026-12-18,206,745.6400146484375,1.1198433340432985,8.61,0.0069686411149826,0.5643835616438356,0.1386233286854123
SPY261218C00840000,2026-05-22 19:34:37+00:00,840.0,7.69,7.65,7.72,0.6700001,9.544161,63.0,4028.0,0.1569145588684082,False,REGULAR,USD,call,2026-12-18,206,745.6400146484375,1.1265489827501445,7.6850000000000005,0.0091086532205594,0.5643835616438356,0.13803356147276172
SPY261218C00845000,2026-05-22 19:34:37+00:00,845.0,6.85,6.82,6.88,0.77,12.664473,19.0,6399.0,0.1558006784057617,False,REGULAR,USD,call,2026-12-18,206,745.6400146484375,1.1332546314569905,6.85,0.0087591240875911,0.5643835616438356,0.13752436674113852
SPY261218C00850000,2026-05-22 19:38:47+00:00,850.0,6.09,6.06,6.12,0.5500002,9.927801,94.0,10307.0,0.1547783497619629,False,REGULAR,USD,call,2026-12-18,206,745.6400146484375,1.1399602801638364,6.09,0.0098522167487685,0.5643835616438356,0.13703062268969052
SPY261218C00855000,2026-05-22 15:53:00+00:00,855.0,5.81,5.38,5.44,1.0299997,21.548111,2.0,2061.0,0.1538780902099609,False,REGULAR,USD,call,2026-12-18,206,745.6400146484375,1.1466659288706826,5.41,0.011090573012939,0.5643835616438356,0.13662772544496857
SPY261218C00860000,2026-05-22 17:55:57+00:00,860.0,5.1,4.77,4.82,0.9299998,22.302155,10.0,2084.0,0.152977830657959,False,REGULAR,USD,call,2026-12-18,206,745.6400146484375,1.1533715775775288,4.795,0.010427528675704,0.5643835616438356,0.13624346266013512
SPY261218C00865000,2026-05-22 17:11:31+00:00,865.0,4.6,4.22,4.27,1.29,38.97281,7.0,437.0,0.1521996401977539,False,REGULAR,USD,call,2026-12-18,206,745.6400146484375,1.1600772262843748,4.244999999999999,0.011778563015312,0.5643835616438356,0.13591903404901062
SPY261218C00870000,2026-05-22 17:11:31+00:00,870.0,4.08,3.72,3.77,1.1399999,38.775505,7.0,1755.0,0.1514367083740234,False,REGULAR,USD,call,2026-12-18,206,745.6400146484375,1.166782874991221,3.745,0.0133511348464619,0.5643835616438356,0.1355622629997297
SPY261218C00875000,2026-05-22 13:37:18+00:00,875.0,3.52,3.29,3.34,1.02,40.8,1.0,1302.0,0.1508873974609375,False,REGULAR,USD,call,2026-12-18,206,745.6400146484375,1.173488523698067,3.315,0.0150829562594267,0.5643835616438356,0.13541430475201519
SPY261218C00880000,2026-05-22 17:11:31+00:00,880.0,3.2,2.9,2.94,0.93000007,40.969166,107.0,2156.0,0.1502160174560547,False,REGULAR,USD,call,2026-12-18,206,745.6400146484375,1.1801941724049132,2.92,0.0136986301369863,0.5643835616438356,0.13517513088839375
SPY261218C00885000,2026-05-22 18:28:42+00:00,885.0,2.73,2.55,2.6,0.28999996,11.885244,161.0,1704.0,0.1497887756347656,False,REGULAR,USD,call,2026-12-18,206,745.6400146484375,1.1868998211117592,2.575,0.0194174757281554,0.5643835616438356,0.13504651881686708
SPY261218C00890000,2026-05-22 18:53:32+00:00,890.0,2.39,2.25,2.29,0.33000016,16.019426,100.0,854.0,0.1493310165405273,False,REGULAR,USD,call,2026-12-18,206,745.6400146484375,1.1936054698186054,2.27,0.0176211453744493,0.5643835616438356,0.13497018024011168
SPY261218C00895000,2026-05-22 18:29:31+00:00,895.0,2.14,1.98,2.02,0.42000008,24.41861,2.0,505.0,0.1489648092651367,False,REGULAR,USD,call,2026-12-18,206,745.6400146484375,1.2003111185254514,2.0,0.02,0.5643835616438356,0.13493270367553345
SPY261218C00900000,2026-05-22 19:33:57+00:00,900.0,1.76,1.74,1.78,0.14999998,9.316769,13.0,6891.0,0.1486596365356445,False,REGULAR,USD,call,2026-12-18,206,745.6400146484375,1.2070167672322976,1.76,0.0227272727272727,0.5643835616438356,0.13491134958875955
SPY261218C00905000,2026-05-22 16:00:54+00:00,905.0,1.71,1.53,1.57,0.5400001,46.153854,21.0,1839.0,0.148446015625,False,REGULAR,USD,call,2026-12-18,206,745.6400146484375,1.2137224159391435,1.55,0.0258064516129032,0.5643835616438356,0.1349562294500659
SPY261218C00910000,2026-05-22 19:22:53+00:00,910.0,1.39,1.35,1.39,0.18999994,15.833327,20.0,3810.0,0.1483849810791015,False,REGULAR,USD,call,2026-12-18,206,745.6400146484375,1.2204280646459895,1.37,0.0291970802919706,0.5643835616438356,0.13513154488833937
SPY261218C00915000,2026-05-22 19:11:20+00:00,915.0,1.24,1.19,1.22,0.29000002,30.52632,14.0,1280.0,0.1481103256225586,False,REGULAR,USD,call,2026-12-18,206,745.6400146484375,1.2271337133528355,1.205,0.0248962655601659,0.5643835616438356,0.1352141159912797
SPY261218C00920000,2026-05-22 18:17:38+00:00,920.0,1.14,1.05,1.08,0.20999998,22.580643,139.0,360.0,0.1481103256225586,False,REGULAR,USD,call,2026-12-18,206,745.6400146484375,1.233839362059682,1.065,0.028169014084507,0.5643835616438356,0.1354428893813475
SPY261218C00925000,2026-05-22 19:11:53+00:00,925.0,0.97,0.93,0.96,0.13000005,15.476197,31.0,636.0,0.1482629119873047,False,REGULAR,USD,call,2026-12-18,206,745.6400146484375,1.240545010766528,0.9450000000000001,0.0317460317460316,0.5643835616438356,0.1357831050061233
SPY261218C00930000,2026-05-22 19:20:06+00:00,930.0,0.85,0.82,0.85,0.15000004,21.428577,2.0,95.0,0.1483239465332031,False,REGULAR,USD,call,2026-12-18,206,745.6400146484375,1.247250659473374,0.835,0.0359281437125748,0.5643835616438356,0.13604165696659154
SPY261218C00935000,2026-05-19 19:50:43+00:00,935.0,0.48,0.73,0.75,0.0,0.0,1.0,1976.0,0.1483239465332031,False,REGULAR,USD,call,2026-12-18,206,745.6400146484375,1.2539563081802203,0.74,0.027027027027027,0.5643835616438356,0.1363803332135863
SPY261218C00940000,2026-05-21 17:11:54+00:00,940.0,0.54,0.65,0.67,0.0,0.0,1.0,70.0,0.1486291192626953,False,REGULAR,USD,call,2026-12-18,206,745.6400146484375,1.2606619568870665,0.66,0.0303030303030303,0.5643835616438356,0.13686296153883837
SPY261218C00945000,2026-05-22 17:02:00+00:00,945.0,0.66,0.58,0.6,0.19000003,40.425537,1.0,26.0,0.1489953265380859,False,REGULAR,USD,call,2026-12-18,206,745.6400146484375,1.2673676055939125,0.59,0.0338983050847458,0.5643835616438356,0.1373937535721189
SPY261218C00950000,2026-05-22 19:02:48+00:00,950.0,0.56,0.52,0.54,0.120000005,27.272728,9.0,208.0,0.1494836029052734,False,REGULAR,USD,call,2026-12-18,206,745.6400146484375,1.2740732543007585,0.53,0.0377358490566038,0.5643835616438356,0.13802088692710549
SPY261218C00955000,2026-05-18 13:31:36+00:00,955.0,0.48,0.46,0.49,0.0,0.0,10.0,39.0,0.1501549829101562,False,REGULAR,USD,call,2026-12-18,206,745.6400146484375,1.2807789030076049,0.475,0.063157894736842,0.5643835616438356,0.13859554008593167
SPY261218C00960000,2026-05-21 20:11:05+00:00,960.0,0.39,0.42,0.44,0.0,0.0,1.0,1124.0,0.1505822247314453,False,REGULAR,USD,call,2026-12-18,206,745.6400146484375,1.2874845517144506,0.43,0.0465116279069767,0.5643835616438356,0.13935836089776904
SPY261218C00965000,2026-05-20 15:04:02+00:00,965.0,0.31,0.38,0.4,0.0,0.0,2.0,546.0,0.1512536047363281,False,REGULAR,USD,call,2026-12-18,206,745.6400146484375,1.2941902004212968,0.39,0.0512820512820513,0.5643835616438356,0.14014370884747826
SPY261231C00530000,2026-05-05 20:02:17+00:00,530.0,209.63,227.53,230.74,0.0,0.0,1.0,11.0,0.4154416366577148,True,REGULAR,USD,call,2026-12-31,219,745.6400146484375,0.7107987629256863,229.135,0.0140092085451808,0.6,0.2345176018328644
SPY261231C00550000,2026-05-21 19:46:50+00:00,550.0,207.37,208.85,212.05,0.0,0.0,1.0,22.0,0.3933166137695312,True,REGULAR,USD,call,2026-12-31,219,745.6400146484375,0.7376213577530707,210.45,0.0152055119980993,0.6,0.23864856333410225
SPY261231C00555000,2026-05-19 18:22:40+00:00,555.0,196.99,204.2,207.38,0.0,0.0,1.0,17.0,0.387701435546875,True,REGULAR,USD,call,2026-12-31,219,745.6400146484375,0.7443270064599168,205.79,0.0154526459011614,0.6,0.2382929218420334
SPY261231C00560000,2026-05-11 14:41:44+00:00,560.0,195.63,199.56,202.75,0.0,0.0,1.0,8.0,0.3823609127807617,True,REGULAR,USD,call,2026-12-31,219,745.6400146484375,0.7510326551667629,201.155,0.0158584176381397,0.6,0.23799695785897843
SPY261231C00565000,2026-05-06 14:07:40+00:00,565.0,182.58,194.94,198.13,0.0,0.0,1.0,67.0,0.3770509072875976,True,REGULAR,USD,call,2026-12-31,219,745.6400146484375,0.757738303873609,196.535,0.0162312056376726,0.6,0.23752229405010783
SPY261231C00570000,2026-05-18 19:55:00+00:00,570.0,185.33,190.33,193.53,0.0,0.0,4.0,32.0,0.3718324536132812,True,REGULAR,USD,call,2026-12-31,219,745.6400146484375,0.764443952580455,191.93,0.0166727452717135,0.6,0.23687833362479221
SPY261231C00575000,2026-05-22 18:10:27+00:00,575.0,188.85,185.74,188.94,7.630005,4.210355,2.0,792.0,0.3666292585754394,True,REGULAR,USD,call,2026-12-31,219,745.6400146484375,0.7711496012873011,187.34,0.0170812426604034,0.6,0.23607427993823776
SPY261231C00580000,2026-05-11 19:46:42+00:00,580.0,177.21,181.16,184.39,0.0,0.0,2.0,20.0,0.3616549430847167,True,REGULAR,USD,call,2026-12-31,219,745.6400146484375,0.7778552499941473,182.77499999999998,0.0176720010942415,0.6,0.23527417832613534
SPY261231C00585000,2026-05-12 16:04:16+00:00,585.0,168.02,176.59,179.8,0.0,0.0,1.0,20.0,0.3563144203186034,True,REGULAR,USD,call,2026-12-31,219,745.6400146484375,0.7845608987009934,178.195,0.0180139734560453,0.6,0.23386828577116792
SPY261231C00590000,2026-05-14 19:55:42+00:00,590.0,177.08,172.04,175.27,0.0,0.0,1.0,34.0,0.3513401048278808,True,REGULAR,USD,call,2026-12-31,219,745.6400146484375,0.7912665474078395,173.655,0.0186000978952521,0.6,0.23270363354619827
SPY261231C00595000,2026-05-14 15:40:35+00:00,595.0,172.78,167.51,170.74,0.0,0.0,1.0,70.0,0.3462742375183105,True,REGULAR,USD,call,2026-12-31,219,745.6400146484375,0.7979721961146856,169.125,0.0190983000739099,0.6,0.23133049361196584
SPY261231C00600000,2026-05-22 19:10:43+00:00,600.0,165.18,163.0,166.23,5.919998,3.7171912,2.0,429.0,0.3412846633911133,True,REGULAR,USD,call,2026-12-31,219,745.6400146484375,0.8046778448215317,164.615,0.0196215411718251,0.6,0.22988849645507886
SPY261231C00605000,2026-05-22 19:14:24+00:00,605.0,160.74,158.51,161.74,10.87001,7.2529597,3.0,2173.0,0.3363256065368652,True,REGULAR,USD,call,2026-12-31,219,745.6400146484375,0.8113834935283778,160.125,0.0201717408274786,0.6,0.22837187067700337
SPY261231C00610000,2026-05-22 19:14:24+00:00,610.0,156.27,154.04,157.28,-1.0599976,-0.6737415,2.0,382.0,0.331488618774414,True,REGULAR,USD,call,2026-12-31,219,745.6400146484375,0.8180891422352239,155.66,0.0208145959141719,0.6,0.22683123655955384
SPY261231C00615000,2026-05-22 19:49:47+00:00,615.0,151.32,149.59,152.82,6.780014,4.690753,3.0,197.0,0.3265448205566406,True,REGULAR,USD,call,2026-12-31,219,745.6400146484375,0.82479479094207,151.20499999999998,0.0213617274561025,0.6,0.22509708717343657
SPY261231C00620000,2026-05-22 17:49:38+00:00,620.0,148.63,145.15,148.4,11.980011,8.766932,1.0,259.0,0.3217688673400878,True,REGULAR,USD,call,2026-12-31,219,745.6400146484375,0.8315004396489161,146.775,0.0221427354794753,0.6,0.22333212306253256
SPY261231C00621000,2026-05-13 14:24:21+00:00,621.0,140.56,144.27,147.51,0.0,0.0,2.0,5.0,0.3207617973327636,True,REGULAR,USD,call,2026-12-31,219,745.6400146484375,0.8328415693902853,145.89,0.0222085132634175,0.6,0.22295472749381143
SPY261231C00623000,2026-05-06 17:34:55+00:00,623.0,133.29,142.5,145.75,0.0,0.0,2.0,2.0,0.3188544677734374,True,REGULAR,USD,call,2026-12-31,219,745.6400146484375,0.8355238288730237,144.125,0.0225498699045967,0.6,0.22221522753724593
SPY261231C00624000,2026-05-19 19:25:14+00:00,624.0,133.56,141.61,144.87,0.0,0.0,1.0,783.0,0.3179008029937744,True,REGULAR,USD,call,2026-12-31,219,745.6400146484375,0.8368649586143929,143.24,0.0227590058642836,0.6,0.22180439709647098
SPY261231C00625000,2026-05-22 14:02:42+00:00,625.0,142.66,140.74,143.99,-2.7299957,-1.8777053,1.0,63.0,0.3169395088958739,True,REGULAR,USD,call,2026-12-31,219,745.6400146484375,0.8382060883557622,142.365,0.0228286446809257,0.6,0.22147853183415317
SPY261231C00627000,2026-05-22 14:02:42+00:00,627.0,140.9,138.98,142.23,48.70999,52.836525,1.0,162.0,0.3150092913818358,True,REGULAR,USD,call,2026-12-31,219,745.6400146484375,0.8408883478385006,140.605,0.02311439849223,0.6,0.2206967803883964
SPY261231C00628000,2026-05-18 19:21:45+00:00,628.0,131.72,138.1,141.33,0.0,0.0,65.0,174.0,0.313910669555664,True,REGULAR,USD,call,2026-12-31,219,745.6400146484375,0.8422294775798699,139.715,0.0231184912142577,0.6,0.22019674788909172
SPY261231C00629000,2026-04-28 18:57:08+00:00,629.0,111.7,137.22,140.48,0.0,0.0,1.0,1121.0,0.3131172204589844,True,REGULAR,USD,call,2026-12-31,219,745.6400146484375,0.843570607321239,138.85,0.0234785740007201,0.6,0.2199174864440066
SPY261231C00630000,2026-05-15 13:34:35+00:00,630.0,134.17,136.35,139.6,0.0,0.0,2.0,341.0,0.3121254090881347,True,REGULAR,USD,call,2026-12-31,219,745.6400146484375,0.8449117370626082,137.975,0.0235549918463489,0.6,0.21953417034951836
SPY261231C00631000,2026-04-23 15:13:19+00:00,631.0,110.6,135.48,138.73,0.0,0.0,1.0,5.0,0.3112022615814208,True,REGULAR,USD,call,2026-12-31,219,745.6400146484375,0.8462528668039775,137.105,0.023704460085336,0.6,0.2191843860828607
SPY261231C00632000,2026-04-21 20:09:46+00:00,632.0,106.52,134.61,137.86,0.0,0.0,1.0,6.0,0.3102714847564697,True,REGULAR,USD,call,2026-12-31,219,745.6400146484375,0.8475939965453467,136.235,0.0238558373398906,0.6,0.21882322135594104
SPY261231C00634000,2026-04-16 17:22:48+00:00,634.0,99.61,132.86,136.09,0.0,0.0,2.0,2.0,0.3082191981506347,True,REGULAR,USD,call,2026-12-31,219,745.6400146484375,0.8502762560280851,134.47500000000002,0.0240193344487822,0.6,0.2178904428993946
SPY261231C00635000,2026-05-22 15:03:30+00:00,635.0,133.96,131.99,135.25,2.7200012,2.0725398,1.0,43.0,0.3074410076904296,True,REGULAR,USD,call,2026-12-31,219,745.6400146484375,0.8516173857694543,133.62,0.0243975452776529,0.6,0.21762705641756888
SPY261231C00636000,2026-05-04 17:33:26+00:00,636.0,111.27,131.12,134.38,0.0,0.0,7.0,24.0,0.3064949722290039,True,REGULAR,USD,call,2026-12-31,219,745.6400146484375,0.8529585155108236,132.75,0.0245574387947268,0.6,0.21722089912023293
SPY261231C00637000,2026-05-04 15:19:55+00:00,637.0,111.3,130.26,133.49,0.0,0.0,2.0,14.0,0.3054268676757812,True,REGULAR,USD,call,2026-12-31,219,745.6400146484375,0.8542996452521928,131.875,0.0244928909952608,0.6,0.21676111221747518
SPY261231C00638000,2026-04-13 16:56:31+00:00,638.0,81.55,123.72,127.0,0.0,0.0,1.0,4.0,0.2707668749237061,True,REGULAR,USD,call,2026-12-31,219,745.6400146484375,0.8556407749935621,125.36,0.0261646458200382,0.6,0.157679473289457
SPY261231C00640000,2026-05-15 16:06:45+00:00,640.0,125.95,127.66,130.92,0.0,0.0,1.0,384.0,0.3027566062927246,True,REGULAR,USD,call,2026-12-31,219,745.6400146484375,0.8583230344763004,129.29,0.0252146337690462,0.6,0.2156557045432569
SPY261231C00641000,2026-04-15 13:40:56+00:00,641.0,89.63,121.16,124.58,0.0,0.0,7.0,23.0,0.2694317442321777,True,REGULAR,USD,call,2026-12-31,219,745.6400146484375,0.8596641642176697,122.87,0.0278342964108407,0.6,0.16027940111402772
SPY261231C00642000,2026-04-21 19:28:14+00:00,642.0,98.6,125.93,129.17,0.0,0.0,2.0,9.0,0.3007500955963135,True,REGULAR,USD,call,2026-12-31,219,745.6400146484375,0.8610052939590389,127.55,0.0254018032144255,0.6,0.21472541319787006
SPY261231C00643000,2026-05-07 19:08:09+00:00,643.0,115.8,125.07,128.31,0.0,0.0,1.0,8.0,0.2998269480895996,True,REGULAR,USD,call,2026-12-31,219,745.6400146484375,0.8623464237004081,126.69,0.0255742363248875,0.6,0.21432616310669683
SPY261231C00644000,2026-04-17 14:25:42+00:00,644.0,98.1,124.21,127.45,0.0,0.0,1.0,0.0,0.2988961712646484,True,REGULAR,USD,call,2026-12-31,219,745.6400146484375,0.8636875534417774,125.83,0.0257490264642772,0.6,0.2139159892726605
SPY261231C00645000,2026-05-11 17:25:16+00:00,645.0,121.5,123.35,126.61,0.0,0.0,12.0,55.0,0.2980722048950195,True,REGULAR,USD,call,2026-12-31,219,745.6400146484375,0.8650286831831465,124.97999999999999,0.0260841734677548,0.6,0.21357470378175733
SPY261231C00646000,2026-05-11 14:34:25+00:00,646.0,119.2,122.49,125.73,0.0,0.0,2.0,13.0,0.2970117296600341,True,REGULAR,USD,call,2026-12-31,219,745.6400146484375,0.8663698129245158,124.11,0.0261058738216099,0.6,0.2130628770021801
SPY261231C00648000,2026-05-22 14:52:01+00:00,648.0,122.45,120.81,124.04,11.549995,10.4147835,5.0,31.0,0.2952798744201659,True,REGULAR,USD,call,2026-12-31,219,745.6400146484375,0.8690520724072542,122.42500000000001,0.0263835001021033,0.6,0.21243974700674012
SPY261231C00649000,2026-04-21 16:45:40+00:00,649.0,92.64,119.92,123.18,0.0,0.0,2.0,54.0,0.2943262096405028,True,REGULAR,USD,call,2026-12-31,219,745.6400146484375,0.8703932021486235,121.55000000000001,0.0268202385849445,0.6,0.21185818096923997
SPY261231C00650000,2026-05-19 19:29:51+00:00,650.0,111.93,119.06,122.33,0.0,0.0,3.0,591.0,0.2934183207702636,True,REGULAR,USD,call,2026-12-31,219,745.6400146484375,0.8717343318899926,120.695,0.0270930858776253,0.6,0.21142153354011273
SPY261231C00652000,2026-04-13 17:57:52+00:00,652.0,71.33,113.07,115.34,0.0,0.0,2.0,7.0,0.2617108741760254,True,REGULAR,USD,call,2026-12-31,219,745.6400146484375,0.8744165913727311,114.205,0.0198765378048247,0.6,0.17034223045723004
SPY261231C00653000,2026-04-22 13:44:28+00:00,653.0,90.7,116.5,119.77,0.0,0.0,1.0,6.0,0.2906107316589355,True,REGULAR,USD,call,2026-12-31,219,745.6400146484375,0.8757577211141003,118.13499999999999,0.0276801963854911,0.6,0.21008544469813098
SPY261231C00654000,2026-05-07 15:10:52+00:00,654.0,110.03,115.65,118.9,0.0,0.0,2.0,5.0,0.289573144378662,True,REGULAR,USD,call,2026-12-31,219,745.6400146484375,0.8770988508554696,117.275,0.0277126412278831,0.6,0.20956944057455945
SPY261231C00655000,2026-05-22 14:59:08+00:00,655.0,117.05,114.8,118.05,7.2000046,6.5543966,1.0,132.0,0.2886347382354736,True,REGULAR,USD,call,2026-12-31,219,745.6400146484375,0.8784399805968387,116.425,0.0279149667167704,0.6,0.20911757379797477
SPY261231C00656000,2026-05-11 13:48:56+00:00,656.0,111.5,113.95,117.2,0.0,0.0,1.0,11.0,0.287696332092285,True,REGULAR,USD,call,2026-12-31,219,745.6400146484375,0.8797811103382079,115.575,0.0281202682240969,0.6,0.2086551181037272
SPY261231C00657000,2026-04-17 14:34:31+00:00,657.0,88.53,113.11,116.38,0.0,0.0,1.0,9.0,0.2869105123138427,True,REGULAR,USD,call,2026-12-31,219,745.6400146484375,0.8811222400795772,114.745,0.0284979737679201,0.6,0.2083273489277118
SPY261231C00658000,2026-05-07 13:47:56+00:00,658.0,106.19,112.26,115.51,0.0,0.0,10.0,7.0,0.2858500370788574,True,REGULAR,USD,call,2026-12-31,219,745.6400146484375,0.8824633698209464,113.885,0.0285375598191157,0.6,0.20777100467239354
SPY261231C00659000,2026-04-13 19:51:47+00:00,659.0,67.76,106.12,109.5,0.0,0.0,4.0,6.0,0.2565610843658448,True,REGULAR,USD,call,2026-12-31,219,745.6400146484375,0.8838044995623157,107.81,0.0313514516278637,0.6,0.16589606578975558
SPY261231C00660000,2026-05-22 19:14:24+00:00,660.0,112.82,110.57,113.85,7.1200027,6.736048,2.0,100.0,0.2841486991119384,True,REGULAR,USD,call,2026-12-31,219,745.6400146484375,0.8851456293036849,112.21,0.0292309063363336,0.6,0.206949822413188
SPY261231C00661000,2026-05-20 19:59:28+00:00,661.0,108.1,109.73,113.01,0.0,0.0,12.0,12.0,0.2832331809234618,True,REGULAR,USD,call,2026-12-31,219,745.6400146484375,0.886486759045054,111.37,0.0294513782885876,0.6,0.20650490320001075
SPY261231C00662000,2026-05-20 19:49:25+00:00,662.0,107.21,108.89,112.17,0.0,0.0,2.0,8.0,0.282310033416748,True,REGULAR,USD,call,2026-12-31,219,745.6400146484375,0.8878278887864233,110.53,0.0296752013028137,0.6,0.20604901059364022
SPY261231C00663000,2026-04-08 17:06:32+00:00,663.0,60.06,102.84,106.23,0.0,0.0,1.0,16.0,0.2538221591186523,True,REGULAR,USD,call,2026-12-31,219,745.6400146484375,0.8891690185277925,104.535,0.0324293298895106,0.6,0.166456451235774
SPY261231C00664000,2026-04-17 13:48:10+00:00,664.0,80.09,107.22,110.5,0.0,0.0,2.0,8.0,0.280509514312744,True,REGULAR,USD,call,2026-12-31,219,745.6400146484375,0.8905101482691617,108.86,0.0301304427705309,0.6,0.20517381749161892
SPY261231C00665000,2026-05-18 13:45:12+00:00,665.0,102.11,106.38,109.66,0.0,0.0,1.0,273.0,0.2795634788513183,True,REGULAR,USD,call,2026-12-31,219,745.6400146484375,0.891851278010531,108.02,0.0303647472690242,0.6,0.20468547748066845
SPY261231C00666000,2026-05-22 19:14:24+00:00,666.0,107.81,105.55,108.83,11.209999,11.604554,3.0,10.0,0.278678477935791,True,REGULAR,USD,call,2026-12-31,219,745.6400146484375,0.8931924077519001,107.19,0.0305998693908013,0.6,0.20425455986855365
SPY261231C00668000,2026-05-22 15:17:57+00:00,668.0,106.7,103.88,107.17,8.199997,8.32487,1.0,20.0,0.276877958831787,True,REGULAR,USD,call,2026-12-31,219,745.6400146484375,0.8958746672346386,105.525,0.0311774461028192,0.6,0.20332565421797644
SPY261231C00669000,2026-04-13 14:07:08+00:00,669.0,57.78,97.95,101.34,0.0,0.0,1.0,210.0,0.2495649995422363,True,REGULAR,USD,call,2026-12-31,219,745.6400146484375,0.8972157969760078,99.64500000000001,0.0340207737468011,0.6,0.16673070947253557
SPY261231C00670000,2026-05-18 17:10:30+00:00,670.0,97.36,102.23,105.51,0.0,0.0,23.0,631.0,0.275046922454834,True,REGULAR,USD,call,2026-12-31,219,745.6400146484375,0.8985569267173771,103.87,0.0315779339559064,0.6,0.20241954952704877
SPY261231C00671000,2026-04-30 19:21:27+00:00,671.0,82.23,101.4,104.68,0.0,0.0,1.0,213.0,0.2741237749481201,True,REGULAR,USD,call,2026-12-31,219,745.6400146484375,0.8998980564587462,103.04,0.0318322981366459,0.6,0.20193357466186465
SPY261231C00672000,2026-05-06 13:30:00+00:00,672.0,89.36,100.57,103.86,0.0,0.0,1.0,10.0,0.27324640335083,True,REGULAR,USD,call,2026-12-31,219,745.6400146484375,0.9012391862001154,102.215,0.032187056694223,0.6,0.20146942014311084
SPY261231C00673000,2026-05-22 17:28:16+00:00,673.0,103.38,99.75,103.03,7.0,7.2629175,1.0,10.0,0.2723079972076415,True,REGULAR,USD,call,2026-12-31,219,745.6400146484375,0.9025803159414848,101.39,0.032350330407338,0.6,0.20099426131996886
SPY261231C00674000,2026-05-21 16:31:20+00:00,674.0,95.18,98.92,102.21,0.0,0.0,1.0,17.0,0.2714153669738769,True,REGULAR,USD,call,2026-12-31,219,745.6400146484375,0.903921445682854,100.565,0.0327151593496742,0.6,0.20050821065289087
SPY261231C00675000,2026-05-20 17:58:42+00:00,675.0,95.53,98.1,101.39,0.0,0.0,109.0,769.0,0.270515107421875,True,REGULAR,USD,call,2026-12-31,219,745.6400146484375,0.9052625754242232,99.745,0.0329841094791719,0.6,0.20004318924918396
SPY261231C00676000,2026-05-14 16:08:07+00:00,676.0,104.21,97.28,100.57,0.0,0.0,2.0,55.0,0.269614847869873,True,REGULAR,USD,call,2026-12-31,219,745.6400146484375,0.9066037051655924,98.925,0.033257518321961,0.6,0.19956705553662374
SPY261231C00677000,2026-05-21 19:38:10+00:00,677.0,97.26,96.46,99.75,0.0,0.0,9.0,32.0,0.2686993296813965,True,REGULAR,USD,call,2026-12-31,219,745.6400146484375,0.9079448349069617,98.10499999999999,0.033535497681056,0.6,0.19907991910320785
SPY261231C00678000,2026-05-21 19:38:10+00:00,678.0,96.47,95.64,98.93,0.0,0.0,9.0,160.0,0.2677838114929199,True,REGULAR,USD,call,2026-12-31,219,745.6400146484375,0.9092859646483308,97.285,0.033818163128951,0.6,0.1985818846591405
SPY261231C00679000,2026-05-18 14:58:51+00:00,679.0,91.85,94.82,98.11,0.0,0.0,9.0,8.0,0.2668606639862061,True,REGULAR,USD,call,2026-12-31,219,745.6400146484375,0.9106270943897,96.465,0.0341056341678329,0.6,0.19807305218262933
SPY261231C00680000,2026-05-22 19:26:07+00:00,680.0,95.75,94.01,97.3,4.4000015,4.816641,11.0,973.0,0.2659756630706786,True,REGULAR,USD,call,2026-12-31,219,745.6400146484375,0.9119682241310691,95.655,0.0343944383461396,0.6,0.19761504095750979
SPY261231C00681000,2026-05-08 14:21:36+00:00,681.0,90.0,93.19,96.49,0.0,0.0,1.0,130.0,0.2650906621551513,True,REGULAR,USD,call,2026-12-31,219,745.6400146484375,0.9133093538724384,94.84,0.0347954449599324,0.6,0.19711505618457573
SPY261231C00682000,2026-05-14 14:51:03+00:00,682.0,97.9,92.38,95.67,0.0,0.0,45.0,19.0,0.2641446266937255,True,REGULAR,USD,call,2026-12-31,219,745.6400146484375,0.9146504836138076,94.025,0.0349906939643712,0.6,0.19660413169897933
SPY261231C00683000,2026-05-20 17:26:17+00:00,683.0,88.98,91.57,94.86,0.0,0.0,7.0,17.0,0.2632367378234864,True,REGULAR,USD,call,2026-12-31,219,745.6400146484375,0.9159916133551768,93.215,0.0352947486992437,0.6,0.1961125828734637
SPY261231C00684000,2026-05-20 17:03:34+00:00,684.0,88.13,90.76,94.06,0.0,0.0,3.0,15.0,0.2623822541809082,True,REGULAR,USD,call,2026-12-31,219,745.6400146484375,0.917332743096546,92.41,0.0357104209501135,0.6,0.1956398874999922
SPY261231C00685000,2026-05-19 14:55:15+00:00,685.0,81.15,89.95,93.25,0.0,0.0,6.0,468.0,0.2614667359924316,True,REGULAR,USD,call,2026-12-31,219,745.6400146484375,0.9186738728379154,91.6,0.0360262008733624,0.6,0.19512601064882415
SPY261231C00686000,2026-05-05 13:37:51+00:00,686.0,73.0,89.15,92.45,0.0,0.0,1.0,109.0,0.2605893643951416,True,REGULAR,USD,call,2026-12-31,219,745.6400146484375,0.9200150025792846,90.80000000000001,0.0363436123348017,0.6,0.19466038162179647
SPY261231C00687000,2026-05-14 17:49:25+00:00,687.0,93.4,88.34,91.64,0.0,0.0,1.0,107.0,0.2596585875701904,True,REGULAR,USD,call,2026-12-31,219,745.6400146484375,0.9213561323206536,89.99000000000001,0.0366707411934659,0.6,0.19412436080268383
SPY261231C00688000,2026-05-11 15:19:36+00:00,688.0,85.87,87.54,90.84,0.0,0.0,1.0,68.0,0.2587659573364258,True,REGULAR,USD,call,2026-12-31,219,745.6400146484375,0.922697262062023,89.19,0.0369996636394214,0.6,0.19363602214251924
SPY261231C00689000,2026-04-29 14:25:52+00:00,689.0,64.5,86.74,90.04,0.0,0.0,15.0,119.0,0.2578656977844238,True,REGULAR,USD,call,2026-12-31,219,745.6400146484375,0.9240383918033922,88.39,0.037334540106347,0.6,0.19313628141817793
SPY261231C00690000,2026-05-22 17:24:30+00:00,690.0,88.62,85.94,89.25,3.8700027,4.566375,15.0,405.0,0.2570112141418457,True,REGULAR,USD,call,2026-12-31,219,745.6400146484375,0.9253795215447614,87.595,0.0377875449511958,0.6,0.19265408757546965
SPY261231C00691000,2026-05-21 19:08:18+00:00,691.0,83.93,85.14,88.45,0.0,0.0,2.0,303.0,0.2561033252716065,True,REGULAR,USD,call,2026-12-31,219,745.6400146484375,0.9267206512861308,86.795,0.0381358373178178,0.6,0.19213163157066313
SPY261231C00692000,2026-05-11 14:16:43+00:00,692.0,82.68,84.35,87.66,0.0,0.0,5.0,140.0,0.2552259536743164,True,REGULAR,USD,call,2026-12-31,219,745.6400146484375,0.9280617810275,86.005,0.0384861345270624,0.6,0.19165505150340734
SPY261231C00693000,2026-04-24 18:32:05+00:00,693.0,63.6,83.56,86.87,0.0,0.0,1.0,54.0,0.2543485820770264,True,REGULAR,USD,call,2026-12-31,219,745.6400146484375,0.929402910768869,85.215,0.0388429267147802,0.6,0.1911667204905456
SPY261231C00694000,2026-04-29 14:25:52+00:00,694.0,60.92,82.76,86.08,0.0,0.0,15.0,29.0,0.253463581161499,True,REGULAR,USD,call,2026-12-31,219,745.6400146484375,0.9307440405102384,84.42,0.0393271736555317,0.6,0.19063855936487237
SPY261231C00695000,2026-05-22 13:32:00+00:00,695.0,84.52,81.98,85.29,-2.7600021,-3.162239,3.0,294.0,0.2525709509277344,True,REGULAR,USD,call,2026-12-31,219,745.6400146484375,0.9320851702516076,83.635,0.0395767322293298,0.6,0.19015515698766983
SPY261231C00696000,2026-05-07 13:33:25+00:00,696.0,76.52,81.19,84.5,0.0,0.0,1.0,859.0,0.2516706913757324,True,REGULAR,USD,call,2026-12-31,219,745.6400146484375,0.9334262999929768,82.845,0.039954131208884,0.6,0.18963208793965042
SPY261231C00697000,2026-05-11 16:09:42+00:00,697.0,79.38,80.4,83.72,0.0,0.0,1.0,167.0,0.2508009490966796,True,REGULAR,USD,call,2026-12-31,219,745.6400146484375,0.934767429734346,82.06,0.04045820131611,0.6,0.18912527248428881
SPY261231C00698000,2026-05-13 13:31:37+00:00,698.0,76.73,79.63,82.84,0.0,0.0,1.0,171.0,0.249458189086914,True,REGULAR,USD,call,2026-12-31,219,745.6400146484375,0.9361085594757153,81.235,0.039514987382286,0.6,0.18838659589738263
SPY261231C00699000,2026-05-11 18:09:17+00:00,699.0,78.23,78.84,82.16,0.0,0.0,1.0,256.0,0.2490538352203369,True,REGULAR,USD,call,2026-12-31,219,745.6400146484375,0.9374496892170844,80.5,0.0412422360248446,0.6,0.18813142620963308
SPY261231C00700000,2026-05-22 17:49:38+00:00,700.0,81.31,78.07,81.38,4.7299957,6.176542,3.0,688.0,0.2481612049865723,True,REGULAR,USD,call,2026-12-31,219,745.6400146484375,0.9387908189584536,79.725,0.0415177171527124,0.6,0.187643920098829
SPY261231C00701000,2026-05-14 19:29:42+00:00,701.0,83.0,77.28,80.6,0.0,0.0,1.0,206.0,0.2472685747528076,True,REGULAR,USD,call,2026-12-31,219,745.6400146484375,0.9401319486998228,78.94,0.0420572586774764,0.6,0.18709024262239024
SPY261231C00702000,2026-05-14 19:05:46+00:00,702.0,82.5,76.51,79.83,0.0,0.0,3.0,151.0,0.2464064617919922,True,REGULAR,USD,call,2026-12-31,219,745.6400146484375,0.941473078441192,78.17,0.0424715363950363,0.6,0.1866058885366321
SPY261231C00703000,2026-05-11 14:33:04+00:00,703.0,73.91,75.74,79.05,0.0,0.0,2.0,279.0,0.2454985729217529,True,REGULAR,USD,call,2026-12-31,219,745.6400146484375,0.9428142081825612,77.395,0.0427676206473286,0.6,0.18608256185424626
SPY261231C00704000,2026-05-14 17:25:23+00:00,704.0,80.28,74.97,78.28,0.0,0.0,3.0,326.0,0.2446212013244629,True,REGULAR,USD,call,2026-12-31,219,745.6400146484375,0.9441553379239304,76.625,0.0431973898858075,0.6,0.18557398969017538
SPY261231C00705000,2026-05-19 19:40:06+00:00,705.0,68.72,74.2,77.52,0.0,0.0,1.0,474.0,0.2437819763183593,True,REGULAR,USD,call,2026-12-31,219,745.6400146484375,0.9454964676652996,75.86,0.0437648299499076,0.6,0.18507980372444946
SPY261231C00706000,2026-05-06 14:01:55+00:00,706.0,64.85,73.43,76.75,0.0,0.0,1.0,18.0,0.242896975402832,True,REGULAR,USD,call,2026-12-31,219,745.6400146484375,0.946837597406669,75.09,0.0442136103342654,0.6,0.1845469997236665
SPY261231C00707000,2026-05-19 19:59:49+00:00,707.0,66.5,72.67,75.99,0.0,0.0,1.0,120.0,0.2420424917602539,True,REGULAR,USD,call,2026-12-31,219,745.6400146484375,0.9481787271480382,74.33,0.0446656800753396,0.6,0.18405461225291841
SPY261231C00708000,2026-05-15 13:44:27+00:00,708.0,71.48,71.91,75.23,0.0,0.0,9.0,182.0,0.2411727494812011,True,REGULAR,USD,call,2026-12-31,219,745.6400146484375,0.9495198568894074,73.57,0.0451270898464048,0.6,0.18354978234226732
SPY261231C00709000,2026-05-22 13:56:28+00:00,709.0,73.72,71.18,74.47,16.39,28.588871,1.0,12.0,0.2403030072021484,True,REGULAR,USD,call,2026-12-31,219,745.6400146484375,0.9508609866307766,72.825,0.0451767936834877,0.6,0.18311030243149953
SPY261231C00710000,2026-05-22 19:54:44+00:00,710.0,70.28,70.42,73.71,0.27999878,0.39999825,1.0,270.0,0.239418006286621,True,REGULAR,USD,call,2026-12-31,219,745.6400146484375,0.9522021163721458,72.065,0.0456532297231664,0.6,0.18258038102458535
SPY261231C00711000,2026-05-05 16:59:15+00:00,711.0,56.97,69.63,72.96,0.0,0.0,1.0,179.0,0.2385787812805175,True,REGULAR,USD,call,2026-12-31,219,745.6400146484375,0.953543246113515,71.29499999999999,0.0467073427309067,0.6,0.18198691046340565
SPY261231C00712000,2026-05-18 15:44:50+00:00,712.0,64.74,68.88,72.21,0.0,0.0,1.0,10.0,0.2377242976379394,True,REGULAR,USD,call,2026-12-31,219,745.6400146484375,0.9548843758548844,70.54499999999999,0.0472039123963427,0.6,0.18148382136063923
SPY261231C00713000,2026-05-20 17:20:18+00:00,713.0,65.23,68.14,71.46,0.0,0.0,3.0,29.0,0.2368545553588867,True,REGULAR,USD,call,2026-12-31,219,745.6400146484375,0.9562255055962536,69.8,0.04756446991404,0.6,0.18099357510618325
SPY261231C00714000,2026-05-21 17:30:11+00:00,714.0,66.5,67.39,70.71,0.0,0.0,1.0,55.0,0.2359848130798339,True,REGULAR,USD,call,2026-12-31,219,745.6400146484375,0.9575666353376228,69.05,0.0480811006517015,0.6,0.1804651806435805
SPY261231C00715000,2026-05-20 18:09:51+00:00,715.0,63.72,66.64,69.97,0.0,0.0,3.0,143.0,0.2351455880737304,True,REGULAR,USD,call,2026-12-31,219,745.6400146484375,0.958907765078992,68.305,0.0487519215284385,0.6,0.17994884277560996
SPY261231C00716000,2026-05-05 17:42:14+00:00,716.0,53.94,65.9,69.23,0.0,0.0,1.0,31.0,0.2342987337493896,True,REGULAR,USD,call,2026-12-31,219,745.6400146484375,0.9602488948203612,67.565,0.0492858728631687,0.6,0.17944525132433803
SPY261231C00717000,2026-05-13 18:30:10+00:00,717.0,67.75,65.16,68.49,0.0,0.0,1.0,19.0,0.2334442501068115,True,REGULAR,USD,call,2026-12-31,219,745.6400146484375,0.9615900245617304,66.82499999999999,0.0498316498316498,0.6,0.17892869523406577
SPY261231C00718000,2026-05-14 15:29:46+00:00,718.0,70.55,64.43,67.76,0.0,0.0,4.0,125.0,0.2326279130554199,True,REGULAR,USD,call,2026-12-31,219,745.6400146484375,0.9629311543030996,66.095,0.050382025871851,0.6,0.17844880693726164
SPY261231C00719000,2026-05-22 13:30:06+00:00,719.0,65.4,64.48,67.02,4.5200005,7.4244423,2.0,70.0,0.2317429121398925,True,REGULAR,USD,call,2026-12-31,219,745.6400146484375,0.9642722840444689,65.75,0.0386311787072242,0.6,0.17985373621246165
SPY261231C00720000,2026-05-22 14:05:32+00:00,720.0,65.59,63.93,66.2,2.9299965,4.676024,202.0,1255.0,0.2304993332672119,True,REGULAR,USD,call,2026-12-31,219,745.6400146484375,0.965613413785838,65.065,0.0348881887343426,0.6,0.17955934112266303
SPY261231C00721000,2026-05-15 13:45:19+00:00,721.0,61.0,62.37,65.56,0.0,0.0,1.0,48.0,0.2300568328094482,True,REGULAR,USD,call,2026-12-31,219,745.6400146484375,0.9669545435272072,63.965,0.0498710232158212,0.6,0.17722280016969927
SPY261231C00722000,2026-05-22 14:42:23+00:00,722.0,63.52,61.51,64.84,1.8199997,2.9497564,1.0,202.0,0.2292404957580566,True,REGULAR,USD,call,2026-12-31,219,745.6400146484375,0.9682956732685764,63.175,0.0527107241788683,0.6,0.17639652112275542
SPY261231C00723000,2026-05-07 13:32:21+00:00,723.0,56.63,60.91,64.07,0.0,0.0,1.0,38.0,0.2281876498413085,True,REGULAR,USD,call,2026-12-31,219,745.6400146484375,0.9696368030099456,62.489999999999995,0.050568090894543,0.6,0.17606861452518083
SPY261231C00724000,2026-05-06 15:12:04+00:00,724.0,54.19,60.23,63.34,0.0,0.0,26.0,228.0,0.2273026489257812,True,REGULAR,USD,call,2026-12-31,219,745.6400146484375,0.9709779327513148,61.785,0.0503358420328559,0.6,0.1756291753724257
SPY261231C00725000,2026-05-22 20:06:41+00:00,725.0,60.91,59.34,62.69,3.5200005,6.133474,4.0,208.0,0.2267685966491698,True,REGULAR,USD,call,2026-12-31,219,745.6400146484375,0.972319062492684,61.015,0.0549045316725394,0.6,0.17486322146453703
SPY261231C00730000,2026-05-22 19:22:18+00:00,730.0,57.86,55.88,58.83,2.7400017,4.9709754,43.0,364.0,0.2212144529724121,True,REGULAR,USD,call,2026-12-31,219,745.6400146484375,0.9790247111995302,57.355000000000004,0.0514340510853455,0.6,0.17175569019057074
SPY261231C00735000,2026-05-22 16:23:41+00:00,735.0,55.05,52.34,55.69,3.75,7.309942,4.0,503.0,0.2185670795440673,True,REGULAR,USD,call,2026-12-31,219,745.6400146484375,0.9857303599063764,54.015,0.0620198093122279,0.6,0.16980345262153865
SPY261231C00740000,2026-05-22 18:46:41+00:00,740.0,51.52,48.96,52.33,2.6399994,5.4009805,37.0,1077.0,0.2146456099700927,True,REGULAR,USD,call,2026-12-31,219,745.6400146484375,0.9924360086132225,50.644999999999996,0.0665416131898508,0.6,0.16733688941190264
SPY261231C00745000,2026-05-22 19:49:29+00:00,745.0,46.94,46.2,47.71,0.69999695,1.5138342,16.0,1528.0,0.2049487464904785,True,REGULAR,USD,call,2026-12-31,219,745.6400146484375,0.9991416573200684,46.955,0.0321584495793844,0.6,0.16306228280428872
SPY261231C00750000,2026-05-22 19:47:27+00:00,750.0,43.89,43.07,45.46,0.8600006,1.998607,56.0,2875.0,0.2052081433105468,False,REGULAR,USD,call,2026-12-31,219,745.6400146484375,1.0058473060269146,44.265,0.0539929967242742,0.6,0.16288030593023858
SPY261231C00755000,2026-05-22 18:46:41+00:00,755.0,41.94,41.14,41.24,7.669998,22.381084,16.0,517.0,0.1966022723388671,False,REGULAR,USD,call,2026-12-31,219,745.6400146484375,1.0125529547337606,41.19,0.0024277737314882,0.6,0.1605611142331883
SPY261231C00760000,2026-05-22 17:48:38+00:00,760.0,39.44,38.18,38.28,3.289997,9.10096,1.0,2189.0,0.1930775273132324,False,REGULAR,USD,call,2026-12-31,219,745.6400146484375,1.0192586034406068,38.230000000000004,0.0026157467957102,0.6,0.15832882405656112
SPY261231C00765000,2026-05-22 15:05:24+00:00,765.0,36.03,35.34,35.43,3.4699974,10.65724,16.0,235.0,0.189636704788208,False,REGULAR,USD,call,2026-12-31,219,745.6400146484375,1.0259642521474528,35.385000000000005,0.0025434506146671,0.6,0.1561669170416773
SPY261231C00770000,2026-05-22 17:12:22+00:00,770.0,33.72,32.62,32.72,2.750002,8.879567,4.0,556.0,0.1864018738555908,False,REGULAR,USD,call,2026-12-31,219,745.6400146484375,1.032669900854299,32.67,0.0030609121518212,0.6,0.15412489388342784
SPY261231C00775000,2026-05-22 19:18:48+00:00,775.0,30.23,30.03,30.13,3.6399994,13.689354,37.0,1271.0,0.1832738533782958,False,REGULAR,USD,call,2026-12-31,219,745.6400146484375,1.0393755495611452,30.08,0.0033244680851063,0.6,0.15216777035618653
SPY261231C00780000,2026-05-22 19:18:48+00:00,780.0,27.76,27.58,27.67,1.7199993,6.60522,20.0,2101.0,0.1802831606292725,False,REGULAR,USD,call,2026-12-31,219,745.6400146484375,1.0460811982679912,27.625,0.0032579185520363,0.6,0.1503283265742085
SPY261231C00785000,2026-05-22 19:18:48+00:00,785.0,25.44,25.26,25.35,1.9099998,8.117296,25.0,425.0,0.1774755715179443,False,REGULAR,USD,call,2026-12-31,219,745.6400146484375,1.0527868469748374,25.305,0.0035566093657379,0.6,0.1485990843078857
SPY261231C00790000,2026-05-22 19:18:48+00:00,790.0,23.25,23.07,23.16,1.6499996,7.6388874,23.0,1202.0,0.1747900514984131,False,REGULAR,USD,call,2026-12-31,219,745.6400146484375,1.0594924956816834,23.115000000000002,0.0038935756002595,0.6,0.14695407055700105
SPY261231C00795000,2026-05-20 15:16:24+00:00,795.0,19.8,21.02,21.11,0.0,0.0,102.0,833.0,0.1722800057983398,False,REGULAR,USD,call,2026-12-31,219,745.6400146484375,1.0661981443885296,21.064999999999998,0.0042724899121765,0.6,0.14543665628738398
SPY261231C00800000,2026-05-22 20:01:38+00:00,800.0,19.0,19.11,19.2,1.5,8.571429,126.0,2729.0,0.1699454344177246,False,REGULAR,USD,call,2026-12-31,219,745.6400146484375,1.0729037930953755,19.155,0.004698512137823,0.6,0.1440514448580013
SPY261231C00805000,2026-05-22 17:21:10+00:00,805.0,18.06,17.33,17.42,1.7600002,10.797548,6.0,1065.0,0.1677558200836182,False,REGULAR,USD,call,2026-12-31,219,745.6400146484375,1.0796094418022215,17.375,0.0051798561151081,0.6,0.14276031566910308
SPY261231C00810000,2026-05-22 14:49:51+00:00,810.0,16.0,15.69,15.77,1.46,10.0412655,1.0,3123.0,0.1657187921142578,False,REGULAR,USD,call,2026-12-31,219,745.6400146484375,1.0863150905090675,15.73,0.0050858232676414,0.6,0.14159926972283077
SPY261231C00815000,2026-05-22 17:49:31+00:00,815.0,14.92,14.18,14.26,1.8900003,14.504992,4.0,3602.0,0.1638877557373047,False,REGULAR,USD,call,2026-12-31,219,745.6400146484375,1.093020739215914,14.219999999999999,0.0056258790436005,0.6,0.14058645968727948
SPY261231C00820000,2026-05-22 20:13:51+00:00,820.0,12.83,12.78,12.86,0.8699999,7.274246,82.0,930.0,0.1621482711791992,False,REGULAR,USD,call,2026-12-31,219,745.6400146484375,1.09972638792276,12.82,0.0062402496099844,0.6,0.13961758399032514
SPY261231C00825000,2026-05-22 19:15:58+00:00,825.0,11.64,11.51,11.59,0.9800005,9.193251,10.0,2463.0,0.1606224075317383,False,REGULAR,USD,call,2026-12-31,219,745.6400146484375,1.106432036629606,11.55,0.0069264069264069,0.6,0.13881940246726546
SPY261231C00830000,2026-05-22 16:02:51+00:00,830.0,11.0,10.35,10.42,1.6199999,17.270786,5.0,1018.0,0.1591728370666504,False,REGULAR,USD,call,2026-12-31,219,745.6400146484375,1.113137685336452,10.385,0.0067404910929225,0.6,0.13808904498518018
SPY261231C00835000,2026-05-22 15:40:22+00:00,835.0,9.93,9.29,9.36,3.2300005,48.208965,1.0,2637.0,0.1578911116027831,False,REGULAR,USD,call,2026-12-31,219,745.6400146484375,1.1198433340432985,9.325,0.0075067024128686,0.6,0.13745550974477405
SPY261231C00840000,2026-05-22 18:53:04+00:00,840.0,8.64,8.32,8.39,1.1300001,15.046605,1.0,947.0,0.156685679321289,False,REGULAR,USD,call,2026-12-31,219,745.6400146484375,1.1265489827501445,8.355,0.0083782166367444,0.6,0.13686280785641639
SPY261231C00845000,2026-05-22 17:04:54+00:00,845.0,7.95,7.44,7.52,1.29,19.36937,1.0,1284.0,0.1556557213592529,False,REGULAR,USD,call,2026-12-31,219,745.6400146484375,1.1332546314569905,7.48,0.0106951871657752,0.6,0.13637430571786044
SPY261231C00850000,2026-05-22 19:09:23+00:00,850.0,6.76,6.65,6.72,1.2700005,23.132978,111.0,18915.0,0.1546257633972168,False,REGULAR,USD,call,2026-12-31,219,745.6400146484375,1.1399602801638364,6.6850000000000005,0.0104712041884815,0.6,0.13593208610787524
SPY261231C00855000,2026-05-11 17:16:49+00:00,855.0,5.85,5.93,6.0,0.0,0.0,95.0,531.0,0.1537255038452148,False,REGULAR,USD,call,2026-12-31,219,745.6400146484375,1.1466659288706826,5.965,0.0117351215423303,0.6,0.1355369888269915
SPY261231C00860000,2026-05-22 20:06:45+00:00,860.0,5.29,5.28,5.34,0.80999994,18.080355,10.0,1996.0,0.1528099856567383,False,REGULAR,USD,call,2026-12-31,219,745.6400146484375,1.1533715775775288,5.3100000000000005,0.0112994350282485,0.6,0.13515137785406764
SPY261231C00865000,2026-05-21 13:57:55+00:00,865.0,3.89,4.69,4.75,0.0,0.0,7.0,459.0,0.1520012779235839,False,REGULAR,USD,call,2026-12-31,219,745.6400146484375,1.1600772262843748,4.720000000000001,0.0127118644067795,0.6,0.13481011745115334
SPY261231C00870000,2026-05-15 13:46:07+00:00,870.0,4.3,4.16,4.22,0.0,0.0,8.0,1319.0,0.1512688633728027,False,REGULAR,USD,call,2026-12-31,219,745.6400146484375,1.166782874991221,4.1899999999999995,0.0143198090692123,0.6,0.13451291542947258
SPY261231C00875000,2026-05-22 18:03:35+00:00,875.0,3.97,3.68,3.74,-0.08000016,-1.9753126,5.0,44.0,0.1505517074584961,False,REGULAR,USD,call,2026-12-31,219,745.6400146484375,1.173488523698067,3.71,0.0161725067385444,0.6,0.13421080058995835
SPY261231C00880000,2026-05-22 19:49:55+00:00,880.0,3.25,3.26,3.32,1.04,47.058823,2.0,226.0,0.1500023965454102,False,REGULAR,USD,call,2026-12-31,219,745.6400146484375,1.1801941724049132,3.29,0.0182370820668693,0.6,0.13404241265283517
SPY261231C00885000,2026-05-22 19:37:52+00:00,885.0,2.9,2.88,2.94,0.58000016,25.00001,5.0,316.0,0.1494530856323242,False,REGULAR,USD,call,2026-12-31,219,745.6400146484375,1.1868998211117592,2.91,0.0206185567010309,0.6,0.13385804420537545
SPY261231C00890000,2026-05-21 15:59:03+00:00,890.0,2.06,2.55,2.6,0.0,0.0,5.0,414.0,0.1489342919921875,False,REGULAR,USD,call,2026-12-31,219,745.6400146484375,1.1936054698186054,2.575,0.0194174757281554,0.6,0.13375217953205315
SPY261231C00895000,2026-05-22 17:11:31+00:00,895.0,2.5,2.25,2.3,0.43000007,20.772951,14.0,653.0,0.1485070501708984,False,REGULAR,USD,call,2026-12-31,219,745.6400146484375,1.2003111185254514,2.275,0.0219780219780219,0.6,0.1336565124282995
SPY261231C00900000,2026-05-22 20:03:35+00:00,900.0,1.98,1.98,2.03,0.22000003,12.500002,283.0,4053.0,0.1480798083496094,False,REGULAR,USD,call,2026-12-31,219,745.6400146484375,1.2070167672322976,2.005,0.024937655860349,0.6,0.13354347137110564
SPY261231C00905000,2026-05-14 14:56:00+00:00,905.0,2.71,1.75,1.8,0.0,0.0,,46.0,0.1478661874389648,False,REGULAR,USD,call,2026-12-31,219,745.6400146484375,1.2137224159391435,1.775,0.028169014084507,0.6,0.1336048540836055
SPY261231C00910000,2026-05-22 13:30:00+00:00,910.0,1.54,1.54,1.59,0.31999993,26.2295,1.0,109.0,0.1475915319824219,False,REGULAR,USD,call,2026-12-31,219,745.6400146484375,1.2204280646459895,1.565,0.0319488817891374,0.6,0.13359579790061046
SPY261231C00915000,2026-05-20 15:15:35+00:00,915.0,1.15,1.36,1.41,0.0,0.0,1.0,3.0,0.147469462890625,False,REGULAR,USD,call,2026-12-31,219,745.6400146484375,1.2271337133528355,1.385,0.0361010830324908,0.6,0.1337200833332952
SPY261231C00920000,2026-05-21 18:30:04+00:00,920.0,1.13,1.21,1.25,0.0,0.0,3.0,74.0,0.1474084283447265,False,REGULAR,USD,call,2026-12-31,219,745.6400146484375,1.233839362059682,1.23,0.032520325203252,0.6,0.13395773694699598
SPY261231C00925000,2026-05-22 19:29:04+00:00,925.0,1.1,1.07,1.1,0.049999952,4.7619,1.0,2.0,0.1471642901611328,False,REGULAR,USD,call,2026-12-31,219,745.6400146484375,1.240545010766528,1.085,0.0276497695852534,0.6,0.13405562514020727
SPY261231C00930000,2026-05-22 18:04:27+00:00,930.0,1.07,0.94,0.98,0.03000009,2.8846242,7.0,30.0,0.1472558419799804,False,REGULAR,USD,call,2026-12-31,219,745.6400146484375,1.247250659473374,0.96,0.0416666666666667,0.6,0.13424930846569452
SPY261231C00940000,2026-05-22 19:47:27+00:00,940.0,0.75,0.75,0.78,0.060000002,8.695652,2.0,21.0,0.1475915319824219,False,REGULAR,USD,call,2026-12-31,219,745.6400146484375,1.2606619568870665,0.765,0.0392156862745098,0.6,0.1350721185520163
SPY270115C00525000,2026-05-18 13:30:18+00:00,525.0,229.46,233.36,236.84,0.0,0.0,1.0,254.0,0.4198361239624023,True,REGULAR,USD,call,2027-01-15,234,745.6400146484375,0.7040931142188402,235.10000000000002,0.0148022118247553,0.6410958904109589,0.2416670320585223
SPY270115C00530000,2026-05-22 14:28:22+00:00,530.0,229.53,228.7,232.22,9.529999,4.3318176,2.0,247.0,0.4147855152893066,True,REGULAR,USD,call,2027-01-15,234,745.6400146484375,0.7107987629256863,230.45999999999998,0.0152738002256357,0.6410958904109589,0.2437011341263936
SPY270115C00535000,2026-05-20 18:41:02+00:00,535.0,220.26,224.04,227.52,0.0,0.0,4.0,155.0,0.4090024920654296,True,REGULAR,USD,call,2027-01-15,234,745.6400146484375,0.7175044116325324,225.78,0.0154132341217114,0.6410958904109589,0.24375379339458803
SPY270115C00540000,2026-05-19 15:40:56+00:00,540.0,209.14,219.4,222.82,0.0,0.0,1.0,189.0,0.4032042102050781,True,REGULAR,USD,call,2027-01-15,234,745.6400146484375,0.7242100603393785,221.11,0.0154674144091175,0.6410958904109589,0.24353368760124106
SPY270115C00545000,2026-05-22 19:12:45+00:00,545.0,217.19,214.76,218.18,4.0899963,1.919285,1.0,96.0,0.3978484288024902,True,REGULAR,USD,call,2027-01-15,234,745.6400146484375,0.7309157090462246,216.47,0.0157989559754239,0.6410958904109589,0.24352687512333332
SPY270115C00550000,2026-05-22 14:43:42+00:00,550.0,211.52,210.14,213.56,2.5200043,1.2057437,2.0,2948.0,0.3926147164916992,True,REGULAR,USD,call,2027-01-15,234,745.6400146484375,0.7376213577530707,211.85,0.0161434977578476,0.6410958904109589,0.2434421186990342
SPY270115C00555000,2026-05-22 18:10:11+00:00,555.0,208.36,205.53,208.95,5.1399994,2.5292783,1.0,167.0,0.3874115214538574,True,REGULAR,USD,call,2027-01-15,234,745.6400146484375,0.7443270064599168,207.24,0.0165026056745801,0.6410958904109589,0.24307393325274232
SPY270115C00560000,2026-05-21 18:55:50+00:00,560.0,197.0,200.93,204.35,0.0,0.0,1.0,271.0,0.3822235850524901,True,REGULAR,USD,call,2027-01-15,234,745.6400146484375,0.7510326551667629,202.64,0.0168772206869324,0.6410958904109589,0.24245489783449634
SPY270115C00565000,2026-05-20 14:15:12+00:00,565.0,187.0,196.35,199.76,0.0,0.0,1.0,189.0,0.3770661659240722,True,REGULAR,USD,call,2027-01-15,234,745.6400146484375,0.757738303873609,198.055,0.017217439600111,0.6410958904109589,0.24169522183477002
SPY270115C00570000,2026-05-12 14:04:37+00:00,570.0,184.5,191.79,195.19,0.0,0.0,3.0,333.0,0.3719850399780273,True,REGULAR,USD,call,2027-01-15,234,745.6400146484375,0.764443952580455,193.49,0.0175719675435423,0.6410958904109589,0.2408781953338233
SPY270115C00575000,2026-05-21 19:46:50+00:00,575.0,185.57,187.23,190.63,0.0,0.0,1.0,2122.0,0.3669191726684571,True,REGULAR,USD,call,2027-01-15,234,745.6400146484375,0.7711496012873011,188.93,0.01799608320542,0.6410958904109589,0.23977424450532675
SPY270115C00580000,2026-05-22 18:26:14+00:00,580.0,185.41,182.69,186.1,5.9100037,3.2924812,7.0,3311.0,0.3620058917236328,True,REGULAR,USD,call,2027-01-15,234,745.6400146484375,0.7778552499941473,184.39499999999998,0.018492909243743,0.6410958904109589,0.23869146980221886
SPY270115C00585000,2026-05-22 18:26:14+00:00,585.0,180.89,178.17,181.56,6.4900055,3.7213337,17.0,1903.0,0.3569400244140625,True,REGULAR,USD,call,2027-01-15,234,745.6400146484375,0.7845608987009934,179.865,0.0188474689350346,0.6410958904109589,0.23734843138404857
SPY270115C00590000,2026-05-22 19:14:00+00:00,590.0,174.2,173.66,177.05,6.0,3.5671818,7.0,2164.0,0.3520114848327636,True,REGULAR,USD,call,2027-01-15,234,745.6400146484375,0.7912665474078395,175.35500000000002,0.0193322117989222,0.6410958904109589,0.23595629808494992
SPY270115C00595000,2026-05-22 18:26:13+00:00,595.0,171.85,169.17,172.56,9.440002,5.8124514,38.0,1009.0,0.3471439797973632,True,REGULAR,USD,call,2027-01-15,234,745.6400146484375,0.7979721961146856,170.865,0.0198402247388289,0.6410958904109589,0.23450773503602268
SPY270115C00600000,2026-05-22 19:36:11+00:00,600.0,166.44,164.7,168.09,6.3099976,3.9405465,18.0,2770.0,0.3423298799896239,True,REGULAR,USD,call,2027-01-15,234,745.6400146484375,0.8046778448215317,166.39499999999998,0.0203732083295773,0.6410958904109589,0.23299673477416252
SPY270115C00605000,2026-05-22 18:26:12+00:00,605.0,162.94,160.25,163.63,4.430008,2.7947814,5.0,1928.0,0.3374928922271729,True,REGULAR,USD,call,2027-01-15,234,745.6400146484375,0.8113834935283778,161.94,0.0208719278745213,0.6410958904109589,0.23136561920365514
SPY270115C00610000,2026-05-22 18:26:11+00:00,610.0,158.5,155.82,159.2,7.220001,4.772608,15.0,994.0,0.3327550856018066,True,REGULAR,USD,call,2027-01-15,234,745.6400146484375,0.8180891422352239,157.51,0.0214589549869849,0.6410958904109589,0.2297186019084391
SPY270115C00615000,2026-05-22 18:26:11+00:00,615.0,154.08,151.4,154.78,6.680008,4.531892,17.0,1834.0,0.3279943910217285,True,REGULAR,USD,call,2027-01-15,234,745.6400146484375,0.82479479094207,153.09,0.0220785159056763,0.6410958904109589,0.22790077681494436
SPY270115C00620000,2026-05-22 18:26:11+00:00,620.0,149.7,147.01,150.4,5.819992,4.045032,117.0,989.0,0.3233710241699218,True,REGULAR,USD,call,2027-01-15,234,745.6400146484375,0.8315004396489161,148.70499999999998,0.0227968124810868,0.6410958904109589,0.22615196562602738
SPY270115C00625000,2026-05-22 19:58:21+00:00,625.0,143.7,142.64,146.03,6.349991,4.6232185,118.0,3857.0,0.3187018814086914,True,REGULAR,USD,call,2027-01-15,234,745.6400146484375,0.8382060883557622,144.33499999999998,0.0234870267086986,0.6410958904109589,0.22427465890551967
SPY270115C00630000,2026-05-22 19:59:10+00:00,630.0,139.29,138.29,141.69,3.1399994,2.3062797,93.0,1660.0,0.3141090318298339,True,REGULAR,USD,call,2027-01-15,234,745.6400146484375,0.8449117370626082,139.99,0.0242874491035074,0.6410958904109589,0.22235712093771362
SPY270115C00635000,2026-05-22 18:26:09+00:00,635.0,136.6,133.97,137.37,7.779999,6.0394335,87.0,976.0,0.3095238115692138,True,REGULAR,USD,call,2027-01-15,234,745.6400146484375,0.8516173857694543,135.67000000000002,0.0250608093167244,0.6410958904109589,0.22039250563361476
SPY270115C00640000,2026-05-22 18:26:07+00:00,640.0,132.32,129.72,133.07,7.0500107,5.6278524,446.0,1239.0,0.3049385913085937,True,REGULAR,USD,call,2027-01-15,234,745.6400146484375,0.8583230344763004,131.39499999999998,0.0254956429087864,0.6410958904109589,0.21852944128181093
SPY270115C00645000,2026-05-22 19:12:45+00:00,645.0,128.19,125.41,128.79,7.510002,6.223071,1.0,995.0,0.300338112411499,True,REGULAR,USD,call,2027-01-15,234,745.6400146484375,0.8650286831831465,127.1,0.0265932336742721,0.6410958904109589,0.21625946155317835
SPY270115C00650000,2026-05-22 19:48:29+00:00,650.0,122.5,121.2,124.52,3.8600006,3.2535408,561.0,5611.0,0.2956765989685058,True,REGULAR,USD,call,2027-01-15,234,745.6400146484375,0.8717343318899926,122.86,0.0270226273807585,0.6410958904109589,0.2141550437328705
SPY270115C00655000,2026-05-21 16:13:11+00:00,655.0,113.13,116.95,120.34,0.0,0.0,19.0,845.0,0.2913660341644286,True,REGULAR,USD,call,2027-01-15,234,745.6400146484375,0.8784399805968387,118.64500000000001,0.0285726326436006,0.6410958904109589,0.21197857112437565
SPY270115C00660000,2026-05-22 18:45:45+00:00,660.0,115.09,112.76,116.16,3.0999985,2.7681031,7.0,7567.0,0.28691814163208,True,REGULAR,USD,call,2027-01-15,234,745.6400146484375,0.8851456293036849,114.46000000000001,0.0297047003319936,0.6410958904109589,0.20975969273168077
SPY270115C00665000,2026-05-22 19:01:56+00:00,665.0,111.04,108.65,112.02,6.790001,6.5131903,9.0,5566.0,0.2825312836456298,True,REGULAR,USD,call,2027-01-15,234,745.6400146484375,0.891851278010531,110.33500000000001,0.0305433452666877,0.6410958904109589,0.2076842227165986
SPY270115C00670000,2026-05-22 19:22:16+00:00,670.0,106.62,104.49,107.0,6.840004,6.8550854,919.0,3035.0,0.2736126106262207,True,REGULAR,USD,call,2027-01-15,234,745.6400146484375,0.8985569267173771,105.745,0.0237363468721925,0.6410958904109589,0.20244092745570186
SPY270115C00675000,2026-05-22 19:01:54+00:00,675.0,102.72,100.4,103.78,4.7700043,4.8698363,54.0,3536.0,0.2735286881256104,True,REGULAR,USD,call,2027-01-15,234,745.6400146484375,0.9052625754242232,102.09,0.0331080419237926,0.6410958904109589,0.20280620258696128
SPY270115C00680000,2026-05-22 19:35:23+00:00,680.0,97.89,96.34,98.5,3.1699982,3.346704,282.0,6629.0,0.2631985912322998,True,REGULAR,USD,call,2027-01-15,234,745.6400146484375,0.9119682241310691,97.42,0.0221720385957708,0.6410958904109589,0.19679015872451733
SPY270115C00685000,2026-05-22 18:58:08+00:00,685.0,94.78,92.32,95.0,3.5,3.834356,60.0,3150.0,0.2613599255371094,True,REGULAR,USD,call,2027-01-15,234,745.6400146484375,0.9186738728379154,93.66,0.0286141362374546,0.6410958904109589,0.19593378318239607
SPY270115C00690000,2026-05-22 17:19:59+00:00,690.0,90.6,88.38,91.63,3.199997,3.6613238,4.0,2296.0,0.2598798377990722,True,REGULAR,USD,call,2027-01-15,234,745.6400146484375,0.9253795215447614,90.005,0.0361091050497194,0.6410958904109589,0.19530483259465747
SPY270115C00695000,2026-05-22 19:50:06+00:00,695.0,84.13,84.45,87.49,0.5799942,0.6941882,16.0,2960.0,0.2545850909423829,True,REGULAR,USD,call,2027-01-15,234,745.6400146484375,0.9320851702516076,85.97,0.0353611725020355,0.6410958904109589,0.1922755223561531
SPY270115C00700000,2026-05-22 20:01:50+00:00,700.0,82.0,80.53,83.98,2.0199966,2.5256271,91.0,9112.0,0.2520063813781738,True,REGULAR,USD,call,2027-01-15,234,745.6400146484375,0.9387908189584536,82.255,0.0419427390432192,0.6410958904109589,0.19068317239302962
SPY270115C00705000,2026-05-22 19:50:06+00:00,705.0,79.63,76.69,79.97,6.5999985,9.03738,13.0,2472.0,0.2469405140686035,True,REGULAR,USD,call,2027-01-15,234,745.6400146484375,0.9454964676652996,78.33,0.0418741223030767,0.6410958904109589,0.1877089075578706
SPY270115C00710000,2026-05-22 17:03:12+00:00,710.0,76.48,72.94,76.22,3.790001,5.2139235,53.0,3090.0,0.2428435701751708,True,REGULAR,USD,call,2027-01-15,234,745.6400146484375,0.9522021163721458,74.58,0.0439796192008581,0.6410958904109589,0.18535102705121717
SPY270115C00715000,2026-05-22 19:41:11+00:00,715.0,70.43,69.28,72.49,1.9800034,2.8926275,4.0,2684.0,0.2386245571899414,True,REGULAR,USD,call,2027-01-15,234,745.6400146484375,0.958907765078992,70.88499999999999,0.0452846159272059,0.6410958904109589,0.18297059181527575
SPY270115C00720000,2026-05-22 20:13:20+00:00,720.0,67.13,65.51,68.65,2.1299973,3.276919,22.0,5607.0,0.2337112762451171,True,REGULAR,USD,call,2027-01-15,234,745.6400146484375,0.965613413785838,67.08000000000001,0.0468097793679189,0.6410958904109589,0.17977367037264147
SPY270115C00725000,2026-05-22 19:21:47+00:00,725.0,63.62,61.91,65.4,2.4199982,3.954245,17.0,3123.0,0.2311173080444336,True,REGULAR,USD,call,2027-01-15,234,745.6400146484375,0.972319062492684,63.655,0.0548268007226456,0.6410958904109589,0.17807106038760653
SPY270115C00730000,2026-05-22 19:32:41+00:00,730.0,60.0,58.44,61.44,2.1399994,3.698582,18.0,4170.0,0.225219845046997,True,REGULAR,USD,call,2027-01-15,234,745.6400146484375,0.9790247111995302,59.94,0.05005005005005,0.6410958904109589,0.1747089656752415
SPY270115C00735000,2026-05-22 19:31:42+00:00,735.0,56.4,55.1,58.13,1.9600029,3.6002994,40.0,1933.0,0.2218476863861083,True,REGULAR,USD,call,2027-01-15,234,745.6400146484375,0.9857303599063764,56.615,0.0535193853219111,0.6410958904109589,0.17280593488626445
SPY270115C00740000,2026-05-22 19:52:40+00:00,740.0,53.0,51.8,54.55,1.8600006,3.637076,77.0,3336.0,0.2170641038513183,True,REGULAR,USD,call,2027-01-15,234,745.6400146484375,0.9924360086132225,53.175,0.0517160319699106,0.6410958904109589,0.17004899170806462
SPY270115C00745000,2026-05-22 19:50:00+00:00,745.0,49.67,48.23,51.75,1.9299965,4.042724,255.0,4422.0,0.215278843383789,True,REGULAR,USD,call,2027-01-15,234,745.6400146484375,0.9991416573200684,49.989999999999995,0.0704140828165633,0.6410958904109589,0.168069891293642
SPY270115C00750000,2026-05-22 20:14:34+00:00,750.0,46.83,45.53,47.98,2.050003,4.577944,245.0,6087.0,0.2091219835662841,False,REGULAR,USD,call,2027-01-15,234,745.6400146484375,1.0058473060269146,46.754999999999995,0.0524008127472996,0.6410958904109589,0.16551335920572788
SPY270115C00755000,2026-05-22 18:56:29+00:00,755.0,44.43,42.55,44.77,2.869999,6.905676,5.0,4949.0,0.2050021517181396,False,REGULAR,USD,call,2027-01-15,234,745.6400146484375,1.0125529547337606,43.66,0.0508474576271187,0.6410958904109589,0.1631921787636077
SPY270115C00760000,2026-05-22 19:38:21+00:00,760.0,40.59,40.63,40.73,1.6800003,4.317657,23.0,3533.0,0.1970905487060547,False,REGULAR,USD,call,2027-01-15,234,745.6400146484375,1.0192586034406068,40.68,0.002458210422812,0.6410958904109589,0.16097933711289983
SPY270115C00765000,2026-05-22 18:23:50+00:00,765.0,38.7,37.76,37.86,3.2600021,9.198652,162.0,4927.0,0.1937107607269287,False,REGULAR,USD,call,2027-01-15,234,745.6400146484375,1.0259642521474528,37.81,0.0026448029621793,0.6410958904109589,0.15883787757223017
SPY270115C00770000,2026-05-22 19:45:00+00:00,770.0,34.92,35.01,35.1,1.6299973,4.896357,144.0,5285.0,0.1904225245666504,False,REGULAR,USD,call,2027-01-15,234,745.6400146484375,1.032669900854299,35.055,0.0025673940949936,0.6410958904109589,0.15677474090990767
SPY270115C00775000,2026-05-22 18:35:06+00:00,775.0,33.15,32.37,32.46,3.6500015,12.372887,24.0,2575.0,0.1872639868164062,False,REGULAR,USD,call,2027-01-15,234,745.6400146484375,1.0393755495611452,32.415,0.0027764923646461,0.6410958904109589,0.15477740139674034
SPY270115C00780000,2026-05-22 20:14:46+00:00,780.0,29.89,29.86,29.95,1.2699986,4.437451,44.0,3401.0,0.1842656647491455,False,REGULAR,USD,call,2027-01-15,234,745.6400146484375,1.0460811982679912,29.905,0.0030095301788998,0.6410958904109589,0.15289833765472302
SPY270115C00785000,2026-05-22 19:02:00+00:00,785.0,28.02,27.48,27.57,2.2700005,8.815536,150.0,1912.0,0.1814199290466308,False,REGULAR,USD,call,2027-01-15,234,745.6400146484375,1.0527868469748374,27.525,0.0032697547683923,0.6410958904109589,0.1511296228664965
SPY270115C00790000,2026-05-22 19:51:22+00:00,790.0,25.12,25.22,25.31,1.5300007,6.4858017,153.0,2726.0,0.1786733744812011,False,REGULAR,USD,call,2027-01-15,234,745.6400146484375,1.0594924956816834,25.265,0.0035622402533148,0.6410958904109589,0.14942345396383377
SPY270115C00795000,2026-05-22 17:51:09+00:00,795.0,23.91,23.1,23.19,3.1399994,15.117955,51.0,4678.0,0.1761175528717041,False,REGULAR,USD,call,2027-01-15,234,745.6400146484375,1.0661981443885296,23.145000000000003,0.0038885288399222,0.6410958904109589,0.14786282187172567
SPY270115C00800000,2026-05-22 20:14:22+00:00,800.0,21.11,21.11,21.19,1.2600002,6.3476076,648.0,15689.0,0.173660912399292,False,REGULAR,USD,call,2027-01-15,234,745.6400146484375,1.0729037930953755,21.15,0.0037825059101655,0.6410958904109589,0.146384360804397
SPY270115C00805000,2026-05-22 18:39:29+00:00,805.0,19.85,19.24,19.33,1.9400005,10.83194,8.0,1699.0,0.1713950048828125,False,REGULAR,USD,call,2027-01-15,234,745.6400146484375,1.0796094418022215,19.284999999999997,0.0046668395125745,0.6410958904109589,0.14501390014477922
SPY270115C00810000,2026-05-22 20:04:51+00:00,810.0,17.46,17.51,17.59,1.2999992,8.04455,72.0,2995.0,0.1692511664581299,False,REGULAR,USD,call,2027-01-15,234,745.6400146484375,1.0863150905090675,17.55,0.0045584045584044,0.6410958904109589,0.14376008762488243
SPY270115C00815000,2026-05-22 19:37:45+00:00,815.0,15.94,15.9,15.98,0.3899994,2.5080345,13.0,3218.0,0.167275173034668,False,REGULAR,USD,call,2027-01-15,234,745.6400146484375,1.093020739215914,15.940000000000001,0.0050188205771643,0.6410958904109589,0.14261184349798625
SPY270115C00820000,2026-05-22 20:00:07+00:00,820.0,14.41,14.42,14.5,0.97000027,7.217264,295.0,3168.0,0.1654822832489013,False,REGULAR,USD,call,2027-01-15,234,745.6400146484375,1.09972638792276,14.46,0.0055325034578146,0.6410958904109589,0.1416100489050656
SPY270115C00825000,2026-05-22 19:50:53+00:00,825.0,13.06,13.06,13.13,0.9900007,8.20216,144.0,1599.0,0.163796203918457,False,REGULAR,USD,call,2027-01-15,234,745.6400146484375,1.106432036629606,13.095,0.0053455517373043,0.6410958904109589,0.14070291152293551
SPY270115C00830000,2026-05-22 19:57:03+00:00,830.0,11.83,11.8,11.88,0.80999947,7.350267,29.0,2057.0,0.1623008575439453,False,REGULAR,USD,call,2027-01-15,234,745.6400146484375,1.113137685336452,11.84,0.0067567567567567,0.6410958904109589,0.13988710323005638
SPY270115C00835000,2026-05-22 19:34:37+00:00,835.0,10.7,10.66,10.73,0.8800001,8.961305,14.0,1263.0,0.1608970629882812,False,REGULAR,USD,call,2027-01-15,234,745.6400146484375,1.1198433340432985,10.695,0.0065451145395044,0.6410958904109589,0.13918881935874097
SPY270115C00840000,2026-05-22 20:14:46+00:00,840.0,9.61,9.6,9.68,0.60999966,6.777774,11.0,3048.0,0.1596305961608886,False,REGULAR,USD,call,2027-01-15,234,745.6400146484375,1.1265489827501445,9.64,0.0082987551867219,0.6410958904109589,0.13852656574493258
SPY270115C00845000,2026-05-22 19:37:39+00:00,845.0,8.69,8.64,8.71,1.0199995,13.298559,7.0,3793.0,0.1583946466064453,False,REGULAR,USD,call,2027-01-15,234,745.6400146484375,1.1332546314569905,8.675,0.0080691642651297,0.6410958904109589,0.1379252627756368
SPY270115C00850000,2026-05-22 19:03:00+00:00,850.0,7.92,7.77,7.84,0.97000027,13.956839,448.0,12271.0,0.1573494300079345,False,REGULAR,USD,call,2027-01-15,234,745.6400146484375,1.1399602801638364,7.805,0.0089686098654708,0.6410958904109589,0.1374477439554433
SPY270115C00855000,2026-05-22 18:40:32+00:00,855.0,7.28,6.97,7.04,1.6000004,28.169022,4.0,7867.0,0.156334730682373,False,REGULAR,USD,call,2027-01-15,234,745.6400146484375,1.1466659288706826,7.005,0.0099928622412562,0.6410958904109589,0.13697150874969607
SPY270115C00860000,2026-05-22 19:48:26+00:00,860.0,6.19,6.24,6.31,0.48000002,8.406305,19.0,5006.0,0.1553734365844726,False,REGULAR,USD,call,2027-01-15,234,745.6400146484375,1.1533715775775288,6.275,0.0111553784860556,0.6410958904109589,0.13652245415185038
SPY270115C00865000,2026-05-22 20:14:20+00:00,865.0,5.63,5.59,5.65,0.30999994,5.8270664,6.0,5437.0,0.1544884356689453,False,REGULAR,USD,call,2027-01-15,234,745.6400146484375,1.1600772262843748,5.62,0.0106761565836299,0.6410958904109589,0.13617048883115296
SPY270115C00870000,2026-05-22 19:55:32+00:00,870.0,5.01,4.99,5.05,1.0200002,25.563917,25.0,9006.0,0.1536644692993164,False,REGULAR,USD,call,2027-01-15,234,745.6400146484375,1.166782874991221,5.02,0.0119521912350596,0.6410958904109589,0.1358035088869286
SPY270115C00875000,2026-05-22 19:50:31+00:00,875.0,4.47,4.45,4.51,0.5799997,14.910017,10.0,7941.0,0.1529167961120606,False,REGULAR,USD,call,2027-01-15,234,745.6400146484375,1.173488523698067,4.48,0.013392857142857,0.6410958904109589,0.13549174874449013
SPY270115C00880000,2026-05-22 19:57:53+00:00,880.0,4.02,3.96,4.02,0.5,14.204545,14.0,8711.0,0.1521996401977539,False,REGULAR,USD,call,2027-01-15,234,745.6400146484375,1.1801941724049132,3.9899999999999998,0.0150375939849623,0.6410958904109589,0.13518769155132565
SPY270115C00885000,2026-05-19 14:02:14+00:00,885.0,2.56,3.52,3.58,0.0,0.0,1.0,6568.0,0.1515435188293457,False,REGULAR,USD,call,2027-01-15,234,745.6400146484375,1.1868998211117592,3.55,0.0169014084507042,0.6410958904109589,0.13492582226807
SPY270115C00890000,2026-05-22 17:11:31+00:00,890.0,3.44,3.13,3.19,0.6600001,23.74101,138.0,5191.0,0.1509942079162598,False,REGULAR,USD,call,2027-01-15,234,745.6400146484375,1.1936054698186054,3.16,0.0189873417721519,0.6410958904109589,0.13474975803093198
SPY270115C00895000,2026-05-22 17:11:31+00:00,895.0,3.07,2.78,2.83,0.78999996,34.64912,24.0,1881.0,0.1503838624572754,False,REGULAR,USD,call,2027-01-15,234,745.6400146484375,1.2003111185254514,2.8049999999999997,0.0178253119429591,0.6410958904109589,0.13454592159315998
SPY270115C00900000,2026-05-22 19:58:53+00:00,900.0,2.51,2.47,2.52,0.28999996,13.063061,186.0,20523.0,0.1499718792724609,False,REGULAR,USD,call,2027-01-15,234,745.6400146484375,1.2070167672322976,2.495,0.0200400801603205,0.6410958904109589,0.13446437141830736
SPY270115C00905000,2026-05-22 19:31:04+00:00,905.0,2.2,2.19,2.24,0.43000007,24.293789,6.0,1533.0,0.149575154724121,False,REGULAR,USD,call,2027-01-15,234,745.6400146484375,1.2137224159391435,2.215,0.0225733634311513,0.6410958904109589,0.13437481161329853
SPY270115C00910000,2026-05-22 14:07:56+00:00,910.0,2.02,1.95,1.99,0.21000004,11.602213,7.0,4158.0,0.1492089474487304,False,REGULAR,USD,call,2027-01-15,234,745.6400146484375,1.2204280646459895,1.97,0.0203045685279188,0.6410958904109589,0.13438243300693664
SPY270115C00915000,2026-05-22 18:46:52+00:00,915.0,1.84,1.73,1.77,0.23000002,14.285715,21.0,432.0,0.1489342919921875,False,REGULAR,USD,call,2027-01-15,234,745.6400146484375,1.2271337133528355,1.75,0.0228571428571428,0.6410958904109589,0.1343950165445971
SPY270115C00920000,2026-05-18 17:28:24+00:00,920.0,1.26,1.54,1.58,0.0,0.0,1.0,236.0,0.1488427401733398,False,REGULAR,USD,call,2027-01-15,234,745.6400146484375,1.233839362059682,1.56,0.0256410256410256,0.6410958904109589,0.1345330704551114
SPY270115C00925000,2026-05-22 18:53:05+00:00,925.0,1.46,1.37,1.41,0.13,9.774435,23.0,689.0,0.1487511883544922,False,REGULAR,USD,call,2027-01-15,234,745.6400146484375,1.240545010766528,1.3900000000000001,0.028776978417266,0.6410958904109589,0.13468448209113595
SPY270115C00930000,2026-05-22 16:02:32+00:00,930.0,1.4,1.22,1.25,0.41999996,42.857136,6.0,445.0,0.1485070501708984,False,REGULAR,USD,call,2027-01-15,234,745.6400146484375,1.247250659473374,1.2349999999999999,0.0242914979757085,0.6410958904109589,0.13478949058755968
SPY270115C00935000,2026-05-22 18:40:42+00:00,935.0,1.19,1.08,1.12,0.16000009,15.53399,10.0,455.0,0.1485986019897461,False,REGULAR,USD,call,2027-01-15,234,745.6400146484375,1.2539563081802203,1.1,0.0363636363636363,0.6410958904109589,0.1349765302185242
SPY270115C00940000,2026-05-22 18:06:57+00:00,940.0,1.08,0.97,1.0,0.39000005,56.521744,2.0,283.0,0.1485986019897461,False,REGULAR,USD,call,2027-01-15,234,745.6400146484375,1.2606619568870665,0.985,0.0304568527918782,0.6410958904109589,0.13530293232735408
SPY270115C00945000,2026-05-22 19:17:47+00:00,945.0,0.89,0.87,0.9,0.20999998,30.882349,19.0,165.0,0.1488122229003906,False,REGULAR,USD,call,2027-01-15,234,745.6400146484375,1.2673676055939125,0.885,0.0338983050847457,0.6410958904109589,0.13571270258504115
SPY270115C00950000,2026-05-22 19:48:26+00:00,950.0,0.78,0.78,0.81,0.01999998,2.6315765,193.0,1560.0,0.1490563610839843,False,REGULAR,USD,call,2027-01-15,234,745.6400146484375,1.2740732543007585,0.795,0.0377358490566038,0.6410958904109589,0.13612205290087015
SPY270115C00955000,2026-05-20 15:51:31+00:00,955.0,0.63,0.7,0.73,0.0,0.0,1.0,273.0,0.1493615338134765,False,REGULAR,USD,call,2027-01-15,234,745.6400146484375,1.2807789030076049,0.715,0.0419580419580419,0.6410958904109589,0.13655869576443846
SPY270115C00960000,2026-05-21 16:01:38+00:00,960.0,0.55,0.63,0.66,0.0,0.0,3.0,5655.0,0.1496667065429687,False,REGULAR,USD,call,2027-01-15,234,745.6400146484375,1.2874845517144506,0.645,0.0465116279069767,0.6410958904109589,0.13705866921289767
SPY270115C00965000,2026-05-22 13:44:35+00:00,965.0,0.66,0.57,0.59,0.15000004,29.411772,1.0,136.0,0.1497887756347656,False,REGULAR,USD,call,2027-01-15,234,745.6400146484375,1.2941902004212968,0.58,0.0344827586206896,0.6410958904109589,0.13749186365641738
SPY270319C00525000,2026-05-06 17:54:22+00:00,525.0,227.87,238.57,242.45,0.0,0.0,3.0,542.0,0.4139768075561523,True,REGULAR,USD,call,2027-03-19,297,745.6400146484375,0.7040931142188402,240.51,0.0161323853478025,0.8136986301369863,0.25970098195369756
SPY270319C00530000,2026-04-16 13:37:54+00:00,530.0,195.58,233.99,237.87,0.0,0.0,5.0,8.0,0.4089719747924804,True,REGULAR,USD,call,2027-03-19,297,745.6400146484375,0.7107987629256863,235.93,0.0164455558852201,0.8136986301369863,0.2586603104063976
SPY270319C00535000,2026-05-15 13:54:25+00:00,535.0,226.97,229.42,233.3,0.0,0.0,4.0,24.0,0.4039976593017578,True,REGULAR,USD,call,2027-03-19,297,745.6400146484375,0.7175044116325324,231.36,0.0167704011065007,0.8136986301369863,0.25750117062688066
SPY270319C00540000,2026-05-15 17:56:05+00:00,540.0,224.15,224.86,228.74,0.0,0.0,1.0,45.0,0.3990538610839844,True,REGULAR,USD,call,2027-03-19,297,745.6400146484375,0.7242100603393785,226.8,0.0171075837742504,0.8136986301369863,0.2562303743046976
SPY270319C00545000,2026-05-18 14:37:27+00:00,545.0,214.25,220.31,224.19,0.0,0.0,1.0,8.0,0.3941405801391602,True,REGULAR,USD,call,2027-03-19,297,745.6400146484375,0.7309157090462246,222.25,0.0174578177727783,0.8136986301369863,0.25485333053163456
SPY270319C00550000,2026-05-22 17:47:38+00:00,550.0,219.25,215.77,219.65,5.2100067,2.4341276,5.0,637.0,0.3892578164672852,True,REGULAR,USD,call,2027-03-19,297,745.6400146484375,0.7376213577530707,217.71,0.0178218731339855,0.8136986301369863,0.2533754819774902
SPY270319C00555000,2026-05-22 14:47:55+00:00,555.0,213.14,211.26,215.14,7.630005,3.712717,1.0,46.0,0.3845123805236816,True,REGULAR,USD,call,2027-03-19,297,745.6400146484375,0.7443270064599168,213.2,0.0181988742964352,0.8136986301369863,0.25205148258332666
SPY270319C00560000,2026-05-22 14:47:55+00:00,560.0,208.62,206.75,210.63,3.0299988,1.4738065,1.0,494.0,0.3797364273071288,True,REGULAR,USD,call,2027-03-19,297,745.6400146484375,0.7510326551667629,208.69,0.0185921702046096,0.8136986301369863,0.2504926628142389
SPY270319C00565000,2026-05-19 13:57:41+00:00,565.0,194.73,202.25,206.13,0.0,0.0,4.0,60.0,0.3749604740905761,True,REGULAR,USD,call,2027-03-19,297,745.6400146484375,0.757738303873609,204.19,0.0190019099857975,0.8136986301369863,0.24883473837767306
SPY270319C00570000,2026-05-18 19:33:16+00:00,570.0,190.67,197.78,201.66,0.0,0.0,1.0,56.0,0.3703218486022949,True,REGULAR,USD,call,2027-03-19,297,745.6400146484375,0.764443952580455,199.72,0.0194271980773082,0.8136986301369863,0.24729955920786562
SPY270319C00575000,2026-05-22 17:31:28+00:00,575.0,197.5,193.32,197.2,15.279999,8.385468,10.0,43.0,0.3656832231140136,True,REGULAR,USD,call,2027-03-19,297,745.6400146484375,0.7711496012873011,195.26,0.0198709413090238,0.8136986301369863,0.24565457229316437
SPY270319C00580000,2026-05-12 14:38:11+00:00,580.0,181.52,188.87,192.75,0.0,0.0,2.0,34.0,0.361059856262207,True,REGULAR,USD,call,2027-03-19,297,745.6400146484375,0.7778552499941473,190.81,0.0203343640270425,0.8136986301369863,0.24390529552673432
SPY270319C00585000,2026-05-22 15:49:12+00:00,585.0,187.4,184.45,188.33,5.699997,3.1370375,1.0,31.0,0.3565432998657226,True,REGULAR,USD,call,2027-03-19,297,745.6400146484375,0.7845608987009934,186.39,0.0208165674124149,0.8136986301369863,0.24224654071634538
SPY270319C00590000,2026-05-22 15:49:12+00:00,590.0,182.99,180.04,183.92,19.990005,12.263807,1.0,75.0,0.3520114848327636,True,REGULAR,USD,call,2027-03-19,297,745.6400146484375,0.7912665474078395,181.98,0.0213210242883833,0.8136986301369863,0.24047644668164772
SPY270319C00595000,2026-05-18 15:49:18+00:00,595.0,169.9,175.65,179.53,0.0,0.0,2.0,87.0,0.347540704345703,True,REGULAR,USD,call,2027-03-19,297,745.6400146484375,0.7979721961146856,177.59,0.0218480770313643,0.8136986301369863,0.23868838309205542
SPY270319C00600000,2026-05-22 15:49:11+00:00,600.0,174.22,171.28,175.16,3.0599976,1.7877994,1.0,490.0,0.3431004411315917,True,REGULAR,USD,call,2027-03-19,297,745.6400146484375,0.8046778448215317,173.22,0.0223992610553053,0.8136986301369863,0.2368759482628563
SPY270319C00605000,2026-05-22 15:49:12+00:00,605.0,169.95,166.93,170.81,5.949997,3.6280468,3.0,46.0,0.3386983245086669,True,REGULAR,USD,call,2027-03-19,297,745.6400146484375,0.8113834935283778,168.87,0.0229762539231361,0.8136986301369863,0.23503421210111564
SPY270319C00610000,2026-05-18 15:30:07+00:00,610.0,155.67,162.6,166.48,0.0,0.0,1.0,400.0,0.3343267251586914,True,REGULAR,USD,call,2027-03-19,297,745.6400146484375,0.8180891422352239,164.54,0.0235808921842712,0.8136986301369863,0.2331585053311744
SPY270319C00615000,2026-05-20 19:46:54+00:00,615.0,156.35,158.3,162.18,0.0,0.0,2.0,38.0,0.3300390483093261,True,REGULAR,USD,call,2027-03-19,297,745.6400146484375,0.82479479094207,160.24,0.0242136794807788,0.8136986301369863,0.23132050552969924
SPY270319C00620000,2026-05-22 19:40:38+00:00,620.0,155.0,154.01,157.89,2.0,1.3071896,1.0,148.0,0.3257208541870117,True,REGULAR,USD,call,2027-03-19,297,745.6400146484375,0.8315004396489161,155.95,0.0248797691567809,0.8136986301369863,0.22936330198081162
SPY270319C00625000,2026-05-22 14:49:29+00:00,625.0,151.69,149.75,153.63,2.9900055,2.0107636,5.0,675.0,0.3214636946105957,True,REGULAR,USD,call,2027-03-19,297,745.6400146484375,0.8382060883557622,151.69,0.0255784824312742,0.8136986301369863,0.22743178585204063
SPY270319C00630000,2026-05-22 19:17:03+00:00,630.0,149.14,145.51,149.34,5.6399994,3.930313,4.0,154.0,0.3169776554870605,True,REGULAR,USD,call,2027-03-19,297,745.6400146484375,0.8449117370626082,147.425,0.0259793115143294,0.8136986301369863,0.22527881264971716
SPY270319C00635000,2026-05-22 18:26:13+00:00,635.0,144.27,141.3,145.18,11.62001,8.759902,4.0,184.0,0.3130409272766113,True,REGULAR,USD,call,2027-03-19,297,745.6400146484375,0.8516173857694543,143.24,0.027087405752583,0.8136986301369863,0.22347463703032713
SPY270319C00640000,2026-05-22 18:26:10+00:00,640.0,140.07,137.3,140.9,3.4200134,2.5027542,5.0,389.0,0.3084328190612792,True,REGULAR,USD,call,2027-03-19,297,745.6400146484375,0.8583230344763004,139.10000000000002,0.02588066139468,0.8136986301369863,0.22175637803434542
SPY270319C00645000,2026-05-22 13:36:32+00:00,645.0,135.5,132.95,136.83,4.6799927,3.5774286,1.0,107.0,0.3047097117614746,True,REGULAR,USD,call,2027-03-19,297,745.6400146484375,0.8650286831831465,134.89,0.0287641782192899,0.8136986301369863,0.21940506705557244
SPY270319C00650000,2026-05-21 17:14:55+00:00,650.0,125.75,128.81,132.69,0.0,0.0,2.0,1166.0,0.3005593626403808,True,REGULAR,USD,call,2027-03-19,297,745.6400146484375,0.8717343318899926,130.75,0.0296749521988527,0.8136986301369863,0.21730125768431588
SPY270319C00655000,2026-05-20 16:44:59+00:00,655.0,122.0,124.71,128.59,0.0,0.0,3.0,567.0,0.2964929360198974,True,REGULAR,USD,call,2027-03-19,297,745.6400146484375,0.8784399805968387,126.65,0.0306356099486775,0.8136986301369863,0.21524283908071823
SPY270319C00660000,2026-05-22 18:39:31+00:00,660.0,123.55,120.63,124.46,7.550003,6.508623,1.0,872.0,0.2921823712158202,True,REGULAR,USD,call,2027-03-19,297,745.6400146484375,0.8851456293036849,122.54499999999999,0.0312538251254641,0.8136986301369863,0.2129668169377157
SPY270319C00665000,2026-05-22 17:28:32+00:00,665.0,120.0,116.58,120.46,7.9300003,7.075935,1.0,316.0,0.2883295655059813,True,REGULAR,USD,call,2027-03-19,297,745.6400146484375,0.891851278010531,118.52,0.0327370907863651,0.8136986301369863,0.21094556027323924
SPY270319C00670000,2026-05-22 19:22:16+00:00,670.0,114.88,112.57,116.45,3.290001,2.948294,3.0,228.0,0.2843241734313964,True,REGULAR,USD,call,2027-03-19,297,745.6400146484375,0.8985569267173771,114.50999999999999,0.0338835036241377,0.8136986301369863,0.20880698604192022
SPY270319C00675000,2026-05-22 16:23:22+00:00,675.0,111.55,108.58,112.46,5.970001,5.654481,16.0,767.0,0.2802730054473876,True,REGULAR,USD,call,2027-03-19,297,745.6400146484375,0.9052625754242232,110.52,0.0351067680057907,0.8136986301369863,0.20657782575699538
SPY270319C00680000,2026-05-22 15:50:40+00:00,680.0,107.76,104.67,108.39,2.130005,2.0164773,3.0,3031.0,0.2757717076873779,True,REGULAR,USD,call,2027-03-19,297,745.6400146484375,0.9119682241310691,106.53,0.0349197409180512,0.8136986301369863,0.20415793299285984
SPY270319C00685000,2026-05-22 15:49:08+00:00,685.0,103.75,100.71,104.59,6.4800034,6.6618724,2.0,1064.0,0.272269850616455,True,REGULAR,USD,call,2027-03-19,297,745.6400146484375,0.9186738728379154,102.65,0.0377983438869947,0.8136986301369863,0.20209026889780726
SPY270319C00690000,2026-05-22 20:06:23+00:00,690.0,97.68,96.86,100.66,1.2200012,1.2647742,5.0,1213.0,0.268088984222412,True,REGULAR,USD,call,2027-03-19,297,745.6400146484375,0.9253795215447614,98.75999999999999,0.0384771162413932,0.8136986301369863,0.1997691518204299
SPY270319C00695000,2026-05-22 15:49:06+00:00,695.0,96.02,93.02,96.65,10.989998,12.924847,4.0,785.0,0.2634579880523682,True,REGULAR,USD,call,2027-03-19,297,745.6400146484375,0.9320851702516076,94.83500000000001,0.0382770074339643,0.8136986301369863,0.19708767768468197
SPY270319C00700000,2026-05-22 16:30:07+00:00,700.0,92.22,89.22,92.86,3.5299988,3.9801543,1.0,1746.0,0.2595746650695801,True,REGULAR,USD,call,2027-03-19,297,745.6400146484375,0.9387908189584536,91.03999999999999,0.0399824253075571,0.8136986301369863,0.19481253273003593
SPY270319C00705000,2026-05-22 18:20:16+00:00,705.0,88.27,85.44,89.32,3.2799988,3.8592763,12.0,1457.0,0.2565305670928955,True,REGULAR,USD,call,2027-03-19,297,745.6400146484375,0.9454964676652996,87.38,0.0444037537193865,0.8136986301369863,0.19293052939867128
SPY270319C00710000,2026-05-22 18:22:58+00:00,710.0,84.7,82.47,85.61,3.3299942,4.09241,1.0,1047.0,0.2526472441101074,True,REGULAR,USD,call,2027-03-19,297,745.6400146484375,0.9522021163721458,84.03999999999999,0.0373631603998096,0.8136986301369863,0.1922137228984899
SPY270319C00715000,2026-05-22 14:21:12+00:00,715.0,80.46,78.06,81.94,2.790001,3.5921216,5.0,1181.0,0.2487639211273193,True,REGULAR,USD,call,2027-03-19,297,745.6400146484375,0.958907765078992,80.0,0.0484999999999999,0.8136986301369863,0.18822923646266282
SPY270319C00720000,2026-05-22 18:20:23+00:00,720.0,77.37,74.45,78.33,5.220001,7.2349286,13.0,770.0,0.2449340033721924,True,REGULAR,USD,call,2027-03-19,297,745.6400146484375,0.965613413785838,76.39,0.0507919884801675,0.8136986301369863,0.18589010606800316
SPY270319C00725000,2026-05-22 19:44:12+00:00,725.0,73.05,71.15,74.37,2.0200043,2.843875,17.0,678.0,0.2396011099243163,True,REGULAR,USD,call,2027-03-19,297,745.6400146484375,0.972319062492684,72.76,0.0442550852116547,0.8136986301369863,0.18324329258849517
SPY270319C00730000,2026-05-22 17:15:56+00:00,730.0,70.12,67.7,71.27,5.25,8.093109,6.0,710.0,0.2373657196807861,True,REGULAR,USD,call,2027-03-19,297,745.6400146484375,0.9790247111995302,69.485,0.0513779952507734,0.8136986301369863,0.18181486546293282
SPY270319C00735000,2026-05-22 17:11:55+00:00,735.0,67.18,63.96,67.84,2.8799973,4.4790006,2.0,3702.0,0.2336731296539306,True,REGULAR,USD,call,2027-03-19,297,745.6400146484375,0.9857303599063764,65.9,0.0588770864946889,0.8136986301369863,0.17888377284564838
SPY270319C00740000,2026-05-22 16:48:11+00:00,740.0,63.81,61.12,64.15,3.800003,6.3322835,38.0,837.0,0.2288056246185303,True,REGULAR,USD,call,2027-03-19,297,745.6400146484375,0.9924360086132225,62.635000000000005,0.0483755089007744,0.8136986301369863,0.1769862090309169
SPY270319C00745000,2026-05-22 18:38:07+00:00,745.0,59.78,57.3,59.72,2.2799988,3.9652154,14.0,1877.0,0.2209855734252929,True,REGULAR,USD,call,2027-03-19,297,745.6400146484375,0.9991416573200684,58.51,0.0413604512049222,0.8136986301369863,0.17148190597940205
SPY270319C00750000,2026-05-22 19:52:56+00:00,750.0,55.82,54.48,56.35,1.3899994,2.5537376,44.0,1951.0,0.2169115174865722,False,REGULAR,USD,call,2027-03-19,297,745.6400146484375,1.0058473060269146,55.415,0.033745375800776,0.8136986301369863,0.16975248745022473
SPY270319C00755000,2026-05-22 18:56:50+00:00,755.0,53.53,51.47,54.3,4.3600006,8.867197,4.0,1998.0,0.2175142336273193,False,REGULAR,USD,call,2027-03-19,297,745.6400146484375,1.0125529547337606,52.885,0.0535123380920865,0.8136986301369863,0.1698930564625068
SPY270319C00760000,2026-05-22 17:29:17+00:00,760.0,51.14,48.42,51.11,3.4300003,7.1892695,1.0,4384.0,0.2136385399627685,False,REGULAR,USD,call,2027-03-19,297,745.6400146484375,1.0192586034406068,49.765,0.054054054054054,0.8136986301369863,0.1674875904505651
SPY270319C00765000,2026-05-22 19:24:02+00:00,765.0,47.04,46.84,46.95,1.7600021,3.8869307,74.0,2554.0,0.2059100405883788,False,REGULAR,USD,call,2027-03-19,297,745.6400146484375,1.0259642521474528,46.895,0.0023456658492376,0.8136986301369863,0.1657393947588334
SPY270319C00770000,2026-05-22 19:33:20+00:00,770.0,43.99,43.97,44.08,2.2200012,5.314822,54.0,2648.0,0.2027057269287109,False,REGULAR,USD,call,2027-03-19,297,745.6400146484375,1.032669900854299,44.025,0.0024985803520726,0.8136986301369863,0.16369424385847242
SPY270319C00775000,2026-05-22 19:33:00+00:00,775.0,41.21,41.19,41.3,2.079998,5.3156095,79.0,7217.0,0.1995700771331787,False,REGULAR,USD,call,2027-03-19,297,745.6400146484375,1.0393755495611452,41.245,0.0026669899381743,0.8136986301369863,0.161682753836227
SPY270319C00780000,2026-05-22 19:42:27+00:00,780.0,38.3,38.52,38.63,2.3400002,6.5072308,56.0,3096.0,0.1965564964294433,False,REGULAR,USD,call,2027-03-19,297,745.6400146484375,1.0460811982679912,38.575,0.0028515878159429,0.8136986301369863,0.1597705857848312
SPY270319C00785000,2026-05-22 20:06:21+00:00,785.0,35.86,35.95,36.06,3.1900024,9.7643175,117.0,1801.0,0.1936268382263183,False,REGULAR,USD,call,2027-03-19,297,745.6400146484375,1.0527868469748374,36.005,0.0030551312317733,0.8136986301369863,0.15791277794897615
SPY270319C00790000,2026-05-22 18:47:35+00:00,790.0,34.13,33.49,33.6,4.2300014,14.147162,7.0,1649.0,0.1908116197967529,False,REGULAR,USD,call,2027-03-19,297,745.6400146484375,1.0594924956816834,33.545,0.0032791772246236,0.8136986301369863,0.1561397669585412
SPY270319C00795000,2026-05-22 14:42:19+00:00,795.0,31.45,31.14,31.24,2.0500011,6.9727926,4.0,4280.0,0.1880726945495605,False,REGULAR,USD,call,2027-03-19,297,745.6400146484375,1.0661981443885296,31.189999999999998,0.0032061558191727,0.8136986301369863,0.15442756982978986
SPY270319C00800000,2026-05-22 19:36:50+00:00,800.0,29.01,28.9,29.0,2.630001,9.969679,79.0,15612.0,0.1854787263488769,False,REGULAR,USD,call,2027-03-19,297,745.6400146484375,1.0729037930953755,28.95,0.003454231433506,0.8136986301369863,0.15281038420345408
SPY270319C00805000,2026-05-22 18:26:00+00:00,805.0,27.48,26.77,26.86,3.789999,15.998307,14.0,1719.0,0.1829457926940917,False,REGULAR,USD,call,2027-03-19,297,745.6400146484375,1.0796094418022215,26.814999999999998,0.0033563304120827,0.8136986301369863,0.15124794417270526
SPY270319C00810000,2026-05-22 19:47:20+00:00,810.0,24.58,24.76,24.85,2.83,13.011495,5.0,1561.0,0.1806035919952392,False,REGULAR,USD,call,2027-03-19,297,745.6400146484375,1.0863150905090675,24.805,0.0036283007458173,0.8136986301369863,0.1498172754274603
SPY270319C00815000,2026-05-22 17:27:59+00:00,815.0,23.7,22.85,22.94,2.08,9.620721,2.0,1842.0,0.1783300551605225,False,REGULAR,USD,call,2027-03-19,297,745.6400146484375,1.093020739215914,22.895000000000003,0.0039309892989735,0.8136986301369863,0.14842341310596918
SPY270319C00820000,2026-05-22 20:06:21+00:00,820.0,21.04,21.07,21.16,1.4800014,7.56647,156.0,24718.0,0.1762472512817383,False,REGULAR,USD,call,2027-03-19,297,745.6400146484375,1.09972638792276,21.115000000000002,0.0042623727208145,0.8136986301369863,0.14718917093869693
SPY270319C00825000,2026-05-22 16:12:55+00:00,825.0,20.18,19.39,19.47,2.9799995,17.325579,499.0,1530.0,0.1742025939941406,False,REGULAR,USD,call,2027-03-19,297,745.6400146484375,1.106432036629606,19.43,0.004117344312918,0.8136986301369863,0.14598169188783247
SPY270319C00830000,2026-05-22 19:37:31+00:00,830.0,17.89,17.82,17.91,2.1999998,14.021669,27.0,2006.0,0.1723715576171875,False,REGULAR,USD,call,2027-03-19,297,745.6400146484375,1.113137685336452,17.865000000000002,0.0050377833753148,0.8136986301369863,0.1449108659697869
SPY270319C00835000,2026-05-22 17:28:14+00:00,835.0,17.31,16.36,16.44,2.1999998,14.559894,328.0,965.0,0.1706015557861328,False,REGULAR,USD,call,2027-03-19,297,745.6400146484375,1.1198433340432985,16.4,0.0048780487804879,0.8136986301369863,0.14390510966599876
SPY270319C00840000,2026-05-22 20:07:45+00:00,840.0,14.98,15.01,15.09,1.2299995,8.945451,60.0,2054.0,0.1690222869110107,False,REGULAR,USD,call,2027-03-19,297,745.6400146484375,1.1265489827501445,15.05,0.0053156146179402,0.8136986301369863,0.14304337167058356
SPY270319C00845000,2026-05-22 19:34:37+00:00,845.0,13.75,13.75,13.83,1.1700001,9.300478,2.0,330.0,0.167526940536499,False,REGULAR,USD,call,2027-03-19,297,745.6400146484375,1.1332546314569905,13.79,0.005801305293691,0.8136986301369863,0.14223145339822635
SPY270319C00850000,2026-05-22 19:59:31+00:00,850.0,12.7,12.59,12.66,1.1999998,10.434781,58.0,2219.0,0.1661307752990723,False,REGULAR,USD,call,2027-03-19,297,745.6400146484375,1.1399602801638364,12.625,0.0055445544554455,0.8136986301369863,0.14150779213525463
SPY270319C00855000,2026-05-21 18:55:52+00:00,855.0,10.16,11.51,11.58,0.0,0.0,1.0,1200.0,0.1648414205169678,False,REGULAR,USD,call,2027-03-19,297,745.6400146484375,1.1466659288706826,11.545,0.0060632308358597,0.8136986301369863,0.14084356412151372
SPY270319C00860000,2026-05-22 20:08:45+00:00,860.0,10.49,10.51,10.58,0.8999996,9.384771,55.0,10005.0,0.1636283589172363,False,REGULAR,USD,call,2027-03-19,297,745.6400146484375,1.1533715775775288,10.545,0.0066382171645329,0.8136986301369863,0.14023158385231943
SPY270319C00865000,2026-05-18 17:10:06+00:00,865.0,8.15,9.59,9.66,0.0,0.0,16.0,2818.0,0.1625221077728271,False,REGULAR,USD,call,2027-03-19,297,745.6400146484375,1.1600772262843748,9.625,0.0072727272727273,0.8136986301369863,0.139691947702311
SPY270319C00870000,2026-05-21 19:42:03+00:00,870.0,7.94,8.74,8.81,0.0,0.0,95.0,2765.0,0.1614768911743164,False,REGULAR,USD,call,2027-03-19,297,745.6400146484375,1.166782874991221,8.775,0.007977207977208,0.8136986301369863,0.13919255556086654
SPY270319C00875000,2026-05-22 19:59:45+00:00,875.0,7.98,7.96,8.03,0.6999998,9.615382,9.0,4987.0,0.1605308557128906,False,REGULAR,USD,call,2027-03-19,297,745.6400146484375,1.173488523698067,7.994999999999999,0.0087554721701062,0.8136986301369863,0.13875463709051222
SPY270319C00880000,2026-05-22 19:45:05+00:00,880.0,7.19,7.24,7.3,0.5799999,8.774582,2.0,4679.0,0.1595543029785156,False,REGULAR,USD,call,2027-03-19,297,745.6400146484375,1.1801941724049132,7.27,0.0082530949105914,0.8136986301369863,0.1383111257951521
SPY270319C00885000,2026-05-21 18:24:36+00:00,885.0,6.08,6.58,6.64,0.0,0.0,1.0,1632.0,0.1587150779724121,False,REGULAR,USD,call,2027-03-19,297,745.6400146484375,1.1868998211117592,6.609999999999999,0.0090771558245082,0.8136986301369863,0.1379434326711352
SPY270319C00890000,2026-05-22 16:20:33+00:00,890.0,6.32,5.96,6.03,0.89000034,16.39043,95.0,1547.0,0.1578911116027831,False,REGULAR,USD,call,2027-03-19,297,745.6400146484375,1.1936054698186054,5.995,0.0116763969974979,0.8136986301369863,0.13754574310149853
SPY270319C00895000,2026-05-18 13:30:00+00:00,895.0,5.25,5.41,5.47,0.0,0.0,30.0,1533.0,0.1571281797790527,False,REGULAR,USD,call,2027-03-19,297,745.6400146484375,1.2003111185254514,5.4399999999999995,0.0110294117647058,0.8136986301369863,0.1372399461582392
SPY270319C00900000,2026-05-22 20:14:20+00:00,900.0,4.9,4.89,4.95,0.93000007,23.425694,93.0,2531.0,0.156334730682373,False,REGULAR,USD,call,2027-03-19,297,745.6400146484375,1.2070167672322976,4.92,0.0121951219512196,0.8136986301369863,0.13687104500923544
SPY270319C00905000,2026-05-21 19:51:06+00:00,905.0,3.99,4.43,4.48,0.0,0.0,5.0,2281.0,0.1556480920410156,False,REGULAR,USD,call,2027-03-19,297,745.6400146484375,1.2137224159391435,4.455,0.011223344556678,0.8136986301369863,0.13661015959805872
SPY270319C00910000,2026-05-21 14:01:12+00:00,910.0,3.45,4.0,4.06,0.0,0.0,22.0,2169.0,0.1550682638549805,False,REGULAR,USD,call,2027-03-19,297,745.6400146484375,1.2204280646459895,4.029999999999999,0.0148883374689825,0.8136986301369863,0.13636988382736737
SPY270319C00915000,2026-05-22 19:06:44+00:00,915.0,3.7,3.62,3.67,1.1200001,43.41086,10.0,344.0,0.1544731770324707,False,REGULAR,USD,call,2027-03-19,297,745.6400146484375,1.2271337133528355,3.645,0.0137174211248284,0.8136986301369863,0.13617568334974478
SPY270319C00920000,2026-05-14 15:40:39+00:00,920.0,4.74,3.27,3.32,0.0,0.0,4.0,418.0,0.1539696420288085,False,REGULAR,USD,call,2027-03-19,297,745.6400146484375,1.233839362059682,3.295,0.015174506828528,0.8136986301369863,0.13601005836644392
SPY270319C00925000,2026-05-21 16:40:18+00:00,925.0,2.4,2.95,3.0,0.0,0.0,2.0,406.0,0.1534813656616211,False,REGULAR,USD,call,2027-03-19,297,745.6400146484375,1.240545010766528,2.975,0.0168067226890755,0.8136986301369863,0.1358491752534424
SPY270319C00930000,2026-05-15 16:02:09+00:00,930.0,2.86,2.67,2.71,0.0,0.0,1.0,376.0,0.1530236065673828,False,REGULAR,USD,call,2027-03-19,297,745.6400146484375,1.247250659473374,2.69,0.0148698884758364,0.8136986301369863,0.13577219834193355
SPY270319C00935000,2026-05-06 15:43:03+00:00,935.0,1.79,2.41,2.46,0.0,0.0,2.0,58.0,0.152779468383789,False,REGULAR,USD,call,2027-03-19,297,745.6400146484375,1.2539563081802203,2.435,0.0205338809034906,0.8136986301369863,0.1357603747015787
SPY270319C00940000,2026-05-18 17:35:02+00:00,940.0,1.84,2.18,2.22,0.0,0.0,2.0,34.0,0.1524132611083984,False,REGULAR,USD,call,2027-03-19,297,745.6400146484375,1.2606619568870665,2.2,0.0181818181818181,0.8136986301369863,0.1357231742719556
SPY270319C00945000,2026-05-13 19:18:20+00:00,945.0,2.42,1.97,2.01,0.0,0.0,2.0,194.0,0.1521691229248047,False,REGULAR,USD,call,2027-03-19,297,745.6400146484375,1.2673676055939125,1.9899999999999998,0.0201005025125627,0.8136986301369863,0.13574611407458476
SPY270319C00950000,2026-05-22 19:21:47+00:00,950.0,1.84,1.8,1.83,0.38,26.027397,2.0,1205.0,0.1521080883789062,False,REGULAR,USD,call,2027-03-19,297,745.6400146484375,1.2740732543007585,1.815,0.0165289256198347,0.8136986301369863,0.13600891740954582
SPY270319C00955000,2026-05-18 15:56:57+00:00,955.0,1.44,1.62,1.66,0.0,0.0,2.0,40.0,0.1519860192871094,False,REGULAR,USD,call,2027-03-19,297,745.6400146484375,1.2807789030076049,1.6400000000000001,0.0243902439024389,0.8136986301369863,0.1360420423786731
SPY270319C00960000,2026-05-22 17:23:20+00:00,960.0,1.6,1.47,1.51,0.5400001,50.943405,2.0,58.0,0.1519249847412109,False,REGULAR,USD,call,2027-03-19,297,745.6400146484375,1.2874845517144506,1.49,0.0268456375838926,0.8136986301369863,0.13623126701364593
SPY270319C00965000,2026-05-15 14:18:54+00:00,965.0,1.63,1.34,1.37,0.0,0.0,39.0,53.0,0.1518639501953125,False,REGULAR,USD,call,2027-03-19,297,745.6400146484375,1.2941902004212968,1.355,0.022140221402214,0.8136986301369863,0.13645457486861257
SPY270331C00525000,2026-05-01 13:39:26+00:00,525.0,219.11,238.83,242.71,0.0,0.0,1.0,1.0,0.4076749906921387,True,REGULAR,USD,call,2027-03-31,309,745.6400146484375,0.7040931142188402,240.77,0.0161149644889313,0.8465753424657534,0.2481150042523999
SPY270331C00540000,2026-04-22 15:03:27+00:00,540.0,194.75,225.15,229.03,0.0,0.0,1.0,1.0,0.3931487687683105,True,REGULAR,USD,call,2027-03-31,309,745.6400146484375,0.7242100603393785,227.09,0.0170857369324937,0.8465753424657534,0.24611487849986954
SPY270331C00545000,2026-04-17 16:01:25+00:00,545.0,191.54,220.62,224.5,0.0,0.0,1.0,1.0,0.3884262207794189,True,REGULAR,USD,call,2027-03-31,309,745.6400146484375,0.7309157090462246,222.56,0.0174335010783608,0.8465753424657534,0.2452866996950193
SPY270331C00550000,2026-05-06 19:35:38+00:00,550.0,207.55,216.1,219.98,0.0,0.0,1.0,15.0,0.3837189314270019,True,REGULAR,USD,call,2027-03-31,309,745.6400146484375,0.7376213577530707,218.04,0.0177949000183452,0.8465753424657534,0.24430991027294433
SPY270331C00555000,2026-05-01 14:56:42+00:00,555.0,193.12,211.59,215.47,0.0,0.0,1.0,1.0,0.3790421593475341,True,REGULAR,USD,call,2027-03-31,309,745.6400146484375,0.7443270064599168,213.53,0.0181707488409122,0.8465753424657534,0.24319511396938595
SPY270331C00560000,2026-04-29 13:58:40+00:00,560.0,177.75,207.09,210.97,0.0,0.0,1.0,1.0,0.3743730165863036,True,REGULAR,USD,call,2027-03-31,309,745.6400146484375,0.7510326551667629,209.03,0.0185619289097258,0.8465753424657534,0.24195199098072817
SPY270331C00570000,2026-05-11 14:17:54+00:00,570.0,194.29,198.15,202.03,0.0,0.0,1.0,7.0,0.3652559812927246,True,REGULAR,USD,call,2027-03-31,309,745.6400146484375,0.764443952580455,200.09,0.0193912739267329,0.8465753424657534,0.23944160849223292
SPY270331C00575000,2026-04-29 18:52:28+00:00,575.0,164.38,193.7,197.58,0.0,0.0,1.0,7.0,0.3607241662597655,True,REGULAR,USD,call,2027-03-31,309,745.6400146484375,0.7711496012873011,195.64,0.0198323451236967,0.8465753424657534,0.23805217429404613
SPY270331C00585000,2026-04-14 14:55:46+00:00,585.0,140.05,178.62,182.0,0.0,0.0,,1.0,0.3134910570526122,True,REGULAR,USD,call,2027-03-31,309,745.6400146484375,0.7845608987009934,180.31,0.0187454938716654,0.8465753424657534,0.12433530572651018
SPY270331C00590000,2026-05-22 18:27:07+00:00,590.0,183.24,180.47,184.35,24.65001,15.543231,1.0,3.0,0.3474796697998046,True,REGULAR,USD,call,2027-03-31,309,745.6400146484375,0.7912665474078395,182.41,0.0212707636642727,0.8465753424657534,0.23374176764131535
SPY270331C00592000,2026-04-16 17:01:30+00:00,592.0,142.73,178.71,182.59,0.0,0.0,2.0,1.0,0.3456944093322753,True,REGULAR,USD,call,2027-03-31,309,745.6400146484375,0.7939488068905779,180.65,0.0214779961251037,0.8465753424657534,0.23305885908574359
SPY270331C00593000,2026-04-16 14:05:59+00:00,593.0,141.6,177.84,181.72,0.0,0.0,,1.0,0.3448551843261719,True,REGULAR,USD,call,2027-03-31,309,745.6400146484375,0.7952899366319471,179.78,0.0215819334742462,0.8465753424657534,0.23279462100565904
SPY270331C00594000,2026-04-16 15:31:42+00:00,594.0,141.75,176.96,180.84,0.0,0.0,,1.0,0.3439549247741699,True,REGULAR,USD,call,2027-03-31,309,745.6400146484375,0.7966310663733164,178.9,0.0216880939072107,0.8465753424657534,0.23243287059028503
SPY270331C00595000,2026-05-22 18:30:56+00:00,595.0,178.99,176.09,179.97,43.450012,32.05697,1.0,1.0,0.3431004411315917,True,REGULAR,USD,call,2027-03-31,309,745.6400146484375,0.7979721961146856,178.03,0.0217940796494972,0.8465753424657534,0.23215106605611302
SPY270331C00597000,2026-05-06 18:33:00+00:00,597.0,165.89,174.35,178.23,0.0,0.0,,3.0,0.3413991031646729,True,REGULAR,USD,call,2027-03-31,309,745.6400146484375,0.800654455597424,176.29,0.0220091894038232,0.8465753424657534,0.2315607980772499
SPY270331C00598000,2026-05-22 18:30:56+00:00,598.0,176.35,173.47,177.35,7.1399994,4.2196083,1.0,1.0,0.3404912142944336,True,REGULAR,USD,call,2027-03-31,309,745.6400146484375,0.8019955853387932,175.41,0.0221196054956957,0.8465753424657534,0.2311672736850537
SPY270331C00599000,2026-05-12 18:57:50+00:00,599.0,167.3,172.6,176.48,0.0,0.0,3.0,3.0,0.3396291013336181,True,REGULAR,USD,call,2027-03-31,309,745.6400146484375,0.8033367150801625,174.54,0.0222298613498338,0.8465753424657534,0.2308513198402656
SPY270331C00600000,2026-05-22 17:57:44+00:00,600.0,175.0,171.74,174.0,5.25,3.0927835,3.0,29.0,0.3302908158111572,True,REGULAR,USD,call,2027-03-31,309,745.6400146484375,0.8046778448215317,172.87,0.0130734077630588,0.8465753424657534,0.2236634958774572
SPY270331C00601000,2026-05-08 19:37:27+00:00,601.0,165.94,170.87,174.75,0.0,0.0,1.0,12.0,0.3379506513214111,True,REGULAR,USD,call,2027-03-31,309,745.6400146484375,0.806018974562901,172.81,0.0224524043747468,0.8465753424657534,0.2302778615186677
SPY270331C00602000,2026-05-06 19:54:55+00:00,602.0,162.93,170.0,173.88,0.0,0.0,7.0,7.0,0.3370885383605957,True,REGULAR,USD,call,2027-03-31,309,745.6400146484375,0.8073601043042701,171.94,0.0225660113993253,0.8465753424657534,0.22993658478824017
SPY270331C00603000,2026-04-23 19:40:43+00:00,603.0,140.77,169.13,173.01,0.0,0.0,,1.0,0.3362187960815429,True,REGULAR,USD,call,2027-03-31,309,745.6400146484375,0.8087012340456393,171.07,0.0226807739521832,0.8465753424657534,0.22958735207601594
SPY270331C00604000,2026-04-22 15:04:24+00:00,604.0,139.42,168.27,172.15,0.0,0.0,1.0,1.0,0.335394829711914,True,REGULAR,USD,call,2027-03-31,309,745.6400146484375,0.8100423637870086,170.21,0.0227953704247693,0.8465753424657534,0.22931157364778687
SPY270331C00605000,2026-05-08 14:25:11+00:00,605.0,162.54,167.4,171.28,0.0,0.0,7.0,7.0,0.3345174581146239,True,REGULAR,USD,call,2027-03-31,309,745.6400146484375,0.8113834935283778,169.34,0.0229124837604818,0.8465753424657534,0.22894616103095763
SPY270331C00607000,2026-04-24 18:17:27+00:00,607.0,138.8,165.67,169.55,0.0,0.0,1.0,1.0,0.3328008615112304,True,REGULAR,USD,call,2027-03-31,309,745.6400146484375,0.8140657530111162,167.61,0.023148976791361,0.8465753424657534,0.2282721030881037
SPY270331C00608000,2026-05-06 14:21:34+00:00,608.0,154.23,164.81,168.69,0.0,0.0,1.0,2.0,0.3319692658233643,True,REGULAR,USD,call,2027-03-31,309,745.6400146484375,0.8154068827524854,166.75,0.0232683658170914,0.8465753424657534,0.22796248394925123
SPY270331C00609000,2026-05-13 17:54:18+00:00,609.0,165.03,163.95,167.83,0.0,0.0,1.0,1.0,0.331137670135498,True,REGULAR,USD,call,2027-03-31,309,745.6400146484375,0.8167480124938546,165.89,0.0233889927060101,0.8465753424657534,0.22764440224846233
SPY270331C00610000,2026-05-15 18:36:46+00:00,610.0,162.0,163.09,166.97,0.0,0.0,4.0,8.0,0.3302908158111572,True,REGULAR,USD,call,2027-03-31,309,745.6400146484375,0.8180891422352239,165.03,0.0235108768102768,0.8465753424657534,0.22731748324406242
SPY270331C00611000,2026-05-14 14:50:21+00:00,611.0,167.05,162.23,166.11,0.0,0.0,1.0,1.0,0.3294515908050536,True,REGULAR,USD,call,2027-03-31,309,745.6400146484375,0.8194302719765931,164.17000000000002,0.0236340378875557,0.8465753424657534,0.2269828486370198
SPY270331C00612000,2026-04-08 18:35:44+00:00,612.0,106.31,155.46,159.34,0.0,0.0,,2.0,0.2982705671691893,True,REGULAR,USD,call,2027-03-31,309,745.6400146484375,0.8207714017179624,157.4,0.0246505717916136,0.8465753424657534,0.17239586713250207
SPY270331C00615000,2026-05-14 16:20:19+00:00,615.0,164.9,158.8,162.68,0.0,0.0,7.0,17.0,0.3260946907806396,True,REGULAR,USD,call,2027-03-31,309,745.6400146484375,0.82479479094207,160.74,0.0241383600846086,0.8465753424657534,0.22563910179114544
SPY270331C00617000,2026-05-06 13:31:59+00:00,617.0,144.97,157.09,160.97,0.0,0.0,2.0,3.0,0.3244238700866699,True,REGULAR,USD,call,2027-03-31,309,745.6400146484375,0.8274770504248085,159.03,0.0243979123435829,0.8465753424657534,0.22495598009064396
SPY270331C00618000,2026-05-01 15:28:30+00:00,618.0,139.09,156.23,160.11,0.0,0.0,2.0,0.0,0.323554127807617,True,REGULAR,USD,call,2027-03-31,309,745.6400146484375,0.8288181801661776,158.17000000000002,0.0245305683757983,0.8465753424657534,0.2245660302902346
SPY270331C00619000,2026-04-09 18:06:33+00:00,619.0,105.12,149.57,153.0,0.0,0.0,,1.0,0.2913584048461913,True,REGULAR,USD,call,2027-03-31,309,745.6400146484375,0.8301593099075468,151.285,0.0226724394355025,0.8465753424657534,0.17288191652626672
SPY270331C00620000,2026-05-21 16:11:42+00:00,620.0,152.5,154.53,158.41,0.0,0.0,1.0,15.0,0.3219138243865966,True,REGULAR,USD,call,2027-03-31,309,745.6400146484375,0.8315004396489161,156.47,0.0247970857033296,0.8465753424657534,0.22390798175174312
SPY270331C00621000,2026-04-27 16:36:53+00:00,621.0,129.54,153.68,157.56,0.0,0.0,6.0,7.0,0.3210898580169676,True,REGULAR,USD,call,2027-03-31,309,745.6400146484375,0.8328415693902853,155.62,0.0249325279527052,0.8465753424657534,0.22356668379223735
SPY270331C00622000,2026-05-12 14:46:51+00:00,622.0,146.08,152.83,156.71,0.0,0.0,1.0,1.0,0.3202582623291015,True,REGULAR,USD,call,2027-03-31,309,745.6400146484375,0.8341826991316545,154.77,0.0250694579052787,0.8465753424657534,0.22321736237871836
SPY270331C00623000,2026-04-09 18:01:57+00:00,623.0,101.64,146.22,150.0,0.0,0.0,,1.0,0.2905039212036132,True,REGULAR,USD,call,2027-03-31,309,745.6400146484375,0.8355238288730237,148.11,0.0255215718047397,0.8465753424657534,0.17591021631109435
SPY270331C00624000,2026-04-09 18:03:18+00:00,624.0,100.94,145.5,149.0,0.0,0.0,2.0,2.0,0.2890085748291014,True,REGULAR,USD,call,2027-03-31,309,745.6400146484375,0.8368649586143929,147.25,0.0237691001697792,0.8465753424657534,0.175925984125261
SPY270331C00625000,2026-05-19 14:34:17+00:00,625.0,140.92,150.28,154.16,0.0,0.0,2.0,311.0,0.3177558459472656,True,REGULAR,USD,call,2027-03-31,309,745.6400146484375,0.8382060883557622,152.22,0.0254894232032584,0.8465753424657534,0.22212240220146687
SPY270331C00627000,2026-05-04 15:20:02+00:00,627.0,128.74,148.59,152.47,0.0,0.0,,1.0,0.3161079132080078,True,REGULAR,USD,call,2027-03-31,309,745.6400146484375,0.8408883478385006,150.53,0.0257755929050687,0.8465753424657534,0.2214221862408346
SPY270331C00628000,2026-05-04 15:51:20+00:00,628.0,127.0,147.74,151.62,0.0,0.0,,1.0,0.3152610588836668,True,REGULAR,USD,call,2027-03-31,309,745.6400146484375,0.8422294775798699,149.68,0.0259219668626402,0.8465753424657534,0.22102637516033002
SPY270331C00629000,2026-04-16 13:54:33+00:00,629.0,111.99,146.9,150.78,0.0,0.0,,10.0,0.3144599804687499,True,REGULAR,USD,call,2027-03-31,309,745.6400146484375,0.843570607321239,148.84,0.026068261220102,0.8465753424657534,0.22069060825790635
SPY270331C00630000,2026-05-15 18:29:51+00:00,630.0,145.6,146.06,149.94,0.0,0.0,2.0,45.0,0.3136512727355957,True,REGULAR,USD,call,2027-03-31,309,745.6400146484375,0.8449117370626082,148.0,0.0262162162162161,0.8465753424657534,0.2203466760480626
SPY270331C00633000,2026-05-14 14:44:32+00:00,633.0,147.54,143.54,147.42,0.0,0.0,1.0,1.0,0.3112022615814208,True,REGULAR,USD,call,2027-03-31,309,745.6400146484375,0.848935126286716,145.48,0.0266703326917789,0.8465753424657534,0.21926694944386801
SPY270331C00635000,2026-05-22 17:51:38+00:00,635.0,145.16,141.89,145.7,2.3899994,1.6740206,4.0,9.0,0.3093635958862304,True,REGULAR,USD,call,2027-03-31,309,745.6400146484375,0.8516173857694543,143.795,0.0264960534093675,0.8465753424657534,0.21847588288176703
SPY270331C00637000,2026-05-01 18:44:31+00:00,637.0,122.3,140.19,144.07,0.0,0.0,1.0,0.0,0.3079292840576171,True,REGULAR,USD,call,2027-03-31,309,745.6400146484375,0.8542996452521928,142.13,0.0272989516639695,0.8465753424657534,0.21778291761963922
SPY270331C00638000,2026-04-20 13:53:57+00:00,638.0,112.86,139.36,143.24,0.0,0.0,5.0,5.0,0.3071358349609374,True,REGULAR,USD,call,2027-03-31,309,745.6400146484375,0.8556407749935621,141.3,0.0274593064401981,0.8465753424657534,0.21744017256166828
SPY270331C00639000,2026-04-20 13:38:23+00:00,639.0,111.99,138.52,142.4,0.0,0.0,10.0,10.0,0.306296609954834,True,REGULAR,USD,call,2027-03-31,309,745.6400146484375,0.8569819047349312,140.46,0.027623522711092,0.8465753424657534,0.2170263951939936
SPY270331C00640000,2026-05-22 15:36:02+00:00,640.0,141.0,137.72,141.52,0.0,0.0,1.0,33.0,0.3052666519927979,True,REGULAR,USD,call,2027-03-31,309,745.6400146484375,0.8583230344763004,139.62,0.0272167311273457,0.8465753424657534,0.21660540183549784
SPY270331C00642000,2026-05-22 18:27:07+00:00,642.0,138.84,136.03,139.91,47.339996,51.7377,1.0,2.0,0.3038857453918457,True,REGULAR,USD,call,2027-03-31,309,745.6400146484375,0.8610052939590389,137.97,0.0281220555193157,0.8465753424657534,0.21592712164943978
SPY270331C00643000,2026-05-22 19:35:28+00:00,643.0,137.04,135.2,139.08,7.349991,5.6673536,1.0,2.0,0.3030770376586914,True,REGULAR,USD,call,2027-03-31,309,745.6400146484375,0.8623464237004081,137.14,0.0282922560886686,0.8465753424657534,0.2155450452297232
SPY270331C00644000,2026-05-14 14:59:15+00:00,644.0,139.57,134.37,138.25,0.0,0.0,2.0,18.0,0.3022607006072998,True,REGULAR,USD,call,2027-03-31,309,745.6400146484375,0.8636875534417774,136.31,0.0284645293815567,0.8465753424657534,0.21515529227721575
SPY270331C00645000,2026-05-08 14:23:29+00:00,645.0,129.26,133.55,137.43,0.0,0.0,1.0,3.0,0.3014901394653321,True,REGULAR,USD,call,2027-03-31,309,745.6400146484375,0.8650286831831465,135.49,0.0286367997638201,0.8465753424657534,0.21481841846751296
SPY270331C00646000,2026-04-30 18:36:54+00:00,646.0,114.08,132.72,136.6,0.0,0.0,,1.0,0.3006661730957031,True,REGULAR,USD,call,2027-03-31,309,745.6400146484375,0.8663698129245158,134.66,0.0288133075894845,0.8465753424657534,0.21441318386718644
SPY270331C00647000,2026-05-14 15:40:46+00:00,647.0,137.68,131.9,135.78,0.0,0.0,11.0,6.0,0.299887982635498,True,REGULAR,USD,call,2027-03-31,309,745.6400146484375,0.867710942665885,133.84,0.0289898386132695,0.8465753424657534,0.21406022568195707
SPY270331C00648000,2026-04-08 13:40:10+00:00,648.0,79.96,125.69,129.5,0.0,0.0,1.0,3.0,0.27432213722229,True,REGULAR,USD,call,2027-03-31,309,745.6400146484375,0.8690520724072542,127.595,0.0298601042360594,0.8465753424657534,0.17904866652762172
SPY270331C00649000,2026-05-01 14:54:55+00:00,649.0,113.95,130.25,134.13,0.0,0.0,4.0,15.0,0.298262937850952,True,REGULAR,USD,call,2027-03-31,309,745.6400146484375,0.8703932021486235,132.19,0.0293516907481654,0.8465753424657534,0.2132711655550534
SPY270331C00650000,2026-05-14 15:23:20+00:00,650.0,135.74,129.43,133.31,0.0,0.0,1.0,220.0,0.2974694887542723,True,REGULAR,USD,call,2027-03-31,309,745.6400146484375,0.8717343318899926,131.37,0.0295349014234604,0.8465753424657534,0.212894555201833
SPY270331C00651000,2026-04-23 18:01:55+00:00,651.0,101.68,128.61,132.49,0.0,0.0,1.0,1.0,0.2966684103393554,True,REGULAR,USD,call,2027-03-31,309,745.6400146484375,0.8730754616313618,130.55,0.0297204136346227,0.8465753424657534,0.2125101075401973
SPY270331C00652000,2026-05-06 19:06:06+00:00,652.0,120.57,127.79,131.67,0.0,0.0,2.0,3.0,0.2958673319244385,True,REGULAR,USD,call,2027-03-31,309,745.6400146484375,0.8744165913727311,129.73,0.0299082710244352,0.8465753424657534,0.2121179059785983
SPY270331C00653000,2026-04-17 13:38:31+00:00,653.0,99.5,126.97,130.85,0.0,0.0,1.0,3.0,0.2950662535095215,True,REGULAR,USD,call,2027-03-31,309,745.6400146484375,0.8757577211141003,128.91,0.0300985183461329,0.8465753424657534,0.21171803116167348
SPY270331C00654000,2026-04-02 18:40:27+00:00,654.0,63.96,118.25,122.13,0.0,0.0,4.0,4.0,0.2588880264282227,True,REGULAR,USD,call,2027-03-31,309,745.6400146484375,0.8770988508554696,120.19,0.0322822198186204,0.8465753424657534,0.16097163130261535
SPY270331C00655000,2026-05-14 14:31:56+00:00,655.0,128.71,125.34,129.22,0.0,0.0,1.0,21.0,0.293479355316162,True,REGULAR,USD,call,2027-03-31,309,745.6400146484375,0.8784399805968387,127.28,0.0304839723444374,0.8465753424657534,0.2109524481962022
SPY270331C00656000,2026-04-17 15:11:01+00:00,656.0,100.09,124.53,128.41,0.0,0.0,2.0,18.0,0.2927087941741942,True,REGULAR,USD,call,2027-03-31,309,745.6400146484375,0.8797811103382079,126.47,0.0306792124614532,0.8465753424657534,0.21058612494484594
SPY270331C00657000,2026-05-04 18:21:33+00:00,657.0,104.52,123.71,127.59,0.0,0.0,2.0,6.0,0.2918848278045652,True,REGULAR,USD,call,2027-03-31,309,745.6400146484375,0.8811222400795772,125.65,0.0308794269797056,0.8465753424657534,0.21015564633694264
SPY270331C00658000,2026-04-09 16:02:29+00:00,658.0,74.99,117.68,121.56,0.0,0.0,1.0,3.0,0.2681423894500732,True,REGULAR,USD,call,2027-03-31,309,745.6400146484375,0.8824633698209464,119.62,0.0324360474836983,0.8465753424657534,0.17894967325649105
SPY270331C00659000,2026-04-20 13:42:52+00:00,659.0,98.12,122.09,125.97,0.0,0.0,1.0,2.0,0.2903131882476806,True,REGULAR,USD,call,2027-03-31,309,745.6400146484375,0.8838044995623157,124.03,0.0312827541723776,0.8465753424657534,0.20938375797340547
SPY270331C00660000,2026-05-19 15:21:13+00:00,660.0,112.11,121.28,125.16,0.0,0.0,1.0,63.0,0.2895197391510009,True,REGULAR,USD,call,2027-03-31,309,745.6400146484375,0.8851456293036849,123.22,0.0314883947411134,0.8465753424657534,0.20898605627942166
SPY270331C00661000,2026-04-21 14:52:38+00:00,661.0,95.28,120.48,124.36,0.0,0.0,2.0,3.0,0.2887644366455077,True,REGULAR,USD,call,2027-03-31,309,745.6400146484375,0.886486759045054,122.42,0.0316941676196699,0.8465753424657534,0.20863540357523522
SPY270331C00662000,2026-04-14 14:41:01+00:00,662.0,80.08,114.52,118.4,0.0,0.0,,1.0,0.2655865678405761,True,REGULAR,USD,call,2027-03-31,309,745.6400146484375,0.8878278887864233,116.46000000000001,0.0333161600549545,0.8465753424657534,0.17869226864834206
SPY270331C00664000,2026-05-14 14:31:01+00:00,664.0,122.02,118.06,121.94,0.0,0.0,1.0,1.0,0.286391718673706,True,REGULAR,USD,call,2027-03-31,309,745.6400146484375,0.8905101482691617,120.0,0.0323333333333333,0.8465753424657534,0.20742627392885796
SPY270331C00665000,2026-05-21 16:23:47+00:00,665.0,113.43,117.26,121.14,0.0,0.0,15.0,49.0,0.2856211575317382,True,REGULAR,USD,call,2027-03-31,309,745.6400146484375,0.891851278010531,119.2,0.0325503355704697,0.8465753424657534,0.20704350438878752
SPY270331C00666000,2026-05-20 19:43:39+00:00,666.0,114.94,116.45,120.33,0.0,0.0,10.0,20.0,0.2847971911621093,True,REGULAR,USD,call,2027-03-31,309,745.6400146484375,0.8931924077519001,118.39,0.0327730382633668,0.8465753424657534,0.20659951847284663
SPY270331C00667000,2026-05-07 16:07:45+00:00,667.0,108.82,115.65,119.53,0.0,0.0,1.0,27.0,0.2840190007019041,True,REGULAR,USD,call,2027-03-31,309,745.6400146484375,0.8945335374932694,117.59,0.0329960030614847,0.8465753424657534,0.20620116819407938
SPY270331C00668000,2026-04-22 16:46:26+00:00,668.0,90.04,114.85,118.73,0.0,0.0,98.0,53.0,0.2832331809234618,True,REGULAR,USD,call,2027-03-31,309,745.6400146484375,0.8958746672346386,116.78999999999999,0.0332220224334276,0.8465753424657534,0.20579496069887193
SPY270331C00669000,2026-04-22 16:47:18+00:00,669.0,89.51,114.06,117.94,0.0,0.0,294.0,167.0,0.282485507736206,True,REGULAR,USD,call,2027-03-31,309,745.6400146484375,0.8972157969760078,116.0,0.0334482758620689,0.8465753424657534,0.20543329050135212
SPY270331C00670000,2026-05-22 13:49:56+00:00,670.0,115.95,113.26,117.14,7.2299957,6.6501064,7.0,46.0,0.281684429321289,True,REGULAR,USD,call,2027-03-31,309,745.6400146484375,0.8985569267173771,115.2,0.0336805555555555,0.8465753424657534,0.20501128191397294
SPY270331C00671000,2026-05-18 16:39:51+00:00,671.0,106.46,112.46,116.34,0.0,0.0,1.0,183.0,0.2808909802246093,True,REGULAR,USD,call,2027-03-31,309,745.6400146484375,0.8998980564587462,114.4,0.033916083916084,0.8465753424657534,0.20458161827127191
SPY270331C00672000,2026-05-01 15:19:55+00:00,672.0,96.46,111.67,115.55,0.0,0.0,10.0,185.0,0.2801280484008788,True,REGULAR,USD,call,2027-03-31,309,745.6400146484375,0.9012391862001154,113.61,0.034151923246193,0.8465753424657534,0.20419582524292906
SPY270331C00673000,2026-05-07 16:08:32+00:00,673.0,103.66,110.88,114.76,0.0,0.0,1.0,101.0,0.2793574872589111,True,REGULAR,USD,call,2027-03-31,309,745.6400146484375,0.9025803159414848,112.82,0.0343910654139337,0.8465753424657534,0.2038019375266828
SPY270331C00674000,2026-05-15 15:53:33+00:00,674.0,108.15,110.08,113.96,0.0,0.0,1.0,4.0,0.2785411502075195,True,REGULAR,USD,call,2027-03-31,309,745.6400146484375,0.903921445682854,112.02,0.034636672022853,0.8465753424657534,0.20334862206652723
SPY270331C00675000,2026-05-22 16:30:31+00:00,675.0,112.26,109.29,113.17,3.75,3.4559026,15.0,71.0,0.2777629597473144,True,REGULAR,USD,call,2027-03-31,309,745.6400146484375,0.9052625754242232,111.23,0.0348826755371751,0.8465753424657534,0.20293902465895894
SPY270331C00676000,2026-04-16 15:35:12+00:00,676.0,78.85,108.5,112.38,0.0,0.0,1.0,11.0,0.2769847692871093,True,REGULAR,USD,call,2027-03-31,309,745.6400146484375,0.9066037051655924,110.44,0.0351321984788119,0.8465753424657534,0.20252152836667187
SPY270331C00679000,2026-05-08 16:17:10+00:00,679.0,103.83,106.14,110.02,0.0,0.0,1.0,4.0,0.2746501979064941,True,REGULAR,USD,call,2027-03-31,309,745.6400146484375,0.9106270943897,108.08,0.0358993338267949,0.8465753424657534,0.20127182102768298
SPY270331C00680000,2026-05-21 13:30:04+00:00,680.0,102.07,105.36,109.19,0.0,0.0,1.0,22.0,0.2736812744903564,True,REGULAR,USD,call,2027-03-31,309,745.6400146484375,0.9119682241310691,107.275,0.0357026334187834,0.8465753424657534,0.20074909634042074
SPY270331C00685000,2026-05-21 19:58:18+00:00,685.0,100.88,101.46,105.29,0.0,0.0,30.0,85.0,0.2698055808258056,True,REGULAR,USD,call,2027-03-31,309,745.6400146484375,0.9186738728379154,103.375,0.0370495767835551,0.8465753424657534,0.1986344214349568
SPY270331C00690000,2026-05-22 13:40:18+00:00,690.0,100.82,97.6,101.43,3.8199997,3.938144,1.0,237.0,0.2659527751159667,True,REGULAR,USD,call,2027-03-31,309,745.6400146484375,0.9253795215447614,99.515,0.038486660302467,0.8465753424657534,0.19651118199195983
SPY270331C00695000,2026-05-22 19:36:13+00:00,695.0,95.61,93.78,97.66,0.5999985,0.63151085,4.0,45.0,0.2623288489532471,True,REGULAR,USD,call,2027-03-31,309,745.6400146484375,0.9320851702516076,95.72,0.0405348934391976,0.8465753424657534,0.1944864398222282
SPY270331C00700000,2026-05-22 14:25:44+00:00,700.0,91.0,90.0,93.88,2.8600006,3.2448385,1.0,92.0,0.2585141898345948,True,REGULAR,USD,call,2027-03-31,309,745.6400146484375,0.9387908189584536,91.94,0.042201435718947,0.8465753424657534,0.19232163696987506
SPY270331C00705000,2026-05-20 14:31:57+00:00,705.0,83.11,86.26,90.09,0.0,0.0,1.0,39.0,0.2545164270782472,True,REGULAR,USD,call,2027-03-31,309,745.6400146484375,0.9454964676652996,88.17500000000001,0.0434363481712503,0.8465753424657534,0.1900177844236622
SPY270331C00710000,2026-05-18 19:43:11+00:00,710.0,78.34,82.56,86.4,0.0,0.0,38.0,119.0,0.2507628025054931,True,REGULAR,USD,call,2027-03-31,309,745.6400146484375,0.9522021163721458,84.48,0.0454545454545454,0.8465753424657534,0.18781107973909217
SPY270331C00715000,2026-05-22 17:25:06+00:00,715.0,81.87,78.93,82.79,6.4900055,8.609718,6.0,1630.0,0.2471465056610107,True,REGULAR,USD,call,2027-03-31,309,745.6400146484375,0.958907765078992,80.86000000000001,0.0477368290873113,0.8465753424657534,0.18570760802625652
SPY270331C00720000,2026-05-20 19:05:36+00:00,720.0,73.56,75.32,79.15,0.0,0.0,4.0,113.0,0.2432555533599853,True,REGULAR,USD,call,2027-03-31,309,745.6400146484375,0.965613413785838,77.235,0.0495889169418011,0.8465753424657534,0.18336350339080826
SPY270331C00725000,2026-05-21 16:22:59+00:00,725.0,69.76,71.77,75.61,0.0,0.0,9.0,187.0,0.2395705926513671,True,REGULAR,USD,call,2027-03-31,309,745.6400146484375,0.972319062492684,73.69,0.0521101913421088,0.8465753424657534,0.181126961381305
SPY270331C00730000,2026-05-22 14:25:15+00:00,730.0,69.6,68.29,72.17,4.709999,7.258436,6.0,448.0,0.2360839942169189,True,REGULAR,USD,call,2027-03-31,309,745.6400146484375,0.9790247111995302,70.23,0.0552470454221841,0.8465753424657534,0.17900331629340735
SPY270331C00735000,2026-05-22 18:19:41+00:00,735.0,67.78,64.94,68.75,5.8799973,9.499187,16.0,925.0,0.2324829560089111,True,REGULAR,USD,call,2027-03-31,309,745.6400146484375,0.9857303599063764,66.845,0.0569975316029621,0.8465753424657534,0.17693897749821957
SPY270331C00740000,2026-05-22 15:51:39+00:00,740.0,64.66,61.71,65.2,6.060005,10.341306,14.0,680.0,0.2282105377960205,True,REGULAR,USD,call,2027-03-31,309,745.6400146484375,0.9924360086132225,63.455,0.0549996060200142,0.8465753424657534,0.17461315805404093
SPY270331C00745000,2026-05-22 13:51:39+00:00,745.0,61.0,58.52,61.87,3.1599998,5.463347,1.0,104.0,0.2245484650421142,True,REGULAR,USD,call,2027-03-31,309,745.6400146484375,0.9991416573200684,60.195,0.0556524628291385,0.8465753424657534,0.17254209122567732
SPY270331C00750000,2026-05-22 19:51:27+00:00,750.0,56.9,55.02,58.9,4.760002,9.1292715,34.0,343.0,0.2219926434326171,False,REGULAR,USD,call,2027-03-31,309,745.6400146484375,1.0058473060269146,56.96,0.0681179775280898,0.8465753424657534,0.17031140283273571
SPY270331C00755000,2026-05-19 13:46:13+00:00,755.0,46.77,51.89,55.77,0.0,0.0,60.0,77.0,0.2186357434082031,False,REGULAR,USD,call,2027-03-31,309,745.6400146484375,1.0125529547337606,53.83,0.072078766487089,0.8465753424657534,0.16821567565064677
SPY270331C00760000,2026-05-22 13:56:55+00:00,760.0,51.44,49.51,52.26,2.7199974,5.5829177,2.0,196.0,0.2136614279174805,False,REGULAR,USD,call,2027-03-31,309,745.6400146484375,1.0192586034406068,50.885,0.0540434312665815,0.8465753424657534,0.16653847701897667
SPY270331C00765000,2026-05-22 18:19:41+00:00,765.0,48.69,47.76,47.87,8.109997,19.985205,2.0,1944.0,0.2052462899017333,False,REGULAR,USD,call,2027-03-31,309,745.6400146484375,1.0259642521474528,47.815,0.002300533305448,0.8465753424657534,0.16412073269663083
SPY270331C00770000,2026-05-22 16:30:31+00:00,770.0,45.86,44.88,45.0,3.0299988,7.0744777,20.0,161.0,0.2021182694244384,False,REGULAR,USD,call,2027-03-31,309,745.6400146484375,1.032669900854299,44.94,0.0026702269692923,0.8465753424657534,0.16213909809648971
SPY270331C00775000,2026-05-22 14:20:44+00:00,775.0,42.02,42.11,42.22,3.5800018,9.313221,1.0,374.0,0.199051283493042,False,REGULAR,USD,call,2027-03-31,309,745.6400146484375,1.0393755495611452,42.165,0.0026087987667496,0.8465753424657534,0.16023176914423673
SPY270331C00780000,2026-05-22 18:33:27+00:00,780.0,40.24,39.43,39.54,2.710003,7.2208977,3.0,87.0,0.1960758493804932,False,REGULAR,USD,call,2027-03-31,309,745.6400146484375,1.0460811982679912,39.485,0.0027858680511586,0.8465753424657534,0.1583719751718581
SPY270331C00785000,2026-05-15 14:57:21+00:00,785.0,36.87,36.86,36.96,0.0,0.0,47.0,69.0,0.1931995964050293,False,REGULAR,USD,call,2027-03-31,309,745.6400146484375,1.0527868469748374,36.91,0.0027092928745597,0.8465753424657534,0.15658882515220837
SPY270331C00790000,2026-05-18 20:09:23+00:00,790.0,30.97,34.39,34.49,0.0,0.0,15.0,85.0,0.1904301538848877,False,REGULAR,USD,call,2027-03-31,309,745.6400146484375,1.0594924956816834,34.44,0.0029036004645761,0.8465753424657534,0.1548759319983581
SPY270331C00795000,2026-05-20 17:27:43+00:00,795.0,29.7,32.02,32.13,0.0,0.0,4.0,199.0,0.1877827804565429,False,REGULAR,USD,call,2027-03-31,309,745.6400146484375,1.0661981443885296,32.075,0.0034294621979734,0.8465753424657534,0.15322817289481183
SPY270331C00800000,2026-05-22 20:09:11+00:00,800.0,29.7,29.77,29.87,1.4900017,5.2818213,23.0,246.0,0.1852040708923339,False,REGULAR,USD,call,2027-03-31,309,745.6400146484375,1.0729037930953755,29.82,0.0033534540576794,0.8465753424657534,0.151660577885212
SPY270331C00805000,2026-05-14 17:04:34+00:00,805.0,31.43,27.62,27.72,0.0,0.0,7.0,107.0,0.1827398011016845,False,REGULAR,USD,call,2027-03-31,309,745.6400146484375,1.0796094418022215,27.67,0.0036140224069388,0.8465753424657534,0.1501519098536893
SPY270331C00810000,2026-05-22 14:09:18+00:00,810.0,25.81,25.59,25.69,3.6399994,16.418581,2.0,149.0,0.1804204883575439,False,REGULAR,USD,call,2027-03-31,309,745.6400146484375,1.0863150905090675,25.64,0.0039001560062403,0.8465753424657534,0.1487587155981901
SPY270331C00815000,2026-05-19 16:27:06+00:00,815.0,19.53,23.66,23.76,0.0,0.0,4.0,96.0,0.1781774687957763,False,REGULAR,USD,call,2027-03-31,309,745.6400146484375,1.093020739215914,23.71,0.004217629692113,0.8465753424657534,0.14740665260346877
SPY270331C00820000,2026-05-22 18:48:40+00:00,820.0,22.39,21.85,21.95,1.6899986,8.164244,18.0,353.0,0.1760870355987549,False,REGULAR,USD,call,2027-03-31,309,745.6400146484375,1.09972638792276,21.9,0.004566210045662,0.8465753424657534,0.1461760134182607
SPY270331C00825000,2026-05-22 13:39:15+00:00,825.0,21.0,20.15,20.24,4.5200005,27.427187,1.0,49.0,0.1740805249023437,False,REGULAR,USD,call,2027-03-31,309,745.6400146484375,1.106432036629606,20.195,0.004456548650656,0.8465753424657534,0.14501487266398924
SPY270331C00830000,2026-05-21 17:52:59+00:00,830.0,17.99,18.55,18.65,0.0,0.0,17.0,57.0,0.1722418592071533,False,REGULAR,USD,call,2027-03-31,309,745.6400146484375,1.113137685336452,18.6,0.0053763440860213,0.8465753424657534,0.14395047824288149
SPY270331C00835000,2026-05-21 17:42:41+00:00,835.0,16.11,17.07,17.16,0.0,0.0,1.0,139.0,0.1705100039672852,False,REGULAR,USD,call,2027-03-31,309,745.6400146484375,1.1198433340432985,17.115000000000002,0.0052585451358457,0.8465753424657534,0.14299410473857133
SPY270331C00840000,2026-05-22 20:08:18+00:00,840.0,15.67,15.68,15.77,-2.9500008,-15.843183,15.0,197.0,0.168877329864502,False,REGULAR,USD,call,2027-03-31,309,745.6400146484375,1.1265489827501445,15.725,0.0057233704292527,0.8465753424657534,0.14209506993209908
SPY270331C00845000,2026-05-19 16:26:15+00:00,845.0,11.54,14.39,14.48,0.0,0.0,1.0,36.0,0.1673743541717529,False,REGULAR,USD,call,2027-03-31,309,745.6400146484375,1.1332546314569905,14.435,0.006234845860755,0.8465753424657534,0.14128790676178882
SPY270331C00850000,2026-05-18 14:02:32+00:00,850.0,12.32,13.2,13.28,0.0,0.0,1.0,75.0,0.1659629302978515,False,REGULAR,USD,call,2027-03-31,309,745.6400146484375,1.1399602801638364,13.239999999999998,0.0060422960725075,0.8465753424657534,0.14056689274123516
SPY270331C00855000,2026-05-20 13:42:42+00:00,855.0,9.72,12.09,12.17,0.0,0.0,1.0,33.0,0.1646659461975098,False,REGULAR,USD,call,2027-03-31,309,745.6400146484375,1.1466659288706826,12.129999999999999,0.0065952184666117,0.8465753424657534,0.13990358691058216
SPY270331C00860000,2026-05-20 19:21:32+00:00,860.0,10.09,11.06,11.15,0.0,0.0,1.0,13.0,0.1634910311889648,False,REGULAR,USD,call,2027-03-31,309,745.6400146484375,1.1533715775775288,11.105,0.0081044574515983,0.8465753424657534,0.13931449903212706
SPY270331C00865000,2026-05-22 20:08:50+00:00,865.0,10.09,10.11,10.19,-0.2699995,-2.6061728,17.0,6.0,0.1623161161804199,False,REGULAR,USD,call,2027-03-31,309,745.6400146484375,1.1600772262843748,10.149999999999999,0.0078817733990147,0.8465753424657534,0.13874406332050448
SPY270331C00870000,2026-05-22 20:08:53+00:00,870.0,9.21,9.23,9.32,1.4900002,19.300522,11.0,418.0,0.1613090461730957,False,REGULAR,USD,call,2027-03-31,309,745.6400146484375,1.166782874991221,9.275,0.0097035040431266,0.8465753424657534,0.13826172586385024
SPY270331C00875000,2026-05-20 16:44:00+00:00,875.0,7.55,8.42,8.5,0.0,0.0,40.0,96.0,0.1602714588928223,False,REGULAR,USD,call,2027-03-31,309,745.6400146484375,1.173488523698067,8.46,0.0094562647754137,0.8465753424657534,0.1377808057887953
SPY270331C00880000,2026-05-22 15:42:38+00:00,880.0,8.14,7.68,7.75,0.9600005,13.3704815,1.0,153.0,0.1593254234313965,False,REGULAR,USD,call,2027-03-31,309,745.6400146484375,1.1801941724049132,7.715,0.0090732339598185,0.8465753424657534,0.1373763403953957
SPY270331C00885000,2026-05-19 18:48:17+00:00,885.0,5.56,6.99,7.06,0.0,0.0,6.0,19.0,0.1584556811523437,False,REGULAR,USD,call,2027-03-31,309,745.6400146484375,1.1868998211117592,7.025,0.0099644128113878,0.8465753424657534,0.13698237135792202
SPY270331C00890000,2026-05-20 18:44:13+00:00,890.0,5.74,6.35,6.43,0.0,0.0,1.0,56.0,0.157662232055664,False,REGULAR,USD,call,2027-03-31,309,745.6400146484375,1.1936054698186054,6.39,0.0125195618153364,0.8465753424657534,0.1366178101116596
SPY270331C00895000,2026-05-21 19:36:01+00:00,895.0,5.25,5.77,5.84,0.0,0.0,4.0,713.0,0.1568230070495606,False,REGULAR,USD,call,2027-03-31,309,745.6400146484375,1.2003111185254514,5.805,0.0120585701981051,0.8465753424657534,0.13627068304802087
SPY270331C00900000,2026-05-22 19:54:44+00:00,900.0,5.27,5.24,5.31,0.90999985,20.871555,10.0,161.0,0.1561363684082031,False,REGULAR,USD,call,2027-03-31,309,745.6400146484375,1.2070167672322976,5.275,0.0132701421800946,0.8465753424657534,0.13599868642168317
SPY270331C00905000,2026-05-18 16:25:49+00:00,905.0,3.91,4.75,4.82,0.0,0.0,45.0,71.0,0.1554497297668457,False,REGULAR,USD,call,2027-03-31,309,745.6400146484375,1.2137224159391435,4.785,0.0146290491118077,0.8465753424657534,0.1357189079420086
SPY270331C00910000,2026-05-19 16:27:38+00:00,910.0,3.19,4.3,4.37,0.0,0.0,129.0,401.0,0.1547936083984375,False,REGULAR,USD,call,2027-03-31,309,745.6400146484375,1.2204280646459895,4.335,0.0161476355247982,0.8465753424657534,0.13544959006501558
SPY270331C00915000,2026-05-07 14:14:54+00:00,915.0,3.05,3.9,3.96,0.0,0.0,1.0,18.0,0.1541985215759277,False,REGULAR,USD,call,2027-03-31,309,745.6400146484375,1.2271337133528355,3.9299999999999997,0.015267175572519,0.8465753424657534,0.13525624099873157
SPY270331C00920000,2026-05-22 14:15:41+00:00,920.0,3.66,3.53,3.59,0.6300001,20.792084,1.0,261.0,0.1536644692993164,False,REGULAR,USD,call,2027-03-31,309,745.6400146484375,1.233839362059682,3.5599999999999996,0.0168539325842696,0.8465753424657534,0.13508201802322548
SPY270331C00925000,2026-05-07 15:00:19+00:00,925.0,2.65,3.19,3.25,0.0,0.0,126.0,633.0,0.1531456756591797,False,REGULAR,USD,call,2027-03-31,309,745.6400146484375,1.240545010766528,3.2199999999999998,0.0186335403726708,0.8465753424657534,0.13490295319821338
SPY270331C00930000,2026-05-20 18:28:17+00:00,930.0,2.57,2.89,2.95,0.0,0.0,259.0,644.0,0.152779468383789,False,REGULAR,USD,call,2027-03-31,309,745.6400146484375,1.247250659473374,2.92,0.0205479452054794,0.8465753424657534,0.13484328613975816
SPY270331C00935000,2026-05-18 18:17:04+00:00,935.0,2.11,2.62,2.67,0.0,0.0,4.0,641.0,0.1523522265625,False,REGULAR,USD,call,2027-03-31,309,745.6400146484375,1.2539563081802203,2.645,0.0189035916824195,0.8465753424657534,0.1347825477142537
SPY270331C00940000,2026-05-22 18:50:43+00:00,940.0,2.51,2.37,2.42,-0.1400001,-5.283023,203.0,7.0,0.1520165365600586,False,REGULAR,USD,call,2027-03-31,309,745.6400146484375,1.2606619568870665,2.395,0.0208768267223381,0.8465753424657534,0.1347414317475978
SPY270331C00945000,2026-05-22 13:32:36+00:00,945.0,2.23,2.15,2.2,0.53,31.176468,2.0,2.0,0.1518334329223633,False,REGULAR,USD,call,2027-03-31,309,745.6400146484375,1.2673676055939125,2.175,0.0229885057471265,0.8465753424657534,0.13480906814574664
SPY270331C00950000,2026-05-22 16:25:27+00:00,950.0,2.13,1.95,2.0,0.48000014,29.090918,1.0,4.0,0.1516503292846679,False,REGULAR,USD,call,2027-03-31,309,745.6400146484375,1.2740732543007585,1.975,0.0253164556962025,0.8465753424657534,0.13489381789780155
SPY270331C00960000,2026-05-22 19:54:44+00:00,960.0,1.62,1.61,1.65,0.27999997,20.89552,8.0,10.0,0.1513451565551758,False,REGULAR,USD,call,2027-03-31,309,745.6400146484375,1.2874845517144506,1.63,0.0245398773006133,0.8465753424657534,0.1351401211935398
SPY270617C00525000,2026-05-21 15:33:18+00:00,525.0,239.72,244.97,248.85,0.0,0.0,1.0,10.0,0.4005644660949707,True,REGULAR,USD,call,2027-06-17,387,745.6400146484375,0.7040931142188402,246.91,0.0157142278563038,1.0602739726027397,0.25201869426112583
SPY270617C00530000,2026-05-15 17:34:20+00:00,530.0,240.0,240.51,244.39,0.0,0.0,2.0,18.0,0.3962081253814697,True,REGULAR,USD,call,2027-06-17,387,745.6400146484375,0.7107987629256863,242.45,0.0160032996494122,1.0602739726027397,0.2510784851231279
SPY270617C00535000,2026-05-18 19:01:27+00:00,535.0,227.78,236.07,239.95,0.0,0.0,2.0,20.0,0.391935707168579,True,REGULAR,USD,call,2027-06-17,387,745.6400146484375,0.7175044116325324,238.01,0.0163018360573085,1.0602739726027397,0.2501466941974512
SPY270617C00540000,2026-05-06 16:49:28+00:00,540.0,220.64,231.64,235.52,0.0,0.0,8.0,69.0,0.387678547592163,True,REGULAR,USD,call,2027-06-17,387,745.6400146484375,0.7242100603393785,233.57999999999998,0.0166110112167138,1.0602739726027397,0.2491049069092015
SPY270617C00545000,2026-05-15 15:10:52+00:00,545.0,225.66,227.22,231.1,0.0,0.0,1.0,352.0,0.3834366466522216,True,REGULAR,USD,call,2027-06-17,387,745.6400146484375,0.7309157090462246,229.16,0.0169314016407749,1.0602739726027397,0.24796016045870667
SPY270617C00550000,2026-05-22 19:55:12+00:00,550.0,224.2,222.81,226.69,6.4299927,2.952653,5.0,867.0,0.3792100043487548,True,REGULAR,USD,call,2027-06-17,387,745.6400146484375,0.7376213577530707,224.75,0.0172636262513904,1.0602739726027397,0.24671855958161057
SPY270617C00555000,2026-05-22 16:51:26+00:00,555.0,220.49,218.42,222.3,6.7400055,3.153219,20.0,402.0,0.3750520259094238,True,REGULAR,USD,call,2027-06-17,387,745.6400146484375,0.7443270064599168,220.36,0.0176075512797241,1.0602739726027397,0.24548060775118774
SPY270617C00560000,2026-05-22 13:48:44+00:00,560.0,216.91,214.04,217.92,5.5200043,2.6112893,1.0,91.0,0.3708940474700927,True,REGULAR,USD,call,2027-06-17,387,745.6400146484375,0.7510326551667629,215.98,0.017964626354292,1.0602739726027397,0.24414796540371514
SPY270617C00565000,2026-05-15 14:09:02+00:00,565.0,207.41,209.68,213.56,0.0,0.0,1.0,17.0,0.3667971035766602,True,REGULAR,USD,call,2027-06-17,387,745.6400146484375,0.757738303873609,211.62,0.0183347509687174,1.0602739726027397,0.24281319543002727
SPY270617C00570000,2026-05-14 13:49:29+00:00,570.0,207.71,205.33,209.21,0.0,0.0,2.0,48.0,0.3627001596832275,True,REGULAR,USD,call,2027-06-17,387,745.6400146484375,0.764443952580455,207.27,0.0187195445554107,1.0602739726027397,0.2413864665243791
SPY270617C00575000,2026-05-15 17:58:53+00:00,575.0,200.85,201.01,204.89,0.0,0.0,1.0,27.0,0.3587023969268799,True,REGULAR,USD,call,2027-06-17,387,745.6400146484375,0.7711496012873011,202.95,0.0191180093619117,1.0602739726027397,0.24003348921304843
SPY270617C00580000,2026-05-21 13:39:49+00:00,580.0,191.14,196.7,200.58,0.0,0.0,1.0,97.0,0.3547046341705322,True,REGULAR,USD,call,2027-06-17,387,745.6400146484375,0.7778552499941473,198.64,0.0195328231977447,1.0602739726027397,0.23858502895084643
SPY270617C00585000,2026-05-18 15:01:58+00:00,585.0,187.65,192.41,196.29,0.0,0.0,1.0,13.0,0.350745018005371,True,REGULAR,USD,call,2027-06-17,387,745.6400146484375,0.7845608987009934,194.35,0.0199639825057885,1.0602739726027397,0.23712063540209477
SPY270617C00590000,2026-05-20 18:29:47+00:00,590.0,185.05,188.14,192.02,0.0,0.0,7.0,77.0,0.3468235484313964,True,REGULAR,USD,call,2027-06-17,387,745.6400146484375,0.7912665474078395,190.07999999999998,0.020412457912458,1.0602739726027397,0.23563625735848634
SPY270617C00595000,2026-04-30 17:59:02+00:00,595.0,161.0,183.89,187.77,0.0,0.0,4.0,19.0,0.3429325961303711,True,REGULAR,USD,call,2027-06-17,387,745.6400146484375,0.7979721961146856,185.82999999999998,0.0208792982833774,1.0602739726027397,0.2341286893626726
SPY270617C00600000,2026-05-22 19:58:25+00:00,600.0,182.42,179.66,183.54,3.6699982,2.053146,1.0,234.0,0.3390797904205322,True,REGULAR,USD,call,2027-06-17,387,745.6400146484375,0.8046778448215317,181.6,0.0213656387665198,1.0602739726027397,0.2325947639065718
SPY270617C00605000,2026-05-22 17:38:08+00:00,605.0,179.07,175.45,179.33,10.62001,6.304548,2.0,37.0,0.3352498726654052,True,REGULAR,USD,call,2027-06-17,387,745.6400146484375,0.8113834935283778,177.39,0.0218727098483568,1.0602739726027397,0.23103186258329936
SPY270617C00610000,2026-05-21 14:22:17+00:00,610.0,166.3,171.25,175.13,0.0,0.0,1.0,419.0,0.3314046962738036,True,REGULAR,USD,call,2027-06-17,387,745.6400146484375,0.8180891422352239,173.19,0.0224031410589525,1.0602739726027397,0.22937445722105626
SPY270617C00615000,2026-05-21 16:47:37+00:00,615.0,162.46,167.08,170.96,0.0,0.0,2.0,51.0,0.3276205544281005,True,REGULAR,USD,call,2027-06-17,387,745.6400146484375,0.82479479094207,169.02,0.0229558632114542,1.0602739726027397,0.2277484869970488
SPY270617C00620000,2026-05-22 16:11:06+00:00,620.0,166.0,162.97,166.77,8.910004,5.6719103,1.0,221.0,0.3236914555358886,True,REGULAR,USD,call,2027-06-17,387,745.6400146484375,0.8315004396489161,164.87,0.0230484624249409,1.0602739726027397,0.22608677400660426
SPY270617C00625000,2026-05-22 17:41:00+00:00,625.0,161.7,158.81,162.69,6.3899994,4.1143517,6.0,90.0,0.3201514518737792,True,REGULAR,USD,call,2027-06-17,387,745.6400146484375,0.8382060883557622,160.75,0.0241368584758942,1.0602739726027397,0.2244449226946751
SPY270617C00630000,2026-05-22 19:49:07+00:00,630.0,155.92,154.74,158.55,3.800003,2.49803,6.0,61.0,0.3162833875274657,True,REGULAR,USD,call,2027-06-17,387,745.6400146484375,0.8449117370626082,156.645,0.0243225126879249,1.0602739726027397,0.22273307652034102
SPY270617C00635000,2026-05-22 15:12:11+00:00,635.0,153.33,150.64,154.52,5.080002,3.4266453,7.0,87.0,0.3127967890930175,True,REGULAR,USD,call,2027-06-17,387,745.6400146484375,0.8516173857694543,152.57999999999998,0.0254292829990826,1.0602739726027397,0.22108656048066613
SPY270617C00640000,2026-05-22 18:03:56+00:00,640.0,150.54,146.58,150.46,5.9599915,4.122279,4.0,580.0,0.3091041990661621,True,REGULAR,USD,call,2027-06-17,387,745.6400146484375,0.8583230344763004,148.52,0.0261244276865068,1.0602739726027397,0.21931142632362122
SPY270617C00645000,2026-05-21 19:48:21+00:00,645.0,140.94,142.56,146.44,0.0,0.0,2.0,287.0,0.3054955315399169,True,REGULAR,USD,call,2027-06-17,387,745.6400146484375,0.8650286831831465,144.5,0.0268512110726643,1.0602739726027397,0.21759222333374606
SPY270617C00650000,2026-05-22 18:45:31+00:00,650.0,141.52,138.55,142.43,7.5200043,5.6119432,10.0,826.0,0.3018487174224854,True,REGULAR,USD,call,2027-06-17,387,745.6400146484375,0.8717343318899926,140.49,0.02761762403018,1.0602739726027397,0.2157700344468418
SPY270617C00655000,2026-05-22 13:55:40+00:00,655.0,137.22,134.58,138.46,7.220001,5.5538473,1.0,362.0,0.298262937850952,True,REGULAR,USD,call,2027-06-17,387,745.6400146484375,0.8784399805968387,136.52,0.028420744213302,1.0602739726027397,0.21399351904765362
SPY270617C00660000,2026-05-22 19:39:21+00:00,660.0,133.3,130.64,134.52,6.4000015,5.043342,2.0,564.0,0.2947076755523681,True,REGULAR,USD,call,2027-06-17,387,745.6400146484375,0.8851456293036849,132.57999999999998,0.0292653492231107,1.0602739726027397,0.21220691683806048
SPY270617C00665000,2026-05-22 18:10:55+00:00,665.0,129.77,126.72,130.6,3.9400024,3.1312108,7.0,134.0,0.2911447839355467,True,REGULAR,USD,call,2027-06-17,387,745.6400146484375,0.891851278010531,128.66,0.0301570029535208,1.0602739726027397,0.21035980534952026
SPY270617C00670000,2026-05-22 16:39:27+00:00,670.0,125.57,122.84,126.72,6.0699997,5.079498,4.0,568.0,0.2876276682281493,True,REGULAR,USD,call,2027-06-17,387,745.6400146484375,0.8985569267173771,124.78,0.0310947267190254,1.0602739726027397,0.20854175212449674
SPY270617C00675000,2026-05-22 17:28:32+00:00,675.0,122.25,118.98,122.86,8.5,7.472528,8.0,504.0,0.2840952938842772,True,REGULAR,USD,call,2027-06-17,387,745.6400146484375,0.9052625754242232,120.92,0.032087330466424,1.0602739726027397,0.20665706657438868
SPY270617C00680000,2026-05-22 20:00:15+00:00,680.0,117.0,115.16,119.04,2.4899979,2.1744807,7.0,1785.0,0.280608695449829,True,REGULAR,USD,call,2027-06-17,387,745.6400146484375,0.9119682241310691,117.1,0.033134073441503,1.0602739726027397,0.20479206045332157
SPY270617C00685000,2026-05-22 17:28:17+00:00,685.0,115.19,111.37,115.21,4.8899994,4.433363,1.0,199.0,0.2769847692871093,True,REGULAR,USD,call,2027-06-17,387,745.6400146484375,0.9186738728379154,113.28999999999999,0.033895312913761,1.0602739726027397,0.20281353231501587
SPY270617C00690000,2026-05-22 15:35:14+00:00,690.0,110.51,107.61,111.44,5.3199997,5.0575147,3.0,840.0,0.2734752828979492,True,REGULAR,USD,call,2027-06-17,387,745.6400146484375,0.9253795215447614,109.525,0.034969185117553,1.0602739726027397,0.20086777606747563
SPY270617C00695000,2026-05-22 16:03:43+00:00,695.0,107.18,103.88,107.76,6.239998,6.181888,13.0,261.0,0.2701717881011963,True,REGULAR,USD,call,2027-06-17,387,745.6400146484375,0.9320851702516076,105.82,0.0366660366660367,1.0602739726027397,0.19900810713928643
SPY270617C00700000,2026-05-22 19:29:04+00:00,700.0,102.0,100.22,104.03,2.1900024,2.1941714,20.0,2744.0,0.2665783792114258,True,REGULAR,USD,call,2027-06-17,387,745.6400146484375,0.9387908189584536,102.125,0.0373072215422276,1.0602739726027397,0.19702610244514973
SPY270617C00705000,2026-05-22 16:03:43+00:00,705.0,99.82,96.54,100.38,5.3199997,5.629629,1.0,480.0,0.263152815322876,True,REGULAR,USD,call,2027-06-17,387,745.6400146484375,0.9454964676652996,98.46000000000001,0.0390006093845215,1.0602739726027397,0.19500109189633685
SPY270617C00710000,2026-05-22 15:46:29+00:00,710.0,95.97,92.93,96.81,2.5599976,2.7406032,6.0,388.0,0.2598874671173096,True,REGULAR,USD,call,2027-06-17,387,745.6400146484375,0.9522021163721458,94.87,0.0408980710445872,1.0602739726027397,0.19310149327570247
SPY270617C00715000,2026-05-21 19:57:58+00:00,715.0,89.09,89.35,93.19,0.0,0.0,4.0,263.0,0.2563245755004882,True,REGULAR,USD,call,2027-06-17,387,745.6400146484375,0.958907765078992,91.27,0.0420729703078777,1.0602739726027397,0.1909968546809887
SPY270617C00720000,2026-05-21 19:44:00+00:00,720.0,85.83,85.82,89.7,0.0,0.0,1.0,698.0,0.2530744859313965,True,REGULAR,USD,call,2027-06-17,387,745.6400146484375,0.965613413785838,87.75999999999999,0.0442114858705561,1.0602739726027397,0.18906038371079925
SPY270617C00725000,2026-05-22 19:56:34+00:00,725.0,84.0,82.35,86.18,2.5299988,3.105436,23.0,1153.0,0.2495878874969482,True,REGULAR,USD,call,2027-06-17,387,745.6400146484375,0.972319062492684,84.265,0.045451848335608,1.0602739726027397,0.18700591069250042
SPY270617C00730000,2026-05-22 19:14:43+00:00,730.0,81.0,78.95,81.5,5.6500015,7.4983435,47.0,883.0,0.2421111556243896,True,REGULAR,USD,call,2027-06-17,387,745.6400146484375,0.9790247111995302,80.225,0.0317856029915861,1.0602739726027397,0.18282707136252252
SPY270617C00735000,2026-05-22 19:59:33+00:00,735.0,77.68,75.54,78.66,3.1299973,4.1985207,2.0,593.0,0.2406310678863525,True,REGULAR,USD,call,2027-06-17,387,745.6400146484375,0.9857303599063764,77.1,0.0404669260700387,1.0602739726027397,0.1817636221189778
SPY270617C00740000,2026-05-22 18:45:07+00:00,740.0,75.09,72.22,76.1,3.8499985,5.4042654,4.0,940.0,0.2399139119720458,True,REGULAR,USD,call,2027-06-17,387,745.6400146484375,0.9924360086132225,74.16,0.0523193096008629,1.0602739726027397,0.18113788801237626
SPY270617C00745000,2026-05-22 19:56:52+00:00,745.0,71.1,68.95,72.83,2.9899979,4.3899546,24.0,755.0,0.236686710357666,True,REGULAR,USD,call,2027-06-17,387,745.6400146484375,0.9991416573200684,70.89,0.0547326844406826,1.0602739726027397,0.17915684096310044
SPY270617C00750000,2026-05-22 18:17:19+00:00,750.0,68.55,65.74,69.62,3.050003,4.656493,14.0,1062.0,0.2335052846527099,False,REGULAR,USD,call,2027-06-17,387,745.6400146484375,1.0058473060269146,67.68,0.0573286052009457,1.0602739726027397,0.17719145990892995
SPY270617C00755000,2026-05-22 16:48:11+00:00,755.0,65.63,62.6,66.48,3.1899986,5.1089025,4.0,1391.0,0.2303925228118896,False,REGULAR,USD,call,2027-06-17,387,745.6400146484375,1.0125529547337606,64.54,0.0601177564301208,1.0602739726027397,0.1752686923880158
SPY270617C00760000,2026-05-22 14:47:14+00:00,760.0,61.6,60.0,63.2,2.4699974,4.1772323,3.0,1162.0,0.2266541568756103,False,REGULAR,USD,call,2027-06-17,387,745.6400146484375,1.0192586034406068,61.6,0.0519480519480519,1.0602739726027397,0.17381628648999833
SPY270617C00765000,2026-05-22 15:50:16+00:00,765.0,59.57,56.82,60.38,9.02,17.84372,4.0,1338.0,0.224243292312622,False,REGULAR,USD,call,2027-06-17,387,745.6400146484375,1.0259642521474528,58.6,0.0607508532423208,1.0602739726027397,0.17195472733990516
SPY270617C00770000,2026-05-22 19:02:49+00:00,770.0,56.0,55.5,55.62,2.2799988,4.244227,3.0,620.0,0.2153398779296875,False,REGULAR,USD,call,2027-06-17,387,745.6400146484375,1.032669900854299,55.56,0.0021598272138228,1.0602739726027397,0.16975335193203447
SPY270617C00775000,2026-05-22 19:58:59+00:00,775.0,52.78,52.64,52.76,2.5200005,5.0139284,4.0,1271.0,0.2124254783630371,False,REGULAR,USD,call,2027-06-17,387,745.6400146484375,1.0393755495611452,52.7,0.0022770398481972,1.0602739726027397,0.16793385295375482
SPY270617C00780000,2026-05-22 19:25:25+00:00,780.0,49.98,49.85,49.97,2.2999992,4.823824,115.0,2329.0,0.2095492253875732,False,REGULAR,USD,call,2027-06-17,387,745.6400146484375,1.0460811982679912,49.91,0.0024043277900219,1.0602739726027397,0.1661252421940424
SPY270617C00785000,2026-05-22 19:17:08+00:00,785.0,47.31,47.15,47.26,2.5200005,5.626257,20.0,1464.0,0.2067301922988891,False,REGULAR,USD,call,2027-06-17,387,745.6400146484375,1.0527868469748374,47.205,0.0023302616248278,1.0602739726027397,0.1643710422646354
SPY270617C00790000,2026-05-22 18:28:10+00:00,790.0,45.33,44.53,44.64,5.010002,12.425601,34.0,499.0,0.203998896369934,False,REGULAR,USD,call,2027-06-17,387,745.6400146484375,1.0594924956816834,44.585,0.0024671974879443,1.0602739726027397,0.1626658972161359
SPY270617C00795000,2026-05-22 15:36:58+00:00,795.0,43.16,41.99,42.1,2.9000015,7.203183,19.0,702.0,0.2013171910095214,False,REGULAR,USD,call,2027-06-17,387,745.6400146484375,1.0661981443885296,42.045,0.0026162444999405,1.0602739726027397,0.16098871583349084
SPY270617C00800000,2026-05-22 19:59:25+00:00,800.0,39.76,39.54,39.66,2.3400002,6.2533407,103.0,12479.0,0.1987537400817871,False,REGULAR,USD,call,2027-06-17,387,745.6400146484375,1.0729037930953755,39.599999999999994,0.0030303030303029,1.0602739726027397,0.15938421405382608
SPY270617C00805000,2026-05-22 18:42:40+00:00,805.0,37.91,37.18,37.28,3.2299995,9.3137245,2.0,1530.0,0.1961597718811035,False,REGULAR,USD,call,2027-06-17,387,745.6400146484375,1.0796094418022215,37.230000000000004,0.002686005909213,1.0602739726027397,0.15778323239710457
SPY270617C00810000,2026-05-22 19:14:38+00:00,810.0,35.13,34.91,35.02,3.6500015,11.594668,28.0,971.0,0.1937412779998779,False,REGULAR,USD,call,2027-06-17,387,745.6400146484375,1.0863150905090675,34.965,0.0031460031460033,1.0602739726027397,0.15628136563661557
SPY270617C00815000,2026-05-22 15:29:30+00:00,815.0,33.81,32.74,32.85,3.9500008,13.228401,2.0,1226.0,0.1913990773010254,False,REGULAR,USD,call,2027-06-17,387,745.6400146484375,1.093020739215914,32.795,0.0033541698429638,1.0602739726027397,0.15484473787933262
SPY270617C00820000,2026-05-22 19:44:28+00:00,820.0,30.58,30.66,30.76,1.3600006,4.654349,12.0,807.0,0.189087393875122,False,REGULAR,USD,call,2027-06-17,387,745.6400146484375,1.09972638792276,30.71,0.0032562683165093,1.0602739726027397,0.15343827442710892
SPY270617C00825000,2026-05-22 13:53:31+00:00,825.0,29.31,28.67,28.78,2.459999,9.162007,250.0,2266.0,0.1869206674957275,False,REGULAR,USD,call,2027-06-17,387,745.6400146484375,1.106432036629606,28.725,0.0038294168842471,1.0602739726027397,0.15211249258865953
SPY270617C00830000,2026-05-22 20:13:09+00:00,830.0,26.82,26.78,26.88,1.6100006,6.3863573,12.0,1537.0,0.1847920877075194,False,REGULAR,USD,call,2027-06-17,387,745.6400146484375,1.113137685336452,26.83,0.0037271710771523,1.0602739726027397,0.1508346720379337
SPY270617C00835000,2026-05-22 13:53:31+00:00,835.0,25.59,24.99,25.09,2.3199997,9.969917,250.0,1823.0,0.1828160942840576,False,REGULAR,USD,call,2027-06-17,387,745.6400146484375,1.1198433340432985,25.04,0.0039936102236422,1.0602739726027397,0.1496590901217625
SPY270617C00840000,2026-05-22 19:16:04+00:00,840.0,23.43,23.28,23.38,1.6700001,7.674633,2.0,2466.0,0.1808706181335448,False,REGULAR,USD,call,2027-06-17,387,745.6400146484375,1.1265489827501445,23.33,0.0042863266180882,1.0602739726027397,0.14850240294267741
SPY270617C00845000,2026-05-22 13:41:16+00:00,845.0,22.4,21.68,21.77,2.2299995,11.056022,3.0,2361.0,0.1790548403930664,False,REGULAR,USD,call,2027-06-17,387,745.6400146484375,1.1332546314569905,21.725,0.0041426927502876,1.0602739726027397,0.1474574308059599
SPY270617C00850000,2026-05-22 18:29:11+00:00,850.0,20.75,20.16,20.26,2.1800003,11.739367,50.0,2235.0,0.1773611317443847,False,REGULAR,USD,call,2027-06-17,387,745.6400146484375,1.1399602801638364,20.21,0.0049480455220188,1.0602739726027397,0.14647751490162947
SPY270617C00855000,2026-05-22 19:34:37+00:00,855.0,18.77,18.74,18.83,1.4500008,8.371829,370.0,786.0,0.1757360869598388,False,REGULAR,USD,call,2027-06-17,387,745.6400146484375,1.1466659288706826,18.784999999999997,0.0047910566941708,1.0602739726027397,0.14557009183553107
SPY270617C00860000,2026-05-22 19:45:01+00:00,860.0,17.31,17.41,17.5,1.3299999,8.322904,5.0,691.0,0.1742483699035644,False,REGULAR,USD,call,2027-06-17,387,745.6400146484375,1.1533715775775288,17.455,0.0051561157261529,1.0602739726027397,0.14476386495374485
SPY270617C00865000,2026-05-22 19:49:47+00:00,865.0,16.04,16.16,16.24,1.1600008,7.7957044,11.0,994.0,0.1728064287567139,False,REGULAR,USD,call,2027-06-17,387,745.6400146484375,1.1600772262843748,16.2,0.0049382716049381,1.0602739726027397,0.14399191766284852
SPY270617C00870000,2026-05-22 19:45:23+00:00,870.0,14.94,14.99,15.07,1.0999994,7.9479723,1.0,479.0,0.1714865567016602,False,REGULAR,USD,call,2027-06-17,387,745.6400146484375,1.166782874991221,15.030000000000001,0.0053226879574185,1.0602739726027397,0.14330327829013
SPY270617C00875000,2026-05-22 19:34:37+00:00,875.0,13.92,13.89,13.97,0.6499996,4.898264,3.0,210.0,0.1702353485107422,False,REGULAR,USD,call,2027-06-17,387,745.6400146484375,1.173488523698067,13.93,0.005743000717875,1.0602739726027397,0.1426486160278176
SPY270617C00880000,2026-05-22 19:55:05+00:00,880.0,12.83,12.86,12.94,1.0100002,8.544842,51.0,5147.0,0.1690375455474853,False,REGULAR,USD,call,2027-06-17,387,745.6400146484375,1.1801941724049132,12.899999999999999,0.0062015503875969,1.0602739726027397,0.14203819460842046
SPY270617C00885000,2026-05-22 19:34:06+00:00,885.0,11.95,11.9,11.98,1.8999996,18.905468,22.0,8645.0,0.1679312944030762,False,REGULAR,USD,call,2027-06-17,387,745.6400146484375,1.1868998211117592,11.940000000000001,0.0067001675041876,1.0602739726027397,0.14148427044409886
SPY270617C00890000,2026-05-22 13:33:05+00:00,890.0,11.26,11.01,11.09,1.9800005,21.336212,1.0,10624.0,0.1669089657592773,False,REGULAR,USD,call,2027-06-17,387,745.6400146484375,1.1936054698186054,11.05,0.0072398190045248,1.0602739726027397,0.14100117344000399
SPY270617C00895000,2026-05-22 16:02:18+00:00,895.0,10.72,10.17,10.25,0.1800003,1.7077827,1.0,12694.0,0.1659018957519531,False,REGULAR,USD,call,2027-06-17,387,745.6400146484375,1.2003111185254514,10.21,0.0078354554358472,1.0602739726027397,0.14050856786819887
SPY270617C00900000,2026-05-22 20:06:14+00:00,900.0,9.34,9.4,9.47,0.71000004,8.227115,147.0,7206.0,0.1649558602905273,False,REGULAR,USD,call,2027-06-17,387,745.6400146484375,1.2070167672322976,9.435,0.0074191838897721,1.0602739726027397,0.14009071242371907
SPY270617C00905000,2026-05-21 16:12:52+00:00,905.0,7.55,8.67,8.74,0.0,0.0,194.0,4576.0,0.1640479714202881,False,REGULAR,USD,call,2027-06-17,387,745.6400146484375,1.2137224159391435,8.705,0.0080413555427915,1.0602739726027397,0.13966126021168224
SPY270617C00910000,2026-05-22 13:42:07+00:00,910.0,8.37,8.0,8.07,0.18999958,2.3227332,1.0,1319.0,0.1632468930053711,False,REGULAR,USD,call,2027-06-17,387,745.6400146484375,1.2204280646459895,8.035,0.0087118855009334,1.0602739726027397,0.13931178136765096
SPY270617C00915000,2026-05-22 19:55:07+00:00,915.0,7.33,7.37,7.44,0.59000015,8.753712,64.0,2790.0,0.1624381852722168,False,REGULAR,USD,call,2027-06-17,387,745.6400146484375,1.2271337133528355,7.405,0.0094530722484807,1.0602739726027397,0.1389488736679076
SPY270617C00920000,2026-05-22 19:34:06+00:00,920.0,6.81,6.78,6.85,0.23000002,3.495441,1.0,837.0,0.1616447361755371,False,REGULAR,USD,call,2027-06-17,387,745.6400146484375,1.233839362059682,6.8149999999999995,0.0102714600146734,1.0602739726027397,0.13858223891594945
SPY270617C00925000,2026-05-21 20:02:23+00:00,925.0,5.75,6.24,6.31,0.0,0.0,1.0,596.0,0.1609352095794678,False,REGULAR,USD,call,2027-06-17,387,745.6400146484375,1.240545010766528,6.275,0.0111553784860556,1.0602739726027397,0.13828575602747983
SPY270617C00930000,2026-05-22 17:53:30+00:00,930.0,6.07,5.74,5.8,0.89000034,17.181475,1.0,1503.0,0.1601951657104492,False,REGULAR,USD,call,2027-06-17,387,745.6400146484375,1.247250659473374,5.77,0.0103986135181975,1.0602739726027397,0.1379830044874386
SPY270617C00935000,2026-05-22 20:06:14+00:00,935.0,5.25,5.28,5.34,0.32999992,6.707315,46.0,320.0,0.1596000788879394,False,REGULAR,USD,call,2027-06-17,387,745.6400146484375,1.2539563081802203,5.3100000000000005,0.0112994350282485,1.0602739726027397,0.13775464331588444
SPY270617C00940000,2026-05-22 17:53:30+00:00,940.0,5.14,4.85,4.91,0.6199999,13.716811,2.0,1270.0,0.1589897334289551,False,REGULAR,USD,call,2027-06-17,387,745.6400146484375,1.2606619568870665,4.88,0.0122950819672132,1.0602739726027397,0.137515698671541
SPY270617C00945000,2026-05-20 14:34:35+00:00,945.0,3.72,4.45,4.51,0.0,0.0,250.0,359.0,0.1583946466064453,False,REGULAR,USD,call,2027-06-17,387,745.6400146484375,1.2673676055939125,4.48,0.013392857142857,1.0602739726027397,0.1372774316184416
SPY270617C00950000,2026-05-22 19:18:35+00:00,950.0,4.16,4.09,4.15,0.42999983,11.528146,57.0,543.0,0.1579216288757324,False,REGULAR,USD,call,2027-06-17,387,745.6400146484375,1.2740732543007585,4.12,0.0145631067961166,1.0602739726027397,0.13713385285918317
SPY270617C00955000,2026-05-22 15:13:32+00:00,955.0,3.96,3.76,3.81,0.79999995,25.316452,567.0,1055.0,0.1574028352355957,False,REGULAR,USD,call,2027-06-17,387,745.6400146484375,1.2807789030076049,3.785,0.0132100396301189,1.0602739726027397,0.13698623678261582
SPY270617C00960000,2026-05-22 14:22:53+00:00,960.0,3.5,3.45,3.51,0.3499999,11.111108,270.0,723.0,0.1570518865966797,False,REGULAR,USD,call,2027-06-17,387,745.6400146484375,1.2874845517144506,3.48,0.0172413793103447,1.0602739726027397,0.1368921079704618
SPY270617C00965000,2026-05-15 19:18:07+00:00,965.0,3.3,3.17,3.22,0.0,0.0,1.0,18.0,0.1565941275024414,False,REGULAR,USD,call,2027-06-17,387,745.6400146484375,1.2941902004212968,3.1950000000000003,0.0156494522691706,1.0602739726027397,0.1367794964473857
