contractSymbol,lastTradeDate,strike,lastPrice,bid,ask,change,percentChange,volume,openInterest,impliedVolatility,inTheMoney,contractSize,currency,option_type,expiry,days_to_expiry,spot,moneyness,mid,spread_ratio
SPY260601C00540000,2026-05-20 17:11:56+00:00,540.0,199.96,205.0,207.79,0.0,0.0,,1.0,1.0664109179687502,True,REGULAR,USD,call,2026-06-01,6,745.6400146484375,0.7242100603393785,206.39499999999998,0.013517769325807274
SPY260601C00600000,2026-05-22 17:56:38+00:00,600.0,147.75,145.06,147.86,0.0,0.0,1.0,0.0,0.7685570019531252,True,REGULAR,USD,call,2026-06-01,6,745.6400146484375,0.8046778448215317,146.46,0.019117847876553403
SPY260601C00660000,2026-05-22 19:35:47+00:00,660.0,86.46,85.17,87.98,6.3700027,7.953556,2.0,6.0,0.5948526843261719,True,REGULAR,USD,call,2026-06-01,6,745.6400146484375,0.8851456293036849,86.575,0.03245740687265379
SPY260601C00670000,2026-05-22 14:32:41+00:00,670.0,76.14,75.2,78.01,0.0,0.0,6.0,0.0,0.5399215930175782,True,REGULAR,USD,call,2026-06-01,6,745.6400146484375,0.8985569267173771,76.605,0.03668167874159653
SPY260601C00675000,2026-05-22 18:21:18+00:00,675.0,73.02,70.22,73.02,5.989998,8.936295,2.0,1.0,0.5119677709960937,True,REGULAR,USD,call,2026-06-01,6,745.6400146484375,0.9052625754242232,71.62,0.039095224797542544
SPY260601C00680000,2026-05-22 18:21:18+00:00,680.0,68.04,65.24,68.04,0.0,0.0,1.0,0.0,0.48438015625,True,REGULAR,USD,call,2026-06-01,6,745.6400146484375,0.9119682241310693,66.64,0.042016806722689246
SPY260601C00690000,2026-05-22 18:12:58+00:00,690.0,59.06,55.3,58.09,11.5,24.179983,15.0,4.0,0.4290828576660156,True,REGULAR,USD,call,2026-06-01,6,745.6400146484375,0.9253795215447614,56.695,0.04921068877326054
SPY260601C00695000,2026-05-22 13:30:06+00:00,695.0,51.77,50.34,53.15,5.1899986,11.1421175,2.0,10.0,0.4027159338378906,True,REGULAR,USD,call,2026-06-01,6,745.6400146484375,0.9320851702516075,51.745000000000005,0.0543047637452893
SPY260601C00696000,2026-05-19 20:01:51+00:00,696.0,39.39,49.35,52.16,0.0,0.0,,2.0,0.39722282470703124,True,REGULAR,USD,call,2026-06-01,6,745.6400146484375,0.9334262999929768,50.754999999999995,0.055364003546448534
SPY260601C00699000,2026-05-22 14:19:16+00:00,699.0,47.44,46.38,49.19,0.0,0.0,1.0,0.0,0.38080453186035157,True,REGULAR,USD,call,2026-06-01,6,745.6400146484375,0.9374496892170844,47.785,0.05880506435073758
SPY260601C00700000,2026-05-22 19:43:55+00:00,700.0,46.37,45.4,48.19,2.619999,5.988569,1.0,7.0,0.3748231463623046,True,REGULAR,USD,call,2026-06-01,6,745.6400146484375,0.9387908189584536,46.795,0.05962175446094666
SPY260601C00701000,2026-05-22 18:14:53+00:00,701.0,46.96,44.41,47.2,0.0,0.0,6.0,0.0,0.36926900268554685,True,REGULAR,USD,call,2026-06-01,6,745.6400146484375,0.9401319486998229,45.805,0.06091038096277713
SPY260601C00702000,2026-05-19 15:31:18+00:00,702.0,33.1,43.42,46.23,0.0,0.0,,1.0,0.36463037719726565,True,REGULAR,USD,call,2026-06-01,6,745.6400146484375,0.9414730784411921,44.825,0.06268823201338528
SPY260601C00705000,2026-05-22 15:48:29+00:00,705.0,43.35,40.47,43.26,6.5,17.639078,2.0,1.0,0.3477238079833984,True,REGULAR,USD,call,2026-06-01,6,745.6400146484375,0.9454964676652997,41.864999999999995,0.0666427803654604
SPY260601C00706000,2026-05-21 14:14:54+00:00,706.0,35.09,39.49,42.28,0.0,0.0,,2.0,0.3424748370361328,True,REGULAR,USD,call,2026-06-01,6,745.6400146484375,0.946837597406669,40.885000000000005,0.06824018588724468
SPY260601C00710000,2026-05-22 19:17:54+00:00,710.0,36.93,35.56,38.36,6.4300003,21.081968,7.0,5.0,0.3211127459716796,True,REGULAR,USD,call,2026-06-01,6,745.6400146484375,0.9522021163721458,36.96,0.07575757575757568
SPY260601C00712000,2026-05-22 14:35:54+00:00,712.0,34.99,33.61,36.41,4.880001,16.207243,1.0,1.0,0.31055376953124997,True,REGULAR,USD,call,2026-06-01,6,745.6400146484375,0.9548843758548843,35.01,0.07997714938588966
SPY260601C00713000,2026-05-21 13:51:40+00:00,713.0,26.98,32.64,35.44,0.0,0.0,,1.0,0.30542686767578126,True,REGULAR,USD,call,2026-06-01,6,745.6400146484375,0.9562255055962535,34.04,0.08225616921269087
SPY260601C00715000,2026-05-22 19:59:20+00:00,715.0,32.24,30.71,33.5,3.7600002,13.202247,2.0,18.0,0.29492892578124996,True,REGULAR,USD,call,2026-06-01,6,745.6400146484375,0.9589077650789919,32.105000000000004,0.08690235165862012
SPY260601C00716000,2026-05-21 13:52:37+00:00,716.0,25.41,29.74,32.54,0.0,0.0,,1.0,0.28992409301757804,True,REGULAR,USD,call,2026-06-01,6,745.6400146484375,0.9602488948203611,31.14,0.08991650610147722
SPY260601C00717000,2026-05-22 13:50:24+00:00,717.0,31.29,28.78,31.58,0.0,0.0,7.0,0.0,0.2849192602539062,True,REGULAR,USD,call,2026-06-01,6,745.6400146484375,0.9615900245617304,30.18,0.09277667329357181
SPY260601C00718000,2026-05-20 14:08:03+00:00,718.0,20.81,27.82,30.63,0.0,0.0,,1.0,0.280158565673828,True,REGULAR,USD,call,2026-06-01,6,745.6400146484375,0.9629311543030996,29.225,0.0961505560307955
SPY260601C00719000,2026-05-22 15:30:48+00:00,719.0,29.96,26.87,29.66,0.8500004,2.9199603,6.0,0.0,0.27466545654296876,True,REGULAR,USD,call,2026-06-01,6,745.6400146484375,0.9642722840444689,28.265,0.09870865027419067
SPY260601C00720000,2026-05-22 14:36:37+00:00,720.0,27.5,25.91,28.71,6.0,27.906979,5.0,112.0,0.26978269287109374,True,REGULAR,USD,call,2026-06-01,6,745.6400146484375,0.965613413785838,27.310000000000002,0.10252654705236179
SPY260601C00721000,2026-05-22 17:20:03+00:00,721.0,27.42,24.97,27.76,4.25,18.342684,18.0,2.0,0.2647778601074219,True,REGULAR,USD,call,2026-06-01,6,745.6400146484375,0.9669545435272072,26.365000000000002,0.10582211264934582
SPY260601C00722000,2026-05-22 17:20:04+00:00,722.0,26.34,24.02,26.82,5.130001,24.18671,16.0,1.0,0.2600171655273438,True,REGULAR,USD,call,2026-06-01,6,745.6400146484375,0.9682956732685765,25.42,0.11014948859166013
SPY260601C00723000,2026-05-22 17:20:04+00:00,723.0,25.43,24.09,25.88,8.700001,52.002396,28.0,2.0,0.2551344018554688,True,REGULAR,USD,call,2026-06-01,6,745.6400146484375,0.9696368030099457,24.985,0.07164298579147485
SPY260601C00724000,2026-05-22 17:20:03+00:00,724.0,24.53,23.17,24.96,3.4500008,16.366226,385.0,3.0,0.2508009490966796,True,REGULAR,USD,call,2026-06-01,6,745.6400146484375,0.9709779327513149,24.065,0.07438188240182834
SPY260601C00725000,2026-05-22 19:22:55+00:00,725.0,22.97,22.31,22.88,3.5200005,18.09769,658.0,39.0,0.208442974243164,True,REGULAR,USD,call,2026-06-01,6,745.6400146484375,0.9723190624926841,22.595,0.02522682009294093
SPY260601C00726000,2026-05-22 18:33:54+00:00,726.0,22.97,21.43,21.91,6.949999,43.383263,673.0,18.0,0.2030108996582031,True,REGULAR,USD,call,2026-06-01,6,745.6400146484375,0.9736601922340533,21.67,0.022150438394093235
SPY260601C00727000,2026-05-22 18:06:46+00:00,727.0,22.21,20.51,20.99,4.9400005,28.604523,437.0,2.0,0.1991046887207031,True,REGULAR,USD,call,2026-06-01,6,745.6400146484375,0.9750013219754226,20.75,0.023132530120481776
SPY260601C00728000,2026-05-22 17:20:03+00:00,728.0,20.73,19.62,20.08,1.9799995,10.559998,4.0,57.0,0.19538158142089845,True,REGULAR,USD,call,2026-06-01,6,745.6400146484375,0.9763424517167918,19.85,0.023173803526448225
SPY260601C00729000,2026-05-22 17:20:03+00:00,729.0,19.87,18.76,19.18,2.5699997,14.855489,17.0,4.0,0.19178054321289065,True,REGULAR,USD,call,2026-06-01,6,745.6400146484375,0.977683581458161,18.97,0.022140221402213927
SPY260601C00730000,2026-05-22 19:18:56+00:00,730.0,18.34,17.85,18.28,2.0499992,12.584402,40.0,260.0,0.18799640136718748,True,REGULAR,USD,call,2026-06-01,6,745.6400146484375,0.9790247111995302,18.065,0.023802933849986142
SPY260601C00731000,2026-05-22 14:41:06+00:00,731.0,17.37,16.98,17.39,3.13,21.980337,6.0,100.0,0.1842732940673828,True,REGULAR,USD,call,2026-06-01,6,745.6400146484375,0.9803658409408994,17.185000000000002,0.023858015711376204
SPY260601C00732000,2026-05-21 19:53:48+00:00,732.0,14.14,16.11,16.54,0.0,0.0,,371.0,0.1815267395019531,True,REGULAR,USD,call,2026-06-01,6,745.6400146484375,0.9817069706822686,16.325,0.02633996937212862
SPY260601C00733000,2026-05-22 14:47:48+00:00,733.0,15.67,15.27,15.68,1.9899998,14.546782,2.0,137.0,0.17816983947753906,True,REGULAR,USD,call,2026-06-01,6,745.6400146484375,0.9830481004236379,15.475,0.026494345718901465
SPY260601C00734000,2026-05-22 19:09:09+00:00,734.0,14.92,14.42,14.8,3.0900002,26.120033,56.0,186.0,0.17401949035644532,True,REGULAR,USD,call,2026-06-01,6,745.6400146484375,0.9843892301650071,14.61,0.026009582477755016
SPY260601C00735000,2026-05-22 19:55:36+00:00,735.0,13.55,13.6,14.0,1.5900002,13.294315,344.0,721.0,0.17176121215820314,True,REGULAR,USD,call,2026-06-01,6,745.6400146484375,0.9857303599063764,13.8,0.028985507246376836
SPY260601C00736000,2026-05-22 19:58:15+00:00,736.0,12.95,12.8,13.15,1.7300005,15.4189005,37.0,114.0,0.16785500122070315,True,REGULAR,USD,call,2026-06-01,6,745.6400146484375,0.9870714896477455,12.975000000000001,0.026974951830443128
SPY260601C00737000,2026-05-22 18:14:06+00:00,737.0,13.07,12.0,12.37,2.9300003,28.895468,174.0,305.0,0.16547465393066407,True,REGULAR,USD,call,2026-06-01,6,745.6400146484375,0.9884126193891147,12.184999999999999,0.03036520311858837
SPY260601C00738000,2026-05-22 19:42:53+00:00,738.0,10.92,11.24,11.58,0.9200001,9.200001,335.0,662.0,0.1624229266357422,True,REGULAR,USD,call,2026-06-01,6,745.6400146484375,0.989753749130484,11.41,0.029798422436459235
SPY260601C00739000,2026-05-22 19:59:20+00:00,739.0,10.85,10.45,10.81,1.75,19.230768,171.0,881.0,0.15949326843261719,True,REGULAR,USD,call,2026-06-01,6,745.6400146484375,0.9910948788718532,10.629999999999999,0.03386641580432749
SPY260601C00740000,2026-05-22 20:14:51+00:00,740.0,9.89,9.73,10.05,1.3900003,16.352945,217.0,775.0,0.15644154113769532,True,REGULAR,USD,call,2026-06-01,6,745.6400146484375,0.9924360086132225,9.89,0.03235591506572298
SPY260601C00741000,2026-05-22 19:50:38+00:00,741.0,9.18,9.03,9.2,1.23,15.471699,77.0,391.0,0.1508263629150391,True,REGULAR,USD,call,2026-06-01,6,745.6400146484375,0.9937771383545916,9.114999999999998,0.01865057597366977
SPY260601C00742000,2026-05-22 20:13:42+00:00,742.0,8.46,8.31,8.62,1.0700002,14.479028,130.0,387.0,0.15116205291748053,True,REGULAR,USD,call,2026-06-01,6,745.6400146484375,0.9951182680959608,8.465,0.036621382161842735
SPY260601C00743000,2026-05-22 19:50:38+00:00,743.0,7.72,7.64,7.93,0.98,14.54006,122.0,240.0,0.1484154983520508,True,REGULAR,USD,call,2026-06-01,6,745.6400146484375,0.9964593978373301,7.785,0.03725112395632627
SPY260601C00744000,2026-05-22 19:21:53+00:00,744.0,7.26,6.99,7.28,1.06,17.096773,216.0,564.0,0.14606566833496093,True,REGULAR,USD,call,2026-06-01,6,745.6400146484375,0.9978005275786993,7.135,0.04064470918009811
SPY260601C00745000,2026-05-22 20:14:49+00:00,745.0,6.52,6.52,6.56,0.9200001,16.428574,1083.0,1778.0,0.141610146484375,True,REGULAR,USD,call,2026-06-01,6,745.6400146484375,0.9991416573200685,6.539999999999999,0.0061162079510703425
SPY260601C00746000,2026-05-22 20:01:40+00:00,746.0,5.69,5.93,5.96,0.55999994,10.916178,871.0,373.0,0.13935186828613283,False,REGULAR,USD,call,2026-06-01,6,745.6400146484375,1.0004827870614377,5.945,0.005046257359125357
SPY260601C00747000,2026-05-22 20:10:40+00:00,747.0,5.34,5.37,5.4,0.6700001,14.346896,1252.0,349.0,0.1373682455444336,False,REGULAR,USD,call,2026-06-01,6,745.6400146484375,1.001823916802807,5.385,0.00557103064066857
SPY260601C00748000,2026-05-22 20:13:34+00:00,748.0,4.86,4.83,4.87,0.7800002,19.117651,6224.0,4191.0,0.13547617462158207,False,REGULAR,USD,call,2026-06-01,6,745.6400146484375,1.0031650465441762,4.85,0.008247422680412378
SPY260601C00749000,2026-05-22 20:05:22+00:00,749.0,4.31,4.33,4.36,0.55999994,14.9333315,825.0,507.0,0.13337048278808594,False,REGULAR,USD,call,2026-06-01,6,745.6400146484375,1.0045061762855454,4.345000000000001,0.006904487917146201
SPY260601C00750000,2026-05-22 20:13:36+00:00,750.0,3.91,3.87,3.9,0.6200001,18.84499,1788.0,9173.0,0.13178358459472655,False,REGULAR,USD,call,2026-06-01,6,745.6400146484375,1.0058473060269146,3.885,0.007722007722007672
SPY260601C00751000,2026-05-22 20:10:46+00:00,751.0,3.41,3.43,3.46,0.55999994,19.64912,503.0,308.0,0.13001358276367186,False,REGULAR,USD,call,2026-06-01,6,745.6400146484375,1.0071884357682839,3.4450000000000003,0.008708272859216198
SPY260601C00752000,2026-05-22 20:14:41+00:00,752.0,3.06,3.03,3.06,0.53,20.948616,528.0,402.0,0.12848771911621093,False,REGULAR,USD,call,2026-06-01,6,745.6400146484375,1.0085295655096531,3.045,0.009852216748768555
SPY260601C00753000,2026-05-22 20:12:20+00:00,753.0,2.65,2.66,2.69,0.44000006,19.909504,4679.0,4332.0,0.12696185546875,False,REGULAR,USD,call,2026-06-01,6,745.6400146484375,1.0098706952510224,2.675,0.011214953271027965
SPY260601C00754000,2026-05-22 20:13:43+00:00,754.0,2.36,2.32,2.35,0.43000007,22.279797,580.0,213.0,0.12549702636718751,False,REGULAR,USD,call,2026-06-01,6,745.6400146484375,1.0112118249923914,2.335,0.012847965738758137
SPY260601C00755000,2026-05-22 20:14:49+00:00,755.0,2.03,2.02,2.04,0.33000004,19.411768,1505.0,707.0,0.12409323181152344,False,REGULAR,USD,call,2026-06-01,6,745.6400146484375,1.0125529547337606,2.0300000000000002,0.00985221674876848
SPY260601C00756000,2026-05-22 20:14:36+00:00,756.0,1.77,1.74,1.77,0.39,28.260868,782.0,255.0,0.12299460998535157,False,REGULAR,USD,call,2026-06-01,6,745.6400146484375,1.0138940844751299,1.755,0.01709401709401711
SPY260601C00757000,2026-05-22 20:13:24+00:00,757.0,1.52,1.5,1.52,0.26999998,21.599998,762.0,289.0,0.12177391906738282,False,REGULAR,USD,call,2026-06-01,6,745.6400146484375,1.015235214216499,1.51,0.013245033112582794
SPY260601C00758000,2026-05-22 19:56:07+00:00,758.0,1.31,1.28,1.3,0.24000001,22.429909,233.0,127.0,0.12067529724121094,False,REGULAR,USD,call,2026-06-01,6,745.6400146484375,1.0165763439578683,1.29,0.015503875968992262
SPY260601C00759000,2026-05-22 20:13:44+00:00,759.0,1.1,1.08,1.1,0.24000001,27.906979,272.0,179.0,0.11945460632324219,False,REGULAR,USD,call,2026-06-01,6,745.6400146484375,1.0179174736992376,1.09,0.018348623853211024
SPY260601C00760000,2026-05-22 20:11:51+00:00,760.0,0.92,0.91,0.93,0.19,26.027397,1338.0,665.0,0.11853908813476563,False,REGULAR,USD,call,2026-06-01,6,745.6400146484375,1.0192586034406068,0.92,0.021739130434782625
SPY260601C00761000,2026-05-22 20:11:06+00:00,761.0,0.77,0.76,0.78,0.17000002,28.33334,250.0,78.0,0.11756253540039063,False,REGULAR,USD,call,2026-06-01,6,745.6400146484375,1.020599733181976,0.77,0.025974025974025997
SPY260601C00762000,2026-05-22 20:05:35+00:00,762.0,0.65,0.64,0.65,0.17000002,35.416676,172.0,251.0,0.1167080517578125,False,REGULAR,USD,call,2026-06-01,6,745.6400146484375,1.0219408629233453,0.645,0.015503875968992262
SPY260601C00763000,2026-05-22 20:00:57+00:00,763.0,0.52,0.52,0.54,0.120000005,30.000004,491.0,216.0,0.11597563720703125,False,REGULAR,USD,call,2026-06-01,6,745.6400146484375,1.0232819926647145,0.53,0.03773584905660381
SPY260601C00764000,2026-05-22 20:12:05+00:00,764.0,0.43,0.43,0.45,0.13999999,48.275852,1069.0,534.0,0.11548736083984376,False,REGULAR,USD,call,2026-06-01,6,745.6400146484375,1.0246231224060838,0.44,0.0454545454545455
SPY260601C00765000,2026-05-22 20:09:16+00:00,765.0,0.37,0.36,0.37,0.06999999,23.33333,261.0,436.0,0.11487701538085937,False,REGULAR,USD,call,2026-06-01,6,745.6400146484375,1.0259642521474528,0.365,0.02739726027397263
SPY260601C00766000,2026-05-22 20:03:27+00:00,766.0,0.3,0.29,0.31,0.09,42.857143,377.0,52.0,0.11487701538085937,False,REGULAR,USD,call,2026-06-01,6,745.6400146484375,1.027305381888822,0.3,0.06666666666666674
SPY260601C00767000,2026-05-22 19:53:27+00:00,767.0,0.27,0.24,0.25,0.099999994,58.82352,254.0,70.0,0.11402253173828125,False,REGULAR,USD,call,2026-06-01,6,745.6400146484375,1.0286465116301913,0.245,0.04081632653061228
SPY260601C00768000,2026-05-22 20:00:37+00:00,768.0,0.2,0.2,0.21,0.049999997,33.333332,1229.0,25.0,0.11438873901367189,False,REGULAR,USD,call,2026-06-01,6,745.6400146484375,1.0299876413715605,0.20500000000000002,0.04878048780487795
SPY260601C00769000,2026-05-22 16:17:27+00:00,769.0,0.2,0.16,0.17,0.09,81.818184,11.0,190.0,0.11402253173828125,False,REGULAR,USD,call,2026-06-01,6,745.6400146484375,1.0313287711129298,0.165,0.060606060606060656
SPY260601C00770000,2026-05-22 20:14:39+00:00,770.0,0.15,0.13,0.14,0.060000002,66.66667,187.0,726.0,0.11402253173828125,False,REGULAR,USD,call,2026-06-01,6,745.6400146484375,1.032669900854299,0.135,0.07407407407407414
SPY260601C00771000,2026-05-22 18:30:43+00:00,771.0,0.13,0.11,0.12,0.060000002,85.7143,94.0,112.0,0.11499908447265625,False,REGULAR,USD,call,2026-06-01,6,745.6400146484375,1.0340110305956682,0.11499999999999999,0.0869565217391304
SPY260601C00772000,2026-05-22 19:38:33+00:00,772.0,0.1,0.09,0.1,0.009999998,11.111108,32.0,1076.0,0.11524322265625,False,REGULAR,USD,call,2026-06-01,6,745.6400146484375,1.0353521603370375,0.095,0.10526315789473693
SPY260601C00773000,2026-05-22 17:28:28+00:00,773.0,0.11,0.08,0.09,0.009999998,9.999998,1.0,618.0,0.117196328125,False,REGULAR,USD,call,2026-06-01,6,745.6400146484375,1.0366932900784067,0.08499999999999999,0.11764705882352937
SPY260601C00774000,2026-05-22 18:04:15+00:00,774.0,0.09,0.07,0.08,0.009999998,12.499996,3.0,0.0,0.1186611572265625,False,REGULAR,USD,call,2026-06-01,6,745.6400146484375,1.038034419819776,0.07500000000000001,0.13333333333333325
SPY260601C00775000,2026-05-22 20:00:25+00:00,775.0,0.06,0.06,0.07,0.03,100.0,117.0,30.0,0.11963770996093749,False,REGULAR,USD,call,2026-06-01,6,745.6400146484375,1.0393755495611452,0.065,0.15384615384615397
SPY260601C00776000,2026-05-22 19:54:06+00:00,776.0,0.06,0.05,0.06,0.03,100.0,14.0,69.0,0.1206142626953125,False,REGULAR,USD,call,2026-06-01,6,745.6400146484375,1.0407166793025142,0.055,0.18181818181818174
SPY260601C00777000,2026-05-22 19:54:06+00:00,777.0,0.05,0.04,0.05,0.02,66.666664,5.0,59.0,0.1211025390625,False,REGULAR,USD,call,2026-06-01,6,745.6400146484375,1.0420578090438835,0.045,0.22222222222222227
SPY260601C00778000,2026-05-22 20:03:33+00:00,778.0,0.04,0.04,0.05,0.01,33.333336,40.0,634.0,0.124032197265625,False,REGULAR,USD,call,2026-06-01,6,745.6400146484375,1.0433989387852527,0.045,0.22222222222222227
SPY260601C00779000,2026-05-22 19:54:06+00:00,779.0,0.04,0.04,0.05,0.02,100.0,106.0,528.0,0.1274501318359375,False,REGULAR,USD,call,2026-06-01,6,745.6400146484375,1.044740068526622,0.045,0.22222222222222227
SPY260601C00780000,2026-05-22 19:54:06+00:00,780.0,0.04,0.03,0.04,0.02,100.0,254.0,582.0,0.12696185546875,False,REGULAR,USD,call,2026-06-01,6,745.6400146484375,1.0460811982679912,0.035,0.28571428571428575
SPY260601C00785000,2026-05-22 19:54:06+00:00,785.0,0.03,0.02,0.03,0.01,50.0,122.0,396.0,0.13868048828125001,False,REGULAR,USD,call,2026-06-01,6,745.6400146484375,1.0527868469748374,0.025,0.3999999999999999
SPY260601C00790000,2026-05-22 19:54:06+00:00,790.0,0.02,0.02,0.03,0.0,0.0,504.0,161.0,0.15332877929687502,False,REGULAR,USD,call,2026-06-01,6,745.6400146484375,1.0594924956816834,0.025,0.3999999999999999
SPY260602C00660000,2026-05-22 19:24:03+00:00,660.0,86.9,85.26,88.07,-1.199997,-1.3620851,4.0,0.0,0.5661664477539063,True,REGULAR,USD,call,2026-06-02,7,745.6400146484375,0.8851456293036849,86.66499999999999,0.03242370045577786
SPY260602C00670000,2026-05-19 16:12:35+00:00,670.0,64.11,75.3,78.1,0.0,0.0,,1.0,0.5139208764648437,True,REGULAR,USD,call,2026-06-02,7,745.6400146484375,0.8985569267173771,76.69999999999999,0.03650586701434156
SPY260602C00675000,2026-05-19 14:07:22+00:00,675.0,60.59,70.33,73.13,0.0,0.0,,1.0,0.488408436279297,True,REGULAR,USD,call,2026-06-02,7,745.6400146484375,0.9052625754242232,71.72999999999999,0.03903527115572281
SPY260602C00685000,2026-05-19 18:46:57+00:00,685.0,53.04,60.38,63.18,0.0,0.0,,0.0,0.43628493408203123,True,REGULAR,USD,call,2026-06-02,7,745.6400146484375,0.9186738728379154,61.78,0.04532211071544184
SPY260602C00696000,2026-05-21 18:25:09+00:00,696.0,48.71,49.49,52.28,0.0,0.0,,1.0,0.3797669445800781,True,REGULAR,USD,call,2026-06-02,7,745.6400146484375,0.9334262999929768,50.885000000000005,0.05482951753954994
SPY260602C00700000,2026-05-21 13:54:32+00:00,700.0,41.0,45.54,48.34,0.0,0.0,,5.0,0.35962554443359374,True,REGULAR,USD,call,2026-06-02,7,745.6400146484375,0.9387908189584536,46.94,0.05965061780997027
SPY260602C00710000,2026-05-20 15:58:49+00:00,710.0,32.72,35.74,38.54,0.0,0.0,,1.0,0.30933307861328124,True,REGULAR,USD,call,2026-06-02,7,745.6400146484375,0.9522021163721458,37.14,0.07539041464728048
SPY260602C00712000,2026-05-22 14:36:00+00:00,712.0,35.14,33.8,36.6,0.0,0.0,1.0,0.0,0.2995675512695312,True,REGULAR,USD,call,2026-06-02,7,745.6400146484375,0.9548843758548843,35.2,0.07954545454545466
SPY260602C00714000,2026-05-22 17:28:30+00:00,714.0,34.98,31.87,34.67,0.0,0.0,2.0,0.0,0.2899851275634765,True,REGULAR,USD,call,2026-06-02,7,745.6400146484375,0.9575666353376227,33.27,0.08415990381725279
SPY260602C00715000,2026-05-22 17:49:59+00:00,715.0,34.02,30.91,33.72,5.6900005,20.084719,2.0,2.0,0.285590640258789,True,REGULAR,USD,call,2026-06-02,7,745.6400146484375,0.9589077650789919,32.315,0.0869565217391304
SPY260602C00719000,2026-05-22 18:39:30+00:00,719.0,29.75,27.1,29.91,-0.020000458,-0.06718326,4.0,0.0,0.26697510375976563,True,REGULAR,USD,call,2026-06-02,7,745.6400146484375,0.9642722840444689,28.505000000000003,0.09857919663216974
SPY260602C00720000,2026-05-22 18:53:51+00:00,720.0,28.75,26.15,28.95,3.630001,14.450643,5.0,3.0,0.26190923645019537,True,REGULAR,USD,call,2026-06-02,7,745.6400146484375,0.965613413785838,27.549999999999997,0.10163339382940112
SPY260602C00721000,2026-05-22 18:39:30+00:00,721.0,27.86,26.23,28.01,4.040001,16.960543,4.0,11.0,0.25739268005371096,True,REGULAR,USD,call,2026-06-02,7,745.6400146484375,0.9669545435272072,27.12,0.06563421828908558
SPY260602C00723000,2026-05-22 18:39:30+00:00,723.0,25.98,23.36,26.14,3.6499996,16.345722,4.0,3.0,0.2483595672607422,True,REGULAR,USD,call,2026-06-02,7,745.6400146484375,0.9696368030099457,24.75,0.11232323232323237
SPY260602C00724000,2026-05-22 18:39:30+00:00,724.0,25.04,23.53,24.06,4.040001,19.2381,4.0,21.0,0.20850400878906244,True,REGULAR,USD,call,2026-06-02,7,745.6400146484375,0.9709779327513149,23.795,0.022273586888001577
SPY260602C00725000,2026-05-22 19:01:55+00:00,725.0,23.72,22.63,23.13,3.0,14.4787655,13.0,21.0,0.20459779785156246,True,REGULAR,USD,call,2026-06-02,7,745.6400146484375,0.9723190624926841,22.88,0.021853146853146856
SPY260602C00727000,2026-05-22 18:39:30+00:00,727.0,22.25,20.82,21.32,4.3600006,24.371162,85.0,18.0,0.19788399780273438,True,REGULAR,USD,call,2026-06-02,7,745.6400146484375,0.9750013219754226,21.07,0.023730422401518746
SPY260602C00728000,2026-05-22 19:30:17+00:00,728.0,19.64,19.95,20.42,3.3600006,20.638826,5.0,49.0,0.19440502868652343,True,REGULAR,USD,call,2026-06-02,7,745.6400146484375,0.9763424517167918,20.185000000000002,0.023284617290067
SPY260602C00729000,2026-05-22 17:30:00+00:00,729.0,21.8,19.08,19.51,4.7700005,28.0094,6.0,3.0,0.19043778320312502,True,REGULAR,USD,call,2026-06-02,7,745.6400146484375,0.977683581458161,19.295,0.022285566208862566
SPY260602C00730000,2026-05-22 18:51:33+00:00,730.0,19.35,18.19,18.63,4.1100006,26.96851,26.0,126.0,0.18720295227050782,True,REGULAR,USD,call,2026-06-02,7,745.6400146484375,0.9790247111995302,18.41,0.023900054318305147
SPY260602C00731000,2026-05-21 17:48:28+00:00,731.0,16.21,17.33,17.77,0.0,0.0,,4.0,0.1842732940673828,True,REGULAR,USD,call,2026-06-02,7,745.6400146484375,0.9803658409408994,17.549999999999997,0.02507122507122515
SPY260602C00732000,2026-05-20 17:13:47+00:00,732.0,13.17,16.43,16.92,0.0,0.0,,318.0,0.181374153137207,True,REGULAR,USD,call,2026-06-02,7,745.6400146484375,0.9817069706822686,16.675,0.029385307346326956
SPY260602C00733000,2026-05-22 17:20:06+00:00,733.0,16.81,15.64,16.04,4.91,41.260506,4.0,5.0,0.1774374249267578,True,REGULAR,USD,call,2026-06-02,7,745.6400146484375,0.9830481004236379,15.84,0.025252525252525162
SPY260602C00734000,2026-05-22 18:39:29+00:00,734.0,16.1,14.83,15.2,3.2700005,25.487143,8.0,314.0,0.17432466308593753,True,REGULAR,USD,call,2026-06-02,7,745.6400146484375,0.9843892301650071,15.015,0.024642024642024588
SPY260602C00735000,2026-05-22 19:07:10+00:00,735.0,14.44,14.02,14.38,2.7799997,23.842194,19.0,310.0,0.17145603942871096,True,REGULAR,USD,call,2026-06-02,7,745.6400146484375,0.9857303599063764,14.2,0.025352112676056426
SPY260602C00736000,2026-05-22 17:20:18+00:00,736.0,14.36,13.22,13.55,2.83,24.544666,64.0,132.0,0.1680686221313477,True,REGULAR,USD,call,2026-06-02,7,745.6400146484375,0.9870714896477455,13.385000000000002,0.024654463952185283
SPY260602C00737000,2026-05-22 19:55:12+00:00,737.0,12.48,12.4,12.78,0.47999954,3.9999962,11.0,67.0,0.1658103439331055,True,REGULAR,USD,call,2026-06-02,7,745.6400146484375,0.9884126193891147,12.59,0.030182684670373234
SPY260602C00738000,2026-05-22 18:39:29+00:00,738.0,12.82,11.61,12.01,2.62,25.686274,59.0,131.0,0.1632163757324219,True,REGULAR,USD,call,2026-06-02,7,745.6400146484375,0.989753749130484,11.809999999999999,0.033869602032176156
SPY260602C00739000,2026-05-22 18:39:29+00:00,739.0,12.04,10.9,11.24,2.5199995,26.470581,991.0,171.0,0.16028671752929688,True,REGULAR,USD,call,2026-06-02,7,745.6400146484375,0.9910948788718532,11.07,0.030713640469738016
SPY260602C00740000,2026-05-22 19:50:22+00:00,740.0,10.09,10.16,10.44,0.9899998,10.879118,528.0,716.0,0.15631947204589847,True,REGULAR,USD,call,2026-06-02,7,745.6400146484375,0.9924360086132225,10.3,0.027184466019417413
SPY260602C00741000,2026-05-22 18:39:29+00:00,741.0,10.53,9.46,9.78,2.2300005,26.86748,117.0,220.0,0.1550987811279297,True,REGULAR,USD,call,2026-06-02,7,745.6400146484375,0.9937771383545916,9.620000000000001,0.033264033264033106
SPY260602C00742000,2026-05-22 18:39:29+00:00,742.0,9.82,8.74,9.07,2.5100002,34.336533,161.0,286.0,0.15241326110839848,True,REGULAR,USD,call,2026-06-02,7,745.6400146484375,0.9951182680959608,8.905000000000001,0.03705783267827064
SPY260602C00743000,2026-05-22 18:32:05+00:00,743.0,9.07,8.08,8.4,2.0100002,28.47026,74.0,301.0,0.15012446563720705,True,REGULAR,USD,call,2026-06-02,7,745.6400146484375,0.9964593978373301,8.24,0.03883495145631071
SPY260602C00744000,2026-05-22 19:43:14+00:00,744.0,7.43,7.44,7.74,0.8299999,12.575756,195.0,97.0,0.1476220492553711,True,REGULAR,USD,call,2026-06-02,7,745.6400146484375,0.9978005275786993,7.59,0.03952569169960472
SPY260602C00745000,2026-05-22 19:58:38+00:00,745.0,7.07,6.98,7.02,1.0799999,18.030048,331.0,627.0,0.1433801483154297,True,REGULAR,USD,call,2026-06-02,7,745.6400146484375,0.9991416573200685,7.0,0.005714285714285593
SPY260602C00746000,2026-05-22 20:10:32+00:00,746.0,6.32,6.38,6.42,0.8699999,15.9633,333.0,421.0,0.1412134219360352,False,REGULAR,USD,call,2026-06-02,7,745.6400146484375,1.0004827870614377,6.4,0.0062500000000000056
SPY260602C00747000,2026-05-22 20:09:43+00:00,747.0,5.76,5.82,5.86,0.8200002,16.599194,614.0,261.0,0.13938238555908206,False,REGULAR,USD,call,2026-06-02,7,745.6400146484375,1.001823916802807,5.84,0.006849315068493157
SPY260602C00748000,2026-05-22 20:10:05+00:00,748.0,5.25,5.28,5.32,0.8699999,19.86301,709.0,161.0,0.1374597973632813,False,REGULAR,USD,call,2026-06-02,7,745.6400146484375,1.0031650465441762,5.300000000000001,0.00754716981132076
SPY260602C00749000,2026-05-22 20:12:24+00:00,749.0,4.74,4.77,4.81,0.71000004,17.617868,363.0,152.0,0.13559824371337892,False,REGULAR,USD,call,2026-06-02,7,745.6400146484375,1.0045061762855454,4.789999999999999,0.008350730688935291
SPY260602C00750000,2026-05-22 20:03:36+00:00,750.0,4.22,4.3,4.33,0.6500001,18.207287,541.0,525.0,0.13382824188232423,False,REGULAR,USD,call,2026-06-02,7,745.6400146484375,1.0058473060269146,4.3149999999999995,0.006952491309385921
SPY260602C00751000,2026-05-22 19:58:00+00:00,751.0,3.92,3.85,3.88,0.81999993,26.451609,418.0,78.0,0.13214979187011722,False,REGULAR,USD,call,2026-06-02,7,745.6400146484375,1.0071884357682839,3.865,0.007761966364812368
SPY260602C00752000,2026-05-22 19:18:00+00:00,752.0,3.57,3.43,3.47,0.6700001,23.10345,153.0,95.0,0.1307154800415039,False,REGULAR,USD,call,2026-06-02,7,745.6400146484375,1.0085295655096531,3.45,0.011594202898550735
SPY260602C00753000,2026-05-22 19:27:24+00:00,753.0,3.1,3.05,3.08,0.76,32.478634,242.0,211.0,0.12915909912109375,False,REGULAR,USD,call,2026-06-02,7,745.6400146484375,1.0098706952510224,3.065,0.009787928221859787
SPY260602C00754000,2026-05-22 19:56:11+00:00,754.0,2.7,2.7,2.73,0.49,22.171946,194.0,34.0,0.12787737365722657,False,REGULAR,USD,call,2026-06-02,7,745.6400146484375,1.0112118249923914,2.715,0.011049723756906006
SPY260602C00755000,2026-05-22 20:00:01+00:00,755.0,2.4,2.37,2.4,0.3699999,18.226593,474.0,197.0,0.12647357910156248,False,REGULAR,USD,call,2026-06-02,7,745.6400146484375,1.0125529547337606,2.385,0.012578616352201177
SPY260602C00756000,2026-05-22 19:38:47+00:00,756.0,2.11,2.08,2.1,0.45000005,27.10844,204.0,441.0,0.12513081909179688,False,REGULAR,USD,call,2026-06-02,7,745.6400146484375,1.0138940844751299,2.09,0.00956937799043063
SPY260602C00757000,2026-05-22 20:11:33+00:00,757.0,1.8,1.81,1.84,0.29999995,19.999998,193.0,157.0,0.12421530090332032,False,REGULAR,USD,call,2026-06-02,7,745.6400146484375,1.015235214216499,1.8250000000000002,0.016438356164383574
SPY260602C00758000,2026-05-22 20:11:33+00:00,758.0,1.55,1.57,1.59,0.37,31.355936,118.0,149.0,0.12287254089355469,False,REGULAR,USD,call,2026-06-02,7,745.6400146484375,1.0165763439578683,1.58,0.012658227848101276
SPY260602C00759000,2026-05-22 19:00:15+00:00,759.0,1.54,1.35,1.38,0.59,62.105263,141.0,153.0,0.12207909179687501,False,REGULAR,USD,call,2026-06-02,7,745.6400146484375,1.0179174736992376,1.365,0.021978021978021834
SPY260602C00760000,2026-05-22 20:12:32+00:00,760.0,1.17,1.16,1.18,0.34000003,40.963863,129.0,290.0,0.1209194354248047,False,REGULAR,USD,call,2026-06-02,7,745.6400146484375,1.0192586034406068,1.17,0.01709401709401711
SPY260602C00761000,2026-05-22 19:45:55+00:00,761.0,1.01,0.99,1.01,0.17000002,20.238098,76.0,16.0,0.12000391723632811,False,REGULAR,USD,call,2026-06-02,7,745.6400146484375,1.020599733181976,1.0,0.020000000000000018
SPY260602C00762000,2026-05-22 19:00:15+00:00,762.0,0.97,0.84,0.86,0.34000003,53.968258,13.0,7.0,0.11921046813964843,False,REGULAR,USD,call,2026-06-02,7,745.6400146484375,1.0219408629233453,0.85,0.023529411764705903
SPY260602C00763000,2026-05-22 20:03:54+00:00,763.0,0.71,0.71,0.73,0.0,0.0,129.0,11.0,0.11853908813476563,False,REGULAR,USD,call,2026-06-02,7,745.6400146484375,1.0232819926647145,0.72,0.027777777777777804
SPY260602C00764000,2026-05-22 18:39:27+00:00,764.0,0.73,0.59,0.61,0.28,62.222218,167.0,11.0,0.1175015008544922,False,REGULAR,USD,call,2026-06-02,7,745.6400146484375,1.0246231224060838,0.6,0.03333333333333337
SPY260602C00765000,2026-05-22 20:01:41+00:00,765.0,0.48,0.5,0.51,0.15,45.45455,31.0,434.0,0.1167080517578125,False,REGULAR,USD,call,2026-06-02,7,745.6400146484375,1.0259642521474528,0.505,0.01980198019801982
SPY260602C00766000,2026-05-22 19:56:15+00:00,766.0,0.44,0.41,0.43,0.15,51.72414,207.0,9.0,0.11646391357421876,False,REGULAR,USD,call,2026-06-02,7,745.6400146484375,1.027305381888822,0.42,0.047619047619047665
SPY260602C00767000,2026-05-22 19:51:53+00:00,767.0,0.36,0.34,0.36,0.120000005,50.0,258.0,273.0,0.11597563720703125,False,REGULAR,USD,call,2026-06-02,7,745.6400146484375,1.0286465116301913,0.35,0.05714285714285704
SPY260602C00768000,2026-05-22 20:03:54+00:00,768.0,0.3,0.29,0.3,0.0,0.0,8.0,4.0,0.1157314990234375,False,REGULAR,USD,call,2026-06-02,7,745.6400146484375,1.0299876413715605,0.295,0.0338983050847458
SPY260602C00769000,2026-05-22 19:51:54+00:00,769.0,0.25,0.24,0.25,0.06999999,38.888885,57.0,38.0,0.11548736083984376,False,REGULAR,USD,call,2026-06-02,7,745.6400146484375,1.0313287711129298,0.245,0.04081632653061228
SPY260602C00770000,2026-05-22 19:53:57+00:00,770.0,0.22,0.2,0.21,0.08,57.142853,44.0,104.0,0.11548736083984376,False,REGULAR,USD,call,2026-06-02,7,745.6400146484375,1.032669900854299,0.20500000000000002,0.04878048780487795
SPY260602C00771000,2026-05-22 19:58:40+00:00,771.0,0.18,0.16,0.18,0.08,79.99999,157.0,17.0,0.11597563720703125,False,REGULAR,USD,call,2026-06-02,7,745.6400146484375,1.0340110305956682,0.16999999999999998,0.11764705882352937
SPY260602C00772000,2026-05-22 19:48:11+00:00,772.0,0.15,0.14,0.15,0.049999997,49.999992,1.0,1995.0,0.11597563720703125,False,REGULAR,USD,call,2026-06-02,7,745.6400146484375,1.0353521603370375,0.14500000000000002,0.06896551724137917
SPY260602C00773000,2026-05-22 19:36:55+00:00,773.0,0.13,0.12,0.13,0.049999997,62.5,251.0,1054.0,0.1167080517578125,False,REGULAR,USD,call,2026-06-02,7,745.6400146484375,1.0366932900784067,0.125,0.08000000000000007
SPY260602C00774000,2026-05-22 19:32:14+00:00,774.0,0.1,0.1,0.11,-0.009999998,-9.090907,317.0,136.0,0.117196328125,False,REGULAR,USD,call,2026-06-02,7,745.6400146484375,1.038034419819776,0.10500000000000001,0.09523809523809518
SPY260602C00775000,2026-05-22 18:30:43+00:00,775.0,0.1,0.08,0.09,0.06,149.99998,32.0,25.0,0.117196328125,False,REGULAR,USD,call,2026-06-02,7,745.6400146484375,1.0393755495611452,0.08499999999999999,0.11764705882352937
SPY260602C00776000,2026-05-22 16:34:06+00:00,776.0,0.09,0.07,0.08,-0.009999998,-9.999998,5.0,0.0,0.118172880859375,False,REGULAR,USD,call,2026-06-02,7,745.6400146484375,1.0407166793025142,0.07500000000000001,0.13333333333333325
SPY260602C00777000,2026-05-22 19:42:53+00:00,777.0,0.07,0.06,0.07,-0.030000001,-30.000002,8.0,10.0,0.11914943359374999,False,REGULAR,USD,call,2026-06-02,7,745.6400146484375,1.0420578090438835,0.065,0.15384615384615397
SPY260602C00778000,2026-05-22 14:02:21+00:00,778.0,0.08,0.06,0.07,0.0,0.0,2.0,0.0,0.12256736816406251,False,REGULAR,USD,call,2026-06-02,7,745.6400146484375,1.0433989387852527,0.065,0.15384615384615397
SPY260602C00779000,2026-05-22 19:54:06+00:00,779.0,0.06,0.05,0.06,0.03,100.0,13.0,60.0,0.12305564453125001,False,REGULAR,USD,call,2026-06-02,7,745.6400146484375,1.044740068526622,0.055,0.18181818181818174
SPY260602C00780000,2026-05-22 19:55:16+00:00,780.0,0.05,0.04,0.05,0.02,66.666664,315.0,99.0,0.12305564453125001,False,REGULAR,USD,call,2026-06-02,7,745.6400146484375,1.0460811982679912,0.045,0.22222222222222227
SPY260602C00785000,2026-05-22 19:36:31+00:00,785.0,0.03,0.03,0.04,0.01,50.0,79.0,122.0,0.13477427734375003,False,REGULAR,USD,call,2026-06-02,7,745.6400146484375,1.0527868469748374,0.035,0.28571428571428575
SPY260602C00790000,2026-05-22 19:54:06+00:00,790.0,0.03,0.02,0.03,0.01,50.0,94.0,334.0,0.1445398046875,False,REGULAR,USD,call,2026-06-02,7,745.6400146484375,1.0594924956816834,0.025,0.3999999999999999
SPY260602C00795000,2026-05-22 19:54:06+00:00,795.0,0.02,0.02,0.03,0.0,0.0,122.0,127.0,0.15821154296875,False,REGULAR,USD,call,2026-06-02,7,745.6400146484375,1.0661981443885296,0.025,0.3999999999999999
SPY260603C00660000,2026-05-22 19:35:47+00:00,660.0,86.67,85.37,88.16,6.8899994,8.636249,2.0,5.0,0.5420578021240237,True,REGULAR,USD,call,2026-06-03,8,745.6400146484375,0.8851456293036849,86.765,0.032155823200599225
SPY260603C00680000,2026-05-20 20:05:24+00:00,680.0,62.29,65.47,68.27,0.0,0.0,,1.0,0.44421942504882805,True,REGULAR,USD,call,2026-06-03,8,745.6400146484375,0.9119682241310693,66.87,0.041872289516973187
SPY260603C00700000,2026-05-22 14:16:26+00:00,700.0,47.03,45.7,48.5,0.0,0.0,1.0,0.0,0.3474186352539062,True,REGULAR,USD,call,2026-06-03,8,745.6400146484375,0.9387908189584536,47.1,0.059447983014861934
SPY260603C00705000,2026-05-20 15:24:06+00:00,705.0,37.47,40.81,43.61,0.0,0.0,,1.0,0.32392033508300777,True,REGULAR,USD,call,2026-06-03,8,745.6400146484375,0.9454964676652997,42.21,0.06633499170812597
SPY260603C00710000,2026-05-20 19:47:08+00:00,710.0,33.51,35.95,38.75,0.0,0.0,,6.0,0.3006661730957031,True,REGULAR,USD,call,2026-06-03,8,745.6400146484375,0.9522021163721458,37.35,0.07496653279785802
SPY260603C00712000,2026-05-21 15:31:10+00:00,712.0,29.18,34.02,36.82,0.0,0.0,,1.0,0.2915109912109374,True,REGULAR,USD,call,2026-06-03,8,745.6400146484375,0.9548843758548843,35.42,0.0790513833992094
SPY260603C00715000,2026-05-22 17:50:00+00:00,715.0,34.21,31.15,33.95,3.5300007,11.50587,2.0,10.0,0.2782054602050781,True,REGULAR,USD,call,2026-06-03,8,745.6400146484375,0.9589077650789919,32.55,0.08602150537634422
SPY260603C00719000,2026-05-22 17:28:31+00:00,719.0,30.36,27.37,30.18,0.0,0.0,1.0,0.0,0.26129889099121095,True,REGULAR,USD,call,2026-06-03,8,745.6400146484375,0.9642722840444689,28.775,0.09765421372719371
SPY260603C00720000,2026-05-22 13:45:32+00:00,720.0,29.63,27.5,29.23,3.7299995,14.401543,10.0,4.0,0.25666026550292964,True,REGULAR,USD,call,2026-06-03,8,745.6400146484375,0.965613413785838,28.365000000000002,0.06099065750044069
SPY260603C00725000,2026-05-22 14:23:25+00:00,725.0,22.28,22.97,23.48,3.6599998,19.65628,2.0,27.0,0.20447572875976558,True,REGULAR,USD,call,2026-06-03,8,745.6400146484375,0.9723190624926841,23.225,0.021959095801937632
SPY260603C00726000,2026-05-22 20:03:13+00:00,726.0,21.9,22.06,22.59,4.1000004,23.03371,11.0,25.0,0.20151555328369142,True,REGULAR,USD,call,2026-06-03,8,745.6400146484375,0.9736601922340533,22.325,0.02374020156774921
SPY260603C00730000,2026-05-21 16:38:21+00:00,730.0,13.84,18.55,19.03,0.0,0.0,,23.0,0.18805743591308594,True,REGULAR,USD,call,2026-06-03,8,745.6400146484375,0.9790247111995302,18.79,0.0255455029270889
SPY260603C00732000,2026-05-21 17:47:40+00:00,732.0,15.97,16.86,17.33,0.0,0.0,,14.0,0.1823201885986328,True,REGULAR,USD,call,2026-06-03,8,745.6400146484375,0.9817069706822686,17.095,0.027493419128400053
SPY260603C00733000,2026-05-22 17:31:12+00:00,733.0,18.27,16.04,16.48,0.7900009,4.5194564,8.0,0.0,0.1790853576660156,True,REGULAR,USD,call,2026-06-03,8,745.6400146484375,0.9830481004236379,16.259999999999998,0.027060270602706108
SPY260603C00734000,2026-05-22 13:55:31+00:00,734.0,16.66,15.2,15.7,5.13,44.49263,31.0,30.0,0.17731535583496094,True,REGULAR,USD,call,2026-06-03,8,745.6400146484375,0.9843892301650071,15.45,0.03236245954692557
SPY260603C00735000,2026-05-22 19:57:13+00:00,735.0,14.6,14.44,14.83,1.8699999,14.689708,36.0,49.0,0.17319552398681642,True,REGULAR,USD,call,2026-06-03,8,745.6400146484375,0.9857303599063764,14.635,0.026648445507345443
SPY260603C00736000,2026-05-22 14:00:00+00:00,736.0,14.94,13.62,14.03,2.9300003,24.396341,1.0,4.0,0.17041845214843754,True,REGULAR,USD,call,2026-06-03,8,745.6400146484375,0.9870714896477455,13.825,0.029656419529837264
SPY260603C00737000,2026-05-21 17:47:40+00:00,737.0,12.2,12.86,13.32,0.0,0.0,,19.0,0.1694113821411133,True,REGULAR,USD,call,2026-06-03,8,745.6400146484375,0.9884126193891147,13.09,0.03514132925897638
SPY260603C00738000,2026-05-22 15:46:33+00:00,738.0,13.6,12.07,12.47,2.9799995,28.060257,16.0,240.0,0.16498637756347656,True,REGULAR,USD,call,2026-06-03,8,745.6400146484375,0.989753749130484,12.27,0.03259983700081503
SPY260603C00739000,2026-05-22 15:46:33+00:00,739.0,12.82,11.33,11.72,2.88,28.973845,4.0,136.0,0.1624229266357422,True,REGULAR,USD,call,2026-06-03,8,745.6400146484375,0.9910948788718532,11.525,0.03383947939262478
SPY260603C00740000,2026-05-22 18:15:57+00:00,740.0,11.52,10.67,10.96,2.0200005,21.263163,52.0,436.0,0.1593711993408203,True,REGULAR,USD,call,2026-06-03,8,745.6400146484375,0.9924360086132225,10.815000000000001,0.026814609338881266
SPY260603C00741000,2026-05-22 19:42:09+00:00,741.0,9.9,9.94,10.28,1.3000002,15.1162815,43.0,89.0,0.15766223205566404,True,REGULAR,USD,call,2026-06-03,8,745.6400146484375,0.9937771383545916,10.11,0.03363006923837783
SPY260603C00742000,2026-05-22 15:58:40+00:00,742.0,10.53,9.25,9.58,2.3100004,28.102198,4.0,136.0,0.15515981567382814,True,REGULAR,USD,call,2026-06-03,8,745.6400146484375,0.9951182680959608,9.415,0.035050451407328743
SPY260603C00743000,2026-05-22 15:58:40+00:00,743.0,9.87,8.56,8.9,2.2799997,30.039522,29.0,337.0,0.15271843383789066,True,REGULAR,USD,call,2026-06-03,8,745.6400146484375,0.9964593978373301,8.73,0.03894616265750284
SPY260603C00744000,2026-05-22 19:28:16+00:00,744.0,8.17,7.95,8.32,1.3000002,18.922857,8.0,44.0,0.15189446746826174,True,REGULAR,USD,call,2026-06-03,8,745.6400146484375,0.9978005275786993,8.135,0.04548248309772589
SPY260603C00745000,2026-05-22 19:48:46+00:00,745.0,7.24,7.5,7.54,0.72000027,11.04295,171.0,318.0,0.14658446197509767,True,REGULAR,USD,call,2026-06-03,8,745.6400146484375,0.9991416573200685,7.52,0.005319148936170218
SPY260603C00746000,2026-05-22 19:59:00+00:00,746.0,7.03,6.9,6.94,1.1599998,19.761496,237.0,123.0,0.1445398046875,False,REGULAR,USD,call,2026-06-03,8,745.6400146484375,1.0004827870614377,6.92,0.0057803468208092535
SPY260603C00747000,2026-05-22 20:14:11+00:00,747.0,6.34,6.33,6.37,1.2799997,25.296434,563.0,58.0,0.14261721649169923,False,REGULAR,USD,call,2026-06-03,8,745.6400146484375,1.001823916802807,6.35,0.006299212598425203
SPY260603C00748000,2026-05-22 20:14:11+00:00,748.0,5.8,5.79,5.83,0.84000015,16.935488,504.0,58.0,0.14084721466064454,False,REGULAR,USD,call,2026-06-03,8,745.6400146484375,1.0031650465441762,5.8100000000000005,0.00688468158347677
SPY260603C00749000,2026-05-22 20:14:48+00:00,749.0,5.27,5.28,5.31,0.88999987,20.319632,381.0,107.0,0.13898566101074222,False,REGULAR,USD,call,2026-06-03,8,745.6400146484375,1.0045061762855454,5.295,0.005665722379603279
SPY260603C00750000,2026-05-22 20:14:33+00:00,750.0,4.83,4.79,4.83,0.6799998,16.385538,741.0,699.0,0.1374597973632813,False,REGULAR,USD,call,2026-06-03,8,745.6400146484375,1.0058473060269146,4.8100000000000005,0.008316008316008322
SPY260603C00751000,2026-05-22 20:13:54+00:00,751.0,4.33,4.33,4.37,0.74,20.612814,228.0,83.0,0.13581186462402345,False,REGULAR,USD,call,2026-06-03,8,745.6400146484375,1.0071884357682839,4.35,0.009195402298850583
SPY260603C00752000,2026-05-22 19:44:18+00:00,752.0,3.94,3.9,3.94,0.9000001,29.605267,135.0,37.0,0.13428600097656251,False,REGULAR,USD,call,2026-06-03,8,745.6400146484375,1.0085295655096531,3.92,0.01020408163265307
SPY260603C00753000,2026-05-22 19:36:16+00:00,753.0,3.59,3.5,3.53,0.3499999,10.802466,386.0,115.0,0.1326380682373047,False,REGULAR,USD,call,2026-06-03,8,745.6400146484375,1.0098706952510224,3.5149999999999997,0.008534850640113743
SPY260603C00754000,2026-05-22 19:49:39+00:00,754.0,3.07,3.13,3.16,0.54999995,21.825396,76.0,147.0,0.13132582550048827,False,REGULAR,USD,call,2026-06-03,8,745.6400146484375,1.0112118249923914,3.145,0.009538950715421383
SPY260603C00755000,2026-05-22 20:00:18+00:00,755.0,2.78,2.78,2.82,0.42000008,17.796616,493.0,442.0,0.13013565185546871,False,REGULAR,USD,call,2026-06-03,8,745.6400146484375,1.0125529547337606,2.8,0.0142857142857143
SPY260603C00756000,2026-05-22 19:55:07+00:00,756.0,2.46,2.47,2.5,0.17000008,7.423584,395.0,108.0,0.1288234091186523,False,REGULAR,USD,call,2026-06-03,8,745.6400146484375,1.0138940844751299,2.4850000000000003,0.012072434607645795
SPY260603C00757000,2026-05-22 19:57:34+00:00,757.0,2.27,2.18,2.21,0.63,38.414635,200.0,109.0,0.12769427001953126,False,REGULAR,USD,call,2026-06-03,8,745.6400146484375,1.015235214216499,2.1950000000000003,0.01366742596810925
SPY260603C00758000,2026-05-22 19:46:29+00:00,758.0,1.82,1.91,1.94,0.28999996,18.954245,301.0,95.0,0.12641254455566403,False,REGULAR,USD,call,2026-06-03,8,745.6400146484375,1.0165763439578683,1.9249999999999998,0.0155844155844156
SPY260603C00759000,2026-05-22 19:29:02+00:00,759.0,1.7,1.67,1.7,0.34000003,25.000004,68.0,42.0,0.12537495727539064,False,REGULAR,USD,call,2026-06-03,8,745.6400146484375,1.0179174736992376,1.685,0.017804154302670638
SPY260603C00760000,2026-05-22 19:58:01+00:00,760.0,1.51,1.46,1.49,0.54,55.670105,388.0,128.0,0.12464254272460937,False,REGULAR,USD,call,2026-06-03,8,745.6400146484375,1.0192586034406068,1.475,0.020338983050847474
SPY260603C00761000,2026-05-22 19:58:01+00:00,761.0,1.3,1.26,1.29,0.3,30.000004,245.0,84.0,0.1235439208984375,False,REGULAR,USD,call,2026-06-03,8,745.6400146484375,1.020599733181976,1.275,0.023529411764705906
SPY260603C00762000,2026-05-22 19:46:49+00:00,762.0,1.07,1.09,1.12,0.27999997,35.44303,385.0,70.0,0.12281150634765625,False,REGULAR,USD,call,2026-06-03,8,745.6400146484375,1.0219408629233453,1.105,0.02714932126696835
SPY260603C00763000,2026-05-22 19:42:04+00:00,763.0,0.95,0.94,0.96,0.24000001,33.80282,137.0,128.0,0.12177391906738282,False,REGULAR,USD,call,2026-06-03,8,745.6400146484375,1.0232819926647145,0.95,0.02105263157894739
SPY260603C00764000,2026-05-22 19:29:02+00:00,764.0,0.82,0.8,0.83,0.20999998,34.426224,386.0,19.0,0.1212856427001953,False,REGULAR,USD,call,2026-06-03,8,745.6400146484375,1.0246231224060838,0.815,0.036809815950920144
SPY260603C00765000,2026-05-22 19:43:56+00:00,765.0,0.71,0.68,0.71,0.16000003,29.090918,200.0,217.0,0.1206142626953125,False,REGULAR,USD,call,2026-06-03,8,745.6400146484375,1.0259642521474528,0.6950000000000001,0.04316546762589916
SPY260603C00766000,2026-05-22 20:02:26+00:00,766.0,0.57,0.58,0.6,0.3,111.11113,68.0,3.0,0.11969874450683593,False,REGULAR,USD,call,2026-06-03,8,745.6400146484375,1.027305381888822,0.59,0.0338983050847458
SPY260603C00767000,2026-05-22 19:45:56+00:00,767.0,0.5,0.49,0.51,-0.14999998,-23.07692,6.0,0.0,0.11914943359374999,False,REGULAR,USD,call,2026-06-03,8,745.6400146484375,1.0286465116301913,0.5,0.040000000000000036
SPY260603C00768000,2026-05-22 16:05:19+00:00,768.0,0.57,0.42,0.44,0.24000001,72.72728,5.0,57.0,0.11914943359374999,False,REGULAR,USD,call,2026-06-03,8,745.6400146484375,1.0299876413715605,0.43,0.046511627906976785
SPY260603C00769000,2026-05-22 20:09:44+00:00,769.0,0.37,0.35,0.37,-0.00999999,-2.6315765,14.0,0.0,0.1186611572265625,False,REGULAR,USD,call,2026-06-03,8,745.6400146484375,1.0313287711129298,0.36,0.05555555555555561
SPY260603C00770000,2026-05-22 19:54:35+00:00,770.0,0.32,0.3,0.32,0.120000005,60.000008,160.0,85.0,0.11890529541015624,False,REGULAR,USD,call,2026-06-03,8,745.6400146484375,1.032669900854299,0.31,0.06451612903225812
SPY260603C00771000,2026-05-22 19:18:57+00:00,771.0,0.27,0.25,0.27,0.14,107.6923,12.0,1.0,0.1186611572265625,False,REGULAR,USD,call,2026-06-03,8,745.6400146484375,1.0340110305956682,0.26,0.07692307692307698
SPY260603C00772000,2026-05-22 13:46:36+00:00,772.0,0.39,0.21,0.23,0.0,0.0,2.0,0.0,0.1186611572265625,False,REGULAR,USD,call,2026-06-03,8,745.6400146484375,1.0353521603370375,0.22,0.090909090909091
SPY260603C00775000,2026-05-22 15:30:35+00:00,775.0,0.19,0.13,0.14,0.1,111.111115,12.0,191.0,0.11890529541015624,False,REGULAR,USD,call,2026-06-03,8,745.6400146484375,1.0393755495611452,0.135,0.07407407407407414
SPY260603C00776000,2026-05-22 15:09:37+00:00,776.0,0.14,0.11,0.13,0.049999997,55.555553,6.0,1.0,0.1206142626953125,False,REGULAR,USD,call,2026-06-03,8,745.6400146484375,1.0407166793025142,0.12,0.1666666666666667
SPY260603C00778000,2026-05-22 14:16:42+00:00,778.0,0.11,0.09,0.1,0.030000001,37.500004,1.0,1.0,0.12232322998046877,False,REGULAR,USD,call,2026-06-03,8,745.6400146484375,1.0433989387852527,0.095,0.10526315789473693
SPY260603C00779000,2026-05-22 19:59:09+00:00,779.0,0.09,0.08,0.09,0.009999998,12.499996,4001.0,0.0,0.1235439208984375,False,REGULAR,USD,call,2026-06-03,8,745.6400146484375,1.044740068526622,0.08499999999999999,0.11764705882352937
SPY260603C00780000,2026-05-21 20:11:57+00:00,780.0,0.06,0.07,0.08,0.0,0.0,,1023.0,0.1245204736328125,False,REGULAR,USD,call,2026-06-03,8,745.6400146484375,1.0460811982679912,0.07500000000000001,0.13333333333333325
SPY260603C00785000,2026-05-22 18:39:51+00:00,785.0,0.05,0.04,0.05,0.010000002,25.000006,58.0,1201.0,0.1313563427734375,False,REGULAR,USD,call,2026-06-03,8,745.6400146484375,1.0527868469748374,0.045,0.22222222222222227
SPY260603C00790000,2026-05-22 19:54:06+00:00,790.0,0.04,0.03,0.04,0.02,100.0,2024.0,111.0,0.141610146484375,False,REGULAR,USD,call,2026-06-03,8,745.6400146484375,1.0594924956816834,0.035,0.28571428571428575
SPY260603C00795000,2026-05-22 19:54:06+00:00,795.0,0.03,0.02,0.03,0.01,50.0,154.0,138.0,0.15039912109375003,False,REGULAR,USD,call,2026-06-03,8,745.6400146484375,1.0661981443885296,0.025,0.3999999999999999
SPY260603C00800000,2026-05-22 19:54:06+00:00,800.0,0.03,0.02,0.03,0.01,50.0,19.0,88.0,0.16309430664062502,False,REGULAR,USD,call,2026-06-03,8,745.6400146484375,1.0729037930953755,0.025,0.3999999999999999
SPY260603C00805000,2026-05-22 19:44:58+00:00,805.0,0.02,0.02,0.03,0.0,0.0,211.0,4.0,0.1757894921875,False,REGULAR,USD,call,2026-06-03,8,745.6400146484375,1.0796094418022217,0.025,0.3999999999999999
SPY260604C00645000,2026-05-22 13:38:07+00:00,645.0,103.31,100.4,103.22,0.0,0.0,5.0,,0.5936319934082033,True,REGULAR,USD,call,2026-06-04,9,745.6400146484375,0.8650286831831465,101.81,0.02769865435615355
SPY260604C00660000,2026-05-22 13:47:54+00:00,660.0,88.78,85.46,88.27,4.959999,5.917441,4.0,4.0,0.5224657128906249,True,REGULAR,USD,call,2026-06-04,9,745.6400146484375,0.8851456293036849,86.865,0.032349047372359434
SPY260604C00675000,2026-05-21 18:59:00+00:00,675.0,66.9,70.55,73.35,0.0,0.0,,1.0,0.45203184692382814,True,REGULAR,USD,call,2026-06-04,9,745.6400146484375,0.9052625754242232,71.94999999999999,0.03891591382904792
SPY260604C00700000,2026-05-21 14:18:42+00:00,700.0,40.61,45.86,48.66,0.0,0.0,,1.0,0.3369817279052735,True,REGULAR,USD,call,2026-06-04,9,745.6400146484375,0.9387908189584536,47.26,0.059246720270842095
SPY260604C00705000,2026-05-22 13:30:06+00:00,705.0,42.46,40.99,43.8,2.6699982,6.7102237,2.0,6.0,0.315314464111328,True,REGULAR,USD,call,2026-06-04,9,745.6400146484375,0.9454964676652997,42.394999999999996,0.06628140110862119
SPY260604C00715000,2026-05-21 18:49:01+00:00,715.0,30.1,31.38,34.2,0.0,0.0,,1.0,0.2727123510742187,True,REGULAR,USD,call,2026-06-04,9,745.6400146484375,0.9589077650789919,32.79,0.08600182982616664
SPY260604C00720000,2026-05-22 19:54:56+00:00,720.0,27.84,26.7,29.51,1.8899994,7.2832346,3.0,5.0,0.25238784729003905,True,REGULAR,USD,call,2026-06-04,9,745.6400146484375,0.965613413785838,28.105,0.09998220957125074
SPY260604C00722000,2026-05-22 19:24:07+00:00,722.0,26.51,26.02,26.53,0.0,0.0,1.0,,0.2135088415527344,True,REGULAR,USD,call,2026-06-04,9,745.6400146484375,0.9682956732685765,26.275,0.019410085632730792
SPY260604C00725000,2026-05-22 15:06:22+00:00,725.0,24.14,23.33,23.77,2.8500004,13.386568,2.0,26.0,0.20288883056640622,True,REGULAR,USD,call,2026-06-04,9,745.6400146484375,0.9723190624926841,23.549999999999997,0.018683651804670968
SPY260604C00730000,2026-05-22 20:03:55+00:00,730.0,18.88,18.92,19.46,1.710001,9.959238,26.0,24.0,0.18979692047119145,True,REGULAR,USD,call,2026-06-04,9,745.6400146484375,0.9790247111995302,19.19,0.028139656070870198
SPY260604C00731000,2026-05-22 20:03:55+00:00,731.0,18.06,18.07,18.61,0.0,0.0,25.0,,0.18692829681396483,True,REGULAR,USD,call,2026-06-04,9,745.6400146484375,0.9803658409408994,18.34,0.0294438386041439
SPY260604C00732000,2026-05-22 15:06:22+00:00,732.0,18.11,17.26,17.76,0.26000023,1.4565839,27.0,,0.18384605224609374,True,REGULAR,USD,call,2026-06-04,9,745.6400146484375,0.9817069706822686,17.51,0.02855511136493432
SPY260604C00733000,2026-05-22 19:31:52+00:00,733.0,16.6,16.44,16.88,0.0,0.0,1.0,,0.17993984130859375,True,REGULAR,USD,call,2026-06-04,9,745.6400146484375,0.9830481004236379,16.66,0.026410564225690138
SPY260604C00735000,2026-05-22 15:16:47+00:00,735.0,15.87,14.88,15.24,2.4099998,17.904902,7.0,20.0,0.17414155944824222,True,REGULAR,USD,call,2026-06-04,9,745.6400146484375,0.9857303599063764,15.06,0.023904382470119483
SPY260604C00736000,2026-05-22 16:28:15+00:00,736.0,15.15,14.03,14.52,-0.3000002,-1.9417489,8.0,,0.17304293762207032,True,REGULAR,USD,call,2026-06-04,9,745.6400146484375,0.9870714896477455,14.274999999999999,0.03432574430823119
SPY260604C00737000,2026-05-22 15:13:50+00:00,737.0,14.19,13.34,13.75,0.31000042,2.2334325,33.0,,0.17060155578613284,True,REGULAR,USD,call,2026-06-04,9,745.6400146484375,0.9884126193891147,13.545,0.030269472129937258
SPY260604C00739000,2026-05-22 18:04:32+00:00,739.0,13.02,11.84,12.15,0.8800001,7.248765,16.0,,0.1637046520996094,True,REGULAR,USD,call,2026-06-04,9,745.6400146484375,0.9910948788718532,11.995000000000001,0.025844101709045476
SPY260604C00740000,2026-05-22 20:03:56+00:00,740.0,11.25,11.04,11.52,1.4700003,15.030678,39.0,107.0,0.16327741027832032,True,REGULAR,USD,call,2026-06-04,9,745.6400146484375,0.9924360086132225,11.28,0.04255319148936174
SPY260604C00742000,2026-05-22 18:02:42+00:00,742.0,10.96,9.66,10.16,0.22999954,2.1435184,2.0,,0.1594017166137695,True,REGULAR,USD,call,2026-06-04,9,745.6400146484375,0.9951182680959608,9.91,0.050454086781029264
SPY260604C00743000,2026-05-22 18:04:30+00:00,743.0,10.13,9.0,9.34,-0.020000458,-0.19704883,160.0,,0.15421378021240234,True,REGULAR,USD,call,2026-06-04,9,745.6400146484375,0.9964593978373301,9.17,0.03707742639040348
SPY260604C00744000,2026-05-22 20:14:43+00:00,744.0,8.61,8.36,8.72,-1.3999996,-13.986011,36.0,,0.15259636474609378,True,REGULAR,USD,call,2026-06-04,9,745.6400146484375,0.9978005275786993,8.54,0.04215456674473082
SPY260604C00745000,2026-05-22 19:44:51+00:00,745.0,7.92,7.97,8.01,0.86000013,12.181305,338.0,360.0,0.14887325744628904,True,REGULAR,USD,call,2026-06-04,9,745.6400146484375,0.9991416573200685,7.99,0.005006257822277852
SPY260604C00746000,2026-05-22 19:31:15+00:00,746.0,7.2,7.37,7.41,-1.3000002,-15.29412,19.0,,0.14688963470458982,False,REGULAR,USD,call,2026-06-04,9,745.6400146484375,1.0004827870614377,7.390000000000001,0.005412719891745607
SPY260604C00747000,2026-05-22 20:13:03+00:00,747.0,6.8,6.8,6.84,-1.1399999,-14.357681,274.0,,0.14508911560058596,False,REGULAR,USD,call,2026-06-04,9,745.6400146484375,1.001823916802807,6.82,0.005865102639296193
SPY260604C00748000,2026-05-22 19:57:55+00:00,748.0,6.36,6.25,6.29,-0.8499999,-11.789181,375.0,,0.14325807922363282,False,REGULAR,USD,call,2026-06-04,9,745.6400146484375,1.0031650465441762,6.27,0.006379585326953754
SPY260604C00749000,2026-05-22 19:55:00+00:00,749.0,5.53,5.73,5.77,-0.4699998,-7.8333297,171.0,,0.14154911193847658,False,REGULAR,USD,call,2026-06-04,9,745.6400146484375,1.0045061762855454,5.75,0.006956521739130287
SPY260604C00750000,2026-05-22 19:47:54+00:00,750.0,5.09,5.24,5.28,0.5100002,11.135376,222.0,572.0,0.14002324829101562,False,REGULAR,USD,call,2026-06-04,9,745.6400146484375,1.0058473060269146,5.26,0.0076045627376425924
SPY260604C00751000,2026-05-22 19:00:27+00:00,751.0,5.22,4.77,4.81,-0.21999979,-4.044114,157.0,,0.13840583282470703,False,REGULAR,USD,call,2026-06-04,9,745.6400146484375,1.0071884357682839,4.789999999999999,0.008350730688935291
SPY260604C00752000,2026-05-22 19:37:18+00:00,752.0,4.45,4.33,4.36,-0.21999979,-4.710917,36.0,,0.13672738281250002,False,REGULAR,USD,call,2026-06-04,9,745.6400146484375,1.0085295655096531,4.345000000000001,0.006904487917146201
SPY260604C00753000,2026-05-22 19:59:31+00:00,753.0,4.09,3.91,3.95,-0.8000002,-16.35992,176.0,,0.13535410552978522,False,REGULAR,USD,call,2026-06-04,9,745.6400146484375,1.0098706952510224,3.93,0.010178117048346065
SPY260604C00754000,2026-05-22 17:28:10+00:00,754.0,4.28,3.53,3.56,0.46000004,12.041885,82.0,,0.13391979370117188,False,REGULAR,USD,call,2026-06-04,9,745.6400146484375,1.0112118249923914,3.545,0.00846262341325818
SPY260604C00755000,2026-05-22 20:12:08+00:00,755.0,3.16,3.17,3.2,0.42000008,15.32847,498.0,252.0,0.1326380682373047,False,REGULAR,USD,call,2026-06-04,9,745.6400146484375,1.0125529547337606,3.185,0.00941915227629521
SPY260604C00756000,2026-05-22 20:09:22+00:00,756.0,2.81,2.83,2.86,-0.96000004,-25.464191,324.0,,0.13123427368164062,False,REGULAR,USD,call,2026-06-04,9,745.6400146484375,1.0138940844751299,2.8449999999999998,0.010544815465729282
SPY260604C00757000,2026-05-22 15:19:38+00:00,757.0,3.03,2.52,2.55,-0.1400001,-4.416407,5.0,,0.13001358276367186,False,REGULAR,USD,call,2026-06-04,9,745.6400146484375,1.015235214216499,2.535,0.01183431952662714
SPY260604C00758000,2026-05-22 19:46:29+00:00,758.0,2.15,2.24,2.27,-0.55999994,-20.664206,166.0,,0.12900651275634767,False,REGULAR,USD,call,2026-06-04,9,745.6400146484375,1.0165763439578683,2.255,0.01330376940133029
SPY260604C00759000,2026-05-22 17:28:09+00:00,759.0,2.49,1.98,2.01,-0.1400001,-5.323198,58.0,,0.127938408203125,False,REGULAR,USD,call,2026-06-04,9,745.6400146484375,1.0179174736992376,1.9949999999999999,0.01503759398496231
SPY260604C00760000,2026-05-22 19:57:26+00:00,760.0,1.86,1.75,1.77,0.41999996,29.166662,152.0,162.0,0.12683978637695312,False,REGULAR,USD,call,2026-06-04,9,745.6400146484375,1.0192586034406068,1.76,0.011363636363636374
SPY260604C00761000,2026-05-22 19:57:26+00:00,761.0,1.54,1.53,1.56,-0.61000013,-28.372097,80.0,,0.125985302734375,False,REGULAR,USD,call,2026-06-04,9,745.6400146484375,1.020599733181976,1.545,0.01941747572815536
SPY260604C00762000,2026-05-22 15:02:41+00:00,762.0,1.53,1.34,1.37,-0.31999993,-17.297295,5.0,,0.12525288818359376,False,REGULAR,USD,call,2026-06-04,9,745.6400146484375,1.0219408629233453,1.355,0.02214022140221404
SPY260604C00763000,2026-05-22 19:13:26+00:00,763.0,1.27,1.17,1.19,-0.33000004,-20.625002,290.0,,0.12421530090332032,False,REGULAR,USD,call,2026-06-04,9,745.6400146484375,1.0232819926647145,1.18,0.0169491525423729
SPY260604C00764000,2026-05-22 19:13:26+00:00,764.0,1.11,1.01,1.04,0.00999999,0.90909004,7.0,,0.12360495544433595,False,REGULAR,USD,call,2026-06-04,9,745.6400146484375,1.0246231224060838,1.025,0.02926829268292686
SPY260604C00765000,2026-05-22 19:26:29+00:00,765.0,0.91,0.88,0.9,0.19999999,28.169012,68.0,65.0,0.12281150634765625,False,REGULAR,USD,call,2026-06-04,9,745.6400146484375,1.0259642521474528,0.89,0.02247191011235957
SPY260604C00766000,2026-05-22 18:22:22+00:00,766.0,0.96,0.76,0.78,-0.12999994,-11.9266,8.0,,0.12226219543457033,False,REGULAR,USD,call,2026-06-04,9,745.6400146484375,1.027305381888822,0.77,0.025974025974025997
SPY260604C00767000,2026-05-22 18:35:14+00:00,767.0,0.78,0.65,0.67,-0.15999997,-17.021275,77.0,,0.1215908154296875,False,REGULAR,USD,call,2026-06-04,9,745.6400146484375,1.0286465116301913,0.66,0.030303030303030328
SPY260604C00768000,2026-05-22 20:03:11+00:00,768.0,0.55,0.56,0.58,0.0,0.0,2.0,,0.1212856427001953,False,REGULAR,USD,call,2026-06-04,9,745.6400146484375,1.0299876413715605,0.5700000000000001,0.035087719298245446
SPY260604C00769000,2026-05-22 15:47:04+00:00,769.0,0.66,0.48,0.5,-0.029999971,-4.347822,79.0,,0.12098046997070314,False,REGULAR,USD,call,2026-06-04,9,745.6400146484375,1.0313287711129298,0.49,0.04081632653061228
SPY260604C00770000,2026-05-22 17:37:17+00:00,770.0,0.57,0.41,0.43,0.23000002,67.64707,26.0,8.0,0.12073633178710938,False,REGULAR,USD,call,2026-06-04,9,745.6400146484375,1.032669900854299,0.42,0.047619047619047665
SPY260604C00771000,2026-05-22 14:02:44+00:00,771.0,0.47,0.35,0.37,0.0,0.0,50.0,,0.12049219360351562,False,REGULAR,USD,call,2026-06-04,9,745.6400146484375,1.0340110305956682,0.36,0.05555555555555561
SPY260604C00772000,2026-05-22 19:29:33+00:00,772.0,0.3,0.3,0.32,-0.16,-34.782608,49.0,,0.1206142626953125,False,REGULAR,USD,call,2026-06-04,9,745.6400146484375,1.0353521603370375,0.31,0.06451612903225812
SPY260604C00773000,2026-05-22 18:36:17+00:00,773.0,0.3,0.26,0.28,-0.02000001,-6.250003,17.0,,0.12085840087890626,False,REGULAR,USD,call,2026-06-04,9,745.6400146484375,1.0366932900784067,0.27,0.07407407407407414
SPY260604C00775000,2026-05-22 20:01:35+00:00,775.0,0.19,0.19,0.21,0.030000001,18.750002,14.0,42.0,0.12134667724609374,False,REGULAR,USD,call,2026-06-04,9,745.6400146484375,1.0393755495611452,0.2,0.09999999999999995
SPY260604C00776000,2026-05-22 16:08:07+00:00,776.0,0.23,0.17,0.18,0.0,0.0,1.0,,0.12134667724609374,False,REGULAR,USD,call,2026-06-04,9,745.6400146484375,1.0407166793025142,0.175,0.05714285714285704
SPY260604C00777000,2026-05-22 19:55:30+00:00,777.0,0.16,0.14,0.16,-0.010000005,-5.882356,13.0,,0.12207909179687501,False,REGULAR,USD,call,2026-06-04,9,745.6400146484375,1.0420578090438835,0.15000000000000002,0.13333333333333325
SPY260604C00780000,2026-05-22 13:44:19+00:00,780.0,0.17,0.1,0.11,0.049999997,41.666664,1.0,11.0,0.12427633544921876,False,REGULAR,USD,call,2026-06-04,9,745.6400146484375,1.0460811982679912,0.10500000000000001,0.09523809523809518
SPY260604C00785000,2026-05-22 14:24:02+00:00,785.0,0.07,0.06,0.07,0.02,39.999996,72.0,75.0,0.13086806640624998,False,REGULAR,USD,call,2026-06-04,9,745.6400146484375,1.0527868469748374,0.065,0.15384615384615397
SPY260604C00790000,2026-05-22 20:12:34+00:00,790.0,0.05,0.04,0.05,0.0,0.0,27.0,10.0,0.13868048828125001,False,REGULAR,USD,call,2026-06-04,9,745.6400146484375,1.0594924956816834,0.045,0.22222222222222227
SPY260604C00795000,2026-05-22 19:54:07+00:00,795.0,0.04,0.03,0.04,0.02,100.0,13.0,64.0,0.147469462890625,False,REGULAR,USD,call,2026-06-04,9,745.6400146484375,1.0661981443885296,0.035,0.28571428571428575
SPY260604C00800000,2026-05-22 20:01:37+00:00,800.0,0.03,0.02,0.03,0.01,50.0,167.0,88.0,0.15528188476562502,False,REGULAR,USD,call,2026-06-04,9,745.6400146484375,1.0729037930953755,0.025,0.3999999999999999
SPY260604C00805000,2026-05-22 14:19:11+00:00,805.0,0.03,0.02,0.03,0.01,50.0,3.0,2.0,0.16797707031250003,False,REGULAR,USD,call,2026-06-04,9,745.6400146484375,1.0796094418022217,0.025,0.3999999999999999
SPY260604C00810000,2026-05-22 19:25:18+00:00,810.0,0.01,0.02,0.03,0.0,0.0,11.0,,0.179695703125,False,REGULAR,USD,call,2026-06-04,9,745.6400146484375,1.0863150905090677,0.025,0.3999999999999999
SPY260605C00525000,2026-05-20 14:49:40+00:00,525.0,214.17,220.35,223.16,0.0,0.0,1.0,3.0,0.9960937890625,True,REGULAR,USD,call,2026-06-05,10,745.6400146484375,0.7040931142188402,221.755,0.012671642127573234
SPY260605C00530000,2026-05-22 19:31:07+00:00,530.0,216.24,215.36,218.17,3.4900055,1.6404257,2.0,1.0,0.9741213525390625,True,REGULAR,USD,call,2026-06-05,10,745.6400146484375,0.7107987629256863,216.765,0.012963347403870432
SPY260605C00555000,2026-05-22 19:47:24+00:00,555.0,191.15,190.4,193.2,4.4100037,2.3615744,6.0,1.0,0.8642591699218749,True,REGULAR,USD,call,2026-06-05,10,745.6400146484375,0.7443270064599168,191.8,0.014598540145985313
SPY260605C00560000,2026-05-22 19:31:37+00:00,560.0,186.66,185.41,188.21,5.7700043,3.1897862,2.0,0.0,0.8430191479492187,True,REGULAR,USD,call,2026-06-05,10,745.6400146484375,0.7510326551667629,186.81,0.01498849098014031
SPY260605C00565000,2026-05-11 13:48:39+00:00,565.0,175.74,180.42,183.21,0.0,0.0,,1.0,0.8212908496093749,True,REGULAR,USD,call,2026-06-05,10,745.6400146484375,0.757738303873609,181.815,0.015345268542199602
SPY260605C00570000,2026-05-22 19:28:11+00:00,570.0,176.85,175.44,178.22,5.900009,3.451307,1.0,2.0,0.8007832421875,True,REGULAR,USD,call,2026-06-05,10,745.6400146484375,0.764443952580455,176.82999999999998,0.01572131425663067
SPY260605C00575000,2026-05-22 19:28:38+00:00,575.0,171.94,170.44,173.24,0.0,0.0,1.0,0.0,0.7797873583984375,True,REGULAR,USD,call,2026-06-05,10,745.6400146484375,0.7711496012873011,171.84,0.016294227188082003
SPY260605C00580000,2026-05-22 19:29:05+00:00,580.0,166.79,165.46,168.24,-0.009994507,-0.005991911,2.0,0.0,0.7587914746093751,True,REGULAR,USD,call,2026-06-05,10,745.6400146484375,0.7778552499941473,166.85000000000002,0.01666167216062332
SPY260605C00585000,2026-05-22 19:29:35+00:00,585.0,161.59,160.47,163.25,0.0,0.0,4.0,0.0,0.7380397290039062,True,REGULAR,USD,call,2026-06-05,10,745.6400146484375,0.7845608987009934,161.86,0.01717533671073768
SPY260605C00590000,2026-05-22 19:30:53+00:00,590.0,156.51,155.48,158.27,6.2599945,4.1663857,4.0,52.0,0.717776259765625,True,REGULAR,USD,call,2026-06-05,10,745.6400146484375,0.7912665474078395,156.875,0.017784860557769056
SPY260605C00594000,2026-04-24 15:07:32+00:00,594.0,121.14,151.49,154.27,0.0,0.0,1.0,1.0,0.7006865869140625,True,REGULAR,USD,call,2026-06-05,10,745.6400146484375,0.7966310663733164,152.88,0.018184196755625336
SPY260605C00595000,2026-05-22 19:30:17+00:00,595.0,151.54,150.49,153.31,11.779999,8.428735,12.0,1.0,0.6984893432617189,True,REGULAR,USD,call,2026-06-05,10,745.6400146484375,0.7979721961146856,151.9,0.018564845292955847
SPY260605C00598000,2026-04-24 19:04:36+00:00,598.0,119.5,147.5,150.28,0.0,0.0,1.0,1.0,0.6843293286132813,True,REGULAR,USD,call,2026-06-05,10,745.6400146484375,0.8019955853387932,148.89,0.018671502451474253
SPY260605C00600000,2026-05-22 19:36:58+00:00,600.0,147.0,145.76,147.63,12.2400055,9.082818,1.0,2163.0,0.6552768847656252,True,REGULAR,USD,call,2026-06-05,10,745.6400146484375,0.8046778448215317,146.695,0.0127475374075463
SPY260605C00601000,2026-05-15 18:13:46+00:00,601.0,143.59,144.5,147.31,0.0,0.0,3.0,3.0,0.6728548339843752,True,REGULAR,USD,call,2026-06-05,10,745.6400146484375,0.806018974562901,145.905,0.019259106953154467
SPY260605C00603000,2026-05-15 18:12:35+00:00,603.0,141.63,142.51,145.3,0.0,0.0,1.0,1.0,0.664309997558594,True,REGULAR,USD,call,2026-06-05,10,745.6400146484375,0.8087012340456393,143.905,0.019387790556269904
SPY260605C00604000,2026-05-11 18:19:34+00:00,604.0,138.5,141.51,144.32,0.0,0.0,,5.0,0.6608920629882813,True,REGULAR,USD,call,2026-06-05,10,745.6400146484375,0.8100423637870086,142.915,0.019662036875065615
SPY260605C00605000,2026-05-21 15:13:43+00:00,605.0,134.53,140.51,143.31,0.0,0.0,1.0,25.0,0.6560092993164064,True,REGULAR,USD,call,2026-06-05,10,745.6400146484375,0.8113834935283778,141.91,0.019730815305475383
SPY260605C00607000,2026-05-18 15:39:42+00:00,607.0,131.28,138.52,141.34,0.0,0.0,,1.0,0.6492954992675781,True,REGULAR,USD,call,2026-06-05,10,745.6400146484375,0.8140657530111162,139.93,0.020152933609661923
SPY260605C00609000,2026-05-18 15:39:21+00:00,609.0,130.87,136.52,139.31,0.0,0.0,,1.0,0.6392858337402343,True,REGULAR,USD,call,2026-06-05,10,745.6400146484375,0.8167480124938546,137.91500000000002,0.02022985172026242
SPY260605C00610000,2026-05-20 19:32:41+00:00,610.0,132.04,135.53,138.32,0.0,0.0,,1.0,0.635867899169922,True,REGULAR,USD,call,2026-06-05,10,745.6400146484375,0.8180891422352239,136.925,0.020376118312944985
SPY260605C00611000,2026-05-22 18:45:13+00:00,611.0,138.75,134.53,137.35,23.769997,20.673157,2.0,2.0,0.6330603100585939,True,REGULAR,USD,call,2026-06-05,10,745.6400146484375,0.8194302719765931,135.94,0.020744446079152518
SPY260605C00614000,2026-05-19 14:14:31+00:00,614.0,120.92,131.54,134.33,0.0,0.0,1.0,5.0,0.6196327099609377,True,REGULAR,USD,call,2026-06-05,10,745.6400146484375,0.8234536612007007,132.935,0.02098770075600873
SPY260605C00615000,2026-05-20 19:33:16+00:00,615.0,127.11,130.54,133.35,0.0,0.0,1.0,2.0,0.6162147753906251,True,REGULAR,USD,call,2026-06-05,10,745.6400146484375,0.82479479094207,131.945,0.021296752434726608
SPY260605C00620000,2026-05-11 15:31:39+00:00,620.0,122.0,125.56,128.35,0.0,0.0,1.0,5.0,0.5955850988769531,True,REGULAR,USD,call,2026-06-05,10,745.6400146484375,0.8315004396489161,126.955,0.021976290811704872
SPY260605C00625000,2026-05-18 13:37:28+00:00,625.0,115.27,120.57,123.38,0.0,0.0,3.0,7.0,0.5758099060058592,True,REGULAR,USD,call,2026-06-05,10,745.6400146484375,0.8382060883557622,121.975,0.02303750768600125
SPY260605C00628000,2026-05-19 15:19:37+00:00,628.0,106.98,117.58,120.39,0.0,0.0,7.0,1.0,0.5637250659179689,True,REGULAR,USD,call,2026-06-05,10,745.6400146484375,0.8422294775798699,118.985,0.02361642223809726
SPY260605C00629000,2026-04-24 15:09:23+00:00,629.0,87.34,116.58,119.38,0.0,0.0,1.0,1.0,0.5590864404296876,True,REGULAR,USD,call,2026-06-05,10,745.6400146484375,0.843570607321239,117.97999999999999,0.02373283607391081
SPY260605C00630000,2026-05-22 15:01:19+00:00,630.0,117.66,115.59,118.38,4.3200073,3.8115473,1.0,3.0,0.5551802294921876,True,REGULAR,USD,call,2026-06-05,10,745.6400146484375,0.8449117370626082,116.985,0.023849211437363696
SPY260605C00631000,2026-05-07 14:08:20+00:00,631.0,106.41,114.59,117.38,0.0,0.0,3.0,2.0,0.5510298803710938,True,REGULAR,USD,call,2026-06-05,10,745.6400146484375,0.8462528668039775,115.985,0.024054834676897806
SPY260605C00634000,2026-05-01 14:20:37+00:00,634.0,93.88,111.6,114.39,0.0,0.0,1.0,0.0,0.5389450402832032,True,REGULAR,USD,call,2026-06-05,10,745.6400146484375,0.8502762560280851,112.995,0.024691358024691412
SPY260605C00635000,2026-05-06 14:24:05+00:00,635.0,98.12,110.61,113.4,0.0,0.0,5.0,2.0,0.5354050366210938,True,REGULAR,USD,call,2026-06-05,10,745.6400146484375,0.8516173857694543,112.005,0.024909602249899614
SPY260605C00636000,2026-05-20 14:05:57+00:00,636.0,100.68,109.61,112.42,0.0,0.0,1.0,4.0,0.5319871020507813,True,REGULAR,USD,call,2026-06-05,10,745.6400146484375,0.8529585155108236,111.015,0.025311894788992498
SPY260605C00640000,2026-05-21 13:47:54+00:00,640.0,99.78,105.63,108.42,0.0,0.0,7.0,11.0,0.51562984375,True,REGULAR,USD,call,2026-06-05,10,745.6400146484375,0.8583230344763004,107.025,0.026068675543097466
SPY260605C00641000,2026-05-18 18:33:38+00:00,641.0,95.66,104.63,107.44,0.0,0.0,,2.0,0.5120898400878906,True,REGULAR,USD,call,2026-06-05,10,745.6400146484375,0.8596641642176697,106.035,0.02650068373650212
SPY260605C00642000,2026-05-06 15:02:51+00:00,642.0,93.42,103.63,106.42,0.0,0.0,1.0,1.0,0.5070850073242188,True,REGULAR,USD,call,2026-06-05,10,745.6400146484375,0.8610052939590389,105.025,0.026565103546774636
SPY260605C00644000,2026-05-13 14:29:11+00:00,644.0,96.46,101.64,104.43,0.0,0.0,2.0,3.0,0.5842326733398437,True,REGULAR,USD,call,2026-06-05,10,745.6400146484375,0.8636875534417774,103.035,0.027078177318387017
SPY260605C00645000,2026-05-21 13:54:18+00:00,645.0,95.59,100.65,103.44,0.0,0.0,1.0,4.0,0.5799602551269532,True,REGULAR,USD,call,2026-06-05,10,745.6400146484375,0.8650286831831465,102.045,0.02734087902395994
SPY260605C00646000,2026-05-07 15:17:48+00:00,646.0,92.61,99.65,102.46,0.0,0.0,,1.0,0.57617611328125,True,REGULAR,USD,call,2026-06-05,10,745.6400146484375,0.8663698129245158,101.055,0.027806639948542752
SPY260605C00647000,2026-05-15 16:39:17+00:00,647.0,96.1,98.66,101.45,0.0,0.0,1.0,17.0,0.5709271423339843,True,REGULAR,USD,call,2026-06-05,10,745.6400146484375,0.867710942665885,100.055,0.02788466343511075
SPY260605C00648000,2026-04-29 18:35:05+00:00,648.0,66.74,97.66,100.47,0.0,0.0,,1.0,0.5671430004882813,True,REGULAR,USD,call,2026-06-05,10,745.6400146484375,0.8690520724072542,99.065,0.028365214757987204
SPY260605C00649000,2026-05-15 18:24:29+00:00,649.0,95.4,96.67,99.46,0.0,0.0,1.0,9.0,0.5618940295410157,True,REGULAR,USD,call,2026-06-05,10,745.6400146484375,0.8703932021486235,98.065,0.028450517513893766
SPY260605C00650000,2026-05-21 18:22:21+00:00,650.0,94.54,95.67,98.48,0.0,0.0,10.0,75.0,0.5581098876953126,True,REGULAR,USD,call,2026-06-05,10,745.6400146484375,0.8717343318899926,97.075,0.028946690703064663
SPY260605C00651000,2026-05-20 14:07:51+00:00,651.0,85.98,94.68,97.47,0.0,0.0,1.0,5.0,0.5527998822021485,True,REGULAR,USD,call,2026-06-05,10,745.6400146484375,0.8730754616313618,96.075,0.02903981264636994
SPY260605C00652000,2026-05-19 14:57:52+00:00,652.0,82.79,93.68,96.49,0.0,0.0,1.0,5.0,0.5490157403564455,True,REGULAR,USD,call,2026-06-05,10,745.6400146484375,0.8744165913727311,95.08500000000001,0.02955250565283681
SPY260605C00653000,2026-05-12 15:46:40+00:00,653.0,83.27,92.69,95.49,0.0,0.0,8.0,11.0,0.5441940112304688,True,REGULAR,USD,call,2026-06-05,10,745.6400146484375,0.8757577211141003,94.09,0.029758741630353885
SPY260605C00654000,2026-05-15 16:27:12+00:00,654.0,89.06,91.69,94.48,0.0,0.0,1.0,4.0,0.5389450402832032,True,REGULAR,USD,call,2026-06-05,10,745.6400146484375,0.8770988508554696,93.08500000000001,0.02997260568297799
SPY260605C00655000,2026-05-22 17:03:10+00:00,655.0,93.8,90.7,93.52,8.93,10.5219755,3.0,51.0,0.5361374511718751,True,REGULAR,USD,call,2026-06-05,10,745.6400146484375,0.8784399805968387,92.11,0.03061556834219947
SPY260605C00656000,2026-05-15 19:26:09+00:00,656.0,86.35,89.7,92.5,0.0,0.0,3.0,3.0,0.530400203857422,True,REGULAR,USD,call,2026-06-05,10,745.6400146484375,0.8797811103382079,91.1,0.030735455543358915
SPY260605C00657000,2026-05-21 13:49:57+00:00,657.0,82.16,88.71,91.52,0.0,0.0,2.0,4.0,0.5264939929199219,True,REGULAR,USD,call,2026-06-05,10,745.6400146484375,0.8811222400795772,90.115,0.03118237807246299
SPY260605C00658000,2026-05-13 14:11:38+00:00,658.0,81.77,87.71,90.51,0.0,0.0,497.0,0.0,0.5212450219726561,True,REGULAR,USD,call,2026-06-05,10,745.6400146484375,0.8824633698209464,89.11,0.031421838177533516
SPY260605C00659000,2026-05-15 16:06:22+00:00,659.0,84.92,86.72,89.51,0.0,0.0,1.0,1.0,0.5164843273925781,True,REGULAR,USD,call,2026-06-05,10,745.6400146484375,0.8838044995623157,88.11500000000001,0.031663167451625784
SPY260605C00660000,2026-05-22 19:12:43+00:00,660.0,87.69,85.73,88.52,7.5,9.352787,2.0,20.0,0.512150874633789,True,REGULAR,USD,call,2026-06-05,10,745.6400146484375,0.8851456293036849,87.125,0.03202295552367279
SPY260605C00661000,2026-05-22 14:15:04+00:00,661.0,86.03,84.73,87.5,7.790001,9.956546,1.0,10.0,0.5064746618652343,True,REGULAR,USD,call,2026-06-05,10,745.6400146484375,0.886486759045054,86.11500000000001,0.03216628926435575
SPY260605C00662000,2026-05-21 19:28:18+00:00,662.0,82.13,83.74,86.53,0.0,0.0,24.0,32.0,0.503056727294922,True,REGULAR,USD,call,2026-06-05,10,745.6400146484375,0.8878278887864233,85.13499999999999,0.032771480589651805
SPY260605C00663000,2026-05-22 16:16:28+00:00,663.0,85.4,82.75,85.54,3.7300034,4.5671644,2.0,12.0,0.4986622399902344,True,REGULAR,USD,call,2026-06-05,10,745.6400146484375,0.8891690185277925,84.14500000000001,0.033157050329787933
SPY260605C00664000,2026-05-22 18:17:03+00:00,664.0,84.35,81.75,84.52,5.0899963,6.4218974,1.0,7.0,0.4929860272216797,True,REGULAR,USD,call,2026-06-05,10,745.6400146484375,0.8905101482691617,83.13499999999999,0.0333192999338425
SPY260605C00665000,2026-05-22 16:05:08+00:00,665.0,83.43,80.76,83.55,4.340004,5.4874244,1.0,49.0,0.48950705810546885,True,REGULAR,USD,call,2026-06-05,10,745.6400146484375,0.891851278010531,82.155,0.03396019718824164
SPY260605C00666000,2026-05-22 14:42:46+00:00,666.0,81.54,79.77,82.56,4.989998,6.518612,1.0,13.0,0.48517360534667964,True,REGULAR,USD,call,2026-06-05,10,745.6400146484375,0.8931924077519001,81.16499999999999,0.03437442247274079
SPY260605C00667000,2026-05-22 19:58:38+00:00,667.0,80.24,78.77,81.57,3.2599945,4.234859,4.0,15.0,0.4808401525878906,True,REGULAR,USD,call,2026-06-05,10,745.6400146484375,0.8945335374932694,80.16999999999999,0.034925782711737526
SPY260605C00668000,2026-05-22 14:43:09+00:00,668.0,79.66,77.78,80.58,9.820007,14.06072,3.0,16.0,0.4764456652832031,True,REGULAR,USD,call,2026-06-05,10,745.6400146484375,0.8958746672346386,79.18,0.035362465269007284
SPY260605C00669000,2026-05-15 19:14:40+00:00,669.0,74.56,76.78,79.58,0.0,0.0,1.0,2.0,0.4715629016113281,True,REGULAR,USD,call,2026-06-05,10,745.6400146484375,0.8972157969760078,78.18,0.03581478639038113
SPY260605C00670000,2026-05-19 16:47:22+00:00,670.0,68.81,75.8,78.59,0.0,0.0,49.0,59.0,0.46722944885253903,True,REGULAR,USD,call,2026-06-05,10,745.6400146484375,0.8985569267173771,77.195,0.03614223719152803
SPY260605C00671000,2026-05-22 15:30:16+00:00,671.0,79.16,74.81,77.6,7.6900024,10.759763,3.0,4.0,0.4627739270019532,True,REGULAR,USD,call,2026-06-05,10,745.6400146484375,0.8998980564587462,76.205,0.03661177088117567
SPY260605C00672000,2026-05-21 18:08:40+00:00,672.0,72.93,73.81,76.61,0.0,0.0,1.0,43.0,0.4583794396972657,True,REGULAR,USD,call,2026-06-05,10,745.6400146484375,0.9012391862001154,75.21000000000001,0.03722909187608027
SPY260605C00673000,2026-05-22 18:56:06+00:00,673.0,76.53,72.82,75.62,10.639999,16.148125,4.0,10.0,0.4539849523925781,True,REGULAR,USD,call,2026-06-05,10,745.6400146484375,0.9025803159414847,74.22,0.03772568040959325
SPY260605C00674000,2026-05-22 14:26:09+00:00,674.0,72.58,71.83,74.62,-1.4000015,-1.8924054,3.0,6.0,0.44910218872070307,True,REGULAR,USD,call,2026-06-05,10,745.6400146484375,0.9039214456828539,73.225,0.038101741208603705
SPY260605C00675000,2026-05-22 14:26:22+00:00,675.0,73.18,70.84,73.63,7.790001,11.913137,1.0,99.0,0.44470770141601557,True,REGULAR,USD,call,2026-06-05,10,745.6400146484375,0.9052625754242232,72.235,0.038623935765210664
SPY260605C00676000,2026-05-21 19:31:37+00:00,676.0,68.19,69.85,72.64,0.0,0.0,1.0,5.0,0.4402521795654296,True,REGULAR,USD,call,2026-06-05,10,745.6400146484375,0.9066037051655924,71.245,0.039160642852130056
SPY260605C00677000,2026-05-22 20:05:56+00:00,677.0,69.99,68.86,71.65,1.949997,2.8659568,3.0,8.0,0.43579665771484377,True,REGULAR,USD,call,2026-06-05,10,745.6400146484375,0.9079448349069615,70.255,0.03971247598035736
SPY260605C00678000,2026-05-22 19:30:39+00:00,678.0,69.01,67.87,70.66,7.6500015,12.467408,1.0,7.0,0.4313411358642578,True,REGULAR,USD,call,2026-06-05,10,745.6400146484375,0.9092859646483308,69.265,0.04028008373637468
SPY260605C00679000,2026-05-21 13:51:19+00:00,679.0,60.75,66.88,69.67,0.0,0.0,3.0,13.0,0.426885614013672,True,REGULAR,USD,call,2026-06-05,10,745.6400146484375,0.9106270943897,68.275,0.04086415232515571
SPY260605C00680000,2026-05-22 19:54:31+00:00,680.0,66.73,65.89,68.7,2.3600006,3.6663048,17.0,80.0,0.4232235412597656,True,REGULAR,USD,call,2026-06-05,10,745.6400146484375,0.9119682241310693,67.295,0.04175644550115168
SPY260605C00681000,2026-05-22 19:52:12+00:00,681.0,65.78,64.9,67.71,4.6299973,7.571541,9.0,57.0,0.41870698486328123,True,REGULAR,USD,call,2026-06-05,10,745.6400146484375,0.9133093538724385,66.305,0.0423799110172685
SPY260605C00682000,2026-05-22 18:55:06+00:00,682.0,66.6,63.91,66.68,5.9399986,9.792282,2.0,17.0,0.41260353027343744,True,REGULAR,USD,call,2026-06-05,10,745.6400146484375,0.9146504836138076,65.295,0.04242285014166491
SPY260605C00683000,2026-05-22 19:42:25+00:00,683.0,63.92,62.92,65.72,1.4799995,2.3702748,29.0,9.0,0.4092466302490234,True,REGULAR,USD,call,2026-06-05,10,745.6400146484375,0.9159916133551769,64.32,0.04353233830845767
SPY260605C00684000,2026-05-15 19:29:00+00:00,684.0,59.0,61.94,64.73,0.0,0.0,2.0,7.0,0.404730073852539,True,REGULAR,USD,call,2026-06-05,10,745.6400146484375,0.9173327430965461,63.335,0.044051472329675635
SPY260605C00685000,2026-05-22 16:04:20+00:00,685.0,63.85,60.95,63.76,5.2699966,8.996239,5.0,28.0,0.4009459320068359,True,REGULAR,USD,call,2026-06-05,10,745.6400146484375,0.9186738728379154,62.355000000000004,0.045064549755432524
SPY260605C00686000,2026-05-22 17:32:33+00:00,686.0,63.93,59.96,62.76,12.790001,25.009779,5.0,6.0,0.39600213378906257,True,REGULAR,USD,call,2026-06-05,10,745.6400146484375,0.9200150025792846,61.36,0.04563233376792694
SPY260605C00687000,2026-05-21 17:45:02+00:00,687.0,58.22,58.97,61.77,0.0,0.0,2.0,7.0,0.3914245428466796,True,REGULAR,USD,call,2026-06-05,10,745.6400146484375,0.9213561323206537,60.370000000000005,0.04638065264204082
SPY260605C00688000,2026-05-19 16:17:43+00:00,688.0,47.87,57.99,60.8,0.0,0.0,2.0,27.0,0.38757936645507807,True,REGULAR,USD,call,2026-06-05,10,745.6400146484375,0.922697262062023,59.394999999999996,0.0473103796615876
SPY260605C00689000,2026-05-21 15:48:54+00:00,689.0,52.54,57.0,59.8,0.0,0.0,1.0,20.0,0.3826355682373046,True,REGULAR,USD,call,2026-06-05,10,745.6400146484375,0.9240383918033922,58.4,0.04794520547945201
SPY260605C00690000,2026-05-22 18:04:18+00:00,690.0,58.9,56.02,58.81,6.040001,11.426411,6.0,91.0,0.37805797729492185,True,REGULAR,USD,call,2026-06-05,10,745.6400146484375,0.9253795215447614,57.415000000000006,0.04859357310807278
SPY260605C00691000,2026-05-19 20:09:08+00:00,691.0,45.42,55.03,57.83,0.0,0.0,26.0,69.0,0.3737855590820312,True,REGULAR,USD,call,2026-06-05,10,745.6400146484375,0.9267206512861307,56.43,0.04961899698741799
SPY260605C00692000,2026-05-22 15:05:27+00:00,692.0,56.15,54.29,56.19,9.59,20.59708,1.0,112.0,0.344733115234375,True,REGULAR,USD,call,2026-06-05,10,745.6400146484375,0.9280617810274999,55.239999999999995,0.0343953656770456
SPY260605C00693000,2026-05-22 14:51:03+00:00,693.0,54.51,53.07,55.87,6.2599983,12.97409,10.0,21.0,0.3651796881103516,True,REGULAR,USD,call,2026-06-05,10,745.6400146484375,0.929402910768869,54.47,0.05140444281255732
SPY260605C00694000,2026-05-18 19:50:02+00:00,694.0,47.28,52.08,54.88,0.0,0.0,1.0,18.0,0.36048002807617185,True,REGULAR,USD,call,2026-06-05,10,745.6400146484375,0.9307440405102383,53.480000000000004,0.05235602094240845
SPY260605C00695000,2026-05-22 19:11:47+00:00,695.0,53.04,51.34,53.25,3.540001,7.1515174,5.0,172.0,0.332587240600586,True,REGULAR,USD,call,2026-06-05,10,745.6400146484375,0.9320851702516075,52.295,0.0365235682187589
SPY260605C00696000,2026-05-22 17:49:51+00:00,696.0,54.51,50.12,52.92,9.149998,20.171951,1.0,51.0,0.3518131225585937,True,REGULAR,USD,call,2026-06-05,10,745.6400146484375,0.9334262999929768,51.519999999999996,0.05434782608695661
SPY260605C00697000,2026-05-22 19:31:08+00:00,697.0,50.19,49.15,51.95,5.8999977,13.321286,5.0,21.0,0.3477238079833984,True,REGULAR,USD,call,2026-06-05,10,745.6400146484375,0.934767429734346,50.55,0.05539070227497536
SPY260605C00698000,2026-05-21 14:48:40+00:00,698.0,42.59,48.17,50.98,0.0,0.0,10.0,22.0,0.34363449340820307,True,REGULAR,USD,call,2026-06-05,10,745.6400146484375,0.9361085594757151,49.575,0.056681795259707415
SPY260605C00699000,2026-05-22 17:55:49+00:00,699.0,50.22,47.19,49.99,3.710003,7.976786,6.0,39.0,0.33887379882812496,True,REGULAR,USD,call,2026-06-05,10,745.6400146484375,0.9374496892170844,48.59,0.057625025725457996
SPY260605C00700000,2026-05-22 20:05:01+00:00,700.0,47.35,47.53,47.74,2.709999,6.0707865,392.0,8759.0,0.288947540283203,True,REGULAR,USD,call,2026-06-05,10,745.6400146484375,0.9387908189584536,47.635000000000005,0.004408523144746527
SPY260605C00701000,2026-05-22 19:59:24+00:00,701.0,46.77,45.24,48.04,6.330002,15.652823,3.0,53.0,0.3302679278564453,True,REGULAR,USD,call,2026-06-05,10,745.6400146484375,0.9401319486998229,46.64,0.06003430531732412
SPY260605C00702000,2026-05-22 18:00:21+00:00,702.0,47.1,44.27,47.07,4.209999,9.815806,5.0,26.0,0.32605654418945307,True,REGULAR,USD,call,2026-06-05,10,745.6400146484375,0.9414730784411921,45.67,0.061309393474928774
SPY260605C00703000,2026-05-22 19:55:57+00:00,703.0,44.45,43.3,46.1,1.0499992,2.419353,2.0,42.0,0.3218451605224609,True,REGULAR,USD,call,2026-06-05,10,745.6400146484375,0.9428142081825612,44.7,0.06263982102908286
SPY260605C00704000,2026-05-21 15:20:42+00:00,704.0,37.64,42.33,45.13,0.0,0.0,6.0,99.0,0.31757274230957033,True,REGULAR,USD,call,2026-06-05,10,745.6400146484375,0.9441553379239305,43.730000000000004,0.06402927052366805
SPY260605C00705000,2026-05-22 19:49:32+00:00,705.0,42.52,41.82,43.52,6.420002,17.78394,213.0,448.0,0.29273168212890616,True,REGULAR,USD,call,2026-06-05,10,745.6400146484375,0.9454964676652997,42.67,0.039840637450199265
SPY260605C00706000,2026-05-21 16:12:37+00:00,706.0,36.4,40.4,43.2,0.0,0.0,1.0,49.0,0.3092110095214844,True,REGULAR,USD,call,2026-06-05,10,745.6400146484375,0.946837597406669,41.8,0.06698564593301445
SPY260605C00707000,2026-05-22 17:00:37+00:00,707.0,41.85,39.65,41.6,5.3799973,14.7518425,1.0,144.0,0.28516339843749994,True,REGULAR,USD,call,2026-06-05,10,745.6400146484375,0.9481787271480382,40.625,0.04800000000000007
SPY260605C00708000,2026-05-22 17:22:34+00:00,708.0,42.15,38.67,40.64,6.9900017,19.88055,7.0,188.0,0.2813182220458984,True,REGULAR,USD,call,2026-06-05,10,745.6400146484375,0.9495198568894074,39.655,0.049678476862942855
SPY260605C00709000,2026-05-22 16:45:40+00:00,709.0,40.39,37.74,39.69,7.380001,22.356867,4.0,199.0,0.277778218383789,True,REGULAR,USD,call,2026-06-05,10,745.6400146484375,0.9508609866307766,38.715,0.05036807438977129
SPY260605C00710000,2026-05-22 19:44:24+00:00,710.0,37.86,36.71,38.54,2.4300003,6.8585954,36.0,501.0,0.2678906219482422,True,REGULAR,USD,call,2026-06-05,10,745.6400146484375,0.9522021163721458,37.625,0.04863787375415278
SPY260605C00711000,2026-05-19 19:32:00+00:00,711.0,28.54,36.73,37.28,0.0,0.0,14.0,226.0,0.25452405639648445,True,REGULAR,USD,call,2026-06-05,10,745.6400146484375,0.953543246113515,37.004999999999995,0.014862856370760825
SPY260605C00712000,2026-05-22 19:30:05+00:00,712.0,35.74,35.79,36.33,2.1400032,6.369057,4.0,359.0,0.25098405273437496,True,REGULAR,USD,call,2026-06-05,10,745.6400146484375,0.9548843758548843,36.06,0.014975041597337745
SPY260605C00713000,2026-05-22 15:06:20+00:00,713.0,36.13,34.83,35.38,3.7200012,11.477942,1.0,591.0,0.2474440490722656,True,REGULAR,USD,call,2026-06-05,10,745.6400146484375,0.9562255055962535,35.105000000000004,0.01566728386269774
SPY260605C00714000,2026-05-22 15:46:02+00:00,714.0,35.71,33.89,34.44,5.289999,17.389872,2.0,261.0,0.24414818359375,True,REGULAR,USD,call,2026-06-05,10,745.6400146484375,0.9575666353376227,34.165,0.016098346260793126
SPY260605C00715000,2026-05-22 19:39:22+00:00,715.0,33.08,32.94,33.5,1.8800011,6.0256443,13.0,844.0,0.24079128356933593,True,REGULAR,USD,call,2026-06-05,10,745.6400146484375,0.9589077650789919,33.22,0.016857314870559973
SPY260605C00716000,2026-05-22 18:59:46+00:00,716.0,33.36,32.03,32.56,5.370001,19.185427,235.0,277.0,0.23731231445312498,True,REGULAR,USD,call,2026-06-05,10,745.6400146484375,0.9602488948203611,32.295,0.01641120916550553
SPY260605C00717000,2026-05-22 18:59:46+00:00,717.0,32.43,31.07,31.62,6.870001,26.877937,102.0,502.0,0.2337723107910156,True,REGULAR,USD,call,2026-06-05,10,745.6400146484375,0.9615900245617304,31.345,0.017546658159196066
SPY260605C00718000,2026-05-22 13:59:55+00:00,718.0,31.84,30.14,30.71,7.1499996,28.95909,2.0,444.0,0.23102575622558597,True,REGULAR,USD,call,2026-06-05,10,745.6400146484375,0.9629311543030996,30.425,0.018734593262119976
SPY260605C00719000,2026-05-22 19:18:31+00:00,719.0,29.74,29.22,29.78,6.119999,25.91024,32.0,269.0,0.22760782165527343,True,REGULAR,USD,call,2026-06-05,10,745.6400146484375,0.9642722840444689,29.5,0.018983050847457703
SPY260605C00720000,2026-05-22 20:05:08+00:00,720.0,28.36,28.35,28.86,1.960001,7.4242463,139.0,1917.0,0.2243729907226562,True,REGULAR,USD,call,2026-06-05,10,745.6400146484375,0.965613413785838,28.605,0.01782905086523328
SPY260605C00721000,2026-05-22 14:16:19+00:00,721.0,27.74,27.42,27.94,2.5300007,10.035704,6.0,323.0,0.22101609069824218,True,REGULAR,USD,call,2026-06-05,10,745.6400146484375,0.9669545435272072,27.68,0.01878612716763004
SPY260605C00722000,2026-05-22 17:55:11+00:00,722.0,27.98,26.51,27.03,3.3899994,13.786089,27.0,558.0,0.2178422943115234,True,REGULAR,USD,call,2026-06-05,10,745.6400146484375,0.9682956732685765,26.770000000000003,0.01942472917444899
SPY260605C00723000,2026-05-22 19:14:19+00:00,723.0,26.32,25.6,26.13,5.8600006,28.641256,4.0,432.0,0.21479056701660154,True,REGULAR,USD,call,2026-06-05,10,745.6400146484375,0.9696368030099457,25.865000000000002,0.02049101101875111
SPY260605C00724000,2026-05-22 19:45:17+00:00,724.0,24.71,24.71,25.24,3.5299988,16.66666,17.0,632.0,0.21192194335937498,True,REGULAR,USD,call,2026-06-05,10,745.6400146484375,0.9709779327513149,24.975,0.021221221221221123
SPY260605C00725000,2026-05-22 19:59:37+00:00,725.0,24.06,23.88,24.29,2.1899986,10.013711,108.0,856.0,0.2074053869628906,True,REGULAR,USD,call,2026-06-05,10,745.6400146484375,0.9723190624926841,24.085,0.017023043388000834
SPY260605C00726000,2026-05-22 15:46:02+00:00,726.0,24.6,22.94,23.46,3.540001,16.809122,231.0,808.0,0.20569641967773436,True,REGULAR,USD,call,2026-06-05,10,745.6400146484375,0.9736601922340533,23.200000000000003,0.022413793103448255
SPY260605C00727000,2026-05-22 19:52:35+00:00,727.0,21.89,22.07,22.59,1.8899994,9.449997,8.0,395.0,0.20288883056640622,True,REGULAR,USD,call,2026-06-05,10,745.6400146484375,0.9750013219754226,22.33,0.023287057769816374
SPY260605C00728000,2026-05-22 17:57:38+00:00,728.0,22.8,21.2,21.72,3.459999,17.890377,34.0,848.0,0.19992865509033203,True,REGULAR,USD,call,2026-06-05,10,745.6400146484375,0.9763424517167918,21.46,0.02423112767940352
SPY260605C00729000,2026-05-22 17:46:03+00:00,729.0,22.44,20.34,20.86,3.9300003,21.231768,15.0,570.0,0.19702951416015624,True,REGULAR,USD,call,2026-06-05,10,745.6400146484375,0.977683581458161,20.6,0.02524271844660192
SPY260605C00730000,2026-05-22 19:48:24+00:00,730.0,19.33,19.5,20.01,1.5699997,8.840089,191.0,934.0,0.19422192504882813,True,REGULAR,USD,call,2026-06-05,10,745.6400146484375,0.9790247111995302,19.755000000000003,0.025816249050873274
SPY260605C00731000,2026-05-22 19:47:02+00:00,731.0,18.38,18.74,19.13,1.539999,9.144887,49.0,517.0,0.1905598522949219,True,REGULAR,USD,call,2026-06-05,10,745.6400146484375,0.9803658409408994,18.935,0.020596778452601036
SPY260605C00732000,2026-05-22 19:48:24+00:00,732.0,17.7,17.91,18.29,2.630001,17.451899,68.0,455.0,0.18763019409179688,True,REGULAR,USD,call,2026-06-05,10,745.6400146484375,0.9817069706822686,18.1,0.020994475138121492
SPY260605C00733000,2026-05-22 19:04:14+00:00,733.0,17.58,17.1,17.46,2.21,14.378659,27.0,2300.0,0.18473105316162108,True,REGULAR,USD,call,2026-06-05,10,745.6400146484375,0.9830481004236379,17.28,0.020833333333333297
SPY260605C00734000,2026-05-22 20:14:14+00:00,734.0,16.48,16.3,16.64,3.1799994,23.90977,59.0,901.0,0.1818319122314453,True,REGULAR,USD,call,2026-06-05,10,745.6400146484375,0.9843892301650071,16.47,0.02064359441408621
SPY260605C00735000,2026-05-22 20:07:07+00:00,735.0,15.45,15.5,15.86,1.2200003,8.573439,640.0,2509.0,0.17957363403320312,True,REGULAR,USD,call,2026-06-05,10,745.6400146484375,0.9857303599063764,15.68,0.02295918367346935
SPY260605C00736000,2026-05-22 19:54:08+00:00,736.0,14.51,14.72,15.06,2.4400005,20.215414,55.0,1745.0,0.17670501037597658,True,REGULAR,USD,call,2026-06-05,10,745.6400146484375,0.9870714896477455,14.89,0.022834116856950963
SPY260605C00737000,2026-05-22 19:45:52+00:00,737.0,13.96,13.95,14.3,1.3800001,10.969794,23.0,1873.0,0.17438569763183598,True,REGULAR,USD,call,2026-06-05,10,745.6400146484375,0.9884126193891147,14.125,0.024778761061947003
SPY260605C00738000,2026-05-22 19:55:55+00:00,738.0,13.31,13.24,13.55,1.3100004,10.916671,114.0,1693.0,0.1720053503417969,True,REGULAR,USD,call,2026-06-05,10,745.6400146484375,0.989753749130484,13.395,0.02314296379245991
SPY260605C00739000,2026-05-22 19:54:34+00:00,739.0,12.36,12.51,12.81,1.21,10.852018,53.0,927.0,0.1695944857788086,True,REGULAR,USD,call,2026-06-05,10,745.6400146484375,0.9910948788718532,12.66,0.023696682464455034
SPY260605C00740000,2026-05-22 20:12:29+00:00,740.0,11.88,11.83,12.03,1.2300005,11.549301,670.0,21020.0,0.16614603393554692,True,REGULAR,USD,call,2026-06-05,10,745.6400146484375,0.9924360086132225,11.93,0.016764459346186027
SPY260605C00741000,2026-05-22 19:51:40+00:00,741.0,10.99,11.1,11.38,1.1399994,11.573597,69.0,1374.0,0.16489482574462894,True,REGULAR,USD,call,2026-06-05,10,745.6400146484375,0.9937771383545916,11.24,0.02491103202846985
SPY260605C00742000,2026-05-22 20:03:45+00:00,742.0,10.45,10.4,10.69,1.0500002,11.170216,139.0,1718.0,0.1626060302734375,True,REGULAR,USD,call,2026-06-05,10,745.6400146484375,0.9951182680959608,10.545,0.027501185395922157
SPY260605C00743000,2026-05-22 19:58:07+00:00,743.0,9.76,9.73,10.03,0.9200001,10.407241,254.0,1143.0,0.16056137298583983,True,REGULAR,USD,call,2026-06-05,10,745.6400146484375,0.9964593978373301,9.879999999999999,0.030364372469635522
SPY260605C00744000,2026-05-22 20:02:21+00:00,744.0,9.0,9.12,9.38,0.8299999,10.159118,202.0,1236.0,0.1583946466064453,True,REGULAR,USD,call,2026-06-05,10,745.6400146484375,0.9978005275786993,9.25,0.028108108108108276
SPY260605C00745000,2026-05-22 20:14:46+00:00,745.0,8.63,8.58,8.68,1.1300001,15.0666685,2238.0,3549.0,0.15497671203613284,True,REGULAR,USD,call,2026-06-05,10,745.6400146484375,0.9991416573200685,8.629999999999999,0.011587485515643066
SPY260605C00746000,2026-05-22 20:11:00+00:00,746.0,8.0,8.02,8.06,1.0100002,14.449217,921.0,1510.0,0.15268791656494146,False,REGULAR,USD,call,2026-06-05,10,745.6400146484375,1.0004827870614377,8.04,0.004975124378109568
SPY260605C00747000,2026-05-22 20:13:07+00:00,747.0,7.45,7.44,7.48,0.98,15.146832,2200.0,1545.0,0.15079584564208987,False,REGULAR,USD,call,2026-06-05,10,745.6400146484375,1.001823916802807,7.460000000000001,0.005361930294906171
SPY260605C00748000,2026-05-22 20:07:49+00:00,748.0,6.79,6.89,6.93,1.0099998,17.474043,1291.0,550.0,0.14908687835693357,False,REGULAR,USD,call,2026-06-05,10,745.6400146484375,1.0031650465441762,6.91,0.005788712011577429
SPY260605C00749000,2026-05-22 20:14:14+00:00,749.0,6.36,6.36,6.4,0.7600002,13.571432,1209.0,965.0,0.14737791107177733,False,REGULAR,USD,call,2026-06-05,10,745.6400146484375,1.0045061762855454,6.380000000000001,0.006269592476489033
SPY260605C00750000,2026-05-22 20:08:28+00:00,750.0,5.77,5.85,5.89,0.6700001,13.137257,4259.0,7840.0,0.14563842651367187,False,REGULAR,USD,call,2026-06-05,10,745.6400146484375,1.0058473060269146,5.869999999999999,0.006814310051107332
SPY260605C00751000,2026-05-22 20:14:11+00:00,751.0,5.38,5.37,5.41,0.6800003,14.468092,394.0,343.0,0.14405152832031248,False,REGULAR,USD,call,2026-06-05,10,745.6400146484375,1.0071884357682839,5.390000000000001,0.007421150278293142
SPY260605C00752000,2026-05-22 19:57:49+00:00,752.0,5.0,4.91,4.95,0.7199998,16.822424,733.0,356.0,0.14246463012695312,False,REGULAR,USD,call,2026-06-05,10,745.6400146484375,1.0085295655096531,4.93,0.00811359026369169
SPY260605C00753000,2026-05-22 20:08:26+00:00,753.0,4.43,4.48,4.51,0.6999998,18.76675,1209.0,2103.0,0.14078618011474608,False,REGULAR,USD,call,2026-06-05,10,745.6400146484375,1.0098706952510224,4.495,0.006674082313681726
SPY260605C00754000,2026-05-22 20:11:45+00:00,754.0,4.05,4.07,4.11,0.6900003,20.535725,422.0,255.0,0.1395044546508789,False,REGULAR,USD,call,2026-06-05,10,745.6400146484375,1.0112118249923914,4.09,0.009779951100244507
SPY260605C00755000,2026-05-22 20:14:43+00:00,755.0,3.7,3.69,3.73,0.47000003,14.551084,1908.0,5665.0,0.13816169464111328,False,REGULAR,USD,call,2026-06-05,10,745.6400146484375,1.0125529547337606,3.71,0.010781671159029659
SPY260605C00756000,2026-05-22 20:14:56+00:00,756.0,3.37,3.34,3.37,0.7099998,26.69172,850.0,396.0,0.13678841735839847,False,REGULAR,USD,call,2026-06-05,10,745.6400146484375,1.0138940844751299,3.355,0.008941877794336885
SPY260605C00757000,2026-05-22 20:08:40+00:00,757.0,2.97,3.01,3.04,0.36000013,13.793109,302.0,570.0,0.13556772644042972,False,REGULAR,USD,call,2026-06-05,10,745.6400146484375,1.015235214216499,3.025,0.009917355371900909
SPY260605C00758000,2026-05-22 19:59:31+00:00,758.0,2.84,2.7,2.73,0.5,21.367521,1913.0,702.0,0.13434703552246097,False,REGULAR,USD,call,2026-06-05,10,745.6400146484375,1.0165763439578683,2.715,0.011049723756906006
SPY260605C00759000,2026-05-22 20:01:24+00:00,759.0,2.37,2.42,2.45,0.37999988,19.095472,337.0,122.0,0.1333094482421875,False,REGULAR,USD,call,2026-06-05,10,745.6400146484375,1.0179174736992376,2.435,0.012320328542094557
SPY260605C00760000,2026-05-22 20:12:07+00:00,760.0,2.16,2.15,2.18,0.32000005,17.391306,1877.0,3832.0,0.13205824005126954,False,REGULAR,USD,call,2026-06-05,10,745.6400146484375,1.0192586034406068,2.165,0.01385681293302552
SPY260605C00761000,2026-05-22 20:01:24+00:00,761.0,1.89,1.91,1.94,0.37,24.342106,500.0,369.0,0.1310511700439453,False,REGULAR,USD,call,2026-06-05,10,745.6400146484375,1.020599733181976,1.9249999999999998,0.0155844155844156
SPY260605C00762000,2026-05-22 19:50:02+00:00,762.0,1.64,1.7,1.72,0.24000001,17.142859,313.0,716.0,0.1300746173095703,False,REGULAR,USD,call,2026-06-05,10,745.6400146484375,1.0219408629233453,1.71,0.01169590643274855
SPY260605C00763000,2026-05-22 19:57:56+00:00,763.0,1.56,1.5,1.53,0.3499999,28.92561,101.0,465.0,0.1294032373046875,False,REGULAR,USD,call,2026-06-05,10,745.6400146484375,1.0232819926647145,1.5150000000000001,0.01980198019801982
SPY260605C00764000,2026-05-22 19:50:59+00:00,764.0,1.37,1.32,1.35,0.33000004,31.730774,528.0,483.0,0.12860978820800778,False,REGULAR,USD,call,2026-06-05,10,745.6400146484375,1.0246231224060838,1.335,0.02247191011235957
SPY260605C00765000,2026-05-22 20:05:01+00:00,765.0,1.18,1.16,1.18,0.17999995,17.999994,710.0,3648.0,0.12757220092773439,False,REGULAR,USD,call,2026-06-05,10,745.6400146484375,1.0259642521474528,1.17,0.01709401709401711
SPY260605C00766000,2026-05-22 20:14:42+00:00,766.0,1.02,1.01,1.04,0.14999998,17.241377,323.0,550.0,0.12708392456054687,False,REGULAR,USD,call,2026-06-05,10,745.6400146484375,1.027305381888822,1.025,0.02926829268292686
SPY260605C00767000,2026-05-22 20:08:08+00:00,767.0,0.91,0.88,0.91,0.33000004,56.89656,1019.0,1527.0,0.12641254455566403,False,REGULAR,USD,call,2026-06-05,10,745.6400146484375,1.0286465116301913,0.895,0.033519553072625725
SPY260605C00768000,2026-05-22 19:59:57+00:00,768.0,0.77,0.77,0.79,0.19999999,35.087715,429.0,357.0,0.1256190954589844,False,REGULAR,USD,call,2026-06-05,10,745.6400146484375,1.0299876413715605,0.78,0.025641025641025664
SPY260605C00769000,2026-05-22 20:14:21+00:00,769.0,0.69,0.67,0.69,0.14999998,27.777773,1191.0,327.0,0.12525288818359376,False,REGULAR,USD,call,2026-06-05,10,745.6400146484375,1.0313287711129298,0.6799999999999999,0.029411764705882217
SPY260605C00770000,2026-05-22 20:14:36+00:00,770.0,0.6,0.58,0.6,0.13000003,27.65958,1684.0,5252.0,0.12476461181640625,False,REGULAR,USD,call,2026-06-05,10,745.6400146484375,1.032669900854299,0.59,0.0338983050847458
SPY260605C00771000,2026-05-22 19:59:39+00:00,771.0,0.52,0.5,0.52,0.099999994,23.809523,148.0,565.0,0.12427633544921876,False,REGULAR,USD,call,2026-06-05,10,745.6400146484375,1.0340110305956682,0.51,0.03921568627450984
SPY260605C00772000,2026-05-22 19:42:03+00:00,772.0,0.44,0.44,0.45,0.07999998,22.222216,74.0,663.0,0.12391012817382813,False,REGULAR,USD,call,2026-06-05,10,745.6400146484375,1.0353521603370375,0.445,0.02247191011235957
SPY260605C00773000,2026-05-22 19:50:58+00:00,773.0,0.4,0.38,0.4,0.099999994,33.333332,115.0,351.0,0.12439840454101564,False,REGULAR,USD,call,2026-06-05,10,745.6400146484375,1.0366932900784067,0.39,0.05128205128205133
SPY260605C00774000,2026-05-22 19:59:31+00:00,774.0,0.36,0.33,0.34,0.0,0.0,1376.0,434.0,0.12366598999023437,False,REGULAR,USD,call,2026-06-05,10,745.6400146484375,1.038034419819776,0.335,0.02985074626865674
SPY260605C00775000,2026-05-22 20:04:51+00:00,775.0,0.29,0.29,0.3,0.059999987,26.08695,4315.0,1678.0,0.124032197265625,False,REGULAR,USD,call,2026-06-05,10,745.6400146484375,1.0393755495611452,0.295,0.0338983050847458
SPY260605C00776000,2026-05-22 19:42:04+00:00,776.0,0.25,0.25,0.26,0.08,47.058823,8.0,117.0,0.124032197265625,False,REGULAR,USD,call,2026-06-05,10,745.6400146484375,1.0407166793025142,0.255,0.03921568627450984
SPY260605C00777000,2026-05-22 20:14:28+00:00,777.0,0.23,0.22,0.23,0.060000002,35.294117,164.0,1036.0,0.1245204736328125,False,REGULAR,USD,call,2026-06-05,10,745.6400146484375,1.0420578090438835,0.225,0.04444444444444448
SPY260605C00778000,2026-05-22 19:19:53+00:00,778.0,0.21,0.19,0.2,-0.049999997,-19.230768,3.0,37.0,0.1245204736328125,False,REGULAR,USD,call,2026-06-05,10,745.6400146484375,1.0433989387852527,0.195,0.05128205128205133
SPY260605C00779000,2026-05-22 18:49:26+00:00,779.0,0.18,0.17,0.18,0.050000012,38.461548,37.0,898.0,0.12549702636718751,False,REGULAR,USD,call,2026-06-05,10,745.6400146484375,1.044740068526622,0.175,0.05714285714285704
SPY260605C00780000,2026-05-22 20:08:27+00:00,780.0,0.15,0.15,0.16,0.040000007,36.363644,4124.0,5675.0,0.125985302734375,False,REGULAR,USD,call,2026-06-05,10,745.6400146484375,1.0460811982679912,0.155,0.06451612903225812
SPY260605C00781000,2026-05-22 19:43:58+00:00,781.0,0.14,0.13,0.14,0.030000001,27.272728,7.0,58.0,0.12647357910156248,False,REGULAR,USD,call,2026-06-05,10,745.6400146484375,1.0474223280093604,0.135,0.07407407407407414
SPY260605C00782000,2026-05-22 16:57:16+00:00,782.0,0.14,0.12,0.13,0.060000002,75.00001,6.0,371.0,0.127938408203125,False,REGULAR,USD,call,2026-06-05,10,745.6400146484375,1.0487634577507297,0.125,0.08000000000000007
SPY260605C00783000,2026-05-22 15:09:55+00:00,783.0,0.13,0.11,0.12,0.06999999,116.66665,2.0,65.0,0.12915909912109375,False,REGULAR,USD,call,2026-06-05,10,745.6400146484375,1.050104587492099,0.11499999999999999,0.0869565217391304
SPY260605C00784000,2026-05-22 15:15:10+00:00,784.0,0.11,0.1,0.11,0.05,83.333336,6.0,10.0,0.13037979003906247,False,REGULAR,USD,call,2026-06-05,10,745.6400146484375,1.0514457172334681,0.10500000000000001,0.09523809523809518
SPY260605C00785000,2026-05-22 20:14:16+00:00,785.0,0.1,0.09,0.1,0.020000003,25.000006,268.0,1715.0,0.1313563427734375,False,REGULAR,USD,call,2026-06-05,10,745.6400146484375,1.0527868469748374,0.095,0.10526315789473693
SPY260605C00786000,2026-05-22 14:50:29+00:00,786.0,0.08,0.08,0.09,0.02,33.333336,1.0,15.0,0.13233289550781252,False,REGULAR,USD,call,2026-06-05,10,745.6400146484375,1.0541279767162064,0.08499999999999999,0.11764705882352937
SPY260605C00787000,2026-05-21 14:47:44+00:00,787.0,0.05,0.07,0.08,0.0,0.0,2.0,463.0,0.132821171875,False,REGULAR,USD,call,2026-06-05,10,745.6400146484375,1.0554691064575756,0.07500000000000001,0.13333333333333325
SPY260605C00788000,2026-05-21 19:43:38+00:00,788.0,0.04,0.07,0.08,0.0,0.0,,86.0,0.1355066918945313,False,REGULAR,USD,call,2026-06-05,10,745.6400146484375,1.0568102361989449,0.07500000000000001,0.13333333333333325
SPY260605C00789000,2026-05-22 19:54:06+00:00,789.0,0.07,0.06,0.07,0.010000002,16.66667,2.0,70.0,0.13575083007812502,False,REGULAR,USD,call,2026-06-05,10,745.6400146484375,1.0581513659403141,0.065,0.15384615384615397
SPY260605C00790000,2026-05-22 19:45:20+00:00,790.0,0.06,0.06,0.07,0.02,50.0,1317.0,2408.0,0.1381922119140625,False,REGULAR,USD,call,2026-06-05,10,745.6400146484375,1.0594924956816834,0.065,0.15384615384615397
SPY260605C00791000,2026-05-22 19:54:06+00:00,791.0,0.06,0.05,0.06,0.03,100.0,12.0,86.0,0.1381922119140625,False,REGULAR,USD,call,2026-06-05,10,745.6400146484375,1.0608336254230526,0.055,0.18181818181818174
SPY260605C00792000,2026-05-22 19:54:07+00:00,792.0,0.06,0.05,0.06,0.03,100.0,33.0,98.0,0.14063359375,False,REGULAR,USD,call,2026-06-05,10,745.6400146484375,1.0621747551644218,0.055,0.18181818181818174
SPY260605C00793000,2026-05-22 19:54:07+00:00,793.0,0.05,0.05,0.06,0.020000001,66.66667,56.0,191.0,0.143563251953125,False,REGULAR,USD,call,2026-06-05,10,745.6400146484375,1.063515884905791,0.055,0.18181818181818174
SPY260605C00794000,2026-05-22 19:54:07+00:00,794.0,0.05,0.04,0.06,0.020000001,66.66667,33.0,277.0,0.14600463378906248,False,REGULAR,USD,call,2026-06-05,10,745.6400146484375,1.0648570146471603,0.05,0.3999999999999999
SPY260605C00795000,2026-05-22 19:54:07+00:00,795.0,0.05,0.04,0.05,0.010000002,25.000006,55.0,1264.0,0.145516357421875,False,REGULAR,USD,call,2026-06-05,10,745.6400146484375,1.0661981443885296,0.045,0.22222222222222227
SPY260605C00800000,2026-05-22 19:54:07+00:00,800.0,0.04,0.03,0.04,0.02,100.0,939.0,3764.0,0.15332877929687502,False,REGULAR,USD,call,2026-06-05,10,745.6400146484375,1.0729037930953755,0.035,0.28571428571428575
SPY260605C00805000,2026-05-22 19:54:07+00:00,805.0,0.04,0.03,0.04,0.02,100.0,80.0,550.0,0.16602396484375004,False,REGULAR,USD,call,2026-06-05,10,745.6400146484375,1.0796094418022217,0.035,0.28571428571428575
SPY260605C00810000,2026-05-22 19:54:07+00:00,810.0,0.03,0.02,0.03,0.01,50.0,98.0,1323.0,0.17188328125000002,False,REGULAR,USD,call,2026-06-05,10,745.6400146484375,1.0863150905090677,0.025,0.3999999999999999
SPY260605C00815000,2026-05-22 19:54:07+00:00,815.0,0.03,0.02,0.03,0.01,50.0,79.0,783.0,0.18360191406249998,False,REGULAR,USD,call,2026-06-05,10,745.6400146484375,1.093020739215914,0.025,0.3999999999999999
SPY260605C00820000,2026-05-22 19:54:07+00:00,820.0,0.03,0.02,0.03,0.01,50.0,219.0,825.0,0.195320546875,False,REGULAR,USD,call,2026-06-05,10,745.6400146484375,1.09972638792276,0.025,0.3999999999999999
SPY260612C00525000,2026-05-18 19:52:02+00:00,525.0,215.09,220.84,223.66,0.0,0.0,,2.0,0.842775009765625,True,REGULAR,USD,call,2026-06-12,17,745.6400146484375,0.7040931142188402,222.25,0.012688413948256438
SPY260612C00530000,2026-05-14 15:05:48+00:00,530.0,219.87,215.85,218.66,0.0,0.0,,1.0,0.8237322314453124,True,REGULAR,USD,call,2026-06-12,17,745.6400146484375,0.7107987629256863,217.255,0.012934109686773618
SPY260612C00535000,2026-05-18 19:01:31+00:00,535.0,202.93,210.87,213.69,0.0,0.0,,1.0,0.80664255859375,True,REGULAR,USD,call,2026-06-12,17,745.6400146484375,0.7175044116325324,212.28,0.013284341435839425
SPY260612C00555000,2026-05-22 19:47:24+00:00,555.0,191.65,190.93,193.74,0.0,0.0,1.0,0.0,0.7348659326171875,True,REGULAR,USD,call,2026-06-12,17,745.6400146484375,0.7443270064599168,192.335,0.014609925390594547
SPY260612C00580000,2026-05-11 19:32:35+00:00,580.0,161.38,166.02,168.84,0.0,0.0,,2.0,0.6486851538085938,True,REGULAR,USD,call,2026-06-12,17,745.6400146484375,0.7778552499941473,167.43,0.016842859702562222
SPY260612C00595000,2026-05-14 18:22:25+00:00,595.0,155.47,151.08,153.89,0.0,0.0,,5.0,0.5971719970703125,True,REGULAR,USD,call,2026-06-12,17,745.6400146484375,0.7979721961146856,152.485,0.01842804210250171
SPY260612C00600000,2026-05-22 19:57:17+00:00,600.0,147.32,146.1,148.9,3.7000122,2.5762515,1.0,3.0,0.5799602551269532,True,REGULAR,USD,call,2026-06-12,17,745.6400146484375,0.8046778448215317,147.5,0.018983050847457703
SPY260612C00610000,2026-05-13 20:12:45+00:00,610.0,135.5,136.15,138.95,0.0,0.0,,7.0,0.5466353930664063,True,REGULAR,USD,call,2026-06-12,17,745.6400146484375,0.8180891422352239,137.55,0.020356234096691985
SPY260612C00615000,2026-05-14 18:58:35+00:00,615.0,135.82,131.17,133.97,0.0,0.0,,2.0,0.5296677893066408,True,REGULAR,USD,call,2026-06-12,17,745.6400146484375,0.82479479094207,132.57,0.021120917251263572
SPY260612C00620000,2026-05-12 15:24:01+00:00,620.0,115.52,126.2,129.0,0.0,0.0,,1.0,0.5133105310058592,True,REGULAR,USD,call,2026-06-12,17,745.6400146484375,0.8315004396489161,127.6,0.021943573667711578
SPY260612C00625000,2026-05-18 19:56:30+00:00,625.0,115.46,121.24,124.05,0.0,0.0,2.0,4.0,0.5633588586425782,True,REGULAR,USD,call,2026-06-12,17,745.6400146484375,0.8382060883557622,122.645,0.022911655591340882
SPY260612C00630000,2026-05-18 18:14:57+00:00,630.0,107.61,116.27,119.07,0.0,0.0,,1.0,0.5444381494140625,True,REGULAR,USD,call,2026-06-12,17,745.6400146484375,0.8449117370626082,117.66999999999999,0.023795359904818538
SPY260612C00635000,2026-05-14 19:16:46+00:00,635.0,116.04,111.3,114.12,0.0,0.0,1.0,3.0,0.5267381311035157,True,REGULAR,USD,call,2026-06-12,17,745.6400146484375,0.8516173857694543,112.71000000000001,0.025019962736225775
SPY260612C00640000,2026-05-22 20:06:53+00:00,640.0,107.48,106.34,109.14,-0.5399933,-0.49990124,3.0,1.0,0.5077563873291016,True,REGULAR,USD,call,2026-06-12,17,745.6400146484375,0.8583230344763004,107.74000000000001,0.02598849081121215
SPY260612C00645000,2026-05-18 16:19:45+00:00,645.0,94.9,101.38,104.2,0.0,0.0,2.0,3.0,0.49030050720214846,True,REGULAR,USD,call,2026-06-12,17,745.6400146484375,0.8650286831831465,102.78999999999999,0.02743457534779655
SPY260612C00650000,2026-05-22 15:49:54+00:00,650.0,99.2,96.43,99.23,6.75,7.3012443,10.0,24.0,0.47162393615722653,True,REGULAR,USD,call,2026-06-12,17,745.6400146484375,0.8717343318899926,97.83000000000001,0.028621077379127023
SPY260612C00655000,2026-05-22 16:45:46+00:00,655.0,94.07,91.48,94.28,6.159996,7.0071616,1.0,2.0,0.45361874511718747,True,REGULAR,USD,call,2026-06-12,17,745.6400146484375,0.8784399805968387,92.88,0.030146425495262676
SPY260612C00660000,2026-05-20 16:55:55+00:00,660.0,81.86,86.53,89.35,0.0,0.0,3.0,2.0,0.4361018304443359,True,REGULAR,USD,call,2026-06-12,17,745.6400146484375,0.8851456293036849,87.94,0.032067318626336064
SPY260612C00665000,2026-05-22 14:12:42+00:00,665.0,83.22,81.83,83.74,3.2000046,3.999006,3.0,171.0,0.3957579956054688,True,REGULAR,USD,call,2026-06-12,17,745.6400146484375,0.891851278010531,82.785,0.02307181252642383
SPY260612C00670000,2026-05-22 19:49:15+00:00,670.0,77.5,76.67,79.47,2.7399979,3.6650586,4.0,36.0,0.399969379272461,True,REGULAR,USD,call,2026-06-12,17,745.6400146484375,0.8985569267173771,78.07,0.03586524913539128
SPY260612C00675000,2026-05-22 15:30:16+00:00,675.0,76.01,71.74,74.55,4.330002,6.040739,2.0,55.0,0.38220832641601554,True,REGULAR,USD,call,2026-06-12,17,745.6400146484375,0.9052625754242232,73.145,0.03841684325654525
SPY260612C00676000,2026-05-22 13:40:09+00:00,676.0,73.46,70.98,72.92,2.75,3.8891244,1.0,2.0,0.3588931298828125,True,REGULAR,USD,call,2026-06-12,17,745.6400146484375,0.9066037051655924,71.95,0.026963168867268905
SPY260612C00677000,2026-05-22 13:56:19+00:00,677.0,72.24,69.78,72.6,4.5,6.6430473,1.0,4.0,0.37555556091308595,True,REGULAR,USD,call,2026-06-12,17,745.6400146484375,0.9079448349069615,71.19,0.039612305099030666
SPY260612C00678000,2026-05-15 18:06:53+00:00,678.0,68.81,68.8,71.63,0.0,0.0,1.0,1.0,0.3723817645263672,True,REGULAR,USD,call,2026-06-12,17,745.6400146484375,0.9092859646483308,70.215,0.040304778181300266
SPY260612C00679000,2026-05-22 15:00:25+00:00,679.0,69.71,67.82,70.64,6.619999,10.492945,1.0,7.0,0.3685976226806641,True,REGULAR,USD,call,2026-06-12,17,745.6400146484375,0.9106270943897,69.22999999999999,0.0407337859309549
SPY260612C00680000,2026-05-22 19:47:49+00:00,680.0,67.65,68.12,68.35,2.5999985,3.9969227,87.0,12010.0,0.3248968878173828,True,REGULAR,USD,call,2026-06-12,17,745.6400146484375,0.9119682241310693,68.235,0.003370704184069609
SPY260612C00681000,2026-05-22 19:52:13+00:00,681.0,66.73,65.87,68.67,5.6900024,9.32176,2.0,39.0,0.3612734771728515,True,REGULAR,USD,call,2026-06-12,17,745.6400146484375,0.9133093538724385,67.27000000000001,0.04162330905306967
SPY260612C00682000,2026-05-20 14:21:07+00:00,682.0,60.42,64.89,67.69,0.0,0.0,3.0,19.0,0.35773347351074214,True,REGULAR,USD,call,2026-06-12,17,745.6400146484375,0.9146504836138076,66.28999999999999,0.04223864836325234
SPY260612C00683000,2026-05-15 14:33:04+00:00,683.0,64.06,63.91,66.73,0.0,0.0,2.0,2.0,0.35474278076171867,True,REGULAR,USD,call,2026-06-12,17,745.6400146484375,0.9159916133551769,65.32,0.04317207593386417
SPY260612C00684000,2026-05-22 15:26:59+00:00,684.0,65.78,62.94,65.74,6.459999,10.890086,1.0,6.0,0.3508976043701171,True,REGULAR,USD,call,2026-06-12,17,745.6400146484375,0.9173327430965461,64.34,0.043518806341311736
SPY260612C00685000,2026-05-22 15:08:57+00:00,685.0,64.05,61.96,64.78,4.9900017,8.449038,2.0,14.0,0.34787639434814455,True,REGULAR,USD,call,2026-06-12,17,745.6400146484375,0.9186738728379154,63.370000000000005,0.04450055231181947
SPY260612C00686000,2026-05-18 16:40:23+00:00,686.0,53.97,60.99,63.79,0.0,0.0,1.0,4.0,0.34400070068359373,True,REGULAR,USD,call,2026-06-12,17,745.6400146484375,0.9200150025792846,62.39,0.04487898701715014
SPY260612C00687000,2026-05-22 16:04:29+00:00,687.0,63.15,60.02,62.83,8.84,16.276928,1.0,8.0,0.3409489733886719,True,REGULAR,USD,call,2026-06-12,17,745.6400146484375,0.9213561323206537,61.425,0.04574684574684567
SPY260612C00688000,2026-05-22 17:56:58+00:00,688.0,61.78,59.04,61.86,8.549999,16.06237,2.0,26.0,0.3375920733642578,True,REGULAR,USD,call,2026-06-12,17,745.6400146484375,0.922697262062023,60.45,0.04665012406947891
SPY260612C00689000,2026-05-21 20:01:40+00:00,689.0,56.81,58.07,60.89,0.0,0.0,1.0,3.0,0.33420465606689453,True,REGULAR,USD,call,2026-06-12,17,745.6400146484375,0.9240383918033922,59.480000000000004,0.04741089441829186
SPY260612C00690000,2026-05-22 17:51:30+00:00,690.0,60.0,57.68,59.27,3.9500008,7.047281,6.0,111.0,0.31342239318847653,True,REGULAR,USD,call,2026-06-12,17,745.6400146484375,0.9253795215447614,58.475,0.027191107310816646
SPY260612C00691000,2026-05-22 18:36:24+00:00,691.0,58.76,56.14,58.94,12.0,25.662962,1.0,63.0,0.32712464874267577,True,REGULAR,USD,call,2026-06-12,17,745.6400146484375,0.9267206512861307,57.54,0.04866180048661796
SPY260612C00692000,2026-05-22 13:46:39+00:00,692.0,58.1,55.17,57.97,8.18,16.386219,3.0,15.0,0.32367619689941396,True,REGULAR,USD,call,2026-06-12,17,745.6400146484375,0.9280617810274999,56.57,0.04949619939897467
SPY260612C00693000,2026-05-22 15:05:27+00:00,693.0,56.31,54.21,57.01,-0.86999893,-1.5215092,1.0,9.0,0.3205024005126953,True,REGULAR,USD,call,2026-06-12,17,745.6400146484375,0.929402910768869,55.61,0.050350656356770315
SPY260612C00694000,2026-05-21 14:40:46+00:00,694.0,48.37,53.24,56.06,0.0,0.0,3.0,9.0,0.3175117077636719,True,REGULAR,USD,call,2026-06-12,17,745.6400146484375,0.9307440405102383,54.650000000000006,0.05160109789569991
SPY260612C00695000,2026-05-22 19:59:01+00:00,695.0,53.63,52.52,54.45,3.9300003,7.907445,4.0,172.0,0.29776703216552725,True,REGULAR,USD,call,2026-06-12,17,745.6400146484375,0.9320851702516075,53.485,0.036084883612227725
SPY260612C00696000,2026-05-22 19:32:59+00:00,696.0,52.65,51.32,54.12,10.700001,25.506556,5.0,18.0,0.31049273498535157,True,REGULAR,USD,call,2026-06-12,17,745.6400146484375,0.9334262999929768,52.72,0.0531107738998482
SPY260612C00697000,2026-05-22 16:15:30+00:00,697.0,53.08,50.36,53.16,12.310001,30.193773,25.0,13.0,0.3071968695068359,True,REGULAR,USD,call,2026-06-12,17,745.6400146484375,0.934767429734346,51.76,0.05409582689335389
SPY260612C00698000,2026-05-21 17:16:31+00:00,698.0,46.83,49.4,52.22,0.0,0.0,1.0,6.0,0.3043282458496094,True,REGULAR,USD,call,2026-06-12,17,745.6400146484375,0.9361085594757151,50.81,0.05550088565243063
SPY260612C00699000,2026-05-19 19:34:38+00:00,699.0,40.46,48.45,51.25,0.0,0.0,1.0,3.0,0.30072720764160155,True,REGULAR,USD,call,2026-06-12,17,745.6400146484375,0.9374496892170844,49.85,0.05616850551654959
SPY260612C00700000,2026-05-22 20:00:12+00:00,700.0,48.57,47.69,49.68,2.9700012,6.5131607,14.0,2757.0,0.2827220166015625,True,REGULAR,USD,call,2026-06-12,17,745.6400146484375,0.9387908189584536,48.685,0.0408750128376297
SPY260612C00701000,2026-05-22 19:59:24+00:00,701.0,48.02,46.54,49.36,17.52,57.442623,2.0,1.0,0.2946237530517578,True,REGULAR,USD,call,2026-06-12,17,745.6400146484375,0.9401319486998229,47.95,0.05881126173096976
SPY260612C00702000,2026-05-20 15:15:36+00:00,702.0,42.58,45.6,48.4,0.0,0.0,1.0,28.0,0.2912058184814452,True,REGULAR,USD,call,2026-06-12,17,745.6400146484375,0.9414730784411921,47.0,0.05957446808510632
SPY260612C00703000,2026-05-22 19:55:57+00:00,703.0,45.75,44.65,47.45,5.580002,13.890968,1.0,9.0,0.28794047027587877,True,REGULAR,USD,call,2026-06-12,17,745.6400146484375,0.9428142081825612,46.05,0.06080347448425634
SPY260612C00704000,2026-05-21 19:49:17+00:00,704.0,42.3,43.71,46.51,0.0,0.0,11.0,24.0,0.2848582257080078,True,REGULAR,USD,call,2026-06-12,17,745.6400146484375,0.9441553379239305,45.11,0.062070494347151346
SPY260612C00705000,2026-05-22 19:49:32+00:00,705.0,43.9,42.77,45.57,2.3600006,5.681272,3.0,82.0,0.2817759811401367,True,REGULAR,USD,call,2026-06-12,17,745.6400146484375,0.9454964676652997,44.17,0.06339144215530897
SPY260612C00706000,2026-05-22 18:47:27+00:00,706.0,44.31,41.83,44.63,4.5699997,11.499747,22.0,21.0,0.27863270202636714,True,REGULAR,USD,call,2026-06-12,17,745.6400146484375,0.946837597406669,43.230000000000004,0.06476983576220227
SPY260612C00707000,2026-05-22 17:39:43+00:00,707.0,44.54,40.89,43.71,5.959999,15.448416,1.0,14.0,0.2758861474609374,True,REGULAR,USD,call,2026-06-12,17,745.6400146484375,0.9481787271480382,42.3,0.06666666666666668
SPY260612C00708000,2026-05-22 17:47:15+00:00,708.0,43.26,39.96,42.76,12.099998,38.83183,3.0,20.0,0.27246821289062495,True,REGULAR,USD,call,2026-06-12,17,745.6400146484375,0.9495198568894074,41.36,0.06769825918762082
SPY260612C00709000,2026-05-21 19:55:14+00:00,709.0,37.49,39.03,41.84,0.0,0.0,1.0,15.0,0.26963010650634767,True,REGULAR,USD,call,2026-06-12,17,745.6400146484375,0.9508609866307766,40.435,0.06949425003091386
SPY260612C00710000,2026-05-22 16:14:40+00:00,710.0,40.88,38.33,40.31,3.6100006,9.686076,9.0,890.0,0.25379164184570313,True,REGULAR,USD,call,2026-06-12,17,745.6400146484375,0.9522021163721458,39.32,0.050356052899288
SPY260612C00711000,2026-05-22 17:00:37+00:00,711.0,39.71,37.19,39.99,6.66,20.151285,3.0,23.0,0.2636182037353516,True,REGULAR,USD,call,2026-06-12,17,745.6400146484375,0.953543246113515,38.59,0.07255765742420327
SPY260612C00712000,2026-05-22 19:47:42+00:00,712.0,37.19,37.03,37.95,0.3899994,1.0597811,9.0,142.0,0.23709869354248048,True,REGULAR,USD,call,2026-06-12,17,745.6400146484375,0.9548843758548843,37.49,0.024539877300613543
SPY260612C00713000,2026-05-22 17:59:04+00:00,713.0,38.28,35.35,38.15,6.9399986,22.14422,4.0,45.0,0.25757578369140627,True,REGULAR,USD,call,2026-06-12,17,745.6400146484375,0.9562255055962535,36.75,0.07619047619047611
SPY260612C00714000,2026-05-22 17:00:37+00:00,714.0,37.04,34.44,37.23,10.780001,41.05103,6.0,46.0,0.25449353912353523,True,REGULAR,USD,call,2026-06-12,17,745.6400146484375,0.9575666353376227,35.834999999999994,0.07785684386772707
SPY260612C00715000,2026-05-22 20:01:44+00:00,715.0,34.4,34.71,36.34,5.050001,17.206137,11.0,302.0,0.25196060546875,True,REGULAR,USD,call,2026-06-12,17,745.6400146484375,0.9589077650789919,35.525000000000006,0.04588318085855038
SPY260612C00716000,2026-05-21 17:19:47+00:00,716.0,30.85,32.63,35.42,0.0,0.0,1.0,418.0,0.24875629180908204,True,REGULAR,USD,call,2026-06-12,17,745.6400146484375,0.9602488948203611,34.025000000000006,0.08199853049228505
SPY260612C00717000,2026-05-22 14:49:36+00:00,717.0,33.3,31.74,34.54,1.8899994,6.01719,2.0,141.0,0.24625387542724608,True,REGULAR,USD,call,2026-06-12,17,745.6400146484375,0.9615900245617304,33.14,0.08449004224502114
SPY260612C00718000,2026-05-22 15:52:38+00:00,718.0,33.61,30.85,33.65,3.5699997,11.884153,5.0,399.0,0.24350732086181642,True,REGULAR,USD,call,2026-06-12,17,745.6400146484375,0.9629311543030996,32.25,0.0868217054263565
SPY260612C00719000,2026-05-22 13:32:04+00:00,719.0,32.43,29.95,32.74,2.710001,9.118443,1.0,118.0,0.24030300720214842,True,REGULAR,USD,call,2026-06-12,17,745.6400146484375,0.9642722840444689,31.345,0.08900941138937639
SPY260612C00720000,2026-05-22 19:47:13+00:00,720.0,29.86,29.08,31.88,1.6100006,5.699117,321.0,446.0,0.23798369445800777,True,REGULAR,USD,call,2026-06-12,17,745.6400146484375,0.965613413785838,30.479999999999997,0.09186351706036748
SPY260612C00721000,2026-05-22 17:25:53+00:00,721.0,31.04,28.19,30.2,3.9700012,14.665686,4.0,212.0,0.22040574523925777,True,REGULAR,USD,call,2026-06-12,17,745.6400146484375,0.9669545435272072,29.195,0.06884740537763309
SPY260612C00722000,2026-05-22 19:32:24+00:00,722.0,28.54,27.32,30.11,1.9200001,7.2126226,4.0,293.0,0.23218541259765624,True,REGULAR,USD,call,2026-06-12,17,745.6400146484375,0.9682956732685765,28.715,0.09716176214522024
SPY260612C00723000,2026-05-21 16:32:03+00:00,723.0,22.73,26.45,29.26,0.0,0.0,5.0,150.0,0.22977454803466796,True,REGULAR,USD,call,2026-06-12,17,745.6400146484375,0.9696368030099457,27.855,0.10087955483755169
SPY260612C00724000,2026-05-22 19:49:52+00:00,724.0,26.68,25.6,28.4,4.16,18.472467,11.0,325.0,0.22711954528808592,True,REGULAR,USD,call,2026-06-12,17,745.6400146484375,0.9709779327513149,27.0,0.1037037037037036
SPY260612C00725000,2026-05-22 20:05:08+00:00,725.0,25.96,25.92,26.31,1.9699993,8.211752,58.0,827.0,0.20264469238281246,True,REGULAR,USD,call,2026-06-12,17,745.6400146484375,0.9723190624926841,26.115000000000002,0.01493394600804124
SPY260612C00726000,2026-05-22 19:29:09+00:00,726.0,25.04,23.9,26.62,1.7200012,7.3756485,1.0,261.0,0.22049729705810545,True,REGULAR,USD,call,2026-06-12,17,745.6400146484375,0.9736601922340533,25.259999999999998,0.10768012668250208
SPY260612C00727000,2026-05-22 19:03:40+00:00,727.0,25.03,23.06,25.78,2.6100006,11.641395,1.0,164.0,0.2179338461303711,True,REGULAR,USD,call,2026-06-12,17,745.6400146484375,0.9750013219754226,24.42,0.11138411138411147
SPY260612C00728000,2026-05-22 14:47:31+00:00,728.0,23.6,22.23,24.95,1.8400002,8.455883,6.0,212.0,0.21543142974853519,True,REGULAR,USD,call,2026-06-12,17,745.6400146484375,0.9763424517167918,23.59,0.11530309453158114
SPY260612C00729000,2026-05-22 15:00:12+00:00,729.0,23.23,21.41,24.13,2.1899986,10.408738,66.0,220.0,0.21299004791259768,True,REGULAR,USD,call,2026-06-12,17,745.6400146484375,0.977683581458161,22.77,0.11945542380324985
SPY260612C00730000,2026-05-22 19:52:35+00:00,730.0,21.56,21.4,23.12,1.5699997,7.853925,174.0,700.0,0.20734435241699217,True,REGULAR,USD,call,2026-06-12,17,745.6400146484375,0.9790247111995302,22.259999999999998,0.07726864330637927
SPY260612C00731000,2026-05-22 19:50:51+00:00,731.0,20.99,21.01,21.34,1.8299999,9.551148,26.0,386.0,0.1889729541015625,True,REGULAR,USD,call,2026-06-12,17,745.6400146484375,0.9803658409408994,21.175,0.015584415584415503
SPY260612C00732000,2026-05-22 19:27:34+00:00,732.0,20.29,20.19,20.51,1.5400009,8.213338,29.0,3769.0,0.18625691680908202,True,REGULAR,USD,call,2026-06-12,17,745.6400146484375,0.9817069706822686,20.35,0.01572481572481574
SPY260612C00733000,2026-05-22 18:37:21+00:00,733.0,20.33,18.3,20.87,2.709999,15.380244,19.0,649.0,0.2024921060180664,True,REGULAR,USD,call,2026-06-12,17,745.6400146484375,0.9830481004236379,19.585,0.13122287464896606
SPY260612C00734000,2026-05-22 20:14:14+00:00,734.0,18.81,18.67,18.97,1.7699986,10.387315,27.0,696.0,0.18238122314453126,True,REGULAR,USD,call,2026-06-12,17,745.6400146484375,0.9843892301650071,18.82,0.01594048884165766
SPY260612C00735000,2026-05-22 20:05:19+00:00,735.0,18.0,17.93,18.18,1.6599998,10.159118,66.0,1652.0,0.17990932403564452,True,REGULAR,USD,call,2026-06-12,17,745.6400146484375,0.9857303599063764,18.055,0.013846579894765993
SPY260612C00736000,2026-05-22 14:16:09+00:00,736.0,17.46,17.16,18.56,1.8099995,11.565493,57.0,750.0,0.1955036505126953,True,REGULAR,USD,call,2026-06-12,17,745.6400146484375,0.9870714896477455,17.86,0.07838745800671885
SPY260612C00737000,2026-05-22 19:54:25+00:00,737.0,16.23,16.47,16.67,1.3899994,9.366572,181.0,721.0,0.17563690582275393,True,REGULAR,USD,call,2026-06-12,17,745.6400146484375,0.9884126193891147,16.57,0.012070006035003189
SPY260612C00738000,2026-05-22 19:47:59+00:00,738.0,15.49,15.7,15.96,1.1099997,7.719052,28.0,765.0,0.1739584558105469,True,REGULAR,USD,call,2026-06-12,17,745.6400146484375,0.989753749130484,15.83,0.016424510423247097
SPY260612C00739000,2026-05-22 19:10:13+00:00,739.0,15.42,14.99,15.23,1.8699999,13.800737,113.0,1622.0,0.17179172943115234,True,REGULAR,USD,call,2026-06-12,17,745.6400146484375,0.9910948788718532,15.11,0.015883520847121125
SPY260612C00740000,2026-05-22 20:02:21+00:00,740.0,14.05,14.29,14.5,1.0,7.662835,157.0,2552.0,0.16947241668701174,True,REGULAR,USD,call,2026-06-12,17,745.6400146484375,0.9924360086132225,14.395,0.01458839874956588
SPY260612C00741000,2026-05-22 18:27:09+00:00,741.0,14.55,13.58,13.88,2.17,17.52827,60.0,1531.0,0.16861793304443362,True,REGULAR,USD,call,2026-06-12,17,745.6400146484375,0.9937771383545916,13.73,0.02184996358339408
SPY260612C00742000,2026-05-22 19:29:02+00:00,742.0,13.0,12.91,13.16,1.1999998,10.16949,78.0,1477.0,0.1660849993896485,True,REGULAR,USD,call,2026-06-12,17,745.6400146484375,0.9951182680959608,13.035,0.019179133103183737
SPY260612C00743000,2026-05-22 19:54:25+00:00,743.0,12.12,12.27,12.48,1.2299995,11.294762,103.0,953.0,0.16397930755615236,True,REGULAR,USD,call,2026-06-12,17,745.6400146484375,0.9964593978373301,12.375,0.016969696969697037
SPY260612C00744000,2026-05-22 19:38:00+00:00,744.0,11.8,11.61,11.84,1.3299999,12.70296,150.0,953.0,0.16223982299804687,True,REGULAR,USD,call,2026-06-12,17,745.6400146484375,0.9978005275786993,11.725,0.019616204690831595
SPY260612C00745000,2026-05-22 20:01:04+00:00,745.0,10.93,11.01,11.22,0.8800001,8.75622,1307.0,1872.0,0.1606224075317383,True,REGULAR,USD,call,2026-06-12,17,745.6400146484375,0.9991416573200685,11.115,0.018893387314440024
SPY260612C00746000,2026-05-22 20:01:55+00:00,746.0,10.3,10.5,10.54,1.1300001,12.322793,686.0,725.0,0.15787585296630857,False,REGULAR,USD,call,2026-06-12,17,745.6400146484375,1.0004827870614377,10.52,0.003802281368821212
SPY260612C00747000,2026-05-22 20:14:28+00:00,747.0,9.93,9.91,9.95,1.2600002,14.532874,985.0,540.0,0.1562584375,False,REGULAR,USD,call,2026-06-12,17,745.6400146484375,1.001823916802807,9.93,0.004028197381671616
SPY260612C00748000,2026-05-22 19:46:31+00:00,748.0,9.02,9.33,9.38,0.87000084,10.674857,508.0,523.0,0.15470205657958985,False,REGULAR,USD,call,2026-06-12,17,745.6400146484375,1.0031650465441762,9.355,0.005344735435596014
SPY260612C00749000,2026-05-22 20:14:14+00:00,749.0,8.78,8.78,8.82,1.1199999,14.621408,168.0,876.0,0.1530846411132813,False,REGULAR,USD,call,2026-06-12,17,745.6400146484375,1.0045061762855454,8.8,0.00454545454545465
SPY260612C00750000,2026-05-22 20:09:07+00:00,750.0,8.19,8.24,8.29,0.8699994,11.885238,721.0,3171.0,0.15165032928466798,False,REGULAR,USD,call,2026-06-12,17,745.6400146484375,1.0058473060269146,8.265,0.0060496067755594594
SPY260612C00751000,2026-05-22 19:58:32+00:00,751.0,7.81,7.73,7.77,1.2599998,19.236637,377.0,660.0,0.15012446563720705,False,REGULAR,USD,call,2026-06-12,17,745.6400146484375,1.0071884357682839,7.75,0.005161290322580535
SPY260612C00752000,2026-05-22 20:14:11+00:00,752.0,7.25,7.23,7.28,0.52,7.726597,322.0,437.0,0.14881222290039062,False,REGULAR,USD,call,2026-06-12,17,745.6400146484375,1.0085295655096531,7.255000000000001,0.006891798759476198
SPY260612C00753000,2026-05-22 20:13:34+00:00,753.0,6.77,6.76,6.8,0.8000002,13.400338,1061.0,377.0,0.14740842834472656,False,REGULAR,USD,call,2026-06-12,17,745.6400146484375,1.0098706952510224,6.779999999999999,0.0058997050147492685
SPY260612C00754000,2026-05-22 20:14:43+00:00,754.0,6.32,6.3,6.34,0.5700002,9.913047,4310.0,486.0,0.1460351510620117,False,REGULAR,USD,call,2026-06-12,17,745.6400146484375,1.0112118249923914,6.32,0.006329113924050638
SPY260612C00755000,2026-05-22 19:57:32+00:00,755.0,5.98,5.87,5.91,0.8299999,16.116503,740.0,17844.0,0.1448449774169922,False,REGULAR,USD,call,2026-06-12,17,745.6400146484375,1.0125529547337606,5.890000000000001,0.006791171477079801
SPY260612C00756000,2026-05-22 19:58:32+00:00,756.0,5.55,5.45,5.49,0.87000036,18.589752,631.0,918.0,0.143563251953125,False,REGULAR,USD,call,2026-06-12,17,745.6400146484375,1.0138940844751299,5.470000000000001,0.007312614259597812
SPY260612C00757000,2026-05-22 19:55:40+00:00,757.0,5.08,5.06,5.1,0.78999996,18.414917,266.0,325.0,0.14249514739990232,False,REGULAR,USD,call,2026-06-12,17,745.6400146484375,1.015235214216499,5.08,0.007874015748031503
SPY260612C00758000,2026-05-22 19:50:20+00:00,758.0,4.64,4.68,4.72,0.65999985,16.58291,347.0,335.0,0.14130497375488282,False,REGULAR,USD,call,2026-06-12,17,745.6400146484375,1.0165763439578683,4.699999999999999,0.00851063829787235
SPY260612C00759000,2026-05-22 20:01:15+00:00,759.0,4.26,4.33,4.36,0.61000013,16.712332,125.0,373.0,0.1401453173828125,False,REGULAR,USD,call,2026-06-12,17,745.6400146484375,1.0179174736992376,4.345000000000001,0.006904487917146201
SPY260612C00760000,2026-05-22 20:12:35+00:00,760.0,4.0,3.99,4.03,0.48000002,13.636364,4720.0,6084.0,0.13922979919433598,False,REGULAR,USD,call,2026-06-12,17,745.6400146484375,1.0192586034406068,4.01,0.009975062344139661
SPY260612C00761000,2026-05-22 19:46:14+00:00,761.0,3.62,3.67,3.71,0.43999982,13.836472,170.0,545.0,0.13816169464111328,False,REGULAR,USD,call,2026-06-12,17,745.6400146484375,1.020599733181976,3.69,0.010840108401084021
SPY260612C00762000,2026-05-22 19:30:08+00:00,762.0,3.37,3.38,3.41,0.53,18.661972,311.0,431.0,0.1371851419067383,False,REGULAR,USD,call,2026-06-12,17,745.6400146484375,1.0219408629233453,3.395,0.008836524300441899
SPY260612C00763000,2026-05-22 18:31:45+00:00,763.0,3.47,3.1,3.13,0.93000007,36.614178,102.0,432.0,0.13630014099121096,False,REGULAR,USD,call,2026-06-12,17,745.6400146484375,1.0232819926647145,3.115,0.009630818619582602
SPY260612C00764000,2026-05-22 20:03:28+00:00,764.0,2.84,2.84,2.87,0.26,10.077519,74.0,142.0,0.13547617462158207,False,REGULAR,USD,call,2026-06-12,17,745.6400146484375,1.0246231224060838,2.855,0.010507880910683099
SPY260612C00765000,2026-05-22 20:09:31+00:00,765.0,2.6,2.59,2.62,0.38999987,17.647053,361.0,2054.0,0.1345606564331055,False,REGULAR,USD,call,2026-06-12,17,745.6400146484375,1.0259642521474528,2.605,0.01151631477927073
SPY260612C00766000,2026-05-22 19:38:02+00:00,766.0,2.44,2.36,2.4,0.4100001,20.197048,79.0,171.0,0.13395031097412108,False,REGULAR,USD,call,2026-06-12,17,745.6400146484375,1.027305381888822,2.38,0.016806722689075647
SPY260612C00767000,2026-05-22 19:59:40+00:00,767.0,2.2,2.15,2.18,0.36,19.565218,73.0,143.0,0.1330347927856445,False,REGULAR,USD,call,2026-06-12,17,745.6400146484375,1.0286465116301913,2.165,0.01385681293302552
SPY260612C00768000,2026-05-22 20:14:43+00:00,768.0,1.98,1.95,1.98,0.39,24.528301,120.0,264.0,0.13227186096191407,False,REGULAR,USD,call,2026-06-12,17,745.6400146484375,1.0299876413715605,1.9649999999999999,0.015267175572519099
SPY260612C00769000,2026-05-22 19:59:40+00:00,769.0,1.82,1.77,1.8,0.43000007,30.935257,59.0,149.0,0.1316615155029297,False,REGULAR,USD,call,2026-06-12,17,745.6400146484375,1.0313287711129298,1.7850000000000001,0.016806722689075643
SPY260612C00770000,2026-05-22 20:11:22+00:00,770.0,1.6,1.6,1.63,0.26999998,20.30075,1776.0,2790.0,0.13099013549804686,False,REGULAR,USD,call,2026-06-12,17,745.6400146484375,1.032669900854299,1.615,0.018575851393188732
SPY260612C00771000,2026-05-22 20:09:39+00:00,771.0,1.47,1.45,1.48,0.26999998,22.499998,85.0,225.0,0.13050185913085935,False,REGULAR,USD,call,2026-06-12,17,745.6400146484375,1.0340110305956682,1.4649999999999999,0.020477815699658723
SPY260612C00772000,2026-05-22 19:54:32+00:00,772.0,1.32,1.3,1.33,0.29000008,28.155348,48.0,204.0,0.1297694445800781,False,REGULAR,USD,call,2026-06-12,17,745.6400146484375,1.0353521603370375,1.315,0.022813688212927778
SPY260612C00773000,2026-05-22 17:28:16+00:00,773.0,1.55,1.17,1.2,0.59,61.458332,31.0,175.0,0.1292201336669922,False,REGULAR,USD,call,2026-06-12,17,745.6400146484375,1.0366932900784067,1.185,0.025316455696202552
SPY260612C00774000,2026-05-22 19:58:24+00:00,774.0,1.08,1.06,1.08,0.19000006,21.348322,9.0,65.0,0.1287318572998047,False,REGULAR,USD,call,2026-06-12,17,745.6400146484375,1.038034419819776,1.07,0.018691588785046745
SPY260612C00775000,2026-05-22 20:11:22+00:00,775.0,0.95,0.95,0.97,0.21999997,30.136982,404.0,1904.0,0.12818254638671872,False,REGULAR,USD,call,2026-06-12,17,745.6400146484375,1.0393755495611452,0.96,0.020833333333333353
SPY260612C00776000,2026-05-22 19:34:44+00:00,776.0,0.89,0.85,0.88,0.19,27.142859,237.0,317.0,0.1281215118408203,False,REGULAR,USD,call,2026-06-12,17,745.6400146484375,1.0407166793025142,0.865,0.03468208092485552
SPY260612C00777000,2026-05-22 18:39:27+00:00,777.0,0.9,0.76,0.79,0.23999995,36.36363,238.0,136.0,0.1277553045654297,False,REGULAR,USD,call,2026-06-12,17,745.6400146484375,1.0420578090438835,0.775,0.038709677419354875
SPY260612C00778000,2026-05-22 18:20:23+00:00,778.0,0.85,0.68,0.71,0.31,57.407402,188.0,571.0,0.1274501318359375,False,REGULAR,USD,call,2026-06-12,17,745.6400146484375,1.0433989387852527,0.6950000000000001,0.04316546762589916
SPY260612C00779000,2026-05-22 19:41:23+00:00,779.0,0.64,0.61,0.63,0.13,25.490194,107.0,55.0,0.12690082092285154,False,REGULAR,USD,call,2026-06-12,17,745.6400146484375,1.044740068526622,0.62,0.03225806451612906
SPY260612C00780000,2026-05-22 19:54:39+00:00,780.0,0.55,0.55,0.57,0.100000024,22.222229,357.0,1632.0,0.12696185546875,False,REGULAR,USD,call,2026-06-12,17,745.6400146484375,1.0460811982679912,0.56,0.035714285714285546
SPY260612C00781000,2026-05-22 19:49:34+00:00,781.0,0.52,0.49,0.51,0.23000002,79.31036,208.0,77.0,0.12671771728515624,False,REGULAR,USD,call,2026-06-12,17,745.6400146484375,1.0474223280093604,0.5,0.040000000000000036
SPY260612C00782000,2026-05-22 19:48:29+00:00,782.0,0.46,0.44,0.46,0.16,53.33333,121.0,101.0,0.12671771728515624,False,REGULAR,USD,call,2026-06-12,17,745.6400146484375,1.0487634577507297,0.45,0.04444444444444448
SPY260612C00783000,2026-05-22 17:13:10+00:00,783.0,0.49,0.4,0.42,0.18,58.06452,19.0,112.0,0.12708392456054687,False,REGULAR,USD,call,2026-06-12,17,745.6400146484375,1.050104587492099,0.41000000000000003,0.04878048780487795
SPY260612C00784000,2026-05-22 19:30:40+00:00,784.0,0.36,0.36,0.38,-0.00999999,-2.7027001,11.0,177.0,0.12732806274414063,False,REGULAR,USD,call,2026-06-12,17,745.6400146484375,1.0514457172334681,0.37,0.054054054054054106
SPY260612C00785000,2026-05-22 20:05:01+00:00,785.0,0.32,0.32,0.34,0.060000002,23.076925,127.0,1052.0,0.12720599365234375,False,REGULAR,USD,call,2026-06-12,17,745.6400146484375,1.0527868469748374,0.33,0.060606060606060656
SPY260612C00786000,2026-05-22 13:48:27+00:00,786.0,0.42,0.29,0.31,0.13,44.827587,10.0,16.0,0.12757220092773439,False,REGULAR,USD,call,2026-06-12,17,745.6400146484375,1.0541279767162064,0.3,0.06666666666666674
SPY260612C00787000,2026-05-22 13:47:21+00:00,787.0,0.39,0.26,0.28,0.18999998,94.99999,2.0,60.0,0.12781633911132811,False,REGULAR,USD,call,2026-06-12,17,745.6400146484375,1.0554691064575756,0.27,0.07407407407407414
SPY260612C00788000,2026-05-22 20:11:35+00:00,788.0,0.25,0.24,0.25,-0.22999999,-47.916664,5.0,58.0,0.12769427001953126,False,REGULAR,USD,call,2026-06-12,17,745.6400146484375,1.0568102361989449,0.245,0.04081632653061228
SPY260612C00789000,2026-05-22 15:39:49+00:00,789.0,0.28,0.22,0.23,0.14,100.0,3.0,45.0,0.12842668457031248,False,REGULAR,USD,call,2026-06-12,17,745.6400146484375,1.0581513659403141,0.225,0.04444444444444448
SPY260612C00790000,2026-05-22 19:57:18+00:00,790.0,0.2,0.2,0.21,0.040000007,25.000006,116.0,1572.0,0.1289149609375,False,REGULAR,USD,call,2026-06-12,17,745.6400146484375,1.0594924956816834,0.20500000000000002,0.04878048780487795
SPY260612C00791000,2026-05-22 13:52:15+00:00,791.0,0.22,0.18,0.19,0.13,144.44443,1.0,3.0,0.12915909912109375,False,REGULAR,USD,call,2026-06-12,17,745.6400146484375,1.0608336254230526,0.185,0.054054054054054106
SPY260612C00792000,2026-05-21 17:21:48+00:00,792.0,0.13,0.16,0.18,0.0,0.0,,119.0,0.13037979003906247,False,REGULAR,USD,call,2026-06-12,17,745.6400146484375,1.0621747551644218,0.16999999999999998,0.11764705882352937
SPY260612C00793000,2026-05-22 16:03:12+00:00,793.0,0.2,0.15,0.16,-0.11999999,-37.499996,30.0,100.0,0.13037979003906247,False,REGULAR,USD,call,2026-06-12,17,745.6400146484375,1.063515884905791,0.155,0.06451612903225812
SPY260612C00794000,2026-05-22 19:28:35+00:00,794.0,0.15,0.14,0.15,0.0,0.0,18.0,97.0,0.1313563427734375,False,REGULAR,USD,call,2026-06-12,17,745.6400146484375,1.0648570146471603,0.14500000000000002,0.06896551724137917
SPY260612C00795000,2026-05-22 17:29:54+00:00,795.0,0.18,0.13,0.14,0.040000007,28.571432,68.0,215.0,0.13208875732421876,False,REGULAR,USD,call,2026-06-12,17,745.6400146484375,1.0661981443885296,0.135,0.07407407407407414
SPY260612C00800000,2026-05-22 19:58:42+00:00,800.0,0.1,0.09,0.1,0.020000003,25.000006,410.0,1161.0,0.13672738281250002,False,REGULAR,USD,call,2026-06-12,17,745.6400146484375,1.0729037930953755,0.095,0.10526315789473693
SPY260612C00805000,2026-05-22 19:54:07+00:00,805.0,0.08,0.07,0.08,0.04,100.0,75.0,364.0,0.1430749755859375,False,REGULAR,USD,call,2026-06-12,17,745.6400146484375,1.0796094418022217,0.07500000000000001,0.13333333333333325
SPY260612C00810000,2026-05-22 19:54:07+00:00,810.0,0.06,0.05,0.06,0.03,100.0,41.0,2607.0,0.147469462890625,False,REGULAR,USD,call,2026-06-12,17,745.6400146484375,1.0863150905090677,0.055,0.18181818181818174
SPY260612C00815000,2026-05-22 19:54:07+00:00,815.0,0.05,0.04,0.05,0.030000001,150.00002,234.0,372.0,0.15430533203125002,False,REGULAR,USD,call,2026-06-12,17,745.6400146484375,1.093020739215914,0.045,0.22222222222222227
SPY260612C00825000,2026-05-21 18:41:25+00:00,825.0,0.02,0.03,0.04,0.0,0.0,1.0,170.0,0.16846534667968754,False,REGULAR,USD,call,2026-06-12,17,745.6400146484375,1.106432036629606,0.035,0.28571428571428575
SPY260612C00830000,2026-05-21 16:29:48+00:00,830.0,0.03,0.03,0.04,0.0,0.0,10.0,173.0,0.17774259765625,False,REGULAR,USD,call,2026-06-12,17,745.6400146484375,1.113137685336452,0.035,0.28571428571428575
SPY260612C00835000,2026-05-22 13:48:14+00:00,835.0,0.02,0.02,0.03,-0.01,-33.333336,3.0,436.0,0.180672255859375,False,REGULAR,USD,call,2026-06-12,17,745.6400146484375,1.1198433340432983,0.025,0.3999999999999999
SPY260612C00840000,2026-05-21 17:40:58+00:00,840.0,0.01,0.02,0.03,0.0,0.0,3.0,70.0,0.18946123046875002,False,REGULAR,USD,call,2026-06-12,17,745.6400146484375,1.1265489827501443,0.025,0.3999999999999999
SPY260612C00845000,2026-05-22 14:24:06+00:00,845.0,0.02,0.02,0.03,-0.01,-33.333336,65.0,446.0,0.19727365234375,False,REGULAR,USD,call,2026-06-12,17,745.6400146484375,1.1332546314569905,0.025,0.3999999999999999
SPY260618C00525000,2026-05-20 16:28:30+00:00,525.0,215.78,220.65,223.85,0.0,0.0,14.0,341.0,0.7346217944335938,True,REGULAR,USD,call,2026-06-18,23,745.6400146484375,0.7040931142188402,222.25,0.014398200224971828
SPY260618C00530000,2026-05-21 19:44:43+00:00,530.0,214.01,215.67,218.87,0.0,0.0,1.0,376.0,0.7192410888671875,True,REGULAR,USD,call,2026-06-18,23,745.6400146484375,0.7107987629256863,217.26999999999998,0.014728218345837056
SPY260618C00535000,2026-05-21 19:57:45+00:00,535.0,209.66,210.69,213.86,0.0,0.0,1.0,525.0,0.7026396923828125,True,REGULAR,USD,call,2026-06-18,23,745.6400146484375,0.7175044116325324,212.275,0.014933458956542295
SPY260618C00540000,2026-05-22 19:34:37+00:00,540.0,207.33,205.71,208.88,3.2299957,1.5825555,7.0,2208.0,0.6875031250000001,True,REGULAR,USD,call,2026-06-18,23,745.6400146484375,0.7242100603393785,207.29500000000002,0.015292216406570285
SPY260618C00545000,2026-05-22 14:59:43+00:00,545.0,203.03,200.73,203.9,1.5800018,0.78431463,15.0,507.0,0.6722444885253909,True,REGULAR,USD,call,2026-06-18,23,745.6400146484375,0.7309157090462246,202.315,0.015668635543583106
SPY260618C00550000,2026-05-22 19:46:23+00:00,550.0,196.67,195.75,198.95,2.6699982,1.3762877,9.0,11089.0,0.65820654296875,True,REGULAR,USD,call,2026-06-18,23,745.6400146484375,0.7376213577530707,197.35,0.01621484671902705
SPY260618C00555000,2026-05-22 14:18:20+00:00,555.0,192.65,190.78,193.97,5.7599945,3.0820239,1.0,365.0,0.6433141137695313,True,REGULAR,USD,call,2026-06-18,23,745.6400146484375,0.7443270064599168,192.375,0.016582196231319027
SPY260618C00560000,2026-05-22 19:34:37+00:00,560.0,185.65,185.8,188.99,5.8299866,3.2421236,9.0,1727.0,0.6282996154785156,True,REGULAR,USD,call,2026-06-18,23,745.6400146484375,0.7510326551667629,187.395,0.01702286613837081
SPY260618C00565000,2026-05-22 18:59:49+00:00,565.0,183.9,180.82,183.99,4.169998,2.320146,5.0,647.0,0.6125527026367189,True,REGULAR,USD,call,2026-06-18,23,745.6400146484375,0.757738303873609,182.405,0.017378909569364963
SPY260618C00570000,2026-05-22 17:18:44+00:00,570.0,179.31,175.85,179.04,5.880005,3.39042,3.0,5122.0,0.598758895263672,True,REGULAR,USD,call,2026-06-18,23,745.6400146484375,0.764443952580455,177.445,0.01797740144833609
SPY260618C00575000,2026-05-22 13:49:10+00:00,575.0,173.9,170.87,174.04,6.73999,4.032059,1.0,3065.0,0.5831340515136718,True,REGULAR,USD,call,2026-06-18,23,745.6400146484375,0.7711496012873011,172.45499999999998,0.01838160679597569
SPY260618C00580000,2026-05-22 14:47:22+00:00,580.0,167.48,165.9,169.09,6.8399963,4.257966,2.0,1875.0,0.569340244140625,True,REGULAR,USD,call,2026-06-18,23,745.6400146484375,0.7778552499941473,167.495,0.019045344637153332
SPY260618C00585000,2026-05-22 20:01:06+00:00,585.0,162.23,160.92,164.12,10.25,6.744309,2.0,407.0,0.5546919531250001,True,REGULAR,USD,call,2026-06-18,23,745.6400146484375,0.7845608987009934,162.51999999999998,0.019689884321929717
SPY260618C00590000,2026-05-22 19:02:42+00:00,590.0,159.06,155.95,159.15,3.569992,2.2959623,7.0,1749.0,0.540287800292969,True,REGULAR,USD,call,2026-06-18,23,745.6400146484375,0.7912665474078395,157.55,0.020311012377023274
SPY260618C00595000,2026-05-21 18:54:34+00:00,595.0,148.51,150.98,154.18,0.0,0.0,9.0,1698.0,0.5258836474609375,True,REGULAR,USD,call,2026-06-18,23,745.6400146484375,0.7979721961146856,152.57999999999998,0.020972604535325845
SPY260618C00600000,2026-05-22 19:36:11+00:00,600.0,147.66,146.02,149.21,2.699997,1.8625805,51.0,5049.0,0.5117846673583983,True,REGULAR,USD,call,2026-06-18,23,745.6400146484375,0.8046778448215317,147.615,0.021610269959014987
SPY260618C00605000,2026-05-22 19:11:20+00:00,605.0,143.53,141.05,144.25,2.2599945,1.5997695,3.0,2689.0,0.5679974841308593,True,REGULAR,USD,call,2026-06-18,23,745.6400146484375,0.8113834935283778,142.65,0.02243252716438828
SPY260618C00610000,2026-05-22 18:14:49+00:00,610.0,138.99,136.08,139.28,4.300003,3.1925182,1.0,1527.0,0.5516402258300781,True,REGULAR,USD,call,2026-06-18,23,745.6400146484375,0.8180891422352239,137.68,0.02324230098779771
SPY260618C00615000,2026-05-22 13:30:04+00:00,615.0,131.39,131.12,134.32,0.020004272,0.015227429,2.0,2307.0,0.5355881402587892,True,REGULAR,USD,call,2026-06-18,23,745.6400146484375,0.82479479094207,132.72,0.024110910186859468
SPY260618C00620000,2026-05-22 15:23:49+00:00,620.0,129.11,126.17,129.36,4.1800003,3.3458738,15.0,4744.0,0.5194750201416016,True,REGULAR,USD,call,2026-06-18,23,745.6400146484375,0.8315004396489161,127.76500000000001,0.02496771416272071
SPY260618C00625000,2026-05-22 19:34:37+00:00,625.0,122.55,121.2,124.4,1.1399994,0.9389666,12.0,1728.0,0.5034229345703125,True,REGULAR,USD,call,2026-06-18,23,745.6400146484375,0.8382060883557622,122.80000000000001,0.026058631921824126
SPY260618C00630000,2026-05-21 19:07:55+00:00,630.0,114.38,116.25,119.45,0.0,0.0,63.0,3043.0,0.4876149871826172,True,REGULAR,USD,call,2026-06-18,23,745.6400146484375,0.8449117370626082,117.85,0.027153160797624126
SPY260618C00635000,2026-05-22 19:34:38+00:00,635.0,112.9,111.29,114.49,3.1699982,2.8889072,7.0,3911.0,0.4714408325195312,True,REGULAR,USD,call,2026-06-18,23,745.6400146484375,0.8516173857694543,112.89,0.028346177695101324
SPY260618C00640000,2026-05-22 19:56:07+00:00,640.0,108.64,106.35,109.55,7.6100006,7.532417,6.0,3326.0,0.4558770233154297,True,REGULAR,USD,call,2026-06-18,23,745.6400146484375,0.8583230344763004,107.94999999999999,0.0296433534043539
SPY260618C00645000,2026-05-22 18:49:19+00:00,645.0,104.32,101.4,104.61,4.459999,4.466252,3.0,2586.0,0.4401911450195312,True,REGULAR,USD,call,2026-06-18,23,745.6400146484375,0.8650286831831465,103.005,0.031163535750691654
SPY260618C00650000,2026-05-22 19:01:13+00:00,650.0,99.24,96.5,99.67,3.9899979,4.1889744,1832.0,6513.0,0.4244442321777344,True,REGULAR,USD,call,2026-06-18,23,745.6400146484375,0.8717343318899926,98.08500000000001,0.03231890707039814
SPY260618C00655000,2026-05-22 19:34:37+00:00,655.0,94.93,91.53,94.74,7.4000015,8.4542465,12.0,4256.0,0.4088804229736328,True,REGULAR,USD,call,2026-06-18,23,745.6400146484375,0.8784399805968387,93.13499999999999,0.03446609760025763
SPY260618C00660000,2026-05-22 20:01:07+00:00,660.0,87.86,86.61,89.66,2.5200043,2.9528995,31.0,13593.0,0.38898316101074215,True,REGULAR,USD,call,2026-06-18,23,745.6400146484375,0.8851456293036849,88.13499999999999,0.03460600215578371
SPY260618C00661000,2026-05-19 14:30:14+00:00,661.0,75.45,85.63,88.84,0.0,0.0,1.0,8.0,0.3904479901123047,True,REGULAR,USD,call,2026-06-18,23,745.6400146484375,0.886486759045054,87.235,0.03679715710437333
SPY260618C00662000,2026-05-22 20:01:27+00:00,662.0,85.91,84.65,87.86,4.800003,5.917893,1.0,19.0,0.3874572973632812,True,REGULAR,USD,call,2026-06-18,23,745.6400146484375,0.8878278887864233,86.255,0.037215233899484015
SPY260618C00663000,2026-05-12 16:53:37+00:00,663.0,73.84,83.66,86.88,0.0,0.0,3.0,3.0,0.38440557006835935,True,REGULAR,USD,call,2026-06-18,23,745.6400146484375,0.8891690185277925,85.27,0.037762401782572994
SPY260618C00664000,2026-05-13 13:47:12+00:00,664.0,78.42,82.68,85.9,0.0,0.0,20.0,16.0,0.3814148773193359,True,REGULAR,USD,call,2026-06-18,23,745.6400146484375,0.8905101482691617,84.29,0.038201447384031306
SPY260618C00665000,2026-05-22 19:34:45+00:00,665.0,84.99,81.7,84.92,4.5899963,5.7089505,31.0,13615.0,0.378363150024414,True,REGULAR,USD,call,2026-06-18,23,745.6400146484375,0.891851278010531,83.31,0.038650822230224445
SPY260618C00666000,2026-05-21 17:33:01+00:00,666.0,79.27,80.72,83.94,0.0,0.0,60.0,34.0,0.37531142272949214,True,REGULAR,USD,call,2026-06-18,23,745.6400146484375,0.8931924077519001,82.33,0.03911089517794241
SPY260618C00667000,2026-05-21 16:41:32+00:00,667.0,74.72,79.74,82.96,0.0,0.0,31.0,43.0,0.3722596954345704,True,REGULAR,USD,call,2026-06-18,23,745.6400146484375,0.8945335374932694,81.35,0.03958205285802088
SPY260618C00668000,2026-05-15 13:36:27+00:00,668.0,75.99,78.76,81.95,0.0,0.0,1.0,5.0,0.3684145190429688,True,REGULAR,USD,call,2026-06-18,23,745.6400146484375,0.8958746672346386,80.355,0.03969883641341544
SPY260618C00669000,2026-05-20 14:09:39+00:00,669.0,69.74,77.78,81.0,0.0,0.0,2.0,2.0,0.36615624084472653,True,REGULAR,USD,call,2026-06-18,23,745.6400146484375,0.8972157969760078,79.39,0.04055926439098122
SPY260618C00670000,2026-05-22 19:55:42+00:00,670.0,78.12,76.8,79.99,1.0100021,1.3098199,1859.0,21808.0,0.362311064453125,True,REGULAR,USD,call,2026-06-18,23,745.6400146484375,0.8985569267173771,78.395,0.04069137062312645
SPY260618C00671000,2026-05-22 19:33:30+00:00,671.0,77.28,75.83,79.04,4.459999,6.1246896,10.0,275.0,0.35999175170898434,True,REGULAR,USD,call,2026-06-18,23,745.6400146484375,0.8998980564587462,77.435,0.0414541228126817
SPY260618C00672000,2026-05-20 19:50:03+00:00,672.0,73.1,74.85,78.04,0.0,0.0,1.0,13.0,0.3563907135009765,True,REGULAR,USD,call,2026-06-18,23,745.6400146484375,0.9012391862001154,76.445,0.04172934789718114
SPY260618C00673000,2026-05-19 18:04:34+00:00,673.0,68.13,73.87,77.09,0.0,0.0,1.0,266.0,0.3540408834838866,True,REGULAR,USD,call,2026-06-18,23,745.6400146484375,0.9025803159414847,75.48,0.042660307366189705
SPY260618C00674000,2026-05-12 14:08:35+00:00,674.0,66.53,72.9,76.12,0.0,0.0,1.0,3.0,0.35120277709960934,True,REGULAR,USD,call,2026-06-18,23,745.6400146484375,0.9039214456828539,74.51,0.043215675748221695
SPY260618C00675000,2026-05-22 19:34:37+00:00,675.0,75.23,71.92,75.15,2.9600067,4.0957613,44.0,18847.0,0.3483036361694336,True,REGULAR,USD,call,2026-06-18,23,745.6400146484375,0.9052625754242232,73.535,0.0439246617257089
SPY260618C00676000,2026-05-22 15:16:25+00:00,676.0,73.72,70.95,74.17,9.529999,14.846547,1.0,42.0,0.34516035705566406,True,REGULAR,USD,call,2026-06-18,23,745.6400146484375,0.9066037051655924,72.56,0.04437706725468576
SPY260618C00677000,2026-05-19 14:30:14+00:00,677.0,60.01,69.98,73.17,0.0,0.0,2.0,5.0,0.341528801574707,True,REGULAR,USD,call,2026-06-18,23,745.6400146484375,0.9079448349069615,71.575,0.04456863429968561
SPY260618C00678000,2026-05-22 18:20:21+00:00,678.0,72.43,69.01,72.23,2.8300018,4.066095,12.0,18.0,0.33933155792236325,True,REGULAR,USD,call,2026-06-18,23,745.6400146484375,0.9092859646483308,70.62,0.045596148399886696
SPY260618C00679000,2026-05-18 14:16:36+00:00,679.0,65.36,68.04,71.23,0.0,0.0,1.0,8.0,0.33570000244140624,True,REGULAR,USD,call,2026-06-18,23,745.6400146484375,0.9106270943897,69.635,0.04581029654627698
SPY260618C00680000,2026-05-22 19:52:16+00:00,680.0,68.27,67.07,70.29,1.8699951,2.8162577,109.0,16298.0,0.3334417242431641,True,REGULAR,USD,call,2026-06-18,23,745.6400146484375,0.9119682241310693,68.68,0.04688410017472354
SPY260618C00681000,2026-05-21 18:13:49+00:00,681.0,65.56,66.1,69.33,0.0,0.0,123.0,172.0,0.3307256869506836,True,REGULAR,USD,call,2026-06-18,23,745.6400146484375,0.9133093538724385,67.715,0.047699918777228144
SPY260618C00682000,2026-05-18 19:49:48+00:00,682.0,60.45,65.13,68.36,0.0,0.0,2.0,15.0,0.32776551147460936,True,REGULAR,USD,call,2026-06-18,23,745.6400146484375,0.9146504836138076,66.745,0.04839313806277629
SPY260618C00683000,2026-05-22 16:42:06+00:00,683.0,66.95,64.17,67.39,8.569996,14.679678,4.0,29.0,0.32474430145263666,True,REGULAR,USD,call,2026-06-18,23,745.6400146484375,0.9159916133551769,65.78,0.04895104895104893
SPY260618C00684000,2026-05-19 13:33:03+00:00,684.0,55.19,63.2,66.43,0.0,0.0,1.0,9.0,0.3219672296142577,True,REGULAR,USD,call,2026-06-18,23,745.6400146484375,0.9173327430965461,64.815,0.04983414333101912
SPY260618C00685000,2026-05-22 19:04:21+00:00,685.0,64.63,62.24,65.47,3.3799973,5.518363,34.0,15374.0,0.31915964050292955,True,REGULAR,USD,call,2026-06-18,23,745.6400146484375,0.9186738728379154,63.855000000000004,0.05058335290893425
SPY260618C00686000,2026-05-22 17:54:25+00:00,686.0,64.67,61.27,64.5,9.839996,17.946373,1.0,51.0,0.3161079132080078,True,REGULAR,USD,call,2026-06-18,23,745.6400146484375,0.9200150025792846,62.885000000000005,0.05136360022262856
SPY260618C00687000,2026-05-22 15:29:40+00:00,687.0,63.36,60.31,63.51,3.5699997,5.9708977,1.0,17.0,0.31262894409179687,True,REGULAR,USD,call,2026-06-18,23,745.6400146484375,0.9213561323206537,61.91,0.051687934097883956
SPY260618C00688000,2026-05-22 17:56:58+00:00,688.0,62.45,59.35,62.59,5.5699997,9.792544,2.0,27.0,0.3106453213500976,True,REGULAR,USD,call,2026-06-18,23,745.6400146484375,0.922697262062023,60.97,0.05314088896178452
SPY260618C00689000,2026-05-18 17:59:29+00:00,689.0,53.18,58.39,61.63,0.0,0.0,2.0,8.0,0.3077766976928711,True,REGULAR,USD,call,2026-06-18,23,745.6400146484375,0.9240383918033922,60.010000000000005,0.05399100149975007
SPY260618C00690000,2026-05-22 19:42:19+00:00,690.0,59.13,57.44,60.67,3.0699997,5.4762745,149.0,15990.0,0.30487755676269535,True,REGULAR,USD,call,2026-06-18,23,745.6400146484375,0.9253795215447614,59.055,0.05469477605621885
SPY260618C00691000,2026-05-20 14:04:06+00:00,691.0,49.23,56.48,59.72,0.0,0.0,2.0,14.0,0.3021920367431641,True,REGULAR,USD,call,2026-06-18,23,745.6400146484375,0.9267206512861307,58.099999999999994,0.05576592082616183
SPY260618C00692000,2026-05-20 14:04:06+00:00,692.0,48.34,55.53,58.77,0.0,0.0,2.0,39.0,0.29944548217773437,True,REGULAR,USD,call,2026-06-18,23,745.6400146484375,0.9280617810274999,57.150000000000006,0.0566929133858268
SPY260618C00693000,2026-05-19 19:10:03+00:00,693.0,47.53,54.58,57.82,0.0,0.0,6.0,69.0,0.29669892761230465,True,REGULAR,USD,call,2026-06-18,23,745.6400146484375,0.929402910768869,56.2,0.057651245551601456
SPY260618C00694000,2026-05-22 16:18:02+00:00,694.0,56.55,53.63,56.87,5.84,11.516467,8.0,46.0,0.2939218557739257,True,REGULAR,USD,call,2026-06-18,23,745.6400146484375,0.9307440405102383,55.25,0.05864253393665149
SPY260618C00695000,2026-05-22 19:34:37+00:00,695.0,54.14,52.68,55.92,1.3899994,2.6350698,206.0,24899.0,0.29111426666259754,True,REGULAR,USD,call,2026-06-18,23,745.6400146484375,0.9320851702516075,54.3,0.05966850828729286
SPY260618C00696000,2026-05-22 19:04:22+00:00,696.0,53.93,51.73,54.99,3.6599998,7.2806845,2.0,38.0,0.2887034020996093,True,REGULAR,USD,call,2026-06-18,23,745.6400146484375,0.9334262999929768,53.36,0.06109445277361329
SPY260618C00697000,2026-05-22 19:59:34+00:00,697.0,52.54,50.79,54.04,2.9700012,5.9915295,2.0,44.0,0.2858347784423828,True,REGULAR,USD,call,2026-06-18,23,745.6400146484375,0.934767429734346,52.415,0.06200515119717638
SPY260618C00698000,2026-05-21 19:21:20+00:00,698.0,48.87,49.85,53.09,0.0,0.0,1.0,23.0,0.2829661547851562,True,REGULAR,USD,call,2026-06-18,23,745.6400146484375,0.9361085594757151,51.47,0.06294929084903832
SPY260618C00699000,2026-05-21 18:06:12+00:00,699.0,48.63,48.91,52.16,0.0,0.0,4.0,87.0,0.28043322113037106,True,REGULAR,USD,call,2026-06-18,23,745.6400146484375,0.9374496892170844,50.535,0.06431186306520234
SPY260618C00700000,2026-05-22 19:50:03+00:00,700.0,49.44,48.1,51.22,2.3999977,5.102036,211.0,29553.0,0.27768666656494134,True,REGULAR,USD,call,2026-06-18,23,745.6400146484375,0.9387908189584536,49.66,0.06282722513089001
SPY260618C00701000,2026-05-21 17:57:59+00:00,701.0,47.89,47.04,50.29,0.0,0.0,1.0,81.0,0.27509269836425776,True,REGULAR,USD,call,2026-06-18,23,745.6400146484375,0.9401319486998229,48.665,0.06678310901058256
SPY260618C00702000,2026-05-21 13:52:40+00:00,702.0,42.1,46.1,49.36,0.0,0.0,1.0,36.0,0.2724987301635742,True,REGULAR,USD,call,2026-06-18,23,745.6400146484375,0.9414730784411921,47.730000000000004,0.06830085899853337
SPY260618C00703000,2026-05-21 17:57:59+00:00,703.0,46.04,45.18,48.43,0.0,0.0,1.0,20.0,0.26984372741699214,True,REGULAR,USD,call,2026-06-18,23,745.6400146484375,0.9428142081825612,46.805,0.0694370259587651
SPY260618C00704000,2026-05-19 15:04:16+00:00,704.0,36.13,44.25,47.51,0.0,0.0,1.0,34.0,0.26734131103515624,True,REGULAR,USD,call,2026-06-18,23,745.6400146484375,0.9441553379239305,45.879999999999995,0.07105492589363553
SPY260618C00705000,2026-05-22 19:50:03+00:00,705.0,44.75,43.33,46.55,2.0699997,4.850046,59.0,15282.0,0.2640759628295898,True,REGULAR,USD,call,2026-06-18,23,745.6400146484375,0.9454964676652997,44.94,0.07165109034267911
SPY260618C00706000,2026-05-22 17:57:19+00:00,706.0,45.63,42.4,45.66,5.4300003,13.507463,1.0,45.0,0.2620618228149414,True,REGULAR,USD,call,2026-06-18,23,745.6400146484375,0.946837597406669,44.03,0.0740404269816034
SPY260618C00707000,2026-05-20 19:30:41+00:00,707.0,39.42,41.49,44.75,0.0,0.0,50.0,147.0,0.25962044097900394,True,REGULAR,USD,call,2026-06-18,23,745.6400146484375,0.9481787271480382,43.120000000000005,0.07560296846011126
SPY260618C00708000,2026-05-22 17:47:15+00:00,708.0,43.89,40.57,43.83,7.3899994,20.246574,1.0,47.0,0.2569654382324219,True,REGULAR,USD,call,2026-06-18,23,745.6400146484375,0.9495198568894074,42.2,0.07725118483412317
SPY260618C00709000,2026-05-20 17:52:44+00:00,709.0,37.07,39.66,42.92,0.0,0.0,10.0,184.0,0.254463021850586,True,REGULAR,USD,call,2026-06-18,23,745.6400146484375,0.9508609866307766,41.29,0.07895374182610815
SPY260618C00710000,2026-05-22 20:07:19+00:00,710.0,39.68,38.75,42.02,0.84000015,2.1627192,78.0,33957.0,0.25205215728759767,True,REGULAR,USD,call,2026-06-18,23,745.6400146484375,0.9522021163721458,40.385000000000005,0.08097065742231033
SPY260618C00711000,2026-05-22 17:42:45+00:00,711.0,41.54,37.85,41.12,7.3600006,21.533062,6.0,985.0,0.24964129272460936,True,REGULAR,USD,call,2026-06-18,23,745.6400146484375,0.953543246113515,39.485,0.0828162593389894
SPY260618C00712000,2026-05-22 20:13:49+00:00,712.0,38.33,36.95,40.22,4.8700027,14.5547,15.0,194.0,0.24713887634277343,True,REGULAR,USD,call,2026-06-18,23,745.6400146484375,0.9548843758548843,38.585,0.08474795905144476
SPY260618C00713000,2026-05-22 19:54:34+00:00,713.0,37.18,36.05,39.33,1.1800003,3.2777786,5.0,1347.0,0.2447890463256836,True,REGULAR,USD,call,2026-06-18,23,745.6400146484375,0.9562255055962535,37.69,0.08702573626956756
SPY260618C00714000,2026-05-22 14:02:34+00:00,714.0,37.0,35.16,38.44,5.6100006,17.871935,1.0,1662.0,0.2423781817626953,True,REGULAR,USD,call,2026-06-18,23,745.6400146484375,0.9575666353376227,36.8,0.08913043478260874
SPY260618C00715000,2026-05-22 19:50:32+00:00,715.0,35.56,34.77,37.55,1.800003,5.331763,322.0,37844.0,0.23990628265380853,True,REGULAR,USD,call,2026-06-18,23,745.6400146484375,0.9589077650789919,36.16,0.07688053097345117
SPY260618C00716000,2026-05-22 17:25:56+00:00,716.0,36.42,33.39,36.67,6.4399986,21.480984,1.0,1074.0,0.23752593536376948,True,REGULAR,USD,call,2026-06-18,23,745.6400146484375,0.9602488948203611,35.03,0.09363402797602058
SPY260618C00717000,2026-05-22 19:46:06+00:00,717.0,33.82,32.51,35.79,1.2200012,3.7423353,3.0,2079.0,0.23511507080078126,True,REGULAR,USD,call,2026-06-18,23,745.6400146484375,0.9615900245617304,34.15,0.09604685212298686
SPY260618C00718000,2026-05-22 19:18:19+00:00,718.0,33.67,31.64,34.92,5.1299973,17.974762,14.0,674.0,0.23279575805664063,True,REGULAR,USD,call,2026-06-18,23,745.6400146484375,0.9629311543030996,33.28,0.09855769230769233
SPY260618C00719000,2026-05-22 19:58:44+00:00,719.0,32.38,30.77,34.05,1.7700005,5.7824254,1.0,378.0,0.23041541076660155,True,REGULAR,USD,call,2026-06-18,23,745.6400146484375,0.9642722840444689,32.41,0.10120333230484412
SPY260618C00720000,2026-05-22 20:00:50+00:00,720.0,31.25,29.9,31.7,1.6399994,5.538667,105.0,15623.0,0.204536763305664,True,REGULAR,USD,call,2026-06-18,23,745.6400146484375,0.965613413785838,30.799999999999997,0.05844155844155847
SPY260618C00721000,2026-05-22 19:18:19+00:00,721.0,30.23,29.05,32.34,4.3599987,16.853493,2.0,3367.0,0.22595988891601562,True,REGULAR,USD,call,2026-06-18,23,745.6400146484375,0.9669545435272072,30.695,0.10718358038768538
SPY260618C00722000,2026-05-22 19:21:48+00:00,722.0,29.86,28.19,31.49,2.2700005,8.22762,12.0,4636.0,0.2237016107177734,True,REGULAR,USD,call,2026-06-18,23,745.6400146484375,0.9682956732685765,29.84,0.11058981233243959
SPY260618C00723000,2026-05-22 18:04:17+00:00,723.0,30.21,27.35,30.64,3.2299995,11.971829,29.0,566.0,0.22135178070068356,True,REGULAR,USD,call,2026-06-18,23,745.6400146484375,0.9696368030099457,28.995,0.1134678392826349
SPY260618C00724000,2026-05-22 19:18:19+00:00,724.0,29.1,27.94,29.73,2.960001,11.323646,60.0,8497.0,0.21805591522216794,True,REGULAR,USD,call,2026-06-18,23,745.6400146484375,0.9709779327513149,28.835,0.062077336570140425
SPY260618C00725000,2026-05-22 19:46:44+00:00,725.0,26.83,25.94,28.84,1.3999996,5.505307,79.0,34010.0,0.21500418792724607,True,REGULAR,USD,call,2026-06-18,23,745.6400146484375,0.9723190624926841,27.39,0.10587805768528655
SPY260618C00726000,2026-05-22 19:47:56+00:00,726.0,26.12,24.84,28.15,2.9300003,12.634757,14.0,446.0,0.21482108428955077,True,REGULAR,USD,call,2026-06-18,23,745.6400146484375,0.9736601922340533,26.494999999999997,0.1249292319305529
SPY260618C00727000,2026-05-22 16:42:03+00:00,727.0,26.55,24.02,27.34,3.2199993,13.801968,6.0,341.0,0.21277642700195312,True,REGULAR,USD,call,2026-06-18,23,745.6400146484375,0.9750013219754226,25.68,0.12928348909657322
SPY260618C00728000,2026-05-22 19:41:41+00:00,728.0,24.78,23.21,26.53,0.5400009,2.2277265,5.0,993.0,0.2106402178955078,True,REGULAR,USD,call,2026-06-18,23,745.6400146484375,0.9763424517167918,24.87,0.13349416968234823
SPY260618C00729000,2026-05-22 13:56:08+00:00,729.0,25.11,22.4,25.73,3.0,13.568521,2.0,775.0,0.2085650433349609,True,REGULAR,USD,call,2026-06-18,23,745.6400146484375,0.977683581458161,24.064999999999998,0.138375233741949
SPY260618C00730000,2026-05-22 20:02:40+00:00,730.0,22.95,21.61,24.7,1.6500015,7.746486,318.0,17053.0,0.2031634860229492,True,REGULAR,USD,call,2026-06-18,23,745.6400146484375,0.9790247111995302,23.155,0.1334484992442237
SPY260618C00731000,2026-05-22 16:33:24+00:00,731.0,23.54,21.29,23.82,3.3400002,16.534653,27.0,1527.0,0.19983710327148438,True,REGULAR,USD,call,2026-06-18,23,745.6400146484375,0.9803658409408994,22.555,0.11217025049878081
SPY260618C00732000,2026-05-22 19:18:53+00:00,732.0,21.98,20.04,23.38,1.9300003,9.625937,14.0,3145.0,0.2024921060180664,True,REGULAR,USD,call,2026-06-18,23,745.6400146484375,0.9817069706822686,21.71,0.15384615384615383
SPY260618C00733000,2026-05-22 19:27:28+00:00,733.0,21.04,19.79,22.19,2.1000004,11.087647,58.0,2857.0,0.1947102014160156,True,REGULAR,USD,call,2026-06-18,23,745.6400146484375,0.9830481004236379,20.990000000000002,0.11434016198189623
SPY260618C00734000,2026-05-22 19:46:20+00:00,734.0,19.77,18.51,21.87,1.8000011,10.016702,45.0,9805.0,0.19873848144531248,True,REGULAR,USD,call,2026-06-18,23,745.6400146484375,0.9843892301650071,20.19,0.16641901931649328
SPY260618C00735000,2026-05-22 19:58:12+00:00,735.0,19.48,17.76,19.99,1.5799999,8.826816,182.0,17115.0,0.1815267395019531,True,REGULAR,USD,call,2026-06-18,23,745.6400146484375,0.9857303599063764,18.875,0.11814569536423825
SPY260618C00736000,2026-05-22 19:57:03+00:00,736.0,18.7,17.02,19.54,2.4700012,15.2187395,18.0,1991.0,0.18360191406249998,True,REGULAR,USD,call,2026-06-18,23,745.6400146484375,0.9870714896477455,18.28,0.13785557986870894
SPY260618C00737000,2026-05-22 20:04:14+00:00,737.0,17.84,17.64,18.61,1.6000004,9.85222,88.0,2127.0,0.1790853576660156,True,REGULAR,USD,call,2026-06-18,23,745.6400146484375,0.9884126193891147,18.125,0.053517241379310285
SPY260618C00738000,2026-05-22 19:37:27+00:00,738.0,17.0,16.36,18.0,1.6000004,10.389613,189.0,2083.0,0.1787496676635742,True,REGULAR,USD,call,2026-06-18,23,745.6400146484375,0.989753749130484,17.18,0.0954598370197905
SPY260618C00739000,2026-05-22 19:41:14+00:00,739.0,16.49,16.13,17.1,1.9699993,13.567488,100.0,2131.0,0.1744467321777344,True,REGULAR,USD,call,2026-06-18,23,745.6400146484375,0.9910948788718532,16.615000000000002,0.05838098104122794
SPY260618C00740000,2026-05-22 20:01:28+00:00,740.0,15.62,15.5,16.25,1.1400003,7.872931,1042.0,34623.0,0.17069310760498052,True,REGULAR,USD,call,2026-06-18,23,745.6400146484375,0.9924360086132225,15.875,0.047244094488188976
SPY260618C00741000,2026-05-22 20:13:33+00:00,741.0,15.25,14.75,16.31,1.3999996,10.1083,356.0,2212.0,0.17865811584472657,True,REGULAR,USD,call,2026-06-18,23,745.6400146484375,0.9937771383545916,15.53,0.10045074050225362
SPY260618C00742000,2026-05-22 20:05:12+00:00,742.0,14.5,13.92,14.88,1.2700005,9.599399,831.0,3136.0,0.1670920693969727,True,REGULAR,USD,call,2026-06-18,23,745.6400146484375,0.9951182680959608,14.4,0.06666666666666672
SPY260618C00743000,2026-05-22 19:58:26+00:00,743.0,13.77,13.17,14.13,1.1500006,9.112524,165.0,1747.0,0.16425396301269532,True,REGULAR,USD,call,2026-06-18,23,745.6400146484375,0.9964593978373301,13.65,0.07032967032967039
SPY260618C00744000,2026-05-22 19:15:22+00:00,744.0,13.54,13.27,13.33,1.6300001,13.685979,102.0,2055.0,0.1606224075317383,True,REGULAR,USD,call,2026-06-18,23,745.6400146484375,0.9978005275786993,13.3,0.004511278195488759
SPY260618C00745000,2026-05-22 20:10:41+00:00,745.0,12.6,12.65,12.71,1.21,10.623354,1434.0,20721.0,0.1591575784301758,True,REGULAR,USD,call,2026-06-18,23,745.6400146484375,0.9991416573200685,12.68,0.0047318611987382094
SPY260618C00746000,2026-05-22 20:03:08+00:00,746.0,11.86,12.04,12.1,1.1799994,11.048683,840.0,1750.0,0.15766223205566404,False,REGULAR,USD,call,2026-06-18,23,745.6400146484375,1.0004827870614377,12.07,0.004971002485501284
SPY260618C00747000,2026-05-22 20:05:22+00:00,747.0,11.45,11.45,11.51,1.1899996,11.598436,1661.0,2863.0,0.1562584375,False,REGULAR,USD,call,2026-06-18,23,745.6400146484375,1.001823916802807,11.48,0.005226480836236977
SPY260618C00748000,2026-05-22 20:14:47+00:00,748.0,10.88,10.87,10.93,1.1599998,11.9341545,1674.0,2408.0,0.15482412567138676,False,REGULAR,USD,call,2026-06-18,23,745.6400146484375,1.0031650465441762,10.899999999999999,0.005504587155963349
SPY260618C00749000,2026-05-22 19:55:20+00:00,749.0,10.23,10.32,10.38,1.0599995,11.559427,463.0,2127.0,0.15357291748046875,False,REGULAR,USD,call,2026-06-18,23,745.6400146484375,1.0045061762855454,10.350000000000001,0.005797101449275409
SPY260618C00750000,2026-05-22 20:14:00+00:00,750.0,9.8,9.78,9.82,1.0,11.363636,3175.0,24179.0,0.15204705383300782,False,REGULAR,USD,call,2026-06-18,23,745.6400146484375,1.0058473060269146,9.8,0.0040816326530613185
SPY260618C00751000,2026-05-22 20:12:37+00:00,751.0,9.25,9.25,9.31,1.0,12.121212,275.0,4873.0,0.15097894927978522,False,REGULAR,USD,call,2026-06-18,23,745.6400146484375,1.0071884357682839,9.280000000000001,0.006465517241379363
SPY260618C00752000,2026-05-22 19:59:39+00:00,752.0,8.78,8.75,8.8,0.9999995,12.853464,265.0,1099.0,0.1497124824523926,False,REGULAR,USD,call,2026-06-18,23,745.6400146484375,1.0085295655096531,8.775,0.005698005698005779
SPY260618C00753000,2026-05-22 20:01:32+00:00,753.0,8.14,8.26,8.31,0.74000025,10.000003,138.0,771.0,0.14852230880737305,False,REGULAR,USD,call,2026-06-18,23,745.6400146484375,1.0098706952510224,8.285,0.0060350030175015945
SPY260618C00754000,2026-05-22 19:59:20+00:00,754.0,8.0,7.79,7.84,1.0300002,14.777621,88.0,1069.0,0.14740842834472656,False,REGULAR,USD,call,2026-06-18,23,745.6400146484375,1.0112118249923914,7.8149999999999995,0.00639795265515033
SPY260618C00755000,2026-05-22 20:14:27+00:00,755.0,7.37,7.33,7.39,0.8699999,13.384613,1062.0,13390.0,0.1463708410644531,False,REGULAR,USD,call,2026-06-18,23,745.6400146484375,1.0125529547337606,7.359999999999999,0.008152173913043426
SPY260618C00756000,2026-05-22 19:58:57+00:00,756.0,7.03,6.9,6.95,1.1200004,18.950937,130.0,824.0,0.14525696060180665,False,REGULAR,USD,call,2026-06-18,23,745.6400146484375,1.0138940844751299,6.925000000000001,0.007220216606498168
SPY260618C00757000,2026-05-22 19:17:45+00:00,757.0,6.64,6.48,6.53,1.06,18.996414,128.0,900.0,0.1442346319580078,False,REGULAR,USD,call,2026-06-18,23,745.6400146484375,1.015235214216499,6.505000000000001,0.00768639508070712
SPY260618C00758000,2026-05-22 20:06:33+00:00,758.0,6.05,6.08,6.13,0.8500004,16.34616,4736.0,933.0,0.14325807922363282,False,REGULAR,USD,call,2026-06-18,23,745.6400146484375,1.0165763439578683,6.105,0.00819000819000816
SPY260618C00759000,2026-05-22 20:07:32+00:00,759.0,5.65,5.7,5.75,0.6500001,13.000003,339.0,1195.0,0.14237307830810547,False,REGULAR,USD,call,2026-06-18,23,745.6400146484375,1.0179174736992376,5.725,0.008733624454148442
SPY260618C00760000,2026-05-22 20:14:50+00:00,760.0,5.35,5.33,5.37,0.6199999,13.10782,2775.0,15248.0,0.1412744564819336,False,REGULAR,USD,call,2026-06-18,23,745.6400146484375,1.0192586034406068,5.35,0.007476635514018699
SPY260618C00761000,2026-05-22 20:14:55+00:00,761.0,4.99,4.98,5.03,0.5799999,13.151926,620.0,781.0,0.14054204193115233,False,REGULAR,USD,call,2026-06-18,23,745.6400146484375,1.020599733181976,5.005000000000001,0.009990009990009954
SPY260618C00762000,2026-05-22 19:46:22+00:00,762.0,4.55,4.65,4.7,0.47000027,11.519614,186.0,1859.0,0.13973333419799805,False,REGULAR,USD,call,2026-06-18,23,745.6400146484375,1.0219408629233453,4.675000000000001,0.010695187165775362
SPY260618C00763000,2026-05-22 20:14:55+00:00,763.0,4.36,4.34,4.38,0.61000013,16.26667,212.0,1387.0,0.13886359191894532,False,REGULAR,USD,call,2026-06-18,23,745.6400146484375,1.0232819926647145,4.359999999999999,0.009174311926605514
SPY260618C00764000,2026-05-22 19:55:07+00:00,764.0,4.02,4.04,4.08,0.63999987,18.934908,316.0,881.0,0.13810066009521482,False,REGULAR,USD,call,2026-06-18,23,745.6400146484375,1.0246231224060838,4.0600000000000005,0.00985221674876848
SPY260618C00765000,2026-05-22 20:14:21+00:00,765.0,3.79,3.75,3.8,0.49,14.848486,22617.0,13257.0,0.13742928009033206,False,REGULAR,USD,call,2026-06-18,23,745.6400146484375,1.0259642521474528,3.775,0.013245033112582735
SPY260618C00766000,2026-05-22 20:03:08+00:00,766.0,3.45,3.49,3.53,0.4000001,13.114758,447.0,1599.0,0.13672738281250002,False,REGULAR,USD,call,2026-06-18,23,745.6400146484375,1.027305381888822,3.51,0.01139601139601128
SPY260618C00767000,2026-05-22 19:49:34+00:00,767.0,3.21,3.23,3.28,0.43000007,15.4676285,370.0,1450.0,0.13611703735351563,False,REGULAR,USD,call,2026-06-18,23,745.6400146484375,1.0286465116301913,3.255,0.015360983102918533
SPY260618C00768000,2026-05-22 19:49:32+00:00,768.0,2.97,2.99,3.04,0.4100001,16.015629,223.0,853.0,0.13544565734863284,False,REGULAR,USD,call,2026-06-18,23,745.6400146484375,1.0299876413715605,3.015,0.01658374792703145
SPY260618C00769000,2026-05-22 19:43:35+00:00,769.0,2.82,2.77,2.81,0.48000002,20.512823,590.0,519.0,0.13477427734375003,False,REGULAR,USD,call,2026-06-18,23,745.6400146484375,1.0313287711129298,2.79,0.014336917562724026
SPY260618C00770000,2026-05-22 20:11:06+00:00,770.0,2.57,2.56,2.6,0.3499999,15.76576,1666.0,16708.0,0.13422496643066406,False,REGULAR,USD,call,2026-06-18,23,745.6400146484375,1.032669900854299,2.58,0.015503875968992262
SPY260618C00771000,2026-05-22 20:12:24+00:00,771.0,2.36,2.36,2.4,0.4699999,24.867722,987.0,641.0,0.1336146209716797,False,REGULAR,USD,call,2026-06-18,23,745.6400146484375,1.0340110305956682,2.38,0.016806722689075647
SPY260618C00772000,2026-05-22 20:14:57+00:00,772.0,2.19,2.18,2.21,0.3800001,20.994482,2581.0,1554.0,0.1330042755126953,False,REGULAR,USD,call,2026-06-18,23,745.6400146484375,1.0353521603370375,2.1950000000000003,0.01366742596810925
SPY260618C00773000,2026-05-22 19:32:55+00:00,773.0,2.06,2.0,2.04,0.4699999,29.559744,216.0,1064.0,0.1326075509643555,False,REGULAR,USD,call,2026-06-18,23,745.6400146484375,1.0366932900784067,2.02,0.01980198019801982
SPY260618C00774000,2026-05-22 19:55:12+00:00,774.0,1.86,1.84,1.88,0.34000003,22.368423,818.0,715.0,0.13218030914306644,False,REGULAR,USD,call,2026-06-18,23,745.6400146484375,1.038034419819776,1.8599999999999999,0.021505376344085923
SPY260618C00775000,2026-05-22 20:13:06+00:00,775.0,1.7,1.69,1.73,0.2700001,18.881126,18120.0,26221.0,0.13178358459472655,False,REGULAR,USD,call,2026-06-18,23,745.6400146484375,1.0393755495611452,1.71,0.0233918128654971
SPY260618C00776000,2026-05-22 19:53:51+00:00,776.0,1.56,1.55,1.58,0.3499999,28.92561,277.0,1107.0,0.13111220458984374,False,REGULAR,USD,call,2026-06-18,23,745.6400146484375,1.0407166793025142,1.565,0.019169329073482445
SPY260618C00777000,2026-05-22 20:06:29+00:00,777.0,1.43,1.42,1.45,0.26,22.222223,428.0,800.0,0.1307459973144531,False,REGULAR,USD,call,2026-06-18,23,745.6400146484375,1.0420578090438835,1.435,0.020905923344947754
SPY260618C00778000,2026-05-22 19:46:23+00:00,778.0,1.31,1.3,1.33,0.29999995,29.702965,433.0,1728.0,0.13044082458496092,False,REGULAR,USD,call,2026-06-18,23,745.6400146484375,1.0433989387852527,1.315,0.022813688212927778
SPY260618C00779000,2026-05-22 20:14:38+00:00,779.0,1.22,1.19,1.22,0.32000005,35.55556,301.0,385.0,0.13013565185546871,False,REGULAR,USD,call,2026-06-18,23,745.6400146484375,1.044740068526622,1.205,0.024896265560165994
SPY260618C00780000,2026-05-22 20:13:21+00:00,780.0,1.09,1.09,1.12,0.19000006,21.111116,1690.0,12794.0,0.1299525482177734,False,REGULAR,USD,call,2026-06-18,23,745.6400146484375,1.0460811982679912,1.105,0.02714932126696835
SPY260618C00781000,2026-05-22 19:59:34+00:00,781.0,1.04,0.99,1.02,0.23999995,29.999992,365.0,1271.0,0.12952530639648438,False,REGULAR,USD,call,2026-06-18,23,745.6400146484375,1.0474223280093604,1.005,0.029850746268656747
SPY260618C00782000,2026-05-22 20:12:51+00:00,782.0,0.92,0.91,0.93,0.17000002,22.666668,472.0,553.0,0.12915909912109375,False,REGULAR,USD,call,2026-06-18,23,745.6400146484375,1.0487634577507297,0.92,0.021739130434782625
SPY260618C00783000,2026-05-22 19:50:00+00:00,783.0,0.84,0.83,0.85,0.17999995,27.272718,521.0,711.0,0.12897599548339844,False,REGULAR,USD,call,2026-06-18,23,745.6400146484375,1.050104587492099,0.84,0.023809523809523832
SPY260618C00784000,2026-05-22 19:03:03+00:00,784.0,0.8,0.75,0.78,0.21000004,35.59323,229.0,2603.0,0.1289149609375,False,REGULAR,USD,call,2026-06-18,23,745.6400146484375,1.0514457172334681,0.765,0.03921568627450984
SPY260618C00785000,2026-05-22 20:00:00+00:00,785.0,0.7,0.69,0.71,0.13999999,24.999996,234.0,7016.0,0.12867082275390623,False,REGULAR,USD,call,2026-06-18,23,745.6400146484375,1.0527868469748374,0.7,0.0285714285714286
SPY260618C00786000,2026-05-22 19:41:32+00:00,786.0,0.64,0.63,0.65,0.13999999,27.999996,85.0,673.0,0.12867082275390623,False,REGULAR,USD,call,2026-06-18,23,745.6400146484375,1.0541279767162064,0.64,0.03125000000000003
SPY260618C00787000,2026-05-22 19:43:57+00:00,787.0,0.61,0.57,0.6,0.15,32.608696,114.0,473.0,0.1289149609375,False,REGULAR,USD,call,2026-06-18,23,745.6400146484375,1.0554691064575756,0.585,0.05128205128205133
SPY260618C00788000,2026-05-22 15:57:29+00:00,788.0,0.66,0.52,0.55,0.19000003,40.425537,7.0,129.0,0.1289149609375,False,REGULAR,USD,call,2026-06-18,23,745.6400146484375,1.0568102361989449,0.535,0.056074766355140235
SPY260618C00789000,2026-05-22 17:09:20+00:00,789.0,0.6,0.48,0.5,0.22000003,57.89474,6.0,228.0,0.1287928918457031,False,REGULAR,USD,call,2026-06-18,23,745.6400146484375,1.0581513659403141,0.49,0.04081632653061228
SPY260618C00790000,2026-05-22 19:57:52+00:00,790.0,0.46,0.44,0.46,0.13,39.393936,536.0,10342.0,0.1289149609375,False,REGULAR,USD,call,2026-06-18,23,745.6400146484375,1.0594924956816834,0.45,0.04444444444444448
SPY260618C00791000,2026-05-22 20:02:33+00:00,791.0,0.39,0.4,0.42,0.06999999,21.874998,8.0,340.0,0.12903703002929687,False,REGULAR,USD,call,2026-06-18,23,745.6400146484375,1.0608336254230526,0.41000000000000003,0.04878048780487795
SPY260618C00792000,2026-05-22 19:32:57+00:00,792.0,0.39,0.37,0.39,0.049999982,14.705877,2.0,255.0,0.1294032373046875,False,REGULAR,USD,call,2026-06-18,23,745.6400146484375,1.0621747551644218,0.38,0.05263157894736847
SPY260618C00793000,2026-05-22 19:32:57+00:00,793.0,0.36,0.34,0.36,0.08000001,28.571432,3.0,532.0,0.1297694445800781,False,REGULAR,USD,call,2026-06-18,23,745.6400146484375,1.063515884905791,0.35,0.05714285714285704
SPY260618C00794000,2026-05-22 13:32:38+00:00,794.0,0.38,0.31,0.33,0.13,52.0,1.0,141.0,0.129891513671875,False,REGULAR,USD,call,2026-06-18,23,745.6400146484375,1.0648570146471603,0.32,0.06250000000000006
SPY260618C00795000,2026-05-22 17:54:29+00:00,795.0,0.35,0.29,0.3,0.14,66.66667,273.0,3963.0,0.129891513671875,False,REGULAR,USD,call,2026-06-18,23,745.6400146484375,1.0661981443885296,0.295,0.0338983050847458
SPY260618C00796000,2026-05-22 19:02:07+00:00,796.0,0.3,0.26,0.28,0.120000005,66.66667,40.0,1978.0,0.13037979003906247,False,REGULAR,USD,call,2026-06-18,23,745.6400146484375,1.0675392741298988,0.27,0.07407407407407414
SPY260618C00797000,2026-05-22 15:40:27+00:00,797.0,0.32,0.24,0.26,0.13999999,77.77777,65.0,578.0,0.13086806640624998,False,REGULAR,USD,call,2026-06-18,23,745.6400146484375,1.0688804038712678,0.25,0.08000000000000007
SPY260618C00798000,2026-05-22 19:52:50+00:00,798.0,0.24,0.23,0.24,0.019999996,9.090907,7.0,259.0,0.13123427368164062,False,REGULAR,USD,call,2026-06-18,23,745.6400146484375,1.070221533612637,0.235,0.042553191489361625
SPY260618C00799000,2026-05-22 14:53:08+00:00,799.0,0.24,0.21,0.22,0.11,84.61539,1.0,102.0,0.1313563427734375,False,REGULAR,USD,call,2026-06-18,23,745.6400146484375,1.0715626633540063,0.215,0.046511627906976785
SPY260618C00800000,2026-05-22 20:10:48+00:00,800.0,0.2,0.2,0.21,0.040000007,25.000006,5190.0,25027.0,0.1324549645996094,False,REGULAR,USD,call,2026-06-18,23,745.6400146484375,1.0729037930953755,0.20500000000000002,0.04878048780487795
SPY260618C00805000,2026-05-22 19:58:22+00:00,805.0,0.14,0.14,0.15,0.04,39.999996,106.0,4887.0,0.1355066918945313,False,REGULAR,USD,call,2026-06-18,23,745.6400146484375,1.0796094418022217,0.14500000000000002,0.06896551724137917
SPY260618C00810000,2026-05-22 18:49:04+00:00,810.0,0.11,0.1,0.11,0.05,83.333336,112.0,8191.0,0.13868048828125001,False,REGULAR,USD,call,2026-06-18,23,745.6400146484375,1.0863150905090677,0.10500000000000001,0.09523809523809518
SPY260618C00815000,2026-05-22 13:42:44+00:00,815.0,0.08,0.08,0.09,0.029999997,59.999996,6.0,2184.0,0.14405152832031248,False,REGULAR,USD,call,2026-06-18,23,745.6400146484375,1.093020739215914,0.08499999999999999,0.11764705882352937
SPY260618C00820000,2026-05-22 20:13:28+00:00,820.0,0.06,0.06,0.07,0.009999998,19.999996,187.0,9808.0,0.14795773925781253,False,REGULAR,USD,call,2026-06-18,23,745.6400146484375,1.09972638792276,0.065,0.15384615384615397
SPY260618C00825000,2026-05-22 19:46:12+00:00,825.0,0.06,0.05,0.06,0.009999998,19.999996,94.0,6886.0,0.15332877929687502,False,REGULAR,USD,call,2026-06-18,23,745.6400146484375,1.106432036629606,0.055,0.18181818181818174
SPY260618C00830000,2026-05-22 16:13:15+00:00,830.0,0.05,0.04,0.05,0.020000001,66.66667,8.0,3542.0,0.15821154296875,False,REGULAR,USD,call,2026-06-18,23,745.6400146484375,1.113137685336452,0.045,0.22222222222222227
SPY260618C00835000,2026-05-22 14:08:12+00:00,835.0,0.04,0.04,0.05,0.01,33.333336,24.0,5174.0,0.16602396484375004,False,REGULAR,USD,call,2026-06-18,23,745.6400146484375,1.1198433340432983,0.045,0.22222222222222227
SPY260618C00840000,2026-05-22 17:10:02+00:00,840.0,0.03,0.03,0.04,0.0,0.0,127.0,9190.0,0.16993017578125003,False,REGULAR,USD,call,2026-06-18,23,745.6400146484375,1.1265489827501443,0.035,0.28571428571428575
SPY260618C00845000,2026-05-22 17:32:16+00:00,845.0,0.04,0.03,0.04,0.01,33.333336,69.0,8454.0,0.17774259765625,False,REGULAR,USD,call,2026-06-18,23,745.6400146484375,1.1332546314569905,0.035,0.28571428571428575
SPY260618C00855000,2026-05-22 13:43:44+00:00,855.0,0.02,0.02,0.03,0.0,0.0,2.0,5983.0,0.187508125,False,REGULAR,USD,call,2026-06-18,23,745.6400146484375,1.1466659288706826,0.025,0.3999999999999999
SPY260618C00860000,2026-05-21 16:01:26+00:00,860.0,0.02,0.02,0.03,0.0,0.0,2.0,8065.0,0.194343994140625,False,REGULAR,USD,call,2026-06-18,23,745.6400146484375,1.1533715775775288,0.025,0.3999999999999999
SPY260618C00865000,2026-05-22 14:30:39+00:00,865.0,0.02,0.02,0.03,0.0,0.0,16.0,9278.0,0.20117986328124998,False,REGULAR,USD,call,2026-06-18,23,745.6400146484375,1.1600772262843748,0.025,0.3999999999999999
SPY260618C00870000,2026-05-22 19:31:42+00:00,870.0,0.02,0.02,0.03,0.0,0.0,170.0,17199.0,0.20801573242187496,False,REGULAR,USD,call,2026-06-18,23,745.6400146484375,1.166782874991221,0.025,0.3999999999999999
SPY260626C00560000,2026-05-21 16:19:48+00:00,560.0,181.71,185.85,189.05,0.0,0.0,,4.0,0.5499312585449221,True,REGULAR,USD,call,2026-06-26,31,745.6400146484375,0.7510326551667629,187.45,0.01707121899173122
SPY260626C00570000,2026-05-18 16:33:22+00:00,570.0,168.45,175.91,179.1,0.0,0.0,,1.0,0.524418818359375,True,REGULAR,USD,call,2026-06-26,31,745.6400146484375,0.764443952580455,177.505,0.01797132475141544
SPY260626C00600000,2026-05-19 15:57:37+00:00,600.0,135.51,146.11,149.31,0.0,0.0,,5.0,0.5117236328125,True,REGULAR,USD,call,2026-06-26,31,745.6400146484375,0.8046778448215317,147.71,0.021664071491435843
SPY260626C00625000,2026-05-15 20:04:39+00:00,625.0,115.98,121.34,124.54,0.0,0.0,2.0,4.0,0.4422663195800781,True,REGULAR,USD,call,2026-06-26,31,745.6400146484375,0.8382060883557622,122.94,0.026028957214901602
SPY260626C00635000,2026-05-11 16:36:37+00:00,635.0,109.12,111.46,114.66,0.0,0.0,1.0,3.0,0.41510594665527345,True,REGULAR,USD,call,2026-06-26,31,745.6400146484375,0.8516173857694543,113.06,0.028303555634176567
SPY260626C00640000,2026-05-11 14:00:10+00:00,640.0,102.89,106.53,109.72,0.0,0.0,,2.0,0.401373173828125,True,REGULAR,USD,call,2026-06-26,31,745.6400146484375,0.8583230344763004,108.125,0.029502890173410384
SPY260626C00645000,2026-05-18 19:28:57+00:00,645.0,93.61,101.6,104.8,0.0,0.0,,1.0,0.38812867736816403,True,REGULAR,USD,call,2026-06-26,31,745.6400146484375,0.8650286831831465,103.19999999999999,0.031007751937984527
SPY260626C00650000,2026-05-12 14:30:59+00:00,650.0,89.29,96.68,99.89,0.0,0.0,,3.0,0.37500625,True,REGULAR,USD,call,2026-06-26,31,745.6400146484375,0.8717343318899926,98.285,0.03266012107646125
SPY260626C00660000,2026-05-19 16:59:21+00:00,660.0,79.65,86.88,90.08,0.0,0.0,1.0,10.0,0.34857829162597653,True,REGULAR,USD,call,2026-06-26,31,745.6400146484375,0.8851456293036849,88.47999999999999,0.03616636528028937
SPY260626C00665000,2026-05-22 16:56:47+00:00,665.0,85.0,82.0,85.22,5.3899994,6.770506,1.0,9.0,0.33612724426269536,True,REGULAR,USD,call,2026-06-26,31,745.6400146484375,0.891851278010531,83.61,0.03851213969620857
SPY260626C00670000,2026-05-11 18:58:40+00:00,670.0,74.31,77.14,80.36,0.0,0.0,1.0,10.0,0.32343205871582026,True,REGULAR,USD,call,2026-06-26,31,745.6400146484375,0.8985569267173771,78.75,0.04088888888888888
SPY260626C00675000,2026-05-22 14:39:11+00:00,675.0,73.82,72.31,75.53,12.139999,19.68223,2.0,12.0,0.3111030804443359,True,REGULAR,USD,call,2026-06-26,31,745.6400146484375,0.9052625754242232,73.92,0.04356060606060604
SPY260626C00680000,2026-05-22 15:11:36+00:00,680.0,69.16,67.5,70.73,1.9800034,2.9473107,1.0,41.0,0.2990792749023437,True,REGULAR,USD,call,2026-06-26,31,745.6400146484375,0.9119682241310693,69.11500000000001,0.04673370469507348
SPY260626C00685000,2026-05-22 15:36:17+00:00,685.0,65.83,62.72,65.96,7.710003,13.265662,1.0,19.0,0.28720805572509756,True,REGULAR,USD,call,2026-06-26,31,745.6400146484375,0.9186738728379154,64.34,0.05035747590923212
SPY260626C00690000,2026-05-21 19:03:38+00:00,690.0,56.12,57.99,61.24,0.0,0.0,2.0,56.0,0.27579459564208975,True,REGULAR,USD,call,2026-06-26,31,745.6400146484375,0.9253795215447614,59.615,0.05451648075148872
SPY260626C00695000,2026-05-21 14:05:38+00:00,695.0,49.88,53.3,56.55,0.0,0.0,1.0,32.0,0.2643506182861328,True,REGULAR,USD,call,2026-06-26,31,745.6400146484375,0.9320851702516075,54.925,0.0591715976331361
SPY260626C00700000,2026-05-22 19:59:01+00:00,700.0,50.42,48.67,51.92,6.5199966,14.851928,4.0,38.0,0.2532728482055664,True,REGULAR,USD,call,2026-06-26,31,745.6400146484375,0.9387908189584536,50.295,0.06461874937866587
SPY260626C00701000,2026-05-21 17:45:07+00:00,701.0,49.46,47.75,51.0,0.0,0.0,,3.0,0.25107560455322264,True,REGULAR,USD,call,2026-06-26,31,745.6400146484375,0.9401319486998229,49.375,0.06582278481012659
SPY260626C00702000,2026-05-15 15:29:32+00:00,702.0,45.61,46.83,50.09,0.0,0.0,1.0,2.0,0.2490004299926758,True,REGULAR,USD,call,2026-06-26,31,745.6400146484375,0.9414730784411921,48.46,0.06727197688815528
SPY260626C00703000,2026-05-19 16:32:24+00:00,703.0,38.97,45.92,49.18,0.0,0.0,,2.0,0.2468947381591797,True,REGULAR,USD,call,2026-06-26,31,745.6400146484375,0.9428142081825612,47.55,0.0685594111461619
SPY260626C00704000,2026-05-22 14:22:04+00:00,704.0,46.18,45.01,48.27,9.0,24.206562,1.0,2.0,0.2447280117797852,True,REGULAR,USD,call,2026-06-26,31,745.6400146484375,0.9441553379239305,46.64,0.06989708404802755
SPY260626C00705000,2026-05-20 17:51:23+00:00,705.0,42.01,44.1,47.36,0.0,0.0,1.0,4.0,0.2425612854003906,True,REGULAR,USD,call,2026-06-26,31,745.6400146484375,0.9454964676652997,45.730000000000004,0.07128799475180402
SPY260626C00706000,2026-05-22 14:45:16+00:00,706.0,44.5,43.2,46.46,6.2700005,16.400734,1.0,1.0,0.24048611083984373,True,REGULAR,USD,call,2026-06-26,31,745.6400146484375,0.946837597406669,44.83,0.07271916127593125
SPY260626C00707000,2026-05-19 13:32:15+00:00,707.0,35.76,42.3,45.57,0.0,0.0,1.0,5.0,0.23856352264404296,True,REGULAR,USD,call,2026-06-26,31,745.6400146484375,0.9481787271480382,43.935,0.07442813246841933
SPY260626C00708000,2026-05-19 18:04:39+00:00,708.0,36.77,41.4,44.67,0.0,0.0,1.0,6.0,0.23641205490112305,True,REGULAR,USD,call,2026-06-26,31,745.6400146484375,0.9495198568894074,43.035,0.07598466364586971
SPY260626C00709000,2026-05-22 13:52:49+00:00,709.0,43.19,40.51,43.78,8.599998,24.862673,1.0,3.0,0.23438265625,True,REGULAR,USD,call,2026-06-26,31,745.6400146484375,0.9508609866307766,42.144999999999996,0.07758927512160407
SPY260626C00710000,2026-05-22 19:12:19+00:00,710.0,41.78,39.62,42.89,4.299999,11.472783,6.0,20.0,0.23230748168945312,True,REGULAR,USD,call,2026-06-26,31,745.6400146484375,0.9522021163721458,41.254999999999995,0.0792631196218641
SPY260626C00711000,2026-05-21 17:45:07+00:00,711.0,40.55,38.73,42.01,0.0,0.0,4.0,6.0,0.23035437622070312,True,REGULAR,USD,call,2026-06-26,31,745.6400146484375,0.953543246113515,40.37,0.08124845182065894
SPY260626C00712000,2026-05-22 13:38:26+00:00,712.0,41.32,37.85,41.13,7.0,20.39627,1.0,2.0,0.2283402362060547,True,REGULAR,USD,call,2026-06-26,31,745.6400146484375,0.9548843758548843,39.49,0.08305900227905802
SPY260626C00713000,2026-05-21 19:55:14+00:00,713.0,35.99,36.97,40.26,0.0,0.0,1.0,2.0,0.22641764801025388,True,REGULAR,USD,call,2026-06-26,31,745.6400146484375,0.9562255055962535,38.614999999999995,0.08520005179334454
SPY260626C00714000,2026-05-22 13:57:57+00:00,714.0,38.77,36.1,39.38,8.82,29.449081,1.0,9.0,0.22431195617675775,True,REGULAR,USD,call,2026-06-26,31,745.6400146484375,0.9575666353376227,37.74,0.08691043985161635
SPY260626C00715000,2026-05-22 20:14:34+00:00,715.0,36.43,35.23,38.52,3.0999985,9.300925,1.0,41.0,0.22245040252685544,True,REGULAR,USD,call,2026-06-26,31,745.6400146484375,0.9589077650789919,36.875,0.08922033898305101
SPY260626C00716000,2026-05-22 14:45:16+00:00,716.0,35.57,34.37,37.66,-4.59,-11.429283,1.0,4.0,0.22052781433105467,True,REGULAR,USD,call,2026-06-26,31,745.6400146484375,0.9602488948203611,36.015,0.09135082604470357
SPY260626C00717000,2026-05-22 19:46:06+00:00,717.0,34.99,33.51,36.81,3.8400002,12.327448,4.0,1.0,0.21869677795410153,True,REGULAR,USD,call,2026-06-26,31,745.6400146484375,0.9615900245617304,35.16,0.09385665529010252
SPY260626C00718000,2026-05-22 14:40:22+00:00,718.0,34.38,32.66,35.95,5.5200005,19.12682,1.0,5.0,0.21666737930297852,True,REGULAR,USD,call,2026-06-26,31,745.6400146484375,0.9629311543030996,34.305,0.095904387115581
SPY260626C00719000,2026-05-21 15:13:29+00:00,719.0,28.1,31.81,35.11,0.0,0.0,,1.0,0.2148516015625,True,REGULAR,USD,call,2026-06-26,31,745.6400146484375,0.9642722840444689,33.46,0.09862522414823673
SPY260626C00720000,2026-05-22 19:04:22+00:00,720.0,33.05,30.97,34.27,2.4499989,8.006532,33.0,144.0,0.21299004791259768,True,REGULAR,USD,call,2026-06-26,31,745.6400146484375,0.965613413785838,32.620000000000005,0.10116492949110986
SPY260626C00721000,2026-05-21 17:36:29+00:00,721.0,29.93,30.13,33.43,0.0,0.0,10.0,29.0,0.21106745971679686,True,REGULAR,USD,call,2026-06-26,31,745.6400146484375,0.9669545435272072,31.78,0.10383889238514792
SPY260626C00722000,2026-05-22 17:57:19+00:00,722.0,32.22,29.3,32.6,5.3500004,19.91068,2.0,21.0,0.2092059060668945,True,REGULAR,USD,call,2026-06-26,31,745.6400146484375,0.9682956732685765,30.950000000000003,0.10662358642972537
SPY260626C00723000,2026-05-21 13:55:44+00:00,723.0,25.57,28.47,31.78,0.0,0.0,1.0,1.0,0.2074359042358398,True,REGULAR,USD,call,2026-06-26,31,745.6400146484375,0.9696368030099457,30.125,0.10987551867219925
SPY260626C00724000,2026-05-22 14:02:37+00:00,724.0,29.3,27.65,30.97,3.6899986,14.408429,3.0,18.0,0.20569641967773436,True,REGULAR,USD,call,2026-06-26,31,745.6400146484375,0.9709779327513149,29.31,0.11327192084612761
SPY260626C00725000,2026-05-22 16:46:06+00:00,725.0,29.54,26.84,30.16,2.17,7.9283886,36.0,150.0,0.20392641784667967,True,REGULAR,USD,call,2026-06-26,31,745.6400146484375,0.9723190624926841,28.5,0.11649122807017545
SPY260626C00726000,2026-05-21 16:22:53+00:00,726.0,22.99,26.04,29.36,0.0,0.0,1.0,9.0,0.20218693328857418,True,REGULAR,USD,call,2026-06-26,31,745.6400146484375,0.9736601922340533,27.7,0.11985559566787005
SPY260626C00727000,2026-05-21 14:28:21+00:00,727.0,22.21,25.24,28.56,0.0,0.0,2.0,6.0,0.2003864141845703,True,REGULAR,USD,call,2026-06-26,31,745.6400146484375,0.9750013219754226,26.9,0.1234200743494424
SPY260626C00728000,2026-05-21 18:07:10+00:00,728.0,24.66,24.45,27.78,0.0,0.0,6.0,61.0,0.1987689987182617,True,REGULAR,USD,call,2026-06-26,31,745.6400146484375,0.9763424517167918,26.115000000000002,0.1275129236071224
SPY260626C00729000,2026-05-22 15:11:32+00:00,729.0,25.41,23.66,27.0,5.3999996,26.986504,1.0,13.0,0.19706003143310546,True,REGULAR,USD,call,2026-06-26,31,745.6400146484375,0.977683581458161,25.33,0.13185945519147257
SPY260626C00730000,2026-05-22 18:39:26+00:00,730.0,25.31,22.88,26.23,2.3099995,10.043476,12.0,151.0,0.19541209869384768,True,REGULAR,USD,call,2026-06-26,31,745.6400146484375,0.9790247111995302,24.555,0.13642842598248836
SPY260626C00731000,2026-05-22 19:13:32+00:00,731.0,24.44,22.12,25.46,5.0600014,26.1094,3.0,52.0,0.19368787277221683,True,REGULAR,USD,call,2026-06-26,31,745.6400146484375,0.9803658409408994,23.79,0.1403951240016814
SPY260626C00732000,2026-05-21 19:30:04+00:00,732.0,21.15,21.36,24.71,0.0,0.0,1.0,56.0,0.19211623321533206,True,REGULAR,USD,call,2026-06-26,31,745.6400146484375,0.9817069706822686,23.035,0.14543086607336667
SPY260626C00733000,2026-05-22 14:40:22+00:00,733.0,22.37,20.85,23.96,2.0,9.81836,2.0,157.0,0.19046830047607421,True,REGULAR,USD,call,2026-06-26,31,745.6400146484375,0.9830481004236379,22.405,0.13880830171836642
SPY260626C00734000,2026-05-22 19:01:55+00:00,734.0,22.17,19.87,22.57,1.9500008,9.643921,4.0,234.0,0.18122156677246093,True,REGULAR,USD,call,2026-06-26,31,745.6400146484375,0.9843892301650071,21.22,0.12723845428840713
SPY260626C00735000,2026-05-22 19:45:10+00:00,735.0,20.75,19.13,21.44,1.4300003,7.401658,23.0,371.0,0.1750113017272949,True,REGULAR,USD,call,2026-06-26,31,745.6400146484375,0.9857303599063764,20.285,0.11387724919891556
SPY260626C00736000,2026-05-22 14:24:46+00:00,736.0,19.5,18.41,21.79,-0.34000015,-1.7137104,11.0,229.0,0.1859212268066406,True,REGULAR,USD,call,2026-06-26,31,745.6400146484375,0.9870714896477455,20.1,0.16815920398009945
SPY260626C00737000,2026-05-22 19:46:06+00:00,737.0,19.14,17.7,19.61,2.5900002,15.649549,23.0,284.0,0.1674582766723633,True,REGULAR,USD,call,2026-06-26,31,745.6400146484375,0.9884126193891147,18.655,0.10238541945859019
SPY260626C00738000,2026-05-22 19:08:59+00:00,738.0,18.84,17.81,19.45,2.1200008,12.679431,27.0,154.0,0.17221897125244146,True,REGULAR,USD,call,2026-06-26,31,745.6400146484375,0.989753749130484,18.63,0.08803005904455183
SPY260626C00739000,2026-05-22 18:46:08+00:00,739.0,18.83,16.31,18.3,2.6800003,16.594429,29.0,277.0,0.16553568847656253,True,REGULAR,USD,call,2026-06-26,31,745.6400146484375,0.9910948788718532,17.305,0.11499566599248784
SPY260626C00740000,2026-05-22 19:53:09+00:00,740.0,17.19,16.31,17.95,1.1900005,7.4375033,121.0,395.0,0.16788551849365235,True,REGULAR,USD,call,2026-06-26,31,745.6400146484375,0.9924360086132225,17.13,0.09573847051955638
SPY260626C00741000,2026-05-22 19:19:10+00:00,741.0,17.0,14.96,18.38,1.9499998,12.956808,67.0,425.0,0.1789022540283203,True,REGULAR,USD,call,2026-06-26,31,745.6400146484375,0.9937771383545916,16.67,0.2051589682063586
SPY260626C00742000,2026-05-22 19:59:00+00:00,742.0,16.18,15.7,16.76,1.54,10.519125,176.0,454.0,0.16663431030273443,True,REGULAR,USD,call,2026-06-26,31,745.6400146484375,0.9951182680959608,16.23,0.0653111521873076
SPY260626C00743000,2026-05-22 19:50:10+00:00,743.0,15.11,14.32,16.13,1.0699997,7.6210804,56.0,473.0,0.16542887802124023,True,REGULAR,USD,call,2026-06-26,31,745.6400146484375,0.9964593978373301,15.225,0.11888341543513949
SPY260626C00744000,2026-05-22 19:59:04+00:00,744.0,14.92,14.76,14.82,1.4400005,10.682497,30.0,197.0,0.15650257568359377,True,REGULAR,USD,call,2026-06-26,31,745.6400146484375,0.9978005275786993,14.79,0.0040567951318458756
SPY260626C00745000,2026-05-22 20:03:07+00:00,745.0,13.94,14.14,14.21,1.5299997,12.328765,1032.0,291.0,0.15531240203857422,True,REGULAR,USD,call,2026-06-26,31,745.6400146484375,0.9991416573200685,14.175,0.0049382716049382915
SPY260626C00746000,2026-05-22 19:56:58+00:00,746.0,13.52,13.55,13.61,1.3400002,11.001643,116.0,135.0,0.1541069697570801,False,REGULAR,USD,call,2026-06-26,31,745.6400146484375,1.0004827870614377,13.58,0.0044182621502208185
SPY260626C00747000,2026-05-22 19:45:52+00:00,747.0,12.81,12.96,13.02,1.3000002,11.294528,495.0,330.0,0.15288627883911138,False,REGULAR,USD,call,2026-06-26,31,745.6400146484375,1.001823916802807,12.99,0.004618937644341702
SPY260626C00748000,2026-05-22 19:59:34+00:00,748.0,12.62,12.39,12.45,1.4399996,12.880139,481.0,170.0,0.15175713973999022,False,REGULAR,USD,call,2026-06-26,31,745.6400146484375,1.0031650465441762,12.42,0.004830917874396033
SPY260626C00749000,2026-05-22 19:59:43+00:00,749.0,11.78,11.83,11.89,1.3699999,13.160422,1059.0,409.0,0.15061274200439456,False,REGULAR,USD,call,2026-06-26,31,745.6400146484375,1.0045061762855454,11.86,0.005059021922428373
SPY260626C00750000,2026-05-22 20:05:52+00:00,750.0,11.25,11.29,11.35,1.4499998,14.795916,154.0,542.0,0.14954463745117189,False,REGULAR,USD,call,2026-06-26,31,745.6400146484375,1.0058473060269146,11.32,0.005300353356890503
SPY260626C00751000,2026-05-22 20:10:45+00:00,751.0,10.75,10.76,10.82,1.1000004,11.398968,104.0,148.0,0.1484765328979492,False,REGULAR,USD,call,2026-06-26,31,745.6400146484375,1.0071884357682839,10.79,0.005560704355885126
SPY260626C00752000,2026-05-22 19:20:52+00:00,752.0,10.46,10.25,10.3,1.8699999,21.769499,66.0,202.0,0.14734739379882814,False,REGULAR,USD,call,2026-06-26,31,745.6400146484375,1.0085295655096531,10.275,0.004866180048661869
SPY260626C00753000,2026-05-22 17:12:07+00:00,753.0,10.63,9.75,9.8,1.8500004,21.07062,13.0,212.0,0.14630980651855469,False,REGULAR,USD,call,2026-06-26,31,745.6400146484375,1.0098706952510224,9.775,0.005115089514066569
SPY260626C00754000,2026-05-22 19:36:03+00:00,754.0,9.4,9.27,9.32,1.2799997,15.763543,26.0,24.0,0.1453637710571289,False,REGULAR,USD,call,2026-06-26,31,745.6400146484375,1.0112118249923914,9.295,0.005379236148466994
SPY260626C00755000,2026-05-22 19:51:33+00:00,755.0,8.76,8.8,8.85,1.1600003,15.263163,78.0,416.0,0.14438721832275392,False,REGULAR,USD,call,2026-06-26,31,745.6400146484375,1.0125529547337606,8.825,0.005665722379603279
SPY260626C00756000,2026-05-22 19:35:28+00:00,756.0,8.42,8.35,8.4,1.0100002,13.630232,123.0,147.0,0.14348695877075196,False,REGULAR,USD,call,2026-06-26,31,745.6400146484375,1.0138940844751299,8.375,0.005970149253731428
SPY260626C00757000,2026-05-22 19:26:35+00:00,757.0,8.03,7.91,7.96,1.1899996,17.397654,41.0,158.0,0.14255618194580078,False,REGULAR,USD,call,2026-06-26,31,745.6400146484375,1.015235214216499,7.9350000000000005,0.006301197227473197
SPY260626C00758000,2026-05-22 19:00:12+00:00,758.0,7.97,7.49,7.54,1.5,23.183928,37.0,117.0,0.14170169830322266,False,REGULAR,USD,call,2026-06-26,31,745.6400146484375,1.0165763439578683,7.515000000000001,0.006653359946773096
SPY260626C00759000,2026-05-22 19:48:54+00:00,759.0,6.98,7.09,7.14,0.77,12.399355,22.0,60.0,0.14093876647949222,False,REGULAR,USD,call,2026-06-26,31,745.6400146484375,1.0179174736992376,7.115,0.0070274068868587235
SPY260626C00760000,2026-05-22 20:12:35+00:00,760.0,6.7,6.7,6.75,0.90999985,15.716751,1506.0,993.0,0.14011480010986327,False,REGULAR,USD,call,2026-06-26,31,745.6400146484375,1.0192586034406068,6.725,0.007434944237918189
SPY260626C00761000,2026-05-22 17:38:48+00:00,761.0,7.28,6.32,6.37,1.7600002,31.884062,9.0,44.0,0.1392908337402344,False,REGULAR,USD,call,2026-06-26,31,745.6400146484375,1.020599733181976,6.345000000000001,0.007880220646178064
SPY260626C00762000,2026-05-22 20:07:50+00:00,762.0,5.93,5.97,6.01,0.69000006,13.16794,103.0,133.0,0.13852790191650394,False,REGULAR,USD,call,2026-06-26,31,745.6400146484375,1.0219408629233453,5.99,0.0066777963272120254
SPY260626C00763000,2026-05-22 15:49:03+00:00,763.0,6.32,5.62,5.67,1.4200001,28.979593,34.0,95.0,0.13785652191162112,False,REGULAR,USD,call,2026-06-26,31,745.6400146484375,1.0232819926647145,5.645,0.008857395925597844
SPY260626C00764000,2026-05-22 19:08:21+00:00,764.0,5.5,5.29,5.34,1.02,22.767857,74.0,145.0,0.1371698832702637,False,REGULAR,USD,call,2026-06-26,31,745.6400146484375,1.0246231224060838,5.3149999999999995,0.009407337723424239
SPY260626C00765000,2026-05-22 20:07:50+00:00,765.0,4.94,4.98,5.03,0.5799999,13.30275,306.0,647.0,0.13657479644775394,False,REGULAR,USD,call,2026-06-26,31,745.6400146484375,1.0259642521474528,5.005000000000001,0.009990009990009954
SPY260626C00766000,2026-05-22 19:30:11+00:00,766.0,4.69,4.68,4.73,0.6300001,15.517243,15.0,96.0,0.13596445098876953,False,REGULAR,USD,call,2026-06-26,31,745.6400146484375,1.027305381888822,4.705,0.010626992561105358
SPY260626C00767000,2026-05-22 19:30:11+00:00,767.0,4.42,4.4,4.44,0.61000013,16.010502,23.0,122.0,0.13529307098388677,False,REGULAR,USD,call,2026-06-26,31,745.6400146484375,1.0286465116301913,4.42,0.009049773755656116
SPY260626C00768000,2026-05-22 19:40:40+00:00,768.0,4.2,4.13,4.17,0.8499999,25.37313,32.0,36.0,0.13477427734375003,False,REGULAR,USD,call,2026-06-26,31,745.6400146484375,1.0299876413715605,4.15,0.009638554216867478
SPY260626C00769000,2026-05-22 19:16:08+00:00,769.0,4.01,3.87,3.91,0.8000002,24.922123,29.0,50.0,0.13419444915771483,False,REGULAR,USD,call,2026-06-26,31,745.6400146484375,1.0313287711129298,3.89,0.010282776349614406
SPY260626C00770000,2026-05-22 20:04:34+00:00,770.0,3.58,3.62,3.66,0.43999982,14.012733,1767.0,765.0,0.1336146209716797,False,REGULAR,USD,call,2026-06-26,31,745.6400146484375,1.032669900854299,3.64,0.010989010989010999
SPY260626C00771000,2026-05-22 19:32:23+00:00,771.0,3.45,3.39,3.43,0.6500001,23.214289,80.0,93.0,0.1331873791503906,False,REGULAR,USD,call,2026-06-26,31,745.6400146484375,1.0340110305956682,3.41,0.011730205278592386
SPY260626C00772000,2026-05-22 19:36:26+00:00,772.0,3.29,3.17,3.21,0.56999993,20.95588,93.0,45.0,0.13272962005615235,False,REGULAR,USD,call,2026-06-26,31,745.6400146484375,1.0353521603370375,3.19,0.012539184952978068
SPY260626C00773000,2026-05-22 19:17:37+00:00,773.0,3.1,2.96,3.0,0.66999984,27.572008,5.0,116.0,0.13227186096191407,False,REGULAR,USD,call,2026-06-26,31,745.6400146484375,1.0366932900784067,2.98,0.01342281879194632
SPY260626C00774000,2026-05-22 19:28:01+00:00,774.0,2.86,2.76,2.8,0.5899999,25.991186,15.0,36.0,0.13181410186767578,False,REGULAR,USD,call,2026-06-26,31,745.6400146484375,1.038034419819776,2.78,0.014388489208633108
SPY260626C00775000,2026-05-22 19:53:44+00:00,775.0,2.6,2.58,2.61,0.6199999,31.313124,476.0,679.0,0.1313563427734375,False,REGULAR,USD,call,2026-06-26,31,745.6400146484375,1.0393755495611452,2.5949999999999998,0.011560693641618424
SPY260626C00776000,2026-05-22 19:09:01+00:00,776.0,2.52,2.4,2.44,0.32999992,15.068489,7.0,107.0,0.1310816873168945,False,REGULAR,USD,call,2026-06-26,31,745.6400146484375,1.0407166793025142,2.42,0.016528925619834725
SPY260626C00777000,2026-05-22 20:08:00+00:00,777.0,2.23,2.24,2.27,0.47000003,26.704546,22.0,356.0,0.13065444549560545,False,REGULAR,USD,call,2026-06-26,31,745.6400146484375,1.0420578090438835,2.255,0.01330376940133029
SPY260626C00778000,2026-05-22 20:08:00+00:00,778.0,2.08,2.08,2.12,0.089999914,4.5226088,48.0,394.0,0.13044082458496092,False,REGULAR,USD,call,2026-06-26,31,745.6400146484375,1.0433989387852527,2.1,0.019047619047619063
SPY260626C00779000,2026-05-22 19:59:30+00:00,779.0,2.05,1.93,1.97,0.120000005,6.217617,469.0,91.0,0.1300746173095703,False,REGULAR,USD,call,2026-06-26,31,745.6400146484375,1.044740068526622,1.95,0.02051282051282053
SPY260626C00780000,2026-05-22 20:14:01+00:00,780.0,1.81,1.79,1.83,0.3399999,23.129246,135.0,745.0,0.12973892730712888,False,REGULAR,USD,call,2026-06-26,31,745.6400146484375,1.0460811982679912,1.81,0.022099447513812175
SPY260626C00781000,2026-05-22 19:10:11+00:00,781.0,1.8,1.67,1.7,0.54999995,43.999996,1.0,85.0,0.12946427185058595,False,REGULAR,USD,call,2026-06-26,31,745.6400146484375,1.0474223280093604,1.685,0.017804154302670638
SPY260626C00782000,2026-05-22 16:36:50+00:00,782.0,1.81,1.54,1.58,0.5999999,49.586765,4.0,49.0,0.1292201336669922,False,REGULAR,USD,call,2026-06-26,31,745.6400146484375,1.0487634577507297,1.56,0.025641025641025664
SPY260626C00783000,2026-05-22 20:13:30+00:00,783.0,1.44,1.43,1.46,0.13999999,10.769229,83.0,247.0,0.1288234091186523,False,REGULAR,USD,call,2026-06-26,31,745.6400146484375,1.050104587492099,1.4449999999999998,0.020761245674740504
SPY260626C00784000,2026-05-22 19:31:00+00:00,784.0,1.35,1.33,1.36,0.13999999,11.570247,5.0,40.0,0.1287318572998047,False,REGULAR,USD,call,2026-06-26,31,745.6400146484375,1.0514457172334681,1.3450000000000002,0.022304832713754663
SPY260626C00785000,2026-05-22 20:14:01+00:00,785.0,1.22,1.23,1.26,0.27000004,28.421057,144.0,315.0,0.12854875366210936,False,REGULAR,USD,call,2026-06-26,31,745.6400146484375,1.0527868469748374,1.245,0.024096385542168693
SPY260626C00786000,2026-05-22 19:37:10+00:00,786.0,1.22,1.14,1.17,0.3,32.608696,171.0,19.0,0.12842668457031248,False,REGULAR,USD,call,2026-06-26,31,745.6400146484375,1.0541279767162064,1.1549999999999998,0.025974025974026
SPY260626C00787000,2026-05-22 20:06:35+00:00,787.0,1.05,1.05,1.08,0.100000024,10.526319,158.0,59.0,0.1281215118408203,False,REGULAR,USD,call,2026-06-26,31,745.6400146484375,1.0554691064575756,1.065,0.028169014084507067
SPY260626C00788000,2026-05-22 20:13:30+00:00,788.0,0.98,0.97,1.0,0.17000002,20.987658,53.0,5.0,0.12799944274902342,False,REGULAR,USD,call,2026-06-26,31,745.6400146484375,1.0568102361989449,0.985,0.0304568527918782
SPY260626C00789000,2026-05-22 20:04:23+00:00,789.0,0.91,0.9,0.93,0.48,111.6279,28.0,3.0,0.12799944274902342,False,REGULAR,USD,call,2026-06-26,31,745.6400146484375,1.0581513659403141,0.915,0.03278688524590167
SPY260626C00790000,2026-05-22 19:57:41+00:00,790.0,0.88,0.83,0.86,0.19,27.536232,302.0,770.0,0.12787737365722657,False,REGULAR,USD,call,2026-06-26,31,745.6400146484375,1.0594924956816834,0.845,0.03550295857988169
SPY260626C00791000,2026-05-22 17:28:11+00:00,791.0,0.97,0.77,0.8,0.54,125.5814,3.0,59.0,0.127938408203125,False,REGULAR,USD,call,2026-06-26,31,745.6400146484375,1.0608336254230526,0.785,0.03821656050955417
SPY260626C00792000,2026-05-22 19:08:58+00:00,792.0,0.77,0.71,0.74,0.15999997,26.2295,143.0,632.0,0.127938408203125,False,REGULAR,USD,call,2026-06-26,31,745.6400146484375,1.0621747551644218,0.725,0.04137931034482763
SPY260626C00793000,2026-05-22 16:54:26+00:00,793.0,0.79,0.66,0.68,0.24000001,43.636364,2.0,23.0,0.12769427001953126,False,REGULAR,USD,call,2026-06-26,31,745.6400146484375,1.063515884905791,0.67,0.02985074626865674
SPY260626C00794000,2026-05-22 19:59:12+00:00,794.0,0.65,0.61,0.63,0.32999998,103.125,51.0,154.0,0.12769427001953126,False,REGULAR,USD,call,2026-06-26,31,745.6400146484375,1.0648570146471603,0.62,0.03225806451612906
SPY260626C00795000,2026-05-22 19:40:17+00:00,795.0,0.6,0.56,0.59,0.110000014,22.448982,27.0,535.0,0.12806047729492187,False,REGULAR,USD,call,2026-06-26,31,745.6400146484375,1.0661981443885296,0.575,0.05217391304347812
SPY260626C00800000,2026-05-22 20:07:01+00:00,800.0,0.4,0.39,0.41,0.09,29.03226,584.0,830.0,0.1287928918457031,False,REGULAR,USD,call,2026-06-26,31,745.6400146484375,1.0729037930953755,0.4,0.049999999999999906
SPY260626C00805000,2026-05-22 17:28:17+00:00,805.0,0.37,0.27,0.29,0.13000001,54.166676,11.0,110.0,0.1302577209472656,False,REGULAR,USD,call,2026-06-26,31,745.6400146484375,1.0796094418022217,0.28,0.07142857142857129
SPY260626C00810000,2026-05-22 19:41:33+00:00,810.0,0.21,0.2,0.21,0.049999997,31.25,34.0,146.0,0.13221082641601564,False,REGULAR,USD,call,2026-06-26,31,745.6400146484375,1.0863150905090677,0.20500000000000002,0.04878048780487795
SPY260626C00815000,2026-05-22 18:16:14+00:00,815.0,0.18,0.15,0.16,0.040000007,28.571432,23.0,45.0,0.13526255371093754,False,REGULAR,USD,call,2026-06-26,31,745.6400146484375,1.093020739215914,0.155,0.06451612903225812
SPY260626C00820000,2026-05-22 17:45:48+00:00,820.0,0.14,0.11,0.13,0.049999997,55.555553,47.0,211.0,0.13916876464843753,False,REGULAR,USD,call,2026-06-26,31,745.6400146484375,1.09972638792276,0.12,0.1666666666666667
SPY260626C00825000,2026-05-22 19:21:08+00:00,825.0,0.09,0.09,0.11,-0.22,-70.96774,1.0,41.0,0.143563251953125,False,REGULAR,USD,call,2026-06-26,31,745.6400146484375,1.106432036629606,0.1,0.20000000000000004
SPY260626C00830000,2026-05-19 14:25:33+00:00,830.0,0.04,0.07,0.09,0.0,0.0,5.0,146.0,0.147469462890625,False,REGULAR,USD,call,2026-06-26,31,745.6400146484375,1.113137685336452,0.08,0.24999999999999986
SPY260626C00835000,2026-05-19 16:50:15+00:00,835.0,0.04,0.06,0.08,0.0,0.0,3.0,10.0,0.15235222656250003,False,REGULAR,USD,call,2026-06-26,31,745.6400146484375,1.1198433340432983,0.07,0.28571428571428575
SPY260626C00840000,2026-05-21 15:53:28+00:00,840.0,0.04,0.05,0.07,0.0,0.0,13.0,15.0,0.157234990234375,False,REGULAR,USD,call,2026-06-26,31,745.6400146484375,1.1265489827501443,0.060000000000000005,0.33333333333333337
SPY260626C00845000,2026-05-22 16:51:19+00:00,845.0,0.06,0.04,0.06,0.03,100.0,62.0,249.0,0.161141201171875,False,REGULAR,USD,call,2026-06-26,31,745.6400146484375,1.1332546314569905,0.05,0.3999999999999999
SPY260626C00850000,2026-05-22 14:28:24+00:00,850.0,0.04,0.04,0.05,0.01,33.333336,2.0,150.0,0.165047412109375,False,REGULAR,USD,call,2026-06-26,31,745.6400146484375,1.1399602801638364,0.045,0.22222222222222227
SPY260626C00860000,2026-05-18 18:25:09+00:00,860.0,0.04,0.03,0.04,0.0,0.0,61.0,70.0,0.17383638671875,False,REGULAR,USD,call,2026-06-26,31,745.6400146484375,1.1533715775775288,0.035,0.28571428571428575
SPY260626C00865000,2026-05-22 16:11:58+00:00,865.0,0.03,0.03,0.04,0.0,0.0,60.0,240.0,0.179695703125,False,REGULAR,USD,call,2026-06-26,31,745.6400146484375,1.1600772262843748,0.035,0.28571428571428575
SPY260626C00870000,2026-05-22 17:22:57+00:00,870.0,0.03,0.03,0.04,-0.01,-25.0,62.0,138.0,0.186531572265625,False,REGULAR,USD,call,2026-06-26,31,745.6400146484375,1.166782874991221,0.035,0.28571428571428575
SPY260626C00880000,2026-05-15 19:20:31+00:00,880.0,0.03,0.02,0.03,0.0,0.0,140.0,120.0,0.19336744140625,False,REGULAR,USD,call,2026-06-26,31,745.6400146484375,1.1801941724049132,0.025,0.3999999999999999
SPY260626C00885000,2026-05-21 16:05:00+00:00,885.0,0.02,0.02,0.03,0.0,0.0,22.0,60.0,0.1992267578125,False,REGULAR,USD,call,2026-06-26,31,745.6400146484375,1.1868998211117592,0.025,0.3999999999999999
SPY260626C00890000,2026-05-21 15:32:35+00:00,890.0,0.02,0.02,0.03,0.0,0.0,,13.0,0.20508607421874997,False,REGULAR,USD,call,2026-06-26,31,745.6400146484375,1.1936054698186054,0.025,0.3999999999999999
SPY260630C00523000,2026-04-23 17:53:29+00:00,523.0,187.44,222.72,226.16,0.0,0.0,,1.0,0.6217078845214845,True,REGULAR,USD,call,2026-06-30,35,745.6400146484375,0.7014108547361018,224.44,0.015327036178934226
SPY260630C00525000,2026-04-08 14:55:25+00:00,525.0,154.12,213.26,216.55,0.0,0.0,1.0,19.0,1.0000000000000003e-05,True,REGULAR,USD,call,2026-06-30,35,745.6400146484375,0.7040931142188402,214.905,0.015309090063051211
SPY260630C00526000,2026-05-20 20:04:57+00:00,526.0,216.69,219.74,222.93,0.0,0.0,,7.0,0.6064492480468751,True,REGULAR,USD,call,2026-06-30,35,745.6400146484375,0.7054342439602095,221.335,0.014412542074231358
SPY260630C00530000,2026-05-20 16:32:55+00:00,530.0,210.81,215.76,219.19,0.0,0.0,4.0,19.0,0.6040078662109377,True,REGULAR,USD,call,2026-06-30,35,745.6400146484375,0.7107987629256863,217.475,0.01577192780779403
SPY260630C00535000,2026-04-20 18:51:51+00:00,535.0,178.0,210.78,214.22,0.0,0.0,1.0,83.0,0.5913126806640626,True,REGULAR,USD,call,2026-06-30,35,745.6400146484375,0.7175044116325324,212.5,0.016188235294117635
SPY260630C00536000,2026-05-19 18:17:17+00:00,536.0,202.68,209.79,213.22,0.0,0.0,1.0,2.0,0.5888712988281251,True,REGULAR,USD,call,2026-06-30,35,745.6400146484375,0.7188455413739017,211.505,0.016217110706602714
SPY260630C00537000,2026-05-04 14:23:48+00:00,537.0,187.74,208.8,212.23,0.0,0.0,1.0,1.0,0.5865519860839843,True,REGULAR,USD,call,2026-06-30,35,745.6400146484375,0.7201866711152709,210.515,0.01629337576894748
SPY260630C00540000,2026-05-19 17:42:39+00:00,540.0,199.11,205.81,209.24,0.0,0.0,1.0,40.0,0.5787395642089843,True,REGULAR,USD,call,2026-06-30,35,745.6400146484375,0.7242100603393785,207.525,0.016528129141067372
SPY260630C00545000,2026-05-14 19:49:48+00:00,545.0,205.81,200.84,204.27,0.0,0.0,2.0,79.0,0.5664716204833984,True,REGULAR,USD,call,2026-06-30,35,745.6400146484375,0.7309157090462246,202.555,0.016933672335908798
SPY260630C00550000,2026-05-20 15:59:28+00:00,550.0,192.75,195.86,199.3,0.0,0.0,35.0,93.0,0.5539595385742189,True,REGULAR,USD,call,2026-06-30,35,745.6400146484375,0.7376213577530707,197.58,0.017410669096062342
SPY260630C00551000,2026-05-22 19:11:28+00:00,551.0,197.12,194.87,198.31,34.28,21.051338,1.0,2.0,0.5517012603759766,True,REGULAR,USD,call,2026-06-30,35,745.6400146484375,0.7389624874944399,196.59,0.017498346813164443
SPY260630C00555000,2026-05-14 15:50:47+00:00,555.0,196.26,190.89,194.33,0.0,0.0,20.0,156.0,0.5416915948486329,True,REGULAR,USD,call,2026-06-30,35,745.6400146484375,0.7443270064599168,192.61,0.017859924199159057
SPY260630C00557000,2026-04-29 18:31:01+00:00,557.0,156.25,188.91,192.34,0.0,0.0,,5.0,0.5369919348144532,True,REGULAR,USD,call,2026-06-30,35,745.6400146484375,0.7470092659426553,190.625,0.017993442622950856
SPY260630C00559000,2026-04-22 18:25:00+00:00,559.0,155.6,186.92,190.36,0.0,0.0,1.0,6.0,0.532231240234375,True,REGULAR,USD,call,2026-06-30,35,745.6400146484375,0.7496915254253936,188.64,0.01823579304495349
SPY260630C00560000,2026-05-20 14:12:39+00:00,560.0,176.53,185.93,189.3,0.0,0.0,6.0,79.0,0.5282029602050782,True,REGULAR,USD,call,2026-06-30,35,745.6400146484375,0.7510326551667629,187.615,0.017962316445913198
SPY260630C00561000,2026-05-18 19:10:25+00:00,561.0,177.54,184.94,188.17,0.0,0.0,9.0,17.0,0.5222826092529296,True,REGULAR,USD,call,2026-06-30,35,745.6400146484375,0.7523737849081321,186.555,0.01731392886816215
SPY260630C00562000,2026-02-05 18:54:03+00:00,562.0,128.73,109.89,113.24,0.0,0.0,4.0,12.0,1.0000000000000003e-05,True,REGULAR,USD,call,2026-06-30,35,745.6400146484375,0.7537149146495014,111.565,0.030027338322950695
SPY260630C00564000,2025-09-10 14:05:32+00:00,564.0,115.68,115.4,118.68,0.0,0.0,1.0,1.0,1.0000000000000003e-05,True,REGULAR,USD,call,2026-06-30,35,745.6400146484375,0.7563971741322397,117.04,0.0280246069719754
SPY260630C00565000,2026-05-18 18:28:32+00:00,565.0,171.85,180.96,184.18,0.0,0.0,37.0,71.0,0.512150874633789,True,REGULAR,USD,call,2026-06-30,35,745.6400146484375,0.757738303873609,182.57,0.01763707071260338
SPY260630C00566000,2025-10-24 13:54:28+00:00,566.0,132.89,128.52,129.43,0.0,0.0,1.0,8.0,1.0000000000000003e-05,True,REGULAR,USD,call,2026-06-30,35,745.6400146484375,0.7590794336149782,128.97500000000002,0.0070556309362279235
SPY260630C00568000,2026-04-21 15:02:53+00:00,568.0,144.16,177.98,181.42,0.0,0.0,2.0,29.0,0.5105029418945313,True,REGULAR,USD,call,2026-06-30,35,745.6400146484375,0.7617616930977167,179.7,0.019143016138007778
SPY260630C00569000,2026-04-16 20:04:15+00:00,569.0,138.2,176.99,180.42,0.0,0.0,1.0,3.0,0.5080615600585938,True,REGULAR,USD,call,2026-06-30,35,745.6400146484375,0.7631028228390859,178.70499999999998,0.01919364315492
SPY260630C00570000,2026-05-12 15:41:33+00:00,570.0,166.05,176.0,179.19,0.0,0.0,5.0,151.0,0.567387138671875,True,REGULAR,USD,call,2026-06-30,35,745.6400146484375,0.764443952580455,177.595,0.017962217404769266
SPY260630C00571000,2026-05-19 17:44:01+00:00,571.0,168.23,175.0,178.2,0.0,0.0,1.0,2.0,0.5647626531982424,True,REGULAR,USD,call,2026-06-30,35,745.6400146484375,0.7657850823218243,176.6,0.018120045300113186
SPY260630C00572000,2026-02-06 19:27:14+00:00,572.0,129.27,101.61,103.59,0.0,0.0,1.0,2.0,1.0000000000000003e-05,True,REGULAR,USD,call,2026-06-30,35,745.6400146484375,0.7671262120631935,102.6,0.019298245614035127
SPY260630C00573000,2026-05-18 19:08:51+00:00,573.0,165.83,173.01,176.21,0.0,0.0,5.0,8.0,0.559147474975586,True,REGULAR,USD,call,2026-06-30,35,745.6400146484375,0.7684673418045628,174.61,0.018326556325525552
SPY260630C00574000,2026-03-16 19:10:01+00:00,574.0,108.41,140.06,143.51,0.0,0.0,4.0,9.0,1.0000000000000003e-05,True,REGULAR,USD,call,2026-06-30,35,745.6400146484375,0.769808471545932,141.785,0.0243326162852205
SPY260630C00575000,2026-05-18 17:11:06+00:00,575.0,164.55,171.03,174.47,0.0,0.0,25.0,28.0,0.5623823059082032,True,REGULAR,USD,call,2026-06-30,35,745.6400146484375,0.7711496012873011,172.75,0.019913169319826327
SPY260630C00576000,2025-09-29 19:21:04+00:00,576.0,113.95,131.24,136.0,0.0,0.0,1.0,1.0,1.0000000000000003e-05,True,REGULAR,USD,call,2026-06-30,35,745.6400146484375,0.7724907310286704,133.62,0.035623409669211126
SPY260630C00578000,2026-05-19 15:00:15+00:00,578.0,157.58,168.05,171.49,0.0,0.0,5.0,6.0,0.5540816076660158,True,REGULAR,USD,call,2026-06-30,35,745.6400146484375,0.7751729905114089,169.77,0.020262708370147833
SPY260630C00579000,2026-04-08 13:36:46+00:00,579.0,104.48,159.79,163.09,0.0,0.0,1.0,2.0,1.0000000000000003e-05,True,REGULAR,USD,call,2026-06-30,35,745.6400146484375,0.7765141202527781,161.44,0.020441030723488674
SPY260630C00580000,2026-05-20 15:15:46+00:00,580.0,163.37,166.07,169.5,0.0,0.0,1.0,200.0,0.5484664294433594,True,REGULAR,USD,call,2026-06-30,35,745.6400146484375,0.7778552499941473,167.785,0.02044282861996011
SPY260630C00582000,2026-01-21 20:12:03+00:00,582.0,119.7,105.71,109.23,0.0,0.0,2.0,18.0,1.0000000000000003e-05,True,REGULAR,USD,call,2026-06-30,35,745.6400146484375,0.7805375094768857,107.47,0.03275332650972374
SPY260630C00583000,2026-04-07 19:23:31+00:00,583.0,85.77,155.84,159.36,0.0,0.0,2.0,15.0,1.0000000000000003e-05,True,REGULAR,USD,call,2026-06-30,35,745.6400146484375,0.781878639218255,157.60000000000002,0.02233502538071072
SPY260630C00584000,2026-03-16 19:10:01+00:00,584.0,99.37,130.36,133.82,0.0,0.0,1.0,6.0,1.0000000000000003e-05,True,REGULAR,USD,call,2026-06-30,35,745.6400146484375,0.7832197689596242,132.09,0.02619426148837898
SPY260630C00585000,2026-05-20 16:32:55+00:00,585.0,156.27,161.11,164.54,0.0,0.0,6.0,85.0,0.5348557257080078,True,REGULAR,USD,call,2026-06-30,35,745.6400146484375,0.7845608987009934,162.825,0.021065561185321532
SPY260630C00586000,2026-03-12 19:54:25+00:00,586.0,94.33,128.42,131.89,0.0,0.0,3.0,4.0,1.0000000000000003e-05,True,REGULAR,USD,call,2026-06-30,35,745.6400146484375,0.7859020284423626,130.15499999999997,0.026660520149053048
SPY260630C00588000,2026-04-29 18:32:17+00:00,588.0,125.57,158.13,161.57,0.0,0.0,1.0,2.0,0.5269212347412109,True,REGULAR,USD,call,2026-06-30,35,745.6400146484375,0.788584287925101,159.85,0.021520175164216438
SPY260630C00589000,2026-01-26 15:16:16+00:00,589.0,117.85,100.12,102.56,0.0,0.0,1.0,3.0,1.0000000000000003e-05,True,REGULAR,USD,call,2026-06-30,35,745.6400146484375,0.7899254176664703,101.34,0.024077363331359757
SPY260630C00590000,2026-05-21 15:51:30+00:00,590.0,151.81,156.15,159.59,0.0,0.0,1.0,432.0,0.5216112292480468,True,REGULAR,USD,call,2026-06-30,35,745.6400146484375,0.7912665474078395,157.87,0.021790080445936517
SPY260630C00591000,2026-04-21 15:43:22+00:00,591.0,121.97,155.16,158.6,0.0,0.0,1.0,5.0,0.518986743774414,True,REGULAR,USD,call,2026-06-30,35,745.6400146484375,0.7926076771492087,156.88,0.021927587965323802
SPY260630C00592000,2026-04-17 13:59:20+00:00,592.0,120.54,154.17,157.61,0.0,0.0,1.0,6.0,0.5163622583007812,True,REGULAR,USD,call,2026-06-30,35,745.6400146484375,0.7939488068905779,155.89,0.022066842003977332
SPY260630C00593000,2026-04-21 14:05:00+00:00,593.0,123.97,153.18,156.61,0.0,0.0,8.0,4.0,0.5133715655517577,True,REGULAR,USD,call,2026-06-30,35,745.6400146484375,0.7952899366319471,154.895,0.022144033054649966
SPY260630C00594000,2026-04-13 19:20:47+00:00,594.0,97.4,144.99,148.5,0.0,0.0,1.0,3.0,1.0000000000000003e-05,True,REGULAR,USD,call,2026-06-30,35,745.6400146484375,0.7966310663733164,146.745,0.023919043238270408
SPY260630C00595000,2026-05-19 15:04:08+00:00,595.0,142.55,151.19,154.63,0.0,0.0,568.0,347.0,0.5080615600585938,True,REGULAR,USD,call,2026-06-30,35,745.6400146484375,0.7979721961146856,152.91,0.022496893597541024
SPY260630C00596000,2026-04-22 19:20:50+00:00,596.0,119.8,150.21,153.64,0.0,0.0,2.0,6.0,0.5054370745849608,True,REGULAR,USD,call,2026-06-30,35,745.6400146484375,0.7993133258560549,151.925,0.022576929405956743
SPY260630C00597000,2026-04-29 14:36:16+00:00,597.0,119.84,149.21,152.65,0.0,0.0,6.0,10.0,0.5028125891113282,True,REGULAR,USD,call,2026-06-30,35,745.6400146484375,0.800654455597424,150.93,0.022792022792022776
SPY260630C00598000,2026-04-20 13:54:51+00:00,598.0,117.55,148.22,151.66,0.0,0.0,16.0,15.0,0.5001270690917969,True,REGULAR,USD,call,2026-06-30,35,745.6400146484375,0.8019955853387932,149.94,0.022942510337468306
SPY260630C00599000,2026-04-22 20:08:31+00:00,599.0,118.31,147.23,150.67,0.0,0.0,2.0,5.0,0.49750258361816413,True,REGULAR,USD,call,2026-06-30,35,745.6400146484375,0.8033367150801625,148.95,0.02309499832158441
SPY260630C00600000,2026-05-20 14:15:25+00:00,600.0,138.67,146.24,149.43,0.0,0.0,110.0,4230.0,0.4870656762695313,True,REGULAR,USD,call,2026-06-30,35,745.6400146484375,0.8046778448215317,147.835,0.021578110731558815
SPY260630C00602000,2026-05-12 15:27:13+00:00,602.0,133.94,144.26,147.44,0.0,0.0,3.0,19.0,0.4815725671386719,True,REGULAR,USD,call,2026-06-30,35,745.6400146484375,0.8073601043042701,145.85,0.021803222488858465
SPY260630C00603000,2026-05-04 14:14:30+00:00,603.0,122.36,143.27,146.7,0.0,0.0,1.0,28.0,0.4865773999023438,True,REGULAR,USD,call,2026-06-30,35,745.6400146484375,0.8087012340456393,144.985,0.02365761975376748
SPY260630C00604000,2026-04-07 16:27:45+00:00,604.0,67.28,135.14,138.5,0.0,0.0,2.0,6.0,1.0000000000000003e-05,True,REGULAR,USD,call,2026-06-30,35,745.6400146484375,0.8100423637870086,136.82,0.02455781318520694
SPY260630C00605000,2026-05-18 19:01:31+00:00,605.0,134.09,141.29,144.47,0.0,0.0,1.0,243.0,0.4736991107177735,True,REGULAR,USD,call,2026-06-30,35,745.6400146484375,0.8113834935283778,142.88,0.022256438969764886
SPY260630C00606000,2026-01-27 14:53:30+00:00,606.0,104.6,85.28,87.56,0.0,0.0,1.0,2.0,1.0000000000000003e-05,True,REGULAR,USD,call,2026-06-30,35,745.6400146484375,0.812724623269747,86.42,0.02638278176348069
SPY260630C00607000,2026-04-23 17:53:21+00:00,607.0,105.2,139.3,142.74,0.0,0.0,1.0,980.0,0.4759573889160156,True,REGULAR,USD,call,2026-06-30,35,745.6400146484375,0.8140657530111162,141.02,0.02439370302084809
SPY260630C00608000,2026-05-22 17:28:24+00:00,608.0,142.09,138.32,141.75,8.319992,6.2196245,4.0,29.0,0.4733329034423829,True,REGULAR,USD,call,2026-06-30,35,745.6400146484375,0.8154068827524854,140.035,0.024493876530867334
SPY260630C00609000,2026-05-21 19:57:37+00:00,609.0,136.73,137.32,140.76,0.0,0.0,1.0,6.0,0.4706473834228516,True,REGULAR,USD,call,2026-06-30,35,745.6400146484375,0.8167480124938546,139.04,0.024741081703107005
SPY260630C00610000,2026-05-18 19:21:45+00:00,610.0,129.05,136.34,139.77,0.0,0.0,2.0,69.0,0.46802289794921875,True,REGULAR,USD,call,2026-06-30,35,745.6400146484375,0.8180891422352239,138.055,0.02484517040310026
SPY260630C00611000,2026-05-22 18:45:13+00:00,611.0,139.72,135.34,138.78,22.21,18.900518,2.0,10.0,0.46533737792968755,True,REGULAR,USD,call,2026-06-30,35,745.6400146484375,0.8194302719765931,137.06,0.02509849700860935
SPY260630C00612000,2026-04-24 17:20:13+00:00,612.0,107.61,134.36,137.79,0.0,0.0,10.0,4.0,0.46271289245605474,True,REGULAR,USD,call,2026-06-30,35,745.6400146484375,0.8207714017179624,136.075,0.025206687488517204
SPY260630C00613000,2026-01-16 20:59:55+00:00,613.0,96.5,79.31,81.51,0.0,0.0,1.0,4.0,1.0000000000000003e-05,True,REGULAR,USD,call,2026-06-30,35,745.6400146484375,0.8221125314593315,80.41,0.027359781121751064
SPY260630C00614000,2026-04-15 14:41:46+00:00,614.0,90.5,125.32,128.83,0.0,0.0,1.0,8.0,1.0000000000000003e-05,True,REGULAR,USD,call,2026-06-30,35,745.6400146484375,0.8234536612007007,127.075,0.02762148337595923
SPY260630C00615000,2026-05-19 14:34:42+00:00,615.0,119.88,131.39,134.83,0.0,0.0,7.0,53.0,0.45502253967285156,True,REGULAR,USD,call,2026-06-30,35,745.6400146484375,0.82479479094207,133.11,0.025843287506573706
SPY260630C00616000,2026-04-22 13:57:28+00:00,616.0,101.43,130.4,133.84,0.0,0.0,3.0,15.0,0.4523370196533204,True,REGULAR,USD,call,2026-06-30,35,745.6400146484375,0.8261359206834392,132.12,0.02603693611867997
SPY260630C00617000,2026-05-12 17:51:35+00:00,617.0,121.36,129.41,132.85,0.0,0.0,2.0,15.0,0.44965149963378903,True,REGULAR,USD,call,2026-06-30,35,745.6400146484375,0.8274770504248085,131.13,0.02623350873179286
SPY260630C00618000,2026-05-07 17:38:11+00:00,618.0,117.56,128.42,131.86,0.0,0.0,1.0,26.0,0.4470270141601562,True,REGULAR,USD,call,2026-06-30,35,745.6400146484375,0.8288181801661776,130.14,0.026433072076225805
SPY260630C00619000,2026-04-30 18:58:19+00:00,619.0,104.74,127.43,130.87,0.0,0.0,1.0,36.0,0.44434149414062496,True,REGULAR,USD,call,2026-06-30,35,745.6400146484375,0.8301593099075468,129.15,0.026635694928377838
SPY260630C00620000,2026-05-18 19:01:31+00:00,620.0,119.38,126.45,129.82,0.0,0.0,2.0,603.0,0.4400080413818359,True,REGULAR,USD,call,2026-06-30,35,745.6400146484375,0.8315004396489161,128.135,0.026300386311312214
SPY260630C00621000,2026-04-22 15:23:32+00:00,621.0,96.7,125.46,128.9,0.0,0.0,7.0,89.0,0.4392756268310547,True,REGULAR,USD,call,2026-06-30,35,745.6400146484375,0.8328415693902853,127.18,0.027048278031137064
SPY260630C00622000,2026-04-15 19:05:29+00:00,622.0,86.27,117.48,121.0,0.0,0.0,3.0,107.0,1.0000000000000003e-05,True,REGULAR,USD,call,2026-06-30,35,745.6400146484375,0.8341826991316545,119.24000000000001,0.029520295202951994
SPY260630C00623000,2026-05-15 19:57:29+00:00,623.0,119.88,123.48,126.92,0.0,0.0,2.0,60.0,0.43396562133789063,True,REGULAR,USD,call,2026-06-30,35,745.6400146484375,0.8355238288730237,125.2,0.027476038338658127
SPY260630C00624000,2026-04-15 16:14:04+00:00,624.0,82.19,115.53,119.0,0.0,0.0,2.0,70.0,1.0000000000000003e-05,True,REGULAR,USD,call,2026-06-30,35,745.6400146484375,0.8368649586143929,117.265,0.029591097087792596
SPY260630C00625000,2026-05-20 16:05:25+00:00,625.0,116.41,121.51,124.95,0.0,0.0,70.0,1187.0,0.4288387194824219,True,REGULAR,USD,call,2026-06-30,35,745.6400146484375,0.8382060883557622,123.23,0.027915280370039743
SPY260630C00626000,2026-04-17 16:57:26+00:00,626.0,93.68,120.52,123.96,0.0,0.0,1.0,8.0,0.4261837167358399,True,REGULAR,USD,call,2026-06-30,35,745.6400146484375,0.8395472180971314,122.24,0.028141361256544484
SPY260630C00627000,2026-05-04 15:20:02+00:00,627.0,97.24,119.54,122.97,0.0,0.0,1.0,10.0,0.42352871398925784,True,REGULAR,USD,call,2026-06-30,35,745.6400146484375,0.8408883478385006,121.255,0.028287493299245334
SPY260630C00628000,2026-04-21 14:04:11+00:00,628.0,90.68,118.55,121.99,0.0,0.0,3.0,29.0,0.4210873321533204,True,REGULAR,USD,call,2026-06-30,35,745.6400146484375,0.8422294775798699,120.27,0.028602311465868446
SPY260630C00629000,2026-04-09 13:50:20+00:00,629.0,60.61,110.64,114.0,0.0,0.0,1.0,20.0,1.0000000000000003e-05,True,REGULAR,USD,call,2026-06-30,35,745.6400146484375,0.843570607321239,112.32,0.029914529914529912
SPY260630C00630000,2026-05-18 15:00:42+00:00,630.0,113.5,116.57,120.01,0.0,0.0,7.0,394.0,0.41571629211425776,True,REGULAR,USD,call,2026-06-30,35,745.6400146484375,0.8449117370626082,118.28999999999999,0.02908107194183796
SPY260630C00631000,2026-05-06 19:40:59+00:00,631.0,107.29,115.58,119.03,0.0,0.0,2.0,12.0,0.4132749102783203,True,REGULAR,USD,call,2026-06-30,35,745.6400146484375,0.8462528668039775,117.305,0.029410511060909618
SPY260630C00632000,2026-05-07 14:08:20+00:00,632.0,107.17,114.6,118.04,0.0,0.0,6.0,33.0,0.41058939025878904,True,REGULAR,USD,call,2026-06-30,35,745.6400146484375,0.8475939965453467,116.32,0.029573590096286212
SPY260630C00633000,2026-05-18 18:24:50+00:00,633.0,104.7,113.61,117.05,0.0,0.0,4.0,23.0,0.4079038702392578,True,REGULAR,USD,call,2026-06-30,35,745.6400146484375,0.848935126286716,115.33,0.029827451660452593
SPY260630C00634000,2026-04-23 17:53:17+00:00,634.0,79.55,112.63,116.07,0.0,0.0,3.0,32.0,0.40546248840332033,True,REGULAR,USD,call,2026-06-30,35,745.6400146484375,0.8502762560280851,114.35,0.030083078268473964
SPY260630C00635000,2026-05-21 14:36:58+00:00,635.0,106.6,111.64,115.08,0.0,0.0,3.0,433.0,0.40277696838378907,True,REGULAR,USD,call,2026-06-30,35,745.6400146484375,0.8516173857694543,113.36,0.030345800988002804
SPY260630C00636000,2026-04-29 19:33:26+00:00,636.0,81.37,110.66,114.1,0.0,0.0,1.0,76.0,0.4003355865478516,True,REGULAR,USD,call,2026-06-30,35,745.6400146484375,0.8529585155108236,112.38,0.030610428901939827
SPY260630C00637000,2026-05-22 14:13:26+00:00,637.0,111.4,109.68,113.11,9.440002,9.258535,2.0,64.0,0.39765006652832036,True,REGULAR,USD,call,2026-06-30,35,745.6400146484375,0.8542996452521928,111.39500000000001,0.03079132815655992
SPY260630C00638000,2026-05-06 13:32:52+00:00,638.0,96.0,108.69,112.13,0.0,0.0,1.0,89.0,0.39514765014648445,True,REGULAR,USD,call,2026-06-30,35,745.6400146484375,0.8556407749935621,110.41,0.031156598134226953
SPY260630C00639000,2026-05-15 19:43:09+00:00,639.0,105.0,107.7,111.15,0.0,0.0,1.0,74.0,0.3927062683105469,True,REGULAR,USD,call,2026-06-30,35,745.6400146484375,0.8569819047349312,109.42500000000001,0.03152844413982182
SPY260630C00640000,2026-05-22 18:19:09+00:00,640.0,110.9,106.72,110.16,5.169998,4.889812,7.0,885.0,0.39002074829101563,True,REGULAR,USD,call,2026-06-30,35,745.6400146484375,0.8583230344763004,108.44,0.031722611582441884
SPY260630C00641000,2026-05-20 14:50:09+00:00,641.0,100.21,105.74,109.18,0.0,0.0,1.0,94.0,0.3875183319091796,True,REGULAR,USD,call,2026-06-30,35,745.6400146484375,0.8596641642176697,107.46000000000001,0.03201191140889644
SPY260630C00642000,2026-05-12 14:44:31+00:00,642.0,97.14,104.75,108.08,0.0,0.0,1.0,101.0,0.3821472918701171,True,REGULAR,USD,call,2026-06-30,35,745.6400146484375,0.8610052939590389,106.41499999999999,0.03129258093313911
SPY260630C00643000,2026-05-04 15:21:37+00:00,643.0,81.8,103.77,107.22,0.0,0.0,6.0,41.0,0.3825745336914062,True,REGULAR,USD,call,2026-06-30,35,745.6400146484375,0.8623464237004081,105.495,0.03270297170482016
SPY260630C00644000,2026-05-15 13:30:11+00:00,644.0,101.47,102.79,106.23,0.0,0.0,2.0,76.0,0.37985849639892577,True,REGULAR,USD,call,2026-06-30,35,745.6400146484375,0.8636875534417774,104.51,0.03291551047746625
SPY260630C00645000,2026-05-20 14:11:28+00:00,645.0,93.02,101.81,105.25,0.0,0.0,3.0,331.0,0.377386597290039,True,REGULAR,USD,call,2026-06-30,35,745.6400146484375,0.8650286831831465,103.53,0.03322708393702306
SPY260630C00646000,2026-04-24 16:34:56+00:00,646.0,75.38,100.83,104.27,0.0,0.0,1.0,62.0,0.3748841809082031,True,REGULAR,USD,call,2026-06-30,35,745.6400146484375,0.8663698129245158,102.55,0.03354461238420281
SPY260630C00647000,2026-05-12 16:16:54+00:00,647.0,90.96,99.85,103.29,0.0,0.0,4.0,215.0,0.3723817645263672,True,REGULAR,USD,call,2026-06-30,35,745.6400146484375,0.867710942665885,101.57,0.033868268189426134
SPY260630C00648000,2026-05-20 14:50:09+00:00,648.0,93.45,98.87,102.31,0.0,0.0,1.0,137.0,0.3698793481445312,True,REGULAR,USD,call,2026-06-30,35,745.6400146484375,0.8690520724072542,100.59,0.03419823044040161
SPY260630C00649000,2026-05-08 14:11:03+00:00,649.0,92.15,97.88,101.33,0.0,0.0,2.0,66.0,0.36737693176269537,True,REGULAR,USD,call,2026-06-30,35,745.6400146484375,0.8703932021486235,99.60499999999999,0.03463681542091264
SPY260630C00650000,2026-05-21 16:48:26+00:00,650.0,91.99,96.9,100.35,0.0,0.0,4.0,4196.0,0.36484399810791024,True,REGULAR,USD,call,2026-06-30,35,745.6400146484375,0.8717343318899926,98.625,0.03498098859315578
SPY260630C00651000,2026-05-21 18:35:49+00:00,651.0,95.59,95.93,99.37,0.0,0.0,1.0,122.0,0.362311064453125,True,REGULAR,USD,call,2026-06-30,35,745.6400146484375,0.8730754616313618,97.65,0.035227854582693265
SPY260630C00652000,2026-05-11 19:47:40+00:00,652.0,91.44,94.95,98.39,0.0,0.0,2.0,134.0,0.359808648071289,True,REGULAR,USD,call,2026-06-30,35,745.6400146484375,0.8744165913727311,96.67,0.03558497982828176
SPY260630C00653000,2026-05-19 13:30:05+00:00,653.0,87.16,93.97,97.25,0.0,0.0,1.0,54.0,0.353674676208496,True,REGULAR,USD,call,2026-06-30,35,745.6400146484375,0.8757577211141003,95.61,0.03430603493358436
SPY260630C00654000,2026-05-08 14:16:47+00:00,654.0,87.75,92.99,96.44,0.0,0.0,1.0,306.0,0.35492588439941397,True,REGULAR,USD,call,2026-06-30,35,745.6400146484375,0.8770988508554696,94.715,0.0364250646676873
SPY260630C00655000,2026-05-20 14:15:49+00:00,655.0,84.56,92.01,95.29,0.0,0.0,2.0,712.0,0.348639326171875,True,REGULAR,USD,call,2026-06-30,35,745.6400146484375,0.8784399805968387,93.65,0.035024025627335836
SPY260630C00656000,2026-05-21 14:49:49+00:00,656.0,85.54,91.04,94.48,0.0,0.0,1.0,166.0,0.3498600170898437,True,REGULAR,USD,call,2026-06-30,35,745.6400146484375,0.8797811103382079,92.76,0.03708495040965931
SPY260630C00657000,2026-05-12 19:20:42+00:00,657.0,83.43,90.06,93.51,0.0,0.0,5.0,50.0,0.34751018707275383,True,REGULAR,USD,call,2026-06-30,35,745.6400146484375,0.8811222400795772,91.785,0.03758784115051482
SPY260630C00658000,2026-04-13 14:26:55+00:00,658.0,38.27,82.62,86.0,0.0,0.0,1.0,102.0,1.0000000000000003e-05,True,REGULAR,USD,call,2026-06-30,35,745.6400146484375,0.8824633698209464,84.31,0.04009014351796934
SPY260630C00659000,2026-05-12 15:33:45+00:00,659.0,79.32,88.11,91.56,0.0,0.0,8.0,33.0,0.3425969061279296,True,REGULAR,USD,call,2026-06-30,35,745.6400146484375,0.8838044995623157,89.83500000000001,0.038403740190349
SPY260630C00660000,2026-05-22 19:56:07+00:00,660.0,89.28,87.13,90.43,7.6100006,9.317988,6.0,2408.0,0.3367986242675781,True,REGULAR,USD,call,2026-06-30,35,745.6400146484375,0.8851456293036849,88.78,0.03717053390403257
SPY260630C00661000,2026-05-21 15:44:03+00:00,661.0,81.75,86.17,89.61,0.0,0.0,3.0,290.0,0.33765310791015624,True,REGULAR,USD,call,2026-06-30,35,745.6400146484375,0.886486759045054,87.89,0.03913983388326314
SPY260630C00662000,2026-05-18 13:55:35+00:00,662.0,83.06,85.19,88.45,0.0,0.0,1.0,157.0,0.33124448059082034,True,REGULAR,USD,call,2026-06-30,35,745.6400146484375,0.8878278887864233,86.82,0.03754895185441149
SPY260630C00663000,2026-05-14 18:36:26+00:00,663.0,89.11,84.22,87.67,0.0,0.0,1.0,257.0,0.3328618960571289,True,REGULAR,USD,call,2026-06-30,35,745.6400146484375,0.8891690185277925,85.945,0.040141951247891126
SPY260630C00664000,2026-05-06 16:13:37+00:00,664.0,74.11,83.25,86.47,0.0,0.0,5.0,232.0,0.32569033691406246,True,REGULAR,USD,call,2026-06-30,35,745.6400146484375,0.8905101482691617,84.86,0.03794485034173932
SPY260630C00665000,2026-05-20 15:16:58+00:00,665.0,80.29,82.28,85.72,0.0,0.0,9.0,1552.0,0.327857063293457,True,REGULAR,USD,call,2026-06-30,35,745.6400146484375,0.891851278010531,84.0,0.04095238095238093
SPY260630C00666000,2026-05-06 18:16:55+00:00,666.0,73.03,81.31,84.59,0.0,0.0,2.0,144.0,0.3221503332519531,True,REGULAR,USD,call,2026-06-30,35,745.6400146484375,0.8931924077519001,82.95,0.03954189270644968
SPY260630C00667000,2026-05-14 15:18:39+00:00,667.0,85.96,80.34,83.57,0.0,0.0,1.0,70.0,0.31873239868164055,True,REGULAR,USD,call,2026-06-30,35,745.6400146484375,0.8945335374932694,81.955,0.03941187236898285
SPY260630C00668000,2026-05-13 16:04:55+00:00,668.0,77.35,79.37,82.82,0.0,0.0,1.0,186.0,0.3207770559692382,True,REGULAR,USD,call,2026-06-30,35,745.6400146484375,0.8958746672346386,81.095,0.042542696837042836
SPY260630C00669000,2026-05-08 19:29:00+00:00,669.0,73.59,78.41,81.66,0.0,0.0,4.0,43.0,0.31452101501464835,True,REGULAR,USD,call,2026-06-30,35,745.6400146484375,0.8972157969760078,80.035,0.04060723433497845
SPY260630C00670000,2026-05-22 18:17:18+00:00,670.0,80.21,77.44,80.89,3.9199982,5.1382856,3.0,4143.0,0.31604687866210934,True,REGULAR,USD,call,2026-06-30,35,745.6400146484375,0.8985569267173771,79.16499999999999,0.04357986483925982
SPY260630C00671000,2026-05-19 13:59:21+00:00,671.0,69.3,76.47,79.75,0.0,0.0,1.0,383.0,0.31024859680175776,True,REGULAR,USD,call,2026-06-30,35,745.6400146484375,0.8998980564587462,78.11,0.041992062475995406
SPY260630C00672000,2026-05-19 14:07:56+00:00,672.0,66.45,75.51,78.96,0.0,0.0,1.0,194.0,0.3112861840820312,True,REGULAR,USD,call,2026-06-30,35,745.6400146484375,0.9012391862001154,77.235,0.04466886774130885
SPY260630C00673000,2026-05-06 15:48:24+00:00,673.0,65.67,74.55,77.79,0.0,0.0,1.0,256.0,0.30493859130859374,True,REGULAR,USD,call,2026-06-30,35,745.6400146484375,0.9025803159414847,76.17,0.04253643166601036
SPY260630C00674000,2026-05-18 14:05:36+00:00,674.0,70.35,73.58,77.03,0.0,0.0,6.0,188.0,0.3064949722290039,True,REGULAR,USD,call,2026-06-30,35,745.6400146484375,0.9039214456828539,75.305,0.04581369098997414
SPY260630C00675000,2026-05-22 18:22:49+00:00,675.0,75.7,72.62,76.07,7.8899994,11.635451,5.0,1689.0,0.30417565948486325,True,REGULAR,USD,call,2026-06-30,35,745.6400146484375,0.9052625754242232,74.345,0.04640527271504457
SPY260630C00676000,2026-05-22 14:22:34+00:00,676.0,72.6,71.66,75.11,8.019997,12.4187,2.0,356.0,0.3018258294677735,True,REGULAR,USD,call,2026-06-30,35,745.6400146484375,0.9066037051655924,73.38499999999999,0.04701233222048107
SPY260630C00677000,2026-05-21 14:28:18+00:00,677.0,65.74,70.7,74.15,0.0,0.0,1.0,67.0,0.2994759994506836,True,REGULAR,USD,call,2026-06-30,35,745.6400146484375,0.9079448349069615,72.42500000000001,0.04763548498446672
SPY260630C00678000,2026-05-22 15:11:43+00:00,678.0,72.16,69.75,73.2,8.360004,13.103456,12.0,203.0,0.29730927307128896,True,REGULAR,USD,call,2026-06-30,35,745.6400146484375,0.9092859646483308,71.475,0.048268625393494274
SPY260630C00679000,2026-05-14 19:56:45+00:00,679.0,73.76,68.79,72.24,0.0,0.0,1.0,193.0,0.29492892578124996,True,REGULAR,USD,call,2026-06-30,35,745.6400146484375,0.9106270943897,70.515,0.048925760476494204
SPY260630C00680000,2026-05-22 16:11:03+00:00,680.0,70.48,67.84,71.29,2.9300003,4.3375278,35.0,3434.0,0.29273168212890616,True,REGULAR,USD,call,2026-06-30,35,745.6400146484375,0.9119682241310693,69.565,0.049593904980953105
SPY260630C00681000,2026-05-15 16:06:37+00:00,681.0,64.45,66.88,70.34,0.0,0.0,1.0,29.0,0.290473403930664,True,REGULAR,USD,call,2026-06-30,35,745.6400146484375,0.9133093538724385,68.61,0.05042996647719003
SPY260630C00682000,2026-05-14 19:14:00+00:00,682.0,71.33,65.93,69.39,0.0,0.0,1.0,100.0,0.28824564300537103,True,REGULAR,USD,call,2026-06-30,35,745.6400146484375,0.9146504836138076,67.66,0.05113804315696119
SPY260630C00683000,2026-05-14 16:45:00+00:00,683.0,70.2,64.99,68.44,0.0,0.0,7.0,173.0,0.28598736480712883,True,REGULAR,USD,call,2026-06-30,35,745.6400146484375,0.9159916133551769,66.715,0.051712508431387284
SPY260630C00684000,2026-05-18 13:35:28+00:00,684.0,60.04,64.03,67.49,0.0,0.0,2.0,19144.0,0.2836985693359374,True,REGULAR,USD,call,2026-06-30,35,745.6400146484375,0.9173327430965461,65.75999999999999,0.05261557177615563
SPY260630C00685000,2026-05-22 18:07:15+00:00,685.0,66.0,63.08,66.54,6.2400017,10.441771,3.0,1779.0,0.2814097738647461,True,REGULAR,USD,call,2026-06-30,35,745.6400146484375,0.9186738728379154,64.81,0.053386823021138834
SPY260630C00686000,2026-05-22 17:54:25+00:00,686.0,65.33,62.14,65.59,6.8700027,11.75163,1.0,116.0,0.2790904611206054,True,REGULAR,USD,call,2026-06-30,35,745.6400146484375,0.9200150025792846,63.865,0.05402019885696395
SPY260630C00687000,2026-05-21 13:40:20+00:00,687.0,55.8,61.19,64.65,0.0,0.0,2.0,95.0,0.2769237347412109,True,REGULAR,USD,call,2026-06-30,35,745.6400146484375,0.9213561323206537,62.92,0.0549904640813733
SPY260630C00688000,2026-05-22 14:31:12+00:00,688.0,61.61,60.25,63.71,10.080002,19.561424,2.0,95.0,0.2747570083618164,True,REGULAR,USD,call,2026-06-30,35,745.6400146484375,0.922697262062023,61.980000000000004,0.05582445950306551
SPY260630C00689000,2026-05-22 18:18:46+00:00,689.0,62.34,59.31,62.77,6.25,11.142806,1.0,172.0,0.2725292474365234,True,REGULAR,USD,call,2026-06-30,35,745.6400146484375,0.9240383918033922,61.040000000000006,0.05668414154652687
SPY260630C00690000,2026-05-22 18:17:18+00:00,690.0,61.01,58.38,61.83,1.9699974,3.3367164,16.0,1768.0,0.27033200378417965,True,REGULAR,USD,call,2026-06-30,35,745.6400146484375,0.9253795215447614,60.105000000000004,0.05739955078612421
SPY260630C00691000,2026-05-08 16:29:36+00:00,691.0,54.44,57.44,60.89,0.0,0.0,1.0,188.0,0.26807372558593745,True,REGULAR,USD,call,2026-06-30,35,745.6400146484375,0.9267206512861307,59.165,0.05831150173244322
SPY260630C00692000,2026-05-21 13:47:31+00:00,692.0,51.5,56.5,59.96,0.0,0.0,3.0,218.0,0.2659680337524414,True,REGULAR,USD,call,2026-06-30,35,745.6400146484375,0.9280617810274999,58.230000000000004,0.059419543190795135
SPY260630C00693000,2026-05-19 19:54:29+00:00,693.0,47.82,55.58,59.03,0.0,0.0,2.0,166.0,0.2638623419189453,True,REGULAR,USD,call,2026-06-30,35,745.6400146484375,0.929402910768869,57.305,0.06020417066573602
SPY260630C00694000,2026-05-18 13:40:41+00:00,694.0,51.14,54.64,58.1,0.0,0.0,1.0,65.0,0.2616956155395508,True,REGULAR,USD,call,2026-06-30,35,745.6400146484375,0.9307440405102383,56.370000000000005,0.06138016675536634
SPY260630C00695000,2026-05-22 19:28:56+00:00,695.0,55.29,53.72,57.17,4.950001,9.833137,43.0,1885.0,0.25952888916015626,True,REGULAR,USD,call,2026-06-30,35,745.6400146484375,0.9320851702516075,55.445,0.062223825412571064
SPY260630C00696000,2026-05-18 19:48:49+00:00,696.0,48.8,52.79,56.25,0.0,0.0,1.0,244.0,0.25748423187255864,True,REGULAR,USD,call,2026-06-30,35,745.6400146484375,0.9334262999929768,54.519999999999996,0.06346294937637566
SPY260630C00697000,2026-05-21 17:40:35+00:00,697.0,51.08,51.87,55.33,0.0,0.0,1.0,176.0,0.2554090573120118,True,REGULAR,USD,call,2026-06-30,35,745.6400146484375,0.934767429734346,53.599999999999994,0.06455223880597018
SPY260630C00698000,2026-05-21 19:21:20+00:00,698.0,50.01,50.95,54.41,0.0,0.0,1.0,184.0,0.2533033654785156,True,REGULAR,USD,call,2026-06-30,35,745.6400146484375,0.9361085594757151,52.68,0.06567957479119199
SPY260630C00699000,2026-05-22 19:59:06+00:00,699.0,52.39,50.03,53.49,7.84,17.598204,22.0,112.0,0.25119767364501955,True,REGULAR,USD,call,2026-06-30,35,745.6400146484375,0.9374496892170844,51.760000000000005,0.06684698608964453
SPY260630C00700000,2026-05-22 19:03:00+00:00,700.0,51.0,49.11,51.52,3.25,6.8062825,15.0,5619.0,0.23297886169433596,True,REGULAR,USD,call,2026-06-30,35,745.6400146484375,0.9387908189584536,50.315,0.047898241081188585
SPY260630C00701000,2026-05-22 18:14:29+00:00,701.0,50.66,48.2,51.66,10.049999,24.747597,1.0,302.0,0.24701680725097658,True,REGULAR,USD,call,2026-06-30,35,745.6400146484375,0.9401319486998229,49.93,0.06929701582215089
SPY260630C00702000,2026-05-18 13:50:53+00:00,702.0,45.0,47.29,50.75,0.0,0.0,6.0,90.0,0.2449416326904297,True,REGULAR,USD,call,2026-06-30,35,745.6400146484375,0.9414730784411921,49.019999999999996,0.07058343533251736
SPY260630C00703000,2026-05-19 16:40:21+00:00,703.0,40.01,46.39,49.84,0.0,0.0,1.0,161.0,0.24286645812988278,True,REGULAR,USD,call,2026-06-30,35,745.6400146484375,0.9428142081825612,48.115,0.07170321105684303
SPY260630C00704000,2026-05-21 16:10:55+00:00,704.0,42.41,45.49,48.94,0.0,0.0,1.0,277.0,0.24088283538818356,True,REGULAR,USD,call,2026-06-30,35,745.6400146484375,0.9441553379239305,47.215,0.07306999894101442
SPY260630C00705000,2026-05-22 13:30:49+00:00,705.0,46.7,44.58,48.04,0.79999924,1.7429177,1.0,2562.0,0.23886869537353517,True,REGULAR,USD,call,2026-06-30,35,745.6400146484375,0.9454964676652997,46.31,0.07471388469013174
SPY260630C00706000,2026-05-21 17:53:26+00:00,706.0,44.16,43.69,47.15,0.0,0.0,1.0,197.0,0.23697662445068357,True,REGULAR,USD,call,2026-06-30,35,745.6400146484375,0.946837597406669,45.42,0.07617789520035229
SPY260630C00707000,2026-05-22 13:58:22+00:00,707.0,45.43,42.8,46.25,4.6399994,11.375336,2.0,94.0,0.2348861912536621,True,REGULAR,USD,call,2026-06-30,35,745.6400146484375,0.9481787271480382,44.525,0.07748455923638412
SPY260630C00708000,2026-05-22 14:10:14+00:00,708.0,44.67,41.91,45.36,3.5,8.501336,2.0,190.0,0.2329178271484375,True,REGULAR,USD,call,2026-06-30,35,745.6400146484375,0.9495198568894074,43.635,0.07906497078033696
SPY260630C00709000,2026-05-21 16:22:51+00:00,709.0,37.24,41.02,44.48,0.0,0.0,1.0,395.0,0.23102575622558597,True,REGULAR,USD,call,2026-06-30,35,745.6400146484375,0.9508609866307766,42.75,0.08093567251461974
SPY260630C00710000,2026-05-22 20:02:31+00:00,710.0,41.3,40.13,43.59,1.3499985,3.3792202,4.0,2501.0,0.2289810989379883,True,REGULAR,USD,call,2026-06-30,35,745.6400146484375,0.9522021163721458,41.86,0.0826564739608218
SPY260630C00711000,2026-05-21 13:41:08+00:00,711.0,35.15,39.25,42.72,0.0,0.0,1.0,660.0,0.22715006256103515,True,REGULAR,USD,call,2026-06-30,35,745.6400146484375,0.953543246113515,40.985,0.08466512138587286
SPY260630C00712000,2026-05-22 13:41:10+00:00,712.0,41.43,38.38,41.84,4.200001,11.281227,10.0,105.0,0.22516643981933593,True,REGULAR,USD,call,2026-06-30,35,745.6400146484375,0.9548843758548843,40.11,0.08626277736225382
SPY260630C00713000,2026-05-22 17:38:22+00:00,713.0,41.0,37.77,40.59,4.130001,11.201522,75.0,586.0,0.21823901885986324,True,REGULAR,USD,call,2026-06-30,35,745.6400146484375,0.9562255055962535,39.18000000000001,0.07197549770290965
SPY260630C00714000,2026-05-22 14:28:34+00:00,714.0,37.82,36.65,40.11,2.4899979,7.047828,20.0,141.0,0.22144333251953124,True,REGULAR,USD,call,2026-06-30,35,745.6400146484375,0.9575666353376227,38.379999999999995,0.09015112037519545
SPY260630C00715000,2026-05-22 19:52:57+00:00,715.0,35.8,35.79,39.25,1.2299995,3.5579967,20.0,6904.0,0.21958177886962887,True,REGULAR,USD,call,2026-06-30,35,745.6400146484375,0.9589077650789919,37.519999999999996,0.09221748400852882
SPY260630C00716000,2026-05-22 14:28:33+00:00,716.0,36.06,34.93,38.02,7.9900017,28.46456,16.0,466.0,0.21292901336669923,True,REGULAR,USD,call,2026-06-30,35,745.6400146484375,0.9602488948203611,36.475,0.08471555860178213
SPY260630C00717000,2026-05-22 14:47:44+00:00,717.0,35.71,34.08,37.54,2.6800003,8.113837,6.0,936.0,0.2158586715698242,True,REGULAR,USD,call,2026-06-30,35,745.6400146484375,0.9615900245617304,35.81,0.09662105557106955
SPY260630C00718000,2026-05-22 14:28:33+00:00,718.0,34.4,33.23,36.69,4.880001,16.53117,18.0,688.0,0.21396660064697265,True,REGULAR,USD,call,2026-06-30,35,745.6400146484375,0.9629311543030996,34.959999999999994,0.09897025171624718
SPY260630C00719000,2026-05-22 14:28:33+00:00,719.0,33.51,32.78,35.85,4.209999,14.368598,4.0,149.0,0.21216608154296873,True,REGULAR,USD,call,2026-06-30,35,745.6400146484375,0.9642722840444689,34.315,0.08946524843362962
SPY260630C00720000,2026-05-22 20:12:37+00:00,720.0,33.2,31.55,35.02,2.0,6.410256,840.0,1704.0,0.21044185562133788,True,REGULAR,USD,call,2026-06-30,35,745.6400146484375,0.965613413785838,33.285000000000004,0.10425116418807277
SPY260630C00721000,2026-05-22 18:13:50+00:00,721.0,33.27,31.18,34.19,5.1499996,18.314365,410.0,552.0,0.20865659515380852,True,REGULAR,USD,call,2026-06-30,35,745.6400146484375,0.9669545435272072,32.685,0.09209117332109523
SPY260630C00722000,2026-05-22 16:49:21+00:00,722.0,32.51,29.89,33.36,4.049999,14.230497,1.0,191.0,0.20682555877685543,True,REGULAR,USD,call,2026-06-30,35,745.6400146484375,0.9682956732685765,31.625,0.10972332015810272
SPY260630C00723000,2026-05-22 13:37:19+00:00,723.0,32.03,29.08,32.54,3.4699993,12.1498575,10.0,556.0,0.20505555694580074,True,REGULAR,USD,call,2026-06-30,35,745.6400146484375,0.9696368030099457,30.81,0.11230120090879588
SPY260630C00724000,2026-05-22 15:30:00+00:00,724.0,30.62,28.26,31.73,8.67,39.49886,12.0,157.0,0.2033465896606445,True,REGULAR,USD,call,2026-06-30,35,745.6400146484375,0.9709779327513149,29.995,0.11568594765794295
SPY260630C00725000,2026-05-22 17:42:41+00:00,725.0,30.97,27.46,29.87,3.369999,12.210141,19.0,2541.0,0.18912554046630858,True,REGULAR,USD,call,2026-06-30,35,745.6400146484375,0.9723190624926841,28.665,0.08407465550322694
SPY260630C00726000,2026-05-22 17:30:00+00:00,726.0,30.64,26.66,30.13,6.84,28.739496,14.0,202.0,0.19998968963623048,True,REGULAR,USD,call,2026-06-30,35,745.6400146484375,0.9736601922340533,28.395,0.12220461348829015
SPY260630C00727000,2026-05-22 16:31:40+00:00,727.0,28.68,25.9,29.34,4.380001,18.024696,3.0,355.0,0.19831123962402342,True,REGULAR,USD,call,2026-06-30,35,745.6400146484375,0.9750013219754226,27.619999999999997,0.1245474293989863
SPY260630C00728000,2026-05-22 19:09:39+00:00,728.0,27.03,25.08,28.56,2.42,9.833402,1.0,281.0,0.19670908279418942,True,REGULAR,USD,call,2026-06-30,35,745.6400146484375,0.9763424517167918,26.82,0.12975391498881433
SPY260630C00729000,2026-05-22 19:45:04+00:00,729.0,25.76,24.3,27.78,4.120001,19.038822,10.0,143.0,0.19504589141845702,True,REGULAR,USD,call,2026-06-30,35,745.6400146484375,0.977683581458161,26.04,0.13364055299539174
SPY260630C00730000,2026-05-22 19:58:00+00:00,730.0,25.23,23.53,27.01,1.8299999,7.8205123,48.0,1839.0,0.19339795867919923,True,REGULAR,USD,call,2026-06-30,35,745.6400146484375,0.9790247111995302,25.270000000000003,0.13771270280965572
SPY260630C00731000,2026-05-22 16:05:01+00:00,731.0,25.79,22.77,26.25,5.1600018,25.012127,2.0,171.0,0.19181106048583985,True,REGULAR,USD,call,2026-06-30,35,745.6400146484375,0.9803658409408994,24.509999999999998,0.14198286413708694
SPY260630C00732000,2026-05-22 16:05:01+00:00,732.0,24.74,22.1,25.5,1.6299992,7.0532193,6.0,171.0,0.1902699382019043,True,REGULAR,USD,call,2026-06-30,35,745.6400146484375,0.9817069706822686,23.8,0.1428571428571428
SPY260630C00733000,2026-05-22 15:19:50+00:00,733.0,24.0,21.37,23.81,2.2999992,10.599074,3.0,322.0,0.1782003567504883,True,REGULAR,USD,call,2026-06-30,35,745.6400146484375,0.9830481004236379,22.59,0.1080123948649844
SPY260630C00734000,2026-05-22 20:10:37+00:00,734.0,22.13,21.19,23.01,1.5299988,7.4271784,59.0,373.0,0.17601837173461915,True,REGULAR,USD,call,2026-06-30,35,745.6400146484375,0.9843892301650071,22.1,0.0823529411764706
SPY260630C00735000,2026-05-22 18:50:54+00:00,735.0,22.18,20.56,22.51,2.2399998,11.2337,121.0,3096.0,0.17707121765136719,True,REGULAR,USD,call,2026-06-30,35,745.6400146484375,0.9857303599063764,21.535,0.09055026700719772
SPY260630C00736000,2026-05-22 18:39:26+00:00,736.0,21.65,19.8,21.8,2.1499996,11.025639,37.0,278.0,0.17569794036865233,True,REGULAR,USD,call,2026-06-30,35,745.6400146484375,0.9870714896477455,20.8,0.09615384615384615
SPY260630C00737000,2026-05-22 18:15:01+00:00,737.0,20.84,18.61,21.88,2.7199993,15.011033,29.0,403.0,0.18282372360229487,True,REGULAR,USD,call,2026-06-30,35,745.6400146484375,0.9884126193891147,20.244999999999997,0.16152136329958014
SPY260630C00738000,2026-05-22 19:36:55+00:00,738.0,19.53,17.73,21.19,1.7600002,9.904334,18.0,321.0,0.18145044631958007,True,REGULAR,USD,call,2026-06-30,35,745.6400146484375,0.989753749130484,19.46,0.17780061664953756
SPY260630C00739000,2026-05-22 14:13:31+00:00,739.0,18.68,16.99,18.98,2.6200008,16.31383,5.0,1216.0,0.1636588761901856,True,REGULAR,USD,call,2026-06-30,35,745.6400146484375,0.9910948788718532,17.985,0.11064776202390893
SPY260630C00740000,2026-05-22 19:56:25+00:00,740.0,17.96,17.95,18.18,1.4299984,8.650928,563.0,2893.0,0.1610038734436035,True,REGULAR,USD,call,2026-06-30,35,745.6400146484375,0.9924360086132225,18.064999999999998,0.012731801826736808
SPY260630C00741000,2026-05-22 17:57:28+00:00,741.0,18.38,16.0,18.88,2.7999992,17.971754,103.0,409.0,0.17427888717651369,True,REGULAR,USD,call,2026-06-30,35,745.6400146484375,0.9937771383545916,17.439999999999998,0.16513761467889904
SPY260630C00742000,2026-05-22 19:01:17+00:00,742.0,17.4,15.0,17.02,2.12,13.874345,38.0,587.0,0.16011887252807616,True,REGULAR,USD,call,2026-06-30,35,745.6400146484375,0.9951182680959608,16.009999999999998,0.12617114303560273
SPY260630C00743000,2026-05-22 19:11:02+00:00,743.0,16.4,14.76,16.5,1.7699995,12.098424,20.0,390.0,0.1601493898010254,True,REGULAR,USD,call,2026-06-30,35,745.6400146484375,0.9964593978373301,15.629999999999999,0.11132437619961615
SPY260630C00744000,2026-05-22 19:53:50+00:00,744.0,15.13,15.45,15.5,1.0900002,7.763534,22.0,547.0,0.15499197067260745,True,REGULAR,USD,call,2026-06-30,35,745.6400146484375,0.9978005275786993,15.475,0.0032310177705977845
SPY260630C00745000,2026-05-22 20:14:39+00:00,745.0,14.9,14.84,14.89,1.3499994,9.963095,615.0,2202.0,0.15384757293701173,True,REGULAR,USD,call,2026-06-30,35,745.6400146484375,0.9991416573200685,14.865,0.0033636057854019986
SPY260630C00746000,2026-05-22 20:01:38+00:00,746.0,14.0,14.24,14.29,1.4799995,11.821082,152.0,196.0,0.15271843383789066,False,REGULAR,USD,call,2026-06-30,35,745.6400146484375,1.0004827870614377,14.265,0.0035050823694356067
SPY260630C00747000,2026-05-22 19:34:35+00:00,747.0,13.7,13.66,13.71,1.3599997,11.021067,164.0,161.0,0.1516655879211426,False,REGULAR,USD,call,2026-06-30,35,745.6400146484375,1.001823916802807,13.685,0.0036536353671904062
SPY260630C00748000,2026-05-22 20:09:48+00:00,748.0,13.05,13.08,13.14,1.1500006,9.663871,200.0,450.0,0.15061274200439456,False,REGULAR,USD,call,2026-06-30,35,745.6400146484375,1.0031650465441762,13.11,0.00457665903890164
SPY260630C00749000,2026-05-22 19:55:35+00:00,749.0,12.45,12.53,12.58,0.85999966,7.4201865,343.0,562.0,0.14954463745117189,False,REGULAR,USD,call,2026-06-30,35,745.6400146484375,1.0045061762855454,12.555,0.0039824771007567275
SPY260630C00750000,2026-05-22 20:09:49+00:00,750.0,11.97,11.98,12.03,1.4700003,14.000003,806.0,4411.0,0.148446015625,False,REGULAR,USD,call,2026-06-30,35,745.6400146484375,1.0058473060269146,12.004999999999999,0.004164931278633814
SPY260630C00751000,2026-05-22 19:59:40+00:00,751.0,11.48,11.45,11.5,0.8999996,8.506613,10.0,495.0,0.1474542042541504,False,REGULAR,USD,call,2026-06-30,35,745.6400146484375,1.0071884357682839,11.475,0.004357298474945596
SPY260630C00752000,2026-05-22 18:36:11+00:00,752.0,11.55,10.94,10.99,1.8500004,19.072168,393.0,475.0,0.14653868606567383,False,REGULAR,USD,call,2026-06-30,35,745.6400146484375,1.0085295655096531,10.965,0.004559963520291903
SPY260630C00753000,2026-05-22 19:25:34+00:00,753.0,10.63,10.44,10.48,1.3199997,14.178298,127.0,221.0,0.1455010987854004,False,REGULAR,USD,call,2026-06-30,35,745.6400146484375,1.0098706952510224,10.46,0.0038240917782027648
SPY260630C00754000,2026-05-22 15:31:00+00:00,754.0,11.0,9.95,10.0,2.4399996,28.504667,105.0,214.0,0.1446466151428223,False,REGULAR,USD,call,2026-06-30,35,745.6400146484375,1.0112118249923914,9.975,0.005012531328320874
SPY260630C00755000,2026-05-22 19:59:58+00:00,755.0,9.46,9.48,9.52,1.25,15.225334,359.0,2128.0,0.14367006240844726,False,REGULAR,USD,call,2026-06-30,35,745.6400146484375,1.0125529547337606,9.5,0.004210526315789384
SPY260630C00756000,2026-05-22 19:35:28+00:00,756.0,9.1,9.02,9.07,1.1000004,13.750005,379.0,158.0,0.1428918719482422,False,REGULAR,USD,call,2026-06-30,35,745.6400146484375,1.0138940844751299,9.045,0.005527915975677249
SPY260630C00757000,2026-05-22 20:10:37+00:00,757.0,8.56,8.57,8.62,2.1400003,33.333336,281.0,30.0,0.14196109512329103,False,REGULAR,USD,call,2026-06-30,35,745.6400146484375,1.015235214216499,8.594999999999999,0.005817335660267474
SPY260630C00758000,2026-05-22 19:49:29+00:00,758.0,8.0,8.15,8.19,0.8000002,11.1111145,272.0,373.0,0.14112187011718752,False,REGULAR,USD,call,2026-06-30,35,745.6400146484375,1.0165763439578683,8.17,0.004895960832313237
SPY260630C00759000,2026-05-22 19:02:57+00:00,759.0,7.98,7.73,7.78,1.3000002,19.461082,388.0,308.0,0.14037419692993164,False,REGULAR,USD,call,2026-06-30,35,745.6400146484375,1.0179174736992376,7.755000000000001,0.0064474532559638704
SPY260630C00760000,2026-05-22 20:14:23+00:00,760.0,7.37,7.33,7.38,0.80999994,12.34756,376.0,3647.0,0.13959600646972659,False,REGULAR,USD,call,2026-06-30,35,745.6400146484375,1.0192586034406068,7.355,0.006798096532970744
SPY260630C00761000,2026-05-22 16:36:11+00:00,761.0,7.5,6.95,6.99,1.54,25.838926,59.0,179.0,0.1387872987365723,False,REGULAR,USD,call,2026-06-30,35,745.6400146484375,1.020599733181976,6.970000000000001,0.0057388809182209516
SPY260630C00762000,2026-05-22 19:18:08+00:00,762.0,6.75,6.58,6.62,0.9899998,17.187496,8.0,135.0,0.13807014282226562,False,REGULAR,USD,call,2026-06-30,35,745.6400146484375,1.0219408629233453,6.6,0.006060606060606067
SPY260630C00763000,2026-05-22 17:39:24+00:00,763.0,7.16,6.23,6.27,1.8199997,34.08239,14.0,730.0,0.13744453872680668,False,REGULAR,USD,call,2026-06-30,35,745.6400146484375,1.0232819926647145,6.25,0.006399999999999863
SPY260630C00764000,2026-05-22 16:32:52+00:00,764.0,6.53,5.88,5.93,1.5,29.821072,16.0,141.0,0.13678841735839847,False,REGULAR,USD,call,2026-06-30,35,745.6400146484375,1.0246231224060838,5.904999999999999,0.008467400508044001
SPY260630C00765000,2026-05-22 19:58:41+00:00,765.0,5.69,5.56,5.6,0.9299998,19.537811,580.0,1133.0,0.13611703735351563,False,REGULAR,USD,call,2026-06-30,35,745.6400146484375,1.0259642521474528,5.58,0.007168458781362013
SPY260630C00766000,2026-05-22 19:48:06+00:00,766.0,5.18,5.25,5.29,0.7399998,16.66666,254.0,52.0,0.13556772644042972,False,REGULAR,USD,call,2026-06-30,35,745.6400146484375,1.027305381888822,5.27,0.007590132827324485
SPY260630C00767000,2026-05-22 17:09:58+00:00,767.0,5.55,4.95,4.99,1.2000003,27.586212,28.0,54.0,0.13495738098144533,False,REGULAR,USD,call,2026-06-30,35,745.6400146484375,1.0286465116301913,4.970000000000001,0.00804828973843059
SPY260630C00768000,2026-05-22 19:58:38+00:00,768.0,4.76,4.66,4.7,0.72000027,17.821789,18.0,104.0,0.13436229415893558,False,REGULAR,USD,call,2026-06-30,35,745.6400146484375,1.0299876413715605,4.68,0.008547008547008555
SPY260630C00769000,2026-05-22 19:48:06+00:00,769.0,4.33,4.39,4.43,0.63999987,17.34417,16.0,273.0,0.13385875915527345,False,REGULAR,USD,call,2026-06-30,35,745.6400146484375,1.0313287711129298,4.41,0.009070294784580506
SPY260630C00770000,2026-05-22 20:04:43+00:00,770.0,4.08,4.13,4.17,0.5799999,16.571426,655.0,2426.0,0.13337048278808594,False,REGULAR,USD,call,2026-06-30,35,745.6400146484375,1.032669900854299,4.15,0.009638554216867478
SPY260630C00771000,2026-05-22 17:19:59+00:00,771.0,4.23,3.88,3.92,0.8499999,25.147926,2.0,69.0,0.1328516891479492,False,REGULAR,USD,call,2026-06-30,35,745.6400146484375,1.0340110305956682,3.9,0.010256410256410265
SPY260630C00772000,2026-05-22 19:06:18+00:00,772.0,3.82,3.64,3.68,0.64999986,20.504726,22.0,157.0,0.13233289550781252,False,REGULAR,USD,call,2026-06-30,35,745.6400146484375,1.0353521603370375,3.66,0.010928961748633888
SPY260630C00773000,2026-05-22 17:21:47+00:00,773.0,3.81,3.42,3.46,0.98,34.628975,13.0,159.0,0.13196668823242189,False,REGULAR,USD,call,2026-06-30,35,745.6400146484375,1.0366932900784067,3.44,0.011627906976744196
SPY260630C00774000,2026-05-22 17:00:13+00:00,774.0,3.57,3.21,3.24,0.97,37.307693,4.0,45.0,0.13141737731933595,False,REGULAR,USD,call,2026-06-30,35,745.6400146484375,1.038034419819776,3.225,0.009302325581395425
SPY260630C00775000,2026-05-22 20:03:45+00:00,775.0,2.99,3.01,3.04,0.70000005,30.567688,203.0,2573.0,0.1310511700439453,False,REGULAR,USD,call,2026-06-30,35,745.6400146484375,1.0393755495611452,3.025,0.009917355371900909
SPY260630C00776000,2026-05-22 17:01:36+00:00,776.0,3.23,2.81,2.85,0.8900001,38.034195,4.0,1335.0,0.13068496276855468,False,REGULAR,USD,call,2026-06-30,35,745.6400146484375,1.0407166793025142,2.83,0.01413427561837457
SPY260630C00777000,2026-05-22 18:33:25+00:00,777.0,2.95,2.63,2.67,0.53,21.900826,12.0,132.0,0.13034927276611324,False,REGULAR,USD,call,2026-06-30,35,745.6400146484375,1.0420578090438835,2.65,0.015094339622641523
SPY260630C00778000,2026-05-22 19:03:29+00:00,778.0,2.61,2.46,2.5,0.56999993,27.941174,30.0,271.0,0.1300441000366211,False,REGULAR,USD,call,2026-06-30,35,745.6400146484375,1.0433989387852527,2.48,0.01612903225806453
SPY260630C00779000,2026-05-22 16:16:19+00:00,779.0,2.62,2.3,2.33,0.77999985,42.391293,5.0,326.0,0.1295863409423828,False,REGULAR,USD,call,2026-06-30,35,745.6400146484375,1.044740068526622,2.315,0.012958963282937472
SPY260630C00780000,2026-05-22 20:14:23+00:00,780.0,2.14,2.15,2.18,0.42000008,24.41861,263.0,2989.0,0.12931168548583982,False,REGULAR,USD,call,2026-06-30,35,745.6400146484375,1.0460811982679912,2.165,0.01385681293302552
SPY260630C00781000,2026-05-22 17:01:36+00:00,781.0,2.34,2.0,2.03,0.80999994,52.941174,19.0,312.0,0.1289149609375,False,REGULAR,USD,call,2026-06-30,35,745.6400146484375,1.0474223280093604,2.0149999999999997,0.014888337468982535
SPY260630C00782000,2026-05-22 18:58:40+00:00,782.0,2.07,1.87,1.9,0.40999997,24.698793,72.0,203.0,0.1287318572998047,False,REGULAR,USD,call,2026-06-30,35,745.6400146484375,1.0487634577507297,1.885,0.01591511936339512
SPY260630C00783000,2026-05-22 19:08:58+00:00,783.0,1.85,1.74,1.77,0.52,39.09774,182.0,49.0,0.12842668457031248,False,REGULAR,USD,call,2026-06-30,35,745.6400146484375,1.050104587492099,1.755,0.01709401709401711
SPY260630C00784000,2026-05-22 19:46:25+00:00,784.0,1.61,1.62,1.65,0.37,29.83871,35.0,83.0,0.12821306365966795,False,REGULAR,USD,call,2026-06-30,35,745.6400146484375,1.0514457172334681,1.635,0.01834862385321089
SPY260630C00785000,2026-05-22 20:03:43+00:00,785.0,1.5,1.51,1.54,0.26999998,21.951218,173.0,1799.0,0.12806047729492187,False,REGULAR,USD,call,2026-06-30,35,745.6400146484375,1.0527868469748374,1.525,0.019672131147541003
SPY260630C00786000,2026-05-22 19:49:55+00:00,786.0,1.41,1.4,1.43,0.25,21.551725,31.0,246.0,0.1277553045654297,False,REGULAR,USD,call,2026-06-30,35,745.6400146484375,1.0541279767162064,1.415,0.021201413427561856
SPY260630C00787000,2026-05-22 17:58:02+00:00,787.0,1.57,1.3,1.33,0.37,30.833334,18.0,29.0,0.12751116638183596,False,REGULAR,USD,call,2026-06-30,35,745.6400146484375,1.0554691064575756,1.315,0.022813688212927778
SPY260630C00788000,2026-05-22 19:46:06+00:00,788.0,1.23,1.21,1.24,0.24000001,24.242424,30.0,462.0,0.1274501318359375,False,REGULAR,USD,call,2026-06-30,35,745.6400146484375,1.0568102361989449,1.225,0.024489795918367366
SPY260630C00789000,2026-05-22 13:46:49+00:00,789.0,1.48,1.13,1.15,0.58000004,64.44445,45.0,363.0,0.12720599365234375,False,REGULAR,USD,call,2026-06-30,35,745.6400146484375,1.0581513659403141,1.14,0.017543859649122823
SPY260630C00790000,2026-05-22 20:07:20+00:00,790.0,1.04,1.05,1.07,0.22999996,28.395058,128.0,2131.0,0.12708392456054687,False,REGULAR,USD,call,2026-06-30,35,745.6400146484375,1.0594924956816834,1.06,0.018867924528301903
SPY260630C00791000,2026-05-22 18:35:30+00:00,791.0,1.11,0.97,1.0,0.21000004,23.333338,43.0,104.0,0.1271449591064453,False,REGULAR,USD,call,2026-06-30,35,745.6400146484375,1.0608336254230526,0.985,0.0304568527918782
SPY260630C00792000,2026-05-22 19:27:39+00:00,792.0,0.95,0.9,0.93,0.19999999,26.666664,69.0,65.0,0.12702289001464845,False,REGULAR,USD,call,2026-06-30,35,745.6400146484375,1.0621747551644218,0.915,0.03278688524590167
SPY260630C00793000,2026-05-22 19:46:22+00:00,793.0,0.85,0.84,0.86,0.19,28.787878,99.0,74.0,0.12683978637695312,False,REGULAR,USD,call,2026-06-30,35,745.6400146484375,1.063515884905791,0.85,0.023529411764705903
SPY260630C00794000,2026-05-22 19:30:16+00:00,794.0,0.8,0.78,0.8,0.21000004,35.59323,89.0,578.0,0.12683978637695312,False,REGULAR,USD,call,2026-06-30,35,745.6400146484375,1.0648570146471603,0.79,0.025316455696202552
SPY260630C00795000,2026-05-22 19:29:10+00:00,795.0,0.75,0.72,0.75,0.18,31.578949,394.0,1677.0,0.12702289001464845,False,REGULAR,USD,call,2026-06-30,35,745.6400146484375,1.0661981443885296,0.735,0.04081632653061228
SPY260630C00800000,2026-05-22 20:00:11+00:00,800.0,0.52,0.5,0.52,0.109999985,26.829264,734.0,9453.0,0.12708392456054687,False,REGULAR,USD,call,2026-06-30,35,745.6400146484375,1.0729037930953755,0.51,0.03921568627450984
SPY260630C00805000,2026-05-22 20:14:53+00:00,805.0,0.36,0.35,0.37,0.07000002,24.13794,119.0,1497.0,0.12806047729492187,False,REGULAR,USD,call,2026-06-30,35,745.6400146484375,1.0796094418022217,0.36,0.05555555555555561
SPY260630C00810000,2026-05-22 17:28:12+00:00,810.0,0.32,0.25,0.27,0.11,52.380955,57.0,2460.0,0.1297694445800781,False,REGULAR,USD,call,2026-06-30,35,745.6400146484375,1.0863150905090677,0.26,0.07692307692307698
SPY260630C00815000,2026-05-22 16:15:51+00:00,815.0,0.23,0.19,0.2,0.120000005,109.09091,3.0,1958.0,0.131844619140625,False,REGULAR,USD,call,2026-06-30,35,745.6400146484375,1.093020739215914,0.195,0.05128205128205133
SPY260630C00820000,2026-05-22 19:01:23+00:00,820.0,0.16,0.14,0.16,0.049999997,45.454544,20.0,1523.0,0.13501841552734378,False,REGULAR,USD,call,2026-06-30,35,745.6400146484375,1.09972638792276,0.15000000000000002,0.13333333333333325
SPY260630C00825000,2026-05-22 19:53:14+00:00,825.0,0.13,0.11,0.13,0.029999994,29.999992,164.0,1762.0,0.13868048828125001,False,REGULAR,USD,call,2026-06-30,35,745.6400146484375,1.106432036629606,0.12,0.1666666666666667
SPY260630C00830000,2026-05-22 19:22:13+00:00,830.0,0.09,0.09,0.1,0.0,0.0,42.0,4276.0,0.14112187011718752,False,REGULAR,USD,call,2026-06-30,35,745.6400146484375,1.113137685336452,0.095,0.10526315789473693
SPY260630C00835000,2026-05-22 16:40:54+00:00,835.0,0.08,0.07,0.09,0.009999998,14.285712,6.0,2092.0,0.14600463378906248,False,REGULAR,USD,call,2026-06-30,35,745.6400146484375,1.1198433340432983,0.08,0.24999999999999986
SPY260630C00840000,2026-05-22 14:52:44+00:00,840.0,0.07,0.06,0.08,0.02,39.999996,17.0,1629.0,0.15088739746093754,False,REGULAR,USD,call,2026-06-30,35,745.6400146484375,1.1265489827501443,0.07,0.28571428571428575
SPY260630C00845000,2026-05-22 16:25:55+00:00,845.0,0.06,0.05,0.07,0.009999998,19.999996,2.0,1323.0,0.15479360839843753,False,REGULAR,USD,call,2026-06-30,35,745.6400146484375,1.1332546314569905,0.060000000000000005,0.33333333333333337
SPY260630C00850000,2026-05-22 16:51:48+00:00,850.0,0.05,0.05,0.06,0.010000002,25.000006,64.0,2955.0,0.15869981933593752,False,REGULAR,USD,call,2026-06-30,35,745.6400146484375,1.1399602801638364,0.055,0.18181818181818174
SPY260630C00855000,2026-05-22 19:57:21+00:00,855.0,0.05,0.04,0.05,0.020000001,66.66667,126.0,1095.0,0.16162947753906248,False,REGULAR,USD,call,2026-06-30,35,745.6400146484375,1.1466659288706826,0.045,0.22222222222222227
SPY260630C00860000,2026-05-22 19:34:56+00:00,860.0,0.04,0.04,0.05,0.01,33.333336,7.0,565.0,0.16797707031250003,False,REGULAR,USD,call,2026-06-30,35,745.6400146484375,1.1533715775775288,0.045,0.22222222222222227
SPY260630C00865000,2026-05-21 18:45:17+00:00,865.0,0.03,0.03,0.04,0.0,0.0,2.0,678.0,0.16993017578125003,False,REGULAR,USD,call,2026-06-30,35,745.6400146484375,1.1600772262843748,0.035,0.28571428571428575
SPY260630C00870000,2026-05-22 14:28:53+00:00,870.0,0.03,0.03,0.04,0.01,50.0,60.0,3809.0,0.1757894921875,False,REGULAR,USD,call,2026-06-30,35,745.6400146484375,1.166782874991221,0.035,0.28571428571428575
SPY260630C00875000,2026-05-22 16:44:35+00:00,875.0,0.03,0.03,0.04,0.0,0.0,7.0,1280.0,0.18164880859375,False,REGULAR,USD,call,2026-06-30,35,745.6400146484375,1.173488523698067,0.035,0.28571428571428575
SPY260630C00880000,2026-05-22 20:01:27+00:00,880.0,0.03,0.03,0.04,0.01,50.0,240.0,1105.0,0.187508125,False,REGULAR,USD,call,2026-06-30,35,745.6400146484375,1.1801941724049132,0.035,0.28571428571428575
SPY260630C00885000,2026-05-21 19:28:50+00:00,885.0,0.02,0.02,0.03,0.0,0.0,72.0,4482.0,0.187508125,False,REGULAR,USD,call,2026-06-30,35,745.6400146484375,1.1868998211117592,0.025,0.3999999999999999
SPY260630C00890000,2026-05-22 14:39:44+00:00,890.0,0.02,0.02,0.03,0.0,0.0,1.0,2960.0,0.19336744140625,False,REGULAR,USD,call,2026-06-30,35,745.6400146484375,1.1936054698186054,0.025,0.3999999999999999
SPY260630C00895000,2026-05-21 18:45:07+00:00,895.0,0.03,0.02,0.03,0.0,0.0,4.0,1503.0,0.1992267578125,False,REGULAR,USD,call,2026-06-30,35,745.6400146484375,1.2003111185254514,0.025,0.3999999999999999
SPY260630C00900000,2026-05-22 14:46:18+00:00,900.0,0.02,0.02,0.03,0.0,0.0,12.0,1993.0,0.20508607421874997,False,REGULAR,USD,call,2026-06-30,35,745.6400146484375,1.2070167672322976,0.025,0.3999999999999999
SPY260702C00600000,2026-05-22 14:36:22+00:00,600.0,147.83,146.33,149.53,0.0,0.0,5.0,,0.47748325256347657,True,REGULAR,USD,call,2026-07-02,37,745.6400146484375,0.8046778448215317,147.93,0.021631852903400178
SPY260702C00665000,2026-05-22 13:32:14+00:00,665.0,84.89,82.54,85.76,0.0,0.0,1.0,,0.3201361932373046,True,REGULAR,USD,call,2026-07-02,37,745.6400146484375,0.891851278010531,84.15,0.03826500297088531
SPY260702C00690000,2026-05-22 17:51:30+00:00,690.0,61.76,58.79,61.99,1.5699997,2.6084063,4.0,,0.2658459646606446,True,REGULAR,USD,call,2026-07-02,37,745.6400146484375,0.9253795215447614,60.39,0.05298890544792189
SPY260702C00695000,2026-05-22 14:54:39+00:00,695.0,56.18,54.16,57.41,0.0,0.0,1.0,,0.25644664459228517,True,REGULAR,USD,call,2026-07-02,37,745.6400146484375,0.9320851702516075,55.785,0.05825938872456754
SPY260702C00700000,2026-05-22 20:06:31+00:00,700.0,50.22,49.6,52.85,-1.7700005,-3.4045014,2.0,,0.24662008270263674,True,REGULAR,USD,call,2026-07-02,37,745.6400146484375,0.9387908189584536,51.225,0.0634455832113226
SPY260702C00703000,2026-05-22 19:41:47+00:00,703.0,48.14,46.9,50.16,0.0,0.0,1.0,,0.24106593902587892,True,REGULAR,USD,call,2026-07-02,37,745.6400146484375,0.9428142081825612,48.53,0.06717494333402015
SPY260702C00704000,2026-05-22 14:00:00+00:00,704.0,48.71,46.0,49.26,0.0,0.0,1.0,,0.23908231628417967,True,REGULAR,USD,call,2026-07-02,37,745.6400146484375,0.9441553379239305,47.629999999999995,0.06844425782070121
SPY260702C00720000,2026-05-22 17:08:26+00:00,720.0,35.2,32.21,35.51,0.0,0.0,1.0,,0.2108233215332031,True,REGULAR,USD,call,2026-07-02,37,745.6400146484375,0.965613413785838,33.86,0.09746012994683985
SPY260702C00722000,2026-05-22 19:05:57+00:00,722.0,32.68,30.57,33.88,-0.13999939,-0.4265673,3.0,,0.2075579733276367,True,REGULAR,USD,call,2026-07-02,37,745.6400146484375,0.9682956732685765,32.225,0.10271528316524445
SPY260702C00724000,2026-05-22 17:08:26+00:00,724.0,31.88,28.96,32.27,0.0,0.0,1.0,,0.20429262512207028,True,REGULAR,USD,call,2026-07-02,37,745.6400146484375,0.9709779327513149,30.615000000000002,0.10811693614241391
SPY260702C00726000,2026-05-21 16:22:53+00:00,726.0,24.32,27.37,30.69,0.0,0.0,,3.0,0.20114934600830076,True,REGULAR,USD,call,2026-07-02,37,745.6400146484375,0.9736601922340533,29.03,0.11436445056837755
SPY260702C00727000,2026-05-22 16:32:04+00:00,727.0,29.5,26.59,29.91,0.0,0.0,10.0,0.0,0.19959296508789062,True,REGULAR,USD,call,2026-07-02,37,745.6400146484375,0.9750013219754226,28.25,0.11752212389380531
SPY260702C00730000,2026-05-22 19:29:15+00:00,730.0,25.62,24.28,27.62,0.0,0.0,1.0,0.0,0.19509166732788086,True,REGULAR,USD,call,2026-07-02,37,745.6400146484375,0.9790247111995302,25.950000000000003,0.1287090558766859
SPY260702C00732000,2026-05-21 18:02:37+00:00,732.0,23.29,22.78,26.13,0.0,0.0,,1.0,0.1921772677612305,True,REGULAR,USD,call,2026-07-02,37,745.6400146484375,0.9817069706822686,24.455,0.13698630136986292
SPY260702C00733000,2026-05-22 13:30:13+00:00,733.0,23.66,22.04,25.4,3.8099995,19.193953,1.0,1.0,0.1907582145690918,True,REGULAR,USD,call,2026-07-02,37,745.6400146484375,0.9830481004236379,23.72,0.14165261382799324
SPY260702C00734000,2026-05-22 16:11:58+00:00,734.0,23.96,21.32,24.68,0.0,0.0,1.0,0.0,0.18938493728637695,True,REGULAR,USD,call,2026-07-02,37,745.6400146484375,0.9843892301650071,23.0,0.14608695652173911
SPY260702C00735000,2026-05-22 20:03:41+00:00,735.0,22.09,20.93,23.96,1.75,8.603737,40.0,25.0,0.18793536682128903,True,REGULAR,USD,call,2026-07-02,37,745.6400146484375,0.9857303599063764,22.445,0.13499665849855205
SPY260702C00736000,2026-05-21 16:30:39+00:00,736.0,17.54,19.89,23.26,0.0,0.0,,2.0,0.18662312408447268,True,REGULAR,USD,call,2026-07-02,37,745.6400146484375,0.9870714896477455,21.575000000000003,0.1561993047508691
SPY260702C00737000,2026-05-21 19:20:33+00:00,737.0,19.15,19.18,22.56,0.0,0.0,,3.0,0.18524984680175777,True,REGULAR,USD,call,2026-07-02,37,745.6400146484375,0.9884126193891147,20.869999999999997,0.16195495927168183
SPY260702C00738000,2026-05-22 14:33:47+00:00,738.0,20.35,18.49,21.88,2.0100002,10.959652,2.0,72.0,0.1839833799743652,True,REGULAR,USD,call,2026-07-02,37,745.6400146484375,0.989753749130484,20.185,0.1679464949219718
SPY260702C00739000,2026-05-21 19:03:33+00:00,739.0,17.37,17.81,21.2,0.0,0.0,,2.0,0.18264061996459957,True,REGULAR,USD,call,2026-07-02,37,745.6400146484375,0.9910948788718532,19.505,0.1738015893360677
SPY260702C00740000,2026-05-22 19:44:29+00:00,740.0,18.82,17.3,20.14,1.6900005,9.865736,23.0,8.0,0.1772543212890625,True,REGULAR,USD,call,2026-07-02,37,745.6400146484375,0.9924360086132225,18.72,0.1517094017094017
SPY260702C00741000,2026-05-22 17:40:14+00:00,741.0,19.64,16.48,19.89,2.9400005,17.604795,1.0,9.0,0.18022975540161135,True,REGULAR,USD,call,2026-07-02,37,745.6400146484375,0.9937771383545916,18.185000000000002,0.18751718449271376
SPY260702C00742000,2026-05-22 15:42:55+00:00,742.0,18.6,16.1,18.85,2.7299995,17.202265,1.0,21.0,0.17490449127197266,True,REGULAR,USD,call,2026-07-02,37,745.6400146484375,0.9951182680959608,17.475,0.1573676680972818
SPY260702C00743000,2026-05-22 16:03:34+00:00,743.0,18.02,15.31,18.62,2.5100002,16.18311,9.0,75.0,0.17789518402099608,True,REGULAR,USD,call,2026-07-02,37,745.6400146484375,0.9964593978373301,16.965,0.1951075744179193
SPY260702C00744000,2026-05-22 17:39:37+00:00,744.0,17.79,16.28,16.34,3.13,21.350613,102.0,87.0,0.15961533752441404,True,REGULAR,USD,call,2026-07-02,37,745.6400146484375,0.9978005275786993,16.310000000000002,0.003678724708767548
SPY260702C00745000,2026-05-22 19:54:05+00:00,745.0,15.43,15.67,15.73,1.1900005,8.356746,126.0,39.0,0.1585014570617676,True,REGULAR,USD,call,2026-07-02,37,745.6400146484375,0.9991416573200685,15.7,0.0038216560509554457
SPY260702C00746000,2026-05-22 19:37:32+00:00,746.0,15.19,15.07,15.13,1.6400003,12.103324,28.0,1.0,0.15738757659912112,False,REGULAR,USD,call,2026-07-02,37,745.6400146484375,1.0004827870614377,15.100000000000001,0.003973509933774867
SPY260702C00747000,2026-05-22 19:48:35+00:00,747.0,14.25,14.48,14.54,0.6700001,4.933727,122.0,42.0,0.1562584375,False,REGULAR,USD,call,2026-07-02,37,745.6400146484375,1.001823916802807,14.51,0.004135079255685646
SPY260702C00748000,2026-05-22 17:28:13+00:00,748.0,15.15,13.9,13.96,2.13,16.359447,60.0,7.0,0.1551292984008789,False,REGULAR,USD,call,2026-07-02,37,745.6400146484375,1.0031650465441762,13.93,0.004307250538406353
SPY260702C00749000,2026-05-22 19:59:50+00:00,749.0,13.19,13.34,13.4,0.48999977,3.858266,44.0,1.0,0.1541069697570801,False,REGULAR,USD,call,2026-07-02,37,745.6400146484375,1.0045061762855454,13.370000000000001,0.004487658937920755
SPY260702C00750000,2026-05-22 19:57:19+00:00,750.0,12.87,12.79,12.85,1.3400002,11.621858,40.0,43.0,0.15306938247680668,False,REGULAR,USD,call,2026-07-02,37,745.6400146484375,1.0058473060269146,12.82,0.004680187207488338
SPY260702C00751000,2026-05-22 18:43:57+00:00,751.0,13.01,12.26,12.31,1.8999996,17.101706,10.0,70.0,0.1520165365600586,False,REGULAR,USD,call,2026-07-02,37,745.6400146484375,1.0071884357682839,12.285,0.004070004070004128
SPY260702C00752000,2026-05-22 19:06:34+00:00,752.0,11.92,11.74,11.79,1.5500002,14.946964,5.0,75.0,0.15105524246215823,False,REGULAR,USD,call,2026-07-02,37,745.6400146484375,1.0085295655096531,11.765,0.004249893752656093
SPY260702C00753000,2026-05-22 20:11:12+00:00,753.0,11.21,11.23,11.28,1.3199997,13.346812,51.0,5.0,0.1500786897277832,False,REGULAR,USD,call,2026-07-02,37,745.6400146484375,1.0098706952510224,11.254999999999999,0.004442470013327315
SPY260702C00754000,2026-05-22 18:26:07+00:00,754.0,11.46,10.73,10.79,2.0,21.141647,8.0,10.0,0.14920894744873048,False,REGULAR,USD,call,2026-07-02,37,745.6400146484375,1.0112118249923914,10.76,0.005576208178438543
SPY260702C00755000,2026-05-22 20:12:52+00:00,755.0,10.23,10.25,10.31,-0.10000038,-0.96805793,36.0,,0.1482934292602539,False,REGULAR,USD,call,2026-07-02,37,745.6400146484375,1.0125529547337606,10.280000000000001,0.005836575875486429
SPY260702C00756000,2026-05-22 20:12:52+00:00,756.0,9.78,9.78,9.84,-0.27000046,-2.6865716,6.0,,0.14737791107177733,False,REGULAR,USD,call,2026-07-02,37,745.6400146484375,1.0138940844751299,9.809999999999999,0.006116207951070388
SPY260702C00757000,2026-05-22 19:21:43+00:00,757.0,9.47,9.33,9.38,-0.10000038,-1.0449361,14.0,,0.14644713424682615,False,REGULAR,USD,call,2026-07-02,37,745.6400146484375,1.015235214216499,9.355,0.005344735435596014
SPY260702C00758000,2026-05-22 19:21:43+00:00,758.0,9.03,8.89,8.94,-0.5699997,-5.937497,13.0,,0.14560790924072264,False,REGULAR,USD,call,2026-07-02,37,745.6400146484375,1.0165763439578683,8.915,0.005608524957935943
SPY260702C00759000,2026-05-22 16:47:19+00:00,759.0,9.14,8.46,8.52,0.40999985,4.696447,10.0,,0.1448449774169922,False,REGULAR,USD,call,2026-07-02,37,745.6400146484375,1.0179174736992376,8.49,0.007067137809187128
SPY260702C00760000,2026-05-22 20:06:31+00:00,760.0,8.01,8.05,8.1,-0.89000034,-10.000003,106.0,,0.1439599765014648,False,REGULAR,USD,call,2026-07-02,37,745.6400146484375,1.0192586034406068,8.075,0.006191950464396153
SPY260702C00761000,2026-05-22 19:08:34+00:00,761.0,7.87,7.65,7.71,-0.4499998,-5.408652,15.0,,0.14328859649658204,False,REGULAR,USD,call,2026-07-02,37,745.6400146484375,1.020599733181976,7.68,0.00781249999999995
SPY260702C00762000,2026-05-22 14:08:34+00:00,762.0,7.53,7.27,7.32,-0.40999985,-5.163726,6.0,,0.14246463012695312,False,REGULAR,USD,call,2026-07-02,37,745.6400146484375,1.0219408629233453,7.295,0.006854009595613531
SPY260702C00763000,2026-05-22 19:14:20+00:00,763.0,7.08,6.9,6.95,-0.11000013,-1.5299045,3.0,,0.1417627328491211,False,REGULAR,USD,call,2026-07-02,37,745.6400146484375,1.0232819926647145,6.925000000000001,0.007220216606498168
SPY260702C00765000,2026-05-22 20:01:20+00:00,765.0,6.14,6.2,6.25,-0.3499999,-5.392911,13.0,,0.14037419692993164,False,REGULAR,USD,call,2026-07-02,37,745.6400146484375,1.0259642521474528,6.225,0.008032128514056196
SPY260702C00766000,2026-05-22 15:46:21+00:00,766.0,6.6,5.87,5.92,0.75999975,13.013694,3.0,,0.13971807556152344,False,REGULAR,USD,call,2026-07-02,37,745.6400146484375,1.027305381888822,5.895,0.008481764206955017
SPY260702C00767000,2026-05-22 17:28:16+00:00,767.0,6.46,5.56,5.6,0.73,12.739965,30.0,,0.13904669555664065,False,REGULAR,USD,call,2026-07-02,37,745.6400146484375,1.0286465116301913,5.58,0.007168458781362013
SPY260702C00768000,2026-05-22 17:19:57+00:00,768.0,5.79,5.25,5.3,-0.30999994,-5.0819664,6.0,,0.1384973846435547,False,REGULAR,USD,call,2026-07-02,37,745.6400146484375,1.0299876413715605,5.275,0.009478672985781957
SPY260702C00769000,2026-05-22 19:59:26+00:00,769.0,5.13,4.96,5.01,-0.30999994,-5.6985283,7.0,,0.13791755645751952,False,REGULAR,USD,call,2026-07-02,37,745.6400146484375,1.0313287711129298,4.984999999999999,0.010030090270812402
SPY260702C00770000,2026-05-22 19:03:43+00:00,770.0,4.89,4.69,4.73,-0.38999987,-7.3863616,7.0,,0.1373377282714844,False,REGULAR,USD,call,2026-07-02,37,745.6400146484375,1.032669900854299,4.710000000000001,0.008492569002123149
SPY260702C00771000,2026-05-22 13:38:17+00:00,771.0,5.17,4.42,4.47,0.0,0.0,1.0,,0.1368799691772461,False,REGULAR,USD,call,2026-07-02,37,745.6400146484375,1.0340110305956682,4.445,0.01124859392575924
SPY260702C00772000,2026-05-22 19:32:17+00:00,772.0,4.22,4.17,4.21,-0.46000004,-9.829061,12.0,,0.13626962371826173,False,REGULAR,USD,call,2026-07-02,37,745.6400146484375,1.0353521603370375,4.1899999999999995,0.00954653937947495
SPY260702C00773000,2026-05-22 15:57:29+00:00,773.0,4.47,3.93,3.97,0.03000021,0.67568046,2.0,,0.13581186462402345,False,REGULAR,USD,call,2026-07-02,37,745.6400146484375,1.0366932900784067,3.95,0.010126582278481022
SPY260702C00774000,2026-05-22 17:28:16+00:00,774.0,4.41,3.7,3.74,0.36000013,8.888893,7.0,,0.13535410552978522,False,REGULAR,USD,call,2026-07-02,37,745.6400146484375,1.038034419819776,3.72,0.01075268817204302
SPY260702C00775000,2026-05-22 19:15:30+00:00,775.0,3.64,3.48,3.52,-0.43000007,-10.565112,79.0,,0.1348963464355469,False,REGULAR,USD,call,2026-07-02,37,745.6400146484375,1.0393755495611452,3.5,0.011428571428571439
SPY260702C00776000,2026-05-22 15:04:37+00:00,776.0,3.55,3.27,3.31,-0.30999994,-8.031087,4.0,,0.13446910461425782,False,REGULAR,USD,call,2026-07-02,37,745.6400146484375,1.0407166793025142,3.29,0.012158054711246211
SPY260702C00777000,2026-05-22 19:15:02+00:00,777.0,3.22,3.07,3.11,-0.53999996,-14.3617,6.0,,0.13404186279296876,False,REGULAR,USD,call,2026-07-02,37,745.6400146484375,1.0420578090438835,3.09,0.01294498381877024
SPY260702C00778000,2026-05-22 16:15:51+00:00,778.0,3.28,2.88,2.92,-0.07999992,-2.3809502,88.0,,0.1336146209716797,False,REGULAR,USD,call,2026-07-02,37,745.6400146484375,1.0433989387852527,2.9,0.013793103448275874
SPY260702C00779000,2026-05-22 19:39:15+00:00,779.0,2.81,2.7,2.75,-0.21000004,-6.953644,3.0,,0.13340100006103517,False,REGULAR,USD,call,2026-07-02,37,745.6400146484375,1.044740068526622,2.725,0.018348623853210944
SPY260702C00780000,2026-05-22 19:39:15+00:00,780.0,2.63,2.53,2.58,-0.19000006,-6.737591,562.0,,0.1330347927856445,False,REGULAR,USD,call,2026-07-02,37,745.6400146484375,1.0460811982679912,2.5549999999999997,0.01956947162426625
SPY260702C00785000,2026-05-22 20:10:43+00:00,785.0,1.84,1.82,1.85,-0.34000003,-15.596332,165.0,,0.13132582550048827,False,REGULAR,USD,call,2026-07-02,37,745.6400146484375,1.0527868469748374,1.835,0.01634877384196187
SPY260702C00790000,2026-05-22 20:10:43+00:00,790.0,1.29,1.28,1.32,-0.26999998,-17.307692,45.0,,0.13037979003906247,False,REGULAR,USD,call,2026-07-02,37,745.6400146484375,1.0594924956816834,1.3,0.030769230769230795
SPY260702C00795000,2026-05-22 20:08:19+00:00,795.0,0.9,0.9,0.93,-0.07999998,-8.163263,10.0,,0.12964737548828126,False,REGULAR,USD,call,2026-07-02,37,745.6400146484375,1.0661981443885296,0.915,0.03278688524590167
SPY260702C00800000,2026-05-22 20:13:42+00:00,800.0,0.65,0.63,0.66,-0.15999997,-19.753084,109.0,,0.12970841003417968,False,REGULAR,USD,call,2026-07-02,37,745.6400146484375,1.0729037930953755,0.645,0.046511627906976785
SPY260702C00805000,2026-05-22 20:12:15+00:00,805.0,0.46,0.45,0.47,-0.119999975,-20.689651,28.0,,0.13013565185546871,False,REGULAR,USD,call,2026-07-02,37,745.6400146484375,1.0796094418022217,0.45999999999999996,0.04347826086956514
SPY260702C00810000,2026-05-22 20:12:31+00:00,810.0,0.34,0.32,0.34,-0.060000002,-15.000001,76.0,,0.13111220458984374,False,REGULAR,USD,call,2026-07-02,37,745.6400146484375,1.0863150905090677,0.33,0.060606060606060656
SPY260702C00815000,2026-05-22 20:12:23+00:00,815.0,0.25,0.24,0.26,-0.06999999,-21.874998,5.0,,0.13343151733398437,False,REGULAR,USD,call,2026-07-02,37,745.6400146484375,1.093020739215914,0.25,0.08000000000000007
SPY260702C00820000,2026-05-22 20:05:53+00:00,820.0,0.19,0.18,0.2,0.019999996,11.764703,128.0,,0.13575083007812502,False,REGULAR,USD,call,2026-07-02,37,745.6400146484375,1.09972638792276,0.19,0.10526315789473693
SPY260702C00825000,2026-05-22 15:19:38+00:00,825.0,0.17,0.14,0.16,0.0,0.0,1.0,,0.13868048828125001,False,REGULAR,USD,call,2026-07-02,37,745.6400146484375,1.106432036629606,0.15000000000000002,0.13333333333333325
SPY260702C00835000,2026-05-22 16:28:11+00:00,835.0,0.1,0.09,0.11,0.0,0.0,7.0,,0.14576049560546872,False,REGULAR,USD,call,2026-07-02,37,745.6400146484375,1.1198433340432983,0.1,0.20000000000000004
SPY260702C00840000,2026-05-22 15:12:37+00:00,840.0,0.09,0.07,0.09,0.0,0.0,10.0,,0.1489342919921875,False,REGULAR,USD,call,2026-07-02,37,745.6400146484375,1.1265489827501443,0.08,0.24999999999999986
SPY260702C00875000,2026-05-22 14:46:03+00:00,875.0,0.04,0.03,0.04,0.01,33.333336,7.0,,0.176766044921875,False,REGULAR,USD,call,2026-07-02,37,745.6400146484375,1.173488523698067,0.035,0.28571428571428575
SPY260702C00885000,2026-05-22 16:52:29+00:00,885.0,0.03,0.03,0.04,0.0,0.0,120.0,,0.188484677734375,False,REGULAR,USD,call,2026-07-02,37,745.6400146484375,1.1868998211117592,0.035,0.28571428571428575
SPY260717C00525000,2026-05-20 14:23:50+00:00,525.0,214.84,221.49,224.29,0.0,0.0,1.0,43.0,0.5316208947753907,True,REGULAR,USD,call,2026-07-17,52,745.6400146484375,0.7040931142188402,222.89,0.01256225043743543
SPY260717C00530000,2026-05-14 18:49:23+00:00,530.0,220.78,216.54,219.36,0.0,0.0,1.0,5.0,0.5222215747070311,True,REGULAR,USD,call,2026-07-17,52,745.6400146484375,0.7107987629256863,217.95,0.012938747419132928
SPY260717C00540000,2026-05-20 19:34:18+00:00,540.0,203.44,206.67,209.48,0.0,0.0,2564.0,2520.0,0.503361900024414,True,REGULAR,USD,call,2026-07-17,52,745.6400146484375,0.7242100603393785,208.075,0.013504745884897284
SPY260717C00545000,2026-05-22 19:41:32+00:00,545.0,202.75,201.73,204.54,4.529999,2.2853389,1.0,19.0,0.5434005621337892,True,REGULAR,USD,call,2026-07-17,52,745.6400146484375,0.7309157090462246,203.135,0.0138331651364856
SPY260717C00550000,2026-05-11 18:58:48+00:00,550.0,192.57,196.79,199.58,0.0,0.0,5.0,20.0,0.531803998413086,True,REGULAR,USD,call,2026-07-17,52,745.6400146484375,0.7376213577530707,198.185,0.014077755632363805
SPY260717C00555000,2026-04-28 19:16:12+00:00,555.0,161.71,191.86,194.66,0.0,0.0,1.0,3.0,0.5214281256103515,True,REGULAR,USD,call,2026-07-17,52,745.6400146484375,0.7443270064599168,193.26,0.014488254165372985
SPY260717C00560000,2026-05-11 18:54:13+00:00,560.0,183.19,186.93,189.74,0.0,0.0,2.0,19.0,0.5110522528076171,True,REGULAR,USD,call,2026-07-17,52,745.6400146484375,0.7510326551667629,188.335,0.014920221944938552
SPY260717C00565000,2026-05-22 13:51:05+00:00,565.0,184.36,182.0,184.79,-2.2200012,-1.1898388,3.0,67.0,0.4997608618164063,True,REGULAR,USD,call,2026-07-17,52,745.6400146484375,0.757738303873609,183.39499999999998,0.015213064696420253
SPY260717C00570000,2026-05-22 13:46:21+00:00,570.0,180.08,177.07,179.87,4.080002,2.3181827,1.0,105.0,0.4892629199218751,True,REGULAR,USD,call,2026-07-17,52,745.6400146484375,0.764443952580455,178.47,0.015688911301619382
SPY260717C00575000,2026-05-15 14:12:00+00:00,575.0,168.42,172.15,174.94,0.0,0.0,6.0,50.0,0.47852083984375,True,REGULAR,USD,call,2026-07-17,52,745.6400146484375,0.7711496012873011,173.54500000000002,0.016076521939554535
SPY260717C00580000,2026-05-11 13:34:58+00:00,580.0,161.9,167.22,170.02,0.0,0.0,1.0,10.0,0.46802289794921875,True,REGULAR,USD,call,2026-07-17,52,745.6400146484375,0.7778552499941473,168.62,0.01660538488909982
SPY260717C00585000,2026-04-22 19:07:40+00:00,585.0,132.09,162.31,165.13,0.0,0.0,2.0,12.0,0.45825737060546884,True,REGULAR,USD,call,2026-07-17,52,745.6400146484375,0.7845608987009934,163.72,0.017224529684827714
SPY260717C00590000,2026-05-19 13:48:28+00:00,590.0,149.26,157.4,160.21,0.0,0.0,3.0,494.0,0.44766787689208976,True,REGULAR,USD,call,2026-07-17,52,745.6400146484375,0.7912665474078395,158.805,0.01769465696923902
SPY260717C00595000,2026-05-22 14:22:02+00:00,595.0,153.27,152.49,155.29,7.150009,4.8932447,6.0,118.0,0.4370173486328125,True,REGULAR,USD,call,2026-07-17,52,745.6400146484375,0.7979721961146856,153.89,0.018194814477873696
SPY260717C00600000,2026-05-22 13:54:16+00:00,600.0,150.0,147.59,150.4,5.1900024,3.5840082,1.0,761.0,0.4270687176513672,True,REGULAR,USD,call,2026-07-17,52,745.6400146484375,0.8046778448215317,148.995,0.018859693278297944
SPY260717C00605000,2026-05-15 19:03:53+00:00,605.0,140.28,142.69,145.49,0.0,0.0,5.0,81.0,0.4165707757568359,True,REGULAR,USD,call,2026-07-17,52,745.6400146484375,0.8113834935283778,144.09,0.019432299257408643
SPY260717C00610000,2026-05-22 14:02:09+00:00,610.0,139.76,137.8,140.6,5.7299957,4.2751594,1.0,41.0,0.40643904113769536,True,REGULAR,USD,call,2026-07-17,52,745.6400146484375,0.8180891422352239,139.2,0.02011494252873551
SPY260717C00615000,2026-05-18 19:48:16+00:00,615.0,127.0,132.91,135.71,0.0,0.0,1.0,134.0,0.39624627197265627,True,REGULAR,USD,call,2026-07-17,52,745.6400146484375,0.82479479094207,134.31,0.020847293574566387
SPY260717C00620000,2026-05-21 19:06:39+00:00,620.0,125.45,128.03,130.84,0.0,0.0,1.0,160.0,0.38635867553710934,True,REGULAR,USD,call,2026-07-17,52,745.6400146484375,0.8315004396489161,129.435,0.021709738478773145
SPY260717C00625000,2026-05-22 14:00:30+00:00,625.0,125.51,123.17,125.97,0.15000153,0.11965661,1.0,108.0,0.37641004455566407,True,REGULAR,USD,call,2026-07-17,52,745.6400146484375,0.8382060883557622,124.57,0.022477321987637452
SPY260717C00630000,2026-05-20 18:02:51+00:00,630.0,114.53,118.3,121.11,0.0,0.0,3.0,230.0,0.3664919308471679,True,REGULAR,USD,call,2026-07-17,52,745.6400146484375,0.8449117370626082,119.705,0.023474374503988992
SPY260717C00635000,2026-05-22 13:52:58+00:00,635.0,116.0,113.46,116.26,5.5899963,5.0629435,1.0,125.0,0.35666536895751955,True,REGULAR,USD,call,2026-07-17,52,745.6400146484375,0.8516173857694543,114.86,0.02437750304718798
SPY260717C00640000,2026-05-22 14:41:02+00:00,640.0,110.29,108.62,111.43,7.25,7.036103,2.0,692.0,0.34705242797851554,True,REGULAR,USD,call,2026-07-17,52,745.6400146484375,0.8583230344763004,110.025,0.0255396500795274
SPY260717C00645000,2026-05-22 15:05:01+00:00,645.0,105.94,103.8,106.62,2.5200043,2.4366703,12.0,1317.0,0.337622590637207,True,REGULAR,USD,call,2026-07-17,52,745.6400146484375,0.8650286831831465,105.21000000000001,0.02680353578557178
SPY260717C00650000,2026-05-22 19:25:14+00:00,650.0,100.55,99.0,101.81,6.2400055,6.6164837,1005.0,1857.0,0.3279791323852539,True,REGULAR,USD,call,2026-07-17,52,745.6400146484375,0.8717343318899926,100.405,0.027986654051093095
SPY260717C00655000,2026-05-22 15:16:25+00:00,655.0,96.55,94.21,97.02,5.340004,5.8546257,2.0,1373.0,0.3184882604980468,True,REGULAR,USD,call,2026-07-17,52,745.6400146484375,0.8784399805968387,95.615,0.029388694242535193
SPY260717C00660000,2026-05-22 18:46:53+00:00,660.0,91.8,89.45,92.27,9.420006,11.434822,2751.0,2860.0,0.30942463043212887,True,REGULAR,USD,call,2026-07-17,52,745.6400146484375,0.8851456293036849,90.86,0.031036759850319097
SPY260717C00665000,2026-05-22 15:05:01+00:00,665.0,86.94,84.71,87.52,5.600006,6.88469,12.0,1215.0,0.30005582763671873,True,REGULAR,USD,call,2026-07-17,52,745.6400146484375,0.891851278010531,86.115,0.032630784416187684
SPY260717C00670000,2026-05-22 19:37:01+00:00,670.0,82.02,80.01,82.81,2.0399933,2.5506291,1245.0,2206.0,0.2910227148437499,True,REGULAR,USD,call,2026-07-17,52,745.6400146484375,0.8985569267173771,81.41,0.03439380911435938
SPY260717C00675000,2026-05-22 19:19:39+00:00,675.0,77.72,75.33,78.12,4.6100006,6.3055677,6.0,1508.0,0.28195908477783205,True,REGULAR,USD,call,2026-07-17,52,745.6400146484375,0.9052625754242232,76.725,0.036363636363636445
SPY260717C00680000,2026-05-22 14:42:57+00:00,680.0,72.42,70.69,73.48,4.040001,5.9081616,10.0,1940.0,0.2732006274414062,True,REGULAR,USD,call,2026-07-17,52,745.6400146484375,0.9119682241310693,72.08500000000001,0.038704307414857544
SPY260717C00685000,2026-05-22 15:35:01+00:00,685.0,69.0,66.09,68.88,7.8199997,12.781954,7.0,2639.0,0.2645947564697265,True,REGULAR,USD,call,2026-07-17,52,745.6400146484375,0.9186738728379154,67.485,0.04134252056012436
SPY260717C00690000,2026-05-22 19:56:07+00:00,690.0,62.73,61.54,64.35,1.8600006,3.0556936,61.0,2619.0,0.2563856100463867,True,REGULAR,USD,call,2026-07-17,52,745.6400146484375,0.9253795215447614,62.94499999999999,0.04464214790690278
SPY260717C00695000,2026-05-22 19:50:19+00:00,695.0,58.0,57.04,59.83,2.2999992,4.1292624,34.0,1750.0,0.24777973907470702,True,REGULAR,USD,call,2026-07-17,52,745.6400146484375,0.9320851702516075,58.435,0.04774535809018566
SPY260717C00700000,2026-05-22 19:43:54+00:00,700.0,54.37,52.62,55.42,2.8199997,5.4704165,436.0,4282.0,0.23990628265380853,True,REGULAR,USD,call,2026-07-17,52,745.6400146484375,0.9387908189584536,54.019999999999996,0.05183265457238068
SPY260717C00701000,2026-05-22 17:28:34+00:00,701.0,54.55,51.74,54.54,4.1399994,8.212655,1.0,5.0,0.23828886718749998,True,REGULAR,USD,call,2026-07-17,52,745.6400146484375,0.9401319486998229,53.14,0.052691004892736114
SPY260717C00702000,2026-05-22 19:59:06+00:00,702.0,52.34,50.86,53.64,5.4900017,11.718254,2.0,1.0,0.23639679626464843,True,REGULAR,USD,call,2026-07-17,52,745.6400146484375,0.9414730784411921,52.25,0.05320574162679428
SPY260717C00703000,2026-05-22 19:22:13+00:00,703.0,52.04,49.98,52.77,3.4300003,7.056162,1.0,1.0,0.23484041534423827,True,REGULAR,USD,call,2026-07-17,52,745.6400146484375,0.9428142081825612,51.375,0.05430656934306582
SPY260717C00704000,2026-05-18 19:10:33+00:00,704.0,43.98,49.11,51.9,0.0,0.0,,2.0,0.23323825851440427,True,REGULAR,USD,call,2026-07-17,52,745.6400146484375,0.9441553379239305,50.504999999999995,0.05524205524205523
SPY260717C00705000,2026-05-22 16:17:28+00:00,705.0,50.55,48.24,51.03,2.880001,6.041538,10.0,2042.0,0.2316055844116211,True,REGULAR,USD,call,2026-07-17,52,745.6400146484375,0.9454964676652997,49.635000000000005,0.056210335448776044
SPY260717C00707000,2026-05-22 17:28:16+00:00,707.0,49.86,46.53,49.31,5.790001,13.138191,1.0,1.0,0.22849282257080078,True,REGULAR,USD,call,2026-07-17,52,745.6400146484375,0.9481787271480382,47.92,0.05801335559265445
SPY260717C00708000,2026-05-22 17:17:39+00:00,708.0,48.35,45.67,48.45,0.0,0.0,1.0,0.0,0.22689066574096678,True,REGULAR,USD,call,2026-07-17,52,745.6400146484375,0.9495198568894074,47.06,0.05907352316192097
SPY260717C00709000,2026-05-22 17:53:43+00:00,709.0,47.43,44.82,47.6,5.989998,14.454627,1.0,1.0,0.22536480209350584,True,REGULAR,USD,call,2026-07-17,52,745.6400146484375,0.9508609866307766,46.21,0.0601601384981606
SPY260717C00710000,2026-05-22 19:56:07+00:00,710.0,45.17,45.05,46.75,2.1899986,5.0953903,255.0,5460.0,0.22380842117309568,True,REGULAR,USD,call,2026-07-17,52,745.6400146484375,0.9522021163721458,45.9,0.0370370370370371
SPY260717C00711000,2026-05-21 14:21:07+00:00,711.0,38.72,43.12,45.91,0.0,0.0,,1.0,0.22232833343505853,True,REGULAR,USD,call,2026-07-17,52,745.6400146484375,0.953543246113515,44.515,0.06267550263955968
SPY260717C00712000,2026-05-22 18:10:30+00:00,712.0,45.01,42.28,45.07,5.0999985,12.7787485,1.0,2.0,0.22080246978759765,True,REGULAR,USD,call,2026-07-17,52,745.6400146484375,0.9548843758548843,43.675,0.06388093875214652
SPY260717C00715000,2026-05-22 17:37:27+00:00,715.0,42.69,39.79,42.58,3.079998,7.775809,11.0,2209.0,0.2163469479370117,True,REGULAR,USD,call,2026-07-17,52,745.6400146484375,0.9589077650789919,41.185,0.06774311035571201
SPY260717C00716000,2026-05-20 15:51:37+00:00,716.0,37.39,38.96,41.77,0.0,0.0,,7.0,0.21497367065429687,True,REGULAR,USD,call,2026-07-17,52,745.6400146484375,0.9602488948203611,40.365,0.06961476526693923
SPY260717C00717000,2026-05-22 15:41:21+00:00,717.0,40.87,38.14,40.95,5.5699997,15.7790365,20.0,11.0,0.2134935829162598,True,REGULAR,USD,call,2026-07-17,52,745.6400146484375,0.9615900245617304,39.545,0.07105828802629921
SPY260717C00718000,2026-05-20 18:41:10+00:00,718.0,35.55,37.33,40.11,0.0,0.0,,1.0,0.21175409835815429,True,REGULAR,USD,call,2026-07-17,52,745.6400146484375,0.9629311543030996,38.72,0.07179752066115705
SPY260717C00719000,2026-05-22 16:16:10+00:00,719.0,38.62,36.52,39.3,2.7799988,7.756693,4.0,4.0,0.2102892692565918,True,REGULAR,USD,call,2026-07-17,52,745.6400146484375,0.9642722840444689,37.91,0.07333157478237917
SPY260717C00720000,2026-05-22 19:56:23+00:00,720.0,37.0,35.74,38.41,1.9199982,5.473199,73.0,19160.0,0.20800047378540037,True,REGULAR,USD,call,2026-07-17,52,745.6400146484375,0.965613413785838,37.075,0.07201618341200254
SPY260717C00721000,2026-05-21 18:48:38+00:00,721.0,34.3,34.91,37.7,0.0,0.0,,32.0,0.20742064559936518,True,REGULAR,USD,call,2026-07-17,52,745.6400146484375,0.9669545435272072,36.305,0.07684891888169691
SPY260717C00722000,2026-05-20 17:47:05+00:00,722.0,32.1,34.14,36.93,0.0,0.0,,2.0,0.20621521331787107,True,REGULAR,USD,call,2026-07-17,52,745.6400146484375,0.9682956732685765,35.535,0.07851414098775854
SPY260717C00723000,2026-05-22 13:30:06+00:00,723.0,34.82,33.35,36.14,0.6100006,1.7831061,7.0,31.0,0.20478090148925776,True,REGULAR,USD,call,2026-07-17,52,745.6400146484375,0.9696368030099457,34.745000000000005,0.0802993236436897
SPY260717C00724000,2026-05-22 19:04:15+00:00,724.0,34.2,32.55,35.34,2.6100006,8.262111,2.0,1.0,0.20320926193237304,True,REGULAR,USD,call,2026-07-17,52,745.6400146484375,0.9709779327513149,33.945,0.082191780821918
SPY260717C00725000,2026-05-22 19:35:27+00:00,725.0,32.49,31.78,34.58,1.210001,3.8682897,1050.0,4421.0,0.20197331237792968,True,REGULAR,USD,call,2026-07-17,52,745.6400146484375,0.9723190624926841,33.18,0.08438818565400835
SPY260717C00726000,2026-05-22 19:58:44+00:00,726.0,32.28,31.02,33.78,1.7299995,5.6628466,1005.0,19.0,0.20029486236572264,True,REGULAR,USD,call,2026-07-17,52,745.6400146484375,0.9736601922340533,32.4,0.08518518518518524
SPY260717C00727000,2026-05-20 14:05:33+00:00,727.0,25.16,30.24,32.97,0.0,0.0,,3.0,0.19849434326171872,True,REGULAR,USD,call,2026-07-17,52,745.6400146484375,0.9750013219754226,31.604999999999997,0.08637873754152826
SPY260717C00728000,2026-05-21 14:03:28+00:00,728.0,27.59,29.48,32.21,0.0,0.0,,4.0,0.19712106597900392,True,REGULAR,USD,call,2026-07-17,52,745.6400146484375,0.9763424517167918,30.845,0.08850705138596208
SPY260717C00729000,2026-05-21 17:49:45+00:00,729.0,29.1,28.73,31.46,0.0,0.0,,13.0,0.1957935646057129,True,REGULAR,USD,call,2026-07-17,52,745.6400146484375,0.977683581458161,30.095,0.09071274298056158
SPY260717C00730000,2026-05-22 19:35:27+00:00,730.0,29.32,29.18,29.52,1.8600006,6.7734914,192.0,18876.0,0.1834340690612793,True,REGULAR,USD,call,2026-07-17,52,745.6400146484375,0.9790247111995302,29.35,0.011584327086882448
SPY260717C00731000,2026-05-20 19:59:05+00:00,731.0,26.38,27.6,29.6,0.0,0.0,,83.0,0.18969011001586916,True,REGULAR,USD,call,2026-07-17,52,745.6400146484375,0.9803658409408994,28.6,0.06993006993006992
SPY260717C00732000,2026-05-21 17:16:31+00:00,732.0,25.11,27.76,28.06,0.0,0.0,,67.0,0.1810079458618164,True,REGULAR,USD,call,2026-07-17,52,745.6400146484375,0.9817069706822686,27.91,0.010748835542816092
SPY260717C00733000,2026-05-22 19:09:39+00:00,733.0,27.45,27.04,27.34,1.6100006,6.2306523,3.0,88.0,0.1798025135803223,True,REGULAR,USD,call,2026-07-17,52,745.6400146484375,0.9830481004236379,27.189999999999998,0.011033468186833421
SPY260717C00734000,2026-05-22 13:44:32+00:00,734.0,27.67,26.35,26.62,4.76,20.776955,1.0,40.0,0.1785360467529297,True,REGULAR,USD,call,2026-07-17,52,745.6400146484375,0.9843892301650071,26.485,0.01019444968850291
SPY260717C00735000,2026-05-22 20:00:23+00:00,735.0,25.56,25.64,25.87,1.8500004,7.8026166,186.0,9836.0,0.1769491485595703,True,REGULAR,USD,call,2026-07-17,52,745.6400146484375,0.9857303599063764,25.755000000000003,0.008930304795185416
SPY260717C00736000,2026-05-21 19:56:23+00:00,736.0,23.06,24.92,25.2,0.0,0.0,,374.0,0.17601837173461915,True,REGULAR,USD,call,2026-07-17,52,745.6400146484375,0.9870714896477455,25.060000000000002,0.011173184357541803
SPY260717C00737000,2026-05-22 17:24:17+00:00,737.0,25.15,24.23,24.51,2.75,12.276786,24.0,305.0,0.1748434567260742,True,REGULAR,USD,call,2026-07-17,52,745.6400146484375,0.9884126193891147,24.37,0.011489536315141614
SPY260717C00738000,2026-05-22 19:22:23+00:00,738.0,23.9,23.55,23.82,2.1599998,9.935602,6.0,298.0,0.17362276580810548,True,REGULAR,USD,call,2026-07-17,52,745.6400146484375,0.989753749130484,23.685000000000002,0.011399620012666225
SPY260717C00739000,2026-05-22 19:36:54+00:00,739.0,23.15,22.9,23.2,2.6200008,12.761816,11.0,240.0,0.17295138580322267,True,REGULAR,USD,call,2026-07-17,52,745.6400146484375,0.9910948788718532,23.049999999999997,0.013015184381778774
SPY260717C00740000,2026-05-22 20:00:40+00:00,740.0,22.07,22.21,22.46,1.3999996,6.7730994,552.0,11701.0,0.17115086669921875,True,REGULAR,USD,call,2026-07-17,52,745.6400146484375,0.9924360086132225,22.335,0.011193194537721066
SPY260717C00741000,2026-05-22 19:29:16+00:00,741.0,21.51,21.56,21.82,2.1000004,10.819168,18.0,280.0,0.17017431396484378,True,REGULAR,USD,call,2026-07-17,52,745.6400146484375,0.9937771383545916,21.689999999999998,0.011987090825265173
SPY260717C00742000,2026-05-22 19:53:05+00:00,742.0,20.88,20.94,21.22,1.7700005,9.262169,26.0,347.0,0.16947241668701174,True,REGULAR,USD,call,2026-07-17,52,745.6400146484375,0.9951182680959608,21.08,0.013282732447817724
SPY260717C00743000,2026-05-22 19:54:52+00:00,743.0,20.12,20.3,20.53,1.4300003,7.6511517,109.0,2647.0,0.16791603576660158,True,REGULAR,USD,call,2026-07-17,52,745.6400146484375,0.9964593978373301,20.415,0.011266225814352214
SPY260717C00744000,2026-05-22 19:59:29+00:00,744.0,20.0,19.64,19.96,1.9899998,11.049416,12.0,635.0,0.16735146621704106,True,REGULAR,USD,call,2026-07-17,52,745.6400146484375,0.9978005275786993,19.8,0.016161616161616175
SPY260717C00745000,2026-05-22 20:14:46+00:00,745.0,19.13,19.12,19.17,1.5199986,8.631451,8585.0,17179.0,0.16478801528930664,True,REGULAR,USD,call,2026-07-17,52,745.6400146484375,0.9991416573200685,19.145000000000003,0.002611647949856396
SPY260717C00746000,2026-05-22 19:56:52+00:00,746.0,18.43,18.51,18.56,1.7999992,10.823807,114.0,324.0,0.163719910736084,False,REGULAR,USD,call,2026-07-17,52,745.6400146484375,1.0004827870614377,18.535,0.002697599136768123
SPY260717C00747000,2026-05-22 20:04:39+00:00,747.0,17.75,17.91,17.96,1.5,9.230769,354.0,231.0,0.16268232345581057,False,REGULAR,USD,call,2026-07-17,52,745.6400146484375,1.001823916802807,17.935000000000002,0.002787844995818272
SPY260717C00748000,2026-05-22 19:59:43+00:00,748.0,17.23,17.32,17.37,1.2799997,8.025077,98.0,453.0,0.1616447361755371,False,REGULAR,USD,call,2026-07-17,52,745.6400146484375,1.0031650465441762,17.345,0.002882675122513734
SPY260717C00749000,2026-05-22 18:16:35+00:00,749.0,17.41,16.74,16.79,2.2799997,15.069397,42.0,578.0,0.1606224075317383,False,REGULAR,USD,call,2026-07-17,52,745.6400146484375,1.0045061762855454,16.765,0.002982403817476929
SPY260717C00750000,2026-05-22 20:13:53+00:00,750.0,16.17,16.18,16.23,1.3999996,9.47867,2392.0,22703.0,0.1596916307067871,False,REGULAR,USD,call,2026-07-17,52,745.6400146484375,1.0058473060269146,16.205,0.0030854674483184645
SPY260717C00751000,2026-05-22 19:56:00+00:00,751.0,15.6,15.62,15.67,1.5799999,11.269614,62.0,540.0,0.15869981933593752,False,REGULAR,USD,call,2026-07-17,52,745.6400146484375,1.0071884357682839,15.645,0.003195909236177738
SPY260717C00752000,2026-05-22 17:33:13+00:00,752.0,16.26,15.07,15.12,2.75,20.355291,168.0,318.0,0.15770800796508788,False,REGULAR,USD,call,2026-07-17,52,745.6400146484375,1.0085295655096531,15.094999999999999,0.0033123550844649844
SPY260717C00753000,2026-05-22 19:36:54+00:00,753.0,14.7,14.54,14.59,1.75,13.5135145,78.0,353.0,0.15680774841308598,False,REGULAR,USD,call,2026-07-17,52,745.6400146484375,1.0098706952510224,14.565,0.0034328870580158403
SPY260717C00754000,2026-05-22 17:44:00+00:00,754.0,15.25,14.02,14.07,2.6800003,21.320608,157.0,353.0,0.15590748886108396,False,REGULAR,USD,call,2026-07-17,52,745.6400146484375,1.0112118249923914,14.045,0.0035599857600570103
SPY260717C00755000,2026-05-22 20:04:39+00:00,755.0,13.39,13.51,13.56,1.2300005,10.115135,7930.0,10691.0,0.15502248794555668,False,REGULAR,USD,call,2026-07-17,52,745.6400146484375,1.0125529547337606,13.535,0.0036941263391208506
SPY260717C00756000,2026-05-22 17:33:05+00:00,756.0,14.15,13.01,13.06,2.63,22.829863,48.0,332.0,0.15415274566650394,False,REGULAR,USD,call,2026-07-17,52,745.6400146484375,1.0138940844751299,13.035,0.0038358266206368016
SPY260717C00757000,2026-05-22 18:38:11+00:00,757.0,12.98,12.52,12.57,1.8599997,16.726616,67.0,390.0,0.1532677447509766,False,REGULAR,USD,call,2026-07-17,52,745.6400146484375,1.015235214216499,12.545,0.003985651654045493
SPY260717C00758000,2026-05-22 19:44:51+00:00,758.0,12.05,12.05,12.09,1.3199997,12.301954,225.0,353.0,0.15239800247192387,False,REGULAR,USD,call,2026-07-17,52,745.6400146484375,1.0165763439578683,12.07,0.0033140016570007576
SPY260717C00759000,2026-05-22 18:17:31+00:00,759.0,12.14,11.58,11.63,1.8400002,17.864079,60.0,121.0,0.15161981201171876,False,REGULAR,USD,call,2026-07-17,52,745.6400146484375,1.0179174736992376,11.605,0.004308487720810056
SPY260717C00760000,2026-05-22 20:01:32+00:00,760.0,11.01,11.13,11.18,1.0300007,10.320648,1558.0,6667.0,0.1508416215515137,False,REGULAR,USD,call,2026-07-17,52,745.6400146484375,1.0192586034406068,11.155000000000001,0.004482294935006627
SPY260717C00761000,2026-05-22 19:49:36+00:00,761.0,10.57,10.69,10.74,1.1099997,11.733612,74.0,368.0,0.1500786897277832,False,REGULAR,USD,call,2026-07-17,52,745.6400146484375,1.020599733181976,10.715,0.00466635557629498
SPY260717C00762000,2026-05-22 17:34:08+00:00,762.0,11.23,10.26,10.31,2.1900005,24.225672,42.0,294.0,0.14930049926757813,False,REGULAR,USD,call,2026-07-17,52,745.6400146484375,1.0219408629233453,10.285,0.004861448711716161
SPY260717C00763000,2026-05-22 19:09:25+00:00,763.0,10.03,9.84,9.89,1.3400002,15.420026,106.0,444.0,0.14853756744384766,False,REGULAR,USD,call,2026-07-17,52,745.6400146484375,1.0232819926647145,9.865,0.005068423720223082
SPY260717C00764000,2026-05-22 17:23:00+00:00,764.0,10.08,9.44,9.48,1.7799997,21.44578,190.0,398.0,0.14777463562011722,False,REGULAR,USD,call,2026-07-17,52,745.6400146484375,1.0246231224060838,9.46,0.004228329809725256
SPY260717C00765000,2026-05-22 19:51:53+00:00,765.0,8.96,9.04,9.09,0.8299999,10.209101,175.0,4702.0,0.14710325561523438,False,REGULAR,USD,call,2026-07-17,52,745.6400146484375,1.0259642521474528,9.065,0.005515719801434166
SPY260717C00766000,2026-05-22 19:09:17+00:00,766.0,8.84,8.66,8.71,1.23,16.162945,49.0,351.0,0.14643187561035154,False,REGULAR,USD,call,2026-07-17,52,745.6400146484375,1.027305381888822,8.685,0.005757052389176823
SPY260717C00767000,2026-05-22 19:31:15+00:00,767.0,8.25,8.29,8.34,0.98,13.480055,160.0,516.0,0.14577575424194333,False,REGULAR,USD,call,2026-07-17,52,745.6400146484375,1.0286465116301913,8.315,0.00601322910402895
SPY260717C00768000,2026-05-22 19:59:33+00:00,768.0,8.13,7.93,7.98,1.2200003,17.655575,176.0,981.0,0.1451196328735352,False,REGULAR,USD,call,2026-07-17,52,745.6400146484375,1.0299876413715605,7.955,0.006285355122564514
SPY260717C00769000,2026-05-22 19:58:56+00:00,769.0,7.71,7.59,7.63,1.0799999,16.289593,61.0,781.0,0.14446351150512693,False,REGULAR,USD,call,2026-07-17,52,745.6400146484375,1.0313287711129298,7.609999999999999,0.005256241787122213
SPY260717C00770000,2026-05-22 19:58:52+00:00,770.0,7.35,7.25,7.29,0.8800001,13.601239,471.0,4893.0,0.14380739013671873,False,REGULAR,USD,call,2026-07-17,52,745.6400146484375,1.032669900854299,7.27,0.005502063273727653
SPY260717C00771000,2026-05-22 19:42:15+00:00,771.0,6.92,6.93,6.97,0.88999987,14.759533,45.0,352.0,0.14325807922363282,False,REGULAR,USD,call,2026-07-17,52,745.6400146484375,1.0340110305956682,6.949999999999999,0.005755395683453243
SPY260717C00772000,2026-05-22 19:03:07+00:00,772.0,6.77,6.61,6.65,1.02,17.73913,43.0,374.0,0.14263247512817384,False,REGULAR,USD,call,2026-07-17,52,745.6400146484375,1.0353521603370375,6.630000000000001,0.006033182503770744
SPY260717C00773000,2026-05-22 19:53:02+00:00,773.0,6.3,6.31,6.35,0.8200002,14.963506,47.0,539.0,0.1420984228515625,False,REGULAR,USD,call,2026-07-17,52,745.6400146484375,1.0366932900784067,6.33,0.0063191153238546655
SPY260717C00774000,2026-05-22 17:50:09+00:00,774.0,6.67,6.02,6.06,1.4499998,27.777773,40.0,541.0,0.1415796292114258,False,REGULAR,USD,call,2026-07-17,52,745.6400146484375,1.038034419819776,6.039999999999999,0.006622516556291398
SPY260717C00775000,2026-05-22 20:03:08+00:00,775.0,5.69,5.74,5.78,0.59000015,11.56863,221.0,7097.0,0.1410913528442383,False,REGULAR,USD,call,2026-07-17,52,745.6400146484375,1.0393755495611452,5.76,0.006944444444444451
SPY260717C00776000,2026-05-22 20:04:43+00:00,776.0,5.43,5.47,5.51,0.73,15.531916,66.0,363.0,0.14060307647705078,False,REGULAR,USD,call,2026-07-17,52,745.6400146484375,1.0407166793025142,5.49,0.007285974499089259
SPY260717C00777000,2026-05-22 19:54:40+00:00,777.0,5.13,5.2,5.24,0.7600002,17.39131,278.0,490.0,0.14000798965454103,False,REGULAR,USD,call,2026-07-17,52,745.6400146484375,1.0420578090438835,5.220000000000001,0.007662835249042151
SPY260717C00778000,2026-05-22 17:50:00+00:00,778.0,5.55,4.95,4.99,1.29,30.281687,44.0,187.0,0.13955023056030275,False,REGULAR,USD,call,2026-07-17,52,745.6400146484375,1.0433989387852527,4.970000000000001,0.00804828973843059
SPY260717C00779000,2026-05-22 19:17:09+00:00,779.0,4.83,4.71,4.75,0.8000002,19.851122,98.0,140.0,0.13910773010253907,False,REGULAR,USD,call,2026-07-17,52,745.6400146484375,1.044740068526622,4.73,0.008456659619450324
SPY260717C00780000,2026-05-22 20:05:38+00:00,780.0,4.49,4.48,4.52,0.51999974,13.098229,382.0,16237.0,0.13869574691772463,False,REGULAR,USD,call,2026-07-17,52,745.6400146484375,1.0460811982679912,4.5,0.0088888888888887
SPY260717C00781000,2026-05-22 19:50:58+00:00,781.0,4.29,4.26,4.3,0.61000013,16.576092,182.0,187.0,0.13831428100585938,False,REGULAR,USD,call,2026-07-17,52,745.6400146484375,1.0474223280093604,4.279999999999999,0.009345794392523374
SPY260717C00782000,2026-05-22 19:23:59+00:00,782.0,4.2,4.05,4.08,0.77,22.44898,96.0,494.0,0.1378260046386719,False,REGULAR,USD,call,2026-07-17,52,745.6400146484375,1.0487634577507297,4.0649999999999995,0.00738007380073807
SPY260717C00783000,2026-05-22 19:39:23+00:00,783.0,3.93,3.84,3.88,0.64999986,19.817068,81.0,218.0,0.13749031463623052,False,REGULAR,USD,call,2026-07-17,52,745.6400146484375,1.050104587492099,3.86,0.010362694300518144
SPY260717C00784000,2026-05-22 18:24:18+00:00,784.0,4.07,3.65,3.68,0.98,31.715208,138.0,144.0,0.13706307281494146,False,REGULAR,USD,call,2026-07-17,52,745.6400146484375,1.0514457172334681,3.665,0.008185538881309753
SPY260717C00785000,2026-05-22 19:36:55+00:00,785.0,3.57,3.46,3.49,0.55999994,18.60465,222.0,4373.0,0.13666634826660157,False,REGULAR,USD,call,2026-07-17,52,745.6400146484375,1.0527868469748374,3.475,0.008633093525179927
SPY260717C00786000,2026-05-22 19:17:09+00:00,786.0,3.38,3.28,3.31,0.61000013,22.021666,207.0,252.0,0.13630014099121096,False,REGULAR,USD,call,2026-07-17,52,745.6400146484375,1.0541279767162064,3.295,0.009104704097116919
SPY260717C00787000,2026-05-22 19:58:24+00:00,787.0,3.16,3.11,3.14,0.44000006,16.176472,61.0,110.0,0.13599496826171875,False,REGULAR,USD,call,2026-07-17,52,745.6400146484375,1.0554691064575756,3.125,0.009600000000000079
SPY260717C00788000,2026-05-22 19:39:23+00:00,788.0,3.03,2.94,2.98,0.5899999,24.180325,127.0,109.0,0.13572031280517582,False,REGULAR,USD,call,2026-07-17,52,745.6400146484375,1.0568102361989449,2.96,0.013513513513513526
SPY260717C00789000,2026-05-22 18:47:54+00:00,789.0,3.01,2.78,2.82,0.6299999,26.470581,72.0,115.0,0.13535410552978522,False,REGULAR,USD,call,2026-07-17,52,745.6400146484375,1.0581513659403141,2.8,0.0142857142857143
SPY260717C00790000,2026-05-22 20:11:57+00:00,790.0,2.64,2.64,2.66,0.3900001,17.333338,736.0,5988.0,0.1348963464355469,False,REGULAR,USD,call,2026-07-17,52,745.6400146484375,1.0594924956816834,2.6500000000000004,0.00754716981132076
SPY260717C00791000,2026-05-22 19:31:06+00:00,791.0,2.5,2.49,2.53,0.4000001,19.047625,217.0,671.0,0.13480479461669925,False,REGULAR,USD,call,2026-07-17,52,745.6400146484375,1.0608336254230526,2.51,0.01593625498007952
SPY260717C00792000,2026-05-22 18:18:32+00:00,792.0,2.68,2.36,2.39,0.68000007,34.000004,244.0,153.0,0.13446910461425782,False,REGULAR,USD,call,2026-07-17,52,745.6400146484375,1.0621747551644218,2.375,0.012631578947368527
SPY260717C00793000,2026-05-22 17:18:52+00:00,793.0,2.58,2.23,2.26,0.72,38.709682,126.0,65.0,0.13419444915771483,False,REGULAR,USD,call,2026-07-17,52,745.6400146484375,1.063515884905791,2.245,0.01336302895322931
SPY260717C00794000,2026-05-22 18:38:05+00:00,794.0,2.3,2.1,2.14,0.53,29.943502,23.0,119.0,0.13401134552001953,False,REGULAR,USD,call,2026-07-17,52,745.6400146484375,1.0648570146471603,2.12,0.018867924528301903
SPY260717C00795000,2026-05-22 20:08:31+00:00,795.0,1.97,1.99,2.02,0.24000001,13.872832,557.0,2679.0,0.13373669006347655,False,REGULAR,USD,call,2026-07-17,52,745.6400146484375,1.0661981443885296,2.005,0.01496259351620949
SPY260717C00800000,2026-05-22 20:12:21+00:00,800.0,1.49,1.48,1.51,0.21000004,16.406254,913.0,6002.0,0.13257703369140628,False,REGULAR,USD,call,2026-07-17,52,745.6400146484375,1.0729037930953755,1.495,0.02006688963210704
SPY260717C00805000,2026-05-22 20:09:06+00:00,805.0,1.1,1.1,1.12,0.16000003,17.021278,732.0,2590.0,0.13172255004882813,False,REGULAR,USD,call,2026-07-17,52,745.6400146484375,1.0796094418022217,1.11,0.018018018018018032
SPY260717C00810000,2026-05-22 19:59:42+00:00,810.0,0.84,0.82,0.84,0.15999997,23.529406,258.0,1129.0,0.13160048095703125,False,REGULAR,USD,call,2026-07-17,52,745.6400146484375,1.0863150905090677,0.83,0.024096385542168697
SPY260717C00815000,2026-05-22 20:07:37+00:00,815.0,0.62,0.61,0.63,0.09000003,16.98114,2287.0,1089.0,0.13172255004882813,False,REGULAR,USD,call,2026-07-17,52,745.6400146484375,1.093020739215914,0.62,0.03225806451612906
SPY260717C00820000,2026-05-22 20:01:04+00:00,820.0,0.45,0.46,0.48,0.089999974,24.99999,35.0,2608.0,0.13239393005371097,False,REGULAR,USD,call,2026-07-17,52,745.6400146484375,1.09972638792276,0.47,0.042553191489361625
SPY260717C00825000,2026-05-22 20:01:04+00:00,825.0,0.36,0.35,0.37,0.07000002,24.13794,20.0,1087.0,0.13343151733398437,False,REGULAR,USD,call,2026-07-17,52,745.6400146484375,1.106432036629606,0.36,0.05555555555555561
SPY260717C00830000,2026-05-22 20:05:17+00:00,830.0,0.29,0.27,0.29,0.049999997,20.833332,13.0,1193.0,0.1348963464355469,False,REGULAR,USD,call,2026-07-17,52,745.6400146484375,1.113137685336452,0.28,0.07142857142857129
SPY260717C00835000,2026-05-22 20:05:17+00:00,835.0,0.22,0.22,0.23,0.03999999,22.222216,19.0,962.0,0.13648324462890626,False,REGULAR,USD,call,2026-07-17,52,745.6400146484375,1.1198433340432983,0.225,0.04444444444444448
SPY260717C00840000,2026-05-22 20:05:17+00:00,840.0,0.18,0.17,0.19,0.040000007,28.571432,20.0,826.0,0.13892462646484377,False,REGULAR,USD,call,2026-07-17,52,745.6400146484375,1.1265489827501443,0.18,0.11111111111111106
SPY260717C00845000,2026-05-22 17:43:04+00:00,845.0,0.18,0.14,0.16,0.07000001,63.636368,106.0,1932.0,0.141610146484375,False,REGULAR,USD,call,2026-07-17,52,745.6400146484375,1.1332546314569905,0.15000000000000002,0.13333333333333325
SPY260717C00850000,2026-05-22 20:05:39+00:00,850.0,0.13,0.12,0.13,0.029999994,29.999992,136.0,975.0,0.143563251953125,False,REGULAR,USD,call,2026-07-17,52,745.6400146484375,1.1399602801638364,0.125,0.08000000000000007
SPY260717C00855000,2026-05-20 18:45:24+00:00,855.0,0.09,0.1,0.11,0.0,0.0,196.0,717.0,0.14600463378906248,False,REGULAR,USD,call,2026-07-17,52,745.6400146484375,1.1466659288706826,0.10500000000000001,0.09523809523809518
SPY260717C00860000,2026-05-22 19:59:54+00:00,860.0,0.09,0.08,0.1,0.010000005,12.500008,6.0,533.0,0.14991084472656252,False,REGULAR,USD,call,2026-07-17,52,745.6400146484375,1.1533715775775288,0.09,0.22222222222222227
SPY260717C00865000,2026-05-22 14:02:38+00:00,865.0,0.08,0.07,0.09,0.009999998,14.285712,6.0,115.0,0.15332877929687502,False,REGULAR,USD,call,2026-07-17,52,745.6400146484375,1.1600772262843748,0.08,0.24999999999999986
SPY260717C00870000,2026-05-20 19:01:28+00:00,870.0,0.06,0.06,0.08,0.0,0.0,3.0,597.0,0.15650257568359377,False,REGULAR,USD,call,2026-07-17,52,745.6400146484375,1.166782874991221,0.07,0.28571428571428575
SPY260717C00875000,2026-05-18 18:08:34+00:00,875.0,0.05,0.05,0.07,0.0,0.0,6.0,363.0,0.159188095703125,False,REGULAR,USD,call,2026-07-17,52,745.6400146484375,1.173488523698067,0.060000000000000005,0.33333333333333337
SPY260717C00880000,2026-05-21 18:03:13+00:00,880.0,0.04,0.05,0.06,0.0,0.0,2.0,396.0,0.16162947753906248,False,REGULAR,USD,call,2026-07-17,52,745.6400146484375,1.1801941724049132,0.055,0.18181818181818174
SPY260717C00885000,2026-05-22 14:15:46+00:00,885.0,0.05,0.04,0.06,0.010000002,25.000006,3.0,579.0,0.16651224121093755,False,REGULAR,USD,call,2026-07-17,52,745.6400146484375,1.1868998211117592,0.05,0.3999999999999999
SPY260717C00890000,2026-05-22 18:46:36+00:00,890.0,0.05,0.04,0.05,-0.029999997,-37.499996,3.0,232.0,0.16797707031250003,False,REGULAR,USD,call,2026-07-17,52,745.6400146484375,1.1936054698186054,0.045,0.22222222222222227
SPY260717C00895000,2026-05-22 14:59:13+00:00,895.0,0.05,0.04,0.05,0.010000002,25.000006,10.0,943.0,0.17285983398437502,False,REGULAR,USD,call,2026-07-17,52,745.6400146484375,1.2003111185254514,0.045,0.22222222222222227
SPY260717C00900000,2026-05-21 15:35:43+00:00,900.0,0.03,0.04,0.05,0.0,0.0,120.0,1813.0,0.17774259765625,False,REGULAR,USD,call,2026-07-17,52,745.6400146484375,1.2070167672322976,0.045,0.22222222222222227
SPY260717C00905000,2026-05-21 15:00:16+00:00,905.0,0.04,0.03,0.04,0.0,0.0,120.0,1383.0,0.178719150390625,False,REGULAR,USD,call,2026-07-17,52,745.6400146484375,1.2137224159391435,0.035,0.28571428571428575
SPY260717C00910000,2026-05-21 18:10:30+00:00,910.0,0.03,0.03,0.04,0.0,0.0,7.0,844.0,0.18262536132812499,False,REGULAR,USD,call,2026-07-17,52,745.6400146484375,1.2204280646459897,0.035,0.28571428571428575
SPY260717C00915000,2026-05-22 13:41:22+00:00,915.0,0.03,0.03,0.04,0.0,0.0,120.0,944.0,0.187508125,False,REGULAR,USD,call,2026-07-17,52,745.6400146484375,1.2271337133528357,0.035,0.28571428571428575
SPY260717C00920000,2026-05-22 15:36:55+00:00,920.0,0.03,0.03,0.04,-0.020000001,-40.000004,121.0,1408.0,0.192390888671875,False,REGULAR,USD,call,2026-07-17,52,745.6400146484375,1.233839362059682,0.035,0.28571428571428575
SPY260717C00925000,2026-05-22 17:00:13+00:00,925.0,0.03,0.02,0.03,0.01,50.0,37.0,1434.0,0.1914143359375,False,REGULAR,USD,call,2026-07-17,52,745.6400146484375,1.240545010766528,0.025,0.3999999999999999
SPY260717C00930000,2026-05-20 14:58:03+00:00,930.0,0.02,0.02,0.03,0.0,0.0,10.0,1726.0,0.195320546875,False,REGULAR,USD,call,2026-07-17,52,745.6400146484375,1.247250659473374,0.025,0.3999999999999999
SPY260717C00935000,2026-05-20 15:06:25+00:00,935.0,0.02,0.02,0.03,0.0,0.0,2.0,1109.0,0.20020331054687499,False,REGULAR,USD,call,2026-07-17,52,745.6400146484375,1.2539563081802203,0.025,0.3999999999999999
SPY260717C00940000,2026-05-20 16:26:09+00:00,940.0,0.02,0.02,0.03,0.0,0.0,10.0,3887.0,0.20410952148437497,False,REGULAR,USD,call,2026-07-17,52,745.6400146484375,1.2606619568870663,0.025,0.3999999999999999
SPY260717C00945000,2026-05-20 16:26:12+00:00,945.0,0.02,0.02,0.03,0.0,0.0,10.0,1560.0,0.20899228515624996,False,REGULAR,USD,call,2026-07-17,52,745.6400146484375,1.2673676055939125,0.025,0.3999999999999999
SPY260717C00950000,2026-05-22 13:57:56+00:00,950.0,0.02,0.02,0.03,0.0,0.0,8.0,2847.0,0.21289849609375,False,REGULAR,USD,call,2026-07-17,52,745.6400146484375,1.2740732543007585,0.025,0.3999999999999999
SPY260731C00525000,2026-05-08 18:31:32+00:00,525.0,216.77,222.18,225.32,0.0,0.0,1.0,9.0,0.5055591436767577,True,REGULAR,USD,call,2026-07-31,66,745.6400146484375,0.7040931142188402,223.75,0.014033519553072565
SPY260731C00530000,2026-04-17 15:24:12+00:00,530.0,186.97,217.26,220.4,0.0,0.0,1.0,2.0,0.5432784930419923,True,REGULAR,USD,call,2026-07-31,66,745.6400146484375,0.7107987629256863,218.82999999999998,0.01434903806607876
SPY260731C00535000,2026-04-16 13:44:29+00:00,535.0,172.69,212.34,215.48,0.0,0.0,8.0,31.0,0.5332688275146484,True,REGULAR,USD,call,2026-07-31,66,745.6400146484375,0.7175044116325324,213.91,0.0146790706371838
SPY260731C00540000,2026-04-10 19:11:21+00:00,540.0,148.05,200.12,203.4,0.0,0.0,1.0,2.0,1.0000000000000003e-05,True,REGULAR,USD,call,2026-07-31,66,745.6400146484375,0.7242100603393785,201.76,0.016256938937351313
SPY260731C00545000,2026-04-10 19:15:30+00:00,545.0,143.51,195.23,198.51,0.0,0.0,1.0,3.0,1.0000000000000003e-05,True,REGULAR,USD,call,2026-07-31,66,745.6400146484375,0.7309157090462246,196.87,0.016660740590237217
SPY260731C00550000,2026-05-13 16:37:39+00:00,550.0,195.45,197.6,200.75,0.0,0.0,1.0,23.0,0.5040332800292968,True,REGULAR,USD,call,2026-07-31,66,745.6400146484375,0.7376213577530707,199.175,0.015815237856156673
SPY260731C00555000,2026-03-12 19:02:33+00:00,555.0,125.99,161.1,164.45,0.0,0.0,1.0,0.0,1.0000000000000003e-05,True,REGULAR,USD,call,2026-07-31,66,745.6400146484375,0.7443270064599168,162.77499999999998,0.020580555982183963
SPY260731C00560000,2026-05-21 17:59:21+00:00,560.0,187.7,187.78,190.94,0.0,0.0,4.0,8.0,0.48468532897949224,True,REGULAR,USD,call,2026-07-31,66,745.6400146484375,0.7510326551667629,189.36,0.01668779045204899
SPY260731C00565000,2026-05-14 13:53:57+00:00,565.0,185.12,182.87,186.01,0.0,0.0,1.0,3.0,0.4744315252685547,True,REGULAR,USD,call,2026-07-31,66,745.6400146484375,0.757738303873609,184.44,0.017024506614617147
SPY260731C00570000,2026-04-15 18:59:48+00:00,570.0,137.96,170.84,174.12,0.0,0.0,1.0,16.0,1.0000000000000003e-05,True,REGULAR,USD,call,2026-07-31,66,745.6400146484375,0.764443952580455,172.48000000000002,0.019016697588126165
SPY260731C00575000,2026-04-17 19:29:24+00:00,575.0,144.64,173.08,176.22,0.0,0.0,1.0,9.0,0.45538874694824216,True,REGULAR,USD,call,2026-07-31,66,745.6400146484375,0.7711496012873011,174.65,0.017978814772401867
SPY260731C00580000,2026-05-08 17:43:16+00:00,580.0,163.06,168.18,171.34,0.0,0.0,1.0,8.0,0.44611149597167965,True,REGULAR,USD,call,2026-07-31,66,745.6400146484375,0.7778552499941473,169.76,0.018614514608859548
SPY260731C00585000,2026-05-22 15:27:46+00:00,585.0,166.61,163.3,166.46,14.720001,9.691225,1.0,26.0,0.4368037277221679,True,REGULAR,USD,call,2026-07-31,66,745.6400146484375,0.7845608987009934,164.88,0.019165453663270236
SPY260731C00590000,2026-05-11 19:57:09+00:00,590.0,154.7,158.41,161.56,0.0,0.0,1.0,14.0,0.4270076831054688,True,REGULAR,USD,call,2026-07-31,66,745.6400146484375,0.7912665474078395,159.985,0.019689345876175924
SPY260731C00595000,2026-05-06 17:32:04+00:00,595.0,143.5,153.54,156.71,0.0,0.0,1.0,409.0,0.4181576739501953,True,REGULAR,USD,call,2026-07-31,66,745.6400146484375,0.7979721961146856,155.125,0.020435132957292608
SPY260731C00600000,2026-05-15 14:34:40+00:00,600.0,147.36,148.67,151.84,0.0,0.0,3.0,282.0,0.4088499057006836,True,REGULAR,USD,call,2026-07-31,66,745.6400146484375,0.8046778448215317,150.255,0.021097467638348247
SPY260731C00605000,2026-05-22 18:57:49+00:00,605.0,146.74,143.81,146.98,5.279999,3.732503,1.0,29.0,0.3996642065429688,True,REGULAR,USD,call,2026-07-31,66,745.6400146484375,0.8113834935283778,145.39499999999998,0.02180267547027056
SPY260731C00610000,2026-05-19 14:47:24+00:00,610.0,127.86,138.96,142.13,0.0,0.0,3.0,134.0,0.39053954193115237,True,REGULAR,USD,call,2026-07-31,66,745.6400146484375,0.8180891422352239,140.54500000000002,0.022555053541570225
SPY260731C00615000,2026-05-21 13:39:49+00:00,615.0,128.65,134.11,137.27,0.0,0.0,3.0,580.0,0.3811707391357422,True,REGULAR,USD,call,2026-07-31,66,745.6400146484375,0.82479479094207,135.69,0.02328837792025939
SPY260731C00620000,2026-05-20 19:50:23+00:00,620.0,126.73,129.28,132.44,0.0,0.0,7.0,1220.0,0.37222917816162115,True,REGULAR,USD,call,2026-07-31,66,745.6400146484375,0.8315004396489161,130.86,0.02414794436802687
SPY260731C00621000,2026-05-15 14:25:35+00:00,621.0,128.0,128.32,131.49,0.0,0.0,2.0,10.0,0.37070331451416016,True,REGULAR,USD,call,2026-07-31,66,745.6400146484375,0.8328415693902853,129.905,0.0244024479427275
SPY260731C00622000,2026-04-14 16:16:12+00:00,622.0,84.27,120.74,124.0,0.0,0.0,3.0,12.0,0.19751779052734375,True,REGULAR,USD,call,2026-07-31,66,745.6400146484375,0.8341826991316545,122.37,0.026640516466454236
SPY260731C00623000,2026-05-20 19:50:23+00:00,623.0,123.86,126.39,129.54,0.0,0.0,1.0,95.0,0.36676658630371095,True,REGULAR,USD,call,2026-07-31,66,745.6400146484375,0.8355238288730237,127.965,0.024616105966475142
SPY260731C00625000,2026-05-15 14:15:06+00:00,625.0,122.47,124.46,127.64,0.0,0.0,2.0,603.0,0.36365382446289063,True,REGULAR,USD,call,2026-07-31,66,745.6400146484375,0.8382060883557622,126.05,0.0252280840936137
SPY260731C00626000,2026-05-18 13:42:04+00:00,626.0,119.33,123.5,126.69,0.0,0.0,1.0,2.0,0.36206692626953124,True,REGULAR,USD,call,2026-07-31,66,745.6400146484375,0.8395472180971314,125.095,0.02550061952915782
SPY260731C00627000,2026-04-15 17:00:41+00:00,627.0,83.32,116.0,119.29,0.0,0.0,10.0,10.0,0.20862607788085932,True,REGULAR,USD,call,2026-07-31,66,745.6400146484375,0.8408883478385006,117.64500000000001,0.027965489396064483
SPY260731C00629000,2026-04-14 14:51:51+00:00,629.0,76.37,114.1,117.4,0.0,0.0,2.0,3.0,0.2110064251708984,True,REGULAR,USD,call,2026-07-31,66,745.6400146484375,0.843570607321239,115.75,0.0285097192224623
SPY260731C00630000,2026-05-22 17:43:09+00:00,630.0,123.66,119.66,122.85,7.1500015,6.136813,3.0,746.0,0.3550784707641601,True,REGULAR,USD,call,2026-07-31,66,745.6400146484375,0.8449117370626082,121.255,0.02630819347655765
SPY260731C00631000,2026-04-22 15:13:28+00:00,631.0,91.44,118.7,121.89,0.0,0.0,8.0,11.0,0.3533084689331054,True,REGULAR,USD,call,2026-07-31,66,745.6400146484375,0.8462528668039775,120.295,0.026518142898707325
SPY260731C00633000,2026-04-17 19:14:33+00:00,633.0,89.0,116.78,119.96,0.0,0.0,1.0,6.0,0.34961587890624996,True,REGULAR,USD,call,2026-07-31,66,745.6400146484375,0.848935126286716,118.37,0.026864915096730526
SPY260731C00634000,2026-04-14 13:49:32+00:00,634.0,70.0,109.38,112.69,0.0,0.0,2.0,14.0,0.21509573974609375,True,REGULAR,USD,call,2026-07-31,66,745.6400146484375,0.8502762560280851,111.035,0.029810420137794412
SPY260731C00635000,2026-05-22 17:09:46+00:00,635.0,118.17,114.86,118.06,12.619995,11.956414,1.0,26.0,0.34635053070068356,True,REGULAR,USD,call,2026-07-31,66,745.6400146484375,0.8516173857694543,116.46000000000001,0.027477245406148057
SPY260731C00636000,2026-04-21 14:09:24+00:00,636.0,86.67,113.91,117.09,0.0,0.0,2.0,16.0,0.34442794250488284,True,REGULAR,USD,call,2026-07-31,66,745.6400146484375,0.8529585155108236,115.5,0.027532467532467592
SPY260731C00637000,2026-04-14 13:34:02+00:00,637.0,67.16,106.56,109.87,0.0,0.0,1.0,702.0,0.21643849975585935,True,REGULAR,USD,call,2026-07-31,66,745.6400146484375,0.8542996452521928,108.215,0.03058725684978979
SPY260731C00638000,2026-04-13 18:45:46+00:00,638.0,62.48,105.62,108.93,0.0,0.0,1.0,566.0,0.21674367248535154,True,REGULAR,USD,call,2026-07-31,66,745.6400146484375,0.8556407749935621,107.275,0.030855278489862522
SPY260731C00639000,2026-04-23 16:18:38+00:00,639.0,85.11,111.04,114.24,0.0,0.0,1.0,23.0,0.33945362701416015,True,REGULAR,USD,call,2026-07-31,66,745.6400146484375,0.8569819047349312,112.64,0.028409090909090808
SPY260731C00640000,2026-05-21 17:27:46+00:00,640.0,108.44,110.09,113.25,0.0,0.0,7.0,360.0,0.33719534881591795,True,REGULAR,USD,call,2026-07-31,66,745.6400146484375,0.8583230344763004,111.67,0.0282976627563356
SPY260731C00642000,2026-04-09 13:31:46+00:00,642.0,54.37,101.88,105.19,0.0,0.0,1.0,14.0,0.21778125976562498,True,REGULAR,USD,call,2026-07-31,66,745.6400146484375,0.8610052939590389,103.535,0.03196986526295458
SPY260731C00643000,2026-04-15 19:51:04+00:00,643.0,72.1,100.94,104.25,0.0,0.0,1.0,103.0,0.21772022521972656,True,REGULAR,USD,call,2026-07-31,66,745.6400146484375,0.8623464237004081,102.595,0.0322627808372728
SPY260731C00644000,2026-05-14 13:39:24+00:00,644.0,109.12,106.28,109.48,0.0,0.0,6.0,94.0,0.3308782733154296,True,REGULAR,USD,call,2026-07-31,66,745.6400146484375,0.8636875534417774,107.88,0.029662588060808334
SPY260731C00645000,2026-05-22 19:03:01+00:00,645.0,107.68,105.33,108.53,5.239998,5.115187,3.0,175.0,0.3291693060302734,True,REGULAR,USD,call,2026-07-31,66,745.6400146484375,0.8650286831831465,106.93,0.02992611989151784
SPY260731C00646000,2026-05-13 14:55:24+00:00,646.0,101.63,104.38,107.58,0.0,0.0,1.0,32.0,0.3274298214721679,True,REGULAR,USD,call,2026-07-31,66,745.6400146484375,0.8663698129245158,105.97999999999999,0.030194376297414637
SPY260731C00647000,2026-05-13 14:43:44+00:00,647.0,99.62,103.43,106.63,0.0,0.0,6.0,1217.0,0.3257208541870117,True,REGULAR,USD,call,2026-07-31,66,745.6400146484375,0.867710942665885,105.03,0.03046748548033884
SPY260731C00648000,2026-04-15 19:51:04+00:00,648.0,67.83,96.28,99.6,0.0,0.0,1.0,9.0,0.21790332885742186,True,REGULAR,USD,call,2026-07-31,66,745.6400146484375,0.8690520724072542,97.94,0.03389830508474569
SPY260731C00649000,2026-05-08 14:06:30+00:00,649.0,96.59,101.54,104.74,0.0,0.0,1.0,11.0,0.3223944714355468,True,REGULAR,USD,call,2026-07-31,66,745.6400146484375,0.8703932021486235,103.14,0.031025790188093743
SPY260731C00650000,2026-05-19 15:45:47+00:00,650.0,91.85,100.59,103.76,0.0,0.0,1.0,1284.0,0.32022774505615226,True,REGULAR,USD,call,2026-07-31,66,745.6400146484375,0.8717343318899926,102.17500000000001,0.0310252018595547
SPY260731C00651000,2026-04-08 13:36:53+00:00,651.0,48.17,94.98,96.82,0.0,0.0,1.0,19.0,0.21759815612792968,True,REGULAR,USD,call,2026-07-31,66,745.6400146484375,0.8730754616313618,95.9,0.019186652763294985
SPY260731C00652000,2026-05-20 20:06:45+00:00,652.0,96.28,98.7,101.91,0.0,0.0,1.0,21.0,0.317389638671875,True,REGULAR,USD,call,2026-07-31,66,745.6400146484375,0.8744165913727311,100.305,0.03200239270225805
SPY260731C00653000,2026-05-12 17:54:49+00:00,653.0,91.66,97.76,100.93,0.0,0.0,2.0,46.0,0.31522291229248034,True,REGULAR,USD,call,2026-07-31,66,745.6400146484375,0.8757577211141003,99.345,0.0319090039760431
SPY260731C00654000,2026-05-22 14:05:02+00:00,654.0,98.79,96.82,100.02,1.8499985,1.9083953,2.0,154.0,0.3139717041015625,True,REGULAR,USD,call,2026-07-31,66,745.6400146484375,0.8770988508554696,98.41999999999999,0.03251371672424307
SPY260731C00655000,2026-05-22 14:31:33+00:00,655.0,97.2,95.88,99.05,10.0099945,11.480667,1.0,190.0,0.31192704681396477,True,REGULAR,USD,call,2026-07-31,66,745.6400146484375,0.8784399805968387,97.465,0.03252449597291337
SPY260731C00656000,2026-04-17 15:24:20+00:00,656.0,69.61,94.94,98.14,0.0,0.0,1.0,132.0,0.3106453213500976,True,REGULAR,USD,call,2026-07-31,66,745.6400146484375,0.8797811103382079,96.53999999999999,0.03314688212140049
SPY260731C00657000,2026-05-08 14:17:54+00:00,657.0,89.51,94.0,97.17,0.0,0.0,1.0,168.0,0.30857014678955075,True,REGULAR,USD,call,2026-07-31,66,745.6400146484375,0.8811222400795772,95.58500000000001,0.03316419940367214
SPY260731C00658000,2026-04-27 17:38:59+00:00,658.0,70.89,93.06,96.28,0.0,0.0,2.0,25.0,0.3075478181457519,True,REGULAR,USD,call,2026-07-31,66,745.6400146484375,0.8824633698209464,94.67,0.034012886870180614
SPY260731C00660000,2026-05-22 19:03:01+00:00,660.0,93.45,91.18,94.36,3.5899963,3.9950993,28.0,504.0,0.3036263485717773,True,REGULAR,USD,call,2026-07-31,66,745.6400146484375,0.8851456293036849,92.77000000000001,0.03427832273364226
SPY260731C00661000,2026-05-14 16:30:38+00:00,661.0,97.57,90.25,93.47,0.0,0.0,3.0,286.0,0.3025582440185547,True,REGULAR,USD,call,2026-07-31,66,745.6400146484375,0.886486759045054,91.86,0.03505334204223818
SPY260731C00662000,2026-05-15 16:52:15+00:00,662.0,88.37,89.31,92.53,0.0,0.0,1.0,82.0,0.3008187594604492,True,REGULAR,USD,call,2026-07-31,66,745.6400146484375,0.8878278887864233,90.92,0.035415750109986786
SPY260731C00663000,2026-05-22 17:57:37+00:00,663.0,91.18,88.38,91.59,6.779999,8.033174,2.0,161.0,0.2990945335388183,True,REGULAR,USD,call,2026-07-31,66,745.6400146484375,0.8891690185277925,89.985,0.03567261210201709
SPY260731C00664000,2026-05-22 19:40:40+00:00,664.0,89.05,87.45,90.67,8.220001,10.169493,4.0,71.0,0.29759918716430656,True,REGULAR,USD,call,2026-07-31,66,745.6400146484375,0.8905101482691617,89.06,0.03615540085335727
SPY260731C00665000,2026-05-22 15:57:03+00:00,665.0,89.78,86.52,89.74,8.449997,10.389766,1.0,568.0,0.29596651306152344,True,REGULAR,USD,call,2026-07-31,66,745.6400146484375,0.891851278010531,88.13,0.03653693407466242
SPY260731C00666000,2026-05-08 13:46:52+00:00,666.0,79.63,85.59,88.8,0.0,0.0,1.0,259.0,0.2941965112304687,True,REGULAR,USD,call,2026-07-31,66,745.6400146484375,0.8931924077519001,87.195,0.03681403750215028
SPY260731C00667000,2026-05-15 13:50:20+00:00,667.0,82.09,84.66,87.87,0.0,0.0,2.0,469.0,0.29254857849121085,True,REGULAR,USD,call,2026-07-31,66,745.6400146484375,0.8945335374932694,86.265,0.03721091984002791
SPY260731C00669000,2026-05-14 18:17:37+00:00,669.0,87.79,82.81,86.03,0.0,0.0,2.0,173.0,0.28943581665039053,True,REGULAR,USD,call,2026-07-31,66,745.6400146484375,0.8972157969760078,84.42,0.03814262023217246
SPY260731C00670000,2026-05-22 19:19:14+00:00,670.0,83.97,81.88,85.07,-3.290001,-3.7703424,5.0,784.0,0.2873911593627929,True,REGULAR,USD,call,2026-07-31,66,745.6400146484375,0.8985569267173771,83.475,0.03821503444144951
SPY260731C00671000,2026-05-06 19:50:01+00:00,671.0,74.73,80.96,84.18,0.0,0.0,11.0,149.0,0.2861704684448242,True,REGULAR,USD,call,2026-07-31,66,745.6400146484375,0.8998980564587462,82.57,0.038997214484679826
SPY260731C00672000,2026-05-19 14:18:17+00:00,672.0,70.67,80.04,83.26,0.0,0.0,1.0,57.0,0.28458357025146475,True,REGULAR,USD,call,2026-07-31,66,745.6400146484375,0.9012391862001154,81.65,0.03943661971830984
SPY260731C00673000,2026-05-15 17:11:23+00:00,673.0,78.39,79.12,82.34,0.0,0.0,1.0,265.0,0.2829661547851562,True,REGULAR,USD,call,2026-07-31,66,745.6400146484375,0.9025803159414847,80.73,0.03988603988603987
SPY260731C00674000,2026-05-12 18:51:25+00:00,674.0,71.67,78.2,81.42,0.0,0.0,1.0,388.0,0.28134873931884763,True,REGULAR,USD,call,2026-07-31,66,745.6400146484375,0.9039214456828539,79.81,0.0403458213256484
SPY260731C00675000,2026-05-22 19:03:01+00:00,675.0,79.44,77.28,80.51,1.9500046,2.5164597,4.0,652.0,0.27982287567138664,True,REGULAR,USD,call,2026-07-31,66,745.6400146484375,0.9052625754242232,78.89500000000001,0.04094049052538188
SPY260731C00676000,2026-05-15 13:39:05+00:00,676.0,74.89,76.37,79.6,0.0,0.0,5.0,104.0,0.27829701202392576,True,REGULAR,USD,call,2026-07-31,66,745.6400146484375,0.9066037051655924,77.985,0.041418221452843365
SPY260731C00677000,2026-05-18 19:01:29+00:00,677.0,69.32,75.45,78.65,0.0,0.0,1.0,49.0,0.27629813064575187,True,REGULAR,USD,call,2026-07-31,66,745.6400146484375,0.9079448349069615,77.05000000000001,0.041531473069435464
SPY260731C00678000,2026-05-22 15:08:52+00:00,678.0,76.98,74.54,77.73,-3.0199966,-3.7749958,1.0,135.0,0.27461968063354497,True,REGULAR,USD,call,2026-07-31,66,745.6400146484375,0.9092859646483308,76.135,0.04189925789715634
SPY260731C00679000,2026-05-21 18:48:39+00:00,679.0,72.43,73.63,76.82,0.0,0.0,1.0,267.0,0.27304804107666014,True,REGULAR,USD,call,2026-07-31,66,745.6400146484375,0.9106270943897,75.225,0.0424061149883682
SPY260731C00680000,2026-05-22 13:33:48+00:00,680.0,75.42,72.72,75.92,2.4199982,3.3150659,1.0,670.0,0.2715832119750976,True,REGULAR,USD,call,2026-07-31,66,745.6400146484375,0.9119682241310693,74.32,0.04305705059203449
SPY260731C00681000,2026-05-15 19:45:06+00:00,681.0,70.96,71.81,75.05,0.0,0.0,1.0,478.0,0.2704082969665527,True,REGULAR,USD,call,2026-07-31,66,745.6400146484375,0.9133093538724385,73.43,0.04412365518180573
SPY260731C00682000,2026-05-15 14:25:11+00:00,682.0,71.0,70.9,74.1,0.0,0.0,2.0,390.0,0.2683483810424804,True,REGULAR,USD,call,2026-07-31,66,745.6400146484375,0.9146504836138076,72.5,0.0441379310344826
SPY260731C00683000,2026-05-22 13:56:19+00:00,683.0,72.69,70.0,73.24,4.6500015,6.834217,3.0,286.0,0.26726501785278317,True,REGULAR,USD,call,2026-07-31,66,745.6400146484375,0.9159916133551769,71.62,0.04523876012287063
SPY260731C00684000,2026-05-19 15:34:59+00:00,684.0,60.48,69.1,72.34,0.0,0.0,1.0,243.0,0.2657238955688477,True,REGULAR,USD,call,2026-07-31,66,745.6400146484375,0.9173327430965461,70.72,0.04581447963800918
SPY260731C00685000,2026-05-21 16:05:32+00:00,685.0,64.79,68.2,71.44,0.0,0.0,3.0,611.0,0.26416751464843746,True,REGULAR,USD,call,2026-07-31,66,745.6400146484375,0.9186738728379154,69.82,0.04640504153537661
SPY260731C00686000,2026-05-22 13:48:34+00:00,686.0,70.0,67.3,70.54,6.700001,10.584519,1.0,153.0,0.26258061645507813,True,REGULAR,USD,call,2026-07-31,66,745.6400146484375,0.9200150025792846,68.92,0.04701102727800361
SPY260731C00687000,2026-05-21 16:56:10+00:00,687.0,62.5,66.4,69.65,0.0,0.0,3.0,61.0,0.261100528717041,True,REGULAR,USD,call,2026-07-31,66,745.6400146484375,0.9213561323206537,68.025,0.04777655273796398
SPY260731C00688000,2026-05-21 16:56:12+00:00,688.0,61.61,65.51,68.76,0.0,0.0,2.0,129.0,0.2595899237060547,True,REGULAR,USD,call,2026-07-31,66,745.6400146484375,0.922697262062023,67.135,0.04840992030982349
SPY260731C00689000,2026-05-21 16:55:53+00:00,689.0,60.66,64.62,67.87,0.0,0.0,3.0,185.0,0.2580640600585938,True,REGULAR,USD,call,2026-07-31,66,745.6400146484375,0.9240383918033922,66.245,0.04906030643822175
SPY260731C00690000,2026-05-22 19:34:13+00:00,690.0,66.12,63.73,66.98,3.3100014,5.2698636,4.0,1138.0,0.25653819641113285,True,REGULAR,USD,call,2026-07-31,66,745.6400146484375,0.9253795215447614,65.355,0.04972840639583822
SPY260731C00691000,2026-05-21 16:55:46+00:00,691.0,58.88,62.84,66.09,0.0,0.0,2.0,176.0,0.25498181549072274,True,REGULAR,USD,call,2026-07-31,66,745.6400146484375,0.9267206512861307,64.465,0.050414953850926855
SPY260731C00692000,2026-05-22 14:54:49+00:00,692.0,63.77,61.95,65.21,5.7299995,9.8725,1.0,237.0,0.2535017277526856,True,REGULAR,USD,call,2026-07-31,66,745.6400146484375,0.9280617810274999,63.58,0.05127398553004075
SPY260731C00693000,2026-05-21 16:57:42+00:00,693.0,57.14,61.07,64.33,0.0,0.0,9.0,253.0,0.2520063813781738,True,REGULAR,USD,call,2026-07-31,66,745.6400146484375,0.929402910768869,62.7,0.051993620414673015
SPY260731C00694000,2026-05-21 16:57:10+00:00,694.0,56.45,60.19,63.45,0.0,0.0,11.0,117.0,0.25049577636718745,True,REGULAR,USD,call,2026-07-31,66,745.6400146484375,0.9307440405102383,61.82,0.052733743125202286
SPY260731C00695000,2026-05-21 16:59:55+00:00,695.0,55.57,59.31,62.57,0.0,0.0,13.0,899.0,0.24896991271972657,True,REGULAR,USD,call,2026-07-31,66,745.6400146484375,0.9320851702516075,60.94,0.05349524122087296
SPY260731C00696000,2026-05-22 15:11:19+00:00,696.0,60.64,58.43,61.69,5.959999,10.899778,5.0,448.0,0.2474135317993164,True,REGULAR,USD,call,2026-07-31,66,745.6400146484375,0.9334262999929768,60.06,0.054279054279054245
SPY260731C00697000,2026-05-21 16:57:40+00:00,697.0,53.72,57.56,60.82,0.0,0.0,11.0,208.0,0.24594870269775393,True,REGULAR,USD,call,2026-07-31,66,745.6400146484375,0.934767429734346,59.19,0.055076871093090014
SPY260731C00698000,2026-05-22 14:01:25+00:00,698.0,59.8,56.69,59.95,6.669998,12.55411,3.0,136.0,0.24445335632324222,True,REGULAR,USD,call,2026-07-31,66,745.6400146484375,0.9361085594757151,58.32,0.05589849108367636
SPY260731C00699000,2026-05-22 19:05:23+00:00,699.0,58.73,55.82,59.09,6.6499977,12.768812,6.0,348.0,0.24303430313110352,True,REGULAR,USD,call,2026-07-31,66,745.6400146484375,0.9374496892170844,57.455,0.05691410669219395
SPY260731C00700000,2026-05-22 16:53:17+00:00,700.0,57.7,55.12,58.22,4.3199997,8.092918,19.0,2414.0,0.24149318084716798,True,REGULAR,USD,call,2026-07-31,66,745.6400146484375,0.9387908189584536,56.67,0.05470266454914419
SPY260731C00701000,2026-05-21 16:58:48+00:00,701.0,50.46,54.12,57.36,0.0,0.0,13.0,276.0,0.24004361038208005,True,REGULAR,USD,call,2026-07-31,66,745.6400146484375,0.9401319486998229,55.739999999999995,0.05812701829924654
SPY260731C00702000,2026-05-22 17:42:56+00:00,702.0,56.5,53.23,56.5,6.6500015,13.340023,1.0,353.0,0.23856352264404296,True,REGULAR,USD,call,2026-07-31,66,745.6400146484375,0.9414730784411921,54.864999999999995,0.0596008384215803
SPY260731C00703000,2026-05-21 17:03:25+00:00,703.0,48.94,52.37,55.65,0.0,0.0,21.0,230.0,0.23714446945190426,True,REGULAR,USD,call,2026-07-31,66,745.6400146484375,0.9428142081825612,54.01,0.06072949453804853
SPY260731C00704000,2026-05-22 16:52:22+00:00,704.0,55.62,51.52,54.8,7.6499977,15.947463,1.0,208.0,0.235710157623291,True,REGULAR,USD,call,2026-07-31,66,745.6400146484375,0.9441553379239305,53.16,0.06170052671181329
SPY260731C00705000,2026-05-22 18:39:26+00:00,705.0,53.54,50.67,53.95,4.450001,9.064984,3.0,416.0,0.2342605871582031,True,REGULAR,USD,call,2026-07-31,66,745.6400146484375,0.9454964676652997,52.31,0.0627031160389983
SPY260731C00706000,2026-05-21 18:30:43+00:00,706.0,49.7,49.82,53.11,0.0,0.0,59.0,393.0,0.23285679260253905,True,REGULAR,USD,call,2026-07-31,66,745.6400146484375,0.946837597406669,51.465,0.06392694063926939
SPY260731C00707000,2026-05-22 16:31:03+00:00,707.0,51.92,48.98,52.27,2.7999992,5.7003245,1.0,263.0,0.231452998046875,True,REGULAR,USD,call,2026-07-31,66,745.6400146484375,0.9481787271480382,50.625,0.06498765432098778
SPY260731C00708000,2026-05-22 14:39:28+00:00,708.0,49.3,48.14,51.43,2.630001,5.6353145,1.0,334.0,0.23001868621826171,True,REGULAR,USD,call,2026-07-31,66,745.6400146484375,0.9495198568894074,49.785,0.06608416189615345
SPY260731C00709000,2026-05-22 19:28:39+00:00,709.0,49.0,47.3,50.59,3.1599998,6.8935423,1.0,153.0,0.22855385711669923,True,REGULAR,USD,call,2026-07-31,66,745.6400146484375,0.9508609866307766,48.945,0.06721830626213109
SPY260731C00710000,2026-05-22 16:15:54+00:00,710.0,49.05,46.47,49.76,2.579998,5.5519643,3.0,1137.0,0.22715006256103515,True,REGULAR,USD,call,2026-07-31,66,745.6400146484375,0.9522021163721458,48.114999999999995,0.0683778447469604
SPY260731C00711000,2026-05-22 19:28:40+00:00,711.0,46.5,46.05,48.8,1.5999985,3.5634708,15.0,445.0,0.2245560943603515,True,REGULAR,USD,call,2026-07-31,66,745.6400146484375,0.953543246113515,47.425,0.057986294148655776
SPY260731C00712000,2026-05-21 17:33:32+00:00,712.0,44.09,44.81,48.11,0.0,0.0,1.0,320.0,0.2243577320861816,True,REGULAR,USD,call,2026-07-31,66,745.6400146484375,0.9548843758548843,46.46,0.07102884201463619
SPY260731C00713000,2026-05-22 19:18:59+00:00,713.0,45.5,44.2,47.29,2.3300018,5.397271,17.0,351.0,0.22296919616699218,True,REGULAR,USD,call,2026-07-31,66,745.6400146484375,0.9562255055962535,45.745000000000005,0.06754836594163288
SPY260731C00714000,2026-05-22 18:10:30+00:00,714.0,46.18,43.61,46.48,6.299999,15.79739,1.0,415.0,0.22162643615722655,True,REGULAR,USD,call,2026-07-31,66,745.6400146484375,0.9575666353376227,45.045,0.06371406371406366
SPY260731C00715000,2026-05-22 19:29:01+00:00,715.0,43.93,42.82,44.37,3.7700005,9.387451,8.0,894.0,0.20879392288208004,True,REGULAR,USD,call,2026-07-31,66,745.6400146484375,0.9589077650789919,43.595,0.03555453607065024
SPY260731C00716000,2026-05-22 16:04:31+00:00,716.0,44.63,41.55,44.86,4.170002,10.30648,14.0,517.0,0.21887988159179686,True,REGULAR,USD,call,2026-07-31,66,745.6400146484375,0.9602488948203611,43.205,0.07661150329822942
SPY260731C00717000,2026-05-22 19:55:27+00:00,717.0,42.12,40.74,44.06,3.9500008,10.348444,6.0,468.0,0.21753712158203126,True,REGULAR,USD,call,2026-07-31,66,745.6400146484375,0.9615900245617304,42.400000000000006,0.07830188679245283
SPY260731C00718000,2026-05-22 19:00:57+00:00,718.0,42.5,39.95,43.26,3.8499985,9.961185,8.0,102.0,0.216179102935791,True,REGULAR,USD,call,2026-07-31,66,745.6400146484375,0.9629311543030996,41.605000000000004,0.07955774546328553
SPY260731C00719000,2026-05-22 18:47:51+00:00,719.0,41.71,39.56,41.09,4.209999,11.226665,9.0,1162.0,0.2029803823852539,True,REGULAR,USD,call,2026-07-31,66,745.6400146484375,0.9642722840444689,40.325,0.03794172349659023
SPY260731C00720000,2026-05-22 19:55:27+00:00,720.0,39.72,39.91,41.68,2.6900024,7.2643867,20.0,2491.0,0.21352410018920898,True,REGULAR,USD,call,2026-07-31,66,745.6400146484375,0.965613413785838,40.795,0.043387670057605174
SPY260731C00721000,2026-05-22 17:57:14+00:00,721.0,40.41,37.57,40.9,4.1100006,11.322316,9.0,616.0,0.2122423747253418,True,REGULAR,USD,call,2026-07-31,66,745.6400146484375,0.9669545435272072,39.235,0.08487319994902506
SPY260731C00722000,2026-05-22 17:54:09+00:00,722.0,39.64,36.8,40.12,4.279999,12.104069,8.0,521.0,0.21091487335205078,True,REGULAR,USD,call,2026-07-31,66,745.6400146484375,0.9682956732685765,38.459999999999994,0.08632345293811755
SPY260731C00725000,2026-05-22 19:35:59+00:00,725.0,36.34,35.7,37.82,1.5999985,4.605637,3.0,1475.0,0.2070696969604492,True,REGULAR,USD,call,2026-07-31,66,745.6400146484375,0.9723190624926841,36.760000000000005,0.057671381936887846
SPY260731C00726000,2026-05-22 13:31:05+00:00,726.0,35.97,33.72,37.06,1.9400024,5.7008595,1.0,285.0,0.2057727128601074,True,REGULAR,USD,call,2026-07-31,66,745.6400146484375,0.9736601922340533,35.39,0.0943769426391637
SPY260731C00727000,2026-05-22 15:58:08+00:00,727.0,35.88,32.97,36.31,5.960001,19.919788,2.0,49.0,0.204536763305664,True,REGULAR,USD,call,2026-07-31,66,745.6400146484375,0.9750013219754226,34.64,0.0964203233256352
SPY260731C00728000,2026-05-22 17:56:01+00:00,728.0,34.98,32.22,35.57,5.459999,18.495932,5.0,343.0,0.2033313310241699,True,REGULAR,USD,call,2026-07-31,66,745.6400146484375,0.9763424517167918,33.894999999999996,0.09883463637704681
SPY260731C00729000,2026-05-22 19:49:33+00:00,729.0,32.74,31.48,34.83,0.5600014,1.7402155,4.0,202.0,0.20208012283325194,True,REGULAR,USD,call,2026-07-31,66,745.6400146484375,0.977683581458161,33.155,0.10104056703362985
SPY260731C00730000,2026-05-22 19:50:04+00:00,730.0,32.16,30.74,34.1,1.5499992,5.063702,13.0,1456.0,0.2008899491882324,True,REGULAR,USD,call,2026-07-31,66,745.6400146484375,0.9790247111995302,32.42,0.10363972856261576
SPY260731C00731000,2026-05-22 19:50:04+00:00,731.0,31.1,30.19,33.37,5.2299995,20.216465,1.0,236.0,0.19963874099731443,True,REGULAR,USD,call,2026-07-31,66,745.6400146484375,0.9803658409408994,31.78,0.10006293266205148
SPY260731C00732000,2026-05-21 19:16:08+00:00,732.0,29.15,29.5,32.65,0.0,0.0,7.0,203.0,0.19844856735229488,True,REGULAR,USD,call,2026-07-31,66,745.6400146484375,0.9817069706822686,31.075,0.10136765888978275
SPY260731C00733000,2026-05-20 17:34:03+00:00,733.0,27.41,28.79,31.94,0.0,0.0,2.0,422.0,0.1972889109802246,True,REGULAR,USD,call,2026-07-31,66,745.6400146484375,0.9830481004236379,30.365000000000002,0.10373785608430765
SPY260731C00734000,2026-05-21 17:57:39+00:00,734.0,28.95,27.86,31.24,0.0,0.0,2.0,890.0,0.1961597718811035,True,REGULAR,USD,call,2026-07-31,66,745.6400146484375,0.9843892301650071,29.549999999999997,0.11438240270727579
SPY260731C00735000,2026-05-22 18:13:25+00:00,735.0,29.55,28.61,30.54,2.5699997,9.525574,8.0,716.0,0.19500011550903318,True,REGULAR,USD,call,2026-07-31,66,745.6400146484375,0.9857303599063764,29.575,0.06525781910397294
SPY260731C00736000,2026-05-20 18:12:44+00:00,736.0,25.0,26.46,29.85,0.0,0.0,65.0,351.0,0.19387097640991213,True,REGULAR,USD,call,2026-07-31,66,745.6400146484375,0.9870714896477455,28.155,0.12040490143846565
SPY260731C00737000,2026-05-22 16:20:00+00:00,737.0,28.17,25.77,29.16,2.7399998,10.774674,1.0,231.0,0.1927113200378418,True,REGULAR,USD,call,2026-07-31,66,745.6400146484375,0.9884126193891147,27.465,0.12342981977061718
SPY260731C00738000,2026-05-22 19:23:39+00:00,738.0,27.03,26.72,27.86,4.4300003,19.60177,269.0,287.0,0.18666889999389646,True,REGULAR,USD,call,2026-07-31,66,745.6400146484375,0.989753749130484,27.29,0.04177354342249911
SPY260731C00739000,2026-05-22 16:59:43+00:00,739.0,26.96,24.58,27.82,2.58,10.582445,3.0,392.0,0.19054459365844728,True,REGULAR,USD,call,2026-07-31,66,745.6400146484375,0.9910948788718532,26.2,0.12366412213740466
SPY260731C00740000,2026-05-22 19:29:45+00:00,740.0,25.35,25.39,25.69,2.08,8.938547,65.0,1612.0,0.1779257012939453,True,REGULAR,USD,call,2026-07-31,66,745.6400146484375,0.9924360086132225,25.54,0.011746280344557585
SPY260731C00741000,2026-05-22 19:46:28+00:00,741.0,24.25,23.53,26.5,1.0499992,4.5258584,12.0,501.0,0.18836260864257812,True,REGULAR,USD,call,2026-07-31,66,745.6400146484375,0.9937771383545916,25.015,0.11872876274235454
SPY260731C00742000,2026-05-22 19:51:51+00:00,742.0,23.94,24.04,25.86,1.8600006,8.423916,48.0,430.0,0.18734027999877928,True,REGULAR,USD,call,2026-07-31,66,745.6400146484375,0.9951182680959608,24.95,0.07294589178356715
SPY260731C00743000,2026-05-22 14:34:49+00:00,743.0,23.56,23.44,25.22,1.8599987,8.571423,9.0,238.0,0.18628743408203124,True,REGULAR,USD,call,2026-07-31,66,745.6400146484375,0.9964593978373301,24.33,0.07316070694615691
SPY260731C00744000,2026-05-22 17:46:14+00:00,744.0,24.18,22.25,24.59,2.9300003,13.788237,68.0,403.0,0.18526510543823238,True,REGULAR,USD,call,2026-07-31,66,745.6400146484375,0.9978005275786993,23.42,0.09991460290350127
SPY260731C00745000,2026-05-22 19:50:01+00:00,745.0,22.17,22.19,22.47,1.9300003,9.535575,197.0,812.0,0.17256991989135745,True,REGULAR,USD,call,2026-07-31,66,745.6400146484375,0.9991416573200685,22.33,0.012539184952977948
SPY260731C00746000,2026-05-22 19:53:50+00:00,746.0,21.5,21.65,21.71,0.84000015,4.0658283,24.0,333.0,0.17043371078491215,False,REGULAR,USD,call,2026-07-31,66,745.6400146484375,1.0004827870614377,21.68,0.0027675276752768575
SPY260731C00747000,2026-05-22 19:21:36+00:00,747.0,21.17,21.05,21.1,1.8600006,9.6323185,33.0,407.0,0.1694113821411133,False,REGULAR,USD,call,2026-07-31,66,745.6400146484375,1.001823916802807,21.075000000000003,0.0023724792408066765
SPY260731C00748000,2026-05-22 19:58:49+00:00,748.0,20.6,20.45,20.5,2.3700008,13.000554,96.0,166.0,0.1684195707702637,False,REGULAR,USD,call,2026-07-31,66,745.6400146484375,1.0031650465441762,20.475,0.0024420024420024767
SPY260731C00749000,2026-05-22 19:21:37+00:00,749.0,19.98,19.86,19.91,2.0900002,11.682506,80.0,287.0,0.16744301803588868,False,REGULAR,USD,call,2026-07-31,66,745.6400146484375,1.0045061762855454,19.884999999999998,0.0025144581342721
SPY260731C00750000,2026-05-22 19:59:34+00:00,750.0,19.49,19.28,19.33,1.7199993,9.679231,1034.0,6974.0,0.16648172393798832,False,REGULAR,USD,call,2026-07-31,66,745.6400146484375,1.0058473060269146,19.305,0.002590002590002443
SPY260731C00751000,2026-05-22 16:26:43+00:00,751.0,19.46,18.71,18.76,1.3799992,7.632739,2.0,485.0,0.16553568847656253,False,REGULAR,USD,call,2026-07-31,66,745.6400146484375,1.0071884357682839,18.735,0.002668801708033131
SPY260731C00752000,2026-05-22 19:59:34+00:00,752.0,18.35,18.15,18.2,1.2399998,7.2472224,38.0,374.0,0.16462017028808595,False,REGULAR,USD,call,2026-07-31,66,745.6400146484375,1.0085295655096531,18.174999999999997,0.0027510316368638634
SPY260731C00753000,2026-05-21 18:52:18+00:00,753.0,15.76,17.6,17.65,0.0,0.0,7.0,383.0,0.163719910736084,False,REGULAR,USD,call,2026-07-31,66,745.6400146484375,1.0098706952510224,17.625,0.0028368794326239523
SPY260731C00754000,2026-05-22 17:57:39+00:00,754.0,17.97,17.06,17.11,3.9799995,28.448889,5.0,344.0,0.16283490982055665,False,REGULAR,USD,call,2026-07-31,66,745.6400146484375,1.0112118249923914,17.085,0.0029265437518291313
SPY260731C00755000,2026-05-22 19:59:34+00:00,755.0,16.73,16.53,16.58,1.6699991,11.088971,49.0,27355.0,0.16196516754150392,False,REGULAR,USD,call,2026-07-31,66,745.6400146484375,1.0125529547337606,16.555,0.0030202355783749417
SPY260731C00756000,2026-05-22 15:11:32+00:00,756.0,16.58,16.01,16.06,2.7600002,19.97106,8.0,523.0,0.1611106838989258,False,REGULAR,USD,call,2026-07-31,66,745.6400146484375,1.0138940844751299,16.035,0.003118178983473474
SPY260731C00757000,2026-05-22 16:51:32+00:00,757.0,16.21,15.5,15.55,2.6999989,19.985188,14.0,91.0,0.1602714588928223,False,REGULAR,USD,call,2026-07-31,66,745.6400146484375,1.015235214216499,15.525,0.0032206119162641357
SPY260731C00758000,2026-05-22 19:23:20+00:00,758.0,15.18,15.0,15.05,1.4700003,10.722102,21.0,265.0,0.15944749252319335,False,REGULAR,USD,call,2026-07-31,66,745.6400146484375,1.0165763439578683,15.025,0.003327787021630663
SPY260731C00759000,2026-05-22 19:59:34+00:00,759.0,14.71,14.51,14.56,3.0100002,25.726498,2.0,164.0,0.15863878479003907,False,REGULAR,USD,call,2026-07-31,66,745.6400146484375,1.0179174736992376,14.535,0.0034399724802202073
SPY260731C00760000,2026-05-22 19:58:29+00:00,760.0,14.09,14.03,14.08,0.9800005,7.4752135,144.0,2929.0,0.15784533569335937,False,REGULAR,USD,call,2026-07-31,66,745.6400146484375,1.0192586034406068,14.055,0.003557452863749606
SPY260731C00761000,2026-05-22 18:39:26+00:00,761.0,14.07,13.56,13.61,3.2299995,29.797045,10.0,145.0,0.1570671452331543,False,REGULAR,USD,call,2026-07-31,66,745.6400146484375,1.020599733181976,13.585,0.0036805299963193912
SPY260731C00762000,2026-05-22 13:36:11+00:00,762.0,13.82,13.1,13.15,1.8699999,15.648535,1.0,112.0,0.15630421340942385,False,REGULAR,USD,call,2026-07-31,66,745.6400146484375,1.0219408629233453,13.125,0.0038095238095238637
SPY260731C00763000,2026-05-22 19:44:51+00:00,763.0,12.65,12.65,12.7,1.46,13.047364,42.0,176.0,0.15554128158569336,False,REGULAR,USD,call,2026-07-31,66,745.6400146484375,1.0232819926647145,12.675,0.003944773175542322
SPY260731C00764000,2026-05-22 13:56:52+00:00,764.0,12.86,12.21,12.26,3.0999994,31.762287,2.0,485.0,0.15480886703491215,False,REGULAR,USD,call,2026-07-31,66,745.6400146484375,1.0246231224060838,12.235,0.004086636697997461
SPY260731C00765000,2026-05-22 19:50:29+00:00,765.0,11.7,11.78,11.83,1.5299997,15.044245,120.0,1252.0,0.15407645248413088,False,REGULAR,USD,call,2026-07-31,66,745.6400146484375,1.0259642521474528,11.805,0.004235493434985236
SPY260731C00766000,2026-05-22 17:29:37+00:00,766.0,12.52,11.37,11.42,3.5900002,40.20157,76.0,200.0,0.1534508483886719,False,REGULAR,USD,call,2026-07-31,66,745.6400146484375,1.027305381888822,11.395,0.004387889425186548
SPY260731C00767000,2026-05-22 17:29:39+00:00,767.0,12.13,10.96,11.01,3.3599997,38.312424,7.0,671.0,0.15274895111083986,False,REGULAR,USD,call,2026-07-31,66,745.6400146484375,1.0286465116301913,10.985,0.0045516613563949876
SPY260731C00768000,2026-05-22 14:02:32+00:00,768.0,10.84,10.56,10.61,1.0200005,10.3869705,1.0,242.0,0.15204705383300782,False,REGULAR,USD,call,2026-07-31,66,745.6400146484375,1.0299876413715605,10.585,0.004723665564477934
SPY260731C00769000,2026-05-22 19:58:29+00:00,769.0,10.26,10.18,10.22,0.5600004,5.7732005,1.0,197.0,0.15137567382812503,False,REGULAR,USD,call,2026-07-31,66,745.6400146484375,1.0313287711129298,10.2,0.003921568627451071
SPY260731C00770000,2026-05-22 20:00:15+00:00,770.0,9.81,9.8,9.85,1.2800007,15.00587,194.0,832.0,0.15079584564208987,False,REGULAR,USD,call,2026-07-31,66,745.6400146484375,1.032669900854299,9.825,0.00508905852417292
SPY260731C00771000,2026-05-22 15:31:56+00:00,771.0,10.31,9.43,9.48,1.3900003,15.582964,13.0,261.0,0.15015498291015628,False,REGULAR,USD,call,2026-07-31,66,745.6400146484375,1.0340110305956682,9.455,0.005288207297726146
SPY260731C00772000,2026-05-22 15:31:56+00:00,772.0,9.94,9.08,9.13,2.0099998,25.346783,2.0,60.0,0.1496056719970703,False,REGULAR,USD,call,2026-07-31,66,745.6400146484375,1.0353521603370375,9.105,0.0054914881933004625
SPY260731C00773000,2026-05-22 20:00:24+00:00,773.0,8.71,8.73,8.78,0.17000008,1.9906332,2.0,64.0,0.14899532653808595,False,REGULAR,USD,call,2026-07-31,66,745.6400146484375,1.0366932900784067,8.754999999999999,0.005711022272986744
SPY260731C00774000,2026-05-21 19:54:39+00:00,774.0,7.28,8.4,8.44,0.0,0.0,18.0,297.0,0.14838498107910159,False,REGULAR,USD,call,2026-07-31,66,745.6400146484375,1.038034419819776,8.42,0.004750593824227927
SPY260731C00775000,2026-05-22 19:03:10+00:00,775.0,8.25,8.07,8.12,1.1199999,15.708274,2502.0,2050.0,0.14789670471191407,False,REGULAR,USD,call,2026-07-31,66,745.6400146484375,1.0393755495611452,8.094999999999999,0.006176652254477942
SPY260731C00776000,2026-05-19 14:13:50+00:00,776.0,4.87,7.75,7.8,0.0,0.0,2.0,123.0,0.14731687652587894,False,REGULAR,USD,call,2026-07-31,66,745.6400146484375,1.0407166793025142,7.775,0.006430868167202549
SPY260731C00777000,2026-05-22 19:29:01+00:00,777.0,7.54,7.45,7.49,1.4099998,23.001629,2.0,228.0,0.14676756561279297,False,REGULAR,USD,call,2026-07-31,66,745.6400146484375,1.0420578090438835,7.470000000000001,0.005354752342704154
SPY260731C00778000,2026-05-22 19:29:01+00:00,778.0,7.23,7.15,7.2,1.4200001,24.44062,2.0,97.0,0.1463403237915039,False,REGULAR,USD,call,2026-07-31,66,745.6400146484375,1.0433989387852527,7.175000000000001,0.006968641114982553
SPY260731C00779000,2026-05-22 17:27:58+00:00,779.0,7.49,6.86,6.91,1.4699998,24.418602,11.0,614.0,0.1458367887878418,False,REGULAR,USD,call,2026-07-31,66,745.6400146484375,1.044740068526622,6.885,0.007262164124909197
SPY260731C00780000,2026-05-22 20:05:01+00:00,780.0,6.58,6.58,6.63,0.9200001,16.25442,113.0,2637.0,0.14534851242065427,False,REGULAR,USD,call,2026-07-31,66,745.6400146484375,1.0460811982679912,6.605,0.0075700227100681024
SPY260731C00781000,2026-05-21 17:22:51+00:00,781.0,5.41,6.31,6.36,0.0,0.0,21.0,160.0,0.14487549468994143,False,REGULAR,USD,call,2026-07-31,66,745.6400146484375,1.0474223280093604,6.335,0.007892659826361595
SPY260731C00782000,2026-05-21 17:11:03+00:00,782.0,4.76,6.05,6.1,0.0,0.0,175.0,400.0,0.14444825286865232,False,REGULAR,USD,call,2026-07-31,66,745.6400146484375,1.0487634577507297,6.074999999999999,0.00823045267489709
SPY260731C00783000,2026-05-22 19:03:21+00:00,783.0,6.0,5.8,5.85,0.9200001,18.110237,1.0,532.0,0.14403626968383787,False,REGULAR,USD,call,2026-07-31,66,745.6400146484375,1.050104587492099,5.824999999999999,0.008583690987124434
SPY260731C00784000,2026-05-22 16:19:50+00:00,784.0,6.02,5.56,5.6,1.75,40.983604,11.0,883.0,0.143563251953125,False,REGULAR,USD,call,2026-07-31,66,745.6400146484375,1.0514457172334681,5.58,0.007168458781362013
SPY260731C00785000,2026-05-22 19:50:38+00:00,785.0,5.35,5.32,5.37,0.71000004,15.301725,130.0,1255.0,0.1431970446777344,False,REGULAR,USD,call,2026-07-31,66,745.6400146484375,1.0527868469748374,5.345000000000001,0.00935453695042092
SPY260731C00790000,2026-05-22 19:59:39+00:00,790.0,4.3,4.27,4.31,0.4100001,10.539847,376.0,732.0,0.14133549102783205,False,REGULAR,USD,call,2026-07-31,66,745.6400146484375,1.0594924956816834,4.289999999999999,0.009324009324009334
SPY260731C00795000,2026-05-22 19:16:26+00:00,795.0,3.47,3.39,3.43,0.5799999,20.0692,67.0,1334.0,0.13974859283447266,False,REGULAR,USD,call,2026-07-31,66,745.6400146484375,1.0661981443885296,3.41,0.011730205278592386
SPY260731C00800000,2026-05-22 20:04:20+00:00,800.0,2.66,2.67,2.71,0.2900002,12.236296,877.0,2677.0,0.13843635009765626,False,REGULAR,USD,call,2026-07-31,66,745.6400146484375,1.0729037930953755,2.69,0.014869888475836444
SPY260731C00805000,2026-05-22 19:37:05+00:00,805.0,2.18,2.09,2.13,0.35000002,19.125683,156.0,737.0,0.13739876281738284,False,REGULAR,USD,call,2026-07-31,66,745.6400146484375,1.0796094418022217,2.11,0.018957345971564
SPY260731C00810000,2026-05-22 18:38:34+00:00,810.0,1.79,1.63,1.66,0.3499999,24.305548,702.0,804.0,0.13648324462890626,False,REGULAR,USD,call,2026-07-31,66,745.6400146484375,1.0863150905090677,1.645,0.018237082066869317
SPY260731C00815000,2026-05-22 20:09:54+00:00,815.0,1.26,1.27,1.3,0.15999997,14.545451,929.0,602.0,0.13611703735351563,False,REGULAR,USD,call,2026-07-31,66,745.6400146484375,1.093020739215914,1.2850000000000001,0.023346303501945543
SPY260731C00820000,2026-05-22 15:48:58+00:00,820.0,1.17,0.98,1.01,0.34999996,42.682922,630.0,1219.0,0.13575083007812502,False,REGULAR,USD,call,2026-07-31,66,745.6400146484375,1.09972638792276,0.995,0.030150753768844248
SPY260731C00825000,2026-05-22 19:58:25+00:00,825.0,0.79,0.77,0.79,0.17000002,27.41936,7306.0,1202.0,0.13581186462402345,False,REGULAR,USD,call,2026-07-31,66,745.6400146484375,1.106432036629606,0.78,0.025641025641025664
SPY260731C00830000,2026-05-22 19:56:14+00:00,830.0,0.61,0.6,0.62,0.08000004,15.094349,187.0,1072.0,0.13611703735351563,False,REGULAR,USD,call,2026-07-31,66,745.6400146484375,1.113137685336452,0.61,0.03278688524590167
SPY260731C00835000,2026-05-22 17:48:08+00:00,835.0,0.59,0.47,0.49,0.21999997,59.45945,18.0,46.0,0.13666634826660157,False,REGULAR,USD,call,2026-07-31,66,745.6400146484375,1.1198433340432983,0.48,0.041666666666666706
SPY260731C00840000,2026-05-22 19:15:46+00:00,840.0,0.41,0.38,0.4,0.099999994,32.258064,39.0,52.0,0.1380091082763672,False,REGULAR,USD,call,2026-07-31,66,745.6400146484375,1.1265489827501443,0.39,0.05128205128205133
SPY260821C00525000,2026-04-21 14:56:16+00:00,525.0,192.4,224.3,227.09,0.0,0.0,1.0,5.0,0.5227708856201172,True,REGULAR,USD,call,2026-08-21,87,745.6400146484375,0.7040931142188402,225.695,0.012361815724761258
SPY260821C00530000,2026-05-22 18:10:27+00:00,530.0,222.15,219.4,222.19,27.439987,14.092747,1.0,5.0,0.513554669189453,True,REGULAR,USD,call,2026-08-21,87,745.6400146484375,0.7107987629256863,220.79500000000002,0.012636155710047744
SPY260821C00540000,2026-05-07 14:18:52+00:00,540.0,201.08,209.63,212.42,0.0,0.0,4.0,2.0,0.49573258178710944,True,REGULAR,USD,call,2026-08-21,87,745.6400146484375,0.7242100603393785,211.02499999999998,0.013221182324369115
SPY260821C00545000,2026-05-22 19:12:37+00:00,545.0,206.63,204.74,207.53,22.040009,11.9399805,1.0,233.0,0.4866994689941406,True,REGULAR,USD,call,2026-08-21,87,745.6400146484375,0.7309157090462246,206.135,0.01353481941446136
SPY260821C00550000,2026-05-22 19:41:32+00:00,550.0,200.82,199.86,202.65,11.150009,5.8786364,1.0,182.0,0.4778494598388672,True,REGULAR,USD,call,2026-08-21,87,745.6400146484375,0.7376213577530707,201.255,0.01386300961466792
SPY260821C00555000,2026-04-29 19:50:00+00:00,555.0,164.11,194.98,197.78,0.0,0.0,1.0,110.0,0.4691825543212891,True,REGULAR,USD,call,2026-08-21,87,745.6400146484375,0.7443270064599168,196.38,0.014258071086668761
SPY260821C00560000,2026-05-13 16:37:39+00:00,560.0,187.78,190.11,192.9,0.0,0.0,1.0,9.0,0.4602715106201172,True,REGULAR,USD,call,2026-08-21,87,745.6400146484375,0.7510326551667629,191.505,0.014568810213832497
SPY260821C00565000,2026-05-22 13:51:05+00:00,565.0,187.49,185.24,188.04,13.440002,7.7219205,3.0,35.0,0.45169615692138676,True,REGULAR,USD,call,2026-08-21,87,745.6400146484375,0.757738303873609,186.64,0.015002143163308954
SPY260821C00570000,2026-05-13 14:54:35+00:00,570.0,175.92,180.38,183.19,0.0,0.0,8.0,28.0,0.44324287231445314,True,REGULAR,USD,call,2026-08-21,87,745.6400146484375,0.764443952580455,181.785,0.015457821052342065
SPY260821C00575000,2026-05-18 16:52:38+00:00,575.0,168.28,175.53,178.32,0.0,0.0,2.0,27.0,0.4344233804321289,True,REGULAR,USD,call,2026-08-21,87,745.6400146484375,0.7711496012873011,176.925,0.015769393810936793
SPY260821C00580000,2026-05-07 13:47:14+00:00,580.0,161.65,170.68,173.49,0.0,0.0,5.0,360.0,0.4262142340087891,True,REGULAR,USD,call,2026-08-21,87,745.6400146484375,0.7778552499941473,172.085,0.01632913966934946
SPY260821C00585000,2026-05-18 15:52:33+00:00,585.0,158.73,165.84,168.65,0.0,0.0,1.0,42.0,0.4177914666748046,True,REGULAR,USD,call,2026-08-21,87,745.6400146484375,0.7845608987009934,167.245,0.016801698107566758
SPY260821C00590000,2026-05-19 13:48:28+00:00,590.0,153.0,161.01,163.8,0.0,0.0,3.0,74.0,0.40915507843017573,True,REGULAR,USD,call,2026-08-21,87,745.6400146484375,0.7912665474078395,162.405,0.017179274037129523
SPY260821C00595000,2026-05-22 14:22:02+00:00,595.0,156.84,156.18,158.99,6.970001,4.650698,6.0,556.0,0.4010374838256836,True,REGULAR,USD,call,2026-08-21,87,745.6400146484375,0.7979721961146856,157.585,0.01783164641304694
SPY260821C00600000,2026-05-22 19:31:02+00:00,600.0,152.5,151.36,154.16,7.220001,4.9697146,3.0,659.0,0.39258419921875,True,REGULAR,USD,call,2026-08-21,87,745.6400146484375,0.8046778448215317,152.76,0.01832940560356103
SPY260821C00605000,2026-05-06 18:00:21+00:00,605.0,136.43,146.56,149.38,0.0,0.0,2.0,103.0,0.3847412600708008,True,REGULAR,USD,call,2026-08-21,87,745.6400146484375,0.8113834935283778,147.97,0.019057917145367257
SPY260821C00610000,2026-05-22 19:19:48+00:00,610.0,143.45,141.77,144.57,6.73999,4.9301367,30.0,443.0,0.37641004455566407,True,REGULAR,USD,call,2026-08-21,87,745.6400146484375,0.8180891422352239,143.17000000000002,0.019557169798141948
SPY260821C00615000,2026-05-21 19:04:43+00:00,615.0,134.62,137.0,139.8,0.0,0.0,2.0,91.0,0.3685060708618164,True,REGULAR,USD,call,2026-08-21,87,745.6400146484375,0.82479479094207,138.4,0.02023121387283245
SPY260821C00620000,2026-05-22 14:39:30+00:00,620.0,133.75,132.23,135.02,2.9299927,2.239713,2.0,67.0,0.36037321762084956,True,REGULAR,USD,call,2026-08-21,87,745.6400146484375,0.8315004396489161,133.625,0.02087932647333972
SPY260821C00625000,2026-05-22 17:28:13+00:00,625.0,131.0,127.47,130.28,12.43,10.483259,3.0,127.0,0.35263708892822265,True,REGULAR,USD,call,2026-08-21,87,745.6400146484375,0.8382060883557622,128.875,0.02180407371483998
SPY260821C00630000,2026-05-19 14:18:38+00:00,630.0,112.45,122.74,125.53,0.0,0.0,1.0,592.0,0.3446415634155273,True,REGULAR,USD,call,2026-08-21,87,745.6400146484375,0.8449117370626082,124.13499999999999,0.022475530672252036
SPY260821C00635000,2026-05-22 13:30:04+00:00,635.0,118.02,118.01,120.82,3.659996,3.2004163,2.0,81.0,0.3370122451782227,True,REGULAR,USD,call,2026-08-21,87,745.6400146484375,0.8516173857694543,119.41499999999999,0.02353138215467059
SPY260821C00640000,2026-05-22 14:19:38+00:00,640.0,112.6,113.31,116.11,1.6299973,1.468863,2.0,2609.0,0.3291998233032226,True,REGULAR,USD,call,2026-08-21,87,745.6400146484375,0.8583230344763004,114.71000000000001,0.024409380176096215
SPY260821C00645000,2026-05-21 18:03:39+00:00,645.0,108.4,108.64,111.43,0.0,0.0,1.0,224.0,0.3216010223388671,True,REGULAR,USD,call,2026-08-21,87,745.6400146484375,0.8650286831831465,110.035,0.02535556868269193
SPY260821C00650000,2026-05-22 16:09:24+00:00,650.0,107.74,103.98,106.77,0.45999908,0.42878366,1.0,364.0,0.31403273864746095,True,REGULAR,USD,call,2026-08-21,87,745.6400146484375,0.8717343318899926,105.375,0.02647686832740206
SPY260821C00655000,2026-05-21 15:54:07+00:00,655.0,95.39,99.34,102.15,0.0,0.0,6.0,712.0,0.30667807586669915,True,REGULAR,USD,call,2026-08-21,87,745.6400146484375,0.8784399805968387,100.745,0.027892203087001858
SPY260821C00660000,2026-05-18 19:02:43+00:00,660.0,89.54,94.74,97.52,0.0,0.0,1.0,498.0,0.2990334989929199,True,REGULAR,USD,call,2026-08-21,87,745.6400146484375,0.8851456293036849,96.13,0.028919171954644766
SPY260821C00665000,2026-05-22 13:48:01+00:00,665.0,93.38,90.16,92.95,5.529999,6.29482,1.0,1100.0,0.29177038803100575,True,REGULAR,USD,call,2026-08-21,87,745.6400146484375,0.891851278010531,91.555,0.030473485882802753
SPY260821C00670000,2026-05-22 14:06:59+00:00,670.0,86.68,85.6,88.39,3.1100006,3.721432,1.0,1978.0,0.28436994934082027,True,REGULAR,USD,call,2026-08-21,87,745.6400146484375,0.8985569267173771,86.995,0.03207080866716485
SPY260821C00675000,2026-05-22 18:24:52+00:00,675.0,83.98,81.09,83.9,3.6500015,4.543759,1.0,1374.0,0.27735097656249996,True,REGULAR,USD,call,2026-08-21,87,745.6400146484375,0.9052625754242232,82.495,0.03406267046487668
SPY260821C00680000,2026-05-22 18:08:54+00:00,680.0,79.72,76.62,79.43,3.590004,4.7156234,3.0,2058.0,0.2702404519653321,True,REGULAR,USD,call,2026-08-21,87,745.6400146484375,0.9119682241310693,78.025,0.036014098045498266
SPY260821C00685000,2026-05-22 18:23:37+00:00,685.0,74.77,72.19,75.0,2.4799957,3.4306207,3.0,1565.0,0.2631604446411133,True,REGULAR,USD,call,2026-08-21,87,745.6400146484375,0.9186738728379154,73.595,0.0381819417079965
SPY260821C00686000,2026-05-22 17:28:17+00:00,686.0,74.58,71.31,74.09,0.0,0.0,1.0,,0.2615125119018554,True,REGULAR,USD,call,2026-08-21,87,745.6400146484375,0.9200150025792846,72.7,0.03823933975240717
SPY260821C00690000,2026-05-22 15:28:42+00:00,690.0,70.04,67.8,70.61,3.8799973,5.8645663,2.0,5113.0,0.2561109545898438,True,REGULAR,USD,call,2026-08-21,87,745.6400146484375,0.9253795215447614,69.205,0.04060400260096817
SPY260821C00695000,2026-05-22 14:24:40+00:00,695.0,64.5,63.47,66.26,2.5900002,4.1834927,1.0,2964.0,0.249030947265625,True,REGULAR,USD,call,2026-08-21,87,745.6400146484375,0.9320851702516075,64.86500000000001,0.04301241039081177
SPY260821C00700000,2026-05-22 19:46:33+00:00,700.0,59.93,59.2,61.99,2.5100021,4.371303,131.0,3101.0,0.24221033676147458,True,REGULAR,USD,call,2026-08-21,87,745.6400146484375,0.9387908189584536,60.595,0.04604340292103307
SPY260821C00705000,2026-05-22 18:06:17+00:00,705.0,57.49,55.0,57.79,4.2300034,7.9421773,3.0,1818.0,0.2355117953491211,True,REGULAR,USD,call,2026-08-21,87,745.6400146484375,0.9454964676652997,56.394999999999996,0.049472470963737906
SPY260821C00707000,2026-05-22 13:51:08+00:00,707.0,55.36,53.34,56.13,0.0,0.0,5.0,,0.23285679260253905,True,REGULAR,USD,call,2026-08-21,87,745.6400146484375,0.9481787271480382,54.735,0.050972869279254575
SPY260821C00708000,2026-05-22 16:52:22+00:00,708.0,56.13,52.51,55.31,0.0,0.0,1.0,,0.2315903257751465,True,REGULAR,USD,call,2026-08-21,87,745.6400146484375,0.9495198568894074,53.91,0.0519384158783158
SPY260821C00710000,2026-05-22 19:22:10+00:00,710.0,53.05,52.08,53.66,2.9500008,5.888225,36.0,3069.0,0.22888954711914064,True,REGULAR,USD,call,2026-08-21,87,745.6400146484375,0.9522021163721458,52.87,0.0298846226593531
SPY260821C00715000,2026-05-22 19:03:16+00:00,715.0,48.56,46.84,49.65,2.880001,6.3047304,58.0,1685.0,0.22266402343749997,True,REGULAR,USD,call,2026-08-21,87,745.6400146484375,0.9589077650789919,48.245000000000005,0.05824437765571551
SPY260821C00716000,2026-05-22 15:23:31+00:00,716.0,48.23,46.05,48.83,0.0,0.0,20.0,,0.2212144529724121,True,REGULAR,USD,call,2026-08-21,87,745.6400146484375,0.9602488948203611,47.44,0.05860033726812819
SPY260821C00719000,2026-05-22 15:25:56+00:00,719.0,46.02,43.68,46.48,0.0,0.0,16.0,,0.21755238021850587,True,REGULAR,USD,call,2026-08-21,87,745.6400146484375,0.9642722840444689,45.08,0.06211180124223596
SPY260821C00720000,2026-05-22 19:31:46+00:00,720.0,44.2,42.9,45.69,2.7000008,6.506026,125.0,5084.0,0.2162248788452148,True,REGULAR,USD,call,2026-08-21,87,745.6400146484375,0.965613413785838,44.295,0.06298679309177106
SPY260821C00725000,2026-05-22 19:00:16+00:00,725.0,41.2,39.07,41.86,3.2999992,8.707122,33.0,2288.0,0.21012142425537106,True,REGULAR,USD,call,2026-08-21,87,745.6400146484375,0.9723190624926841,40.465,0.06894847398986775
SPY260821C00726000,2026-05-22 18:13:57+00:00,726.0,40.55,38.32,41.11,0.0,0.0,2.0,,0.2089388799285888,True,REGULAR,USD,call,2026-08-21,87,745.6400146484375,0.9736601922340533,39.715,0.070250535062319
SPY260821C00730000,2026-05-22 19:52:09+00:00,730.0,36.43,35.6,37.9,1.4300003,4.0857153,44.0,3139.0,0.20243107147216793,True,REGULAR,USD,call,2026-08-21,87,745.6400146484375,0.9790247111995302,36.75,0.06258503401360536
SPY260821C00735000,2026-05-22 19:58:38+00:00,735.0,33.26,32.14,33.4,2.0899982,6.7051597,55.0,10414.0,0.19033097274780275,True,REGULAR,USD,call,2026-08-21,87,745.6400146484375,0.9857303599063764,32.769999999999996,0.038449801647848586
SPY260821C00740000,2026-05-22 20:08:06+00:00,740.0,29.67,29.69,29.94,1.7700005,6.3440876,251.0,7014.0,0.18469290657043455,True,REGULAR,USD,call,2026-08-21,87,745.6400146484375,0.9924360086132225,29.815,0.008385041086701324
SPY260821C00741000,2026-05-22 14:56:25+00:00,741.0,29.63,27.81,29.23,0.0,0.0,1.0,,0.1833425172424316,True,REGULAR,USD,call,2026-08-21,87,745.6400146484375,0.9937771383545916,28.52,0.04978962131837313
SPY260821C00744000,2026-05-22 15:25:45+00:00,744.0,28.06,25.87,28.47,0.0,0.0,16.0,,0.18839312591552732,True,REGULAR,USD,call,2026-08-21,87,745.6400146484375,0.9978005275786993,27.17,0.09569377990430614
SPY260821C00745000,2026-05-22 20:10:59+00:00,745.0,26.5,26.46,26.66,1.6599998,6.6827693,277.0,11623.0,0.17939053039550779,True,REGULAR,USD,call,2026-08-21,87,745.6400146484375,0.9991416573200685,26.560000000000002,0.007530120481927683
SPY260821C00746000,2026-05-22 19:55:20+00:00,746.0,25.79,25.38,27.2,-0.97999954,-3.6608126,30.0,,0.1863637272644043,False,REGULAR,USD,call,2026-08-21,87,745.6400146484375,1.0004827870614377,26.29,0.0692278432864207
SPY260821C00747000,2026-05-22 18:32:12+00:00,747.0,26.05,25.28,25.34,-0.3199997,-1.2134991,24.0,,0.17693388992309572,False,REGULAR,USD,call,2026-08-21,87,745.6400146484375,1.001823916802807,25.310000000000002,0.0023706045041485073
SPY260821C00748000,2026-05-22 19:03:51+00:00,748.0,24.95,24.67,24.73,-0.70000076,-2.7290475,28.0,,0.17598785446166992,False,REGULAR,USD,call,2026-08-21,87,745.6400146484375,1.0031650465441762,24.700000000000003,0.0024291497975707983
SPY260821C00749000,2026-05-22 14:22:08+00:00,749.0,23.63,24.06,24.12,-1.8199997,-7.1512756,20.0,,0.1750113017272949,False,REGULAR,USD,call,2026-08-21,87,745.6400146484375,1.0045061762855454,24.09,0.0024906600249066948
SPY260821C00750000,2026-05-22 19:59:18+00:00,750.0,23.67,23.47,23.53,1.710001,7.78689,2258.0,7125.0,0.174111042175293,False,REGULAR,USD,call,2026-08-21,87,745.6400146484375,1.0058473060269146,23.5,0.0025531914893617987
SPY260821C00752000,2026-05-22 14:22:08+00:00,752.0,21.91,22.31,22.36,-1.7299995,-7.3181033,20.0,,0.17228000579833985,False,REGULAR,USD,call,2026-08-21,87,745.6400146484375,1.0085295655096531,22.335,0.002238638907544245
SPY260821C00753000,2026-05-22 19:34:30+00:00,753.0,21.78,21.74,21.79,-0.8299999,-3.6709416,6.0,,0.1713950048828125,False,REGULAR,USD,call,2026-08-21,87,745.6400146484375,1.0098706952510224,21.765,0.0022972662531587735
SPY260821C00754000,2026-05-22 14:18:02+00:00,754.0,21.22,21.18,21.23,0.0,0.0,1.0,,0.17052526260375983,False,REGULAR,USD,call,2026-08-21,87,745.6400146484375,1.0112118249923914,21.205,0.00235793444942234
SPY260821C00755000,2026-05-22 19:39:28+00:00,755.0,20.7,20.62,20.68,1.4800014,7.7003202,26.0,1686.0,0.16968603759765627,False,REGULAR,USD,call,2026-08-21,87,745.6400146484375,1.0125529547337606,20.65,0.0029055690072638607
SPY260821C00756000,2026-05-22 19:35:46+00:00,756.0,20.14,20.08,20.14,-0.09000015,-0.4448846,50.0,,0.168877329864502,False,REGULAR,USD,call,2026-08-21,87,745.6400146484375,1.0138940844751299,20.11,0.0029835902536052847
SPY260821C00757000,2026-05-22 19:44:51+00:00,757.0,19.51,19.54,19.6,-0.6000004,-2.983592,49.0,,0.16802284622192387,False,REGULAR,USD,call,2026-08-21,87,745.6400146484375,1.015235214216499,19.57,0.00306591722023517
SPY260821C00758000,2026-05-22 19:38:45+00:00,758.0,19.02,19.02,19.07,-0.8199997,-4.133063,126.0,,0.16718362121582034,False,REGULAR,USD,call,2026-08-21,87,745.6400146484375,1.0165763439578683,19.045,0.0026253609871357683
SPY260821C00759000,2026-05-22 17:29:26+00:00,759.0,19.56,18.5,18.56,1.2399998,6.768558,21.0,,0.16643594802856448,False,REGULAR,USD,call,2026-08-21,87,745.6400146484375,1.0179174736992376,18.53,0.0032379924446842264
SPY260821C00760000,2026-05-22 19:59:18+00:00,760.0,18.17,17.99,18.05,1.5200005,9.129132,123.0,4946.0,0.16564249893188482,False,REGULAR,USD,call,2026-08-21,87,745.6400146484375,1.0192586034406068,18.02,0.0033296337402886943
SPY260821C00761000,2026-05-22 19:55:57+00:00,761.0,17.49,17.49,17.55,-0.84000015,-4.582652,34.0,,0.1648643084716797,False,REGULAR,USD,call,2026-08-21,87,745.6400146484375,1.020599733181976,17.52,0.0034246575342467053
SPY260821C00762000,2026-05-22 18:04:21+00:00,762.0,17.61,17.0,17.06,-0.17000008,-0.95613086,7.0,,0.16411663528442383,False,REGULAR,USD,call,2026-08-21,87,745.6400146484375,1.0219408629233453,17.03,0.003523194362888944
SPY260821C00763000,2026-05-22 15:25:26+00:00,763.0,17.31,16.52,16.57,0.7600002,4.592147,11.0,,0.16332318618774416,False,REGULAR,USD,call,2026-08-21,87,745.6400146484375,1.0232819926647145,16.545,0.0030220610456331643
SPY260821C00764000,2026-05-22 18:36:31+00:00,764.0,16.58,16.04,16.1,-0.29000092,-1.7190331,15.0,,0.1626060302734375,False,REGULAR,USD,call,2026-08-21,87,745.6400146484375,1.0246231224060838,16.07,0.003733665214685891
SPY260821C00765000,2026-05-22 19:45:28+00:00,765.0,15.53,15.58,15.64,1.5500002,11.08727,199.0,3184.0,0.16191939163208008,False,REGULAR,USD,call,2026-08-21,87,745.6400146484375,1.0259642521474528,15.61,0.0038436899423446827
SPY260821C00766000,2026-05-22 17:57:43+00:00,766.0,15.94,15.12,15.18,0.069999695,0.44108188,13.0,,0.1611869770812988,False,REGULAR,USD,call,2026-08-21,87,745.6400146484375,1.027305381888822,15.149999999999999,0.003960396039603993
SPY260821C00767000,2026-05-22 15:39:37+00:00,767.0,15.62,14.68,14.73,0.15999985,1.0349278,13.0,,0.1604698211669922,False,REGULAR,USD,call,2026-08-21,87,745.6400146484375,1.0286465116301913,14.705,0.0034002040122407826
SPY260821C00768000,2026-05-22 19:55:36+00:00,768.0,14.21,14.24,14.3,-0.069999695,-0.49019396,33.0,,0.15984421707153318,False,REGULAR,USD,call,2026-08-21,87,745.6400146484375,1.0299876413715605,14.27,0.004204625087596391
SPY260821C00769000,2026-05-22 19:23:02+00:00,769.0,13.93,13.81,13.87,-0.64000034,-4.3925896,189.0,,0.1591575784301758,False,REGULAR,USD,call,2026-08-21,87,745.6400146484375,1.0313287711129298,13.84,0.004335260115606844
SPY260821C00770000,2026-05-22 19:31:33+00:00,770.0,13.38,13.39,13.45,1.25,10.305028,919.0,3827.0,0.1585014570617676,False,REGULAR,USD,call,2026-08-21,87,745.6400146484375,1.032669900854299,13.42,0.00447093889716831
SPY260821C00771000,2026-05-22 18:35:41+00:00,771.0,13.51,12.98,13.04,-0.1800003,-1.3148305,7.0,,0.15787585296630857,False,REGULAR,USD,call,2026-08-21,87,745.6400146484375,1.0340110305956682,13.01,0.004611837048424191
SPY260821C00772000,2026-05-22 15:39:37+00:00,772.0,13.47,12.58,12.63,0.18999958,1.4307196,6.0,,0.1571892143249512,False,REGULAR,USD,call,2026-08-21,87,745.6400146484375,1.0353521603370375,12.605,0.003966679888933019
SPY260821C00773000,2026-05-22 19:47:20+00:00,773.0,12.07,12.19,12.24,-0.8000002,-6.2160077,11.0,,0.15659412750244145,False,REGULAR,USD,call,2026-08-21,87,745.6400146484375,1.0366932900784067,12.215,0.004093327875562891
SPY260821C00774000,2026-05-22 18:36:34+00:00,774.0,12.3,11.81,11.86,-0.5,-3.90625,185.0,,0.15601429931640626,False,REGULAR,USD,call,2026-08-21,87,745.6400146484375,1.038034419819776,11.835,0.0042247570764680125
SPY260821C00775000,2026-05-22 20:10:59+00:00,775.0,11.45,11.43,11.48,1.3599997,13.478689,195.0,1977.0,0.1554039538574219,False,REGULAR,USD,call,2026-08-21,87,745.6400146484375,1.0393755495611452,11.455,0.00436490615451774
SPY260821C00776000,2026-05-22 19:51:08+00:00,776.0,11.09,11.06,11.12,-0.64000034,-5.456098,14.0,,0.1548699015808106,False,REGULAR,USD,call,2026-08-21,87,745.6400146484375,1.0407166793025142,11.09,0.005410279531108992
SPY260821C00777000,2026-05-22 19:51:00+00:00,777.0,10.72,10.71,10.76,-0.6800003,-5.964915,12.0,,0.1542900733947754,False,REGULAR,USD,call,2026-08-21,87,745.6400146484375,1.0420578090438835,10.735,0.004657661853749319
SPY260821C00778000,2026-05-22 18:28:50+00:00,778.0,10.94,10.36,10.41,-0.069999695,-0.6357829,9.0,,0.15374076248168944,False,REGULAR,USD,call,2026-08-21,87,745.6400146484375,1.0433989387852527,10.385,0.0048146364949447
SPY260821C00779000,2026-05-22 16:16:01+00:00,779.0,10.59,10.02,10.07,-0.06000042,-0.5633842,16.0,,0.15320671020507814,False,REGULAR,USD,call,2026-08-21,87,745.6400146484375,1.044740068526622,10.045,0.004977600796416198
SPY260821C00780000,2026-05-22 20:00:00+00:00,780.0,9.7,9.69,9.74,0.78999996,8.866442,972.0,2986.0,0.15268791656494146,False,REGULAR,USD,call,2026-08-21,87,745.6400146484375,1.0460811982679912,9.715,0.005146680391147783
SPY260821C00781000,2026-05-22 16:03:24+00:00,781.0,10.11,9.37,9.41,0.14999962,1.5060202,22.0,,0.1521386056518555,False,REGULAR,USD,call,2026-08-21,87,745.6400146484375,1.0474223280093604,9.39,0.004259850905218416
SPY260821C00782000,2026-05-22 19:02:06+00:00,782.0,9.45,9.05,9.1,-0.21000004,-2.1739135,68.0,,0.1516808465576172,False,REGULAR,USD,call,2026-08-21,87,745.6400146484375,1.0487634577507297,9.075,0.00550964187327812
SPY260821C00783000,2026-05-22 18:47:38+00:00,783.0,9.19,8.74,8.79,-0.15999985,-1.7112285,134.0,,0.15116205291748053,False,REGULAR,USD,call,2026-08-21,87,745.6400146484375,1.050104587492099,8.765,0.005704506560182422
SPY260821C00784000,2026-05-22 19:43:01+00:00,784.0,8.41,8.45,8.49,-0.6300001,-6.969028,48.0,,0.15067377655029301,False,REGULAR,USD,call,2026-08-21,87,745.6400146484375,1.0514457172334681,8.469999999999999,0.0047225501770957416
SPY260821C00785000,2026-05-22 19:44:51+00:00,785.0,8.18,8.16,8.2,0.9300003,12.82759,239.0,941.0,0.15021601745605473,False,REGULAR,USD,call,2026-08-21,87,745.6400146484375,1.0527868469748374,8.18,0.004889975550122145
SPY260821C00786000,2026-05-22 15:30:06+00:00,786.0,8.6,7.87,7.92,-0.010000229,-0.11614667,9.0,,0.14978877563476564,False,REGULAR,USD,call,2026-08-21,87,745.6400146484375,1.0541279767162064,7.895,0.0063331222292590025
SPY260821C00787000,2026-05-22 16:16:13+00:00,787.0,8.12,7.6,7.65,-0.03999996,-0.49019563,11.0,,0.14939205108642578,False,REGULAR,USD,call,2026-08-21,87,745.6400146484375,1.0554691064575756,7.625,0.006557377049180421
SPY260821C00788000,2026-05-22 16:18:22+00:00,788.0,7.86,7.33,7.38,-0.059999943,-0.75757504,15.0,,0.1489495506286621,False,REGULAR,USD,call,2026-08-21,87,745.6400146484375,1.0568102361989449,7.355,0.006798096532970744
SPY260821C00789000,2026-05-22 16:18:24+00:00,789.0,7.6,7.07,7.12,-0.07000017,-0.9126489,18.0,,0.14852230880737305,False,REGULAR,USD,call,2026-08-21,87,745.6400146484375,1.0581513659403141,7.095000000000001,0.007047216349541905
SPY260821C00790000,2026-05-22 20:01:23+00:00,790.0,6.77,6.82,6.87,0.75999975,12.645586,204.0,2787.0,0.14814084289550783,False,REGULAR,USD,call,2026-08-21,87,745.6400146484375,1.0594924956816834,6.845000000000001,0.007304601899196467
SPY260821C00791000,2026-05-22 17:28:17+00:00,791.0,7.42,6.58,6.62,0.3499999,4.950494,27.0,,0.14769834243774416,False,REGULAR,USD,call,2026-08-21,87,745.6400146484375,1.0608336254230526,6.6,0.006060606060606067
SPY260821C00792000,2026-05-22 19:10:54+00:00,792.0,6.55,6.34,6.39,-0.3000002,-4.3795643,8.0,,0.14739316970825195,False,REGULAR,USD,call,2026-08-21,87,745.6400146484375,1.0621747551644218,6.365,0.007855459544383318
SPY260821C00793000,2026-05-22 15:18:49+00:00,793.0,6.61,6.11,6.16,0.0,0.0,5.0,,0.14702696243286134,False,REGULAR,USD,call,2026-08-21,87,745.6400146484375,1.063515884905791,6.135,0.00814995925020372
SPY260821C00794000,2026-05-22 15:27:05+00:00,794.0,6.45,5.89,5.93,0.07000017,1.0971814,5.0,,0.14659972061157228,False,REGULAR,USD,call,2026-08-21,87,745.6400146484375,1.0648570146471603,5.91,0.006768189509306266
SPY260821C00795000,2026-05-22 19:01:19+00:00,795.0,5.99,5.67,5.72,1.1199999,22.997946,63.0,1690.0,0.14630980651855469,False,REGULAR,USD,call,2026-08-21,87,745.6400146484375,1.0661981443885296,5.695,0.008779631255487239
SPY260821C00796000,2026-05-22 19:42:04+00:00,796.0,5.48,5.46,5.51,-0.46000004,-7.744108,6.0,,0.14597411651611325,False,REGULAR,USD,call,2026-08-21,87,745.6400146484375,1.0675392741298988,5.484999999999999,0.009115770282588847
SPY260821C00797000,2026-05-22 15:27:21+00:00,797.0,5.8,5.26,5.3,0.19999981,3.571425,35.0,,0.14557739196777342,False,REGULAR,USD,call,2026-08-21,87,745.6400146484375,1.0688804038712678,5.279999999999999,0.007575757575757584
SPY260821C00798000,2026-05-22 19:46:22+00:00,798.0,5.0,5.06,5.11,-0.55999994,-10.071941,28.0,,0.1453332537841797,False,REGULAR,USD,call,2026-08-21,87,745.6400146484375,1.070221533612637,5.085,0.00983284169124891
SPY260821C00799000,2026-05-22 15:29:38+00:00,799.0,5.44,4.87,4.92,0.07999992,1.4925358,15.0,,0.1450280810546875,False,REGULAR,USD,call,2026-08-21,87,745.6400146484375,1.0715626633540063,4.895,0.010214504596527034
SPY260821C00800000,2026-05-22 20:00:13+00:00,800.0,4.7,4.69,4.72,0.48000002,11.374409,721.0,6916.0,0.1445550633239746,False,REGULAR,USD,call,2026-08-21,87,745.6400146484375,1.0729037930953755,4.705,0.006376195536662989
SPY260821C00805000,2026-05-22 20:07:28+00:00,805.0,3.83,3.85,3.89,0.3499999,10.057468,663.0,9008.0,0.1432428205871582,False,REGULAR,USD,call,2026-08-21,87,745.6400146484375,1.0796094418022217,3.87,0.010335917312661508
SPY260821C00810000,2026-05-22 19:51:13+00:00,810.0,3.17,3.15,3.19,0.3800001,13.620075,112.0,2165.0,0.14212894012451172,False,REGULAR,USD,call,2026-08-21,87,745.6400146484375,1.0863150905090677,3.17,0.012618296529968466
SPY260821C00815000,2026-05-22 19:59:12+00:00,815.0,2.62,2.56,2.6,0.40999985,18.552029,119.0,1682.0,0.14112187011718752,False,REGULAR,USD,call,2026-08-21,87,745.6400146484375,1.093020739215914,2.58,0.015503875968992262
SPY260821C00820000,2026-05-22 19:26:41+00:00,820.0,2.13,2.08,2.11,0.37000012,21.022734,436.0,1650.0,0.14026738647460937,False,REGULAR,USD,call,2026-08-21,87,745.6400146484375,1.09972638792276,2.0949999999999998,0.01431980906921232
SPY260821C00825000,2026-05-22 20:02:20+00:00,825.0,1.65,1.68,1.71,0.14999998,9.999999,1819.0,6639.0,0.139657041015625,False,REGULAR,USD,call,2026-08-21,87,745.6400146484375,1.106432036629606,1.6949999999999998,0.017699115044247805
SPY260821C00830000,2026-05-22 19:59:39+00:00,830.0,1.38,1.36,1.39,0.17999995,14.999994,4822.0,814.0,0.13935186828613283,False,REGULAR,USD,call,2026-08-21,87,745.6400146484375,1.113137685336452,1.375,0.021818181818181678
SPY260821C00835000,2026-05-22 17:31:30+00:00,835.0,1.35,1.1,1.13,0.44,48.351646,12.0,759.0,0.13922979919433598,False,REGULAR,USD,call,2026-08-21,87,745.6400146484375,1.1198433340432983,1.115,0.02690582959641238
SPY260821C00840000,2026-05-22 16:44:02+00:00,840.0,1.02,0.89,0.92,0.21999997,27.499994,57.0,615.0,0.1392908337402344,False,REGULAR,USD,call,2026-08-21,87,745.6400146484375,1.1265489827501443,0.905,0.03314917127071826
SPY260821C00845000,2026-05-22 14:07:48+00:00,845.0,0.77,0.72,0.75,0.29,60.416668,5.0,452.0,0.1394739373779297,False,REGULAR,USD,call,2026-08-21,87,745.6400146484375,1.1332546314569905,0.735,0.04081632653061228
SPY260821C00850000,2026-05-22 19:46:28+00:00,850.0,0.6,0.59,0.61,0.100000024,20.000004,57.0,5012.0,0.13971807556152344,False,REGULAR,USD,call,2026-08-21,87,745.6400146484375,1.1399602801638364,0.6,0.03333333333333337
SPY260821C00855000,2026-05-22 16:37:53+00:00,855.0,0.58,0.49,0.51,0.26,81.25,1.0,368.0,0.14063359375,False,REGULAR,USD,call,2026-08-21,87,745.6400146484375,1.1466659288706826,0.5,0.040000000000000036
SPY260821C00860000,2026-05-22 19:54:16+00:00,860.0,0.42,0.41,0.42,0.13999999,49.999992,19.0,2895.0,0.1412439392089844,False,REGULAR,USD,call,2026-08-21,87,745.6400146484375,1.1533715775775288,0.415,0.024096385542168697
SPY260821C00870000,2026-05-22 18:01:21+00:00,870.0,0.32,0.29,0.31,0.099999994,45.454544,16.0,1504.0,0.14429566650390624,False,REGULAR,USD,call,2026-08-21,87,745.6400146484375,1.166782874991221,0.3,0.06666666666666674
SPY260821C00880000,2026-05-22 19:57:27+00:00,880.0,0.23,0.21,0.23,0.030000001,15.000001,3.0,1708.0,0.14722532470703126,False,REGULAR,USD,call,2026-08-21,87,745.6400146484375,1.1801941724049132,0.22,0.090909090909091
SPY260821C00890000,2026-05-22 17:09:52+00:00,890.0,0.18,0.16,0.18,0.050000012,38.461548,3.0,759.0,0.1511315356445313,False,REGULAR,USD,call,2026-08-21,87,745.6400146484375,1.1936054698186054,0.16999999999999998,0.11764705882352937
SPY260821C00900000,2026-05-22 17:09:52+00:00,900.0,0.14,0.13,0.15,0.020000003,16.66667,29.0,2887.0,0.1557701611328125,False,REGULAR,USD,call,2026-08-21,87,745.6400146484375,1.2070167672322976,0.14,0.14285714285714277
SPY260821C00905000,2026-05-22 14:11:31+00:00,905.0,0.12,0.12,0.13,0.009999998,9.090907,2.0,200.0,0.157234990234375,False,REGULAR,USD,call,2026-08-21,87,745.6400146484375,1.2137224159391435,0.125,0.08000000000000007
SPY260821C00910000,2026-05-19 18:56:46+00:00,910.0,0.09,0.1,0.12,0.0,0.0,350.0,596.0,0.1596763720703125,False,REGULAR,USD,call,2026-08-21,87,745.6400146484375,1.2204280646459897,0.11,0.18181818181818174
SPY260821C00915000,2026-05-22 14:06:27+00:00,915.0,0.1,0.09,0.11,0.0,0.0,3.0,302.0,0.16211775390625,False,REGULAR,USD,call,2026-08-21,87,745.6400146484375,1.2271337133528357,0.1,0.20000000000000004
SPY260821C00920000,2026-05-18 19:29:44+00:00,920.0,0.08,0.09,0.1,0.0,0.0,78.0,544.0,0.16407085937500002,False,REGULAR,USD,call,2026-08-21,87,745.6400146484375,1.233839362059682,0.095,0.10526315789473693
SPY260821C00925000,2026-05-22 18:29:57+00:00,925.0,0.1,0.08,0.1,0.040000003,66.66667,20.0,312.0,0.16773293212890628,False,REGULAR,USD,call,2026-08-21,87,745.6400146484375,1.240545010766528,0.09,0.22222222222222227
SPY260821C00930000,2026-05-20 19:40:09+00:00,930.0,0.07,0.07,0.09,0.0,0.0,2.0,395.0,0.1694418994140625,False,REGULAR,USD,call,2026-08-21,87,745.6400146484375,1.247250659473374,0.08,0.24999999999999986
SPY260821C00935000,2026-05-15 16:47:23+00:00,935.0,0.09,0.07,0.08,0.0,0.0,4.0,694.0,0.17090672851562502,False,REGULAR,USD,call,2026-08-21,87,745.6400146484375,1.2539563081802203,0.07500000000000001,0.13333333333333325
SPY260821C00940000,2026-05-21 13:44:40+00:00,940.0,0.06,0.06,0.08,0.0,0.0,1.0,1732.0,0.174812939453125,False,REGULAR,USD,call,2026-08-21,87,745.6400146484375,1.2606619568870663,0.07,0.28571428571428575
SPY260821C00945000,2026-05-22 18:09:24+00:00,945.0,0.08,0.06,0.08,0.009999998,14.285712,1.0,1935.0,0.1782308740234375,False,REGULAR,USD,call,2026-08-21,87,745.6400146484375,1.2673676055939125,0.07,0.28571428571428575
SPY260821C00950000,2026-05-22 14:05:41+00:00,950.0,0.07,0.05,0.07,0.010000002,16.66667,1.0,2129.0,0.17920742675781248,False,REGULAR,USD,call,2026-08-21,87,745.6400146484375,1.2740732543007585,0.060000000000000005,0.33333333333333337
SPY260821C00955000,2026-05-12 17:44:35+00:00,955.0,0.06,0.05,0.07,0.0,0.0,1.0,1591.0,0.18262536132812499,False,REGULAR,USD,call,2026-08-21,87,745.6400146484375,1.2807789030076047,0.060000000000000005,0.33333333333333337
SPY260821C00960000,2026-05-15 14:29:40+00:00,960.0,0.06,0.05,0.06,0.0,0.0,1.0,831.0,0.18360191406249998,False,REGULAR,USD,call,2026-08-21,87,745.6400146484375,1.2874845517144506,0.055,0.18181818181818174
SPY260821C00965000,2026-05-22 19:53:10+00:00,965.0,0.06,0.04,0.06,0.0,0.0,25.0,2157.0,0.186531572265625,False,REGULAR,USD,call,2026-08-21,87,745.6400146484375,1.2941902004212968,0.05,0.3999999999999999
SPY260831C00525000,2026-05-18 14:01:26+00:00,525.0,221.2,224.63,227.78,0.0,0.0,25.0,1.0,0.508793974609375,True,REGULAR,USD,call,2026-08-31,97,745.6400146484375,0.7040931142188402,226.20499999999998,0.013925421630821626
SPY260831C00530000,2026-04-22 18:41:11+00:00,530.0,189.1,219.75,222.93,0.0,0.0,,0.0,0.500706897277832,True,REGULAR,USD,call,2026-08-31,97,745.6400146484375,0.7107987629256863,221.34,0.01436703713743565
SPY260831C00535000,2026-05-12 19:56:33+00:00,535.0,210.29,214.88,218.05,0.0,0.0,2.0,2.0,0.4920399917602539,True,REGULAR,USD,call,2026-08-31,97,745.6400146484375,0.7175044116325324,216.465,0.014644399787494588
SPY260831C00540000,2026-05-19 18:17:17+00:00,540.0,202.98,210.0,213.15,0.0,0.0,1.0,18.0,0.4830068789672852,True,REGULAR,USD,call,2026-08-31,97,745.6400146484375,0.7242100603393785,211.575,0.014888337468982658
SPY260831C00545000,2026-05-14 13:30:05+00:00,545.0,205.69,205.13,208.28,0.0,0.0,1.0,2412.0,0.47449255981445315,True,REGULAR,USD,call,2026-08-31,97,745.6400146484375,0.7309157090462246,206.70499999999998,0.015239108874966769
SPY260831C00550000,2026-05-01 15:50:30+00:00,550.0,182.28,200.26,203.44,0.0,0.0,1.0,1163.0,0.4664665170288086,True,REGULAR,USD,call,2026-08-31,97,745.6400146484375,0.7376213577530707,201.85,0.015754272974981456
SPY260831C00555000,2026-05-01 15:50:30+00:00,555.0,177.48,195.4,198.58,0.0,0.0,1.0,838.0,0.45807426696777354,True,REGULAR,USD,call,2026-08-31,97,745.6400146484375,0.7443270064599168,196.99,0.016142951418853784
SPY260831C00560000,2026-05-01 15:50:30+00:00,560.0,172.69,190.55,193.72,0.0,0.0,1.0,1727.0,0.44965149963378903,True,REGULAR,USD,call,2026-08-31,97,745.6400146484375,0.7510326551667629,192.135,0.0164988159367111
SPY260831C00565000,2026-05-01 15:50:30+00:00,565.0,167.9,185.7,188.85,0.0,0.0,1.0,1352.0,0.4410761459350586,True,REGULAR,USD,call,2026-08-31,97,745.6400146484375,0.757738303873609,187.27499999999998,0.01682018422106531
SPY260831C00570000,2026-05-01 15:50:39+00:00,570.0,162.2,180.86,184.01,0.0,0.0,2.0,413.0,0.4328975167846679,True,REGULAR,USD,call,2026-08-31,97,745.6400146484375,0.764443952580455,182.435,0.01726642365774099
SPY260831C00575000,2026-05-01 15:50:33+00:00,575.0,157.94,176.02,179.19,0.0,0.0,1.0,75.0,0.4249935430908204,True,REGULAR,USD,call,2026-08-31,97,745.6400146484375,0.7711496012873011,177.60500000000002,0.017848596604825243
SPY260831C00580000,2026-05-06 17:42:00+00:00,580.0,160.74,171.19,174.37,0.0,0.0,1.0,193.0,0.41702853485107416,True,REGULAR,USD,call,2026-08-31,97,745.6400146484375,0.7778552499941473,172.78,0.018404907975460162
SPY260831C00585000,2026-05-15 14:39:05+00:00,585.0,165.47,166.37,169.54,0.0,0.0,1.0,333.0,0.4088499057006836,True,REGULAR,USD,call,2026-08-31,97,745.6400146484375,0.7845608987009934,167.95499999999998,0.018874103182399973
SPY260831C00590000,2026-05-19 14:54:15+00:00,590.0,150.5,161.55,164.73,0.0,0.0,1.0,1133.0,0.4009154147338867,True,REGULAR,USD,call,2026-08-31,97,745.6400146484375,0.7912665474078395,163.14,0.019492460463405532
SPY260831C00595000,2026-05-06 17:13:21+00:00,595.0,146.5,156.75,159.94,0.0,0.0,174.0,2133.0,0.3931640274047852,True,REGULAR,USD,call,2026-08-31,97,745.6400146484375,0.7979721961146856,158.345,0.020145883987495644
SPY260831C00600000,2026-05-11 15:39:22+00:00,600.0,149.47,151.96,155.14,0.0,0.0,2.0,2075.0,0.38521427780151357,True,REGULAR,USD,call,2026-08-31,97,745.6400146484375,0.8046778448215317,153.55,0.02070986649299888
SPY260831C00605000,2026-05-12 18:03:24+00:00,605.0,140.12,147.18,150.38,0.0,0.0,6.0,366.0,0.3776917700195312,True,REGULAR,USD,call,2026-08-31,97,745.6400146484375,0.8113834935283778,148.78,0.021508267240220383
SPY260831C00610000,2026-05-07 14:22:25+00:00,610.0,135.56,142.42,145.6,0.0,0.0,19.0,433.0,0.36983357223510743,True,REGULAR,USD,call,2026-08-31,97,745.6400146484375,0.8180891422352239,144.01,0.022081799875008728
SPY260831C00615000,2026-04-22 18:41:56+00:00,615.0,109.79,137.66,140.86,0.0,0.0,2.0,11.0,0.36237209899902345,True,REGULAR,USD,call,2026-08-31,97,745.6400146484375,0.82479479094207,139.26,0.022978601177653435
SPY260831C00618000,2026-04-22 19:25:08+00:00,618.0,107.18,134.82,138.02,0.0,0.0,2.0,4.0,0.35788605987548827,True,REGULAR,USD,call,2026-08-31,97,745.6400146484375,0.8288181801661776,136.42000000000002,0.023456971118604432
SPY260831C00619000,2026-04-14 13:31:48+00:00,619.0,86.44,127.47,130.94,0.0,0.0,1.0,1.0,0.2726513165283203,True,REGULAR,USD,call,2026-08-31,97,745.6400146484375,0.8301593099075468,129.20499999999998,0.02685654579931117
SPY260831C00620000,2026-05-11 17:34:28+00:00,620.0,131.87,132.92,136.11,0.0,0.0,5.0,3.0,0.35468174621582027,True,REGULAR,USD,call,2026-08-31,97,745.6400146484375,0.8315004396489161,134.515,0.023714827342675736
SPY260831C00621000,2026-05-15 17:51:12+00:00,621.0,131.7,131.98,135.18,0.0,0.0,1.0,1.0,0.35336950347900387,True,REGULAR,USD,call,2026-08-31,97,745.6400146484375,0.8328415693902853,133.57999999999998,0.023955681988321736
SPY260831C00622000,2026-04-08 15:52:34+00:00,622.0,75.2,124.68,128.15,0.0,0.0,1.0,2.0,0.27069821105957037,True,REGULAR,USD,call,2026-08-31,97,745.6400146484375,0.8341826991316545,126.415,0.02744927421587627
SPY260831C00625000,2026-05-18 18:50:48+00:00,625.0,119.43,128.2,131.4,0.0,0.0,1.0,25.0,0.3473270834350586,True,REGULAR,USD,call,2026-08-31,97,745.6400146484375,0.8382060883557622,129.8,0.02465331278890614
SPY260831C00626000,2026-04-24 13:46:56+00:00,626.0,100.01,127.26,130.46,0.0,0.0,2.0,9.0,0.34586225433349604,True,REGULAR,USD,call,2026-08-31,97,745.6400146484375,0.8395472180971314,128.86,0.024833152258264803
SPY260831C00628000,2026-04-23 14:41:32+00:00,628.0,98.91,125.38,128.58,0.0,0.0,2.0,2.0,0.3429325961303711,True,REGULAR,USD,call,2026-08-31,97,745.6400146484375,0.8422294775798699,126.98,0.0252008190266185
SPY260831C00629000,2026-04-23 14:41:32+00:00,629.0,98.07,124.44,127.64,0.0,0.0,2.0,2.0,0.341452508392334,True,REGULAR,USD,call,2026-08-31,97,745.6400146484375,0.843570607321239,126.03999999999999,0.025388765471278982
SPY260831C00630000,2026-05-21 19:50:46+00:00,630.0,122.03,123.5,126.7,0.0,0.0,2.0,6.0,0.3399724206542969,True,REGULAR,USD,call,2026-08-31,97,745.6400146484375,0.8449117370626082,125.1,0.0255795363709033
SPY260831C00633000,2026-05-05 15:04:54+00:00,633.0,103.99,120.68,123.89,0.0,0.0,1.0,11.0,0.3356084506225586,True,REGULAR,USD,call,2026-08-31,97,745.6400146484375,0.848935126286716,122.285,0.026250153330334824
SPY260831C00634000,2026-05-05 13:30:09+00:00,634.0,101.87,119.75,122.92,0.0,0.0,1.0,0.0,0.3337774142456055,True,REGULAR,USD,call,2026-08-31,97,745.6400146484375,0.8502762560280851,121.33500000000001,0.02612601475254462
SPY260831C00635000,2026-04-23 17:09:51+00:00,635.0,90.51,118.81,122.02,0.0,0.0,7.0,34.0,0.33269405105590827,True,REGULAR,USD,call,2026-08-31,97,745.6400146484375,0.8516173857694543,120.41499999999999,0.026657808412573133
SPY260831C00640000,2026-05-20 19:59:47+00:00,640.0,112.18,114.14,117.32,0.0,0.0,162.0,618.0,0.3250494741821288,True,REGULAR,USD,call,2026-08-31,97,745.6400146484375,0.8583230344763004,115.72999999999999,0.027477749935193925
SPY260831C00641000,2026-05-20 19:59:54+00:00,641.0,111.25,113.21,116.38,0.0,0.0,132.0,445.0,0.32350835189819327,True,REGULAR,USD,call,2026-08-31,97,745.6400146484375,0.8596641642176697,114.79499999999999,0.02761444313776734
SPY260831C00642000,2026-05-20 19:59:52+00:00,642.0,110.32,112.28,115.45,0.0,0.0,110.0,421.0,0.3220587814331054,True,REGULAR,USD,call,2026-08-31,97,745.6400146484375,0.8610052939590389,113.86500000000001,0.02783998594827209
SPY260831C00643000,2026-05-20 19:59:54+00:00,643.0,109.4,111.35,114.53,0.0,0.0,109.0,365.0,0.32071602142333977,True,REGULAR,USD,call,2026-08-31,97,745.6400146484375,0.8623464237004081,112.94,0.028156543297326076
SPY260831C00644000,2026-05-20 19:59:54+00:00,644.0,108.48,110.42,113.64,0.0,0.0,85.0,371.0,0.3196631755065917,True,REGULAR,USD,call,2026-08-31,97,745.6400146484375,0.8636875534417774,112.03,0.028742301169329635
SPY260831C00645000,2026-05-22 18:55:33+00:00,645.0,112.34,109.49,112.72,4.7999954,4.463451,1.0,1027.0,0.31830515686035155,True,REGULAR,USD,call,2026-08-31,97,745.6400146484375,0.8650286831831465,111.10499999999999,0.029071598937941624
SPY260831C00646000,2026-05-20 19:59:53+00:00,646.0,106.68,108.57,111.74,0.0,0.0,61.0,190.0,0.31632153411865227,True,REGULAR,USD,call,2026-08-31,97,745.6400146484375,0.8663698129245158,110.155,0.02877763151922293
SPY260831C00647000,2026-05-06 13:33:36+00:00,647.0,96.44,107.64,110.86,0.0,0.0,2.0,11.0,0.31534498138427725,True,REGULAR,USD,call,2026-08-31,97,745.6400146484375,0.867710942665885,109.25,0.029473684210526305
SPY260831C00648000,2026-05-20 19:59:47+00:00,648.0,104.83,106.72,109.89,0.0,0.0,46.0,162.0,0.31345291046142576,True,REGULAR,USD,call,2026-08-31,97,745.6400146484375,0.8690520724072542,108.305,0.029269193481372066
SPY260831C00649000,2026-05-20 19:59:47+00:00,649.0,103.9,105.79,109.01,0.0,0.0,38.0,160.0,0.3124458404541015,True,REGULAR,USD,call,2026-08-31,97,745.6400146484375,0.8703932021486235,107.4,0.029981378026070753
SPY260831C00650000,2026-05-20 19:50:00+00:00,650.0,102.8,104.87,108.09,0.0,0.0,27.0,364.0,0.3110420458984374,True,REGULAR,USD,call,2026-08-31,97,745.6400146484375,0.8717343318899926,106.48,0.030240420736288492
SPY260831C00651000,2026-05-20 19:59:47+00:00,651.0,102.08,103.95,107.17,0.0,0.0,25.0,107.0,0.30963825134277345,True,REGULAR,USD,call,2026-08-31,97,745.6400146484375,0.8730754616313618,105.56,0.03050397877984084
SPY260831C00652000,2026-05-20 19:56:26+00:00,652.0,100.8,103.03,106.25,0.0,0.0,48.0,130.0,0.30821919815063475,True,REGULAR,USD,call,2026-08-31,97,745.6400146484375,0.8744165913727311,104.64,0.03077217125382262
SPY260831C00653000,2026-05-20 19:56:26+00:00,653.0,99.89,102.11,105.33,0.0,0.0,21.0,62.0,0.30680014495849606,True,REGULAR,USD,call,2026-08-31,97,745.6400146484375,0.8757577211141003,103.72,0.031045121480910133
SPY260831C00654000,2026-05-20 19:56:26+00:00,654.0,98.97,101.19,104.37,0.0,0.0,21.0,65.0,0.3049691085815429,True,REGULAR,USD,call,2026-08-31,97,745.6400146484375,0.8770988508554696,102.78,0.03093987157034449
SPY260831C00655000,2026-05-20 19:59:37+00:00,655.0,98.49,100.27,103.5,0.0,0.0,28.0,134.0,0.3040078144836425,True,REGULAR,USD,call,2026-08-31,97,745.6400146484375,0.8784399805968387,101.88499999999999,0.031702409579427826
SPY260831C00656000,2026-05-14 19:32:20+00:00,656.0,105.07,99.36,102.58,0.0,0.0,2.0,11.0,0.3025582440185547,True,REGULAR,USD,call,2026-08-31,97,745.6400146484375,0.8797811103382079,100.97,0.031890660592255114
SPY260831C00657000,2026-04-29 16:30:00+00:00,657.0,71.94,98.44,101.67,0.0,0.0,2.0,81.0,0.30120022537231445,True,REGULAR,USD,call,2026-08-31,97,745.6400146484375,0.8811222400795772,100.055,0.03228224476537908
SPY260831C00658000,2026-04-09 15:54:28+00:00,658.0,48.44,91.75,95.25,0.0,0.0,1.0,43.0,0.2435530967712402,True,REGULAR,USD,call,2026-08-31,97,745.6400146484375,0.8824633698209464,93.5,0.0374331550802139
SPY260831C00659000,2026-04-08 16:55:13+00:00,659.0,47.25,90.86,94.36,0.0,0.0,7.0,4.0,0.24277490631103515,True,REGULAR,USD,call,2026-08-31,97,745.6400146484375,0.8838044995623157,92.61,0.03779289493575208
SPY260831C00660000,2026-05-22 19:01:13+00:00,660.0,98.36,95.7,98.93,4.459999,4.749733,25.0,974.0,0.29695832443237297,True,REGULAR,USD,call,2026-08-31,97,745.6400146484375,0.8851456293036849,97.315,0.0331911832708216
SPY260831C00661000,2026-05-08 15:51:13+00:00,661.0,91.75,94.79,98.02,0.0,0.0,682.0,60.0,0.2955697885131836,True,REGULAR,USD,call,2026-08-31,97,745.6400146484375,0.886486759045054,96.405,0.033504486281831745
SPY260831C00662000,2026-04-21 17:39:43+00:00,662.0,66.95,93.88,97.11,0.0,0.0,1.0,4.0,0.2941507353210449,True,REGULAR,USD,call,2026-08-31,97,745.6400146484375,0.8878278887864233,95.495,0.03382376040630403
SPY260831C00663000,2026-05-18 14:01:14+00:00,663.0,90.83,92.97,96.2,0.0,0.0,1.0,23.0,0.29273168212890616,True,REGULAR,USD,call,2026-08-31,97,745.6400146484375,0.8891690185277925,94.58500000000001,0.034149177988053114
SPY260831C00664000,2026-04-16 15:10:20+00:00,664.0,60.95,92.06,95.25,0.0,0.0,1.0,59.0,0.2909464216613769,True,REGULAR,USD,call,2026-08-31,97,745.6400146484375,0.8905101482691617,93.655,0.034061181997757706
SPY260831C00665000,2026-05-19 13:30:01+00:00,665.0,83.82,91.16,94.39,0.0,0.0,1.0,99.0,0.2899698689270019,True,REGULAR,USD,call,2026-08-31,97,745.6400146484375,0.891851278010531,92.775,0.03481541363513882
SPY260831C00666000,2026-04-15 18:49:19+00:00,666.0,57.35,85.93,89.39,0.0,0.0,4.0,3.0,0.249732844543457,True,REGULAR,USD,call,2026-08-31,97,745.6400146484375,0.8931924077519001,87.66,0.03947068218115439
SPY260831C00667000,2026-04-08 14:26:15+00:00,667.0,40.37,83.77,87.27,0.0,0.0,1.0,9.0,0.23628998580932614,True,REGULAR,USD,call,2026-08-31,97,745.6400146484375,0.8945335374932694,85.52,0.04092609915809168
SPY260831C00668000,2026-05-18 16:46:23+00:00,668.0,82.68,88.44,91.64,0.0,0.0,20.0,208.0,0.28543805389404286,True,REGULAR,USD,call,2026-08-31,97,745.6400146484375,0.8958746672346386,90.03999999999999,0.035539760106619314
SPY260831C00669000,2026-05-18 16:46:23+00:00,669.0,81.72,87.54,90.78,0.0,0.0,20.0,115.0,0.28441572525024406,True,REGULAR,USD,call,2026-08-31,97,745.6400146484375,0.8972157969760078,89.16,0.036339165545087426
SPY260831C00670000,2026-05-22 19:37:01+00:00,670.0,89.06,86.64,89.84,4.8600006,5.7719727,3.0,2309.0,0.28266098205566403,True,REGULAR,USD,call,2026-08-31,97,745.6400146484375,0.8985569267173771,88.24000000000001,0.03626473254759749
SPY260831C00671000,2026-04-30 18:23:21+00:00,671.0,66.54,85.74,88.94,0.0,0.0,2.0,65.0,0.28127244613647456,True,REGULAR,USD,call,2026-08-31,97,745.6400146484375,0.8998980564587462,87.34,0.03663842454774448
SPY260831C00672000,2026-05-06 13:46:08+00:00,672.0,74.35,84.85,88.09,0.0,0.0,3.0,24.0,0.28029589340209954,True,REGULAR,USD,call,2026-08-31,97,745.6400146484375,0.9012391862001154,86.47,0.03746964265063038
SPY260831C00673000,2026-05-11 13:30:14+00:00,673.0,79.66,83.95,87.19,0.0,0.0,1.0,18.0,0.27887684020996095,True,REGULAR,USD,call,2026-08-31,97,745.6400146484375,0.9025803159414847,85.57,0.03786373729110664
SPY260831C00674000,2026-05-08 19:04:30+00:00,674.0,79.61,83.06,86.3,0.0,0.0,1.0,25.0,0.2775340802001953,True,REGULAR,USD,call,2026-08-31,97,745.6400146484375,0.9039214456828539,84.68,0.03826169107227202
SPY260831C00675000,2026-05-22 19:19:14+00:00,675.0,84.12,82.16,85.41,8.720001,11.564988,1.0,221.0,0.27617606155395497,True,REGULAR,USD,call,2026-08-31,97,745.6400146484375,0.9052625754242232,83.785,0.03878975950349108
SPY260831C00676000,2026-04-27 16:55:08+00:00,676.0,60.4,81.27,84.52,0.0,0.0,5.0,93.0,0.2748027842712402,True,REGULAR,USD,call,2026-08-31,97,745.6400146484375,0.9066037051655924,82.895,0.03920622474214368
SPY260831C00677000,2026-05-13 16:57:17+00:00,677.0,80.25,80.39,83.63,0.0,0.0,1.0,422.0,0.27342950698852536,True,REGULAR,USD,call,2026-08-31,97,745.6400146484375,0.9079448349069615,82.00999999999999,0.039507377149128095
SPY260831C00678000,2026-05-14 14:16:24+00:00,678.0,83.79,79.5,82.75,0.0,0.0,2.0,254.0,0.27211726425170896,True,REGULAR,USD,call,2026-08-31,97,745.6400146484375,0.9092859646483308,81.125,0.040061633281972264
SPY260831C00679000,2026-05-14 19:21:33+00:00,679.0,83.71,78.61,81.86,0.0,0.0,2.0,326.0,0.2707287283325196,True,REGULAR,USD,call,2026-08-31,97,745.6400146484375,0.9106270943897,80.235,0.040506013585093786
SPY260831C00680000,2026-05-22 19:01:54+00:00,680.0,80.19,77.77,80.98,11.480003,16.707907,2.0,848.0,0.26938596832275385,True,REGULAR,USD,call,2026-08-31,97,745.6400146484375,0.9119682241310693,79.375,0.040440944881889866
SPY260831C00681000,2026-05-01 16:32:43+00:00,681.0,61.65,76.85,80.1,0.0,0.0,1.0,222.0,0.26805846694946284,True,REGULAR,USD,call,2026-08-31,97,745.6400146484375,0.9133093538724385,78.475,0.04141446320484231
SPY260831C00682000,2026-05-15 15:34:06+00:00,682.0,76.43,75.97,79.22,0.0,0.0,1.0,109.0,0.2667004483032227,True,REGULAR,USD,call,2026-08-31,97,745.6400146484375,0.9146504836138076,77.595,0.041884142019460016
SPY260831C00683000,2026-05-19 14:48:10+00:00,683.0,66.18,75.09,78.34,0.0,0.0,2.0,409.0,0.26534242965698246,True,REGULAR,USD,call,2026-08-31,97,745.6400146484375,0.9159916133551769,76.715,0.04236459623280975
SPY260831C00684000,2026-04-23 19:50:28+00:00,684.0,50.0,74.21,77.47,0.0,0.0,2.0,20.0,0.2640454455566406,True,REGULAR,USD,call,2026-08-31,97,745.6400146484375,0.9173327430965461,75.84,0.04298523206751061
SPY260831C00685000,2026-05-15 18:15:37+00:00,685.0,74.43,73.33,76.59,0.0,0.0,3.0,561.0,0.2626569096374512,True,REGULAR,USD,call,2026-08-31,97,745.6400146484375,0.9186738728379154,74.96000000000001,0.043489861259338375
SPY260831C00686000,2026-04-28 14:12:44+00:00,686.0,50.75,72.46,75.72,0.0,0.0,3.0,86.0,0.2613294082641602,True,REGULAR,USD,call,2026-08-31,97,745.6400146484375,0.9200150025792846,74.09,0.04400053988392502
SPY260831C00687000,2026-04-29 16:40:19+00:00,687.0,47.93,71.59,74.85,0.0,0.0,10.0,37.0,0.26000190689086916,True,REGULAR,USD,call,2026-08-31,97,745.6400146484375,0.9213561323206537,73.22,0.044523354274788186
SPY260831C00688000,2026-04-28 14:11:07+00:00,688.0,49.33,70.72,73.98,0.0,0.0,1.0,32.0,0.25865914688110353,True,REGULAR,USD,call,2026-08-31,97,745.6400146484375,0.922697262062023,72.35,0.04505874222529378
SPY260831C00689000,2026-05-18 13:57:39+00:00,689.0,68.58,69.85,73.11,0.0,0.0,3.0,29.0,0.2573011282348633,True,REGULAR,USD,call,2026-08-31,97,745.6400146484375,0.9240383918033922,71.47999999999999,0.0456071628427533
SPY260831C00690000,2026-05-22 19:24:38+00:00,690.0,70.86,68.98,72.25,1.1200027,1.605969,8.0,1631.0,0.2560041441345215,True,REGULAR,USD,call,2026-08-31,97,745.6400146484375,0.9253795215447614,70.61500000000001,0.046307441761665305
SPY260831C00691000,2026-05-06 17:18:31+00:00,691.0,60.78,68.12,71.39,0.0,0.0,1.0,35.0,0.2546919013977051,True,REGULAR,USD,call,2026-08-31,97,745.6400146484375,0.9267206512861307,69.755,0.046878359974195344
SPY260831C00692000,2026-05-11 19:40:13+00:00,692.0,65.92,67.26,70.53,0.0,0.0,32.0,74.0,0.2533796586608887,True,REGULAR,USD,call,2026-08-31,97,745.6400146484375,0.9280617810274999,68.89500000000001,0.04746353146091872
SPY260831C00693000,2026-05-11 19:06:21+00:00,693.0,64.9,66.4,69.67,0.0,0.0,1.0,132.0,0.25203689865112305,True,REGULAR,USD,call,2026-08-31,97,745.6400146484375,0.929402910768869,68.035,0.0480634967296244
SPY260831C00694000,2026-05-22 19:01:54+00:00,694.0,67.98,65.54,68.82,6.1600037,9.964419,2.0,44.0,0.2507704318237304,True,REGULAR,USD,call,2026-08-31,97,745.6400146484375,0.9307440405102383,67.18,0.0488240547782076
SPY260831C00695000,2026-05-22 14:07:14+00:00,695.0,67.04,64.69,67.96,3.25,5.0948424,536.0,766.0,0.2493971545410156,True,REGULAR,USD,call,2026-08-31,97,745.6400146484375,0.9320851702516075,66.32499999999999,0.049302676215604926
SPY260831C00696000,2026-05-18 14:49:57+00:00,696.0,60.8,63.84,67.12,0.0,0.0,8.0,77.0,0.24817646362304688,True,REGULAR,USD,call,2026-08-31,97,745.6400146484375,0.9334262999929768,65.48,0.050091631032376314
SPY260831C00697000,2026-05-15 14:37:04+00:00,697.0,63.5,62.99,66.27,0.0,0.0,14.0,70.0,0.2468642208862305,True,REGULAR,USD,call,2026-08-31,97,745.6400146484375,0.934767429734346,64.63,0.05075042549899419
SPY260831C00698000,2026-05-19 15:28:53+00:00,698.0,54.32,62.14,65.42,0.0,0.0,1.0,21.0,0.24552146087646481,True,REGULAR,USD,call,2026-08-31,97,745.6400146484375,0.9361085594757151,63.78,0.051426779554719367
SPY260831C00699000,2026-05-15 14:28:45+00:00,699.0,61.59,61.3,64.58,0.0,0.0,2.0,13.0,0.2442549940490723,True,REGULAR,USD,call,2026-08-31,97,745.6400146484375,0.9374496892170844,62.94,0.05211312360978712
SPY260831C00700000,2026-05-22 13:46:46+00:00,700.0,63.95,60.67,63.74,3.7200012,6.1763263,5.0,3190.0,0.24297326858520507,True,REGULAR,USD,call,2026-08-31,97,745.6400146484375,0.9387908189584536,62.205,0.04935294590467005
SPY260831C00701000,2026-05-14 14:58:08+00:00,701.0,65.73,59.61,62.9,0.0,0.0,2.0,191.0,0.24166102584838867,True,REGULAR,USD,call,2026-08-31,97,745.6400146484375,0.9401319486998229,61.254999999999995,0.05370990123255243
SPY260831C00702000,2026-05-22 18:41:49+00:00,702.0,61.68,58.78,62.07,5.66,10.103534,3.0,131.0,0.24040981765747066,True,REGULAR,USD,call,2026-08-31,97,745.6400146484375,0.9414730784411921,60.425,0.05444766239139428
SPY260831C00703000,2026-05-20 14:56:27+00:00,703.0,55.08,57.94,61.23,0.0,0.0,2.0,155.0,0.23908231628417967,True,REGULAR,USD,call,2026-08-31,97,745.6400146484375,0.9428142081825612,59.584999999999994,0.05521523873458084
SPY260831C00704000,2026-05-06 19:48:21+00:00,704.0,52.23,57.11,60.4,0.0,0.0,5.0,42.0,0.23780059082031246,True,REGULAR,USD,call,2026-08-31,97,745.6400146484375,0.9441553379239305,58.754999999999995,0.055995234448132064
SPY260831C00705000,2026-05-22 19:02:58+00:00,705.0,58.34,56.28,59.58,3.0499992,5.5163665,4.0,251.0,0.23657989990234374,True,REGULAR,USD,call,2026-08-31,97,745.6400146484375,0.9454964676652997,57.93,0.056965302951838374
SPY260831C00706000,2026-05-06 15:39:50+00:00,706.0,49.22,55.46,58.75,0.0,0.0,1.0,90.0,0.23526765716552733,True,REGULAR,USD,call,2026-08-31,97,745.6400146484375,0.946837597406669,57.105000000000004,0.057613168724279816
SPY260831C00707000,2026-05-15 18:48:55+00:00,707.0,54.49,54.63,57.93,0.0,0.0,9.0,155.0,0.23400119033813477,True,REGULAR,USD,call,2026-08-31,97,745.6400146484375,0.9481787271480382,56.28,0.05863539445628993
SPY260831C00708000,2026-05-19 15:28:53+00:00,708.0,46.5,53.81,57.11,0.0,0.0,1.0,113.0,0.2327270941925049,True,REGULAR,USD,call,2026-08-31,97,745.6400146484375,0.9495198568894074,55.46,0.05950234403173453
SPY260831C00709000,2026-05-06 15:39:50+00:00,709.0,46.65,53.0,56.3,0.0,0.0,1.0,445.0,0.2314987739562988,True,REGULAR,USD,call,2026-08-31,97,745.6400146484375,0.9508609866307766,54.65,0.06038426349496793
SPY260831C00710000,2026-05-22 15:36:38+00:00,710.0,55.28,52.18,55.49,4.489998,8.840319,62.0,891.0,0.23026282440185547,True,REGULAR,USD,call,2026-08-31,97,745.6400146484375,0.9522021163721458,53.835,0.06148416457694812
SPY260831C00711000,2026-05-21 14:26:45+00:00,711.0,47.91,51.38,54.68,0.0,0.0,3.0,519.0,0.2289963575744629,True,REGULAR,USD,call,2026-08-31,97,745.6400146484375,0.953543246113515,53.03,0.062228927022440074
SPY260831C00712000,2026-05-18 16:50:56+00:00,712.0,45.81,50.57,53.88,0.0,0.0,18.0,173.0,0.22779092529296874,True,REGULAR,USD,call,2026-08-31,97,745.6400146484375,0.9548843758548843,52.225,0.06337960746768793
SPY260831C00713000,2026-05-20 14:56:27+00:00,713.0,47.23,49.77,53.08,0.0,0.0,1.0,152.0,0.22657023437499998,True,REGULAR,USD,call,2026-08-31,97,745.6400146484375,0.9562255055962535,51.425,0.06436558094312096
SPY260831C00714000,2026-05-20 14:14:32+00:00,714.0,43.41,48.97,52.29,0.0,0.0,1.0,773.0,0.22538769004821776,True,REGULAR,USD,call,2026-08-31,97,745.6400146484375,0.9575666353376227,50.629999999999995,0.0655737704918033
SPY260831C00715000,2026-05-22 13:54:57+00:00,715.0,51.05,48.18,51.49,5.049999,10.978259,1.0,162.0,0.22411359390258784,True,REGULAR,USD,call,2026-08-31,97,745.6400146484375,0.9589077650789919,49.835,0.06641918330490623
SPY260831C00716000,2026-05-21 19:46:21+00:00,716.0,46.38,47.39,50.71,0.0,0.0,542.0,638.0,0.22296919616699218,True,REGULAR,USD,call,2026-08-31,97,745.6400146484375,0.9602488948203611,49.05,0.06768603465851174
SPY260831C00717000,2026-05-20 14:14:33+00:00,717.0,41.37,46.6,49.92,0.0,0.0,1.0,39.0,0.22173324661254878,True,REGULAR,USD,call,2026-08-31,97,745.6400146484375,0.9615900245617304,48.260000000000005,0.06879403232490676
SPY260831C00718000,2026-05-22 13:38:43+00:00,718.0,49.0,45.81,49.14,5.9799995,13.90051,1.0,38.0,0.22054307296752929,True,REGULAR,USD,call,2026-08-31,97,745.6400146484375,0.9629311543030996,47.475,0.07014218009478669
SPY260831C00719000,2026-05-19 13:31:16+00:00,719.0,39.51,45.97,48.36,0.0,0.0,3.0,86.0,0.21932238204956056,True,REGULAR,USD,call,2026-08-31,97,745.6400146484375,0.9642722840444689,47.165,0.05067316866320366
SPY260831C00720000,2026-05-22 15:33:22+00:00,720.0,47.56,45.82,47.39,4.0600014,9.333336,3.0,994.0,0.21677418975830076,True,REGULAR,USD,call,2026-08-31,97,745.6400146484375,0.965613413785838,46.605000000000004,0.03368737259950649
SPY260831C00725000,2026-05-22 19:35:20+00:00,725.0,42.26,40.92,43.49,3.6099968,9.340224,66.0,2047.0,0.2102892692565918,True,REGULAR,USD,call,2026-08-31,97,745.6400146484375,0.9723190624926841,42.205,0.06089325909252459
SPY260831C00730000,2026-05-22 17:32:36+00:00,730.0,40.01,36.76,40.12,2.7299995,7.3229604,13.0,1141.0,0.20674926559448237,True,REGULAR,USD,call,2026-08-31,97,745.6400146484375,0.9790247111995302,38.44,0.0874089490114464
SPY260831C00735000,2026-05-22 15:35:59+00:00,735.0,36.21,33.51,36.58,3.0599976,9.230762,5.0,458.0,0.20136296691894529,True,REGULAR,USD,call,2026-08-31,97,745.6400146484375,0.9857303599063764,35.045,0.08760165501498074
SPY260831C00740000,2026-05-22 17:45:51+00:00,740.0,32.85,31.42,32.48,3.2799988,11.0923195,64.0,2005.0,0.19164321548461916,True,REGULAR,USD,call,2026-08-31,97,745.6400146484375,0.9924360086132225,31.95,0.03317683881064148
SPY260831C00745000,2026-05-22 19:00:47+00:00,745.0,29.04,28.18,28.42,2.540001,9.5849085,100.0,1626.0,0.18145044631958007,True,REGULAR,USD,call,2026-08-31,97,745.6400146484375,0.9991416573200685,28.3,0.008480565371024805
SPY260831C00750000,2026-05-22 18:19:37+00:00,750.0,26.08,25.19,25.26,2.9300003,12.656589,22.0,1559.0,0.1762472512817383,False,REGULAR,USD,call,2026-08-31,97,745.6400146484375,1.0058473060269146,25.225,0.002775024777006949
SPY260831C00755000,2026-05-22 17:40:01+00:00,755.0,23.67,22.31,22.38,2.7800007,13.307807,14.0,532.0,0.17191379852294925,False,REGULAR,USD,call,2026-08-31,97,745.6400146484375,1.0125529547337606,22.345,0.003132691877377502
SPY260831C00760000,2026-05-22 19:29:06+00:00,760.0,19.56,19.63,19.7,1.289999,7.06075,10.0,657.0,0.16787788917541505,False,REGULAR,USD,call,2026-08-31,97,745.6400146484375,1.0192586034406068,19.665,0.0035596236969234825
SPY260831C00765000,2026-05-22 20:07:57+00:00,765.0,17.06,17.17,17.23,1.3399992,8.524168,25.0,887.0,0.16416241119384767,False,REGULAR,USD,call,2026-08-31,97,745.6400146484375,1.0259642521474528,17.200000000000003,0.0034883720930231807
SPY260831C00770000,2026-05-22 19:54:40+00:00,770.0,14.77,14.91,14.97,1.2600002,9.3264265,39.0,607.0,0.1607444766235352,False,REGULAR,USD,call,2026-08-31,97,745.6400146484375,1.032669900854299,14.940000000000001,0.004016064257028145
SPY260831C00775000,2026-05-22 19:05:19+00:00,775.0,13.13,12.87,12.93,1.5,12.897677,17.0,696.0,0.15767749069213866,False,REGULAR,USD,call,2026-08-31,97,745.6400146484375,1.0393755495611452,12.899999999999999,0.004651162790697713
SPY260831C00780000,2026-05-22 19:48:26+00:00,780.0,10.98,11.04,11.1,0.18999958,1.7608858,98.0,973.0,0.1549156774902344,False,REGULAR,USD,call,2026-08-31,97,745.6400146484375,1.0460811982679912,11.07,0.0054200542005420505
SPY260831C00785000,2026-05-22 19:52:32+00:00,785.0,9.39,9.41,9.47,0.89000034,10.4705925,94.0,843.0,0.1524285197448731,False,REGULAR,USD,call,2026-08-31,97,745.6400146484375,1.0527868469748374,9.440000000000001,0.006355932203389882
SPY260831C00790000,2026-05-22 17:33:05+00:00,790.0,8.79,7.98,8.03,1.6999998,23.97743,53.0,279.0,0.15020075881958012,False,REGULAR,USD,call,2026-08-31,97,745.6400146484375,1.0594924956816834,8.004999999999999,0.006246096189881192
SPY260831C00795000,2026-05-22 17:30:36+00:00,795.0,7.53,6.73,6.78,1.5800004,26.554628,39.0,1181.0,0.1482934292602539,False,REGULAR,USD,call,2026-08-31,97,745.6400146484375,1.0661981443885296,6.755000000000001,0.007401924500370069
SPY260831C00800000,2026-05-22 19:53:02+00:00,800.0,5.65,5.64,5.69,0.6300001,12.549803,75.0,752.0,0.14658446197509767,False,REGULAR,USD,call,2026-08-31,97,745.6400146484375,1.0729037930953755,5.665,0.008826125330979826
SPY260831C00805000,2026-05-22 19:06:53+00:00,805.0,4.84,4.71,4.76,0.55999994,13.08411,50.0,260.0,0.14516540878295897,False,REGULAR,USD,call,2026-08-31,97,745.6400146484375,1.0796094418022217,4.734999999999999,0.010559662090813058
SPY260831C00810000,2026-05-22 19:59:03+00:00,810.0,3.97,3.91,3.95,0.53,15.406975,10.0,1255.0,0.1437768728637695,False,REGULAR,USD,call,2026-08-31,97,745.6400146484375,1.0863150905090677,3.93,0.010178117048346065
SPY260831C00815000,2026-05-22 19:40:53+00:00,815.0,3.3,3.23,3.28,0.48000002,17.021278,13.0,119.0,0.14280032012939453,False,REGULAR,USD,call,2026-08-31,97,745.6400146484375,1.093020739215914,3.255,0.015360983102918533
SPY260831C00820000,2026-05-22 18:30:31+00:00,820.0,2.89,2.66,2.7,0.76,35.68075,90.0,293.0,0.1417627328491211,False,REGULAR,USD,call,2026-08-31,97,745.6400146484375,1.09972638792276,2.68,0.01492537313432837
SPY260831C00825000,2026-05-22 18:52:07+00:00,825.0,2.35,2.18,2.22,0.40999985,21.134012,20.0,728.0,0.14099980102539064,False,REGULAR,USD,call,2026-08-31,97,745.6400146484375,1.106432036629606,2.2,0.018181818181818195
SPY260831C00830000,2026-05-22 19:57:25+00:00,830.0,1.84,1.79,1.83,0.51,38.345863,15.0,146.0,0.14054204193115233,False,REGULAR,USD,call,2026-08-31,97,745.6400146484375,1.113137685336452,1.81,0.022099447513812175
SPY260831C00835000,2026-05-22 14:07:03+00:00,835.0,1.54,1.47,1.5,0.26999998,21.259842,2.0,81.0,0.14008428283691404,False,REGULAR,USD,call,2026-08-31,97,745.6400146484375,1.1198433340432983,1.4849999999999999,0.02020202020202022
SPY260831C00840000,2026-05-22 15:32:36+00:00,840.0,1.43,1.2,1.23,0.48999995,52.127655,2.0,11.0,0.13984014465332031,False,REGULAR,USD,call,2026-08-31,97,745.6400146484375,1.1265489827501443,1.2149999999999999,0.024691358024691384
SPY260831C00845000,2026-05-21 17:44:13+00:00,845.0,0.85,0.98,1.02,0.0,0.0,25.0,46.0,0.14002324829101562,False,REGULAR,USD,call,2026-08-31,97,745.6400146484375,1.1332546314569905,1.0,0.040000000000000036
SPY260831C00850000,2026-05-22 18:59:22+00:00,850.0,0.89,0.81,0.84,0.19,27.142859,50.0,23.0,0.1401453173828125,False,REGULAR,USD,call,2026-08-31,97,745.6400146484375,1.1399602801638364,0.825,0.036363636363636265
SPY260831C00855000,2026-05-22 19:24:35+00:00,855.0,0.71,0.67,0.7,0.109999955,18.333324,1.0,3.0,0.14057255920410155,False,REGULAR,USD,call,2026-08-31,97,745.6400146484375,1.1466659288706826,0.685,0.043795620437956075
SPY260831C00860000,2026-05-22 17:44:22+00:00,860.0,0.67,0.56,0.58,0.21000001,45.652176,3.0,110.0,0.14099980102539064,False,REGULAR,USD,call,2026-08-31,97,745.6400146484375,1.1533715775775288,0.5700000000000001,0.035087719298245446
SPY260918C00525000,2026-05-22 18:04:17+00:00,525.0,229.8,226.07,229.23,-0.41999817,-0.1824334,54.0,64.0,0.49182637084960945,True,REGULAR,USD,call,2026-09-18,115,745.6400146484375,0.7040931142188402,227.64999999999998,0.013880957610366777
SPY260918C00530000,2026-05-01 13:47:43+00:00,530.0,201.28,221.21,224.37,0.0,0.0,1.0,94.0,0.483678258972168,True,REGULAR,USD,call,2026-09-18,115,745.6400146484375,0.7107987629256863,222.79000000000002,0.014183760491943068
SPY260918C00535000,2026-05-22 16:00:45+00:00,535.0,219.22,216.36,219.52,6.3200073,2.9685333,1.0,68.0,0.4756522161865234,True,REGULAR,USD,call,2026-09-18,115,745.6400146484375,0.7175044116325324,217.94,0.014499403505551971
SPY260918C00540000,2026-05-20 14:24:00+00:00,540.0,205.27,211.52,214.67,0.0,0.0,5.0,73.0,0.46762617340087886,True,REGULAR,USD,call,2026-09-18,115,745.6400146484375,0.7242100603393785,213.095,0.014782139421384722
SPY260918C00545000,2026-05-22 15:49:11+00:00,545.0,209.46,206.68,209.82,7.850006,3.8936594,1.0,64.0,0.4596001306152344,True,REGULAR,USD,call,2026-09-18,115,745.6400146484375,0.7309157090462246,208.25,0.015078031212484928
SPY260918C00550000,2026-05-22 16:16:29+00:00,550.0,204.64,201.84,205.0,4.6399994,2.3199997,1.0,1094.0,0.45194029510498046,True,REGULAR,USD,call,2026-09-18,115,745.6400146484375,0.7376213577530707,203.42000000000002,0.015534362402910217
SPY260918C00555000,2026-05-22 17:21:25+00:00,555.0,199.84,197.01,200.17,11.360001,6.027165,3.0,98.0,0.444143131866455,True,REGULAR,USD,call,2026-09-18,115,745.6400146484375,0.7443270064599168,198.58999999999997,0.015912180875169935
SPY260918C00560000,2026-05-18 13:55:13+00:00,560.0,189.46,192.19,195.35,0.0,0.0,25.0,128.0,0.4364375204467773,True,REGULAR,USD,call,2026-09-18,115,745.6400146484375,0.7510326551667629,193.76999999999998,0.01630799401352117
SPY260918C00565000,2026-05-22 14:59:43+00:00,565.0,189.46,187.37,190.52,5.720001,3.113095,15.0,1329.0,0.4285640640258789,True,REGULAR,USD,call,2026-09-18,115,745.6400146484375,0.757738303873609,188.945,0.016671518166662288
SPY260918C00570000,2026-05-22 15:49:13+00:00,570.0,185.51,182.56,185.73,8.449997,4.772392,1.0,188.0,0.42117888397216796,True,REGULAR,USD,call,2026-09-18,115,745.6400146484375,0.764443952580455,184.14499999999998,0.017214694941486263
SPY260918C00575000,2026-05-14 14:59:22+00:00,575.0,182.1,177.76,180.93,0.0,0.0,3.0,134.0,0.4136106002807617,True,REGULAR,USD,call,2026-09-18,115,745.6400146484375,0.7711496012873011,179.345,0.01767543003707946
SPY260918C00580000,2026-05-13 17:15:46+00:00,580.0,172.82,172.97,176.14,0.0,0.0,10.0,204.0,0.4061338684082031,True,REGULAR,USD,call,2026-09-18,115,745.6400146484375,0.7778552499941473,174.555,0.018160465182893572
SPY260918C00585000,2026-05-12 13:30:56+00:00,585.0,162.43,168.2,171.35,0.0,0.0,2.0,831.0,0.39858084335327154,True,REGULAR,USD,call,2026-09-18,115,745.6400146484375,0.7845608987009934,169.77499999999998,0.01855396848770435
SPY260918C00590000,2026-05-19 13:39:25+00:00,590.0,155.54,163.43,166.6,0.0,0.0,5.0,108.0,0.39145506011962883,True,REGULAR,USD,call,2026-09-18,115,745.6400146484375,0.7912665474078395,165.015,0.019210374814410736
SPY260918C00595000,2026-05-12 15:34:23+00:00,595.0,149.41,158.67,161.82,0.0,0.0,2.0,414.0,0.38388677642822266,True,REGULAR,USD,call,2026-09-18,115,745.6400146484375,0.7979721961146856,160.245,0.019657399606852043
SPY260918C00600000,2026-05-22 17:45:07+00:00,600.0,157.63,153.93,157.1,10.180008,6.904041,4.0,517.0,0.37695935546875,True,REGULAR,USD,call,2026-09-18,115,745.6400146484375,0.8046778448215317,155.515,0.020383885798797467
SPY260918C00605000,2026-05-13 15:29:00+00:00,605.0,145.97,149.2,152.37,0.0,0.0,1.0,461.0,0.3698183135986328,True,REGULAR,USD,call,2026-09-18,115,745.6400146484375,0.8113834935283778,150.785,0.021023311337334722
SPY260918C00610000,2026-05-20 19:57:26+00:00,610.0,140.43,144.48,147.63,0.0,0.0,1.0,408.0,0.36246365081787113,True,REGULAR,USD,call,2026-09-18,115,745.6400146484375,0.8180891422352239,146.055,0.02156721782890011
SPY260918C00615000,2026-05-19 13:30:12+00:00,615.0,131.58,139.78,142.96,0.0,0.0,2.0,189.0,0.3557803680419921,True,REGULAR,USD,call,2026-09-18,115,745.6400146484375,0.82479479094207,141.37,0.02249416424984089
SPY260918C00620000,2026-05-22 19:31:17+00:00,620.0,136.25,135.1,138.28,6.3899994,4.9206834,2.0,1173.0,0.34886820571899413,True,REGULAR,USD,call,2026-09-18,115,745.6400146484375,0.8315004396489161,136.69,0.023264320725729804
SPY260918C00625000,2026-05-22 17:03:29+00:00,625.0,134.2,130.43,133.61,-1.5599976,-1.1490849,3.0,886.0,0.34192552612304683,True,REGULAR,USD,call,2026-09-18,115,745.6400146484375,0.8382060883557622,132.02,0.024087259506135484
SPY260918C00630000,2026-05-22 19:45:28+00:00,630.0,126.86,125.78,128.35,3.800003,3.087927,2.0,1219.0,0.3291693060302734,True,REGULAR,USD,call,2026-09-18,115,745.6400146484375,0.8449117370626082,127.065,0.020225868649903538
SPY260918C00635000,2026-05-22 16:39:35+00:00,635.0,123.5,121.14,124.31,4.6200027,3.8862743,9.0,921.0,0.3281012014770508,True,REGULAR,USD,call,2026-09-18,115,745.6400146484375,0.8516173857694543,122.725,0.02583010796496233
SPY260918C00640000,2026-05-22 17:00:51+00:00,640.0,119.39,116.54,119.72,3.8199997,3.3053558,1.0,2203.0,0.3215247291564941,True,REGULAR,USD,call,2026-09-18,115,745.6400146484375,0.8583230344763004,118.13,0.02691949547109111
SPY260918C00645000,2026-05-22 17:25:49+00:00,645.0,116.56,111.95,115.12,4.659996,4.164429,18.0,1002.0,0.3147193772888183,True,REGULAR,USD,call,2026-09-18,115,745.6400146484375,0.8650286831831465,113.535,0.02792090544765933
SPY260918C00650000,2026-05-22 18:23:42+00:00,650.0,110.21,107.39,110.5,1.909996,1.763616,5.0,3306.0,0.3075783354187011,True,REGULAR,USD,call,2026-09-18,115,745.6400146484375,0.8717343318899926,108.945,0.028546514296204504
SPY260918C00655000,2026-05-20 13:41:12+00:00,655.0,95.82,102.85,106.06,0.0,0.0,1.0,1032.0,0.3018258294677735,True,REGULAR,USD,call,2026-09-18,115,745.6400146484375,0.8784399805968387,104.455,0.03073093676702894
SPY260918C00660000,2026-05-22 19:36:32+00:00,660.0,100.0,98.33,101.54,8.239998,8.979945,2.0,4269.0,0.29518832260131833,True,REGULAR,USD,call,2026-09-18,115,745.6400146484375,0.8851456293036849,99.935,0.03212087857107127
SPY260918C00665000,2026-05-22 14:50:24+00:00,665.0,95.44,93.85,97.04,5.590004,6.2214847,1.0,4613.0,0.28852029846191396,True,REGULAR,USD,call,2026-09-18,115,745.6400146484375,0.891851278010531,95.445,0.03342238985803355
SPY260918C00670000,2026-05-22 17:28:16+00:00,670.0,92.19,89.41,92.6,5.279999,6.0752487,2.0,3340.0,0.28211167114257807,True,REGULAR,USD,call,2026-09-18,115,745.6400146484375,0.8985569267173771,91.005,0.035053019064886524
SPY260918C00675000,2026-05-22 14:27:21+00:00,675.0,85.94,84.99,88.2,2.130005,2.5414686,1.0,5744.0,0.27579459564208975,True,REGULAR,USD,call,2026-09-18,115,745.6400146484375,0.9052625754242232,86.595,0.03706911484496805
SPY260918C00680000,2026-05-22 18:24:52+00:00,680.0,83.76,80.62,83.85,3.4300003,4.269887,11.0,5020.0,0.26959958923339844,True,REGULAR,USD,call,2026-09-18,115,745.6400146484375,0.9119682241310693,82.235,0.03927767982002785
SPY260918C00685000,2026-05-22 19:53:49+00:00,685.0,77.5,76.28,79.53,3.0,4.0268455,90.0,5017.0,0.2633740655517578,True,REGULAR,USD,call,2026-09-18,115,745.6400146484375,0.9186738728379154,77.905,0.041717476413580645
SPY260918C00690000,2026-05-22 18:23:37+00:00,690.0,74.82,72.0,75.25,4.580002,6.520504,56.0,6632.0,0.25714854187011715,True,REGULAR,USD,call,2026-09-18,115,745.6400146484375,0.9253795215447614,73.625,0.044142614601018676
SPY260918C00695000,2026-05-22 17:28:13+00:00,695.0,71.25,68.55,71.02,4.3899994,6.5659575,4.0,8627.0,0.25096879409790035,True,REGULAR,USD,call,2026-09-18,115,745.6400146484375,0.9320851702516075,69.785,0.035394425736189714
SPY260918C00700000,2026-05-22 19:59:26+00:00,700.0,65.5,63.58,65.5,4.3199997,7.0611305,158.0,11277.0,0.23564912307739255,True,REGULAR,USD,call,2026-09-18,115,745.6400146484375,0.9387908189584536,64.53999999999999,0.029748992872637155
SPY260918C00705000,2026-05-21 18:37:49+00:00,705.0,59.36,59.46,62.74,0.0,0.0,238.0,9961.0,0.23885343673706055,True,REGULAR,USD,call,2026-09-18,115,745.6400146484375,0.9454964676652997,61.1,0.05368248772504093
SPY260918C00710000,2026-05-22 19:59:11+00:00,710.0,57.76,55.42,58.71,1.5699997,2.794091,29.0,7181.0,0.23297886169433596,True,REGULAR,USD,call,2026-09-18,115,745.6400146484375,0.9522021163721458,57.065,0.057653552965916045
SPY260918C00715000,2026-05-22 19:21:02+00:00,715.0,53.37,51.45,54.44,2.7700005,5.4743094,19.0,13061.0,0.22515881050109862,True,REGULAR,USD,call,2026-09-18,115,745.6400146484375,0.9589077650789919,52.945,0.05647369912173
SPY260918C00720000,2026-05-22 20:07:47+00:00,720.0,49.06,47.57,50.89,1.7900009,3.7867587,34.0,17499.0,0.22151962570190425,True,REGULAR,USD,call,2026-09-18,115,745.6400146484375,0.965613413785838,49.230000000000004,0.06743855372740198
SPY260918C00725000,2026-05-22 18:05:42+00:00,725.0,46.55,43.8,47.13,3.1399994,7.233355,71.0,16638.0,0.2160341458892822,True,REGULAR,USD,call,2026-09-18,115,745.6400146484375,0.9723190624926841,45.465,0.07324315407456296
SPY260918C00730000,2026-05-22 18:11:21+00:00,730.0,42.78,40.13,43.04,2.8799973,7.218038,21.0,29822.0,0.20803099105834955,True,REGULAR,USD,call,2026-09-18,115,745.6400146484375,0.9790247111995302,41.585,0.06997715522423943
SPY260918C00735000,2026-05-22 19:47:42+00:00,735.0,38.02,38.14,39.48,1.670002,4.5942283,32.0,11034.0,0.20273624420166014,True,REGULAR,USD,call,2026-09-18,115,745.6400146484375,0.9857303599063764,38.81,0.03452718371553713
SPY260918C00740000,2026-05-22 20:03:01+00:00,740.0,34.6,34.47,35.04,1.7899971,5.4556446,162.0,8453.0,0.191589810256958,True,REGULAR,USD,call,2026-09-18,115,745.6400146484375,0.9924360086132225,34.754999999999995,0.016400517911091938
SPY260918C00745000,2026-05-22 19:56:38+00:00,745.0,31.65,31.54,31.9,2.17,7.3609233,437.0,16702.0,0.18759967681884765,True,REGULAR,USD,call,2026-09-18,115,745.6400146484375,0.9991416573200685,31.72,0.011349306431273626
SPY260918C00750000,2026-05-22 20:03:01+00:00,750.0,28.29,28.5,28.57,1.6600018,6.2335777,541.0,36643.0,0.18177087768554687,False,REGULAR,USD,call,2026-09-18,115,745.6400146484375,1.0058473060269146,28.535,0.0024531277378657887
SPY260918C00755000,2026-05-22 19:10:05+00:00,755.0,25.87,25.57,25.64,2.2200012,9.386898,441.0,13007.0,0.1775594940185547,False,REGULAR,USD,call,2026-09-18,115,745.6400146484375,1.0125529547337606,25.605,0.002733841046670583
SPY260918C00760000,2026-05-22 19:59:00+00:00,760.0,22.95,22.83,22.89,1.9500008,9.285718,1230.0,10696.0,0.17359987785339356,False,REGULAR,USD,call,2026-09-18,115,745.6400146484375,1.0192586034406068,22.86,0.0026246719160105984
SPY260918C00765000,2026-05-22 20:04:01+00:00,765.0,20.2,20.27,20.33,1.3500004,7.1618056,128.0,17024.0,0.16993017578125003,False,REGULAR,USD,call,2026-09-18,115,745.6400146484375,1.0259642521474528,20.299999999999997,0.002955665024630479
SPY260918C00770000,2026-05-22 19:48:57+00:00,770.0,17.69,17.91,17.97,0.98000145,5.864761,330.0,3197.0,0.1665809050750733,False,REGULAR,USD,call,2026-09-18,115,745.6400146484375,1.032669900854299,17.939999999999998,0.0033444816053511
SPY260918C00775000,2026-05-22 19:29:04+00:00,775.0,15.74,15.74,15.8,1.4799995,10.378678,212.0,3986.0,0.16349103118896485,False,REGULAR,USD,call,2026-09-18,115,745.6400146484375,1.0393755495611452,15.77,0.0038046924540266645
SPY260918C00780000,2026-05-22 19:52:43+00:00,780.0,13.71,13.76,13.82,1.0200005,8.037828,709.0,16252.0,0.1606376661682129,False,REGULAR,USD,call,2026-09-18,115,745.6400146484375,1.0460811982679912,13.79,0.004350978970268347
SPY260918C00785000,2026-05-22 19:35:05+00:00,785.0,12.04,11.98,12.03,1.1300001,10.357471,75.0,9216.0,0.15807421524047854,False,REGULAR,USD,call,2026-09-18,115,745.6400146484375,1.0527868469748374,12.004999999999999,0.004164931278633814
SPY260918C00790000,2026-05-22 19:53:03+00:00,790.0,10.34,10.37,10.42,0.52999973,5.4026475,3550.0,11513.0,0.15572438522338866,False,REGULAR,USD,call,2026-09-18,115,745.6400146484375,1.0594924956816834,10.395,0.004810004810004879
SPY260918C00795000,2026-05-22 19:28:52+00:00,795.0,9.02,8.94,8.99,0.9300003,11.495677,15.0,9500.0,0.15366446929931643,False,REGULAR,USD,call,2026-09-18,115,745.6400146484375,1.0661981443885296,8.965,0.005577244841048602
SPY260918C00800000,2026-05-22 19:51:39+00:00,800.0,7.65,7.67,7.72,0.6199999,8.819344,249.0,14954.0,0.15180291564941406,False,REGULAR,USD,call,2026-09-18,115,745.6400146484375,1.0729037930953755,7.695,0.006497725795971387
SPY260918C00805000,2026-05-22 18:31:52+00:00,805.0,6.98,6.55,6.6,1.1500001,19.72556,17.0,2145.0,0.15012446563720705,False,REGULAR,USD,call,2026-09-18,115,745.6400146484375,1.0796094418022217,6.574999999999999,0.0076045627376425595
SPY260918C00810000,2026-05-22 19:50:00+00:00,810.0,5.53,5.57,5.62,0.8800001,18.924734,34.0,1446.0,0.1486443778991699,False,REGULAR,USD,call,2026-09-18,115,745.6400146484375,1.0863150905090677,5.595000000000001,0.008936550491510244
SPY260918C00815000,2026-05-22 19:34:14+00:00,815.0,4.76,4.72,4.77,0.52000046,12.264162,19.0,6585.0,0.14734739379882814,False,REGULAR,USD,call,2026-09-18,115,745.6400146484375,1.093020739215914,4.744999999999999,0.010537407797681735
SPY260918C00820000,2026-05-22 19:17:05+00:00,820.0,4.06,3.98,4.03,0.71000004,21.194033,46.0,4180.0,0.14615722015380855,False,REGULAR,USD,call,2026-09-18,115,745.6400146484375,1.09972638792276,4.005,0.012484394506866484
SPY260918C00825000,2026-05-22 19:30:34+00:00,825.0,3.37,3.35,3.39,0.3599999,11.96013,143.0,5504.0,0.14508911560058596,False,REGULAR,USD,call,2026-09-18,115,745.6400146484375,1.106432036629606,3.37,0.011869436201780426
SPY260918C00830000,2026-05-22 17:39:35+00:00,830.0,3.23,2.81,2.85,1.1200001,53.080578,2.0,1013.0,0.144265149230957,False,REGULAR,USD,call,2026-09-18,115,745.6400146484375,1.113137685336452,2.83,0.01413427561837457
SPY260918C00835000,2026-05-22 19:31:40+00:00,835.0,2.39,2.35,2.39,0.2800002,13.270153,6.0,2032.0,0.1435327346801758,False,REGULAR,USD,call,2026-09-18,115,745.6400146484375,1.1198433340432983,2.37,0.016877637130801704
SPY260918C00840000,2026-05-22 17:32:08+00:00,840.0,2.3,1.97,2.0,0.53999996,30.681816,6.0,2262.0,0.14295290649414064,False,REGULAR,USD,call,2026-09-18,115,745.6400146484375,1.1265489827501443,1.9849999999999999,0.0151133501259446
SPY260918C00845000,2026-05-22 16:18:35+00:00,845.0,1.83,1.64,1.68,0.37,25.342464,2.0,2266.0,0.14264773376464845,False,REGULAR,USD,call,2026-09-18,115,745.6400146484375,1.1332546314569905,1.66,0.024096385542168697
SPY260918C00850000,2026-05-22 19:29:57+00:00,850.0,1.41,1.37,1.4,0.17999995,14.634141,92.0,5878.0,0.14225100921630857,False,REGULAR,USD,call,2026-09-18,115,745.6400146484375,1.1399602801638364,1.385,0.021660649819494445
SPY260918C00855000,2026-05-22 14:24:00+00:00,855.0,1.17,1.15,1.18,0.19999993,20.61855,2.0,1688.0,0.1422815264892578,False,REGULAR,USD,call,2026-09-18,115,745.6400146484375,1.1466659288706826,1.165,0.02575107296137341
SPY260918C00860000,2026-05-22 20:08:06+00:00,860.0,0.98,0.97,0.99,0.16000003,19.5122,10.0,4973.0,0.1422815264892578,False,REGULAR,USD,call,2026-09-18,115,745.6400146484375,1.1533715775775288,0.98,0.02040816326530614
SPY260918C00865000,2026-05-22 19:52:31+00:00,865.0,0.83,0.81,0.84,0.14999998,22.058819,6.0,1541.0,0.14264773376464845,False,REGULAR,USD,call,2026-09-18,115,745.6400146484375,1.1600772262843748,0.825,0.036363636363636265
SPY260918C00870000,2026-05-22 16:24:56+00:00,870.0,0.78,0.69,0.71,0.28999996,59.183662,2.0,827.0,0.14295290649414064,False,REGULAR,USD,call,2026-09-18,115,745.6400146484375,1.166782874991221,0.7,0.0285714285714286
SPY260918C00875000,2026-05-22 16:38:46+00:00,875.0,0.68,0.58,0.61,0.16000003,30.769238,2.0,1270.0,0.14368532104492188,False,REGULAR,USD,call,2026-09-18,115,745.6400146484375,1.173488523698067,0.595,0.05042016806722694
SPY260918C00880000,2026-05-22 19:43:59+00:00,880.0,0.52,0.5,0.52,0.06999999,15.555554,7.0,5580.0,0.1442346319580078,False,REGULAR,USD,call,2026-09-18,115,745.6400146484375,1.1801941724049132,0.51,0.03921568627450984
SPY260918C00885000,2026-05-21 17:37:48+00:00,885.0,0.37,0.43,0.45,0.0,0.0,2.0,4176.0,0.14515015014648439,False,REGULAR,USD,call,2026-09-18,115,745.6400146484375,1.1868998211117592,0.44,0.0454545454545455
SPY260918C00890000,2026-05-21 13:52:03+00:00,890.0,0.29,0.37,0.39,0.0,0.0,1.0,461.0,0.14606566833496093,False,REGULAR,USD,call,2026-09-18,115,745.6400146484375,1.1936054698186054,0.38,0.05263157894736847
SPY260918C00895000,2026-05-22 19:53:30+00:00,895.0,0.33,0.33,0.35,0.050000012,17.857147,2.0,1401.0,0.14771360107421877,False,REGULAR,USD,call,2026-09-18,115,745.6400146484375,1.2003111185254514,0.33999999999999997,0.0588235294117646
SPY260918C00900000,2026-05-22 19:50:54+00:00,900.0,0.31,0.29,0.31,0.02000001,6.8965554,154.0,6746.0,0.14905636108398437,False,REGULAR,USD,call,2026-09-18,115,745.6400146484375,1.2070167672322976,0.3,0.06666666666666674
SPY260918C00905000,2026-05-19 19:58:27+00:00,905.0,0.18,0.26,0.27,0.0,0.0,5.0,443.0,0.14991084472656252,False,REGULAR,USD,call,2026-09-18,115,745.6400146484375,1.2137224159391435,0.265,0.03773584905660381
SPY260918C00910000,2026-05-20 16:28:50+00:00,910.0,0.21,0.23,0.25,0.0,0.0,3.0,526.0,0.15210808837890627,False,REGULAR,USD,call,2026-09-18,115,745.6400146484375,1.2204280646459897,0.24,0.0833333333333333
SPY260918C00915000,2026-05-15 14:40:07+00:00,915.0,0.29,0.21,0.22,0.0,0.0,1.0,200.0,0.15320671020507814,False,REGULAR,USD,call,2026-09-18,115,745.6400146484375,1.2271337133528357,0.215,0.046511627906976785
SPY260918C00920000,2026-05-14 19:52:18+00:00,920.0,0.32,0.19,0.2,0.0,0.0,4.0,1492.0,0.1549156774902344,False,REGULAR,USD,call,2026-09-18,115,745.6400146484375,1.233839362059682,0.195,0.05128205128205133
SPY260918C00925000,2026-05-14 15:43:19+00:00,925.0,0.32,0.17,0.19,0.0,0.0,1.0,715.0,0.1573570593261719,False,REGULAR,USD,call,2026-09-18,115,745.6400146484375,1.240545010766528,0.18,0.11111111111111106
SPY260918C00930000,2026-04-30 15:16:58+00:00,930.0,0.1,0.15,0.17,0.0,0.0,287.0,777.0,0.15869981933593752,False,REGULAR,USD,call,2026-09-18,115,745.6400146484375,1.247250659473374,0.16,0.1250000000000001
SPY260918C00935000,2026-05-14 19:49:13+00:00,935.0,0.25,0.14,0.16,0.0,0.0,3.0,714.0,0.16089706298828127,False,REGULAR,USD,call,2026-09-18,115,745.6400146484375,1.2539563081802203,0.15000000000000002,0.13333333333333325
SPY260918C00940000,2026-05-14 14:50:34+00:00,940.0,0.23,0.13,0.15,0.0,0.0,1.0,1164.0,0.16309430664062502,False,REGULAR,USD,call,2026-09-18,115,745.6400146484375,1.2606619568870663,0.14,0.14285714285714277
SPY260918C00945000,2026-05-22 19:52:31+00:00,945.0,0.12,0.12,0.14,0.0,0.0,1.0,1451.0,0.165047412109375,False,REGULAR,USD,call,2026-09-18,115,745.6400146484375,1.2673676055939125,0.13,0.15384615384615397
SPY260918C00950000,2026-05-22 19:50:00+00:00,950.0,0.13,0.11,0.13,0.0,0.0,1.0,2422.0,0.1667563793945313,False,REGULAR,USD,call,2026-09-18,115,745.6400146484375,1.2740732543007585,0.12,0.1666666666666667
SPY260918C00955000,2026-05-19 17:11:29+00:00,955.0,0.1,0.1,0.12,0.0,0.0,1.0,1274.0,0.16846534667968754,False,REGULAR,USD,call,2026-09-18,115,745.6400146484375,1.2807789030076047,0.11,0.18181818181818174
SPY260918C00960000,2026-05-13 19:30:19+00:00,960.0,0.15,0.1,0.11,0.0,0.0,102.0,1230.0,0.16993017578125003,False,REGULAR,USD,call,2026-09-18,115,745.6400146484375,1.2874845517144506,0.10500000000000001,0.09523809523809518
SPY260918C00965000,2026-05-22 13:59:40+00:00,965.0,0.11,0.09,0.11,-0.019999996,-15.384613,1.0,1452.0,0.17310397216796874,False,REGULAR,USD,call,2026-09-18,115,745.6400146484375,1.2941902004212968,0.1,0.20000000000000004
SPY260930C00525000,2026-04-29 18:34:49+00:00,525.0,194.0,226.24,229.4,0.0,0.0,1.0,1.0,0.47092203887939454,True,REGULAR,USD,call,2026-09-30,127,745.6400146484375,0.7040931142188402,227.82,0.013870599596172402
SPY260930C00530000,2026-05-11 14:09:46+00:00,530.0,215.45,221.39,224.55,0.0,0.0,1.0,51.0,0.46326220336914065,True,REGULAR,USD,call,2026-09-30,127,745.6400146484375,0.7107987629256863,222.97,0.014172310176257008
SPY260930C00535000,2026-03-11 17:34:37+00:00,535.0,157.15,185.0,188.35,0.0,0.0,1.0,4.0,1.0000000000000003e-05,True,REGULAR,USD,call,2026-09-30,127,745.6400146484375,0.7175044116325324,186.675,0.017945627427346962
SPY260930C00540000,2026-05-04 18:30:54+00:00,540.0,187.8,211.72,214.88,0.0,0.0,4.0,26.0,0.4482782223510742,True,REGULAR,USD,call,2026-09-30,127,745.6400146484375,0.7242100603393785,213.3,0.014814814814814798
SPY260930C00545000,2026-04-22 18:45:27+00:00,545.0,176.69,206.89,210.05,0.0,0.0,2.0,4.0,0.4408320077514648,True,REGULAR,USD,call,2026-09-30,127,745.6400146484375,0.7309157090462246,208.47,0.015158056315057443
SPY260930C00550000,2026-05-13 18:22:40+00:00,550.0,203.15,202.06,205.21,0.0,0.0,2.0,28.0,0.4332026895141602,True,REGULAR,USD,call,2026-09-30,127,745.6400146484375,0.7376213577530707,203.635,0.01546885358607315
SPY260930C00555000,2026-05-12 19:09:19+00:00,555.0,190.9,197.24,200.41,0.0,0.0,2.0,6.0,0.4260921649169922,True,REGULAR,USD,call,2026-09-30,127,745.6400146484375,0.7443270064599168,198.825,0.01594366905570219
SPY260930C00560000,2026-05-06 13:38:48+00:00,560.0,181.24,192.43,195.6,0.0,0.0,1.0,19.0,0.4188290539550781,True,REGULAR,USD,call,2026-09-30,127,745.6400146484375,0.7510326551667629,194.015,0.016338942865242314
SPY260930C00565000,2026-05-18 16:04:34+00:00,565.0,180.45,187.63,190.78,0.0,0.0,1.0,7.0,0.41138283935546877,True,REGULAR,USD,call,2026-09-30,127,745.6400146484375,0.757738303873609,189.20499999999998,0.01664860865199126
SPY260930C00570000,2026-05-07 18:53:08+00:00,570.0,169.44,182.84,186.0,0.0,0.0,2.0,89.0,0.4043943838500976,True,REGULAR,USD,call,2026-09-30,127,745.6400146484375,0.764443952580455,184.42000000000002,0.01713480099772257
SPY260930C00575000,2026-05-18 17:18:10+00:00,575.0,172.07,178.05,181.23,0.0,0.0,2.0,351.0,0.397466962890625,True,REGULAR,USD,call,2026-09-30,127,745.6400146484375,0.7711496012873011,179.64,0.017702070808283114
SPY260930C00580000,2026-05-20 15:53:52+00:00,580.0,170.37,173.29,176.46,0.0,0.0,1.0,14.0,0.3904785073852539,True,REGULAR,USD,call,2026-09-30,127,745.6400146484375,0.7778552499941473,174.875,0.01812723373838465
SPY260930C00585000,2026-05-06 19:05:59+00:00,585.0,159.96,168.53,171.7,0.0,0.0,15.0,747.0,0.38355108642578123,True,REGULAR,USD,call,2026-09-30,127,745.6400146484375,0.7845608987009934,170.115,0.01863445316403602
SPY260930C00590000,2026-05-04 14:46:00+00:00,590.0,144.47,163.78,166.95,0.0,0.0,2.0,15.0,0.3766694413757324,True,REGULAR,USD,call,2026-09-30,127,745.6400146484375,0.7912665474078395,165.365,0.019169715477882182
SPY260930C00594000,2026-05-14 16:20:02+00:00,594.0,165.96,159.99,163.16,0.0,0.0,307.0,2031.0,0.3712221081542969,True,REGULAR,USD,call,2026-09-30,127,745.6400146484375,0.7966310663733164,161.575,0.019619371808757467
SPY260930C00595000,2026-05-08 19:29:34+00:00,595.0,152.13,159.04,162.22,0.0,0.0,5.0,424.0,0.369925124053955,True,REGULAR,USD,call,2026-09-30,127,745.6400146484375,0.7979721961146856,160.63,0.01979704911909361
SPY260930C00596000,2026-04-30 19:06:42+00:00,596.0,136.88,158.09,161.27,0.0,0.0,1.0,2.0,0.36853658813476564,True,REGULAR,USD,call,2026-09-30,127,745.6400146484375,0.7993133258560549,159.68,0.019914829659318678
SPY260930C00597000,2026-05-22 19:10:43+00:00,597.0,159.56,157.15,160.33,30.919998,24.036068,1.0,8.0,0.36722434539794924,True,REGULAR,USD,call,2026-09-30,127,745.6400146484375,0.800654455597424,158.74,0.020032757969005964
SPY260930C00598000,2026-05-19 16:30:11+00:00,598.0,147.72,156.2,159.38,0.0,0.0,247.0,1273.0,0.36582055084228515,True,REGULAR,USD,call,2026-09-30,127,745.6400146484375,0.8019955853387932,157.79,0.0201533684010394
SPY260930C00599000,2026-05-15 18:22:55+00:00,599.0,155.11,155.26,158.44,0.0,0.0,2.0,1614.0,0.3645235667419434,True,REGULAR,USD,call,2026-09-30,127,745.6400146484375,0.8033367150801625,156.85,0.020274147274466095
SPY260930C00600000,2026-05-20 16:36:26+00:00,600.0,149.5,154.32,157.5,0.0,0.0,2.0,1644.0,0.36321132400512696,True,REGULAR,USD,call,2026-09-30,127,745.6400146484375,0.8046778448215317,155.91,0.0203963825283818
SPY260930C00601000,2026-05-15 18:23:16+00:00,601.0,153.42,153.37,156.55,0.0,0.0,2.0,729.0,0.36179227081298826,True,REGULAR,USD,call,2026-09-30,127,745.6400146484375,0.806018974562901,154.96,0.020521424883841035
SPY260930C00602000,2026-05-12 15:39:28+00:00,602.0,143.97,152.43,155.61,0.0,0.0,40.0,37.0,0.36048002807617185,True,REGULAR,USD,call,2026-09-30,127,745.6400146484375,0.8073601043042701,154.02,0.020646669263732025
SPY260930C00603000,2026-05-12 15:41:26+00:00,603.0,142.82,151.49,154.67,0.0,0.0,28.0,22.0,0.35916778533935545,True,REGULAR,USD,call,2026-09-30,127,745.6400146484375,0.8087012340456393,153.07999999999998,0.020773451789913633
SPY260930C00604000,2026-04-23 17:53:25+00:00,604.0,118.93,150.55,153.73,0.0,0.0,1.0,5.0,0.35784028396606443,True,REGULAR,USD,call,2026-09-30,127,745.6400146484375,0.8100423637870086,152.14,0.02090180097278808
SPY260930C00605000,2026-05-19 16:29:59+00:00,605.0,140.79,149.61,152.79,0.0,0.0,965.0,4787.0,0.3565127825927734,True,REGULAR,USD,call,2026-09-30,127,745.6400146484375,0.8113834935283778,151.2,0.02103174603174589
SPY260930C00606000,2026-05-19 16:29:11+00:00,606.0,140.01,148.67,151.85,0.0,0.0,1806.0,1611.0,0.3551852812194824,True,REGULAR,USD,call,2026-09-30,127,745.6400146484375,0.812724623269747,150.26,0.021163316917343317
SPY260930C00607000,2026-05-14 15:23:20+00:00,607.0,153.45,147.73,150.89,0.0,0.0,1.0,4.0,0.3536441589355468,True,REGULAR,USD,call,2026-09-30,127,745.6400146484375,0.8140657530111162,149.31,0.021164021164021142
SPY260930C00608000,2026-04-13 16:06:53+00:00,608.0,93.35,140.44,143.88,0.0,0.0,1.0,6.0,0.28363753479003895,True,REGULAR,USD,call,2026-09-30,127,745.6400146484375,0.8154068827524854,142.16,0.024198086662915008
SPY260930C00609000,2026-05-06 14:12:17+00:00,609.0,135.06,145.86,149.04,0.0,0.0,1.0,21.0,0.3512638116455078,True,REGULAR,USD,call,2026-09-30,127,745.6400146484375,0.8167480124938546,147.45,0.02156663275686659
SPY260930C00610000,2026-05-22 16:42:52+00:00,610.0,147.49,144.92,148.08,-2.5299988,-1.686441,1.0,947.0,0.3497226893615722,True,REGULAR,USD,call,2026-09-30,127,745.6400146484375,0.8180891422352239,146.5,0.021569965870307337
SPY260930C00611000,2026-04-22 19:46:27+00:00,611.0,116.06,143.98,147.17,0.0,0.0,1044.0,822.0,0.3486698434448242,True,REGULAR,USD,call,2026-09-30,127,745.6400146484375,0.8194302719765931,145.575,0.021913103211403044
SPY260930C00612000,2026-04-08 19:50:08+00:00,612.0,86.8,136.74,140.19,0.0,0.0,1.0,26.0,0.28076891113281244,True,REGULAR,USD,call,2026-09-30,127,745.6400146484375,0.8207714017179624,138.465,0.024916043765572445
SPY260930C00613000,2026-05-08 15:51:12+00:00,613.0,137.05,142.11,145.3,0.0,0.0,1.0,2.0,0.34606061660766596,True,REGULAR,USD,call,2026-09-30,127,745.6400146484375,0.8221125314593315,143.705,0.022198253366271164
SPY260930C00614000,2026-05-18 16:48:15+00:00,614.0,134.74,141.18,144.36,0.0,0.0,1.0,3.0,0.34470259796142577,True,REGULAR,USD,call,2026-09-30,127,745.6400146484375,0.8234536612007007,142.77,0.022273586888001726
SPY260930C00615000,2026-05-22 18:53:24+00:00,615.0,143.01,140.25,143.43,31.029991,27.710299,1.0,581.0,0.3434361311340332,True,REGULAR,USD,call,2026-09-30,127,745.6400146484375,0.82479479094207,141.84,0.022419627749577037
SPY260930C00617000,2026-04-22 20:04:13+00:00,617.0,112.17,138.38,141.57,0.0,0.0,4.0,15.0,0.34088793884277346,True,REGULAR,USD,call,2026-09-30,127,745.6400146484375,0.8274770504248085,139.975,0.022789783889980337
SPY260930C00619000,2026-04-21 19:54:27+00:00,619.0,104.58,136.52,139.7,0.0,0.0,1.0,1.0,0.3382176774597168,True,REGULAR,USD,call,2026-09-30,127,745.6400146484375,0.8301593099075468,138.11,0.023025124900441517
SPY260930C00620000,2026-05-21 17:16:53+00:00,620.0,133.8,135.59,138.77,0.0,0.0,10.0,1233.0,0.336920693359375,True,REGULAR,USD,call,2026-09-30,127,745.6400146484375,0.8315004396489161,137.18,0.023181221752442097
SPY260930C00621000,2026-04-22 20:03:01+00:00,621.0,108.48,134.66,137.84,0.0,0.0,26.0,24.0,0.33562370925903323,True,REGULAR,USD,call,2026-09-30,127,745.6400146484375,0.8328415693902853,136.25,0.023339449541284453
SPY260930C00622000,2026-05-12 13:39:36+00:00,622.0,128.03,133.73,136.92,0.0,0.0,1.0,5.0,0.334418276977539,True,REGULAR,USD,call,2026-09-30,127,745.6400146484375,0.8341826991316545,135.325,0.02357288010345463
SPY260930C00623000,2026-04-07 16:38:13+00:00,623.0,65.3,126.65,130.0,0.0,0.0,14.0,22.0,0.2715526947021484,True,REGULAR,USD,call,2026-09-30,127,745.6400146484375,0.8355238288730237,128.325,0.02610559127216049
SPY260930C00624000,2026-05-18 18:30:32+00:00,624.0,124.24,131.87,135.06,0.0,0.0,2.0,3.0,0.33180905014038087,True,REGULAR,USD,call,2026-09-30,127,745.6400146484375,0.8368649586143929,133.465,0.02390139737009701
SPY260930C00625000,2026-04-30 14:26:40+00:00,625.0,104.22,130.94,134.11,0.0,0.0,1.0,251.0,0.33029844512939455,True,REGULAR,USD,call,2026-09-30,127,745.6400146484375,0.8382060883557622,132.525,0.02392001509149229
SPY260930C00626000,2026-04-29 18:41:16+00:00,626.0,102.28,130.02,133.21,0.0,0.0,1.0,236.0,0.32926085784912107,True,REGULAR,USD,call,2026-09-30,127,745.6400146484375,0.8395472180971314,131.615,0.024237358963643943
SPY260930C00627000,2026-05-04 18:46:58+00:00,627.0,108.07,129.09,132.26,0.0,0.0,1.0,19.0,0.32775025283813475,True,REGULAR,USD,call,2026-09-30,127,745.6400146484375,0.8408883478385006,130.675,0.02425865697340721
SPY260930C00628000,2026-05-19 14:18:27+00:00,628.0,118.54,128.17,131.36,0.0,0.0,1.0,6.0,0.3266974069213867,True,REGULAR,USD,call,2026-09-30,127,745.6400146484375,0.8422294775798699,129.765,0.0245828998574348
SPY260930C00629000,2026-05-15 18:35:50+00:00,629.0,125.32,127.24,130.43,0.0,0.0,1.0,215.0,0.3253546469116211,True,REGULAR,USD,call,2026-09-30,127,745.6400146484375,0.843570607321239,128.835,0.024760352388714338
SPY260930C00630000,2026-05-08 20:05:15+00:00,630.0,122.0,126.32,129.49,0.0,0.0,2.0,806.0,0.3239355937194824,True,REGULAR,USD,call,2026-09-30,127,745.6400146484375,0.8449117370626082,127.905,0.024784019389390687
SPY260930C00631000,2026-04-29 15:43:25+00:00,631.0,98.15,125.4,128.57,0.0,0.0,2.0,766.0,0.3226691268920897,True,REGULAR,USD,call,2026-09-30,127,745.6400146484375,0.8462528668039775,126.985,0.02496357837539857
SPY260930C00632000,2026-04-15 16:17:17+00:00,632.0,87.28,118.47,121.94,0.0,0.0,2.0,53.0,0.2661358787536621,True,REGULAR,USD,call,2026-09-30,127,745.6400146484375,0.8475939965453467,120.205,0.028867351607670223
SPY260930C00634000,2026-04-23 17:41:46+00:00,634.0,91.63,122.64,125.83,0.0,0.0,3.0,106.0,0.31905283004760737,True,REGULAR,USD,call,2026-09-30,127,745.6400146484375,0.8502762560280851,124.235,0.025677144122026787
SPY260930C00635000,2026-05-12 18:02:54+00:00,635.0,115.27,121.72,124.91,0.0,0.0,4.0,790.0,0.3177863632202148,True,REGULAR,USD,call,2026-09-30,127,745.6400146484375,0.8516173857694543,123.315,0.025868710213680392
SPY260930C00636000,2026-04-27 15:59:24+00:00,636.0,96.9,120.8,124.0,0.0,0.0,1.0,116.0,0.3165809309387207,True,REGULAR,USD,call,2026-09-30,127,745.6400146484375,0.8529585155108236,122.4,0.026143790849673224
SPY260930C00637000,2026-04-22 16:30:19+00:00,637.0,93.04,119.89,123.08,0.0,0.0,2.0,131.0,0.3152992054748534,True,REGULAR,USD,call,2026-09-30,127,745.6400146484375,0.8542996452521928,121.485,0.026258385808947588
SPY260930C00638000,2026-04-22 19:48:35+00:00,638.0,93.26,118.97,122.15,0.0,0.0,4.0,123.0,0.31391066955566405,True,REGULAR,USD,call,2026-09-30,127,745.6400146484375,0.8556407749935621,120.56,0.026376907763769133
SPY260930C00639000,2026-04-30 14:44:32+00:00,639.0,92.56,118.06,121.25,0.0,0.0,1.0,557.0,0.3127815304565429,True,REGULAR,USD,call,2026-09-30,127,745.6400146484375,0.8569819047349312,119.655,0.026659980778070268
SPY260930C00640000,2026-05-22 16:16:25+00:00,640.0,119.87,117.14,120.36,5.540001,4.845623,5.0,995.0,0.3117439431762695,True,REGULAR,USD,call,2026-09-30,127,745.6400146484375,0.8583230344763004,118.75,0.0271157894736842
SPY260930C00641000,2026-05-19 19:08:27+00:00,641.0,108.59,116.23,119.41,0.0,0.0,1.0,245.0,0.31017230361938475,True,REGULAR,USD,call,2026-09-30,127,745.6400146484375,0.8596641642176697,117.82,0.026990324223391555
SPY260930C00642000,2026-05-21 17:49:04+00:00,642.0,115.2,115.32,118.5,0.0,0.0,20.0,171.0,0.30893635406494135,True,REGULAR,USD,call,2026-09-30,127,745.6400146484375,0.8610052939590389,116.91,0.02720041057223511
SPY260930C00643000,2026-05-20 15:15:43+00:00,643.0,112.13,114.41,117.59,0.0,0.0,1.0,132.0,0.307700404510498,True,REGULAR,USD,call,2026-09-30,127,745.6400146484375,0.8623464237004081,116.0,0.027413793103448336
SPY260930C00644000,2026-05-18 14:42:39+00:00,644.0,109.33,113.5,116.68,0.0,0.0,1.0,213.0,0.30644919631958006,True,REGULAR,USD,call,2026-09-30,127,745.6400146484375,0.8636875534417774,115.09,0.027630550004344483
SPY260930C00645000,2026-05-21 13:57:01+00:00,645.0,108.9,112.59,115.77,0.0,0.0,5.0,505.0,0.3051979881286621,True,REGULAR,USD,call,2026-09-30,127,745.6400146484375,0.8650286831831465,114.18,0.02785076195480813
SPY260930C00646000,2026-04-17 14:07:53+00:00,646.0,84.98,111.68,114.86,0.0,0.0,2.0,20.0,0.3039467799377441,True,REGULAR,USD,call,2026-09-30,127,745.6400146484375,0.8663698129245158,113.27000000000001,0.028074512227421137
SPY260930C00647000,2026-05-06 14:36:42+00:00,647.0,101.64,110.77,113.99,0.0,0.0,1.0,200.0,0.303016003112793,True,REGULAR,USD,call,2026-09-30,127,745.6400146484375,0.867710942665885,112.38,0.02865278519309485
SPY260930C00648000,2026-04-14 16:33:08+00:00,648.0,70.49,104.12,107.5,0.0,0.0,1.0,5.0,0.2528303477478027,True,REGULAR,USD,call,2026-09-30,127,745.6400146484375,0.8690520724072542,105.81,0.03194405065683768
SPY260930C00649000,2026-04-28 19:16:54+00:00,649.0,83.9,108.96,112.17,0.0,0.0,2.0,23.0,0.30046781082153323,True,REGULAR,USD,call,2026-09-30,127,745.6400146484375,0.8703932021486235,110.565,0.02903269569936244
SPY260930C00650000,2026-05-22 17:56:40+00:00,650.0,110.68,108.06,111.26,5.1500015,4.8801303,5.0,1380.0,0.29917082672119133,True,REGULAR,USD,call,2026-09-30,127,745.6400146484375,0.8717343318899926,109.66,0.02918110523436078
SPY260930C00651000,2026-04-23 13:45:06+00:00,651.0,82.33,107.15,110.34,0.0,0.0,8.0,6.0,0.29779754943847647,True,REGULAR,USD,call,2026-09-30,127,745.6400146484375,0.8730754616313618,108.745,0.029334682054347305
SPY260930C00652000,2026-05-14 14:45:03+00:00,652.0,111.0,106.25,109.44,0.0,0.0,1.0,17.0,0.29659211715698236,True,REGULAR,USD,call,2026-09-30,127,745.6400146484375,0.8744165913727311,107.845,0.029579489081552206
SPY260930C00653000,2026-04-29 13:45:19+00:00,653.0,79.23,105.35,108.53,0.0,0.0,2.0,25.0,0.29527987442016596,True,REGULAR,USD,call,2026-09-30,127,745.6400146484375,0.8757577211141003,106.94,0.029736300729381025
SPY260930C00654000,2026-04-23 16:03:00+00:00,654.0,79.95,104.45,107.64,0.0,0.0,1.0,18.0,0.2941354766845703,True,REGULAR,USD,call,2026-09-30,127,745.6400146484375,0.8770988508554696,106.045,0.030081569145174198
SPY260930C00655000,2026-05-13 17:05:36+00:00,655.0,104.26,103.55,106.74,0.0,0.0,4.0,223.0,0.29289952713012685,True,REGULAR,USD,call,2026-09-30,127,745.6400146484375,0.8784399805968387,105.145,0.030339055589899643
SPY260930C00656000,2026-05-14 14:46:27+00:00,656.0,107.73,102.65,105.86,0.0,0.0,2.0,53.0,0.2918009053039549,True,REGULAR,USD,call,2026-09-30,127,745.6400146484375,0.8797811103382079,104.255,0.030789890173133123
SPY260930C00657000,2026-05-15 16:35:10+00:00,657.0,100.85,101.75,104.94,0.0,0.0,2.0,9.0,0.29039711074829094,True,REGULAR,USD,call,2026-09-30,127,745.6400146484375,0.8811222400795772,103.345,0.030867482703565704
SPY260930C00658000,2026-04-21 16:59:03+00:00,658.0,73.25,100.86,104.07,0.0,0.0,6.0,22.0,0.2893747821044921,True,REGULAR,USD,call,2026-09-30,127,745.6400146484375,0.8824633698209464,102.465,0.03132777045820518
SPY260930C00659000,2026-05-05 18:45:35+00:00,659.0,85.25,99.97,103.16,0.0,0.0,1.0,49.0,0.28801676345825183,True,REGULAR,USD,call,2026-09-30,127,745.6400146484375,0.8838044995623157,101.565,0.03140845763796581
SPY260930C00660000,2026-05-20 19:02:04+00:00,660.0,96.8,99.07,102.26,0.0,0.0,6.0,458.0,0.2867502966308593,True,REGULAR,USD,call,2026-09-30,127,745.6400146484375,0.8851456293036849,100.66499999999999,0.03168926637858255
SPY260930C00661000,2026-05-06 15:07:01+00:00,661.0,90.37,98.18,101.37,0.0,0.0,2.0,17.0,0.28554486434936516,True,REGULAR,USD,call,2026-09-30,127,745.6400146484375,0.886486759045054,99.775,0.031971936857930316
SPY260930C00662000,2026-05-05 18:12:06+00:00,662.0,82.84,97.29,100.49,0.0,0.0,2.0,15.0,0.2844004666137695,True,REGULAR,USD,call,2026-09-30,127,745.6400146484375,0.8878278887864233,98.89,0.032359186975427126
SPY260930C00663000,2026-04-23 14:13:42+00:00,663.0,72.2,96.4,99.62,0.0,0.0,1.0,69.0,0.2833323620605468,True,REGULAR,USD,call,2026-09-30,127,745.6400146484375,0.8891690185277925,98.01,0.032853790429547995
SPY260930C00664000,2026-04-17 14:30:13+00:00,664.0,70.52,95.52,98.71,0.0,0.0,1.0,112.0,0.28195908477783205,True,REGULAR,USD,call,2026-09-30,127,745.6400146484375,0.8905101482691617,97.115,0.03284765484219737
SPY260930C00665000,2026-05-20 19:51:28+00:00,665.0,92.68,94.63,97.86,0.0,0.0,10.0,94.0,0.2810130493164062,True,REGULAR,USD,call,2026-09-30,127,745.6400146484375,0.891851278010531,96.245,0.03356018494467249
SPY260930C00666000,2026-05-15 14:22:55+00:00,666.0,93.47,93.75,96.94,0.0,0.0,2.0,38.0,0.2795482202148437,True,REGULAR,USD,call,2026-09-30,127,745.6400146484375,0.8931924077519001,95.345,0.03345744401908855
SPY260930C00667000,2026-05-01 14:33:04+00:00,667.0,77.72,92.86,96.06,0.0,0.0,1.0,103.0,0.2783580465698242,True,REGULAR,USD,call,2026-09-30,127,745.6400146484375,0.8945335374932694,94.46000000000001,0.03387677323734917
SPY260930C00668000,2026-05-13 14:07:00+00:00,668.0,86.39,91.98,95.18,0.0,0.0,1.0,126.0,0.2771678729248046,True,REGULAR,USD,call,2026-09-30,127,745.6400146484375,0.8958746672346386,93.58000000000001,0.03419534088480447
SPY260930C00669000,2026-04-14 17:48:49+00:00,669.0,54.79,85.78,88.84,0.0,0.0,1.0,275.0,0.23366550033569333,True,REGULAR,USD,call,2026-09-30,127,745.6400146484375,0.8972157969760078,87.31,0.03504753178330091
SPY260930C00670000,2026-05-22 18:19:09+00:00,670.0,92.08,90.22,93.42,3.1699982,3.5654008,7.0,2962.0,0.274772266998291,True,REGULAR,USD,call,2026-09-30,127,745.6400146484375,0.8985569267173771,91.82,0.03485079503376174
SPY260930C00671000,2026-05-20 17:18:47+00:00,671.0,86.7,89.34,92.55,0.0,0.0,2.0,67.0,0.27362786926269533,True,REGULAR,USD,call,2026-09-30,127,745.6400146484375,0.8998980564587462,90.945,0.03529605805706739
SPY260930C00672000,2026-05-15 14:15:51+00:00,672.0,88.01,88.47,91.7,0.0,0.0,2.0,35.0,0.2726207992553711,True,REGULAR,USD,call,2026-09-30,127,745.6400146484375,0.9012391862001154,90.08500000000001,0.035855025808958246
SPY260930C00673000,2026-05-06 16:47:41+00:00,673.0,80.02,87.59,90.8,0.0,0.0,1.0,34.0,0.2712475219726562,True,REGULAR,USD,call,2026-09-30,127,745.6400146484375,0.9025803159414847,89.195,0.035988564381411445
SPY260930C00674000,2026-05-15 13:51:04+00:00,674.0,84.59,86.72,89.95,0.0,0.0,3.0,52.0,0.27022519332885747,True,REGULAR,USD,call,2026-09-30,127,745.6400146484375,0.9039214456828539,88.33500000000001,0.03656534782362601
SPY260930C00675000,2026-05-21 18:39:47+00:00,675.0,85.48,85.84,89.08,0.0,0.0,1.0,436.0,0.26903501968383786,True,REGULAR,USD,call,2026-09-30,127,745.6400146484375,0.9052625754242232,87.46000000000001,0.03704550651726497
SPY260930C00676000,2026-04-30 15:59:59+00:00,676.0,63.72,84.97,88.21,0.0,0.0,1.0,44.0,0.26784484603881836,True,REGULAR,USD,call,2026-09-30,127,745.6400146484375,0.9066037051655924,86.59,0.037417715671555545
SPY260930C00677000,2026-05-22 15:56:13+00:00,677.0,86.86,84.1,87.34,8.849998,11.344697,2.0,276.0,0.26665467239379886,True,REGULAR,USD,call,2026-09-30,127,745.6400146484375,0.9079448349069615,85.72,0.03779748016798891
SPY260930C00678000,2026-05-12 13:31:28+00:00,678.0,79.01,83.24,86.48,0.0,0.0,1.0,30.0,0.2655102746582031,True,REGULAR,USD,call,2026-09-30,127,745.6400146484375,0.9092859646483308,84.86,0.03818053264199869
SPY260930C00679000,2026-05-13 19:55:49+00:00,679.0,83.47,82.37,85.61,0.0,0.0,1.0,88.0,0.26428958374023437,True,REGULAR,USD,call,2026-09-30,127,745.6400146484375,0.9106270943897,83.99000000000001,0.038576020954875515
SPY260930C00680000,2026-05-22 18:46:53+00:00,680.0,84.15,81.51,84.75,3.9500046,4.925193,3.0,1913.0,0.2631299273681641,True,REGULAR,USD,call,2026-09-30,127,745.6400146484375,0.9119682241310693,83.13,0.03897509924215079
SPY260930C00681000,2026-05-21 17:12:50+00:00,681.0,77.79,80.64,83.89,0.0,0.0,3.0,39.0,0.26197027099609377,True,REGULAR,USD,call,2026-09-30,127,745.6400146484375,0.9133093538724385,82.265,0.0395064729836504
SPY260930C00682000,2026-05-21 17:12:37+00:00,682.0,77.09,79.78,83.03,0.0,0.0,1.0,141.0,0.2607877266693115,True,REGULAR,USD,call,2026-09-30,127,745.6400146484375,0.9146504836138076,81.405,0.03992383760211289
SPY260930C00683000,2026-05-21 17:17:59+00:00,683.0,77.44,78.93,82.17,0.0,0.0,1.0,156.0,0.259597553024292,True,REGULAR,USD,call,2026-09-30,127,745.6400146484375,0.9159916133551769,80.55000000000001,0.04022346368715077
SPY260930C00684000,2026-05-22 17:41:34+00:00,684.0,81.58,78.07,81.32,6.340004,8.426374,2.0,59.0,0.25846078460693367,True,REGULAR,USD,call,2026-09-30,127,745.6400146484375,0.9173327430965461,79.695,0.04078047556308426
SPY260930C00685000,2026-05-22 18:24:29+00:00,685.0,79.8,77.22,80.47,5.5,7.4024224,8.0,599.0,0.2573316455078125,True,REGULAR,USD,call,2026-09-30,127,745.6400146484375,0.9186738728379154,78.845,0.041220115416323165
SPY260930C00686000,2026-05-21 17:13:36+00:00,686.0,73.57,76.36,79.62,0.0,0.0,3.0,102.0,0.25617198913574224,True,REGULAR,USD,call,2026-09-30,127,745.6400146484375,0.9200150025792846,77.99000000000001,0.04180023079882042
SPY260930C00687000,2026-05-22 16:04:12+00:00,687.0,78.85,75.51,78.77,6.189995,8.519123,20.0,193.0,0.25501233276367197,True,REGULAR,USD,call,2026-09-30,127,745.6400146484375,0.9213561323206537,77.14,0.04226082447498044
SPY260930C00688000,2026-05-22 16:04:12+00:00,688.0,77.96,74.66,77.92,6.0499954,8.413287,18.0,77.0,0.25383741775512697,True,REGULAR,USD,call,2026-09-30,127,745.6400146484375,0.922697262062023,76.28999999999999,0.042731681740726245
SPY260930C00689000,2026-05-21 17:13:27+00:00,689.0,70.98,73.82,77.08,0.0,0.0,3.0,168.0,0.25270827865600587,True,REGULAR,USD,call,2026-09-30,127,745.6400146484375,0.9240383918033922,75.44999999999999,0.04320742213386356
SPY260930C00690000,2026-05-22 17:15:49+00:00,690.0,76.21,72.97,76.23,1.9400024,2.6120944,1.0,672.0,0.2515181050109863,True,REGULAR,USD,call,2026-09-30,127,745.6400146484375,0.9253795215447614,74.6,0.04369973190348533
SPY260930C00691000,2026-05-21 17:13:36+00:00,691.0,69.41,72.13,75.39,0.0,0.0,3.0,313.0,0.2503737072753906,True,REGULAR,USD,call,2026-09-30,127,745.6400146484375,0.9267206512861307,73.75999999999999,0.04419739696312372
SPY260930C00695000,2026-05-21 17:13:37+00:00,695.0,66.09,68.78,72.04,0.0,0.0,3.0,840.0,0.24575034042358396,True,REGULAR,USD,call,2026-09-30,127,745.6400146484375,0.9320851702516075,70.41,0.046300241442976925
SPY260930C00700000,2026-05-22 19:35:30+00:00,700.0,66.26,64.73,67.87,2.4400024,3.823257,38.0,2193.0,0.2398071015167236,True,REGULAR,USD,call,2026-09-30,127,745.6400146484375,0.9387908189584536,66.30000000000001,0.0473604826546003
SPY260930C00705000,2026-05-22 19:42:19+00:00,705.0,62.02,61.98,62.55,2.5,4.2002687,14.0,884.0,0.2262574323272705,True,REGULAR,USD,call,2026-09-30,127,745.6400146484375,0.9454964676652997,62.265,0.009154420621536983
SPY260930C00710000,2026-05-22 18:38:02+00:00,710.0,58.93,56.57,59.56,3.9399986,7.1649365,1.0,1023.0,0.22715006256103515,True,REGULAR,USD,call,2026-09-30,127,745.6400146484375,0.9522021163721458,58.065,0.051494015327650085
SPY260930C00715000,2026-05-22 15:20:00+00:00,715.0,54.87,52.93,55.66,5.289997,10.669619,7.0,1683.0,0.22186294502258297,True,REGULAR,USD,call,2026-09-30,127,745.6400146484375,0.9589077650789919,54.295,0.050280873008564264
SPY260930C00720000,2026-05-22 17:58:12+00:00,720.0,51.62,48.98,52.03,4.1899986,8.834068,11.0,1797.0,0.21778125976562498,True,REGULAR,USD,call,2026-09-30,127,745.6400146484375,0.965613413785838,50.504999999999995,0.06039006039006048
SPY260930C00725000,2026-05-22 19:41:04+00:00,725.0,46.65,45.27,48.19,4.16,9.790538,8.0,1850.0,0.21198297790527343,True,REGULAR,USD,call,2026-09-30,127,745.6400146484375,0.9723190624926841,46.730000000000004,0.062486625294243404
SPY260930C00730000,2026-05-22 19:09:54+00:00,730.0,43.44,41.73,44.44,1.8499985,4.448181,38.0,5251.0,0.20625335990905758,True,REGULAR,USD,call,2026-09-30,127,745.6400146484375,0.9790247111995302,43.084999999999994,0.06289892073807593
SPY260930C00735000,2026-05-22 17:32:36+00:00,735.0,41.01,37.88,41.24,3.5900002,9.5938015,21.0,819.0,0.20319400329589843,True,REGULAR,USD,call,2026-09-30,127,745.6400146484375,0.9857303599063764,39.56,0.08493427704752272
SPY260930C00740000,2026-05-22 19:42:08+00:00,740.0,36.02,35.17,36.32,1.8699989,5.4758387,146.0,1551.0,0.18975114456176762,True,REGULAR,USD,call,2026-09-30,127,745.6400146484375,0.9924360086132225,35.745000000000005,0.032172331794656554
SPY260930C00745000,2026-05-22 19:36:58+00:00,745.0,33.08,32.83,33.16,1.9100018,6.127692,53.0,1433.0,0.18579915771484373,True,REGULAR,USD,call,2026-09-30,127,745.6400146484375,0.9991416573200685,32.995,0.0100015153811183
SPY260930C00750000,2026-05-22 19:57:26+00:00,750.0,29.92,29.81,29.89,1.8999996,6.7808695,312.0,2678.0,0.18056544540405273,False,REGULAR,USD,call,2026-09-30,127,745.6400146484375,1.0058473060269146,29.85,0.0026800670016751036
SPY260930C00755000,2026-05-22 18:44:53+00:00,755.0,27.66,26.88,26.96,2.2800007,8.983455,15.0,1342.0,0.17656768264770512,False,REGULAR,USD,call,2026-09-30,127,745.6400146484375,1.0125529547337606,26.92,0.002971768202080306
SPY260930C00760000,2026-05-22 18:34:06+00:00,760.0,24.85,24.13,24.2,2.58,11.585092,32.0,1380.0,0.1727987994384766,False,REGULAR,USD,call,2026-09-30,127,745.6400146484375,1.0192586034406068,24.165,0.0028967515001034672
SPY260930C00765000,2026-05-22 19:03:26+00:00,765.0,21.86,21.55,21.63,1.8199997,9.081835,3.0,1496.0,0.16934271827697753,False,REGULAR,USD,call,2026-09-30,127,745.6400146484375,1.0259642521474528,21.59,0.0037054191755441545
SPY260930C00770000,2026-05-22 18:49:48+00:00,770.0,19.77,19.16,19.24,3.75,23.40824,7.0,1487.0,0.16611551666259772,False,REGULAR,USD,call,2026-09-30,127,745.6400146484375,1.032669900854299,19.2,0.004166666666666578
SPY260930C00775000,2026-05-22 19:01:57+00:00,775.0,17.4,16.96,17.03,2.2599993,14.92734,7.0,891.0,0.16310956527709963,False,REGULAR,USD,call,2026-09-30,127,745.6400146484375,1.0393755495611452,16.995,0.004118858487790543
SPY260930C00780000,2026-05-22 16:22:58+00:00,780.0,15.64,14.94,15.01,3.1400003,25.120003,28.0,1809.0,0.16039352798461914,False,REGULAR,USD,call,2026-09-30,127,745.6400146484375,1.0460811982679912,14.975,0.004674457429048433
SPY260930C00785000,2026-05-22 16:24:12+00:00,785.0,13.7,13.11,13.17,2.1499996,18.614716,32.0,418.0,0.15789111160278319,False,REGULAR,USD,call,2026-09-30,127,745.6400146484375,1.0527868469748374,13.14,0.004566210045662138
SPY260930C00790000,2026-05-22 19:10:43+00:00,790.0,11.71,11.45,11.51,1.25,11.950287,19.0,1204.0,0.1556633506774902,False,REGULAR,USD,call,2026-09-30,127,745.6400146484375,1.0594924956816834,11.48,0.005226480836236977
SPY260930C00795000,2026-05-22 19:10:43+00:00,795.0,10.2,9.96,10.02,0.8800001,9.442062,22.0,1485.0,0.15364921066284182,False,REGULAR,USD,call,2026-09-30,127,745.6400146484375,1.0661981443885296,9.99,0.006006006006005878
SPY260930C00800000,2026-05-22 20:12:32+00:00,800.0,8.64,8.63,8.69,0.7500005,9.50571,636.0,94189.0,0.1518639501953125,False,REGULAR,USD,call,2026-09-30,127,745.6400146484375,1.0729037930953755,8.66,0.006928406466512554
SPY260930C00805000,2026-05-22 19:36:58+00:00,805.0,7.56,7.44,7.5,1.6100001,27.058828,101.0,911.0,0.1501855001831055,False,REGULAR,USD,call,2026-09-30,127,745.6400146484375,1.0796094418022217,7.470000000000001,0.008032128514056172
SPY260930C00810000,2026-05-22 16:49:21+00:00,810.0,6.85,6.4,6.46,0.77,12.664473,30.0,705.0,0.14878170562744142,False,REGULAR,USD,call,2026-09-30,127,745.6400146484375,1.0863150905090677,6.43,0.009331259720062149
SPY260930C00815000,2026-05-22 16:43:25+00:00,815.0,5.88,5.49,5.54,1.1100001,23.270443,1.0,545.0,0.14748472152709963,False,REGULAR,USD,call,2026-09-30,127,745.6400146484375,1.093020739215914,5.515000000000001,0.009066183136899332
SPY260930C00820000,2026-05-22 16:37:35+00:00,820.0,5.08,4.68,4.74,0.9299998,22.409634,3.0,1610.0,0.1463708410644531,False,REGULAR,USD,call,2026-09-30,127,745.6400146484375,1.09972638792276,4.71,0.01273885350318482
SPY260930C00825000,2026-05-22 20:12:32+00:00,825.0,3.99,3.99,4.04,0.3800001,10.5263195,388.0,84682.0,0.1453637710571289,False,REGULAR,USD,call,2026-09-30,127,745.6400146484375,1.106432036629606,4.015000000000001,0.012453300124532956
SPY260930C00830000,2026-05-22 19:29:09+00:00,830.0,3.4,3.38,3.43,0.75,28.301886,5.0,747.0,0.1444329942321777,False,REGULAR,USD,call,2026-09-30,127,745.6400146484375,1.113137685336452,3.4050000000000002,0.014684287812041194
SPY260930C00835000,2026-05-18 18:49:33+00:00,835.0,2.0,2.86,2.91,0.0,0.0,21.0,277.0,0.14368532104492188,False,REGULAR,USD,call,2026-09-30,127,745.6400146484375,1.1198433340432983,2.885,0.017331022530329383
SPY260930C00840000,2026-05-22 14:10:51+00:00,840.0,2.54,2.42,2.46,0.32999992,14.932123,3.0,523.0,0.14301394104003906,False,REGULAR,USD,call,2026-09-30,127,745.6400146484375,1.1265489827501443,2.44,0.016393442622950834
SPY260930C00845000,2026-05-22 14:12:23+00:00,845.0,2.15,2.04,2.08,0.6200001,40.522884,1.0,184.0,0.14252566467285155,False,REGULAR,USD,call,2026-09-30,127,745.6400146484375,1.1332546314569905,2.06,0.019417475728155355
SPY260930C00850000,2026-05-22 20:14:44+00:00,850.0,1.74,1.72,1.76,0.23000002,15.23179,138.0,3302.0,0.14218997467041017,False,REGULAR,USD,call,2026-09-30,127,745.6400146484375,1.1399602801638364,1.74,0.022988505747126457
SPY260930C00855000,2026-05-20 14:36:41+00:00,855.0,1.06,1.45,1.48,0.0,0.0,1.0,402.0,0.1417932501220703,False,REGULAR,USD,call,2026-09-30,127,745.6400146484375,1.1466659288706826,1.4649999999999999,0.020477815699658723
SPY260930C00860000,2026-05-21 18:51:19+00:00,860.0,1.07,1.22,1.26,0.0,0.0,2.0,453.0,0.14185428466796873,False,REGULAR,USD,call,2026-09-30,127,745.6400146484375,1.1533715775775288,1.24,0.03225806451612906
SPY260930C00865000,2026-05-22 16:46:02+00:00,865.0,1.17,1.03,1.07,0.27999997,31.460672,71.0,374.0,0.14191531921386719,False,REGULAR,USD,call,2026-09-30,127,745.6400146484375,1.1600772262843748,1.05,0.038095238095238126
SPY260930C00870000,2026-05-22 15:56:55+00:00,870.0,1.01,0.88,0.91,0.46999997,87.037025,3.0,1102.0,0.1420984228515625,False,REGULAR,USD,call,2026-09-30,127,745.6400146484375,1.166782874991221,0.895,0.033519553072625725
SPY260930C00875000,2026-05-22 19:30:44+00:00,875.0,0.75,0.75,0.77,0.110000014,17.187504,5.0,542.0,0.14222049194335937,False,REGULAR,USD,call,2026-09-30,127,745.6400146484375,1.173488523698067,0.76,0.026315789473684233
SPY260930C00880000,2026-05-22 13:40:26+00:00,880.0,0.74,0.64,0.66,0.22000003,42.307697,12.0,769.0,0.14264773376464845,False,REGULAR,USD,call,2026-09-30,127,745.6400146484375,1.1801941724049132,0.65,0.030769230769230795
SPY260930C00885000,2026-05-22 13:39:57+00:00,885.0,0.62,0.55,0.57,0.13,26.530611,23.0,525.0,0.14331911376953127,False,REGULAR,USD,call,2026-09-30,127,745.6400146484375,1.1868998211117592,0.56,0.035714285714285546
SPY260930C00890000,2026-05-22 16:17:12+00:00,890.0,0.54,0.47,0.5,0.110000014,25.581398,5.0,435.0,0.14429566650390624,False,REGULAR,USD,call,2026-09-30,127,745.6400146484375,1.1936054698186054,0.485,0.06185567010309284
SPY260930C00895000,2026-05-22 14:04:13+00:00,895.0,0.45,0.41,0.43,0.07999998,21.621616,5.0,1091.0,0.14478394287109375,False,REGULAR,USD,call,2026-09-30,127,745.6400146484375,1.2003111185254514,0.42,0.047619047619047665
SPY260930C00900000,2026-05-22 20:14:45+00:00,900.0,0.38,0.36,0.38,0.049999982,15.151509,24.0,3834.0,0.14600463378906248,False,REGULAR,USD,call,2026-09-30,127,745.6400146484375,1.2070167672322976,0.37,0.054054054054054106
SPY261016C00545000,2026-05-20 17:27:13+00:00,545.0,203.0,207.52,210.71,0.0,0.0,,1.0,0.42413905944824215,True,REGULAR,USD,call,2026-10-16,143,745.6400146484375,0.7309157090462246,209.115,0.015254764125002977
SPY261016C00600000,2026-05-19 18:26:36+00:00,600.0,149.06,155.5,158.7,0.0,0.0,1.0,13.0,0.3542850216674803,True,REGULAR,USD,call,2026-10-16,143,745.6400146484375,0.8046778448215317,157.1,0.020369191597708395
SPY261016C00605000,2026-05-13 14:23:57+00:00,605.0,146.25,150.85,154.06,0.0,0.0,,0.0,0.34834941207885745,True,REGULAR,USD,call,2026-10-16,143,745.6400146484375,0.8113834935283778,152.45499999999998,0.021055393394772283
SPY261016C00610000,2026-05-12 14:44:42+00:00,610.0,139.25,146.22,149.43,0.0,0.0,,1.0,0.34239854385375973,True,REGULAR,USD,call,2026-10-16,143,745.6400146484375,0.8180891422352239,147.825,0.021714865550482045
SPY261016C00625000,2026-05-19 16:43:19+00:00,625.0,124.57,132.42,135.64,0.0,0.0,1.0,203.0,0.32472904281616205,True,REGULAR,USD,call,2026-10-16,143,745.6400146484375,0.8382060883557622,134.02999999999997,0.024024472133104526
SPY261016C00630000,2026-05-12 15:42:28+00:00,630.0,119.78,127.87,131.09,0.0,0.0,,37.0,0.3189765368652343,True,REGULAR,USD,call,2026-10-16,143,745.6400146484375,0.8449117370626082,129.48000000000002,0.024868705591597144
SPY261016C00635000,2026-05-19 16:29:42+00:00,635.0,115.11,123.34,126.56,0.0,0.0,737.0,4341.0,0.31325454818725584,True,REGULAR,USD,call,2026-10-16,143,745.6400146484375,0.8516173857694543,124.95,0.02577030812324929
SPY261016C00640000,2026-05-14 16:20:57+00:00,640.0,125.32,118.82,122.05,0.0,0.0,,398.0,0.3075478181457519,True,REGULAR,USD,call,2026-10-16,143,745.6400146484375,0.8583230344763004,120.435,0.026819446174284917
SPY261016C00645000,2026-05-19 16:29:59+00:00,645.0,106.27,114.33,117.56,0.0,0.0,228.0,228.0,0.3018410881042481,True,REGULAR,USD,call,2026-10-16,143,745.6400146484375,0.8650286831831465,115.945,0.027858036137824005
SPY261016C00655000,2026-05-12 15:40:20+00:00,655.0,98.2,105.43,108.64,0.0,0.0,,1.0,0.29038185211181633,True,REGULAR,USD,call,2026-10-16,143,745.6400146484375,0.8784399805968387,107.035,0.0299901901247255
SPY261016C00660000,2026-05-19 15:45:47+00:00,660.0,92.93,101.03,104.27,0.0,0.0,2.0,4.0,0.28504132934570303,True,REGULAR,USD,call,2026-10-16,143,745.6400146484375,0.8851456293036849,102.65,0.03156356551388207
SPY261016C00670000,2026-05-22 13:30:01+00:00,670.0,94.01,92.31,95.56,2.7200012,2.9795172,5.0,11.0,0.2739635592651367,True,REGULAR,USD,call,2026-10-16,143,745.6400146484375,0.8985569267173771,93.935,0.0345983925054559
SPY261016C00680000,2026-05-18 17:01:41+00:00,680.0,78.35,83.73,87.0,0.0,0.0,3.0,9.0,0.26303074623107914,True,REGULAR,USD,call,2026-10-16,143,745.6400146484375,0.9119682241310693,85.36500000000001,0.038306097346687704
SPY261016C00685000,2026-05-20 13:53:29+00:00,685.0,73.88,79.51,82.78,0.0,0.0,,1.0,0.25760630096435544,True,REGULAR,USD,call,2026-10-16,143,745.6400146484375,0.9186738728379154,81.14500000000001,0.04029823156078619
SPY261016C00690000,2026-05-18 16:28:03+00:00,690.0,69.75,75.33,78.61,0.0,0.0,,5.0,0.2522428902435302,True,REGULAR,USD,call,2026-10-16,143,745.6400146484375,0.9253795215447614,76.97,0.04261400545667145
SPY261016C00695000,2026-05-21 18:34:11+00:00,695.0,69.7,71.19,74.48,0.0,0.0,3.0,30.0,0.2468565915679932,True,REGULAR,USD,call,2026-10-16,143,745.6400146484375,0.9320851702516075,72.83500000000001,0.04517059106198951
SPY261016C00700000,2026-05-22 19:34:13+00:00,700.0,69.44,67.11,70.41,1.5,2.2078304,2.0,50.0,0.24155421539306643,True,REGULAR,USD,call,2026-10-16,143,745.6400146484375,0.9387908189584536,68.75999999999999,0.047993019197207644
SPY261016C00705000,2026-05-21 16:42:07+00:00,705.0,59.66,63.1,66.41,0.0,0.0,8.0,30.0,0.2363510203552246,True,REGULAR,USD,call,2026-10-16,143,745.6400146484375,0.9454964676652997,64.755,0.05111574395799545
SPY261016C00710000,2026-05-19 14:45:47+00:00,710.0,51.84,59.16,62.47,0.0,0.0,1.0,11.0,0.23119360122680666,True,REGULAR,USD,call,2026-10-16,143,745.6400146484375,0.9522021163721458,60.815,0.05442736167064051
SPY261016C00715000,2026-05-22 17:28:07+00:00,715.0,58.3,55.28,58.61,3.75,6.8744273,6.0,23.0,0.22613536323547365,True,REGULAR,USD,call,2026-10-16,143,745.6400146484375,0.9589077650789919,56.945,0.05847747826850467
SPY261016C00720000,2026-05-21 19:38:05+00:00,720.0,51.02,51.97,54.83,0.0,0.0,1.0,18.0,0.22116104774475095,True,REGULAR,USD,call,2026-10-16,143,745.6400146484375,0.965613413785838,53.4,0.05355805243445692
SPY261016C00725000,2026-05-22 18:43:00+00:00,725.0,50.46,47.79,51.14,3.3099976,7.0201435,13.0,17.0,0.21630117202758786,True,REGULAR,USD,call,2026-10-16,143,745.6400146484375,0.9723190624926841,49.465,0.06772465379561309
SPY261016C00730000,2026-05-22 17:30:01+00:00,730.0,48.0,44.82,47.54,4.290001,9.81469,8.0,47.0,0.21150996017456053,True,REGULAR,USD,call,2026-10-16,143,745.6400146484375,0.9790247111995302,46.18,0.05889995669120829
SPY261016C00735000,2026-05-22 17:21:59+00:00,735.0,43.48,40.68,44.05,3.6699982,9.218784,11.0,60.0,0.20687133468627927,True,REGULAR,USD,call,2026-10-16,143,745.6400146484375,0.9857303599063764,42.364999999999995,0.07954679570400089
SPY261016C00740000,2026-05-22 19:19:57+00:00,740.0,39.07,37.3,40.68,2.2399979,6.081992,12.0,149.0,0.2024005541992187,True,REGULAR,USD,call,2026-10-16,143,745.6400146484375,0.9924360086132225,38.989999999999995,0.08668889458835606
SPY261016C00745000,2026-05-22 19:19:57+00:00,745.0,36.21,34.13,37.44,3.119999,9.428827,29.0,222.0,0.1981128773498535,True,REGULAR,USD,call,2026-10-16,143,745.6400146484375,0.9991416573200685,35.785,0.09249685622467502
SPY261016C00750000,2026-05-22 19:46:23+00:00,750.0,32.25,32.66,32.73,1.2800007,4.133034,50.0,718.0,0.185455838394165,False,REGULAR,USD,call,2026-10-16,143,745.6400146484375,1.0058473060269146,32.69499999999999,0.0021410001529285913
SPY261016C00755000,2026-05-22 19:31:04+00:00,755.0,29.38,29.69,29.77,1.2699986,4.5179596,109.0,903.0,0.181549627456665,False,REGULAR,USD,call,2026-10-16,143,745.6400146484375,1.0125529547337606,29.73,0.0026908846283215035
SPY261016C00760000,2026-05-22 19:32:50+00:00,760.0,26.87,26.89,26.96,1.6300011,6.4580073,104.0,785.0,0.17781889083862307,False,REGULAR,USD,call,2026-10-16,143,745.6400146484375,1.0192586034406068,26.925,0.002599814298978655
SPY261016C00765000,2026-05-22 18:01:13+00:00,765.0,24.96,24.25,24.32,1.7299995,7.447264,133.0,343.0,0.17433229240417483,False,REGULAR,USD,call,2026-10-16,143,745.6400146484375,1.0259642521474528,24.285,0.0028824377187564457
SPY261016C00770000,2026-05-22 19:29:02+00:00,770.0,21.76,21.78,21.85,1.8000011,9.018042,87.0,446.0,0.17107457351684574,False,REGULAR,USD,call,2026-10-16,143,745.6400146484375,1.032669900854299,21.815,0.0032088012835205263
SPY261016C00775000,2026-05-22 19:29:42+00:00,775.0,19.38,19.49,19.55,2.1399994,12.41299,42.0,444.0,0.16803810485839848,False,REGULAR,USD,call,2026-10-16,143,745.6400146484375,1.0393755495611452,19.52,0.0030737704918033953
SPY261016C00780000,2026-05-22 17:31:15+00:00,780.0,18.62,17.36,17.43,3.0200005,19.358976,45.0,316.0,0.16526866233825685,False,REGULAR,USD,call,2026-10-16,143,745.6400146484375,1.0460811982679912,17.395,0.004024144869215309
SPY261016C00785000,2026-05-22 17:55:24+00:00,785.0,16.07,15.41,15.47,1.46,9.993156,195.0,268.0,0.16265180618286135,False,REGULAR,USD,call,2026-10-16,143,745.6400146484375,1.0527868469748374,15.440000000000001,0.0038860103626943325
SPY261016C00790000,2026-05-22 16:49:59+00:00,790.0,14.22,13.62,13.69,1.4499998,11.354735,70.0,523.0,0.1603324934387207,False,REGULAR,USD,call,2026-10-16,143,745.6400146484375,1.0594924956816834,13.655,0.00512632735261811
SPY261016C00795000,2026-05-22 17:50:54+00:00,795.0,12.62,12.0,12.06,2.2600002,21.814674,94.0,104.0,0.15813524978637694,False,REGULAR,USD,call,2026-10-16,143,745.6400146484375,1.0661981443885296,12.030000000000001,0.004987531172069866
SPY261016C00800000,2026-05-22 19:31:09+00:00,800.0,10.43,10.54,10.6,0.9300003,9.789476,249.0,512.0,0.1562279202270508,False,REGULAR,USD,call,2026-10-16,143,745.6400146484375,1.0729037930953755,10.57,0.005676442762535525
SPY261016C00805000,2026-05-22 19:15:30+00:00,805.0,9.36,9.22,9.28,1.4399996,18.181812,120.0,68.0,0.1544655477142334,False,REGULAR,USD,call,2026-10-16,143,745.6400146484375,1.0796094418022217,9.25,0.006486486486486348
SPY261016C00810000,2026-05-22 13:39:12+00:00,810.0,8.7,8.04,8.1,1.1299996,14.92734,1.0,65.0,0.15288627883911138,False,REGULAR,USD,call,2026-10-16,143,745.6400146484375,1.0863150905090677,8.07,0.007434944237918277
SPY261016C00815000,2026-05-22 14:51:20+00:00,815.0,7.2,6.99,7.05,1.2399998,20.805365,2.0,1997.0,0.15146722564697268,False,REGULAR,USD,call,2026-10-16,143,745.6400146484375,1.093020739215914,7.02,0.008547008547008492
SPY261016C00820000,2026-05-22 19:16:47+00:00,820.0,6.14,6.06,6.12,1.1500001,23.046095,21.0,4312.0,0.15020075881958012,False,REGULAR,USD,call,2026-10-16,143,745.6400146484375,1.09972638792276,6.09,0.009852216748768555
SPY261016C00825000,2026-05-22 16:52:01+00:00,825.0,5.61,5.24,5.29,0.5799999,11.530813,55.0,195.0,0.14901058517456056,False,REGULAR,USD,call,2026-10-16,143,745.6400146484375,1.106432036629606,5.265000000000001,0.009496676163342795
SPY261016C00830000,2026-05-22 18:40:52+00:00,830.0,4.8,4.52,4.57,1.0100002,26.649082,5.0,190.0,0.1480340324401856,False,REGULAR,USD,call,2026-10-16,143,745.6400146484375,1.113137685336452,4.545,0.011001100110011158
SPY261016C00835000,2026-05-21 14:07:50+00:00,835.0,3.23,3.88,3.93,0.0,0.0,29.0,69.0,0.14707273834228518,False,REGULAR,USD,call,2026-10-16,143,745.6400146484375,1.1198433340432983,3.9050000000000002,0.012804097311139632
SPY261016C00840000,2026-05-22 15:34:51+00:00,840.0,3.71,3.33,3.38,0.78999996,27.054792,79.0,14.0,0.14630980651855469,False,REGULAR,USD,call,2026-10-16,143,745.6400146484375,1.1265489827501443,3.355,0.014903129657227966
SPY261016C00845000,2026-05-22 19:58:41+00:00,845.0,2.89,2.85,2.89,0.3000002,11.583019,3.0,134.0,0.145516357421875,False,REGULAR,USD,call,2026-10-16,143,745.6400146484375,1.1332546314569905,2.87,0.013937282229965169
SPY261016C00850000,2026-05-22 19:43:33+00:00,850.0,2.45,2.44,2.48,0.29999995,13.953486,2.0,5863.0,0.1450280810546875,False,REGULAR,USD,call,2026-10-16,143,745.6400146484375,1.1399602801638364,2.46,0.016260162601626032
SPY261016C00855000,2026-05-20 14:54:09+00:00,855.0,1.62,2.08,2.12,0.0,0.0,3.0,72.0,0.14450928741455077,False,REGULAR,USD,call,2026-10-16,143,745.6400146484375,1.1466659288706826,2.1,0.019047619047619063
SPY261016C00860000,2026-05-21 19:51:37+00:00,860.0,1.54,1.77,1.81,0.0,0.0,5.0,24.0,0.14411256286621094,False,REGULAR,USD,call,2026-10-16,143,745.6400146484375,1.1533715775775288,1.79,0.022346368715083817
SPY261016C00865000,2026-05-20 18:30:11+00:00,865.0,1.33,1.52,1.55,0.0,0.0,1.0,4.0,0.1438989419555664,False,REGULAR,USD,call,2026-10-16,143,745.6400146484375,1.1600772262843748,1.5350000000000001,0.019543973941368094
SPY261016C00870000,2026-05-22 17:29:53+00:00,870.0,1.52,1.29,1.33,0.52,52.0,1.0,86.0,0.14380739013671873,False,REGULAR,USD,call,2026-10-16,143,745.6400146484375,1.166782874991221,1.31,0.030534351145038195
SPY261016C00875000,2026-05-22 14:02:31+00:00,875.0,1.2,1.11,1.14,0.23000002,23.711342,1.0,532.0,0.1437768728637695,False,REGULAR,USD,call,2026-10-16,143,745.6400146484375,1.173488523698067,1.125,0.02666666666666649
SPY261016C00880000,2026-05-22 15:02:38+00:00,880.0,1.03,0.95,0.98,0.20999998,25.609753,28.0,112.0,0.14386842468261718,False,REGULAR,USD,call,2026-10-16,143,745.6400146484375,1.1801941724049132,0.965,0.03108808290155443
SPY261016C00885000,2026-05-15 14:20:28+00:00,885.0,1.07,0.82,0.85,0.0,0.0,2.0,0.0,0.1442346319580078,False,REGULAR,USD,call,2026-10-16,143,745.6400146484375,1.1868998211117592,0.835,0.035928143712574884
SPY261016C00890000,2026-05-22 18:19:02+00:00,890.0,0.78,0.71,0.73,0.109999955,16.417902,2.0,5.0,0.14441773559570312,False,REGULAR,USD,call,2026-10-16,143,745.6400146484375,1.1936054698186054,0.72,0.027777777777777804
SPY261016C00900000,2026-05-22 19:29:04+00:00,900.0,0.54,0.53,0.56,0.07000002,14.893621,139.0,70.0,0.1456994610595703,False,REGULAR,USD,call,2026-10-16,143,745.6400146484375,1.2070167672322976,0.545,0.05504587155963307
SPY261016C00910000,2026-05-22 19:19:09+00:00,910.0,0.42,0.41,0.43,0.099999994,31.25,70.0,134.0,0.1469811865234375,False,REGULAR,USD,call,2026-10-16,143,745.6400146484375,1.2204280646459897,0.42,0.047619047619047665
SPY261016C00920000,2026-05-20 18:31:25+00:00,920.0,0.31,0.32,0.35,0.0,0.0,10.0,126.0,0.14954463745117189,False,REGULAR,USD,call,2026-10-16,143,745.6400146484375,1.233839362059682,0.33499999999999996,0.08955223880597007
SPY261016C00925000,2026-05-19 19:25:32+00:00,925.0,0.21,0.29,0.31,0.0,0.0,1.0,13.0,0.15027705200195315,False,REGULAR,USD,call,2026-10-16,143,745.6400146484375,1.240545010766528,0.3,0.06666666666666674
SPY261016C00935000,2026-05-19 14:19:58+00:00,935.0,0.15,0.23,0.26,0.0,0.0,2.0,2.0,0.15320671020507814,False,REGULAR,USD,call,2026-10-16,143,745.6400146484375,1.2539563081802203,0.245,0.12244897959183673
SPY261016C00960000,2026-05-15 14:56:03+00:00,960.0,0.2,0.15,0.17,0.0,0.0,1.0,10.0,0.1601646484375,False,REGULAR,USD,call,2026-10-16,143,745.6400146484375,1.2874845517144506,0.16,0.1250000000000001
SPY261030C00555000,2026-05-18 19:57:15+00:00,555.0,193.99,199.32,202.51,0.0,0.0,,1.0,0.4074766284179688,True,REGULAR,USD,call,2026-10-30,157,745.6400146484375,0.7443270064599168,200.915,0.0158773610730906
SPY261030C00570000,2026-05-13 18:14:57+00:00,570.0,186.99,185.15,188.34,0.0,0.0,2.0,2.0,0.38886109191894536,True,REGULAR,USD,call,2026-10-30,157,745.6400146484375,0.764443952580455,186.745,0.01708211732576507
SPY261030C00575000,2026-05-20 19:35:59+00:00,575.0,177.69,180.45,183.64,0.0,0.0,,1.0,0.3827728959655761,True,REGULAR,USD,call,2026-10-30,157,745.6400146484375,0.7711496012873011,182.045,0.01752313988299595
SPY261030C00585000,2026-05-12 15:36:24+00:00,585.0,161.94,171.08,174.27,0.0,0.0,2.0,2.0,0.37067279724121094,True,REGULAR,USD,call,2026-10-30,157,745.6400146484375,0.7845608987009934,172.675,0.018474011872013883
SPY261030C00590000,2026-05-06 17:21:54+00:00,590.0,156.5,166.42,169.61,0.0,0.0,3.0,2.0,0.36473718765258795,True,REGULAR,USD,call,2026-10-30,157,745.6400146484375,0.7912665474078395,168.015,0.018986400023807554
SPY261030C00600000,2026-05-18 18:33:55+00:00,600.0,149.24,157.15,160.34,0.0,0.0,4.0,7.0,0.3530643307495117,True,REGULAR,USD,call,2026-10-30,157,745.6400146484375,0.8046778448215317,158.745,0.020095121106176558
SPY261030C00605000,2026-05-13 14:24:51+00:00,605.0,148.6,152.53,155.73,0.0,0.0,,4.0,0.34731182479858397,True,REGULAR,USD,call,2026-10-30,157,745.6400146484375,0.8113834935283778,154.13,0.020761694673327637
SPY261030C00610000,2026-05-06 16:00:58+00:00,610.0,138.41,147.93,151.13,0.0,0.0,,2.0,0.341528801574707,True,REGULAR,USD,call,2026-10-30,157,745.6400146484375,0.8180891422352239,149.53,0.021400387882030285
SPY261030C00615000,2026-05-01 18:20:08+00:00,615.0,125.37,143.35,146.54,0.0,0.0,2.0,0.0,0.3357305197143554,True,REGULAR,USD,call,2026-10-30,157,745.6400146484375,0.82479479094207,144.945,0.0220083479940667
SPY261030C00620000,2026-04-27 19:40:40+00:00,620.0,116.68,138.78,141.99,0.0,0.0,,1.0,0.330161117401123,True,REGULAR,USD,call,2026-10-30,157,745.6400146484375,0.8315004396489161,140.385,0.022865690778929432
SPY261030C00630000,2026-05-12 15:13:06+00:00,630.0,122.36,129.73,132.94,0.0,0.0,1.0,4.0,0.31902231277465815,True,REGULAR,USD,call,2026-10-30,157,745.6400146484375,0.8449117370626082,131.33499999999998,0.024441314196520413
SPY261030C00635000,2026-05-07 19:18:39+00:00,635.0,115.61,125.23,128.44,0.0,0.0,,1.0,0.31343765182495115,True,REGULAR,USD,call,2026-10-30,157,745.6400146484375,0.8516173857694543,126.83500000000001,0.02530847163637792
SPY261030C00640000,2026-05-12 15:34:54+00:00,640.0,113.04,120.76,123.98,0.0,0.0,78.0,84.0,0.3080208358764648,True,REGULAR,USD,call,2026-10-30,157,745.6400146484375,0.8583230344763004,122.37,0.026313638963798305
SPY261030C00641000,2026-05-19 16:29:11+00:00,641.0,111.92,119.87,123.06,0.0,0.0,1806.0,3237.0,0.306723851776123,True,REGULAR,USD,call,2026-10-30,157,745.6400146484375,0.8596641642176697,121.465,0.02626270942246736
SPY261030C00642000,2026-05-12 15:36:06+00:00,642.0,111.05,118.97,122.19,0.0,0.0,,1.0,0.3057778163146973,True,REGULAR,USD,call,2026-10-30,157,745.6400146484375,0.8610052939590389,120.58,0.026704262730137658
SPY261030C00646000,2026-05-15 15:03:03+00:00,646.0,113.99,115.42,118.64,0.0,0.0,1.0,1.0,0.30141384628295903,True,REGULAR,USD,call,2026-10-30,157,745.6400146484375,0.8663698129245158,117.03,0.027514312569426633
SPY261030C00650000,2026-05-20 15:15:32+00:00,650.0,108.5,111.88,115.1,0.0,0.0,1.0,30.0,0.2970193589782714,True,REGULAR,USD,call,2026-10-30,157,745.6400146484375,0.8717343318899926,113.49,0.028372543836461355
SPY261030C00651000,2026-05-05 13:47:51+00:00,651.0,92.82,111.0,114.22,0.0,0.0,,1.0,0.2959359957885742,True,REGULAR,USD,call,2026-10-30,157,745.6400146484375,0.8730754616313618,112.61,0.028594263386910568
SPY261030C00652000,2026-05-05 13:37:13+00:00,652.0,91.89,110.12,113.34,0.0,0.0,,2.0,0.2948526325988769,True,REGULAR,USD,call,2026-10-30,157,745.6400146484375,0.8744165913727311,111.73,0.028819475521346092
SPY261030C00655000,2026-05-11 19:08:34+00:00,655.0,105.35,107.49,110.71,0.0,0.0,2.0,3.0,0.2916330603027343,True,REGULAR,USD,call,2026-10-30,157,745.6400146484375,0.8784399805968387,109.1,0.02951420714940421
SPY261030C00658000,2026-05-18 19:04:25+00:00,658.0,99.65,104.87,108.09,0.0,0.0,2.0,1.0,0.28841348800659167,True,REGULAR,USD,call,2026-10-30,157,745.6400146484375,0.8824633698209464,106.48,0.030240420736288492
SPY261030C00660000,2026-05-11 13:48:47+00:00,660.0,100.16,103.13,106.35,0.0,0.0,1.0,12.0,0.28626964958190915,True,REGULAR,USD,call,2026-10-30,157,745.6400146484375,0.8851456293036849,104.74,0.030742791674622866
SPY261030C00661000,2026-05-06 15:07:18+00:00,661.0,94.52,102.26,105.48,0.0,0.0,,1.0,0.28519391571044916,True,REGULAR,USD,call,2026-10-30,157,745.6400146484375,0.886486759045054,103.87,0.031000288822566658
SPY261030C00662000,2026-05-13 15:28:25+00:00,662.0,99.34,101.39,104.61,0.0,0.0,6.0,7.0,0.28409529388427723,True,REGULAR,USD,call,2026-10-30,157,745.6400146484375,0.8878278887864233,103.0,0.031262135922330084
SPY261030C00666000,2026-05-07 13:55:21+00:00,666.0,91.66,97.93,101.16,0.0,0.0,1.0,1.0,0.2798686515808105,True,REGULAR,USD,call,2026-10-30,157,745.6400146484375,0.8931924077519001,99.545,0.03244763674719966
SPY261030C00668000,2026-05-06 15:07:09+00:00,668.0,88.65,96.2,99.43,0.0,0.0,,1.0,0.27768666656494134,True,REGULAR,USD,call,2026-10-30,157,745.6400146484375,0.8958746672346386,97.815,0.03302152021673572
SPY261030C00670000,2026-05-18 17:08:02+00:00,670.0,89.49,94.49,97.72,0.0,0.0,1.0,5.0,0.27558860404968255,True,REGULAR,USD,call,2026-10-30,157,745.6400146484375,0.8985569267173771,96.10499999999999,0.033609073409291965
SPY261030C00672000,2026-05-15 13:45:11+00:00,672.0,90.29,92.78,96.01,0.0,0.0,4.0,2.0,0.2734600242614746,True,REGULAR,USD,call,2026-10-30,157,745.6400146484375,0.9012391862001154,94.39500000000001,0.03421791408443248
SPY261030C00674000,2026-05-15 13:45:11+00:00,674.0,88.63,91.07,94.32,0.0,0.0,4.0,3.0,0.2714306256103516,True,REGULAR,USD,call,2026-10-30,157,745.6400146484375,0.9039214456828539,92.695,0.035061222288149306
SPY261030C00675000,2026-05-22 16:30:19+00:00,675.0,93.54,90.22,93.47,5.029999,5.682972,2.0,4.0,0.2703625210571289,True,REGULAR,USD,call,2026-10-30,157,745.6400146484375,0.9052625754242232,91.845,0.035385704175513094
SPY261030C00677000,2026-05-15 13:55:21+00:00,677.0,87.71,88.52,91.78,0.0,0.0,1.0,1.0,0.26828734649658204,True,REGULAR,USD,call,2026-10-30,157,745.6400146484375,0.9079448349069615,90.15,0.03616195230171941
SPY261030C00678000,2026-05-22 13:48:28+00:00,678.0,90.57,87.68,90.93,3.6100006,4.151335,1.0,1.0,0.2671887246704102,True,REGULAR,USD,call,2026-10-30,157,745.6400146484375,0.9092859646483308,89.305,0.03639213929791165
SPY261030C00680000,2026-05-22 13:47:29+00:00,680.0,89.56,86.0,89.25,3.5899963,4.175871,11.0,20.0,0.26511355010986326,True,REGULAR,USD,call,2026-10-30,157,745.6400146484375,0.9119682241310693,87.625,0.037089871611982884
SPY261030C00684000,2026-05-14 18:45:55+00:00,684.0,87.19,82.64,85.91,0.0,0.0,,1.0,0.26097845962524413,True,REGULAR,USD,call,2026-10-30,157,745.6400146484375,0.9173327430965461,84.275,0.03880154256897058
SPY261030C00685000,2026-05-19 17:24:43+00:00,685.0,77.06,81.81,85.07,0.0,0.0,3.0,13.0,0.25989509643554687,True,REGULAR,USD,call,2026-10-30,157,745.6400146484375,0.9186738728379154,83.44,0.03906999041227218
SPY261030C00686000,2026-05-22 13:47:55+00:00,686.0,84.13,80.98,84.24,4.779999,6.023943,1.0,5.0,0.2588575091552735,True,REGULAR,USD,call,2026-10-30,157,745.6400146484375,0.9200150025792846,82.61,0.039462534802081964
SPY261030C00688000,2026-05-06 14:28:09+00:00,688.0,71.03,79.32,82.59,0.0,0.0,,2.0,0.2568128518676758,True,REGULAR,USD,call,2026-10-30,157,745.6400146484375,0.922697262062023,80.955,0.04039281082082651
SPY261030C00690000,2026-05-15 13:45:58+00:00,690.0,75.41,77.67,80.94,0.0,0.0,1.0,66.0,0.2547224186706543,True,REGULAR,USD,call,2026-10-30,157,745.6400146484375,0.9253795215447614,79.305,0.041233213542651734
SPY261030C00692000,2026-05-06 14:04:29+00:00,692.0,66.56,76.02,79.3,0.0,0.0,,1.0,0.2526625027465821,True,REGULAR,USD,call,2026-10-30,157,745.6400146484375,0.9280617810274999,77.66,0.042235385011588994
SPY261030C00694000,2026-05-13 17:28:00+00:00,694.0,76.0,74.38,77.66,0.0,0.0,1.0,26.0,0.2505568109130859,True,REGULAR,USD,call,2026-10-30,157,745.6400146484375,0.9307440405102383,76.02,0.043146540384109464
SPY261030C00695000,2026-05-21 18:34:11+00:00,695.0,72.09,73.57,76.85,0.0,0.0,1.0,43.0,0.2495497409057617,True,REGULAR,USD,call,2026-10-30,157,745.6400146484375,0.9320851702516075,75.21,0.04361122191197981
SPY261030C00697000,2026-05-19 19:47:55+00:00,697.0,65.89,71.95,75.23,0.0,0.0,1.0,2.0,0.24748982498168942,True,REGULAR,USD,call,2026-10-30,157,745.6400146484375,0.934767429734346,73.59,0.04457127327082486
SPY261030C00698000,2026-05-19 19:45:02+00:00,698.0,64.48,71.14,74.43,0.0,0.0,,1.0,0.24650564292907715,True,REGULAR,USD,call,2026-10-30,157,745.6400146484375,0.9361085594757151,72.785,0.04520162121316214
SPY261030C00699000,2026-05-22 16:14:43+00:00,699.0,72.92,70.34,73.62,-2.9900055,-3.938882,3.0,15.0,0.2454527970123291,True,REGULAR,USD,call,2026-10-30,157,745.6400146484375,0.9374496892170844,71.98,0.045568213392609073
SPY261030C00700000,2026-05-22 14:02:27+00:00,700.0,71.5,69.53,72.82,7.459999,11.648968,1.0,67.0,0.24444572700500491,True,REGULAR,USD,call,2026-10-30,157,745.6400146484375,0.9387908189584536,71.175,0.04622409553916392
SPY261030C00702000,2026-05-19 15:32:48+00:00,702.0,60.07,67.94,71.22,0.0,0.0,1.0,1.0,0.24239344039916988,True,REGULAR,USD,call,2026-10-30,157,745.6400146484375,0.9414730784411921,69.58,0.047139982753664864
SPY261030C00703000,2026-05-15 19:48:46+00:00,703.0,66.61,67.14,70.43,0.0,0.0,1.0,2.0,0.2414168876647949,True,REGULAR,USD,call,2026-10-30,157,745.6400146484375,0.9428142081825612,68.785,0.047830195536817714
SPY261030C00704000,2026-05-08 14:28:04+00:00,704.0,62.2,66.35,69.64,0.0,0.0,3.0,3.0,0.24041744697570797,True,REGULAR,USD,call,2026-10-30,157,745.6400146484375,0.9441553379239305,67.995,0.04838591072873014
SPY261030C00705000,2026-05-22 15:03:47+00:00,705.0,68.01,65.56,68.85,2.209999,3.358661,16.0,30.0,0.23940274765014646,True,REGULAR,USD,call,2026-10-30,157,745.6400146484375,0.9454964676652997,67.205,0.048954690871214825
SPY261030C00707000,2026-05-19 15:38:50+00:00,707.0,57.08,63.99,67.28,0.0,0.0,5.0,5.0,0.23740386627197263,True,REGULAR,USD,call,2026-10-30,157,745.6400146484375,0.9481787271480382,65.635,0.05012569513217032
SPY261030C00708000,2026-05-08 17:32:47+00:00,708.0,61.06,63.2,66.5,0.0,0.0,10.0,10.0,0.23641968421936035,True,REGULAR,USD,call,2026-10-30,157,745.6400146484375,0.9495198568894074,64.85,0.050886661526599805
SPY261030C00710000,2026-05-22 14:46:12+00:00,710.0,63.22,61.87,64.94,1.3500023,2.1819983,535.0,144.0,0.2344055442047119,True,REGULAR,USD,call,2026-10-30,157,745.6400146484375,0.9522021163721458,63.405,0.04841889440895829
SPY261030C00711000,2026-05-19 15:41:56+00:00,711.0,54.14,60.87,64.17,0.0,0.0,2.0,99.0,0.2334366207885742,True,REGULAR,USD,call,2026-10-30,157,745.6400146484375,0.953543246113515,62.519999999999996,0.05278310940499047
SPY261030C00712000,2026-05-11 14:25:43+00:00,712.0,59.45,60.1,63.4,0.0,0.0,18.0,20.0,0.2324448094177246,True,REGULAR,USD,call,2026-10-30,157,745.6400146484375,0.9548843758548843,61.75,0.05344129554655866
SPY261030C00713000,2026-05-01 16:55:24+00:00,713.0,46.04,59.32,62.63,0.0,0.0,2.0,7.0,0.231452998046875,True,REGULAR,USD,call,2026-10-30,157,745.6400146484375,0.9562255055962535,60.975,0.05428454284542849
SPY261030C00714000,2026-05-11 14:31:52+00:00,714.0,56.75,58.56,61.87,0.0,0.0,2.0,4.0,0.2304917039489746,True,REGULAR,USD,call,2026-10-30,157,745.6400146484375,0.9575666353376227,60.215,0.05496969193722486
SPY261030C00715000,2026-05-20 19:59:12+00:00,715.0,56.84,57.79,61.1,0.0,0.0,5.0,55.0,0.2294693753051758,True,REGULAR,USD,call,2026-10-30,157,745.6400146484375,0.9589077650789919,59.445,0.0556817226007234
SPY261030C00716000,2026-05-12 19:59:03+00:00,716.0,55.65,57.16,60.35,0.0,0.0,3.0,14.0,0.22853859848022462,True,REGULAR,USD,call,2026-10-30,157,745.6400146484375,0.9602488948203611,58.754999999999995,0.05429325163815854
SPY261030C00717000,2026-05-13 18:23:23+00:00,717.0,59.22,56.28,59.59,0.0,0.0,1.0,2.0,0.22754678710937498,True,REGULAR,USD,call,2026-10-30,157,745.6400146484375,0.9615900245617304,57.935,0.05713299387244329
SPY261030C00718000,2026-05-19 16:35:54+00:00,718.0,50.1,55.52,58.84,0.0,0.0,2.0,15.0,0.22658549301147457,True,REGULAR,USD,call,2026-10-30,157,745.6400146484375,0.9629311543030996,57.18000000000001,0.05806225953130465
SPY261030C00719000,2026-05-14 16:13:29+00:00,719.0,61.84,54.77,58.09,0.0,0.0,19.0,24.0,0.2256165695953369,True,REGULAR,USD,call,2026-10-30,157,745.6400146484375,0.9642722840444689,56.43000000000001,0.058833953570795676
SPY261030C00720000,2026-05-14 19:34:04+00:00,720.0,60.01,54.02,57.35,0.0,0.0,110.0,675.0,0.22467816345214842,True,REGULAR,USD,call,2026-10-30,157,745.6400146484375,0.965613413785838,55.685,0.05980066445182721
SPY261030C00721000,2026-05-12 19:59:03+00:00,721.0,52.01,53.29,56.6,0.0,0.0,4.0,5.0,0.22368635208129878,True,REGULAR,USD,call,2026-10-30,157,745.6400146484375,0.9669545435272072,54.945,0.06024206024206028
SPY261030C00722000,2026-05-19 13:56:14+00:00,722.0,47.91,52.55,55.87,0.0,0.0,10.0,41.0,0.22277846321105954,True,REGULAR,USD,call,2026-10-30,157,745.6400146484375,0.9682956732685765,54.209999999999994,0.061243313041874206
SPY261030C00723000,2026-05-20 20:05:03+00:00,723.0,50.58,53.2,55.13,0.0,0.0,1.0,18.0,0.22180191047668454,True,REGULAR,USD,call,2026-10-30,157,745.6400146484375,0.9696368030099457,54.165000000000006,0.03563186559586448
SPY261030C00724000,2026-05-20 20:05:13+00:00,724.0,49.57,52.48,54.4,0.0,0.0,5.0,47.0,0.22086350433349605,True,REGULAR,USD,call,2026-10-30,157,745.6400146484375,0.9709779327513149,53.44,0.035928143712574884
SPY261030C00725000,2026-05-22 15:30:12+00:00,725.0,53.1,50.44,53.68,2.8499985,5.6716385,2.0,496.0,0.2199632447814941,True,REGULAR,USD,call,2026-10-30,157,745.6400146484375,0.9723190624926841,52.06,0.06223588167499043
SPY261030C00726000,2026-05-13 13:40:56+00:00,726.0,49.0,49.62,52.95,0.0,0.0,1.0,72.0,0.21900195068359374,True,REGULAR,USD,call,2026-10-30,157,745.6400146484375,0.9736601922340533,51.285,0.06493126645217911
SPY261030C00727000,2026-05-13 15:22:48+00:00,727.0,48.36,50.3,52.23,0.0,0.0,7.0,64.0,0.21807117385864255,True,REGULAR,USD,call,2026-10-30,157,745.6400146484375,0.9750013219754226,51.265,0.037647517799668385
SPY261030C00728000,2026-05-13 13:38:22+00:00,728.0,45.92,48.18,51.52,0.0,0.0,2.0,62.0,0.21717091430664062,True,REGULAR,USD,call,2026-10-30,157,745.6400146484375,0.9763424517167918,49.85,0.06700100300902714
SPY261030C00729000,2026-05-13 14:40:05+00:00,729.0,46.5,47.47,50.8,0.0,0.0,1.0,87.0,0.21620962020874018,True,REGULAR,USD,call,2026-10-30,157,745.6400146484375,0.977683581458161,49.135,0.06777246362063699
SPY261030C00730000,2026-05-22 15:28:58+00:00,730.0,49.9,46.76,50.09,4.9000015,10.888892,4.0,220.0,0.21529410202026367,True,REGULAR,USD,call,2026-10-30,157,745.6400146484375,0.9790247111995302,48.425,0.0687661331956635
SPY261030C00731000,2026-05-15 16:44:33+00:00,731.0,46.8,46.05,49.39,0.0,0.0,10.0,103.0,0.21440147178649901,True,REGULAR,USD,call,2026-10-30,157,745.6400146484375,0.9803658409408994,47.72,0.06999161777032697
SPY261030C00732000,2026-05-20 19:37:49+00:00,732.0,44.43,45.34,48.69,0.0,0.0,2.0,83.0,0.2134935829162598,True,REGULAR,USD,call,2026-10-30,157,745.6400146484375,0.9817069706822686,47.015,0.07125385515261075
SPY261030C00733000,2026-05-20 19:18:29+00:00,733.0,43.48,44.64,47.99,0.0,0.0,4.0,58.0,0.21257806472778318,True,REGULAR,USD,call,2026-10-30,157,745.6400146484375,0.9830481004236379,46.315,0.07233077836554036
SPY261030C00734000,2026-05-21 14:41:19+00:00,734.0,41.0,44.08,47.3,0.0,0.0,1.0,48.0,0.21168543449401853,True,REGULAR,USD,call,2026-10-30,157,745.6400146484375,0.9843892301650071,45.69,0.07047493981177498
SPY261030C00735000,2026-05-22 17:29:53+00:00,735.0,46.9,43.26,46.61,3.9500008,9.196742,3.0,203.0,0.21078517494201657,True,REGULAR,USD,call,2026-10-30,157,745.6400146484375,0.9857303599063764,44.935,0.07455213085568045
SPY261030C00736000,2026-05-22 17:40:52+00:00,736.0,45.79,42.62,45.93,3.5800018,8.481407,25.0,81.0,0.20991543266296384,True,REGULAR,USD,call,2026-10-30,157,745.6400146484375,0.9870714896477455,44.275,0.0747600225861096
SPY261030C00737000,2026-05-21 16:12:11+00:00,737.0,39.89,42.26,45.25,0.0,0.0,4.0,95.0,0.20902280242919918,True,REGULAR,USD,call,2026-10-30,157,745.6400146484375,0.9884126193891147,43.754999999999995,0.06833504742315169
SPY261030C00738000,2026-05-22 15:31:33+00:00,738.0,44.42,41.22,44.58,3.119999,7.5544767,1.0,108.0,0.20817594810485837,True,REGULAR,USD,call,2026-10-30,157,745.6400146484375,0.989753749130484,42.9,0.07832167832167831
SPY261030C00739000,2026-05-22 14:22:10+00:00,739.0,41.93,40.55,43.91,3.540001,9.221153,3.0,129.0,0.20729857650756833,True,REGULAR,USD,call,2026-10-30,157,745.6400146484375,0.9910948788718532,42.23,0.07956429078853895
SPY261030C00740000,2026-05-22 17:59:28+00:00,740.0,42.47,39.88,43.24,2.8700027,7.2474823,4.0,1333.0,0.206413575592041,True,REGULAR,USD,call,2026-10-30,157,745.6400146484375,0.9924360086132225,41.56,0.08084696823869103
SPY261030C00741000,2026-05-22 13:33:09+00:00,741.0,41.92,39.22,42.58,4.539997,12.145524,2.0,161.0,0.20555909194946287,True,REGULAR,USD,call,2026-10-30,157,745.6400146484375,0.9937771383545916,40.9,0.08215158924205378
SPY261030C00742000,2026-05-22 13:31:15+00:00,742.0,41.0,38.56,41.93,2.9799995,7.837979,2.0,109.0,0.20473512557983392,True,REGULAR,USD,call,2026-10-30,157,745.6400146484375,0.9951182680959608,40.245000000000005,0.08373711020002478
SPY261030C00743000,2026-05-22 17:58:10+00:00,743.0,40.72,38.12,41.28,5.380001,15.223546,1.0,819.0,0.20389590057373047,True,REGULAR,USD,call,2026-10-30,157,745.6400146484375,0.9964593978373301,39.7,0.0795969773299749
SPY261030C00744000,2026-05-22 16:54:46+00:00,744.0,39.9,37.26,40.63,3.6200027,9.977957,3.0,117.0,0.2030414169311523,True,REGULAR,USD,call,2026-10-30,157,745.6400146484375,0.9978005275786993,38.945,0.08653228912569019
SPY261030C00745000,2026-05-22 19:09:38+00:00,745.0,38.65,37.36,39.37,2.2300034,6.123019,33.0,1023.0,0.19904365417480469,True,REGULAR,USD,call,2026-10-30,157,745.6400146484375,0.9991416573200685,38.364999999999995,0.05239150267170594
SPY261030C00746000,2026-05-22 17:28:17+00:00,746.0,39.32,36.2,39.36,3.5699997,9.986013,5.0,188.0,0.20140874282836913,False,REGULAR,USD,call,2026-10-30,157,745.6400146484375,1.0004827870614377,37.78,0.08364213869772356
SPY261030C00750000,2026-05-22 16:15:46+00:00,750.0,35.99,34.3,35.7,2.6100006,7.819055,38.0,2527.0,0.1922230436706543,False,REGULAR,USD,call,2026-10-30,157,745.6400146484375,1.0058473060269146,35.0,0.04000000000000016
SPY261030C00755000,2026-05-22 15:52:36+00:00,755.0,33.25,32.18,32.26,2.5599995,8.341477,19.0,168.0,0.1860661838531494,False,REGULAR,USD,call,2026-10-30,157,745.6400146484375,1.0125529547337606,32.22,0.0024829298572314803
SPY261030C00760000,2026-05-22 16:06:04+00:00,760.0,30.35,29.33,29.41,4.3199997,16.596233,2.0,2840.0,0.18235070587158203,False,REGULAR,USD,call,2026-10-30,157,745.6400146484375,1.0192586034406068,29.369999999999997,0.0027238678924072814
SPY261030C00765000,2026-05-21 20:08:51+00:00,765.0,25.15,26.63,26.72,0.0,0.0,1.0,241.0,0.1788717367553711,False,REGULAR,USD,call,2026-10-30,157,745.6400146484375,1.0259642521474528,26.674999999999997,0.003373945641986874
SPY261030C00770000,2026-05-21 17:21:05+00:00,770.0,22.5,24.1,24.18,0.0,0.0,94.0,3404.0,0.17555298332214356,False,REGULAR,USD,call,2026-10-30,157,745.6400146484375,1.032669900854299,24.14,0.0033140016570007576
SPY261030C00775000,2026-05-21 18:52:22+00:00,775.0,19.74,21.72,21.8,0.0,0.0,4.0,1615.0,0.1724402214813233,False,REGULAR,USD,call,2026-10-30,157,745.6400146484375,1.0393755495611452,21.759999999999998,0.0036764705882353795
SPY261030C00780000,2026-05-22 16:30:29+00:00,780.0,20.32,19.51,19.59,2.3199997,12.888887,9.0,5484.0,0.1695639685058594,False,REGULAR,USD,call,2026-10-30,157,745.6400146484375,1.0460811982679912,19.55,0.00409207161125311
SPY261030C00785000,2026-05-22 15:14:10+00:00,785.0,18.03,17.46,17.54,2.3000011,14.62175,2.0,358.0,0.16689370712280277,False,REGULAR,USD,call,2026-10-30,157,745.6400146484375,1.0527868469748374,17.5,0.004571428571428474
SPY261030C00790000,2026-05-22 19:02:50+00:00,790.0,15.9,15.57,15.65,1.25,8.532424,3.0,5729.0,0.16441417869567873,False,REGULAR,USD,call,2026-10-30,157,745.6400146484375,1.0594924956816834,15.61,0.005124919923126206
SPY261030C00795000,2026-05-22 20:07:19+00:00,795.0,13.8,13.84,13.92,0.90999985,7.0597353,65.0,207.0,0.16214827117919922,False,REGULAR,USD,call,2026-10-30,157,745.6400146484375,1.0661981443885296,13.879999999999999,0.005763688760806922
SPY261030C00800000,2026-05-22 19:36:35+00:00,800.0,12.39,12.27,12.34,1.0600004,9.355697,19.0,6273.0,0.1600578379821777,False,REGULAR,USD,call,2026-10-30,157,745.6400146484375,1.0729037930953755,12.305,0.005688744412840332
SPY261030C00805000,2026-05-22 19:23:39+00:00,805.0,10.96,10.84,10.91,1.2300005,12.641321,4.0,111.0,0.15818102569580078,False,REGULAR,USD,call,2026-10-30,157,745.6400146484375,1.0796094418022217,10.875,0.006436781609195428
SPY261030C00810000,2026-05-22 13:31:08+00:00,810.0,9.91,9.55,9.62,2.0,25.28445,1.0,2580.0,0.15647968772888185,False,REGULAR,USD,call,2026-10-30,157,745.6400146484375,1.0863150905090677,9.585,0.007303077725612781
SPY261030C00815000,2026-05-22 17:27:48+00:00,815.0,8.96,8.39,8.46,1.29,16.818773,43.0,38.0,0.1549461947631836,False,REGULAR,USD,call,2026-10-30,157,745.6400146484375,1.093020739215914,8.425,0.008308605341246323
SPY261030C00820000,2026-05-22 13:55:54+00:00,820.0,7.79,7.35,7.42,1.2799997,19.662054,13.0,310.0,0.15355765884399414,False,REGULAR,USD,call,2026-10-30,157,745.6400146484375,1.09972638792276,7.385,0.00947867298578203
SPY261030C00825000,2026-05-22 15:29:57+00:00,825.0,7.0,6.43,6.49,1.79,34.357006,1.0,127.0,0.15229119201660157,False,REGULAR,USD,call,2026-10-30,157,745.6400146484375,1.106432036629606,6.46,0.009287925696594505
SPY261030C00830000,2026-05-22 13:39:58+00:00,830.0,6.11,5.61,5.67,1.19,24.186993,2.0,108.0,0.1512078288269043,False,REGULAR,USD,call,2026-10-30,157,745.6400146484375,1.113137685336452,5.640000000000001,0.010638297872340356
SPY261030C00835000,2026-05-21 17:18:52+00:00,835.0,4.12,4.88,4.93,0.0,0.0,10.0,40.0,0.15012446563720705,False,REGULAR,USD,call,2026-10-30,157,745.6400146484375,1.1198433340432983,4.904999999999999,0.010193679918450526
SPY261030C00840000,2026-05-22 17:28:14+00:00,840.0,4.71,4.23,4.29,0.98,26.273458,86.0,137.0,0.14926998199462893,False,REGULAR,USD,call,2026-10-30,157,745.6400146484375,1.1265489827501443,4.26,0.01408450704225343
SPY261030C00845000,2026-05-22 19:29:01+00:00,845.0,3.7,3.66,3.72,0.3800001,11.445786,25.0,79.0,0.148446015625,False,REGULAR,USD,call,2026-10-30,157,745.6400146484375,1.1332546314569905,3.6900000000000004,0.01626016260162603
SPY261030C00850000,2026-05-22 19:34:40+00:00,850.0,3.2,3.17,3.22,0.26999998,9.215016,26.0,371.0,0.14772885971069338,False,REGULAR,USD,call,2026-10-30,157,745.6400146484375,1.1399602801638364,3.1950000000000003,0.015649452269170663
SPY261030C00855000,2026-05-20 14:38:59+00:00,855.0,2.08,2.73,2.78,0.0,0.0,1.0,59.0,0.14707273834228518,False,REGULAR,USD,call,2026-10-30,157,745.6400146484375,1.1466659288706826,2.755,0.0181488203266787
SPY261030C00860000,2026-05-22 17:38:43+00:00,860.0,2.67,2.36,2.4,0.8000001,42.78075,34.0,145.0,0.14652342742919922,False,REGULAR,USD,call,2026-10-30,157,745.6400146484375,1.1533715775775288,2.38,0.016806722689075647
SPY261030C00865000,2026-05-15 15:17:30+00:00,865.0,2.29,2.03,2.08,0.0,0.0,9.0,76.0,0.146218254699707,False,REGULAR,USD,call,2026-10-30,157,745.6400146484375,1.1600772262843748,2.0549999999999997,0.024330900243309136
SPY261030C00870000,2026-05-20 19:40:21+00:00,870.0,1.57,1.75,1.79,0.0,0.0,5.0,380.0,0.14582153015136717,False,REGULAR,USD,call,2026-10-30,157,745.6400146484375,1.166782874991221,1.77,0.022598870056497196
SPY261030C00875000,2026-05-13 15:13:49+00:00,875.0,1.51,1.51,1.55,0.0,0.0,,1.0,0.1456689437866211,False,REGULAR,USD,call,2026-10-30,157,745.6400146484375,1.173488523698067,1.53,0.026143790849673224
SPY261030C00880000,2026-05-22 18:23:13+00:00,880.0,1.45,1.3,1.34,-0.6299999,-30.288458,20.0,39.0,0.1455468746948242,False,REGULAR,USD,call,2026-10-30,157,745.6400146484375,1.1801941724049132,1.32,0.030303030303030328
SPY261030C00885000,2026-05-20 19:05:31+00:00,885.0,0.99,1.12,1.16,0.0,0.0,,200.0,0.145516357421875,False,REGULAR,USD,call,2026-10-30,157,745.6400146484375,1.1868998211117592,1.1400000000000001,0.035087719298245446
SPY261030C00890000,2026-05-22 14:48:51+00:00,890.0,1.03,0.97,1.0,0.30999994,43.055546,1.0,20.0,0.14545532287597657,False,REGULAR,USD,call,2026-10-30,157,745.6400146484375,1.1936054698186054,0.985,0.0304568527918782
SPY261030C00895000,2026-05-22 13:48:04+00:00,895.0,0.98,0.84,0.87,-0.01999998,-1.9999981,1.0,1.0,0.14563842651367187,False,REGULAR,USD,call,2026-10-30,157,745.6400146484375,1.2003111185254514,0.855,0.03508771929824565
SPY261030C00900000,2026-05-21 13:30:00+00:00,900.0,0.61,0.73,0.76,0.0,0.0,1.0,9.0,0.14600463378906248,False,REGULAR,USD,call,2026-10-30,157,745.6400146484375,1.2070167672322976,0.745,0.040268456375838965
SPY261120C00550000,2026-05-15 15:53:48+00:00,550.0,202.75,206.11,209.33,0.0,0.0,5.0,5.0,0.40993326889038084,True,REGULAR,USD,call,2026-11-20,178,745.6400146484375,0.7376213577530707,207.72000000000003,0.015501636818794524
SPY261120C00560000,2026-05-14 17:27:07+00:00,560.0,199.74,196.71,199.93,0.0,0.0,,10.0,0.3979552392578125,True,REGULAR,USD,call,2026-11-20,178,745.6400146484375,0.7510326551667629,198.32,0.016236385639370708
SPY261120C00575000,2026-05-13 18:08:06+00:00,575.0,182.66,182.69,185.91,0.0,0.0,,1.0,0.38031625549316406,True,REGULAR,USD,call,2026-11-20,178,745.6400146484375,0.7711496012873011,184.3,0.017471513836136727
SPY261120C00600000,2026-05-15 17:39:58+00:00,600.0,159.3,159.62,162.88,0.0,0.0,1.0,1.0,0.35237769210815423,True,REGULAR,USD,call,2026-11-20,178,745.6400146484375,0.8046778448215317,161.25,0.020217054263565834
SPY261120C00610000,2026-05-18 14:37:21+00:00,610.0,144.98,150.5,153.76,0.0,0.0,,0.0,0.34133043930053714,True,REGULAR,USD,call,2026-11-20,178,745.6400146484375,0.8180891422352239,152.13,0.021429040951817465
SPY261120C00615000,2026-05-18 18:10:19+00:00,615.0,139.33,145.97,149.21,0.0,0.0,,1.0,0.3357305197143554,True,REGULAR,USD,call,2026-11-20,178,745.6400146484375,0.82479479094207,147.59,0.021952706822955546
SPY261120C00625000,2026-05-22 14:06:11+00:00,625.0,138.65,136.98,140.25,0.0,0.0,1.0,0.0,0.3252478364562988,True,REGULAR,USD,call,2026-11-20,178,745.6400146484375,0.8382060883557622,138.615,0.02359052050643877
SPY261120C00640000,2026-05-19 19:55:21+00:00,640.0,115.25,123.64,126.89,0.0,0.0,,2.0,0.30918049224853517,True,REGULAR,USD,call,2026-11-20,178,745.6400146484375,0.8583230344763004,125.265,0.025944996607192752
SPY261120C00650000,2026-05-21 16:29:44+00:00,650.0,111.41,114.88,118.16,0.0,0.0,1.0,6.0,0.29897246444702147,True,REGULAR,USD,call,2026-11-20,178,745.6400146484375,0.8717343318899926,116.52,0.0281496738757295
SPY261120C00660000,2026-05-21 17:52:01+00:00,660.0,106.67,106.23,109.52,0.0,0.0,1.0,2.0,0.28871866073608393,True,REGULAR,USD,call,2026-11-20,178,745.6400146484375,0.8851456293036849,107.875,0.03049826187717258
SPY261120C00665000,2026-05-13 19:10:06+00:00,665.0,103.7,101.95,105.24,0.0,0.0,,0.0,0.28359938819885244,True,REGULAR,USD,call,2026-11-20,178,745.6400146484375,0.891851278010531,103.595,0.03175828949273606
SPY261120C00670000,2026-05-20 15:30:00+00:00,670.0,94.29,97.7,101.0,0.0,0.0,,1.0,0.27854115020751957,True,REGULAR,USD,call,2026-11-20,178,745.6400146484375,0.8985569267173771,99.35,0.03321590337191744
SPY261120C00675000,2026-05-22 18:55:33+00:00,675.0,96.22,93.49,96.79,4.1900024,4.552866,1.0,1.0,0.2734752828979492,True,REGULAR,USD,call,2026-11-20,178,745.6400146484375,0.9052625754242232,95.14,0.03468572629808715
SPY261120C00680000,2026-05-22 17:25:49+00:00,680.0,93.99,89.31,92.62,11.169998,13.487079,15.0,5.0,0.26845519149780267,True,REGULAR,USD,call,2026-11-20,178,745.6400146484375,0.9119682241310693,90.965,0.036387621612708206
SPY261120C00690000,2026-05-22 17:17:16+00:00,690.0,84.13,81.08,84.4,4.260002,5.33367,10.0,55.0,0.25846841392517095,True,REGULAR,USD,call,2026-11-20,178,745.6400146484375,0.9253795215447614,82.74000000000001,0.04012569494803006
SPY261120C00695000,2026-05-22 13:45:53+00:00,695.0,80.32,77.03,80.36,5.3499985,7.1361856,6.0,9.0,0.2535322450256348,True,REGULAR,USD,call,2026-11-20,178,745.6400146484375,0.9320851702516075,78.695,0.04231526780608677
SPY261120C00700000,2026-05-22 19:01:38+00:00,700.0,75.63,73.04,76.37,4.25,5.954049,4.0,32.0,0.24862659339904788,True,REGULAR,USD,call,2026-11-20,178,745.6400146484375,0.9387908189584536,74.70500000000001,0.04457532962987749
SPY261120C00705000,2026-05-20 15:33:33+00:00,705.0,67.13,69.11,72.44,0.0,0.0,6.0,26.0,0.24378960563659668,True,REGULAR,USD,call,2026-11-20,178,745.6400146484375,0.9454964676652997,70.775,0.04705051218650651
SPY261120C00710000,2026-05-22 18:20:15+00:00,710.0,68.06,65.54,68.56,5.049999,8.0146,3.0,35.0,0.2389602471923828,True,REGULAR,USD,call,2026-11-20,178,745.6400146484375,0.9522021163721458,67.05000000000001,0.04504101416853088
SPY261120C00715000,2026-05-20 16:58:01+00:00,715.0,57.46,61.78,64.75,0.0,0.0,3.0,24.0,0.23419955261230468,True,REGULAR,USD,call,2026-11-20,178,745.6400146484375,0.9589077650789919,63.265,0.04694538844542794
SPY261120C00720000,2026-05-22 19:59:35+00:00,720.0,59.14,57.67,61.02,5.6399994,10.542055,3.0,24.0,0.22956092712402343,True,REGULAR,USD,call,2026-11-20,178,745.6400146484375,0.965613413785838,59.345,0.0564495745218637
SPY261120C00725000,2026-05-21 17:15:48+00:00,725.0,52.14,54.0,57.36,0.0,0.0,20.0,14.0,0.2249528189086914,True,REGULAR,USD,call,2026-11-20,178,745.6400146484375,0.9723190624926841,55.68,0.060344827586206885
SPY261120C00730000,2026-05-22 16:42:52+00:00,730.0,53.07,50.42,53.79,5.1800003,10.816455,1.0,45.0,0.22046677978515622,True,REGULAR,USD,call,2026-11-20,178,745.6400146484375,0.9790247111995302,52.105000000000004,0.06467709432875918
SPY261120C00735000,2026-05-22 18:51:16+00:00,735.0,49.37,46.93,50.3,3.3999977,7.396123,11.0,87.0,0.21602651657104488,True,REGULAR,USD,call,2026-11-20,178,745.6400146484375,0.9857303599063764,48.614999999999995,0.06932016867222046
SPY261120C00740000,2026-05-22 15:01:39+00:00,740.0,45.83,43.53,46.92,3.4400024,8.115128,12.0,170.0,0.21174646903991698,True,REGULAR,USD,call,2026-11-20,178,745.6400146484375,0.9924360086132225,45.225,0.07495854063018244
SPY261120C00745000,2026-05-22 19:15:58+00:00,745.0,42.17,40.31,43.65,1.5599976,3.8414125,6.0,240.0,0.20761137855529785,True,REGULAR,USD,call,2026-11-20,178,745.6400146484375,0.9991416573200685,41.980000000000004,0.07956169604573597
SPY261120C00750000,2026-05-22 19:48:08+00:00,750.0,38.5,37.8,39.57,1.0900002,2.9136598,49.0,148.0,0.19918861122131346,False,REGULAR,USD,call,2026-11-20,178,745.6400146484375,1.0058473060269146,38.685,0.04575416828228003
SPY261120C00755000,2026-05-22 19:09:38+00:00,755.0,36.1,35.77,35.85,4.169998,13.059813,2.0,101.0,0.1920551986694336,False,REGULAR,USD,call,2026-11-20,178,745.6400146484375,1.0125529547337606,35.81,0.002234012845573814
SPY261120C00760000,2026-05-22 20:00:15+00:00,760.0,32.75,32.86,32.94,4.16,14.550541,1.0,444.0,0.18833972068786622,False,REGULAR,USD,call,2026-11-20,178,745.6400146484375,1.0192586034406068,32.9,0.0024316109422491882
SPY261120C00765000,2026-05-22 18:04:18+00:00,765.0,30.69,30.08,30.17,2.25,7.911392,1.0,446.0,0.18479208770751948,False,REGULAR,USD,call,2026-11-20,178,745.6400146484375,1.0259642521474528,30.125,0.0029875518672200303
SPY261120C00770000,2026-05-22 15:23:10+00:00,770.0,28.29,27.46,27.54,2.4000015,9.269995,1.0,940.0,0.18140467041015623,False,REGULAR,USD,call,2026-11-20,178,745.6400146484375,1.032669900854299,27.5,0.002909090909090847
SPY261120C00775000,2026-05-22 19:02:06+00:00,775.0,25.5,24.98,25.06,1.9599991,8.326249,280.0,830.0,0.1782156153869629,False,REGULAR,USD,call,2026-11-20,178,745.6400146484375,1.0393755495611452,25.02,0.0031974420463628415
SPY261120C00780000,2026-05-22 18:04:18+00:00,780.0,23.19,22.65,22.73,2.3900013,11.490391,1.0,996.0,0.17520966400146482,False,REGULAR,USD,call,2026-11-20,178,745.6400146484375,1.0460811982679912,22.689999999999998,0.00352578228294411
SPY261120C00785000,2026-05-22 19:02:06+00:00,785.0,20.94,20.47,20.55,1.7600002,9.176226,216.0,1449.0,0.17237918693542484,False,REGULAR,USD,call,2026-11-20,178,745.6400146484375,1.0527868469748374,20.509999999999998,0.0039005363237446054
SPY261120C00790000,2026-05-22 18:06:28+00:00,790.0,19.08,18.45,18.53,1.8700008,10.865782,1.0,354.0,0.16977758941650395,False,REGULAR,USD,call,2026-11-20,178,745.6400146484375,1.0594924956816834,18.490000000000002,0.004326663061114215
SPY261120C00795000,2026-05-22 18:05:22+00:00,795.0,17.15,16.58,16.65,1.8399992,12.018284,14.0,101.0,0.16731331962585452,False,REGULAR,USD,call,2026-11-20,178,745.6400146484375,1.0661981443885296,16.615,0.004213060487511302
SPY261120C00800000,2026-05-22 20:02:11+00:00,800.0,14.72,14.85,14.92,0.9000006,6.5123053,86.0,310.0,0.1650397827911377,False,REGULAR,USD,call,2026-11-20,178,745.6400146484375,1.0729037930953755,14.885,0.0047027208599261195
SPY261120C00805000,2026-05-22 18:39:02+00:00,805.0,13.66,13.27,13.34,1.3400002,10.876625,31.0,297.0,0.16298749618530273,False,REGULAR,USD,call,2026-11-20,178,745.6400146484375,1.0796094418022217,13.305,0.005261180007515993
SPY261120C00810000,2026-05-22 19:54:38+00:00,810.0,11.75,11.83,11.9,0.8800001,8.095677,230.0,638.0,0.1611183132171631,False,REGULAR,USD,call,2026-11-20,178,745.6400146484375,1.0863150905090677,11.865,0.005899705014749287
SPY261120C00815000,2026-05-22 19:14:42+00:00,815.0,10.66,10.53,10.59,1.0,10.351967,575.0,125.0,0.15941697525024412,False,REGULAR,USD,call,2026-11-20,178,745.6400146484375,1.093020739215914,10.559999999999999,0.00568181818181823
SPY261120C00820000,2026-05-22 18:31:16+00:00,820.0,9.77,9.34,9.4,1.0200005,11.657147,2.0,643.0,0.15784533569335937,False,REGULAR,USD,call,2026-11-20,178,745.6400146484375,1.09972638792276,9.370000000000001,0.006403415154749252
SPY261120C00825000,2026-05-22 19:15:22+00:00,825.0,8.4,8.27,8.33,1.5499997,22.627733,3.0,125.0,0.15644154113769532,False,REGULAR,USD,call,2026-11-20,178,745.6400146484375,1.106432036629606,8.3,0.007228915662650662
SPY261120C00830000,2026-05-22 14:27:11+00:00,830.0,7.31,7.31,7.37,0.9000001,14.040564,85.0,33.0,0.15519033294677737,False,REGULAR,USD,call,2026-11-20,178,745.6400146484375,1.113137685336452,7.34,0.008174386920980995
SPY261120C00835000,2026-05-22 15:12:14+00:00,835.0,6.75,6.44,6.5,0.8800001,14.991485,5.0,87.0,0.1540001593017578,False,REGULAR,USD,call,2026-11-20,178,745.6400146484375,1.1198433340432983,6.470000000000001,0.0092735703245749
SPY261120C00840000,2026-05-22 14:31:44+00:00,840.0,5.76,5.67,5.73,1.0700002,22.814503,124.0,58.0,0.15299308929443362,False,REGULAR,USD,call,2026-11-20,178,745.6400146484375,1.1265489827501443,5.7,0.01052631578947377
SPY261120C00845000,2026-05-20 16:01:54+00:00,845.0,4.46,4.98,5.03,0.0,0.0,1.0,53.0,0.1519707606506348,False,REGULAR,USD,call,2026-11-20,178,745.6400146484375,1.1332546314569905,5.005000000000001,0.009990009990009954
SPY261120C00850000,2026-05-22 16:02:11+00:00,850.0,4.8,4.36,4.42,0.97000027,25.326378,1.0,1435.0,0.15116205291748053,False,REGULAR,USD,call,2026-11-20,178,745.6400146484375,1.1399602801638364,4.390000000000001,0.01366742596810925
SPY261120C00855000,2026-05-20 15:02:39+00:00,855.0,3.23,3.82,3.87,0.0,0.0,1.0,31.0,0.1503686038208008,False,REGULAR,USD,call,2026-11-20,178,745.6400146484375,1.1466659288706826,3.8449999999999998,0.013003901170351176
SPY261120C00860000,2026-05-22 18:31:16+00:00,860.0,3.53,3.33,3.38,0.55999994,18.855217,7.0,112.0,0.1496056719970703,False,REGULAR,USD,call,2026-11-20,178,745.6400146484375,1.1533715775775288,3.355,0.014903129657227966
SPY261120C00865000,2026-05-14 16:01:32+00:00,865.0,4.66,2.91,2.95,0.0,0.0,,121.0,0.1489495506286621,False,REGULAR,USD,call,2026-11-20,178,745.6400146484375,1.1600772262843748,2.93,0.013651877133105813
SPY261120C00870000,2026-05-21 18:15:39+00:00,870.0,2.28,2.53,2.58,0.0,0.0,30.0,52.0,0.1484765328979492,False,REGULAR,USD,call,2026-11-20,178,745.6400146484375,1.166782874991221,2.5549999999999997,0.01956947162426625
SPY261120C00875000,2026-05-22 19:29:01+00:00,875.0,2.24,2.2,2.25,0.53,30.99415,2915.0,7.0,0.14801877380371098,False,REGULAR,USD,call,2026-11-20,178,745.6400146484375,1.173488523698067,2.225,0.02247191011235947
SPY261120C00880000,2026-05-19 13:32:41+00:00,880.0,1.37,1.92,1.96,0.0,0.0,1.0,4.0,0.1476220492553711,False,REGULAR,USD,call,2026-11-20,178,745.6400146484375,1.1801941724049132,1.94,0.020618556701030948
SPY261120C00885000,2026-05-22 18:31:16+00:00,885.0,1.81,1.67,1.71,0.0,0.0,2.0,0.0,0.14734739379882814,False,REGULAR,USD,call,2026-11-20,178,745.6400146484375,1.1868998211117592,1.69,0.023668639053254458
SPY261120C00890000,2026-05-21 17:31:16+00:00,890.0,1.23,1.45,1.49,0.0,0.0,503.0,473.0,0.14710325561523438,False,REGULAR,USD,call,2026-11-20,178,745.6400146484375,1.1936054698186054,1.47,0.02721088435374152
SPY261120C00895000,2026-05-21 19:11:29+00:00,895.0,1.11,1.26,1.3,0.0,0.0,822.0,1020.0,0.14695066925048827,False,REGULAR,USD,call,2026-11-20,178,745.6400146484375,1.2003111185254514,1.28,0.03125000000000003
SPY261120C00900000,2026-05-22 15:10:28+00:00,900.0,1.2,1.1,1.14,0.20000005,20.000004,8.0,194.0,0.1469811865234375,False,REGULAR,USD,call,2026-11-20,178,745.6400146484375,1.2070167672322976,1.12,0.035714285714285546
SPY261120C00905000,2026-05-18 13:45:48+00:00,905.0,0.86,0.96,0.99,0.0,0.0,400.0,301.0,0.14682860015869142,False,REGULAR,USD,call,2026-11-20,178,745.6400146484375,1.2137224159391435,0.975,0.0307692307692308
SPY261120C00910000,2026-05-18 18:08:31+00:00,910.0,0.65,0.84,0.87,0.0,0.0,40.0,42.0,0.1469811865234375,False,REGULAR,USD,call,2026-11-20,178,745.6400146484375,1.2204280646459897,0.855,0.03508771929824565
SPY261120C00915000,2026-05-22 14:27:09+00:00,915.0,0.77,0.74,0.77,-0.33000004,-30.000004,15.0,80.0,0.14734739379882814,False,REGULAR,USD,call,2026-11-20,178,745.6400146484375,1.2271337133528357,0.755,0.03973509933774838
SPY261120C00920000,2026-05-21 19:41:12+00:00,920.0,0.58,0.65,0.67,0.0,0.0,,2.0,0.14734739379882814,False,REGULAR,USD,call,2026-11-20,178,745.6400146484375,1.233839362059682,0.66,0.030303030303030328
SPY261120C00925000,2026-05-12 16:28:26+00:00,925.0,0.49,0.57,0.6,0.0,0.0,,3.0,0.14801877380371098,False,REGULAR,USD,call,2026-11-20,178,745.6400146484375,1.240545010766528,0.585,0.05128205128205133
SPY261120C00930000,2026-05-14 14:46:36+00:00,930.0,0.89,0.51,0.53,0.0,0.0,,60.0,0.14832394653320313,False,REGULAR,USD,call,2026-11-20,178,745.6400146484375,1.247250659473374,0.52,0.03846153846153849
SPY261120C00940000,2026-05-22 19:59:06+00:00,940.0,0.42,0.4,0.42,0.0,0.0,1.0,0.0,0.149422568359375,False,REGULAR,USD,call,2026-11-20,178,745.6400146484375,1.2606619568870663,0.41000000000000003,0.04878048780487795
SPY261120C00950000,2026-05-18 16:36:39+00:00,950.0,0.27,0.32,0.35,0.0,0.0,1.0,3.0,0.1514977429199219,False,REGULAR,USD,call,2026-11-20,178,745.6400146484375,1.2740732543007585,0.33499999999999996,0.08955223880597007
SPY261120C00960000,2026-05-15 14:15:40+00:00,960.0,0.32,0.26,0.29,0.0,0.0,15.0,16.0,0.15332877929687502,False,REGULAR,USD,call,2026-11-20,178,745.6400146484375,1.2874845517144506,0.275,0.10909090909090897
SPY261218C00525000,2026-05-22 19:34:38+00:00,525.0,231.87,232.05,235.21,1.9799957,0.86127967,4.0,895.0,0.4318904467773438,True,REGULAR,USD,call,2026-12-18,206,745.6400146484375,0.7040931142188402,233.63,0.013525660231990741
SPY261218C00530000,2026-05-20 19:33:09+00:00,530.0,224.59,227.33,230.5,0.0,0.0,17.0,2147.0,0.42600061309814463,True,REGULAR,USD,call,2026-12-18,206,745.6400146484375,0.7107987629256863,228.91500000000002,0.013847934822969168
SPY261218C00535000,2026-05-12 19:26:45+00:00,535.0,215.1,222.62,225.77,0.0,0.0,3.0,2387.0,0.41986664123535156,True,REGULAR,USD,call,2026-12-18,206,745.6400146484375,0.7175044116325324,224.195,0.014050268739267182
SPY261218C00540000,2026-05-21 16:58:15+00:00,540.0,212.97,217.92,221.09,0.0,0.0,2.0,3513.0,0.4141904284667969,True,REGULAR,USD,call,2026-12-18,206,745.6400146484375,0.7242100603393785,219.505,0.014441584474157837
SPY261218C00545000,2026-05-22 16:08:04+00:00,545.0,216.27,213.23,216.42,6.3600006,3.0298703,2.0,1762.0,0.4085447329711914,True,REGULAR,USD,call,2026-12-18,206,745.6400146484375,0.7309157090462246,214.825,0.014849295938554628
SPY261218C00550000,2026-05-22 19:07:34+00:00,550.0,210.51,208.56,211.74,4.48999,2.1793952,1.0,4093.0,0.40276170974731446,True,REGULAR,USD,call,2026-12-18,206,745.6400146484375,0.7376213577530707,210.15,0.01513204853675949
SPY261218C00555000,2026-05-22 14:45:39+00:00,555.0,205.97,203.89,207.08,4.7100067,2.3402598,1.0,1720.0,0.397116014251709,True,REGULAR,USD,call,2026-12-18,206,745.6400146484375,0.7443270064599168,205.485,0.015524247511983969
SPY261218C00560000,2026-05-22 14:45:39+00:00,560.0,201.32,199.24,202.43,5.25,2.677615,2.0,2015.0,0.39150083602905267,True,REGULAR,USD,call,2026-12-18,206,745.6400146484375,0.7510326551667629,200.835,0.01588368561256752
SPY261218C00565000,2026-05-22 15:49:13+00:00,565.0,197.56,194.6,197.79,9.910004,5.2811103,4.0,1672.0,0.38591617507934567,True,REGULAR,USD,call,2026-12-18,206,745.6400146484375,0.757738303873609,196.195,0.016259333826040407
SPY261218C00570000,2026-05-21 19:45:18+00:00,570.0,188.29,189.97,193.18,0.0,0.0,8.0,5269.0,0.380514617767334,True,REGULAR,USD,call,2026-12-18,206,745.6400146484375,0.764443952580455,191.575,0.01675583974944543
SPY261218C00575000,2026-05-22 17:20:37+00:00,575.0,188.18,185.36,188.57,9.689987,5.4288683,4.0,870.0,0.3750520259094238,True,REGULAR,USD,call,2026-12-18,206,745.6400146484375,0.7711496012873011,186.965,0.01716898884818003
SPY261218C00580000,2026-05-20 17:39:53+00:00,580.0,177.7,180.77,183.99,0.0,0.0,1.0,2048.0,0.36974202041625975,True,REGULAR,USD,call,2026-12-18,206,745.6400146484375,0.7778552499941473,182.38,0.017655444675951305
SPY261218C00585000,2026-05-22 15:49:37+00:00,585.0,178.8,176.19,179.41,3.850006,2.2006323,6.0,1043.0,0.36438623901367195,True,REGULAR,USD,call,2026-12-18,206,745.6400146484375,0.7845608987009934,177.8,0.018110236220472434
SPY261218C00590000,2026-05-22 15:49:37+00:00,590.0,174.23,171.62,174.84,5.2299957,3.094672,8.0,1018.0,0.3590151989746094,True,REGULAR,USD,call,2026-12-18,206,745.6400146484375,0.7912665474078395,173.23000000000002,0.01858800438723084
SPY261218C00595000,2026-05-22 18:55:12+00:00,595.0,168.72,167.07,170.3,1.3699951,0.81864065,2.0,1546.0,0.3537967453002929,True,REGULAR,USD,call,2026-12-18,206,745.6400146484375,0.7979721961146856,168.685,0.01914811631146823
SPY261218C00600000,2026-05-22 18:10:10+00:00,600.0,165.89,162.55,165.76,4.880005,3.030871,6.0,4674.0,0.34848673980712885,True,REGULAR,USD,call,2026-12-18,206,745.6400146484375,0.8046778448215317,164.155,0.01955468916572739
SPY261218C00605000,2026-05-21 18:10:03+00:00,605.0,156.8,158.04,161.26,0.0,0.0,13.0,3197.0,0.34339035522460937,True,REGULAR,USD,call,2026-12-18,206,745.6400146484375,0.8113834935283778,159.64999999999998,0.02016911994989038
SPY261218C00610000,2026-05-22 14:20:14+00:00,610.0,153.33,153.55,156.79,7.6399994,5.244011,1.0,1388.0,0.33839315177917473,True,REGULAR,USD,call,2026-12-18,206,745.6400146484375,0.8180891422352239,155.17000000000002,0.020880324805052395
SPY261218C00615000,2026-05-22 18:55:12+00:00,615.0,150.97,149.08,152.32,9.899994,7.0177875,1.0,1465.0,0.3333043965148926,True,REGULAR,USD,call,2026-12-18,206,745.6400146484375,0.82479479094207,150.7,0.021499668214996555
SPY261218C00620000,2026-05-20 15:43:35+00:00,620.0,141.75,144.63,147.87,0.0,0.0,9.0,2744.0,0.3282385292053222,True,REGULAR,USD,call,2026-12-18,206,745.6400146484375,0.8315004396489161,146.25,0.022153846153846215
SPY261218C00625000,2026-05-22 17:28:24+00:00,625.0,143.31,140.19,143.44,7.130005,5.235721,4.0,782.0,0.3232108084869384,True,REGULAR,USD,call,2026-12-18,206,745.6400146484375,0.8382060883557622,141.815,0.022917180834185383
SPY261218C00630000,2026-05-22 16:41:04+00:00,630.0,138.06,135.78,139.03,4.5599976,3.4157283,5.0,508.0,0.31819834640502925,True,REGULAR,USD,call,2026-12-18,206,745.6400146484375,0.8449117370626082,137.405,0.023652705505622065
SPY261218C00635000,2026-05-22 17:50:02+00:00,635.0,134.68,131.4,134.65,10.5099945,8.464198,3.0,1358.0,0.31325454818725584,True,REGULAR,USD,call,2026-12-18,206,745.6400146484375,0.8516173857694543,133.025,0.024431497838752113
SPY261218C00640000,2026-05-21 18:54:59+00:00,640.0,124.07,127.04,130.3,0.0,0.0,1.0,2251.0,0.30837178451538083,True,REGULAR,USD,call,2026-12-18,206,745.6400146484375,0.8583230344763004,128.67000000000002,0.02533613118831122
SPY261218C00645000,2026-05-22 13:58:44+00:00,645.0,125.22,122.71,125.97,3.300003,2.7066956,1.0,1058.0,0.3034890208435058,True,REGULAR,USD,call,2026-12-18,206,745.6400146484375,0.8650286831831465,124.34,0.026218433327971732
SPY261218C00650000,2026-05-22 18:10:10+00:00,650.0,121.46,118.4,121.65,3.7999954,3.2296407,21.0,3825.0,0.2985375933074951,True,REGULAR,USD,call,2026-12-18,206,745.6400146484375,0.8717343318899926,120.025,0.027077692147469277
SPY261218C00655000,2026-05-22 17:00:51+00:00,655.0,116.99,114.12,117.37,3.8799973,3.430287,16.0,1109.0,0.293677717590332,True,REGULAR,USD,call,2026-12-18,206,745.6400146484375,0.8784399805968387,115.745,0.02807896669402566
SPY261218C00660000,2026-05-22 15:49:27+00:00,660.0,114.61,109.87,113.14,11.290001,10.9272175,18.0,1525.0,0.2889551696014403,True,REGULAR,USD,call,2026-12-18,206,745.6400146484375,0.8851456293036849,111.505,0.029326039191067632
SPY261218C00665000,2026-05-22 16:17:21+00:00,665.0,108.68,105.65,108.93,10.559998,10.762329,8.0,1701.0,0.2841944750213622,True,REGULAR,USD,call,2026-12-18,206,745.6400146484375,0.891851278010531,107.29,0.03057134868114457
SPY261218C00670000,2026-05-22 15:49:37+00:00,670.0,104.56,101.47,104.75,4.2999954,4.2888446,14.0,2351.0,0.2794414097595214,True,REGULAR,USD,call,2026-12-18,206,745.6400146484375,0.8985569267173771,103.11,0.031810687615168275
SPY261218C00675000,2026-05-22 20:13:03+00:00,675.0,98.92,97.32,100.6,2.6100006,2.7099996,3.0,4590.0,0.27468834449768065,True,REGULAR,USD,call,2026-12-18,206,745.6400146484375,0.9052625754242232,98.96,0.03314470493128538
SPY261218C00680000,2026-05-22 18:53:24+00:00,680.0,95.88,93.19,96.49,4.119995,4.4899683,23.0,4789.0,0.26996579650878905,True,REGULAR,USD,call,2026-12-18,206,745.6400146484375,0.9119682241310693,94.84,0.03479544495993249
SPY261218C00685000,2026-05-22 19:57:01+00:00,685.0,90.7,89.11,92.41,3.4899979,4.0018325,12.0,2968.0,0.26523561920166017,True,REGULAR,USD,call,2026-12-18,206,745.6400146484375,0.9186738728379154,90.75999999999999,0.03635962979286026
SPY261218C00690000,2026-05-22 18:23:29+00:00,690.0,88.21,85.08,88.38,3.040001,3.5693333,5.0,3589.0,0.26056647644042963,True,REGULAR,USD,call,2026-12-18,206,745.6400146484375,0.9253795215447614,86.72999999999999,0.03804911795226562
SPY261218C00695000,2026-05-22 17:28:16+00:00,695.0,84.7,81.08,84.38,10.529999,14.197114,7.0,2206.0,0.2558515577697754,True,REGULAR,USD,call,2026-12-18,206,745.6400146484375,0.9320851702516075,82.72999999999999,0.039888794874894204
SPY261218C00700000,2026-05-22 19:28:33+00:00,700.0,78.84,77.15,80.44,2.6299973,3.450987,32.0,10848.0,0.2512281909179687,True,REGULAR,USD,call,2026-12-18,206,745.6400146484375,0.9387908189584536,78.795,0.0417539183958372
SPY261218C00705000,2026-05-22 14:27:24+00:00,705.0,74.24,73.25,76.52,0.9300003,1.2685859,1.0,3479.0,0.24648275497436523,True,REGULAR,USD,call,2026-12-18,206,745.6400146484375,0.9454964676652997,74.88499999999999,0.043666955999198724
SPY261218C00710000,2026-05-22 19:42:35+00:00,710.0,70.51,69.47,72.63,1.2799988,1.8489076,3.0,6990.0,0.24166865516662597,True,REGULAR,USD,call,2026-12-18,206,745.6400146484375,0.9522021163721458,71.05,0.04447572132301192
SPY261218C00715000,2026-05-22 16:45:01+00:00,715.0,68.31,65.71,68.92,7.159996,11.708905,3.0,2484.0,0.23746490081787108,True,REGULAR,USD,call,2026-12-18,206,745.6400146484375,0.9589077650789919,67.315,0.04768625120701193
SPY261218C00720000,2026-05-22 16:44:31+00:00,720.0,64.71,62.29,65.12,4.869999,8.138368,203.0,3918.0,0.23258976646423338,True,REGULAR,USD,call,2026-12-18,206,745.6400146484375,0.965613413785838,63.705,0.04442351463778362
SPY261218C00725000,2026-05-22 18:10:10+00:00,725.0,61.15,58.3,61.65,2.2800026,3.8729448,22.0,3115.0,0.2289810989379883,True,REGULAR,USD,call,2026-12-18,206,745.6400146484375,0.9723190624926841,59.974999999999994,0.05585660691954984
SPY261218C00730000,2026-05-22 19:51:06+00:00,730.0,56.31,54.74,57.59,1.920002,3.530064,27.0,4725.0,0.222389367980957,True,REGULAR,USD,call,2026-12-18,206,745.6400146484375,0.9790247111995302,56.165000000000006,0.050743345499866484
SPY261218C00735000,2026-05-22 19:04:42+00:00,735.0,53.28,51.39,54.55,2.0599976,4.0218616,7.0,3065.0,0.2201463484191894,True,REGULAR,USD,call,2026-12-18,206,745.6400146484375,0.9857303599063764,52.97,0.05965640928827632
SPY261218C00740000,2026-05-22 20:14:56+00:00,740.0,49.43,48.15,51.06,1.8499985,3.888185,35.0,5375.0,0.21555349884033204,True,REGULAR,USD,call,2026-12-18,206,745.6400146484375,0.9924360086132225,49.605000000000004,0.05866344118536445
SPY261218C00745000,2026-05-22 20:14:56+00:00,745.0,46.15,44.87,47.65,2.2800026,5.19718,40.0,3933.0,0.2109911665344238,True,REGULAR,USD,call,2026-12-18,206,745.6400146484375,0.9991416573200685,46.26,0.06009511456982277
SPY261218C00750000,2026-05-22 19:59:35+00:00,750.0,43.17,41.93,44.35,1.8699989,4.5278425,205.0,23026.0,0.20658142059326168,False,REGULAR,USD,call,2026-12-18,206,745.6400146484375,1.0058473060269146,43.14,0.0560964302271674
SPY261218C00755000,2026-05-22 19:59:58+00:00,755.0,39.89,40.02,40.12,0.5400009,1.3723022,24.0,2471.0,0.19767037689208983,False,REGULAR,USD,call,2026-12-18,206,745.6400146484375,1.0125529547337606,40.07,0.002495632642874827
SPY261218C00760000,2026-05-22 19:37:54+00:00,760.0,37.13,37.06,37.16,2.0100021,5.723241,44.0,6539.0,0.1940235627746582,False,REGULAR,USD,call,2026-12-18,206,745.6400146484375,1.0192586034406068,37.11,0.0026946914578279257
SPY261218C00765000,2026-05-22 17:05:31+00:00,765.0,35.39,34.22,34.31,3.040001,9.397222,70.0,3050.0,0.1904606711578369,False,REGULAR,USD,call,2026-12-18,206,745.6400146484375,1.0259642521474528,34.265,0.002626586896249917
SPY261218C00770000,2026-05-22 19:54:38+00:00,770.0,31.31,31.51,31.61,1.7399998,5.8843417,2597.0,10555.0,0.1871419177246094,False,REGULAR,USD,call,2026-12-18,206,745.6400146484375,1.032669900854299,31.560000000000002,0.0031685678073510096
SPY261218C00775000,2026-05-22 17:23:56+00:00,775.0,29.79,28.93,29.03,2.790001,10.333337,44.0,6808.0,0.1839223454284668,False,REGULAR,USD,call,2026-12-18,206,745.6400146484375,1.0393755495611452,28.98,0.003450655624568717
SPY261218C00780000,2026-05-22 19:34:37+00:00,780.0,26.52,26.5,26.59,1.9099998,7.7610717,2586.0,11686.0,0.18087061813354488,False,REGULAR,USD,call,2026-12-18,206,745.6400146484375,1.0460811982679912,26.545,0.003390469014880386
SPY261218C00785000,2026-05-22 19:58:45+00:00,785.0,24.32,24.19,24.28,1.8799992,8.3778925,61.0,7842.0,0.17794095993041992,False,REGULAR,USD,call,2026-12-18,206,745.6400146484375,1.0527868469748374,24.235,0.003713637301423555
SPY261218C00790000,2026-05-22 19:24:51+00:00,790.0,22.12,22.04,22.12,1.5200005,7.378643,53.0,8001.0,0.17522492263793943,False,REGULAR,USD,call,2026-12-18,206,745.6400146484375,1.0594924956816834,22.08,0.003623188405797185
SPY261218C00795000,2026-05-21 19:57:11+00:00,795.0,18.75,20.01,20.1,0.0,0.0,44.0,4775.0,0.1726767303466797,False,REGULAR,USD,call,2026-12-18,206,745.6400146484375,1.0661981443885296,20.055,0.004487658937920711
SPY261218C00800000,2026-05-22 19:59:50+00:00,800.0,18.09,18.13,18.22,1.1800003,6.9781213,320.0,15232.0,0.17029638305664066,False,REGULAR,USD,call,2026-12-18,206,745.6400146484375,1.0729037930953755,18.174999999999997,0.004951856946354876
SPY261218C00805000,2026-05-22 18:20:15+00:00,805.0,17.03,16.39,16.47,1.9400005,12.856199,5037.0,10386.0,0.1680533634948731,False,REGULAR,USD,call,2026-12-18,206,745.6400146484375,1.0796094418022217,16.43,0.004869141813755222
SPY261218C00810000,2026-05-22 17:05:58+00:00,810.0,15.59,14.78,14.86,2.0,14.716702,35.0,4168.0,0.16600107688903812,False,REGULAR,USD,call,2026-12-18,206,745.6400146484375,1.0863150905090677,14.82,0.005398110661268561
SPY261218C00815000,2026-05-22 19:55:13+00:00,815.0,13.3,13.31,13.38,1.0600004,8.660134,5010.0,7551.0,0.16411663528442383,False,REGULAR,USD,call,2026-12-18,206,745.6400146484375,1.093020739215914,13.345,0.005245410266017256
SPY261218C00820000,2026-05-22 19:22:41+00:00,820.0,12.06,11.96,12.03,1.1300001,10.338519,70.0,3339.0,0.1624152973175049,False,REGULAR,USD,call,2026-12-18,206,745.6400146484375,1.09972638792276,11.995000000000001,0.005835764902042393
SPY261218C00825000,2026-05-22 19:25:11+00:00,825.0,10.83,10.72,10.79,0.89000034,8.953726,20.0,7571.0,0.1608207698059082,False,REGULAR,USD,call,2026-12-18,206,745.6400146484375,1.106432036629606,10.754999999999999,0.0065086006508599265
SPY261218C00830000,2026-05-22 19:44:37+00:00,830.0,9.58,9.6,9.67,0.8199997,9.360727,500.0,6464.0,0.15941697525024412,False,REGULAR,USD,call,2026-12-18,206,745.6400146484375,1.113137685336452,9.635,0.007265179034769101
SPY261218C00835000,2026-05-22 17:20:00+00:00,835.0,8.95,8.58,8.64,1.9299998,27.492874,2.0,4180.0,0.15805895660400393,False,REGULAR,USD,call,2026-12-18,206,745.6400146484375,1.1198433340432983,8.61,0.0069686411149826365
SPY261218C00840000,2026-05-22 19:34:37+00:00,840.0,7.69,7.65,7.72,0.6700001,9.544161,63.0,4028.0,0.15691455886840822,False,REGULAR,USD,call,2026-12-18,206,745.6400146484375,1.1265489827501443,7.6850000000000005,0.009108653220559452
SPY261218C00845000,2026-05-22 19:34:37+00:00,845.0,6.85,6.82,6.88,0.77,12.664473,19.0,6399.0,0.15580067840576173,False,REGULAR,USD,call,2026-12-18,206,745.6400146484375,1.1332546314569905,6.85,0.008759124087591184
SPY261218C00850000,2026-05-22 19:38:47+00:00,850.0,6.09,6.06,6.12,0.5500002,9.927801,94.0,10307.0,0.15477834976196292,False,REGULAR,USD,call,2026-12-18,206,745.6400146484375,1.1399602801638364,6.09,0.009852216748768555
SPY261218C00855000,2026-05-22 15:53:00+00:00,855.0,5.81,5.38,5.44,1.0299997,21.548111,2.0,2061.0,0.15387809020996096,False,REGULAR,USD,call,2026-12-18,206,745.6400146484375,1.1466659288706826,5.41,0.011090573012939094
SPY261218C00860000,2026-05-22 17:55:57+00:00,860.0,5.1,4.77,4.82,0.9299998,22.302155,10.0,2084.0,0.152977830657959,False,REGULAR,USD,call,2026-12-18,206,745.6400146484375,1.1533715775775288,4.795,0.010427528675704007
SPY261218C00865000,2026-05-22 17:11:31+00:00,865.0,4.6,4.22,4.27,1.29,38.97281,7.0,437.0,0.15219964019775395,False,REGULAR,USD,call,2026-12-18,206,745.6400146484375,1.1600772262843748,4.244999999999999,0.011778563015312092
SPY261218C00870000,2026-05-22 17:11:31+00:00,870.0,4.08,3.72,3.77,1.1399999,38.775505,7.0,1755.0,0.15143670837402345,False,REGULAR,USD,call,2026-12-18,206,745.6400146484375,1.166782874991221,3.745,0.013351134846461901
SPY261218C00875000,2026-05-22 13:37:18+00:00,875.0,3.52,3.29,3.34,1.02,40.8,1.0,1302.0,0.15088739746093754,False,REGULAR,USD,call,2026-12-18,206,745.6400146484375,1.173488523698067,3.315,0.015082956259426794
SPY261218C00880000,2026-05-22 17:11:31+00:00,880.0,3.2,2.9,2.94,0.93000007,40.969166,107.0,2156.0,0.15021601745605473,False,REGULAR,USD,call,2026-12-18,206,745.6400146484375,1.1801941724049132,2.92,0.013698630136986314
SPY261218C00885000,2026-05-22 18:28:42+00:00,885.0,2.73,2.55,2.6,0.28999996,11.885244,161.0,1704.0,0.14978877563476564,False,REGULAR,USD,call,2026-12-18,206,745.6400146484375,1.1868998211117592,2.575,0.019417475728155442
SPY261218C00890000,2026-05-22 18:53:32+00:00,890.0,2.39,2.25,2.29,0.33000016,16.019426,100.0,854.0,0.14933101654052733,False,REGULAR,USD,call,2026-12-18,206,745.6400146484375,1.1936054698186054,2.27,0.017621145374449355
SPY261218C00895000,2026-05-22 18:29:31+00:00,895.0,2.14,1.98,2.02,0.42000008,24.41861,2.0,505.0,0.14896480926513672,False,REGULAR,USD,call,2026-12-18,206,745.6400146484375,1.2003111185254514,2.0,0.020000000000000018
SPY261218C00900000,2026-05-22 19:33:57+00:00,900.0,1.76,1.74,1.78,0.14999998,9.316769,13.0,6891.0,0.1486596365356445,False,REGULAR,USD,call,2026-12-18,206,745.6400146484375,1.2070167672322976,1.76,0.02272727272727275
SPY261218C00905000,2026-05-22 16:00:54+00:00,905.0,1.71,1.53,1.57,0.5400001,46.153854,21.0,1839.0,0.148446015625,False,REGULAR,USD,call,2026-12-18,206,745.6400146484375,1.2137224159391435,1.55,0.025806451612903247
SPY261218C00910000,2026-05-22 19:22:53+00:00,910.0,1.39,1.35,1.39,0.18999994,15.833327,20.0,3810.0,0.14838498107910159,False,REGULAR,USD,call,2026-12-18,206,745.6400146484375,1.2204280646459897,1.37,0.029197080291970663
SPY261218C00915000,2026-05-22 19:11:20+00:00,915.0,1.24,1.19,1.22,0.29000002,30.52632,14.0,1280.0,0.1481103256225586,False,REGULAR,USD,call,2026-12-18,206,745.6400146484375,1.2271337133528357,1.205,0.024896265560165994
SPY261218C00920000,2026-05-22 18:17:38+00:00,920.0,1.14,1.05,1.08,0.20999998,22.580643,139.0,360.0,0.1481103256225586,False,REGULAR,USD,call,2026-12-18,206,745.6400146484375,1.233839362059682,1.065,0.028169014084507067
SPY261218C00925000,2026-05-22 19:11:53+00:00,925.0,0.97,0.93,0.96,0.13000005,15.476197,31.0,636.0,0.1482629119873047,False,REGULAR,USD,call,2026-12-18,206,745.6400146484375,1.240545010766528,0.9450000000000001,0.031746031746031654
SPY261218C00930000,2026-05-22 19:20:06+00:00,930.0,0.85,0.82,0.85,0.15000004,21.428577,2.0,95.0,0.14832394653320313,False,REGULAR,USD,call,2026-12-18,206,745.6400146484375,1.247250659473374,0.835,0.035928143712574884
SPY261218C00935000,2026-05-19 19:50:43+00:00,935.0,0.48,0.73,0.75,0.0,0.0,1.0,1976.0,0.14832394653320313,False,REGULAR,USD,call,2026-12-18,206,745.6400146484375,1.2539563081802203,0.74,0.027027027027027053
SPY261218C00940000,2026-05-21 17:11:54+00:00,940.0,0.54,0.65,0.67,0.0,0.0,1.0,70.0,0.14862911926269531,False,REGULAR,USD,call,2026-12-18,206,745.6400146484375,1.2606619568870663,0.66,0.030303030303030328
SPY261218C00945000,2026-05-22 17:02:00+00:00,945.0,0.66,0.58,0.6,0.19000003,40.425537,1.0,26.0,0.14899532653808595,False,REGULAR,USD,call,2026-12-18,206,745.6400146484375,1.2673676055939125,0.59,0.0338983050847458
SPY261218C00950000,2026-05-22 19:02:48+00:00,950.0,0.56,0.52,0.54,0.120000005,27.272728,9.0,208.0,0.14948360290527346,False,REGULAR,USD,call,2026-12-18,206,745.6400146484375,1.2740732543007585,0.53,0.03773584905660381
SPY261218C00955000,2026-05-18 13:31:36+00:00,955.0,0.48,0.46,0.49,0.0,0.0,10.0,39.0,0.15015498291015628,False,REGULAR,USD,call,2026-12-18,206,745.6400146484375,1.2807789030076047,0.475,0.06315789473684205
SPY261218C00960000,2026-05-21 20:11:05+00:00,960.0,0.39,0.42,0.44,0.0,0.0,1.0,1124.0,0.15058222473144534,False,REGULAR,USD,call,2026-12-18,206,745.6400146484375,1.2874845517144506,0.43,0.046511627906976785
SPY261218C00965000,2026-05-20 15:04:02+00:00,965.0,0.31,0.38,0.4,0.0,0.0,2.0,546.0,0.15125360473632815,False,REGULAR,USD,call,2026-12-18,206,745.6400146484375,1.2941902004212968,0.39,0.05128205128205133
SPY261231C00530000,2026-05-05 20:02:17+00:00,530.0,209.63,227.53,230.74,0.0,0.0,1.0,11.0,0.41544163665771483,True,REGULAR,USD,call,2026-12-31,219,745.6400146484375,0.7107987629256863,229.135,0.014009208545180825
SPY261231C00540000,2026-04-14 17:46:57+00:00,540.0,173.51,211.5,214.76,0.0,0.0,2.0,5.0,0.34107104248046877,True,REGULAR,USD,call,2026-12-31,219,745.6400146484375,0.7242100603393785,213.13,0.01529582883686009
SPY261231C00550000,2026-05-21 19:46:50+00:00,550.0,207.37,208.85,212.05,0.0,0.0,1.0,22.0,0.39331661376953125,True,REGULAR,USD,call,2026-12-31,219,745.6400146484375,0.7376213577530707,210.45,0.015205511998099393
SPY261231C00555000,2026-05-19 18:22:40+00:00,555.0,196.99,204.2,207.38,0.0,0.0,1.0,17.0,0.387701435546875,True,REGULAR,USD,call,2026-12-31,219,745.6400146484375,0.7443270064599168,205.79,0.015452645901161412
SPY261231C00560000,2026-05-11 14:41:44+00:00,560.0,195.63,199.56,202.75,0.0,0.0,1.0,8.0,0.3823609127807617,True,REGULAR,USD,call,2026-12-31,219,745.6400146484375,0.7510326551667629,201.155,0.01585841763813973
SPY261231C00565000,2026-05-06 14:07:40+00:00,565.0,182.58,194.94,198.13,0.0,0.0,1.0,67.0,0.3770509072875976,True,REGULAR,USD,call,2026-12-31,219,745.6400146484375,0.757738303873609,196.535,0.016231205637672667
SPY261231C00570000,2026-05-18 19:55:00+00:00,570.0,185.33,190.33,193.53,0.0,0.0,4.0,32.0,0.37183245361328127,True,REGULAR,USD,call,2026-12-31,219,745.6400146484375,0.764443952580455,191.93,0.016672745271713585
SPY261231C00575000,2026-05-22 18:10:27+00:00,575.0,188.85,185.74,188.94,7.630005,4.210355,2.0,792.0,0.36662925857543943,True,REGULAR,USD,call,2026-12-31,219,745.6400146484375,0.7711496012873011,187.34,0.017081242660403482
SPY261231C00580000,2026-05-11 19:46:42+00:00,580.0,177.21,181.16,184.39,0.0,0.0,2.0,20.0,0.36165494308471674,True,REGULAR,USD,call,2026-12-31,219,745.6400146484375,0.7778552499941473,182.77499999999998,0.0176720010942415
SPY261231C00585000,2026-05-12 16:04:16+00:00,585.0,168.02,176.59,179.8,0.0,0.0,1.0,20.0,0.35631442031860344,True,REGULAR,USD,call,2026-12-31,219,745.6400146484375,0.7845608987009934,178.195,0.018013973456045388
SPY261231C00590000,2026-05-14 19:55:42+00:00,590.0,177.08,172.04,175.27,0.0,0.0,1.0,34.0,0.3513401048278808,True,REGULAR,USD,call,2026-12-31,219,745.6400146484375,0.7912665474078395,173.655,0.018600097895252184
SPY261231C00595000,2026-05-14 15:40:35+00:00,595.0,172.78,167.51,170.74,0.0,0.0,1.0,70.0,0.3462742375183105,True,REGULAR,USD,call,2026-12-31,219,745.6400146484375,0.7979721961146856,169.125,0.01909830007390994
SPY261231C00600000,2026-05-22 19:10:43+00:00,600.0,165.18,163.0,166.23,5.919998,3.7171912,2.0,429.0,0.3412846633911133,True,REGULAR,USD,call,2026-12-31,219,745.6400146484375,0.8046778448215317,164.615,0.019621541171825106
SPY261231C00605000,2026-05-22 19:14:24+00:00,605.0,160.74,158.51,161.74,10.87001,7.2529597,3.0,2173.0,0.3363256065368652,True,REGULAR,USD,call,2026-12-31,219,745.6400146484375,0.8113834935283778,160.125,0.020171740827478645
SPY261231C00610000,2026-05-22 19:14:24+00:00,610.0,156.27,154.04,157.28,-1.0599976,-0.6737415,2.0,382.0,0.33148861877441405,True,REGULAR,USD,call,2026-12-31,219,745.6400146484375,0.8180891422352239,155.66,0.020814595914171972
SPY261231C00615000,2026-05-22 19:49:47+00:00,615.0,151.32,149.59,152.82,6.780014,4.690753,3.0,197.0,0.3265448205566406,True,REGULAR,USD,call,2026-12-31,219,745.6400146484375,0.82479479094207,151.20499999999998,0.021361727456102576
SPY261231C00620000,2026-05-22 17:49:38+00:00,620.0,148.63,145.15,148.4,11.980011,8.766932,1.0,259.0,0.32176886734008786,True,REGULAR,USD,call,2026-12-31,219,745.6400146484375,0.8315004396489161,146.775,0.022142735479475387
SPY261231C00621000,2026-05-13 14:24:21+00:00,621.0,140.56,144.27,147.51,0.0,0.0,2.0,5.0,0.3207617973327636,True,REGULAR,USD,call,2026-12-31,219,745.6400146484375,0.8328415693902853,145.89,0.022208513263417513
SPY261231C00622000,2026-03-17 14:58:33+00:00,622.0,89.68,115.28,118.72,0.0,0.0,,1.0,1.0000000000000003e-05,True,REGULAR,USD,call,2026-12-31,219,745.6400146484375,0.8341826991316545,117.0,0.029401709401709383
SPY261231C00623000,2026-05-06 17:34:55+00:00,623.0,133.29,142.5,145.75,0.0,0.0,2.0,2.0,0.3188544677734374,True,REGULAR,USD,call,2026-12-31,219,745.6400146484375,0.8355238288730237,144.125,0.022549869904596703
SPY261231C00624000,2026-05-19 19:25:14+00:00,624.0,133.56,141.61,144.87,0.0,0.0,1.0,783.0,0.31790080299377443,True,REGULAR,USD,call,2026-12-31,219,745.6400146484375,0.8368649586143929,143.24,0.022759005864283654
SPY261231C00625000,2026-05-22 14:02:42+00:00,625.0,142.66,140.74,143.99,-2.7299957,-1.8777053,1.0,63.0,0.31693950889587397,True,REGULAR,USD,call,2026-12-31,219,745.6400146484375,0.8382060883557622,142.365,0.022828644680925787
SPY261231C00627000,2026-05-22 14:02:42+00:00,627.0,140.9,138.98,142.23,48.70999,52.836525,1.0,162.0,0.31500929138183587,True,REGULAR,USD,call,2026-12-31,219,745.6400146484375,0.8408883478385006,140.605,0.023114398492230008
SPY261231C00628000,2026-05-18 19:21:45+00:00,628.0,131.72,138.1,141.33,0.0,0.0,65.0,174.0,0.31391066955566405,True,REGULAR,USD,call,2026-12-31,219,745.6400146484375,0.8422294775798699,139.715,0.023118491214257724
SPY261231C00629000,2026-04-28 18:57:08+00:00,629.0,111.7,137.22,140.48,0.0,0.0,1.0,1121.0,0.3131172204589844,True,REGULAR,USD,call,2026-12-31,219,745.6400146484375,0.843570607321239,138.85,0.023478574000720138
SPY261231C00630000,2026-05-15 13:34:35+00:00,630.0,134.17,136.35,139.6,0.0,0.0,2.0,341.0,0.31212540908813474,True,REGULAR,USD,call,2026-12-31,219,745.6400146484375,0.8449117370626082,137.975,0.023554991846348978
SPY261231C00631000,2026-04-23 15:13:19+00:00,631.0,110.6,135.48,138.73,0.0,0.0,1.0,5.0,0.31120226158142084,True,REGULAR,USD,call,2026-12-31,219,745.6400146484375,0.8462528668039775,137.105,0.023704460085336058
SPY261231C00632000,2026-04-21 20:09:46+00:00,632.0,106.52,134.61,137.86,0.0,0.0,1.0,6.0,0.3102714847564697,True,REGULAR,USD,call,2026-12-31,219,745.6400146484375,0.8475939965453467,136.235,0.023855837339890627
SPY261231C00634000,2026-04-16 17:22:48+00:00,634.0,99.61,132.86,136.09,0.0,0.0,2.0,2.0,0.30821919815063475,True,REGULAR,USD,call,2026-12-31,219,745.6400146484375,0.8502762560280851,134.47500000000002,0.024019334448782223
SPY261231C00635000,2026-05-22 15:03:30+00:00,635.0,133.96,131.99,135.25,2.7200012,2.0725398,1.0,43.0,0.3074410076904296,True,REGULAR,USD,call,2026-12-31,219,745.6400146484375,0.8516173857694543,133.62,0.024397545277652977
SPY261231C00636000,2026-05-04 17:33:26+00:00,636.0,111.27,131.12,134.38,0.0,0.0,7.0,24.0,0.3064949722290039,True,REGULAR,USD,call,2026-12-31,219,745.6400146484375,0.8529585155108236,132.75,0.02455743879472686
SPY261231C00637000,2026-05-04 15:19:55+00:00,637.0,111.3,130.26,133.49,0.0,0.0,2.0,14.0,0.30542686767578126,True,REGULAR,USD,call,2026-12-31,219,745.6400146484375,0.8542996452521928,131.875,0.0244928909952608
SPY261231C00638000,2026-04-13 16:56:31+00:00,638.0,81.55,123.72,127.0,0.0,0.0,1.0,4.0,0.2707668749237061,True,REGULAR,USD,call,2026-12-31,219,745.6400146484375,0.8556407749935621,125.36,0.026164645820038298
SPY261231C00640000,2026-05-15 16:06:45+00:00,640.0,125.95,127.66,130.92,0.0,0.0,1.0,384.0,0.3027566062927246,True,REGULAR,USD,call,2026-12-31,219,745.6400146484375,0.8583230344763004,129.29,0.02521463376904626
SPY261231C00641000,2026-04-15 13:40:56+00:00,641.0,89.63,121.16,124.58,0.0,0.0,7.0,23.0,0.2694317442321777,True,REGULAR,USD,call,2026-12-31,219,745.6400146484375,0.8596641642176697,122.87,0.027834296410840738
SPY261231C00642000,2026-04-21 19:28:14+00:00,642.0,98.6,125.93,129.17,0.0,0.0,2.0,9.0,0.3007500955963135,True,REGULAR,USD,call,2026-12-31,219,745.6400146484375,0.8610052939590389,127.55,0.025401803214425565
SPY261231C00643000,2026-05-07 19:08:09+00:00,643.0,115.8,125.07,128.31,0.0,0.0,1.0,8.0,0.2998269480895996,True,REGULAR,USD,call,2026-12-31,219,745.6400146484375,0.8623464237004081,126.69,0.025574236324887593
SPY261231C00644000,2026-04-17 14:25:42+00:00,644.0,98.1,124.21,127.45,0.0,0.0,1.0,0.0,0.2988961712646484,True,REGULAR,USD,call,2026-12-31,219,745.6400146484375,0.8636875534417774,125.83,0.02574902646427727
SPY261231C00645000,2026-05-11 17:25:16+00:00,645.0,121.5,123.35,126.61,0.0,0.0,12.0,55.0,0.2980722048950195,True,REGULAR,USD,call,2026-12-31,219,745.6400146484375,0.8650286831831465,124.97999999999999,0.026084173467754882
SPY261231C00646000,2026-05-11 14:34:25+00:00,646.0,119.2,122.49,125.73,0.0,0.0,2.0,13.0,0.2970117296600341,True,REGULAR,USD,call,2026-12-31,219,745.6400146484375,0.8663698129245158,124.11,0.026105873821609935
SPY261231C00648000,2026-05-22 14:52:01+00:00,648.0,122.45,120.81,124.04,11.549995,10.4147835,5.0,31.0,0.29527987442016596,True,REGULAR,USD,call,2026-12-31,219,745.6400146484375,0.8690520724072542,122.42500000000001,0.026383500102103358
SPY261231C00649000,2026-04-21 16:45:40+00:00,649.0,92.64,119.92,123.18,0.0,0.0,2.0,54.0,0.2943262096405028,True,REGULAR,USD,call,2026-12-31,219,745.6400146484375,0.8703932021486235,121.55000000000001,0.026820238584944506
SPY261231C00650000,2026-05-19 19:29:51+00:00,650.0,111.93,119.06,122.33,0.0,0.0,3.0,591.0,0.2934183207702636,True,REGULAR,USD,call,2026-12-31,219,745.6400146484375,0.8717343318899926,120.695,0.02709308587762539
SPY261231C00652000,2026-04-13 17:57:52+00:00,652.0,71.33,113.07,115.34,0.0,0.0,2.0,7.0,0.2617108741760254,True,REGULAR,USD,call,2026-12-31,219,745.6400146484375,0.8744165913727311,114.205,0.019876537804824748
SPY261231C00653000,2026-04-22 13:44:28+00:00,653.0,90.7,116.5,119.77,0.0,0.0,1.0,6.0,0.29061073165893553,True,REGULAR,USD,call,2026-12-31,219,745.6400146484375,0.8757577211141003,118.13499999999999,0.027680196385491143
SPY261231C00654000,2026-05-07 15:10:52+00:00,654.0,110.03,115.65,118.9,0.0,0.0,2.0,5.0,0.28957314437866205,True,REGULAR,USD,call,2026-12-31,219,745.6400146484375,0.8770988508554696,117.275,0.02771264122788318
SPY261231C00655000,2026-05-22 14:59:08+00:00,655.0,117.05,114.8,118.05,7.2000046,6.5543966,1.0,132.0,0.2886347382354736,True,REGULAR,USD,call,2026-12-31,219,745.6400146484375,0.8784399805968387,116.425,0.027914966716770455
SPY261231C00656000,2026-05-11 13:48:56+00:00,656.0,111.5,113.95,117.2,0.0,0.0,1.0,11.0,0.28769633209228507,True,REGULAR,USD,call,2026-12-31,219,745.6400146484375,0.8797811103382079,115.575,0.028120268224096905
SPY261231C00657000,2026-04-17 14:34:31+00:00,657.0,88.53,113.11,116.38,0.0,0.0,1.0,9.0,0.2869105123138427,True,REGULAR,USD,call,2026-12-31,219,745.6400146484375,0.8811222400795772,114.745,0.028497973767920137
SPY261231C00658000,2026-05-07 13:47:56+00:00,658.0,106.19,112.26,115.51,0.0,0.0,10.0,7.0,0.2858500370788574,True,REGULAR,USD,call,2026-12-31,219,745.6400146484375,0.8824633698209464,113.885,0.028537559819115772
SPY261231C00659000,2026-04-13 19:51:47+00:00,659.0,67.76,106.12,109.5,0.0,0.0,4.0,6.0,0.2565610843658448,True,REGULAR,USD,call,2026-12-31,219,745.6400146484375,0.8838044995623157,107.81,0.03135145162786379
SPY261231C00660000,2026-05-22 19:14:24+00:00,660.0,112.82,110.57,113.85,7.1200027,6.736048,2.0,100.0,0.2841486991119384,True,REGULAR,USD,call,2026-12-31,219,745.6400146484375,0.8851456293036849,112.21,0.02923090633633367
SPY261231C00661000,2026-05-20 19:59:28+00:00,661.0,108.1,109.73,113.01,0.0,0.0,12.0,12.0,0.28323318092346184,True,REGULAR,USD,call,2026-12-31,219,745.6400146484375,0.886486759045054,111.37,0.0294513782885876
SPY261231C00662000,2026-05-20 19:49:25+00:00,662.0,107.21,108.89,112.17,0.0,0.0,2.0,8.0,0.28231003341674804,True,REGULAR,USD,call,2026-12-31,219,745.6400146484375,0.8878278887864233,110.53,0.029675201302813727
SPY261231C00663000,2026-04-08 17:06:32+00:00,663.0,60.06,102.84,106.23,0.0,0.0,1.0,16.0,0.25382215911865236,True,REGULAR,USD,call,2026-12-31,219,745.6400146484375,0.8891690185277925,104.535,0.032429329889510694
SPY261231C00664000,2026-04-17 13:48:10+00:00,664.0,80.09,107.22,110.5,0.0,0.0,2.0,8.0,0.28050951431274407,True,REGULAR,USD,call,2026-12-31,219,745.6400146484375,0.8905101482691617,108.86,0.03013044277053097
SPY261231C00665000,2026-05-18 13:45:12+00:00,665.0,102.11,106.38,109.66,0.0,0.0,1.0,273.0,0.2795634788513183,True,REGULAR,USD,call,2026-12-31,219,745.6400146484375,0.891851278010531,108.02,0.030364747269024266
SPY261231C00666000,2026-05-22 19:14:24+00:00,666.0,107.81,105.55,108.83,11.209999,11.604554,3.0,10.0,0.278678477935791,True,REGULAR,USD,call,2026-12-31,219,745.6400146484375,0.8931924077519001,107.19,0.030599869390801393
SPY261231C00668000,2026-05-22 15:17:57+00:00,668.0,106.7,103.88,107.17,8.199997,8.32487,1.0,20.0,0.27687795883178706,True,REGULAR,USD,call,2026-12-31,219,745.6400146484375,0.8958746672346386,105.525,0.031177446102819296
SPY261231C00669000,2026-04-13 14:07:08+00:00,669.0,57.78,97.95,101.34,0.0,0.0,1.0,210.0,0.24956499954223632,True,REGULAR,USD,call,2026-12-31,219,745.6400146484375,0.8972157969760078,99.64500000000001,0.034020773746801146
SPY261231C00670000,2026-05-18 17:10:30+00:00,670.0,97.36,102.23,105.51,0.0,0.0,23.0,631.0,0.275046922454834,True,REGULAR,USD,call,2026-12-31,219,745.6400146484375,0.8985569267173771,103.87,0.03157793395590643
SPY261231C00671000,2026-04-30 19:21:27+00:00,671.0,82.23,101.4,104.68,0.0,0.0,1.0,213.0,0.2741237749481201,True,REGULAR,USD,call,2026-12-31,219,745.6400146484375,0.8998980564587462,103.04,0.031832298136645974
SPY261231C00672000,2026-05-06 13:30:00+00:00,672.0,89.36,100.57,103.86,0.0,0.0,1.0,10.0,0.27324640335083,True,REGULAR,USD,call,2026-12-31,219,745.6400146484375,0.9012391862001154,102.215,0.032187056694223025
SPY261231C00673000,2026-05-22 17:28:16+00:00,673.0,103.38,99.75,103.03,7.0,7.2629175,1.0,10.0,0.27230799720764154,True,REGULAR,USD,call,2026-12-31,219,745.6400146484375,0.9025803159414847,101.39,0.032350330407338014
SPY261231C00674000,2026-05-21 16:31:20+00:00,674.0,95.18,98.92,102.21,0.0,0.0,1.0,17.0,0.27141536697387697,True,REGULAR,USD,call,2026-12-31,219,745.6400146484375,0.9039214456828539,100.565,0.03271515934967426
SPY261231C00675000,2026-05-20 17:58:42+00:00,675.0,95.53,98.1,101.39,0.0,0.0,109.0,769.0,0.270515107421875,True,REGULAR,USD,call,2026-12-31,219,745.6400146484375,0.9052625754242232,99.745,0.03298410947917195
SPY261231C00676000,2026-05-14 16:08:07+00:00,676.0,104.21,97.28,100.57,0.0,0.0,2.0,55.0,0.26961484786987305,True,REGULAR,USD,call,2026-12-31,219,745.6400146484375,0.9066037051655924,98.925,0.033257518321961
SPY261231C00677000,2026-05-21 19:38:10+00:00,677.0,97.26,96.46,99.75,0.0,0.0,9.0,32.0,0.2686993296813965,True,REGULAR,USD,call,2026-12-31,219,745.6400146484375,0.9079448349069615,98.10499999999999,0.03353549768105608
SPY261231C00678000,2026-05-21 19:38:10+00:00,678.0,96.47,95.64,98.93,0.0,0.0,9.0,160.0,0.2677838114929199,True,REGULAR,USD,call,2026-12-31,219,745.6400146484375,0.9092859646483308,97.285,0.033818163128951084
SPY261231C00679000,2026-05-18 14:58:51+00:00,679.0,91.85,94.82,98.11,0.0,0.0,9.0,8.0,0.2668606639862061,True,REGULAR,USD,call,2026-12-31,219,745.6400146484375,0.9106270943897,96.465,0.03410563416783296
SPY261231C00680000,2026-05-22 19:26:07+00:00,680.0,95.75,94.01,97.3,4.4000015,4.816641,11.0,973.0,0.26597566307067866,True,REGULAR,USD,call,2026-12-31,219,745.6400146484375,0.9119682241310693,95.655,0.03439443834613969
SPY261231C00681000,2026-05-08 14:21:36+00:00,681.0,90.0,93.19,96.49,0.0,0.0,1.0,130.0,0.2650906621551513,True,REGULAR,USD,call,2026-12-31,219,745.6400146484375,0.9133093538724385,94.84,0.03479544495993249
SPY261231C00682000,2026-05-14 14:51:03+00:00,682.0,97.9,92.38,95.67,0.0,0.0,45.0,19.0,0.2641446266937255,True,REGULAR,USD,call,2026-12-31,219,745.6400146484375,0.9146504836138076,94.025,0.03499069396437124
SPY261231C00683000,2026-05-20 17:26:17+00:00,683.0,88.98,91.57,94.86,0.0,0.0,7.0,17.0,0.2632367378234864,True,REGULAR,USD,call,2026-12-31,219,745.6400146484375,0.9159916133551769,93.215,0.03529474869924375
SPY261231C00684000,2026-05-20 17:03:34+00:00,684.0,88.13,90.76,94.06,0.0,0.0,3.0,15.0,0.26238225418090827,True,REGULAR,USD,call,2026-12-31,219,745.6400146484375,0.9173327430965461,92.41,0.03571042095011359
SPY261231C00685000,2026-05-19 14:55:15+00:00,685.0,81.15,89.95,93.25,0.0,0.0,6.0,468.0,0.26146673599243164,True,REGULAR,USD,call,2026-12-31,219,745.6400146484375,0.9186738728379154,91.6,0.03602620087336242
SPY261231C00686000,2026-05-05 13:37:51+00:00,686.0,73.0,89.15,92.45,0.0,0.0,1.0,109.0,0.2605893643951416,True,REGULAR,USD,call,2026-12-31,219,745.6400146484375,0.9200150025792846,90.80000000000001,0.036343612334801725
SPY261231C00687000,2026-05-14 17:49:25+00:00,687.0,93.4,88.34,91.64,0.0,0.0,1.0,107.0,0.25965858757019045,True,REGULAR,USD,call,2026-12-31,219,745.6400146484375,0.9213561323206537,89.99000000000001,0.0366707411934659
SPY261231C00688000,2026-05-11 15:19:36+00:00,688.0,85.87,87.54,90.84,0.0,0.0,1.0,68.0,0.2587659573364258,True,REGULAR,USD,call,2026-12-31,219,745.6400146484375,0.922697262062023,89.19,0.03699966363942143
SPY261231C00689000,2026-04-29 14:25:52+00:00,689.0,64.5,86.74,90.04,0.0,0.0,15.0,119.0,0.25786569778442386,True,REGULAR,USD,call,2026-12-31,219,745.6400146484375,0.9240383918033922,88.39,0.037334540106347
SPY261231C00690000,2026-05-22 17:24:30+00:00,690.0,88.62,85.94,89.25,3.8700027,4.566375,15.0,405.0,0.25701121414184575,True,REGULAR,USD,call,2026-12-31,219,745.6400146484375,0.9253795215447614,87.595,0.03778754495119587
SPY261231C00691000,2026-05-21 19:08:18+00:00,691.0,83.93,85.14,88.45,0.0,0.0,2.0,303.0,0.2561033252716065,True,REGULAR,USD,call,2026-12-31,219,745.6400146484375,0.9267206512861307,86.795,0.038135837317817875
SPY261231C00692000,2026-05-11 14:16:43+00:00,692.0,82.68,84.35,87.66,0.0,0.0,5.0,140.0,0.25522595367431644,True,REGULAR,USD,call,2026-12-31,219,745.6400146484375,0.9280617810274999,86.005,0.038486134527062406
SPY261231C00693000,2026-04-24 18:32:05+00:00,693.0,63.6,83.56,86.87,0.0,0.0,1.0,54.0,0.2543485820770264,True,REGULAR,USD,call,2026-12-31,219,745.6400146484375,0.929402910768869,85.215,0.03884292671478028
SPY261231C00694000,2026-04-29 14:25:52+00:00,694.0,60.92,82.76,86.08,0.0,0.0,15.0,29.0,0.25346358116149903,True,REGULAR,USD,call,2026-12-31,219,745.6400146484375,0.9307440405102383,84.42,0.03932717365553178
SPY261231C00695000,2026-05-22 13:32:00+00:00,695.0,84.52,81.98,85.29,-2.7600021,-3.162239,3.0,294.0,0.2525709509277344,True,REGULAR,USD,call,2026-12-31,219,745.6400146484375,0.9320851702516075,83.635,0.03957673222932985
SPY261231C00696000,2026-05-07 13:33:25+00:00,696.0,76.52,81.19,84.5,0.0,0.0,1.0,859.0,0.25167069137573245,True,REGULAR,USD,call,2026-12-31,219,745.6400146484375,0.9334262999929768,82.845,0.03995413120888409
SPY261231C00697000,2026-05-11 16:09:42+00:00,697.0,79.38,80.4,83.72,0.0,0.0,1.0,167.0,0.2508009490966796,True,REGULAR,USD,call,2026-12-31,219,745.6400146484375,0.934767429734346,82.06,0.04045820131611008
SPY261231C00698000,2026-05-13 13:31:37+00:00,698.0,76.73,79.63,82.84,0.0,0.0,1.0,171.0,0.24945818908691403,True,REGULAR,USD,call,2026-12-31,219,745.6400146484375,0.9361085594757151,81.235,0.03951498738228606
SPY261231C00699000,2026-05-11 18:09:17+00:00,699.0,78.23,78.84,82.16,0.0,0.0,1.0,256.0,0.2490538352203369,True,REGULAR,USD,call,2026-12-31,219,745.6400146484375,0.9374496892170844,80.5,0.041242236024844635
SPY261231C00700000,2026-05-22 17:49:38+00:00,700.0,81.31,78.07,81.38,4.7299957,6.176542,3.0,688.0,0.2481612049865723,True,REGULAR,USD,call,2026-12-31,219,745.6400146484375,0.9387908189584536,79.725,0.04151771715271248
SPY261231C00701000,2026-05-14 19:29:42+00:00,701.0,83.0,77.28,80.6,0.0,0.0,1.0,206.0,0.2472685747528076,True,REGULAR,USD,call,2026-12-31,219,745.6400146484375,0.9401319486998229,78.94,0.04205725867747648
SPY261231C00702000,2026-05-14 19:05:46+00:00,702.0,82.5,76.51,79.83,0.0,0.0,3.0,151.0,0.24640646179199222,True,REGULAR,USD,call,2026-12-31,219,745.6400146484375,0.9414730784411921,78.17,0.04247153639503637
SPY261231C00703000,2026-05-11 14:33:04+00:00,703.0,73.91,75.74,79.05,0.0,0.0,2.0,279.0,0.24549857292175292,True,REGULAR,USD,call,2026-12-31,219,745.6400146484375,0.9428142081825612,77.395,0.04276762064732867
SPY261231C00704000,2026-05-14 17:25:23+00:00,704.0,80.28,74.97,78.28,0.0,0.0,3.0,326.0,0.2446212013244629,True,REGULAR,USD,call,2026-12-31,219,745.6400146484375,0.9441553379239305,76.625,0.043197389885807534
SPY261231C00705000,2026-05-19 19:40:06+00:00,705.0,68.72,74.2,77.52,0.0,0.0,1.0,474.0,0.24378197631835938,True,REGULAR,USD,call,2026-12-31,219,745.6400146484375,0.9454964676652997,75.86,0.04376482994990764
SPY261231C00706000,2026-05-06 14:01:55+00:00,706.0,64.85,73.43,76.75,0.0,0.0,1.0,18.0,0.242896975402832,True,REGULAR,USD,call,2026-12-31,219,745.6400146484375,0.946837597406669,75.09,0.044213610334265456
SPY261231C00707000,2026-05-19 19:59:49+00:00,707.0,66.5,72.67,75.99,0.0,0.0,1.0,120.0,0.2420424917602539,True,REGULAR,USD,call,2026-12-31,219,745.6400146484375,0.9481787271480382,74.33,0.04466568007533961
SPY261231C00708000,2026-05-15 13:44:27+00:00,708.0,71.48,71.91,75.23,0.0,0.0,9.0,182.0,0.24117274948120115,True,REGULAR,USD,call,2026-12-31,219,745.6400146484375,0.9495198568894074,73.57,0.045127089846404886
SPY261231C00709000,2026-05-22 13:56:28+00:00,709.0,73.72,71.18,74.47,16.39,28.588871,1.0,12.0,0.24030300720214842,True,REGULAR,USD,call,2026-12-31,219,745.6400146484375,0.9508609866307766,72.825,0.045176793683487704
SPY261231C00710000,2026-05-22 19:54:44+00:00,710.0,70.28,70.42,73.71,0.27999878,0.39999825,1.0,270.0,0.23941800628662108,True,REGULAR,USD,call,2026-12-31,219,745.6400146484375,0.9522021163721458,72.065,0.045653229723166475
SPY261231C00711000,2026-05-05 16:59:15+00:00,711.0,56.97,69.63,72.96,0.0,0.0,1.0,179.0,0.23857878128051757,True,REGULAR,USD,call,2026-12-31,219,745.6400146484375,0.953543246113515,71.29499999999999,0.04670734273090678
SPY261231C00712000,2026-05-18 15:44:50+00:00,712.0,64.74,68.88,72.21,0.0,0.0,1.0,10.0,0.2377242976379394,True,REGULAR,USD,call,2026-12-31,219,745.6400146484375,0.9548843758548843,70.54499999999999,0.047203912396342744
SPY261231C00713000,2026-05-20 17:20:18+00:00,713.0,65.23,68.14,71.46,0.0,0.0,3.0,29.0,0.23685455535888672,True,REGULAR,USD,call,2026-12-31,219,745.6400146484375,0.9562255055962535,69.8,0.047564469914040015
SPY261231C00714000,2026-05-21 17:30:11+00:00,714.0,66.5,67.39,70.71,0.0,0.0,1.0,55.0,0.23598481307983393,True,REGULAR,USD,call,2026-12-31,219,745.6400146484375,0.9575666353376227,69.05,0.04808110065170157
SPY261231C00715000,2026-05-20 18:09:51+00:00,715.0,63.72,66.64,69.97,0.0,0.0,3.0,143.0,0.23514558807373048,True,REGULAR,USD,call,2026-12-31,219,745.6400146484375,0.9589077650789919,68.305,0.04875192152843859
SPY261231C00716000,2026-05-05 17:42:14+00:00,716.0,53.94,65.9,69.23,0.0,0.0,1.0,31.0,0.23429873374938961,True,REGULAR,USD,call,2026-12-31,219,745.6400146484375,0.9602488948203611,67.565,0.049285872863168774
SPY261231C00717000,2026-05-13 18:30:10+00:00,717.0,67.75,65.16,68.49,0.0,0.0,1.0,19.0,0.2334442501068115,True,REGULAR,USD,call,2026-12-31,219,745.6400146484375,0.9615900245617304,66.82499999999999,0.04983164983164982
SPY261231C00718000,2026-05-14 15:29:46+00:00,718.0,70.55,64.43,67.76,0.0,0.0,4.0,125.0,0.2326279130554199,True,REGULAR,USD,call,2026-12-31,219,745.6400146484375,0.9629311543030996,66.095,0.050382025871851095
SPY261231C00719000,2026-05-22 13:30:06+00:00,719.0,65.4,64.48,67.02,4.5200005,7.4244423,2.0,70.0,0.23174291213989257,True,REGULAR,USD,call,2026-12-31,219,745.6400146484375,0.9642722840444689,65.75,0.03863117870722421
SPY261231C00720000,2026-05-22 14:05:32+00:00,720.0,65.59,63.93,66.2,2.9299965,4.676024,202.0,1255.0,0.23049933326721192,True,REGULAR,USD,call,2026-12-31,219,745.6400146484375,0.965613413785838,65.065,0.03488818873434263
SPY261231C00721000,2026-05-15 13:45:19+00:00,721.0,61.0,62.37,65.56,0.0,0.0,1.0,48.0,0.23005683280944825,True,REGULAR,USD,call,2026-12-31,219,745.6400146484375,0.9669545435272072,63.965,0.04987102321582122
SPY261231C00722000,2026-05-22 14:42:23+00:00,722.0,63.52,61.51,64.84,1.8199997,2.9497564,1.0,202.0,0.22924049575805666,True,REGULAR,USD,call,2026-12-31,219,745.6400146484375,0.9682956732685765,63.175,0.05271072417886831
SPY261231C00723000,2026-05-07 13:32:21+00:00,723.0,56.63,60.91,64.07,0.0,0.0,1.0,38.0,0.22818764984130857,True,REGULAR,USD,call,2026-12-31,219,745.6400146484375,0.9696368030099457,62.489999999999995,0.050568090894543075
SPY261231C00724000,2026-05-06 15:12:04+00:00,724.0,54.19,60.23,63.34,0.0,0.0,26.0,228.0,0.22730264892578123,True,REGULAR,USD,call,2026-12-31,219,745.6400146484375,0.9709779327513149,61.785,0.05033584203285598
SPY261231C00725000,2026-05-22 20:06:41+00:00,725.0,60.91,59.34,62.69,3.5200005,6.133474,4.0,208.0,0.22676859664916987,True,REGULAR,USD,call,2026-12-31,219,745.6400146484375,0.9723190624926841,61.015,0.05490453167253945
SPY261231C00730000,2026-05-22 19:22:18+00:00,730.0,57.86,55.88,58.83,2.7400017,4.9709754,43.0,364.0,0.2212144529724121,True,REGULAR,USD,call,2026-12-31,219,745.6400146484375,0.9790247111995302,57.355000000000004,0.05143405108534558
SPY261231C00735000,2026-05-22 16:23:41+00:00,735.0,55.05,52.34,55.69,3.75,7.309942,4.0,503.0,0.21856707954406737,True,REGULAR,USD,call,2026-12-31,219,745.6400146484375,0.9857303599063764,54.015,0.06201980931222798
SPY261231C00740000,2026-05-22 18:46:41+00:00,740.0,51.52,48.96,52.33,2.6399994,5.4009805,37.0,1077.0,0.21464560997009277,True,REGULAR,USD,call,2026-12-31,219,745.6400146484375,0.9924360086132225,50.644999999999996,0.06654161318985088
SPY261231C00745000,2026-05-22 19:49:29+00:00,745.0,46.94,46.2,47.71,0.69999695,1.5138342,16.0,1528.0,0.2049487464904785,True,REGULAR,USD,call,2026-12-31,219,745.6400146484375,0.9991416573200685,46.955,0.03215844957938448
SPY261231C00750000,2026-05-22 19:47:27+00:00,750.0,43.89,43.07,45.46,0.8600006,1.998607,56.0,2875.0,0.20520814331054685,False,REGULAR,USD,call,2026-12-31,219,745.6400146484375,1.0058473060269146,44.265,0.05399299672427427
SPY261231C00755000,2026-05-22 18:46:41+00:00,755.0,41.94,41.14,41.24,7.669998,22.381084,16.0,517.0,0.19660227233886718,False,REGULAR,USD,call,2026-12-31,219,745.6400146484375,1.0125529547337606,41.19,0.00242777373148826
SPY261231C00760000,2026-05-22 17:48:38+00:00,760.0,39.44,38.18,38.28,3.289997,9.10096,1.0,2189.0,0.1930775273132324,False,REGULAR,USD,call,2026-12-31,219,745.6400146484375,1.0192586034406068,38.230000000000004,0.002615746795710212
SPY261231C00765000,2026-05-22 15:05:24+00:00,765.0,36.03,35.34,35.43,3.4699974,10.65724,16.0,235.0,0.18963670478820802,False,REGULAR,USD,call,2026-12-31,219,745.6400146484375,1.0259642521474528,35.385000000000005,0.002543450614667127
SPY261231C00770000,2026-05-22 17:12:22+00:00,770.0,33.72,32.62,32.72,2.750002,8.879567,4.0,556.0,0.18640187385559082,False,REGULAR,USD,call,2026-12-31,219,745.6400146484375,1.032669900854299,32.67,0.0030609121518212863
SPY261231C00775000,2026-05-22 19:18:48+00:00,775.0,30.23,30.03,30.13,3.6399994,13.689354,37.0,1271.0,0.18327385337829585,False,REGULAR,USD,call,2026-12-31,219,745.6400146484375,1.0393755495611452,30.08,0.0033244680851063123
SPY261231C00780000,2026-05-22 19:18:48+00:00,780.0,27.76,27.58,27.67,1.7199993,6.60522,20.0,2101.0,0.1802831606292725,False,REGULAR,USD,call,2026-12-31,219,745.6400146484375,1.0460811982679912,27.625,0.0032579185520363227
SPY261231C00785000,2026-05-22 19:18:48+00:00,785.0,25.44,25.26,25.35,1.9099998,8.117296,25.0,425.0,0.17747557151794432,False,REGULAR,USD,call,2026-12-31,219,745.6400146484375,1.0527868469748374,25.305,0.0035566093657379907
SPY261231C00790000,2026-05-22 19:18:48+00:00,790.0,23.25,23.07,23.16,1.6499996,7.6388874,23.0,1202.0,0.17479005149841312,False,REGULAR,USD,call,2026-12-31,219,745.6400146484375,1.0594924956816834,23.115000000000002,0.0038935756002595654
SPY261231C00795000,2026-05-20 15:16:24+00:00,795.0,19.8,21.02,21.11,0.0,0.0,102.0,833.0,0.17228000579833985,False,REGULAR,USD,call,2026-12-31,219,745.6400146484375,1.0661981443885296,21.064999999999998,0.00427248991217659
SPY261231C00800000,2026-05-22 20:01:38+00:00,800.0,19.0,19.11,19.2,1.5,8.571429,126.0,2729.0,0.16994543441772464,False,REGULAR,USD,call,2026-12-31,219,745.6400146484375,1.0729037930953755,19.155,0.004698512137823015
SPY261231C00805000,2026-05-22 17:21:10+00:00,805.0,18.06,17.33,17.42,1.7600002,10.797548,6.0,1065.0,0.1677558200836182,False,REGULAR,USD,call,2026-12-31,219,745.6400146484375,1.0796094418022217,17.375,0.00517985611510811
SPY261231C00810000,2026-05-22 14:49:51+00:00,810.0,16.0,15.69,15.77,1.46,10.0412655,1.0,3123.0,0.16571879211425783,False,REGULAR,USD,call,2026-12-31,219,745.6400146484375,1.0863150905090677,15.73,0.005085823267641454
SPY261231C00815000,2026-05-22 17:49:31+00:00,815.0,14.92,14.18,14.26,1.8900003,14.504992,4.0,3602.0,0.1638877557373047,False,REGULAR,USD,call,2026-12-31,219,745.6400146484375,1.093020739215914,14.219999999999999,0.005625879043600568
SPY261231C00820000,2026-05-22 20:13:51+00:00,820.0,12.83,12.78,12.86,0.8699999,7.274246,82.0,930.0,0.16214827117919922,False,REGULAR,USD,call,2026-12-31,219,745.6400146484375,1.09972638792276,12.82,0.006240249609984405
SPY261231C00825000,2026-05-22 19:15:58+00:00,825.0,11.64,11.51,11.59,0.9800005,9.193251,10.0,2463.0,0.1606224075317383,False,REGULAR,USD,call,2026-12-31,219,745.6400146484375,1.106432036629606,11.55,0.0069264069264069325
SPY261231C00830000,2026-05-22 16:02:51+00:00,830.0,11.0,10.35,10.42,1.6199999,17.270786,5.0,1018.0,0.15917283706665042,False,REGULAR,USD,call,2026-12-31,219,745.6400146484375,1.113137685336452,10.385,0.006740491092922512
SPY261231C00835000,2026-05-22 15:40:22+00:00,835.0,9.93,9.29,9.36,3.2300005,48.208965,1.0,2637.0,0.15789111160278319,False,REGULAR,USD,call,2026-12-31,219,745.6400146484375,1.1198433340432983,9.325,0.007506702412868663
SPY261231C00840000,2026-05-22 18:53:04+00:00,840.0,8.64,8.32,8.39,1.1300001,15.046605,1.0,947.0,0.15668567932128907,False,REGULAR,USD,call,2026-12-31,219,745.6400146484375,1.1265489827501443,8.355,0.008378216636744498
SPY261231C00845000,2026-05-22 17:04:54+00:00,845.0,7.95,7.44,7.52,1.29,19.36937,1.0,1284.0,0.15565572135925293,False,REGULAR,USD,call,2026-12-31,219,745.6400146484375,1.1332546314569905,7.48,0.010695187165775291
SPY261231C00850000,2026-05-22 19:09:23+00:00,850.0,6.76,6.65,6.72,1.2700005,23.132978,111.0,18915.0,0.15462576339721684,False,REGULAR,USD,call,2026-12-31,219,745.6400146484375,1.1399602801638364,6.6850000000000005,0.010471204188481584
SPY261231C00855000,2026-05-11 17:16:49+00:00,855.0,5.85,5.93,6.0,0.0,0.0,95.0,531.0,0.15372550384521483,False,REGULAR,USD,call,2026-12-31,219,745.6400146484375,1.1466659288706826,5.965,0.011735121542330309
SPY261231C00860000,2026-05-22 20:06:45+00:00,860.0,5.29,5.28,5.34,0.80999994,18.080355,10.0,1996.0,0.1528099856567383,False,REGULAR,USD,call,2026-12-31,219,745.6400146484375,1.1533715775775288,5.3100000000000005,0.011299435028248513
SPY261231C00865000,2026-05-21 13:57:55+00:00,865.0,3.89,4.69,4.75,0.0,0.0,7.0,459.0,0.15200127792358398,False,REGULAR,USD,call,2026-12-31,219,745.6400146484375,1.1600772262843748,4.720000000000001,0.012711864406779577
SPY261231C00870000,2026-05-15 13:46:07+00:00,870.0,4.3,4.16,4.22,0.0,0.0,8.0,1319.0,0.15126886337280276,False,REGULAR,USD,call,2026-12-31,219,745.6400146484375,1.166782874991221,4.1899999999999995,0.01431980906921232
SPY261231C00875000,2026-05-22 18:03:35+00:00,875.0,3.97,3.68,3.74,-0.08000016,-1.9753126,5.0,44.0,0.1505517074584961,False,REGULAR,USD,call,2026-12-31,219,745.6400146484375,1.173488523698067,3.71,0.01617250673854449
SPY261231C00880000,2026-05-22 19:49:55+00:00,880.0,3.25,3.26,3.32,1.04,47.058823,2.0,226.0,0.1500023965454102,False,REGULAR,USD,call,2026-12-31,219,745.6400146484375,1.1801941724049132,3.29,0.018237082066869317
SPY261231C00885000,2026-05-22 19:37:52+00:00,885.0,2.9,2.88,2.94,0.58000016,25.00001,5.0,316.0,0.14945308563232423,False,REGULAR,USD,call,2026-12-31,219,745.6400146484375,1.1868998211117592,2.91,0.020618556701030945
SPY261231C00890000,2026-05-21 15:59:03+00:00,890.0,2.06,2.55,2.6,0.0,0.0,5.0,414.0,0.1489342919921875,False,REGULAR,USD,call,2026-12-31,219,745.6400146484375,1.1936054698186054,2.575,0.019417475728155442
SPY261231C00895000,2026-05-22 17:11:31+00:00,895.0,2.5,2.25,2.3,0.43000007,20.772951,14.0,653.0,0.14850705017089844,False,REGULAR,USD,call,2026-12-31,219,745.6400146484375,1.2003111185254514,2.275,0.0219780219780219
SPY261231C00900000,2026-05-22 20:03:35+00:00,900.0,1.98,1.98,2.03,0.22000003,12.500002,283.0,4053.0,0.1480798083496094,False,REGULAR,USD,call,2026-12-31,219,745.6400146484375,1.2070167672322976,2.005,0.02493765586034904
SPY261231C00905000,2026-05-14 14:56:00+00:00,905.0,2.71,1.75,1.8,0.0,0.0,,46.0,0.14786618743896485,False,REGULAR,USD,call,2026-12-31,219,745.6400146484375,1.2137224159391435,1.775,0.028169014084507067
SPY261231C00910000,2026-05-22 13:30:00+00:00,910.0,1.54,1.54,1.59,0.31999993,26.2295,1.0,109.0,0.1475915319824219,False,REGULAR,USD,call,2026-12-31,219,745.6400146484375,1.2204280646459897,1.565,0.03194888178913741
SPY261231C00915000,2026-05-20 15:15:35+00:00,915.0,1.15,1.36,1.41,0.0,0.0,1.0,3.0,0.147469462890625,False,REGULAR,USD,call,2026-12-31,219,745.6400146484375,1.2271337133528357,1.385,0.03610108303249085
SPY261231C00920000,2026-05-21 18:30:04+00:00,920.0,1.13,1.21,1.25,0.0,0.0,3.0,74.0,0.14740842834472656,False,REGULAR,USD,call,2026-12-31,219,745.6400146484375,1.233839362059682,1.23,0.032520325203252064
SPY261231C00925000,2026-05-22 19:29:04+00:00,925.0,1.1,1.07,1.1,0.049999952,4.7619,1.0,2.0,0.1471642901611328,False,REGULAR,USD,call,2026-12-31,219,745.6400146484375,1.240545010766528,1.085,0.027649769585253482
SPY261231C00930000,2026-05-22 18:04:27+00:00,930.0,1.07,0.94,0.98,0.03000009,2.8846242,7.0,30.0,0.14725584197998048,False,REGULAR,USD,call,2026-12-31,219,745.6400146484375,1.247250659473374,0.96,0.041666666666666706
SPY261231C00940000,2026-05-22 19:47:27+00:00,940.0,0.75,0.75,0.78,0.060000002,8.695652,2.0,21.0,0.1475915319824219,False,REGULAR,USD,call,2026-12-31,219,745.6400146484375,1.2606619568870663,0.765,0.03921568627450984
SPY270115C00525000,2026-05-18 13:30:18+00:00,525.0,229.46,233.36,236.84,0.0,0.0,1.0,254.0,0.41983612396240233,True,REGULAR,USD,call,2027-01-15,234,745.6400146484375,0.7040931142188402,235.10000000000002,0.014802211824755378
SPY270115C00530000,2026-05-22 14:28:22+00:00,530.0,229.53,228.7,232.22,9.529999,4.3318176,2.0,247.0,0.4147855152893066,True,REGULAR,USD,call,2027-01-15,234,745.6400146484375,0.7107987629256863,230.45999999999998,0.015273800225635731
SPY270115C00535000,2026-05-20 18:41:02+00:00,535.0,220.26,224.04,227.52,0.0,0.0,4.0,155.0,0.4090024920654296,True,REGULAR,USD,call,2027-01-15,234,745.6400146484375,0.7175044116325324,225.78,0.01541323412171148
SPY270115C00540000,2026-05-19 15:40:56+00:00,540.0,209.14,219.4,222.82,0.0,0.0,1.0,189.0,0.40320421020507813,True,REGULAR,USD,call,2027-01-15,234,745.6400146484375,0.7242100603393785,221.11,0.015467414409117575
SPY270115C00545000,2026-05-22 19:12:45+00:00,545.0,217.19,214.76,218.18,4.0899963,1.919285,1.0,96.0,0.3978484288024902,True,REGULAR,USD,call,2027-01-15,234,745.6400146484375,0.7309157090462246,216.47,0.01579895597542392
SPY270115C00550000,2026-05-22 14:43:42+00:00,550.0,211.52,210.14,213.56,2.5200043,1.2057437,2.0,2948.0,0.3926147164916992,True,REGULAR,USD,call,2027-01-15,234,745.6400146484375,0.7376213577530707,211.85,0.01614349775784761
SPY270115C00555000,2026-05-22 18:10:11+00:00,555.0,208.36,205.53,208.95,5.1399994,2.5292783,1.0,167.0,0.38741152145385743,True,REGULAR,USD,call,2027-01-15,234,745.6400146484375,0.7443270064599168,207.24,0.016502605674580135
SPY270115C00560000,2026-05-21 18:55:50+00:00,560.0,197.0,200.93,204.35,0.0,0.0,1.0,271.0,0.38222358505249016,True,REGULAR,USD,call,2027-01-15,234,745.6400146484375,0.7510326551667629,202.64,0.01687722068693243
SPY270115C00565000,2026-05-20 14:15:12+00:00,565.0,187.0,196.35,199.76,0.0,0.0,1.0,189.0,0.3770661659240722,True,REGULAR,USD,call,2027-01-15,234,745.6400146484375,0.757738303873609,198.055,0.017217439600111063
SPY270115C00570000,2026-05-12 14:04:37+00:00,570.0,184.5,191.79,195.19,0.0,0.0,3.0,333.0,0.37198503997802734,True,REGULAR,USD,call,2027-01-15,234,745.6400146484375,0.764443952580455,193.49,0.01757196754354233
SPY270115C00575000,2026-05-21 19:46:50+00:00,575.0,185.57,187.23,190.63,0.0,0.0,1.0,2122.0,0.3669191726684571,True,REGULAR,USD,call,2027-01-15,234,745.6400146484375,0.7711496012873011,188.93,0.017996083205420028
SPY270115C00580000,2026-05-22 18:26:14+00:00,580.0,185.41,182.69,186.1,5.9100037,3.2924812,7.0,3311.0,0.36200589172363284,True,REGULAR,USD,call,2027-01-15,234,745.6400146484375,0.7778552499941473,184.39499999999998,0.018492909243743035
SPY270115C00585000,2026-05-22 18:26:14+00:00,585.0,180.89,178.17,181.56,6.4900055,3.7213337,17.0,1903.0,0.3569400244140625,True,REGULAR,USD,call,2027-01-15,234,745.6400146484375,0.7845608987009934,179.865,0.01884746893503469
SPY270115C00590000,2026-05-22 19:14:00+00:00,590.0,174.2,173.66,177.05,6.0,3.5671818,7.0,2164.0,0.3520114848327636,True,REGULAR,USD,call,2027-01-15,234,745.6400146484375,0.7912665474078395,175.35500000000002,0.019332211798922267
SPY270115C00595000,2026-05-22 18:26:13+00:00,595.0,171.85,169.17,172.56,9.440002,5.8124514,38.0,1009.0,0.3471439797973632,True,REGULAR,USD,call,2027-01-15,234,745.6400146484375,0.7979721961146856,170.865,0.019840224738828984
SPY270115C00600000,2026-05-22 19:36:11+00:00,600.0,166.44,164.7,168.09,6.3099976,3.9405465,18.0,2770.0,0.34232987998962394,True,REGULAR,USD,call,2027-01-15,234,745.6400146484375,0.8046778448215317,166.39499999999998,0.020373208329577303
SPY270115C00605000,2026-05-22 18:26:12+00:00,605.0,162.94,160.25,163.63,4.430008,2.7947814,5.0,1928.0,0.33749289222717294,True,REGULAR,USD,call,2027-01-15,234,745.6400146484375,0.8113834935283778,161.94,0.020871927874521398
SPY270115C00610000,2026-05-22 18:26:11+00:00,610.0,158.5,155.82,159.2,7.220001,4.772608,15.0,994.0,0.33275508560180667,True,REGULAR,USD,call,2027-01-15,234,745.6400146484375,0.8180891422352239,157.51,0.021458954986984927
SPY270115C00615000,2026-05-22 18:26:11+00:00,615.0,154.08,151.4,154.78,6.680008,4.531892,17.0,1834.0,0.3279943910217285,True,REGULAR,USD,call,2027-01-15,234,745.6400146484375,0.82479479094207,153.09,0.02207851590567637
SPY270115C00620000,2026-05-22 18:26:11+00:00,620.0,149.7,147.01,150.4,5.819992,4.045032,117.0,989.0,0.3233710241699218,True,REGULAR,USD,call,2027-01-15,234,745.6400146484375,0.8315004396489161,148.70499999999998,0.022796812481086816
SPY270115C00625000,2026-05-22 19:58:21+00:00,625.0,143.7,142.64,146.03,6.349991,4.6232185,118.0,3857.0,0.3187018814086914,True,REGULAR,USD,call,2027-01-15,234,745.6400146484375,0.8382060883557622,144.33499999999998,0.02348702670869862
SPY270115C00630000,2026-05-22 19:59:10+00:00,630.0,139.29,138.29,141.69,3.1399994,2.3062797,93.0,1660.0,0.31410903182983396,True,REGULAR,USD,call,2027-01-15,234,745.6400146484375,0.8449117370626082,139.99,0.02428744910350743
SPY270115C00635000,2026-05-22 18:26:09+00:00,635.0,136.6,133.97,137.37,7.779999,6.0394335,87.0,976.0,0.3095238115692138,True,REGULAR,USD,call,2027-01-15,234,745.6400146484375,0.8516173857694543,135.67000000000002,0.025060809316724445
SPY270115C00640000,2026-05-22 18:26:07+00:00,640.0,132.32,129.72,133.07,7.0500107,5.6278524,446.0,1239.0,0.30493859130859374,True,REGULAR,USD,call,2027-01-15,234,745.6400146484375,0.8583230344763004,131.39499999999998,0.025495642908786444
SPY270115C00645000,2026-05-22 19:12:45+00:00,645.0,128.19,125.41,128.79,7.510002,6.223071,1.0,995.0,0.300338112411499,True,REGULAR,USD,call,2027-01-15,234,745.6400146484375,0.8650286831831465,127.1,0.02659323367427219
SPY270115C00650000,2026-05-22 19:48:29+00:00,650.0,122.5,121.2,124.52,3.8600006,3.2535408,561.0,5611.0,0.29567659896850584,True,REGULAR,USD,call,2027-01-15,234,745.6400146484375,0.8717343318899926,122.86,0.027022627380758533
SPY270115C00655000,2026-05-21 16:13:11+00:00,655.0,113.13,116.95,120.34,0.0,0.0,19.0,845.0,0.29136603416442863,True,REGULAR,USD,call,2027-01-15,234,745.6400146484375,0.8784399805968387,118.64500000000001,0.02857263264360066
SPY270115C00660000,2026-05-22 18:45:45+00:00,660.0,115.09,112.76,116.16,3.0999985,2.7681031,7.0,7567.0,0.28691814163208,True,REGULAR,USD,call,2027-01-15,234,745.6400146484375,0.8851456293036849,114.46000000000001,0.029704700331993635
SPY270115C00665000,2026-05-22 19:01:56+00:00,665.0,111.04,108.65,112.02,6.790001,6.5131903,9.0,5566.0,0.28253128364562985,True,REGULAR,USD,call,2027-01-15,234,745.6400146484375,0.891851278010531,110.33500000000001,0.030543345266687724
SPY270115C00670000,2026-05-22 19:22:16+00:00,670.0,106.62,104.49,107.0,6.840004,6.8550854,919.0,3035.0,0.2736126106262207,True,REGULAR,USD,call,2027-01-15,234,745.6400146484375,0.8985569267173771,105.745,0.023736346872192587
SPY270115C00675000,2026-05-22 19:01:54+00:00,675.0,102.72,100.4,103.78,4.7700043,4.8698363,54.0,3536.0,0.2735286881256104,True,REGULAR,USD,call,2027-01-15,234,745.6400146484375,0.9052625754242232,102.09,0.033108041923792686
SPY270115C00680000,2026-05-22 19:35:23+00:00,680.0,97.89,96.34,98.5,3.1699982,3.346704,282.0,6629.0,0.26319859123229983,True,REGULAR,USD,call,2027-01-15,234,745.6400146484375,0.9119682241310693,97.42,0.022172038595770854
SPY270115C00685000,2026-05-22 18:58:08+00:00,685.0,94.78,92.32,95.0,3.5,3.834356,60.0,3150.0,0.2613599255371094,True,REGULAR,USD,call,2027-01-15,234,745.6400146484375,0.9186738728379154,93.66,0.028614136237454697
SPY270115C00690000,2026-05-22 17:19:59+00:00,690.0,90.6,88.38,91.63,3.199997,3.6613238,4.0,2296.0,0.25987983779907226,True,REGULAR,USD,call,2027-01-15,234,745.6400146484375,0.9253795215447614,90.005,0.03610910504971946
SPY270115C00695000,2026-05-22 19:50:06+00:00,695.0,84.13,84.45,87.49,0.5799942,0.6941882,16.0,2960.0,0.2545850909423829,True,REGULAR,USD,call,2027-01-15,234,745.6400146484375,0.9320851702516075,85.97,0.0353611725020355
SPY270115C00700000,2026-05-22 20:01:50+00:00,700.0,82.0,80.53,83.98,2.0199966,2.5256271,91.0,9112.0,0.2520063813781738,True,REGULAR,USD,call,2027-01-15,234,745.6400146484375,0.9387908189584536,82.255,0.041942739043219296
SPY270115C00705000,2026-05-22 19:50:06+00:00,705.0,79.63,76.69,79.97,6.5999985,9.03738,13.0,2472.0,0.2469405140686035,True,REGULAR,USD,call,2027-01-15,234,745.6400146484375,0.9454964676652997,78.33,0.041874122303076744
SPY270115C00710000,2026-05-22 17:03:12+00:00,710.0,76.48,72.94,76.22,3.790001,5.2139235,53.0,3090.0,0.24284357017517086,True,REGULAR,USD,call,2027-01-15,234,745.6400146484375,0.9522021163721458,74.58,0.043979619200858154
SPY270115C00715000,2026-05-22 19:41:11+00:00,715.0,70.43,69.28,72.49,1.9800034,2.8926275,4.0,2684.0,0.2386245571899414,True,REGULAR,USD,call,2027-01-15,234,745.6400146484375,0.9589077650789919,70.88499999999999,0.04528461592720596
SPY270115C00720000,2026-05-22 20:13:20+00:00,720.0,67.13,65.51,68.65,2.1299973,3.276919,22.0,5607.0,0.23371127624511717,True,REGULAR,USD,call,2027-01-15,234,745.6400146484375,0.965613413785838,67.08000000000001,0.0468097793679189
SPY270115C00725000,2026-05-22 19:21:47+00:00,725.0,63.62,61.91,65.4,2.4199982,3.954245,17.0,3123.0,0.2311173080444336,True,REGULAR,USD,call,2027-01-15,234,745.6400146484375,0.9723190624926841,63.655,0.054826800722645654
SPY270115C00730000,2026-05-22 19:32:41+00:00,730.0,60.0,58.44,61.44,2.1399994,3.698582,18.0,4170.0,0.22521984504699705,True,REGULAR,USD,call,2027-01-15,234,745.6400146484375,0.9790247111995302,59.94,0.05005005005005005
SPY270115C00735000,2026-05-22 19:31:42+00:00,735.0,56.4,55.1,58.13,1.9600029,3.6002994,40.0,1933.0,0.22184768638610838,True,REGULAR,USD,call,2027-01-15,234,745.6400146484375,0.9857303599063764,56.615,0.053519385321911174
SPY270115C00740000,2026-05-22 19:52:40+00:00,740.0,53.0,51.8,54.55,1.8600006,3.637076,77.0,3336.0,0.21706410385131836,True,REGULAR,USD,call,2027-01-15,234,745.6400146484375,0.9924360086132225,53.175,0.051716031969910675
SPY270115C00745000,2026-05-22 19:50:00+00:00,745.0,49.67,48.23,51.75,1.9299965,4.042724,255.0,4422.0,0.21527884338378905,True,REGULAR,USD,call,2027-01-15,234,745.6400146484375,0.9991416573200685,49.989999999999995,0.07041408281656339
SPY270115C00750000,2026-05-22 20:14:34+00:00,750.0,46.83,45.53,47.98,2.050003,4.577944,245.0,6087.0,0.20912198356628414,False,REGULAR,USD,call,2027-01-15,234,745.6400146484375,1.0058473060269146,46.754999999999995,0.052400812747299665
SPY270115C00755000,2026-05-22 18:56:29+00:00,755.0,44.43,42.55,44.77,2.869999,6.905676,5.0,4949.0,0.2050021517181396,False,REGULAR,USD,call,2027-01-15,234,745.6400146484375,1.0125529547337606,43.66,0.050847457627118786
SPY270115C00760000,2026-05-22 19:38:21+00:00,760.0,40.59,40.63,40.73,1.6800003,4.317657,23.0,3533.0,0.1970905487060547,False,REGULAR,USD,call,2027-01-15,234,745.6400146484375,1.0192586034406068,40.68,0.002458210422812053
SPY270115C00765000,2026-05-22 18:23:50+00:00,765.0,38.7,37.76,37.86,3.2600021,9.198652,162.0,4927.0,0.19371076072692875,False,REGULAR,USD,call,2027-01-15,234,745.6400146484375,1.0259642521474528,37.81,0.002644802962179355
SPY270115C00770000,2026-05-22 19:45:00+00:00,770.0,34.92,35.01,35.1,1.6299973,4.896357,144.0,5285.0,0.19042252456665043,False,REGULAR,USD,call,2027-01-15,234,745.6400146484375,1.032669900854299,35.055,0.002567394094993679
SPY270115C00775000,2026-05-22 18:35:06+00:00,775.0,33.15,32.37,32.46,3.6500015,12.372887,24.0,2575.0,0.18726398681640627,False,REGULAR,USD,call,2027-01-15,234,745.6400146484375,1.0393755495611452,32.415,0.0027764923646461026
SPY270115C00780000,2026-05-22 20:14:46+00:00,780.0,29.89,29.86,29.95,1.2699986,4.437451,44.0,3401.0,0.1842656647491455,False,REGULAR,USD,call,2027-01-15,234,745.6400146484375,1.0460811982679912,29.905,0.003009530178899845
SPY270115C00785000,2026-05-22 19:02:00+00:00,785.0,28.02,27.48,27.57,2.2700005,8.815536,150.0,1912.0,0.18141992904663085,False,REGULAR,USD,call,2027-01-15,234,745.6400146484375,1.0527868469748374,27.525,0.0032697547683923655
SPY270115C00790000,2026-05-22 19:51:22+00:00,790.0,25.12,25.22,25.31,1.5300007,6.4858017,153.0,2726.0,0.17867337448120119,False,REGULAR,USD,call,2027-01-15,234,745.6400146484375,1.0594924956816834,25.265,0.003562240253314857
SPY270115C00795000,2026-05-22 17:51:09+00:00,795.0,23.91,23.1,23.19,3.1399994,15.117955,51.0,4678.0,0.17611755287170414,False,REGULAR,USD,call,2027-01-15,234,745.6400146484375,1.0661981443885296,23.145000000000003,0.003888528839922223
SPY270115C00800000,2026-05-22 20:14:22+00:00,800.0,21.11,21.11,21.19,1.2600002,6.3476076,648.0,15689.0,0.17366091239929202,False,REGULAR,USD,call,2027-01-15,234,745.6400146484375,1.0729037930953755,21.15,0.003782505910165572
SPY270115C00805000,2026-05-22 18:39:29+00:00,805.0,19.85,19.24,19.33,1.9400005,10.83194,8.0,1699.0,0.1713950048828125,False,REGULAR,USD,call,2027-01-15,234,745.6400146484375,1.0796094418022217,19.284999999999997,0.004666839512574533
SPY270115C00810000,2026-05-22 20:04:51+00:00,810.0,17.46,17.51,17.59,1.2999992,8.04455,72.0,2995.0,0.1692511664581299,False,REGULAR,USD,call,2027-01-15,234,745.6400146484375,1.0863150905090677,17.55,0.004558404558404461
SPY270115C00815000,2026-05-22 19:37:45+00:00,815.0,15.94,15.9,15.98,0.3899994,2.5080345,13.0,3218.0,0.167275173034668,False,REGULAR,USD,call,2027-01-15,234,745.6400146484375,1.093020739215914,15.940000000000001,0.00501882057716437
SPY270115C00820000,2026-05-22 20:00:07+00:00,820.0,14.41,14.42,14.5,0.97000027,7.217264,295.0,3168.0,0.16548228324890138,False,REGULAR,USD,call,2027-01-15,234,745.6400146484375,1.09972638792276,14.46,0.005532503457814666
SPY270115C00825000,2026-05-22 19:50:53+00:00,825.0,13.06,13.06,13.13,0.9900007,8.20216,144.0,1599.0,0.16379620391845706,False,REGULAR,USD,call,2027-01-15,234,745.6400146484375,1.106432036629606,13.095,0.005345551737304336
SPY270115C00830000,2026-05-22 19:57:03+00:00,830.0,11.83,11.8,11.88,0.80999947,7.350267,29.0,2057.0,0.1623008575439453,False,REGULAR,USD,call,2027-01-15,234,745.6400146484375,1.113137685336452,11.84,0.006756756756756763
SPY270115C00835000,2026-05-22 19:34:37+00:00,835.0,10.7,10.66,10.73,0.8800001,8.961305,14.0,1263.0,0.16089706298828127,False,REGULAR,USD,call,2027-01-15,234,745.6400146484375,1.1198433340432983,10.695,0.0065451145395044675
SPY270115C00840000,2026-05-22 20:14:46+00:00,840.0,9.61,9.6,9.68,0.60999966,6.777774,11.0,3048.0,0.15963059616088865,False,REGULAR,USD,call,2027-01-15,234,745.6400146484375,1.1265489827501443,9.64,0.008298755186721999
SPY270115C00845000,2026-05-22 19:37:39+00:00,845.0,8.69,8.64,8.71,1.0199995,13.298559,7.0,3793.0,0.1583946466064453,False,REGULAR,USD,call,2027-01-15,234,745.6400146484375,1.1332546314569905,8.675,0.008069164265129715
SPY270115C00850000,2026-05-22 19:03:00+00:00,850.0,7.92,7.77,7.84,0.97000027,13.956839,448.0,12271.0,0.15734943000793458,False,REGULAR,USD,call,2027-01-15,234,745.6400146484375,1.1399602801638364,7.805,0.008968609865470888
SPY270115C00855000,2026-05-22 18:40:32+00:00,855.0,7.28,6.97,7.04,1.6000004,28.169022,4.0,7867.0,0.15633473068237308,False,REGULAR,USD,call,2027-01-15,234,745.6400146484375,1.1466659288706826,7.005,0.009992862241256286
SPY270115C00860000,2026-05-22 19:48:26+00:00,860.0,6.19,6.24,6.31,0.48000002,8.406305,19.0,5006.0,0.15537343658447267,False,REGULAR,USD,call,2027-01-15,234,745.6400146484375,1.1533715775775288,6.275,0.01115537848605568
SPY270115C00865000,2026-05-22 20:14:20+00:00,865.0,5.63,5.59,5.65,0.30999994,5.8270664,6.0,5437.0,0.15448843566894532,False,REGULAR,USD,call,2027-01-15,234,745.6400146484375,1.1600772262843748,5.62,0.010676156583629982
SPY270115C00870000,2026-05-22 19:55:32+00:00,870.0,5.01,4.99,5.05,1.0200002,25.563917,25.0,9006.0,0.15366446929931643,False,REGULAR,USD,call,2027-01-15,234,745.6400146484375,1.166782874991221,5.02,0.011952191235059684
SPY270115C00875000,2026-05-22 19:50:31+00:00,875.0,4.47,4.45,4.51,0.5799997,14.910017,10.0,7941.0,0.1529167961120606,False,REGULAR,USD,call,2027-01-15,234,745.6400146484375,1.173488523698067,4.48,0.013392857142857054
SPY270115C00880000,2026-05-22 19:57:53+00:00,880.0,4.02,3.96,4.02,0.5,14.204545,14.0,8711.0,0.15219964019775395,False,REGULAR,USD,call,2027-01-15,234,745.6400146484375,1.1801941724049132,3.9899999999999998,0.01503759398496231
SPY270115C00885000,2026-05-19 14:02:14+00:00,885.0,2.56,3.52,3.58,0.0,0.0,1.0,6568.0,0.15154351882934575,False,REGULAR,USD,call,2027-01-15,234,745.6400146484375,1.1868998211117592,3.55,0.01690140845070424
SPY270115C00890000,2026-05-22 17:11:31+00:00,890.0,3.44,3.13,3.19,0.6600001,23.74101,138.0,5191.0,0.15099420791625984,False,REGULAR,USD,call,2027-01-15,234,745.6400146484375,1.1936054698186054,3.16,0.018987341772151913
SPY270115C00895000,2026-05-22 17:11:31+00:00,895.0,3.07,2.78,2.83,0.78999996,34.64912,24.0,1881.0,0.15038386245727542,False,REGULAR,USD,call,2027-01-15,234,745.6400146484375,1.2003111185254514,2.8049999999999997,0.0178253119429591
SPY270115C00900000,2026-05-22 19:58:53+00:00,900.0,2.51,2.47,2.52,0.28999996,13.063061,186.0,20523.0,0.14997187927246097,False,REGULAR,USD,call,2027-01-15,234,745.6400146484375,1.2070167672322976,2.495,0.020040080160320568
SPY270115C00905000,2026-05-22 19:31:04+00:00,905.0,2.2,2.19,2.24,0.43000007,24.293789,6.0,1533.0,0.14957515472412108,False,REGULAR,USD,call,2027-01-15,234,745.6400146484375,1.2137224159391435,2.215,0.022573363431151364
SPY270115C00910000,2026-05-22 14:07:56+00:00,910.0,2.02,1.95,1.99,0.21000004,11.602213,7.0,4158.0,0.14920894744873048,False,REGULAR,USD,call,2027-01-15,234,745.6400146484375,1.2204280646459897,1.97,0.0203045685279188
SPY270115C00915000,2026-05-22 18:46:52+00:00,915.0,1.84,1.73,1.77,0.23000002,14.285715,21.0,432.0,0.1489342919921875,False,REGULAR,USD,call,2027-01-15,234,745.6400146484375,1.2271337133528357,1.75,0.022857142857142878
SPY270115C00920000,2026-05-18 17:28:24+00:00,920.0,1.26,1.54,1.58,0.0,0.0,1.0,236.0,0.14884274017333982,False,REGULAR,USD,call,2027-01-15,234,745.6400146484375,1.233839362059682,1.56,0.025641025641025664
SPY270115C00925000,2026-05-22 18:53:05+00:00,925.0,1.46,1.37,1.41,0.13,9.774435,23.0,689.0,0.1487511883544922,False,REGULAR,USD,call,2027-01-15,234,745.6400146484375,1.240545010766528,1.3900000000000001,0.02877697841726605
SPY270115C00930000,2026-05-22 16:02:32+00:00,930.0,1.4,1.22,1.25,0.41999996,42.857136,6.0,445.0,0.14850705017089844,False,REGULAR,USD,call,2027-01-15,234,745.6400146484375,1.247250659473374,1.2349999999999999,0.024291497975708527
SPY270115C00935000,2026-05-22 18:40:42+00:00,935.0,1.19,1.08,1.12,0.16000009,15.53399,10.0,455.0,0.14859860198974612,False,REGULAR,USD,call,2027-01-15,234,745.6400146484375,1.2539563081802203,1.1,0.03636363636363639
SPY270115C00940000,2026-05-22 18:06:57+00:00,940.0,1.08,0.97,1.0,0.39000005,56.521744,2.0,283.0,0.14859860198974612,False,REGULAR,USD,call,2027-01-15,234,745.6400146484375,1.2606619568870663,0.985,0.0304568527918782
SPY270115C00945000,2026-05-22 19:17:47+00:00,945.0,0.89,0.87,0.9,0.20999998,30.882349,19.0,165.0,0.14881222290039062,False,REGULAR,USD,call,2027-01-15,234,745.6400146484375,1.2673676055939125,0.885,0.03389830508474579
SPY270115C00950000,2026-05-22 19:48:26+00:00,950.0,0.78,0.78,0.81,0.01999998,2.6315765,193.0,1560.0,0.14905636108398437,False,REGULAR,USD,call,2027-01-15,234,745.6400146484375,1.2740732543007585,0.795,0.03773584905660381
SPY270115C00955000,2026-05-20 15:51:31+00:00,955.0,0.63,0.7,0.73,0.0,0.0,1.0,273.0,0.14936153381347655,False,REGULAR,USD,call,2027-01-15,234,745.6400146484375,1.2807789030076047,0.715,0.041958041958041994
SPY270115C00960000,2026-05-21 16:01:38+00:00,960.0,0.55,0.63,0.66,0.0,0.0,3.0,5655.0,0.14966670654296876,False,REGULAR,USD,call,2027-01-15,234,745.6400146484375,1.2874845517144506,0.645,0.046511627906976785
SPY270115C00965000,2026-05-22 13:44:35+00:00,965.0,0.66,0.57,0.59,0.15000004,29.411772,1.0,136.0,0.14978877563476564,False,REGULAR,USD,call,2027-01-15,234,745.6400146484375,1.2941902004212968,0.58,0.03448275862068969
SPY270319C00525000,2026-05-06 17:54:22+00:00,525.0,227.87,238.57,242.45,0.0,0.0,3.0,542.0,0.4139768075561523,True,REGULAR,USD,call,2027-03-19,297,745.6400146484375,0.7040931142188402,240.51,0.016132385347802567
SPY270319C00530000,2026-04-16 13:37:54+00:00,530.0,195.58,233.99,237.87,0.0,0.0,5.0,8.0,0.4089719747924804,True,REGULAR,USD,call,2027-03-19,297,745.6400146484375,0.7107987629256863,235.93,0.016445555885220172
SPY270319C00535000,2026-05-15 13:54:25+00:00,535.0,226.97,229.42,233.3,0.0,0.0,4.0,24.0,0.4039976593017578,True,REGULAR,USD,call,2027-03-19,297,745.6400146484375,0.7175044116325324,231.36,0.016770401106500795
SPY270319C00540000,2026-05-15 17:56:05+00:00,540.0,224.15,224.86,228.74,0.0,0.0,1.0,45.0,0.39905386108398444,True,REGULAR,USD,call,2027-03-19,297,745.6400146484375,0.7242100603393785,226.8,0.01710758377425042
SPY270319C00545000,2026-05-18 14:37:27+00:00,545.0,214.25,220.31,224.19,0.0,0.0,1.0,8.0,0.3941405801391602,True,REGULAR,USD,call,2027-03-19,297,745.6400146484375,0.7309157090462246,222.25,0.017457817772778383
SPY270319C00550000,2026-05-22 17:47:38+00:00,550.0,219.25,215.77,219.65,5.2100067,2.4341276,5.0,637.0,0.3892578164672852,True,REGULAR,USD,call,2027-03-19,297,745.6400146484375,0.7376213577530707,217.71,0.017821873133985557
SPY270319C00555000,2026-05-22 14:47:55+00:00,555.0,213.14,211.26,215.14,7.630005,3.712717,1.0,46.0,0.3845123805236816,True,REGULAR,USD,call,2027-03-19,297,745.6400146484375,0.7443270064599168,213.2,0.01819887429643525
SPY270319C00560000,2026-05-22 14:47:55+00:00,560.0,208.62,206.75,210.63,3.0299988,1.4738065,1.0,494.0,0.37973642730712887,True,REGULAR,USD,call,2027-03-19,297,745.6400146484375,0.7510326551667629,208.69,0.018592170204609685
SPY270319C00565000,2026-05-19 13:57:41+00:00,565.0,194.73,202.25,206.13,0.0,0.0,4.0,60.0,0.37496047409057615,True,REGULAR,USD,call,2027-03-19,297,745.6400146484375,0.757738303873609,204.19,0.01900190998579752
SPY270319C00570000,2026-05-18 19:33:16+00:00,570.0,190.67,197.78,201.66,0.0,0.0,1.0,56.0,0.37032184860229495,True,REGULAR,USD,call,2027-03-19,297,745.6400146484375,0.764443952580455,199.72,0.019427198077308208
SPY270319C00575000,2026-05-22 17:31:28+00:00,575.0,197.5,193.32,197.2,15.279999,8.385468,10.0,43.0,0.36568322311401363,True,REGULAR,USD,call,2027-03-19,297,745.6400146484375,0.7711496012873011,195.26,0.019870941309023844
SPY270319C00580000,2026-05-12 14:38:11+00:00,580.0,181.52,188.87,192.75,0.0,0.0,2.0,34.0,0.36105985626220705,True,REGULAR,USD,call,2027-03-19,297,745.6400146484375,0.7778552499941473,190.81,0.020334364027042584
SPY270319C00585000,2026-05-22 15:49:12+00:00,585.0,187.4,184.45,188.33,5.699997,3.1370375,1.0,31.0,0.35654329986572264,True,REGULAR,USD,call,2027-03-19,297,745.6400146484375,0.7845608987009934,186.39,0.020816567412414957
SPY270319C00590000,2026-05-22 15:49:12+00:00,590.0,182.99,180.04,183.92,19.990005,12.263807,1.0,75.0,0.3520114848327636,True,REGULAR,USD,call,2027-03-19,297,745.6400146484375,0.7912665474078395,181.98,0.021321024288383315
SPY270319C00595000,2026-05-18 15:49:18+00:00,595.0,169.9,175.65,179.53,0.0,0.0,2.0,87.0,0.34754070434570306,True,REGULAR,USD,call,2027-03-19,297,745.6400146484375,0.7979721961146856,177.59,0.021848077031364353
SPY270319C00600000,2026-05-22 15:49:11+00:00,600.0,174.22,171.28,175.16,3.0599976,1.7877994,1.0,490.0,0.3431004411315917,True,REGULAR,USD,call,2027-03-19,297,745.6400146484375,0.8046778448215317,173.22,0.022399261055305365
SPY270319C00605000,2026-05-22 15:49:12+00:00,605.0,169.95,166.93,170.81,5.949997,3.6280468,3.0,46.0,0.3386983245086669,True,REGULAR,USD,call,2027-03-19,297,745.6400146484375,0.8113834935283778,168.87,0.02297625392313611
SPY270319C00610000,2026-05-18 15:30:07+00:00,610.0,155.67,162.6,166.48,0.0,0.0,1.0,400.0,0.33432672515869144,True,REGULAR,USD,call,2027-03-19,297,745.6400146484375,0.8180891422352239,164.54,0.023580892184271274
SPY270319C00615000,2026-05-20 19:46:54+00:00,615.0,156.35,158.3,162.18,0.0,0.0,2.0,38.0,0.3300390483093261,True,REGULAR,USD,call,2027-03-19,297,745.6400146484375,0.82479479094207,160.24,0.0242136794807788
SPY270319C00620000,2026-05-22 19:40:38+00:00,620.0,155.0,154.01,157.89,2.0,1.3071896,1.0,148.0,0.3257208541870117,True,REGULAR,USD,call,2027-03-19,297,745.6400146484375,0.8315004396489161,155.95,0.024879769156780994
SPY270319C00625000,2026-05-22 14:49:29+00:00,625.0,151.69,149.75,153.63,2.9900055,2.0107636,5.0,675.0,0.3214636946105957,True,REGULAR,USD,call,2027-03-19,297,745.6400146484375,0.8382060883557622,151.69,0.02557848243127428
SPY270319C00630000,2026-05-22 19:17:03+00:00,630.0,149.14,145.51,149.34,5.6399994,3.930313,4.0,154.0,0.31697765548706053,True,REGULAR,USD,call,2027-03-19,297,745.6400146484375,0.8449117370626082,147.425,0.025979311514329403
SPY270319C00635000,2026-05-22 18:26:13+00:00,635.0,144.27,141.3,145.18,11.62001,8.759902,4.0,184.0,0.3130409272766113,True,REGULAR,USD,call,2027-03-19,297,745.6400146484375,0.8516173857694543,143.24,0.027087405752583043
SPY270319C00640000,2026-05-22 18:26:10+00:00,640.0,140.07,137.3,140.9,3.4200134,2.5027542,5.0,389.0,0.30843281906127923,True,REGULAR,USD,call,2027-03-19,297,745.6400146484375,0.8583230344763004,139.10000000000002,0.02588066139468004
SPY270319C00645000,2026-05-22 13:36:32+00:00,645.0,135.5,132.95,136.83,4.6799927,3.5774286,1.0,107.0,0.3047097117614746,True,REGULAR,USD,call,2027-03-19,297,745.6400146484375,0.8650286831831465,134.89,0.028764178219289973
SPY270319C00650000,2026-05-21 17:14:55+00:00,650.0,125.75,128.81,132.69,0.0,0.0,2.0,1166.0,0.30055936264038086,True,REGULAR,USD,call,2027-03-19,297,745.6400146484375,0.8717343318899926,130.75,0.029674952198852737
SPY270319C00655000,2026-05-20 16:44:59+00:00,655.0,122.0,124.71,128.59,0.0,0.0,3.0,567.0,0.29649293601989746,True,REGULAR,USD,call,2027-03-19,297,745.6400146484375,0.8784399805968387,126.65,0.030635609948677534
SPY270319C00660000,2026-05-22 18:39:31+00:00,660.0,123.55,120.63,124.46,7.550003,6.508623,1.0,872.0,0.29218237121582025,True,REGULAR,USD,call,2027-03-19,297,745.6400146484375,0.8851456293036849,122.54499999999999,0.0312538251254641
SPY270319C00665000,2026-05-22 17:28:32+00:00,665.0,120.0,116.58,120.46,7.9300003,7.075935,1.0,316.0,0.2883295655059813,True,REGULAR,USD,call,2027-03-19,297,745.6400146484375,0.891851278010531,118.52,0.032737090786365136
SPY270319C00670000,2026-05-22 19:22:16+00:00,670.0,114.88,112.57,116.45,3.290001,2.948294,3.0,228.0,0.28432417343139643,True,REGULAR,USD,call,2027-03-19,297,745.6400146484375,0.8985569267173771,114.50999999999999,0.033883503624137716
SPY270319C00675000,2026-05-22 16:23:22+00:00,675.0,111.55,108.58,112.46,5.970001,5.654481,16.0,767.0,0.28027300544738765,True,REGULAR,USD,call,2027-03-19,297,745.6400146484375,0.9052625754242232,110.52,0.03510676800579077
SPY270319C00680000,2026-05-22 15:50:40+00:00,680.0,107.76,104.67,108.39,2.130005,2.0164773,3.0,3031.0,0.2757717076873779,True,REGULAR,USD,call,2027-03-19,297,745.6400146484375,0.9119682241310693,106.53,0.034919740918051244
SPY270319C00685000,2026-05-22 15:49:08+00:00,685.0,103.75,100.71,104.59,6.4800034,6.6618724,2.0,1064.0,0.272269850616455,True,REGULAR,USD,call,2027-03-19,297,745.6400146484375,0.9186738728379154,102.65,0.03779834388699473
SPY270319C00690000,2026-05-22 20:06:23+00:00,690.0,97.68,96.86,100.66,1.2200012,1.2647742,5.0,1213.0,0.26808898422241206,True,REGULAR,USD,call,2027-03-19,297,745.6400146484375,0.9253795215447614,98.75999999999999,0.03847711624139325
SPY270319C00695000,2026-05-22 15:49:06+00:00,695.0,96.02,93.02,96.65,10.989998,12.924847,4.0,785.0,0.2634579880523682,True,REGULAR,USD,call,2027-03-19,297,745.6400146484375,0.9320851702516075,94.83500000000001,0.03827700743396435
SPY270319C00700000,2026-05-22 16:30:07+00:00,700.0,92.22,89.22,92.86,3.5299988,3.9801543,1.0,1746.0,0.2595746650695801,True,REGULAR,USD,call,2027-03-19,297,745.6400146484375,0.9387908189584536,91.03999999999999,0.03998242530755713
SPY270319C00705000,2026-05-22 18:20:16+00:00,705.0,88.27,85.44,89.32,3.2799988,3.8592763,12.0,1457.0,0.25653056709289557,True,REGULAR,USD,call,2027-03-19,297,745.6400146484375,0.9454964676652997,87.38,0.04440375371938654
SPY270319C00710000,2026-05-22 18:22:58+00:00,710.0,84.7,82.47,85.61,3.3299942,4.09241,1.0,1047.0,0.25264724411010747,True,REGULAR,USD,call,2027-03-19,297,745.6400146484375,0.9522021163721458,84.03999999999999,0.03736316039980962
SPY270319C00715000,2026-05-22 14:21:12+00:00,715.0,80.46,78.06,81.94,2.790001,3.5921216,5.0,1181.0,0.24876392112731935,True,REGULAR,USD,call,2027-03-19,297,745.6400146484375,0.9589077650789919,80.0,0.048499999999999946
SPY270319C00720000,2026-05-22 18:20:23+00:00,720.0,77.37,74.45,78.33,5.220001,7.2349286,13.0,770.0,0.2449340033721924,True,REGULAR,USD,call,2027-03-19,297,745.6400146484375,0.965613413785838,76.39,0.0507919884801675
SPY270319C00725000,2026-05-22 19:44:12+00:00,725.0,73.05,71.15,74.37,2.0200043,2.843875,17.0,678.0,0.23960110992431638,True,REGULAR,USD,call,2027-03-19,297,745.6400146484375,0.9723190624926841,72.76,0.044255085211654735
SPY270319C00730000,2026-05-22 17:15:56+00:00,730.0,70.12,67.7,71.27,5.25,8.093109,6.0,710.0,0.2373657196807861,True,REGULAR,USD,call,2027-03-19,297,745.6400146484375,0.9790247111995302,69.485,0.05137799525077345
SPY270319C00735000,2026-05-22 17:11:55+00:00,735.0,67.18,63.96,67.84,2.8799973,4.4790006,2.0,3702.0,0.23367312965393064,True,REGULAR,USD,call,2027-03-19,297,745.6400146484375,0.9857303599063764,65.9,0.05887708649468896
SPY270319C00740000,2026-05-22 16:48:11+00:00,740.0,63.81,61.12,64.15,3.800003,6.3322835,38.0,837.0,0.2288056246185303,True,REGULAR,USD,call,2027-03-19,297,745.6400146484375,0.9924360086132225,62.635000000000005,0.04837550890077445
SPY270319C00745000,2026-05-22 18:38:07+00:00,745.0,59.78,57.3,59.72,2.2799988,3.9652154,14.0,1877.0,0.22098557342529296,True,REGULAR,USD,call,2027-03-19,297,745.6400146484375,0.9991416573200685,58.51,0.041360451204922266
SPY270319C00750000,2026-05-22 19:52:56+00:00,750.0,55.82,54.48,56.35,1.3899994,2.5537376,44.0,1951.0,0.21691151748657228,False,REGULAR,USD,call,2027-03-19,297,745.6400146484375,1.0058473060269146,55.415,0.033745375800776044
SPY270319C00755000,2026-05-22 18:56:50+00:00,755.0,53.53,51.47,54.3,4.3600006,8.867197,4.0,1998.0,0.21751423362731934,False,REGULAR,USD,call,2027-03-19,297,745.6400146484375,1.0125529547337606,52.885,0.053512338092086574
SPY270319C00760000,2026-05-22 17:29:17+00:00,760.0,51.14,48.42,51.11,3.4300003,7.1892695,1.0,4384.0,0.21363853996276858,False,REGULAR,USD,call,2027-03-19,297,745.6400146484375,1.0192586034406068,49.765,0.05405405405405401
SPY270319C00765000,2026-05-22 19:24:02+00:00,765.0,47.04,46.84,46.95,1.7600021,3.8869307,74.0,2554.0,0.20591004058837886,False,REGULAR,USD,call,2027-03-19,297,745.6400146484375,1.0259642521474528,46.895,0.002345665849237646
SPY270319C00770000,2026-05-22 19:33:20+00:00,770.0,43.99,43.97,44.08,2.2200012,5.314822,54.0,2648.0,0.20270572692871092,False,REGULAR,USD,call,2027-03-19,297,745.6400146484375,1.032669900854299,44.025,0.0024985803520726733
SPY270319C00775000,2026-05-22 19:33:00+00:00,775.0,41.21,41.19,41.3,2.079998,5.3156095,79.0,7217.0,0.19957007713317873,False,REGULAR,USD,call,2027-03-19,297,745.6400146484375,1.0393755495611452,41.245,0.0026669899381743106
SPY270319C00780000,2026-05-22 19:42:27+00:00,780.0,38.3,38.52,38.63,2.3400002,6.5072308,56.0,3096.0,0.19655649642944334,False,REGULAR,USD,call,2027-03-19,297,745.6400146484375,1.0460811982679912,38.575,0.0028515878159429534
SPY270319C00785000,2026-05-22 20:06:21+00:00,785.0,35.86,35.95,36.06,3.1900024,9.7643175,117.0,1801.0,0.19362683822631838,False,REGULAR,USD,call,2027-03-19,297,745.6400146484375,1.0527868469748374,36.005,0.0030551312317733488
SPY270319C00790000,2026-05-22 18:47:35+00:00,790.0,34.13,33.49,33.6,4.2300014,14.147162,7.0,1649.0,0.19081161979675293,False,REGULAR,USD,call,2027-03-19,297,745.6400146484375,1.0594924956816834,33.545,0.003279177224623623
SPY270319C00795000,2026-05-22 14:42:19+00:00,795.0,31.45,31.14,31.24,2.0500011,6.9727926,4.0,4280.0,0.18807269454956055,False,REGULAR,USD,call,2027-03-19,297,745.6400146484375,1.0661981443885296,31.189999999999998,0.0032061558191727436
SPY270319C00800000,2026-05-22 19:36:50+00:00,800.0,29.01,28.9,29.0,2.630001,9.969679,79.0,15612.0,0.1854787263488769,False,REGULAR,USD,call,2027-03-19,297,745.6400146484375,1.0729037930953755,28.95,0.003454231433506094
SPY270319C00805000,2026-05-22 18:26:00+00:00,805.0,27.48,26.77,26.86,3.789999,15.998307,14.0,1719.0,0.18294579269409178,False,REGULAR,USD,call,2027-03-19,297,745.6400146484375,1.0796094418022217,26.814999999999998,0.0033563304120827844
SPY270319C00810000,2026-05-22 19:47:20+00:00,810.0,24.58,24.76,24.85,2.83,13.011495,5.0,1561.0,0.18060359199523926,False,REGULAR,USD,call,2027-03-19,297,745.6400146484375,1.0863150905090677,24.805,0.0036283007458173698
SPY270319C00815000,2026-05-22 17:27:59+00:00,815.0,23.7,22.85,22.94,2.08,9.620721,2.0,1842.0,0.1783300551605225,False,REGULAR,USD,call,2027-03-19,297,745.6400146484375,1.093020739215914,22.895000000000003,0.003930989298973568
SPY270319C00820000,2026-05-22 20:06:21+00:00,820.0,21.04,21.07,21.16,1.4800014,7.56647,156.0,24718.0,0.1762472512817383,False,REGULAR,USD,call,2027-03-19,297,745.6400146484375,1.09972638792276,21.115000000000002,0.004262372720814579
SPY270319C00825000,2026-05-22 16:12:55+00:00,825.0,20.18,19.39,19.47,2.9799995,17.325579,499.0,1530.0,0.17420259399414065,False,REGULAR,USD,call,2027-03-19,297,745.6400146484375,1.106432036629606,19.43,0.00411734431291808
SPY270319C00830000,2026-05-22 19:37:31+00:00,830.0,17.89,17.82,17.91,2.1999998,14.021669,27.0,2006.0,0.17237155761718753,False,REGULAR,USD,call,2027-03-19,297,745.6400146484375,1.113137685336452,17.865000000000002,0.005037783375314853
SPY270319C00835000,2026-05-22 17:28:14+00:00,835.0,17.31,16.36,16.44,2.1999998,14.559894,328.0,965.0,0.17060155578613284,False,REGULAR,USD,call,2027-03-19,297,745.6400146484375,1.1198433340432983,16.4,0.004878048780487918
SPY270319C00840000,2026-05-22 20:07:45+00:00,840.0,14.98,15.01,15.09,1.2299995,8.945451,60.0,2054.0,0.16902228691101076,False,REGULAR,USD,call,2027-03-19,297,745.6400146484375,1.1265489827501443,15.05,0.005315614617940204
SPY270319C00845000,2026-05-22 19:34:37+00:00,845.0,13.75,13.75,13.83,1.1700001,9.300478,2.0,330.0,0.16752694053649905,False,REGULAR,USD,call,2027-03-19,297,745.6400146484375,1.1332546314569905,13.79,0.005801305293691086
SPY270319C00850000,2026-05-22 19:59:31+00:00,850.0,12.7,12.59,12.66,1.1999998,10.434781,58.0,2219.0,0.16613077529907233,False,REGULAR,USD,call,2027-03-19,297,745.6400146484375,1.1399602801638364,12.625,0.005544554455445567
SPY270319C00855000,2026-05-21 18:55:52+00:00,855.0,10.16,11.51,11.58,0.0,0.0,1.0,1200.0,0.1648414205169678,False,REGULAR,USD,call,2027-03-19,297,745.6400146484375,1.1466659288706826,11.545,0.0060632308358597045
SPY270319C00860000,2026-05-22 20:08:45+00:00,860.0,10.49,10.51,10.58,0.8999996,9.384771,55.0,10005.0,0.16362835891723637,False,REGULAR,USD,call,2027-03-19,297,745.6400146484375,1.1533715775775288,10.545,0.006638217164532981
SPY270319C00865000,2026-05-18 17:10:06+00:00,865.0,8.15,9.59,9.66,0.0,0.0,16.0,2818.0,0.16252210777282713,False,REGULAR,USD,call,2027-03-19,297,745.6400146484375,1.1600772262843748,9.625,0.007272727272727302
SPY270319C00870000,2026-05-21 19:42:03+00:00,870.0,7.94,8.74,8.81,0.0,0.0,95.0,2765.0,0.1614768911743164,False,REGULAR,USD,call,2027-03-19,297,745.6400146484375,1.166782874991221,8.775,0.007977207977208009
SPY270319C00875000,2026-05-22 19:59:45+00:00,875.0,7.98,7.96,8.03,0.6999998,9.615382,9.0,4987.0,0.16053085571289064,False,REGULAR,USD,call,2027-03-19,297,745.6400146484375,1.173488523698067,7.994999999999999,0.008755472170106242
SPY270319C00880000,2026-05-22 19:45:05+00:00,880.0,7.19,7.24,7.3,0.5799999,8.774582,2.0,4679.0,0.1595543029785156,False,REGULAR,USD,call,2027-03-19,297,745.6400146484375,1.1801941724049132,7.27,0.008253094910591419
SPY270319C00885000,2026-05-21 18:24:36+00:00,885.0,6.08,6.58,6.64,0.0,0.0,1.0,1632.0,0.15871507797241213,False,REGULAR,USD,call,2027-03-19,297,745.6400146484375,1.1868998211117592,6.609999999999999,0.009077155824508262
SPY270319C00890000,2026-05-22 16:20:33+00:00,890.0,6.32,5.96,6.03,0.89000034,16.39043,95.0,1547.0,0.15789111160278319,False,REGULAR,USD,call,2027-03-19,297,745.6400146484375,1.1936054698186054,5.995,0.011676396997497961
SPY270319C00895000,2026-05-18 13:30:00+00:00,895.0,5.25,5.41,5.47,0.0,0.0,30.0,1533.0,0.15712817977905275,False,REGULAR,USD,call,2027-03-19,297,745.6400146484375,1.2003111185254514,5.4399999999999995,0.011029411764705812
SPY270319C00900000,2026-05-22 20:14:20+00:00,900.0,4.9,4.89,4.95,0.93000007,23.425694,93.0,2531.0,0.15633473068237308,False,REGULAR,USD,call,2027-03-19,297,745.6400146484375,1.2070167672322976,4.92,0.012195121951219613
SPY270319C00905000,2026-05-21 19:51:06+00:00,905.0,3.99,4.43,4.48,0.0,0.0,5.0,2281.0,0.15564809204101562,False,REGULAR,USD,call,2027-03-19,297,745.6400146484375,1.2137224159391435,4.455,0.011223344556678049
SPY270319C00910000,2026-05-21 14:01:12+00:00,910.0,3.45,4.0,4.06,0.0,0.0,22.0,2169.0,0.15506826385498051,False,REGULAR,USD,call,2027-03-19,297,745.6400146484375,1.2204280646459897,4.029999999999999,0.014888337468982535
SPY270319C00915000,2026-05-22 19:06:44+00:00,915.0,3.7,3.62,3.67,1.1200001,43.41086,10.0,344.0,0.1544731770324707,False,REGULAR,USD,call,2027-03-19,297,745.6400146484375,1.2271337133528357,3.645,0.013717421124828483
SPY270319C00920000,2026-05-14 15:40:39+00:00,920.0,4.74,3.27,3.32,0.0,0.0,4.0,418.0,0.15396964202880858,False,REGULAR,USD,call,2027-03-19,297,745.6400146484375,1.233839362059682,3.295,0.01517450682852802
SPY270319C00925000,2026-05-21 16:40:18+00:00,925.0,2.4,2.95,3.0,0.0,0.0,2.0,406.0,0.15348136566162113,False,REGULAR,USD,call,2027-03-19,297,745.6400146484375,1.240545010766528,2.975,0.01680672268907557
SPY270319C00930000,2026-05-15 16:02:09+00:00,930.0,2.86,2.67,2.71,0.0,0.0,1.0,376.0,0.15302360656738284,False,REGULAR,USD,call,2027-03-19,297,745.6400146484375,1.247250659473374,2.69,0.014869888475836444
SPY270319C00935000,2026-05-06 15:43:03+00:00,935.0,1.79,2.41,2.46,0.0,0.0,2.0,58.0,0.15277946838378909,False,REGULAR,USD,call,2027-03-19,297,745.6400146484375,1.2539563081802203,2.435,0.020533880903490686
SPY270319C00940000,2026-05-18 17:35:02+00:00,940.0,1.84,2.18,2.22,0.0,0.0,2.0,34.0,0.15241326110839848,False,REGULAR,USD,call,2027-03-19,297,745.6400146484375,1.2606619568870663,2.2,0.018181818181818195
SPY270319C00945000,2026-05-13 19:18:20+00:00,945.0,2.42,1.97,2.01,0.0,0.0,2.0,194.0,0.15216912292480472,False,REGULAR,USD,call,2027-03-19,297,745.6400146484375,1.2673676055939125,1.9899999999999998,0.020100502512562724
SPY270319C00950000,2026-05-22 19:21:47+00:00,950.0,1.84,1.8,1.83,0.38,26.027397,2.0,1205.0,0.15210808837890627,False,REGULAR,USD,call,2027-03-19,297,745.6400146484375,1.2740732543007585,1.815,0.016528925619834725
SPY270319C00955000,2026-05-18 15:56:57+00:00,955.0,1.44,1.62,1.66,0.0,0.0,2.0,40.0,0.1519860192871094,False,REGULAR,USD,call,2027-03-19,297,745.6400146484375,1.2807789030076047,1.6400000000000001,0.024390243902438907
SPY270319C00960000,2026-05-22 17:23:20+00:00,960.0,1.6,1.47,1.51,0.5400001,50.943405,2.0,58.0,0.15192498474121097,False,REGULAR,USD,call,2027-03-19,297,745.6400146484375,1.2874845517144506,1.49,0.02684563758389264
SPY270319C00965000,2026-05-15 14:18:54+00:00,965.0,1.63,1.34,1.37,0.0,0.0,39.0,53.0,0.1518639501953125,False,REGULAR,USD,call,2027-03-19,297,745.6400146484375,1.2941902004212968,1.355,0.02214022140221404
SPY270331C00525000,2026-05-01 13:39:26+00:00,525.0,219.11,238.83,242.71,0.0,0.0,1.0,1.0,0.4076749906921387,True,REGULAR,USD,call,2027-03-31,309,745.6400146484375,0.7040931142188402,240.77,0.016114964488931325
SPY270331C00530000,2026-03-30 16:33:28+00:00,530.0,141.0,224.44,228.32,0.0,0.0,,1.0,0.33103085968017576,True,REGULAR,USD,call,2027-03-31,309,745.6400146484375,0.7107987629256863,226.38,0.01713932326177222
SPY270331C00540000,2026-04-22 15:03:27+00:00,540.0,194.75,225.15,229.03,0.0,0.0,1.0,1.0,0.39314876876831056,True,REGULAR,USD,call,2027-03-31,309,745.6400146484375,0.7242100603393785,227.09,0.017085736932493704
SPY270331C00545000,2026-04-17 16:01:25+00:00,545.0,191.54,220.62,224.5,0.0,0.0,1.0,1.0,0.3884262207794189,True,REGULAR,USD,call,2027-03-31,309,745.6400146484375,0.7309157090462246,222.56,0.01743350107836087
SPY270331C00550000,2026-05-06 19:35:38+00:00,550.0,207.55,216.1,219.98,0.0,0.0,1.0,15.0,0.3837189314270019,True,REGULAR,USD,call,2027-03-31,309,745.6400146484375,0.7376213577530707,218.04,0.017794900018345237
SPY270331C00555000,2026-05-01 14:56:42+00:00,555.0,193.12,211.59,215.47,0.0,0.0,1.0,1.0,0.37904215934753416,True,REGULAR,USD,call,2027-03-31,309,745.6400146484375,0.7443270064599168,213.53,0.018170748840912264
SPY270331C00560000,2026-04-29 13:58:40+00:00,560.0,177.75,207.09,210.97,0.0,0.0,1.0,1.0,0.3743730165863036,True,REGULAR,USD,call,2027-03-31,309,745.6400146484375,0.7510326551667629,209.03,0.018561928909725856
SPY270331C00570000,2026-05-11 14:17:54+00:00,570.0,194.29,198.15,202.03,0.0,0.0,1.0,7.0,0.36525598129272463,True,REGULAR,USD,call,2027-03-31,309,745.6400146484375,0.764443952580455,200.09,0.019391273926732948
SPY270331C00575000,2026-04-29 18:52:28+00:00,575.0,164.38,193.7,197.58,0.0,0.0,1.0,7.0,0.36072416625976556,True,REGULAR,USD,call,2027-03-31,309,745.6400146484375,0.7711496012873011,195.64,0.01983234512369671
SPY270331C00580000,2026-04-14 14:38:53+00:00,580.0,143.61,182.97,186.5,0.0,0.0,7.0,1.0,0.31771007003784174,True,REGULAR,USD,call,2027-03-31,309,745.6400146484375,0.7778552499941473,184.735,0.019108452648388237
SPY270331C00585000,2026-04-14 14:55:46+00:00,585.0,140.05,178.62,182.0,0.0,0.0,,1.0,0.31349105705261227,True,REGULAR,USD,call,2027-03-31,309,745.6400146484375,0.7845608987009934,180.31,0.01874549387166544
SPY270331C00590000,2026-05-22 18:27:07+00:00,590.0,183.24,180.47,184.35,24.65001,15.543231,1.0,3.0,0.3474796697998046,True,REGULAR,USD,call,2027-03-31,309,745.6400146484375,0.7912665474078395,182.41,0.021270763664272767
SPY270331C00592000,2026-04-16 17:01:30+00:00,592.0,142.73,178.71,182.59,0.0,0.0,2.0,1.0,0.34569440933227535,True,REGULAR,USD,call,2027-03-31,309,745.6400146484375,0.7939488068905779,180.65,0.021477996125103767
SPY270331C00593000,2026-04-16 14:05:59+00:00,593.0,141.6,177.84,181.72,0.0,0.0,,1.0,0.3448551843261719,True,REGULAR,USD,call,2027-03-31,309,745.6400146484375,0.7952899366319471,179.78,0.021581933474246275
SPY270331C00594000,2026-04-16 15:31:42+00:00,594.0,141.75,176.96,180.84,0.0,0.0,,1.0,0.34395492477416995,True,REGULAR,USD,call,2027-03-31,309,745.6400146484375,0.7966310663733164,178.9,0.021688093907210704
SPY270331C00595000,2026-05-22 18:30:56+00:00,595.0,178.99,176.09,179.97,43.450012,32.05697,1.0,1.0,0.3431004411315917,True,REGULAR,USD,call,2027-03-31,309,745.6400146484375,0.7979721961146856,178.03,0.02179407964949725
SPY270331C00597000,2026-05-06 18:33:00+00:00,597.0,165.89,174.35,178.23,0.0,0.0,,3.0,0.3413991031646729,True,REGULAR,USD,call,2027-03-31,309,745.6400146484375,0.800654455597424,176.29,0.02200918940382322
SPY270331C00598000,2026-05-22 18:30:56+00:00,598.0,176.35,173.47,177.35,7.1399994,4.2196083,1.0,1.0,0.34049121429443363,True,REGULAR,USD,call,2027-03-31,309,745.6400146484375,0.8019955853387932,175.41,0.022119605495695773
SPY270331C00599000,2026-05-12 18:57:50+00:00,599.0,167.3,172.6,176.48,0.0,0.0,3.0,3.0,0.3396291013336181,True,REGULAR,USD,call,2027-03-31,309,745.6400146484375,0.8033367150801625,174.54,0.022229861349833825
SPY270331C00600000,2026-05-22 17:57:44+00:00,600.0,175.0,171.74,174.0,5.25,3.0927835,3.0,29.0,0.33029081581115727,True,REGULAR,USD,call,2027-03-31,309,745.6400146484375,0.8046778448215317,172.87,0.013073407763058893
SPY270331C00601000,2026-05-08 19:37:27+00:00,601.0,165.94,170.87,174.75,0.0,0.0,1.0,12.0,0.3379506513214111,True,REGULAR,USD,call,2027-03-31,309,745.6400146484375,0.806018974562901,172.81,0.022452404374746805
SPY270331C00602000,2026-05-06 19:54:55+00:00,602.0,162.93,170.0,173.88,0.0,0.0,7.0,7.0,0.33708853836059577,True,REGULAR,USD,call,2027-03-31,309,745.6400146484375,0.8073601043042701,171.94,0.02256601139932532
SPY270331C00603000,2026-04-23 19:40:43+00:00,603.0,140.77,169.13,173.01,0.0,0.0,,1.0,0.3362187960815429,True,REGULAR,USD,call,2027-03-31,309,745.6400146484375,0.8087012340456393,171.07,0.022680773952183292
SPY270331C00604000,2026-04-22 15:04:24+00:00,604.0,139.42,168.27,172.15,0.0,0.0,1.0,1.0,0.33539482971191403,True,REGULAR,USD,call,2027-03-31,309,745.6400146484375,0.8100423637870086,170.21,0.022795370424769375
SPY270331C00605000,2026-05-08 14:25:11+00:00,605.0,162.54,167.4,171.28,0.0,0.0,7.0,7.0,0.33451745811462397,True,REGULAR,USD,call,2027-03-31,309,745.6400146484375,0.8113834935283778,169.34,0.022912483760481845
SPY270331C00607000,2026-04-24 18:17:27+00:00,607.0,138.8,165.67,169.55,0.0,0.0,1.0,1.0,0.33280086151123045,True,REGULAR,USD,call,2027-03-31,309,745.6400146484375,0.8140657530111162,167.61,0.023148976791361037
SPY270331C00608000,2026-05-06 14:21:34+00:00,608.0,154.23,164.81,168.69,0.0,0.0,1.0,2.0,0.3319692658233643,True,REGULAR,USD,call,2027-03-31,309,745.6400146484375,0.8154068827524854,166.75,0.02326836581709143
SPY270331C00609000,2026-05-13 17:54:18+00:00,609.0,165.03,163.95,167.83,0.0,0.0,1.0,1.0,0.33113767013549805,True,REGULAR,USD,call,2027-03-31,309,745.6400146484375,0.8167480124938546,165.89,0.023388992706010154
SPY270331C00610000,2026-05-15 18:36:46+00:00,610.0,162.0,163.09,166.97,0.0,0.0,4.0,8.0,0.33029081581115727,True,REGULAR,USD,call,2027-03-31,309,745.6400146484375,0.8180891422352239,165.03,0.02351087681027689
SPY270331C00611000,2026-05-14 14:50:21+00:00,611.0,167.05,162.23,166.11,0.0,0.0,1.0,1.0,0.3294515908050536,True,REGULAR,USD,call,2027-03-31,309,745.6400146484375,0.8194302719765931,164.17000000000002,0.023634037887555727
SPY270331C00612000,2026-04-08 18:35:44+00:00,612.0,106.31,155.46,159.34,0.0,0.0,,2.0,0.29827056716918937,True,REGULAR,USD,call,2027-03-31,309,745.6400146484375,0.8207714017179624,157.4,0.024650571791613694
SPY270331C00615000,2026-05-14 16:20:19+00:00,615.0,164.9,158.8,162.68,0.0,0.0,7.0,17.0,0.3260946907806396,True,REGULAR,USD,call,2027-03-31,309,745.6400146484375,0.82479479094207,160.74,0.024138360084608654
SPY270331C00617000,2026-05-06 13:31:59+00:00,617.0,144.97,157.09,160.97,0.0,0.0,2.0,3.0,0.3244238700866699,True,REGULAR,USD,call,2027-03-31,309,745.6400146484375,0.8274770504248085,159.03,0.024397912343582944
SPY270331C00618000,2026-05-01 15:28:30+00:00,618.0,139.09,156.23,160.11,0.0,0.0,2.0,0.0,0.32355412780761705,True,REGULAR,USD,call,2027-03-31,309,745.6400146484375,0.8288181801661776,158.17000000000002,0.02453056837579834
SPY270331C00619000,2026-04-09 18:06:33+00:00,619.0,105.12,149.57,153.0,0.0,0.0,,1.0,0.29135840484619135,True,REGULAR,USD,call,2027-03-31,309,745.6400146484375,0.8301593099075468,151.285,0.022672439435502574
SPY270331C00620000,2026-05-21 16:11:42+00:00,620.0,152.5,154.53,158.41,0.0,0.0,1.0,15.0,0.32191382438659666,True,REGULAR,USD,call,2027-03-31,309,745.6400146484375,0.8315004396489161,156.47,0.024797085703329683
SPY270331C00621000,2026-04-27 16:36:53+00:00,621.0,129.54,153.68,157.56,0.0,0.0,6.0,7.0,0.32108985801696766,True,REGULAR,USD,call,2027-03-31,309,745.6400146484375,0.8328415693902853,155.62,0.02493252795270528
SPY270331C00622000,2026-05-12 14:46:51+00:00,622.0,146.08,152.83,156.71,0.0,0.0,1.0,1.0,0.3202582623291015,True,REGULAR,USD,call,2027-03-31,309,745.6400146484375,0.8341826991316545,154.77,0.02506945790527877
SPY270331C00623000,2026-04-09 18:01:57+00:00,623.0,101.64,146.22,150.0,0.0,0.0,,1.0,0.29050392120361324,True,REGULAR,USD,call,2027-03-31,309,745.6400146484375,0.8355238288730237,148.11,0.025521571804739726
SPY270331C00624000,2026-04-09 18:03:18+00:00,624.0,100.94,145.5,149.0,0.0,0.0,2.0,2.0,0.28900857482910147,True,REGULAR,USD,call,2027-03-31,309,745.6400146484375,0.8368649586143929,147.25,0.023769100169779286
SPY270331C00625000,2026-05-19 14:34:17+00:00,625.0,140.92,150.28,154.16,0.0,0.0,2.0,311.0,0.3177558459472656,True,REGULAR,USD,call,2027-03-31,309,745.6400146484375,0.8382060883557622,152.22,0.02548942320325841
SPY270331C00627000,2026-05-04 15:20:02+00:00,627.0,128.74,148.59,152.47,0.0,0.0,,1.0,0.3161079132080078,True,REGULAR,USD,call,2027-03-31,309,745.6400146484375,0.8408883478385006,150.53,0.025775592905068728
SPY270331C00628000,2026-05-04 15:51:20+00:00,628.0,127.0,147.74,151.62,0.0,0.0,,1.0,0.31526105888366684,True,REGULAR,USD,call,2027-03-31,309,745.6400146484375,0.8422294775798699,149.68,0.02592196686264027
SPY270331C00629000,2026-04-16 13:54:33+00:00,629.0,111.99,146.9,150.78,0.0,0.0,,10.0,0.31445998046874996,True,REGULAR,USD,call,2027-03-31,309,745.6400146484375,0.843570607321239,148.84,0.02606826122010209
SPY270331C00630000,2026-05-15 18:29:51+00:00,630.0,145.6,146.06,149.94,0.0,0.0,2.0,45.0,0.31365127273559573,True,REGULAR,USD,call,2027-03-31,309,745.6400146484375,0.8449117370626082,148.0,0.026216216216216184
SPY270331C00633000,2026-05-14 14:44:32+00:00,633.0,147.54,143.54,147.42,0.0,0.0,1.0,1.0,0.31120226158142084,True,REGULAR,USD,call,2027-03-31,309,745.6400146484375,0.848935126286716,145.48,0.02667033269177891
SPY270331C00635000,2026-05-22 17:51:38+00:00,635.0,145.16,141.89,145.7,2.3899994,1.6740206,4.0,9.0,0.3093635958862304,True,REGULAR,USD,call,2027-03-31,309,745.6400146484375,0.8516173857694543,143.795,0.02649605340936752
SPY270331C00637000,2026-05-01 18:44:31+00:00,637.0,122.3,140.19,144.07,0.0,0.0,1.0,0.0,0.3079292840576171,True,REGULAR,USD,call,2027-03-31,309,745.6400146484375,0.8542996452521928,142.13,0.027298951663969576
SPY270331C00638000,2026-04-20 13:53:57+00:00,638.0,112.86,139.36,143.24,0.0,0.0,5.0,5.0,0.30713583496093744,True,REGULAR,USD,call,2027-03-31,309,745.6400146484375,0.8556407749935621,141.3,0.027459306440198127
SPY270331C00639000,2026-04-20 13:38:23+00:00,639.0,111.99,138.52,142.4,0.0,0.0,10.0,10.0,0.306296609954834,True,REGULAR,USD,call,2027-03-31,309,745.6400146484375,0.8569819047349312,140.46,0.027623522711092093
SPY270331C00640000,2026-05-22 15:36:02+00:00,640.0,141.0,137.72,141.52,0.0,0.0,1.0,33.0,0.3052666519927979,True,REGULAR,USD,call,2027-03-31,309,745.6400146484375,0.8583230344763004,139.62,0.027216731127345732
SPY270331C00642000,2026-05-22 18:27:07+00:00,642.0,138.84,136.03,139.91,47.339996,51.7377,1.0,2.0,0.3038857453918457,True,REGULAR,USD,call,2027-03-31,309,745.6400146484375,0.8610052939590389,137.97,0.02812205551931576
SPY270331C00643000,2026-05-22 19:35:28+00:00,643.0,137.04,135.2,139.08,7.349991,5.6673536,1.0,2.0,0.30307703765869143,True,REGULAR,USD,call,2027-03-31,309,745.6400146484375,0.8623464237004081,137.14,0.028292256088668692
SPY270331C00644000,2026-05-14 14:59:15+00:00,644.0,139.57,134.37,138.25,0.0,0.0,2.0,18.0,0.3022607006072998,True,REGULAR,USD,call,2027-03-31,309,745.6400146484375,0.8636875534417774,136.31,0.028464529381556712
SPY270331C00645000,2026-05-08 14:23:29+00:00,645.0,129.26,133.55,137.43,0.0,0.0,1.0,3.0,0.3014901394653321,True,REGULAR,USD,call,2027-03-31,309,745.6400146484375,0.8650286831831465,135.49,0.02863679976382017
SPY270331C00646000,2026-04-30 18:36:54+00:00,646.0,114.08,132.72,136.6,0.0,0.0,,1.0,0.3006661730957031,True,REGULAR,USD,call,2027-03-31,309,745.6400146484375,0.8663698129245158,134.66,0.028813307589484596
SPY270331C00647000,2026-05-14 15:40:46+00:00,647.0,137.68,131.9,135.78,0.0,0.0,11.0,6.0,0.29988798263549804,True,REGULAR,USD,call,2027-03-31,309,745.6400146484375,0.867710942665885,133.84,0.02898983861326954
SPY270331C00648000,2026-04-08 13:40:10+00:00,648.0,79.96,125.69,129.5,0.0,0.0,1.0,3.0,0.27432213722229004,True,REGULAR,USD,call,2027-03-31,309,745.6400146484375,0.8690520724072542,127.595,0.029860104236059424
SPY270331C00649000,2026-05-01 14:54:55+00:00,649.0,113.95,130.25,134.13,0.0,0.0,4.0,15.0,0.29826293785095204,True,REGULAR,USD,call,2027-03-31,309,745.6400146484375,0.8703932021486235,132.19,0.029351690748165484
SPY270331C00650000,2026-05-14 15:23:20+00:00,650.0,135.74,129.43,133.31,0.0,0.0,1.0,220.0,0.29746948875427237,True,REGULAR,USD,call,2027-03-31,309,745.6400146484375,0.8717343318899926,131.37,0.02953490142346042
SPY270331C00651000,2026-04-23 18:01:55+00:00,651.0,101.68,128.61,132.49,0.0,0.0,1.0,1.0,0.2966684103393554,True,REGULAR,USD,call,2027-03-31,309,745.6400146484375,0.8730754616313618,130.55,0.029720413634622713
SPY270331C00652000,2026-05-06 19:06:06+00:00,652.0,120.57,127.79,131.67,0.0,0.0,2.0,3.0,0.2958673319244385,True,REGULAR,USD,call,2027-03-31,309,745.6400146484375,0.8744165913727311,129.73,0.029908271024435225
SPY270331C00653000,2026-04-17 13:38:31+00:00,653.0,99.5,126.97,130.85,0.0,0.0,1.0,3.0,0.2950662535095215,True,REGULAR,USD,call,2027-03-31,309,745.6400146484375,0.8757577211141003,128.91,0.030098518346132926
SPY270331C00654000,2026-04-02 18:40:27+00:00,654.0,63.96,118.25,122.13,0.0,0.0,4.0,4.0,0.25888802642822273,True,REGULAR,USD,call,2027-03-31,309,745.6400146484375,0.8770988508554696,120.19,0.03228221981862048
SPY270331C00655000,2026-05-14 14:31:56+00:00,655.0,128.71,125.34,129.22,0.0,0.0,1.0,21.0,0.29347935531616204,True,REGULAR,USD,call,2027-03-31,309,745.6400146484375,0.8784399805968387,127.28,0.030483972344437425
SPY270331C00656000,2026-04-17 15:11:01+00:00,656.0,100.09,124.53,128.41,0.0,0.0,2.0,18.0,0.29270879417419426,True,REGULAR,USD,call,2027-03-31,309,745.6400146484375,0.8797811103382079,126.47,0.030679212461453272
SPY270331C00657000,2026-05-04 18:21:33+00:00,657.0,104.52,123.71,127.59,0.0,0.0,2.0,6.0,0.29188482780456526,True,REGULAR,USD,call,2027-03-31,309,745.6400146484375,0.8811222400795772,125.65,0.030879426979705606
SPY270331C00658000,2026-04-09 16:02:29+00:00,658.0,74.99,117.68,121.56,0.0,0.0,1.0,3.0,0.2681423894500732,True,REGULAR,USD,call,2027-03-31,309,745.6400146484375,0.8824633698209464,119.62,0.03243604748369834
SPY270331C00659000,2026-04-20 13:42:52+00:00,659.0,98.12,122.09,125.97,0.0,0.0,1.0,2.0,0.2903131882476806,True,REGULAR,USD,call,2027-03-31,309,745.6400146484375,0.8838044995623157,124.03,0.031282754172377615
SPY270331C00660000,2026-05-19 15:21:13+00:00,660.0,112.11,121.28,125.16,0.0,0.0,1.0,63.0,0.28951973915100093,True,REGULAR,USD,call,2027-03-31,309,745.6400146484375,0.8851456293036849,123.22,0.03148839474111342
SPY270331C00661000,2026-04-21 14:52:38+00:00,661.0,95.28,120.48,124.36,0.0,0.0,2.0,3.0,0.28876443664550777,True,REGULAR,USD,call,2027-03-31,309,745.6400146484375,0.886486759045054,122.42,0.03169416761966995
SPY270331C00662000,2026-04-14 14:41:01+00:00,662.0,80.08,114.52,118.4,0.0,0.0,,1.0,0.26558656784057616,True,REGULAR,USD,call,2027-03-31,309,745.6400146484375,0.8878278887864233,116.46000000000001,0.03331616005495457
SPY270331C00664000,2026-05-14 14:31:01+00:00,664.0,122.02,118.06,121.94,0.0,0.0,1.0,1.0,0.28639171867370605,True,REGULAR,USD,call,2027-03-31,309,745.6400146484375,0.8905101482691617,120.0,0.0323333333333333
SPY270331C00665000,2026-05-21 16:23:47+00:00,665.0,113.43,117.26,121.14,0.0,0.0,15.0,49.0,0.2856211575317382,True,REGULAR,USD,call,2027-03-31,309,745.6400146484375,0.891851278010531,119.2,0.03255033557046976
SPY270331C00666000,2026-05-20 19:43:39+00:00,666.0,114.94,116.45,120.33,0.0,0.0,10.0,20.0,0.28479719116210933,True,REGULAR,USD,call,2027-03-31,309,745.6400146484375,0.8931924077519001,118.39,0.0327730382633668
SPY270331C00667000,2026-05-07 16:07:45+00:00,667.0,108.82,115.65,119.53,0.0,0.0,1.0,27.0,0.28401900070190417,True,REGULAR,USD,call,2027-03-31,309,745.6400146484375,0.8945335374932694,117.59,0.03299600306148478
SPY270331C00668000,2026-04-22 16:46:26+00:00,668.0,90.04,114.85,118.73,0.0,0.0,98.0,53.0,0.28323318092346184,True,REGULAR,USD,call,2027-03-31,309,745.6400146484375,0.8958746672346386,116.78999999999999,0.0332220224334276
SPY270331C00669000,2026-04-22 16:47:18+00:00,669.0,89.51,114.06,117.94,0.0,0.0,294.0,167.0,0.28248550773620607,True,REGULAR,USD,call,2027-03-31,309,745.6400146484375,0.8972157969760078,116.0,0.03344827586206893
SPY270331C00670000,2026-05-22 13:49:56+00:00,670.0,115.95,113.26,117.14,7.2299957,6.6501064,7.0,46.0,0.281684429321289,True,REGULAR,USD,call,2027-03-31,309,745.6400146484375,0.8985569267173771,115.2,0.03368055555555551
SPY270331C00671000,2026-05-18 16:39:51+00:00,671.0,106.46,112.46,116.34,0.0,0.0,1.0,183.0,0.28089098022460934,True,REGULAR,USD,call,2027-03-31,309,745.6400146484375,0.8998980564587462,114.4,0.033916083916084
SPY270331C00672000,2026-05-01 15:19:55+00:00,672.0,96.46,111.67,115.55,0.0,0.0,10.0,185.0,0.2801280484008788,True,REGULAR,USD,call,2027-03-31,309,745.6400146484375,0.9012391862001154,113.61,0.034151923246193074
SPY270331C00673000,2026-05-07 16:08:32+00:00,673.0,103.66,110.88,114.76,0.0,0.0,1.0,101.0,0.2793574872589111,True,REGULAR,USD,call,2027-03-31,309,745.6400146484375,0.9025803159414847,112.82,0.03439106541393379
SPY270331C00674000,2026-05-15 15:53:33+00:00,674.0,108.15,110.08,113.96,0.0,0.0,1.0,4.0,0.27854115020751957,True,REGULAR,USD,call,2027-03-31,309,745.6400146484375,0.9039214456828539,112.02,0.034636672022853025
SPY270331C00675000,2026-05-22 16:30:31+00:00,675.0,112.26,109.29,113.17,3.75,3.4559026,15.0,71.0,0.2777629597473144,True,REGULAR,USD,call,2027-03-31,309,745.6400146484375,0.9052625754242232,111.23,0.03488267553717518
SPY270331C00676000,2026-04-16 15:35:12+00:00,676.0,78.85,108.5,112.38,0.0,0.0,1.0,11.0,0.27698476928710936,True,REGULAR,USD,call,2027-03-31,309,745.6400146484375,0.9066037051655924,110.44,0.035132198478811986
SPY270331C00679000,2026-05-08 16:17:10+00:00,679.0,103.83,106.14,110.02,0.0,0.0,1.0,4.0,0.27465019790649414,True,REGULAR,USD,call,2027-03-31,309,745.6400146484375,0.9106270943897,108.08,0.03589933382679492
SPY270331C00680000,2026-05-21 13:30:04+00:00,680.0,102.07,105.36,109.19,0.0,0.0,1.0,22.0,0.2736812744903564,True,REGULAR,USD,call,2027-03-31,309,745.6400146484375,0.9119682241310693,107.275,0.035702633418783485
SPY270331C00685000,2026-05-21 19:58:18+00:00,685.0,100.88,101.46,105.29,0.0,0.0,30.0,85.0,0.26980558082580564,True,REGULAR,USD,call,2027-03-31,309,745.6400146484375,0.9186738728379154,103.375,0.03704957678355514
SPY270331C00690000,2026-05-22 13:40:18+00:00,690.0,100.82,97.6,101.43,3.8199997,3.938144,1.0,237.0,0.26595277511596677,True,REGULAR,USD,call,2027-03-31,309,745.6400146484375,0.9253795215447614,99.515,0.03848666030246709
SPY270331C00695000,2026-05-22 19:36:13+00:00,695.0,95.61,93.78,97.66,0.5999985,0.63151085,4.0,45.0,0.26232884895324715,True,REGULAR,USD,call,2027-03-31,309,745.6400146484375,0.9320851702516075,95.72,0.04053489343919761
SPY270331C00700000,2026-05-22 14:25:44+00:00,700.0,91.0,90.0,93.88,2.8600006,3.2448385,1.0,92.0,0.25851418983459484,True,REGULAR,USD,call,2027-03-31,309,745.6400146484375,0.9387908189584536,91.94,0.04220143571894709
SPY270331C00705000,2026-05-20 14:31:57+00:00,705.0,83.11,86.26,90.09,0.0,0.0,1.0,39.0,0.2545164270782472,True,REGULAR,USD,call,2027-03-31,309,745.6400146484375,0.9454964676652997,88.17500000000001,0.043436348171250326
SPY270331C00710000,2026-05-18 19:43:11+00:00,710.0,78.34,82.56,86.4,0.0,0.0,38.0,119.0,0.2507628025054931,True,REGULAR,USD,call,2027-03-31,309,745.6400146484375,0.9522021163721458,84.48,0.04545454545454549
SPY270331C00715000,2026-05-22 17:25:06+00:00,715.0,81.87,78.93,82.79,6.4900055,8.609718,6.0,1630.0,0.24714650566101073,True,REGULAR,USD,call,2027-03-31,309,745.6400146484375,0.9589077650789919,80.86000000000001,0.04773682908731139
SPY270331C00720000,2026-05-20 19:05:36+00:00,720.0,73.56,75.32,79.15,0.0,0.0,4.0,113.0,0.24325555335998536,True,REGULAR,USD,call,2027-03-31,309,745.6400146484375,0.965613413785838,77.235,0.04958891694180116
SPY270331C00725000,2026-05-21 16:22:59+00:00,725.0,69.76,71.77,75.61,0.0,0.0,9.0,187.0,0.23957059265136715,True,REGULAR,USD,call,2027-03-31,309,745.6400146484375,0.9723190624926841,73.69,0.05211019134210888
SPY270331C00730000,2026-05-22 14:25:15+00:00,730.0,69.6,68.29,72.17,4.709999,7.258436,6.0,448.0,0.23608399421691892,True,REGULAR,USD,call,2027-03-31,309,745.6400146484375,0.9790247111995302,70.23,0.055247045422184185
SPY270331C00735000,2026-05-22 18:19:41+00:00,735.0,67.78,64.94,68.75,5.8799973,9.499187,16.0,925.0,0.23248295600891114,True,REGULAR,USD,call,2027-03-31,309,745.6400146484375,0.9857303599063764,66.845,0.056997531602962115
SPY270331C00740000,2026-05-22 15:51:39+00:00,740.0,64.66,61.71,65.2,6.060005,10.341306,14.0,680.0,0.2282105377960205,True,REGULAR,USD,call,2027-03-31,309,745.6400146484375,0.9924360086132225,63.455,0.05499960602001422
SPY270331C00745000,2026-05-22 13:51:39+00:00,745.0,61.0,58.52,61.87,3.1599998,5.463347,1.0,104.0,0.2245484650421142,True,REGULAR,USD,call,2027-03-31,309,745.6400146484375,0.9991416573200685,60.195,0.055652462829138535
SPY270331C00750000,2026-05-22 19:51:27+00:00,750.0,56.9,55.02,58.9,4.760002,9.1292715,34.0,343.0,0.22199264343261715,False,REGULAR,USD,call,2027-03-31,309,745.6400146484375,1.0058473060269146,56.96,0.0681179775280898
SPY270331C00755000,2026-05-19 13:46:13+00:00,755.0,46.77,51.89,55.77,0.0,0.0,60.0,77.0,0.2186357434082031,False,REGULAR,USD,call,2027-03-31,309,745.6400146484375,1.0125529547337606,53.83,0.07207876648708904
SPY270331C00760000,2026-05-22 13:56:55+00:00,760.0,51.44,49.51,52.26,2.7199974,5.5829177,2.0,196.0,0.2136614279174805,False,REGULAR,USD,call,2027-03-31,309,745.6400146484375,1.0192586034406068,50.885,0.05404343126658151
SPY270331C00765000,2026-05-22 18:19:41+00:00,765.0,48.69,47.76,47.87,8.109997,19.985205,2.0,1944.0,0.20524628990173335,False,REGULAR,USD,call,2027-03-31,309,745.6400146484375,1.0259642521474528,47.815,0.002300533305448069
SPY270331C00770000,2026-05-22 16:30:31+00:00,770.0,45.86,44.88,45.0,3.0299988,7.0744777,20.0,161.0,0.20211826942443847,False,REGULAR,USD,call,2027-03-31,309,745.6400146484375,1.032669900854299,44.94,0.002670226969292333
SPY270331C00775000,2026-05-22 14:20:44+00:00,775.0,42.02,42.11,42.22,3.5800018,9.313221,1.0,374.0,0.199051283493042,False,REGULAR,USD,call,2027-03-31,309,745.6400146484375,1.0393755495611452,42.165,0.0026087987667496606
SPY270331C00780000,2026-05-22 18:33:27+00:00,780.0,40.24,39.43,39.54,2.710003,7.2208977,3.0,87.0,0.1960758493804932,False,REGULAR,USD,call,2027-03-31,309,745.6400146484375,1.0460811982679912,39.485,0.0027858680511586536
SPY270331C00785000,2026-05-15 14:57:21+00:00,785.0,36.87,36.86,36.96,0.0,0.0,47.0,69.0,0.19319959640502932,False,REGULAR,USD,call,2027-03-31,309,745.6400146484375,1.0527868469748374,36.91,0.0027092928745597786
SPY270331C00790000,2026-05-18 20:09:23+00:00,790.0,30.97,34.39,34.49,0.0,0.0,15.0,85.0,0.1904301538848877,False,REGULAR,USD,call,2027-03-31,309,745.6400146484375,1.0594924956816834,34.44,0.002903600464576116
SPY270331C00795000,2026-05-20 17:27:43+00:00,795.0,29.7,32.02,32.13,0.0,0.0,4.0,199.0,0.18778278045654295,False,REGULAR,USD,call,2027-03-31,309,745.6400146484375,1.0661981443885296,32.075,0.0034294621979734817
SPY270331C00800000,2026-05-22 20:09:11+00:00,800.0,29.7,29.77,29.87,1.4900017,5.2818213,23.0,246.0,0.18520407089233393,False,REGULAR,USD,call,2027-03-31,309,745.6400146484375,1.0729037930953755,29.82,0.003353454057679457
SPY270331C00805000,2026-05-14 17:04:34+00:00,805.0,31.43,27.62,27.72,0.0,0.0,7.0,107.0,0.18273980110168456,False,REGULAR,USD,call,2027-03-31,309,745.6400146484375,1.0796094418022217,27.67,0.0036140224069388456
SPY270331C00810000,2026-05-22 14:09:18+00:00,810.0,25.81,25.59,25.69,3.6399994,16.418581,2.0,149.0,0.18042048835754396,False,REGULAR,USD,call,2027-03-31,309,745.6400146484375,1.0863150905090677,25.64,0.003900156006240305
SPY270331C00815000,2026-05-19 16:27:06+00:00,815.0,19.53,23.66,23.76,0.0,0.0,4.0,96.0,0.17817746879577637,False,REGULAR,USD,call,2027-03-31,309,745.6400146484375,1.093020739215914,23.71,0.004217629692113092
SPY270331C00820000,2026-05-22 18:48:40+00:00,820.0,22.39,21.85,21.95,1.6899986,8.164244,18.0,353.0,0.1760870355987549,False,REGULAR,USD,call,2027-03-31,309,745.6400146484375,1.09972638792276,21.9,0.004566210045662003
SPY270331C00825000,2026-05-22 13:39:15+00:00,825.0,21.0,20.15,20.24,4.5200005,27.427187,1.0,49.0,0.17408052490234377,False,REGULAR,USD,call,2027-03-31,309,745.6400146484375,1.106432036629606,20.195,0.004456548650656096
SPY270331C00830000,2026-05-21 17:52:59+00:00,830.0,17.99,18.55,18.65,0.0,0.0,17.0,57.0,0.17224185920715335,False,REGULAR,USD,call,2027-03-31,309,745.6400146484375,1.113137685336452,18.6,0.0053763440860213904
SPY270331C00835000,2026-05-21 17:42:41+00:00,835.0,16.11,17.07,17.16,0.0,0.0,1.0,139.0,0.17051000396728522,False,REGULAR,USD,call,2027-03-31,309,745.6400146484375,1.1198433340432983,17.115000000000002,0.005258545135845741
SPY270331C00840000,2026-05-22 20:08:18+00:00,840.0,15.67,15.68,15.77,-2.9500008,-15.843183,15.0,197.0,0.168877329864502,False,REGULAR,USD,call,2027-03-31,309,745.6400146484375,1.1265489827501443,15.725,0.005723370429252773
SPY270331C00845000,2026-05-19 16:26:15+00:00,845.0,11.54,14.39,14.48,0.0,0.0,1.0,36.0,0.16737435417175295,False,REGULAR,USD,call,2027-03-31,309,745.6400146484375,1.1332546314569905,14.435,0.006234845860755099
SPY270331C00850000,2026-05-18 14:02:32+00:00,850.0,12.32,13.2,13.28,0.0,0.0,1.0,75.0,0.16596293029785159,False,REGULAR,USD,call,2027-03-31,309,745.6400146484375,1.1399602801638364,13.239999999999998,0.006042296072507559
SPY270331C00855000,2026-05-20 13:42:42+00:00,855.0,9.72,12.09,12.17,0.0,0.0,1.0,33.0,0.1646659461975098,False,REGULAR,USD,call,2027-03-31,309,745.6400146484375,1.1466659288706826,12.129999999999999,0.006595218466611713
SPY270331C00860000,2026-05-20 19:21:32+00:00,860.0,10.09,11.06,11.15,0.0,0.0,1.0,13.0,0.16349103118896485,False,REGULAR,USD,call,2027-03-31,309,745.6400146484375,1.1533715775775288,11.105,0.008104457451598365
SPY270331C00865000,2026-05-22 20:08:50+00:00,865.0,10.09,10.11,10.19,-0.2699995,-2.6061728,17.0,6.0,0.1623161161804199,False,REGULAR,USD,call,2027-03-31,309,745.6400146484375,1.1600772262843748,10.149999999999999,0.007881773399014786
SPY270331C00870000,2026-05-22 20:08:53+00:00,870.0,9.21,9.23,9.32,1.4900002,19.300522,11.0,418.0,0.16130904617309572,False,REGULAR,USD,call,2027-03-31,309,745.6400146484375,1.166782874991221,9.275,0.009703504043126669
SPY270331C00875000,2026-05-20 16:44:00+00:00,875.0,7.55,8.42,8.5,0.0,0.0,40.0,96.0,0.1602714588928223,False,REGULAR,USD,call,2027-03-31,309,745.6400146484375,1.173488523698067,8.46,0.009456264775413718
SPY270331C00880000,2026-05-22 15:42:38+00:00,880.0,8.14,7.68,7.75,0.9600005,13.3704815,1.0,153.0,0.1593254234313965,False,REGULAR,USD,call,2027-03-31,309,745.6400146484375,1.1801941724049132,7.715,0.009073233959818572
SPY270331C00885000,2026-05-19 18:48:17+00:00,885.0,5.56,6.99,7.06,0.0,0.0,6.0,19.0,0.15845568115234376,False,REGULAR,USD,call,2027-03-31,309,745.6400146484375,1.1868998211117592,7.025,0.009964412811387813
SPY270331C00890000,2026-05-20 18:44:13+00:00,890.0,5.74,6.35,6.43,0.0,0.0,1.0,56.0,0.15766223205566404,False,REGULAR,USD,call,2027-03-31,309,745.6400146484375,1.1936054698186054,6.39,0.012519561815336476
SPY270331C00895000,2026-05-21 19:36:01+00:00,895.0,5.25,5.77,5.84,0.0,0.0,4.0,713.0,0.1568230070495606,False,REGULAR,USD,call,2027-03-31,309,745.6400146484375,1.2003111185254514,5.805,0.01205857019810513
SPY270331C00900000,2026-05-22 19:54:44+00:00,900.0,5.27,5.24,5.31,0.90999985,20.871555,10.0,161.0,0.15613636840820314,False,REGULAR,USD,call,2027-03-31,309,745.6400146484375,1.2070167672322976,5.275,0.01327014218009467
SPY270331C00905000,2026-05-18 16:25:49+00:00,905.0,3.91,4.75,4.82,0.0,0.0,45.0,71.0,0.15544972976684573,False,REGULAR,USD,call,2027-03-31,309,745.6400146484375,1.2137224159391435,4.785,0.014629049111807792
SPY270331C00910000,2026-05-19 16:27:38+00:00,910.0,3.19,4.3,4.37,0.0,0.0,129.0,401.0,0.15479360839843753,False,REGULAR,USD,call,2027-03-31,309,745.6400146484375,1.2204280646459897,4.335,0.01614763552479822
SPY270331C00915000,2026-05-07 14:14:54+00:00,915.0,3.05,3.9,3.96,0.0,0.0,1.0,18.0,0.15419852157592773,False,REGULAR,USD,call,2027-03-31,309,745.6400146484375,1.2271337133528357,3.9299999999999997,0.015267175572519099
SPY270331C00920000,2026-05-22 14:15:41+00:00,920.0,3.66,3.53,3.59,0.6300001,20.792084,1.0,261.0,0.15366446929931643,False,REGULAR,USD,call,2027-03-31,309,745.6400146484375,1.233839362059682,3.5599999999999996,0.01685393258426968
SPY270331C00925000,2026-05-07 15:00:19+00:00,925.0,2.65,3.19,3.25,0.0,0.0,126.0,633.0,0.15314567565917972,False,REGULAR,USD,call,2027-03-31,309,745.6400146484375,1.240545010766528,3.2199999999999998,0.018633540372670825
SPY270331C00930000,2026-05-20 18:28:17+00:00,930.0,2.57,2.89,2.95,0.0,0.0,259.0,644.0,0.15277946838378909,False,REGULAR,USD,call,2027-03-31,309,745.6400146484375,1.247250659473374,2.92,0.02054794520547947
SPY270331C00935000,2026-05-18 18:17:04+00:00,935.0,2.11,2.62,2.67,0.0,0.0,4.0,641.0,0.15235222656250003,False,REGULAR,USD,call,2027-03-31,309,745.6400146484375,1.2539563081802203,2.645,0.018903591682419594
SPY270331C00940000,2026-05-22 18:50:43+00:00,940.0,2.51,2.37,2.42,-0.1400001,-5.283023,203.0,7.0,0.1520165365600586,False,REGULAR,USD,call,2027-03-31,309,745.6400146484375,1.2606619568870663,2.395,0.02087682672233813
SPY270331C00945000,2026-05-22 13:32:36+00:00,945.0,2.23,2.15,2.2,0.53,31.176468,2.0,2.0,0.1518334329223633,False,REGULAR,USD,call,2027-03-31,309,745.6400146484375,1.2673676055939125,2.175,0.02298850574712656
SPY270331C00950000,2026-05-22 16:25:27+00:00,950.0,2.13,1.95,2.0,0.48000014,29.090918,1.0,4.0,0.15165032928466798,False,REGULAR,USD,call,2027-03-31,309,745.6400146484375,1.2740732543007585,1.975,0.025316455696202552
SPY270331C00960000,2026-05-22 19:54:44+00:00,960.0,1.62,1.61,1.65,0.27999997,20.89552,8.0,10.0,0.15134515655517583,False,REGULAR,USD,call,2027-03-31,309,745.6400146484375,1.2874845517144506,1.63,0.024539877300613383
SPY270617C00525000,2026-05-21 15:33:18+00:00,525.0,239.72,244.97,248.85,0.0,0.0,1.0,10.0,0.4005644660949707,True,REGULAR,USD,call,2027-06-17,387,745.6400146484375,0.7040931142188402,246.91,0.015714227856303897
SPY270617C00530000,2026-05-15 17:34:20+00:00,530.0,240.0,240.51,244.39,0.0,0.0,2.0,18.0,0.39620812538146977,True,REGULAR,USD,call,2027-06-17,387,745.6400146484375,0.7107987629256863,242.45,0.01600329964941223
SPY270617C00535000,2026-05-18 19:01:27+00:00,535.0,227.78,236.07,239.95,0.0,0.0,2.0,20.0,0.39193570716857906,True,REGULAR,USD,call,2027-06-17,387,745.6400146484375,0.7175044116325324,238.01,0.0163018360573085
SPY270617C00540000,2026-05-06 16:49:28+00:00,540.0,220.64,231.64,235.52,0.0,0.0,8.0,69.0,0.387678547592163,True,REGULAR,USD,call,2027-06-17,387,745.6400146484375,0.7242100603393785,233.57999999999998,0.016611011216713864
SPY270617C00545000,2026-05-15 15:10:52+00:00,545.0,225.66,227.22,231.1,0.0,0.0,1.0,352.0,0.38343664665222166,True,REGULAR,USD,call,2027-06-17,387,745.6400146484375,0.7309157090462246,229.16,0.016931401640774984
SPY270617C00550000,2026-05-22 19:55:12+00:00,550.0,224.2,222.81,226.69,6.4299927,2.952653,5.0,867.0,0.37921000434875485,True,REGULAR,USD,call,2027-06-17,387,745.6400146484375,0.7376213577530707,224.75,0.017263626251390413
SPY270617C00555000,2026-05-22 16:51:26+00:00,555.0,220.49,218.42,222.3,6.7400055,3.153219,20.0,402.0,0.3750520259094238,True,REGULAR,USD,call,2027-06-17,387,745.6400146484375,0.7443270064599168,220.36,0.017607551279724194
SPY270617C00560000,2026-05-22 13:48:44+00:00,560.0,216.91,214.04,217.92,5.5200043,2.6112893,1.0,91.0,0.3708940474700927,True,REGULAR,USD,call,2027-06-17,387,745.6400146484375,0.7510326551667629,215.98,0.017964626354292045
SPY270617C00565000,2026-05-15 14:09:02+00:00,565.0,207.41,209.68,213.56,0.0,0.0,1.0,17.0,0.3667971035766602,True,REGULAR,USD,call,2027-06-17,387,745.6400146484375,0.757738303873609,211.62,0.018334750968717492
SPY270617C00570000,2026-05-14 13:49:29+00:00,570.0,207.71,205.33,209.21,0.0,0.0,2.0,48.0,0.36270015968322755,True,REGULAR,USD,call,2027-06-17,387,745.6400146484375,0.764443952580455,207.27,0.018719544555410795
SPY270617C00575000,2026-05-15 17:58:53+00:00,575.0,200.85,201.01,204.89,0.0,0.0,1.0,27.0,0.3587023969268799,True,REGULAR,USD,call,2027-06-17,387,745.6400146484375,0.7711496012873011,202.95,0.01911800936191178
SPY270617C00580000,2026-05-21 13:39:49+00:00,580.0,191.14,196.7,200.58,0.0,0.0,1.0,97.0,0.3547046341705322,True,REGULAR,USD,call,2027-06-17,387,745.6400146484375,0.7778552499941473,198.64,0.019532823197744784
SPY270617C00585000,2026-05-18 15:01:58+00:00,585.0,187.65,192.41,196.29,0.0,0.0,1.0,13.0,0.35074501800537106,True,REGULAR,USD,call,2027-06-17,387,745.6400146484375,0.7845608987009934,194.35,0.019963982505788503
SPY270617C00590000,2026-05-20 18:29:47+00:00,590.0,185.05,188.14,192.02,0.0,0.0,7.0,77.0,0.34682354843139646,True,REGULAR,USD,call,2027-06-17,387,745.6400146484375,0.7912665474078395,190.07999999999998,0.020412457912458038
SPY270617C00595000,2026-04-30 17:59:02+00:00,595.0,161.0,183.89,187.77,0.0,0.0,4.0,19.0,0.3429325961303711,True,REGULAR,USD,call,2027-06-17,387,745.6400146484375,0.7979721961146856,185.82999999999998,0.02087929828337741
SPY270617C00600000,2026-05-22 19:58:25+00:00,600.0,182.42,179.66,183.54,3.6699982,2.053146,1.0,234.0,0.33907979042053227,True,REGULAR,USD,call,2027-06-17,387,745.6400146484375,0.8046778448215317,181.6,0.0213656387665198
SPY270617C00605000,2026-05-22 17:38:08+00:00,605.0,179.07,175.45,179.33,10.62001,6.304548,2.0,37.0,0.3352498726654052,True,REGULAR,USD,call,2027-06-17,387,745.6400146484375,0.8113834935283778,177.39,0.021872709848356865
SPY270617C00610000,2026-05-21 14:22:17+00:00,610.0,166.3,171.25,175.13,0.0,0.0,1.0,419.0,0.33140469627380365,True,REGULAR,USD,call,2027-06-17,387,745.6400146484375,0.8180891422352239,173.19,0.02240314105895257
SPY270617C00615000,2026-05-21 16:47:37+00:00,615.0,162.46,167.08,170.96,0.0,0.0,2.0,51.0,0.32762055442810056,True,REGULAR,USD,call,2027-06-17,387,745.6400146484375,0.82479479094207,169.02,0.022955863211454236
SPY270617C00620000,2026-05-22 16:11:06+00:00,620.0,166.0,162.97,166.77,8.910004,5.6719103,1.0,221.0,0.3236914555358886,True,REGULAR,USD,call,2027-06-17,387,745.6400146484375,0.8315004396489161,164.87,0.023048462424940932
SPY270617C00625000,2026-05-22 17:41:00+00:00,625.0,161.7,158.81,162.69,6.3899994,4.1143517,6.0,90.0,0.3201514518737792,True,REGULAR,USD,call,2027-06-17,387,745.6400146484375,0.8382060883557622,160.75,0.024136858475894217
SPY270617C00630000,2026-05-22 19:49:07+00:00,630.0,155.92,154.74,158.55,3.800003,2.49803,6.0,61.0,0.31628338752746576,True,REGULAR,USD,call,2027-06-17,387,745.6400146484375,0.8449117370626082,156.645,0.02432251268792494
SPY270617C00635000,2026-05-22 15:12:11+00:00,635.0,153.33,150.64,154.52,5.080002,3.4266453,7.0,87.0,0.3127967890930175,True,REGULAR,USD,call,2027-06-17,387,745.6400146484375,0.8516173857694543,152.57999999999998,0.02542928299908261
SPY270617C00640000,2026-05-22 18:03:56+00:00,640.0,150.54,146.58,150.46,5.9599915,4.122279,4.0,580.0,0.3091041990661621,True,REGULAR,USD,call,2027-06-17,387,745.6400146484375,0.8583230344763004,148.52,0.026124427686506836
SPY270617C00645000,2026-05-21 19:48:21+00:00,645.0,140.94,142.56,146.44,0.0,0.0,2.0,287.0,0.30549553153991693,True,REGULAR,USD,call,2027-06-17,387,745.6400146484375,0.8650286831831465,144.5,0.02685121107266433
SPY270617C00650000,2026-05-22 18:45:31+00:00,650.0,141.52,138.55,142.43,7.5200043,5.6119432,10.0,826.0,0.3018487174224854,True,REGULAR,USD,call,2027-06-17,387,745.6400146484375,0.8717343318899926,140.49,0.02761762403018005
SPY270617C00655000,2026-05-22 13:55:40+00:00,655.0,137.22,134.58,138.46,7.220001,5.5538473,1.0,362.0,0.29826293785095204,True,REGULAR,USD,call,2027-06-17,387,745.6400146484375,0.8784399805968387,136.52,0.028420744213302044
SPY270617C00660000,2026-05-22 19:39:21+00:00,660.0,133.3,130.64,134.52,6.4000015,5.043342,2.0,564.0,0.2947076755523681,True,REGULAR,USD,call,2027-06-17,387,745.6400146484375,0.8851456293036849,132.57999999999998,0.02926534922311076
SPY270617C00665000,2026-05-22 18:10:55+00:00,665.0,129.77,126.72,130.6,3.9400024,3.1312108,7.0,134.0,0.29114478393554677,True,REGULAR,USD,call,2027-06-17,387,745.6400146484375,0.891851278010531,128.66,0.030157002953520872
SPY270617C00670000,2026-05-22 16:39:27+00:00,670.0,125.57,122.84,126.72,6.0699997,5.079498,4.0,568.0,0.28762766822814934,True,REGULAR,USD,call,2027-06-17,387,745.6400146484375,0.8985569267173771,124.78,0.031094726719025446
SPY270617C00675000,2026-05-22 17:28:32+00:00,675.0,122.25,118.98,122.86,8.5,7.472528,8.0,504.0,0.28409529388427723,True,REGULAR,USD,call,2027-06-17,387,745.6400146484375,0.9052625754242232,120.92,0.03208733046642404
SPY270617C00680000,2026-05-22 20:00:15+00:00,680.0,117.0,115.16,119.04,2.4899979,2.1744807,7.0,1785.0,0.280608695449829,True,REGULAR,USD,call,2027-06-17,387,745.6400146484375,0.9119682241310693,117.1,0.03313407344150307
SPY270617C00685000,2026-05-22 17:28:17+00:00,685.0,115.19,111.37,115.21,4.8899994,4.433363,1.0,199.0,0.27698476928710936,True,REGULAR,USD,call,2027-06-17,387,745.6400146484375,0.9186738728379154,113.28999999999999,0.03389531291376105
SPY270617C00690000,2026-05-22 15:35:14+00:00,690.0,110.51,107.61,111.44,5.3199997,5.0575147,3.0,840.0,0.2734752828979492,True,REGULAR,USD,call,2027-06-17,387,745.6400146484375,0.9253795215447614,109.525,0.03496918511755305
SPY270617C00695000,2026-05-22 16:03:43+00:00,695.0,107.18,103.88,107.76,6.239998,6.181888,13.0,261.0,0.27017178810119635,True,REGULAR,USD,call,2027-06-17,387,745.6400146484375,0.9320851702516075,105.82,0.03666603666603676
SPY270617C00700000,2026-05-22 19:29:04+00:00,700.0,102.0,100.22,104.03,2.1900024,2.1941714,20.0,2744.0,0.2665783792114258,True,REGULAR,USD,call,2027-06-17,387,745.6400146484375,0.9387908189584536,102.125,0.03730722154222769
SPY270617C00705000,2026-05-22 16:03:43+00:00,705.0,99.82,96.54,100.38,5.3199997,5.629629,1.0,480.0,0.26315281532287604,True,REGULAR,USD,call,2027-06-17,387,745.6400146484375,0.9454964676652997,98.46000000000001,0.03900060938452152
SPY270617C00710000,2026-05-22 15:46:29+00:00,710.0,95.97,92.93,96.81,2.5599976,2.7406032,6.0,388.0,0.2598874671173096,True,REGULAR,USD,call,2027-06-17,387,745.6400146484375,0.9522021163721458,94.87,0.04089807104458728
SPY270617C00715000,2026-05-21 19:57:58+00:00,715.0,89.09,89.35,93.19,0.0,0.0,4.0,263.0,0.25632457550048826,True,REGULAR,USD,call,2027-06-17,387,745.6400146484375,0.9589077650789919,91.27,0.042072970307877766
SPY270617C00720000,2026-05-21 19:44:00+00:00,720.0,85.83,85.82,89.7,0.0,0.0,1.0,698.0,0.25307448593139653,True,REGULAR,USD,call,2027-06-17,387,745.6400146484375,0.965613413785838,87.75999999999999,0.04421148587055618
SPY270617C00725000,2026-05-22 19:56:34+00:00,725.0,84.0,82.35,86.18,2.5299988,3.105436,23.0,1153.0,0.24958788749694824,True,REGULAR,USD,call,2027-06-17,387,745.6400146484375,0.9723190624926841,84.265,0.04545184833560805
SPY270617C00730000,2026-05-22 19:14:43+00:00,730.0,81.0,78.95,81.5,5.6500015,7.4983435,47.0,883.0,0.24211115562438965,True,REGULAR,USD,call,2027-06-17,387,745.6400146484375,0.9790247111995302,80.225,0.03178560299158613
SPY270617C00735000,2026-05-22 19:59:33+00:00,735.0,77.68,75.54,78.66,3.1299973,4.1985207,2.0,593.0,0.2406310678863525,True,REGULAR,USD,call,2027-06-17,387,745.6400146484375,0.9857303599063764,77.1,0.04046692607003879
SPY270617C00740000,2026-05-22 18:45:07+00:00,740.0,75.09,72.22,76.1,3.8499985,5.4042654,4.0,940.0,0.23991391197204584,True,REGULAR,USD,call,2027-06-17,387,745.6400146484375,0.9924360086132225,74.16,0.05231930960086294
SPY270617C00745000,2026-05-22 19:56:52+00:00,745.0,71.1,68.95,72.83,2.9899979,4.3899546,24.0,755.0,0.23668671035766603,True,REGULAR,USD,call,2027-06-17,387,745.6400146484375,0.9991416573200685,70.89,0.05473268444068268
SPY270617C00750000,2026-05-22 18:17:19+00:00,750.0,68.55,65.74,69.62,3.050003,4.656493,14.0,1062.0,0.23350528465270995,False,REGULAR,USD,call,2027-06-17,387,745.6400146484375,1.0058473060269146,67.68,0.057328605200945765
SPY270617C00755000,2026-05-22 16:48:11+00:00,755.0,65.63,62.6,66.48,3.1899986,5.1089025,4.0,1391.0,0.23039252281188963,False,REGULAR,USD,call,2027-06-17,387,745.6400146484375,1.0125529547337606,64.54,0.06011775643012089
SPY270617C00760000,2026-05-22 14:47:14+00:00,760.0,61.6,60.0,63.2,2.4699974,4.1772323,3.0,1162.0,0.22665415687561033,False,REGULAR,USD,call,2027-06-17,387,745.6400146484375,1.0192586034406068,61.6,0.05194805194805199
SPY270617C00765000,2026-05-22 15:50:16+00:00,765.0,59.57,56.82,60.38,9.02,17.84372,4.0,1338.0,0.22424329231262202,False,REGULAR,USD,call,2027-06-17,387,745.6400146484375,1.0259642521474528,58.6,0.06075085324232086
SPY270617C00770000,2026-05-22 19:02:49+00:00,770.0,56.0,55.5,55.62,2.2799988,4.244227,3.0,620.0,0.2153398779296875,False,REGULAR,USD,call,2027-06-17,387,745.6400146484375,1.032669900854299,55.56,0.002159827213822848
SPY270617C00775000,2026-05-22 19:58:59+00:00,775.0,52.78,52.64,52.76,2.5200005,5.0139284,4.0,1271.0,0.2124254783630371,False,REGULAR,USD,call,2027-06-17,387,745.6400146484375,1.0393755495611452,52.7,0.0022770398481972948
SPY270617C00780000,2026-05-22 19:25:25+00:00,780.0,49.98,49.85,49.97,2.2999992,4.823824,115.0,2329.0,0.20954922538757323,False,REGULAR,USD,call,2027-06-17,387,745.6400146484375,1.0460811982679912,49.91,0.0024043277900219887
SPY270617C00785000,2026-05-22 19:17:08+00:00,785.0,47.31,47.15,47.26,2.5200005,5.626257,20.0,1464.0,0.20673019229888911,False,REGULAR,USD,call,2027-06-17,387,745.6400146484375,1.0527868469748374,47.205,0.0023302616248278662
SPY270617C00790000,2026-05-22 18:28:10+00:00,790.0,45.33,44.53,44.64,5.010002,12.425601,34.0,499.0,0.20399889636993407,False,REGULAR,USD,call,2027-06-17,387,745.6400146484375,1.0594924956816834,44.585,0.0024671974879443633
SPY270617C00795000,2026-05-22 15:36:58+00:00,795.0,43.16,41.99,42.1,2.9000015,7.203183,19.0,702.0,0.20131719100952145,False,REGULAR,USD,call,2027-06-17,387,745.6400146484375,1.0661981443885296,42.045,0.0026162444999405263
SPY270617C00800000,2026-05-22 19:59:25+00:00,800.0,39.76,39.54,39.66,2.3400002,6.2533407,103.0,12479.0,0.1987537400817871,False,REGULAR,USD,call,2027-06-17,387,745.6400146484375,1.0729037930953755,39.599999999999994,0.003030303030302966
SPY270617C00805000,2026-05-22 18:42:40+00:00,805.0,37.91,37.18,37.28,3.2299995,9.3137245,2.0,1530.0,0.1961597718811035,False,REGULAR,USD,call,2027-06-17,387,745.6400146484375,1.0796094418022217,37.230000000000004,0.002686005909213038
SPY270617C00810000,2026-05-22 19:14:38+00:00,810.0,35.13,34.91,35.02,3.6500015,11.594668,28.0,971.0,0.19374127799987795,False,REGULAR,USD,call,2027-06-17,387,745.6400146484375,1.0863150905090677,34.965,0.0031460031460033328
SPY270617C00815000,2026-05-22 15:29:30+00:00,815.0,33.81,32.74,32.85,3.9500008,13.228401,2.0,1226.0,0.1913990773010254,False,REGULAR,USD,call,2027-06-17,387,745.6400146484375,1.093020739215914,32.795,0.003354169842963849
SPY270617C00820000,2026-05-22 19:44:28+00:00,820.0,30.58,30.66,30.76,1.3600006,4.654349,12.0,807.0,0.18908739387512208,False,REGULAR,USD,call,2027-06-17,387,745.6400146484375,1.09972638792276,30.71,0.0032562683165093267
SPY270617C00825000,2026-05-22 13:53:31+00:00,825.0,29.31,28.67,28.78,2.459999,9.162007,250.0,2266.0,0.18692066749572753,False,REGULAR,USD,call,2027-06-17,387,745.6400146484375,1.106432036629606,28.725,0.0038294168842471516
SPY270617C00830000,2026-05-22 20:13:09+00:00,830.0,26.82,26.78,26.88,1.6100006,6.3863573,12.0,1537.0,0.18479208770751948,False,REGULAR,USD,call,2027-06-17,387,745.6400146484375,1.113137685336452,26.83,0.0037271710771523622
SPY270617C00835000,2026-05-22 13:53:31+00:00,835.0,25.59,24.99,25.09,2.3199997,9.969917,250.0,1823.0,0.1828160942840576,False,REGULAR,USD,call,2027-06-17,387,745.6400146484375,1.1198433340432983,25.04,0.00399361022364223
SPY270617C00840000,2026-05-22 19:16:04+00:00,840.0,23.43,23.28,23.38,1.6700001,7.674633,2.0,2466.0,0.18087061813354488,False,REGULAR,USD,call,2027-06-17,387,745.6400146484375,1.1265489827501443,23.33,0.004286326618088207
SPY270617C00845000,2026-05-22 13:41:16+00:00,845.0,22.4,21.68,21.77,2.2299995,11.056022,3.0,2361.0,0.1790548403930664,False,REGULAR,USD,call,2027-06-17,387,745.6400146484375,1.1332546314569905,21.725,0.00414269275028768
SPY270617C00850000,2026-05-22 18:29:11+00:00,850.0,20.75,20.16,20.26,2.1800003,11.739367,50.0,2235.0,0.17736113174438478,False,REGULAR,USD,call,2027-06-17,387,745.6400146484375,1.1399602801638364,20.21,0.0049480455220188724
SPY270617C00855000,2026-05-22 19:34:37+00:00,855.0,18.77,18.74,18.83,1.4500008,8.371829,370.0,786.0,0.17573608695983886,False,REGULAR,USD,call,2027-06-17,387,745.6400146484375,1.1466659288706826,18.784999999999997,0.0047910566941708746
SPY270617C00860000,2026-05-22 19:45:01+00:00,860.0,17.31,17.41,17.5,1.3299999,8.322904,5.0,691.0,0.17424836990356446,False,REGULAR,USD,call,2027-06-17,387,745.6400146484375,1.1533715775775288,17.455,0.005156115726152957
SPY270617C00865000,2026-05-22 19:49:47+00:00,865.0,16.04,16.16,16.24,1.1600008,7.7957044,11.0,994.0,0.1728064287567139,False,REGULAR,USD,call,2027-06-17,387,745.6400146484375,1.1600772262843748,16.2,0.0049382716049381666
SPY270617C00870000,2026-05-22 19:45:23+00:00,870.0,14.94,14.99,15.07,1.0999994,7.9479723,1.0,479.0,0.1714865567016602,False,REGULAR,USD,call,2027-06-17,387,745.6400146484375,1.166782874991221,15.030000000000001,0.005322687957418501
SPY270617C00875000,2026-05-22 19:34:37+00:00,875.0,13.92,13.89,13.97,0.6499996,4.898264,3.0,210.0,0.17023534851074223,False,REGULAR,USD,call,2027-06-17,387,745.6400146484375,1.173488523698067,13.93,0.005743000717875095
SPY270617C00880000,2026-05-22 19:55:05+00:00,880.0,12.83,12.86,12.94,1.0100002,8.544842,51.0,5147.0,0.16903754554748537,False,REGULAR,USD,call,2027-06-17,387,745.6400146484375,1.1801941724049132,12.899999999999999,0.006201550387596905
SPY270617C00885000,2026-05-22 19:34:06+00:00,885.0,11.95,11.9,11.98,1.8999996,18.905468,22.0,8645.0,0.1679312944030762,False,REGULAR,USD,call,2027-06-17,387,745.6400146484375,1.1868998211117592,11.940000000000001,0.00670016750418761
SPY270617C00890000,2026-05-22 13:33:05+00:00,890.0,11.26,11.01,11.09,1.9800005,21.336212,1.0,10624.0,0.16690896575927738,False,REGULAR,USD,call,2027-06-17,387,745.6400146484375,1.1936054698186054,11.05,0.007239819004524893
SPY270617C00895000,2026-05-22 16:02:18+00:00,895.0,10.72,10.17,10.25,0.1800003,1.7077827,1.0,12694.0,0.16590189575195316,False,REGULAR,USD,call,2027-06-17,387,745.6400146484375,1.2003111185254514,10.21,0.007835455435847214
SPY270617C00900000,2026-05-22 20:06:14+00:00,900.0,9.34,9.4,9.47,0.71000004,8.227115,147.0,7206.0,0.16495586029052733,False,REGULAR,USD,call,2027-06-17,387,745.6400146484375,1.2070167672322976,9.435,0.007419183889772155
SPY270617C00905000,2026-05-21 16:12:52+00:00,905.0,7.55,8.67,8.74,0.0,0.0,194.0,4576.0,0.16404797142028812,False,REGULAR,USD,call,2027-06-17,387,745.6400146484375,1.2137224159391435,8.705,0.008041355542791532
SPY270617C00910000,2026-05-22 13:42:07+00:00,910.0,8.37,8.0,8.07,0.18999958,2.3227332,1.0,1319.0,0.1632468930053711,False,REGULAR,USD,call,2027-06-17,387,745.6400146484375,1.2204280646459897,8.035,0.008711885500933452
SPY270617C00915000,2026-05-22 19:55:07+00:00,915.0,7.33,7.37,7.44,0.59000015,8.753712,64.0,2790.0,0.16243818527221682,False,REGULAR,USD,call,2027-06-17,387,745.6400146484375,1.2271337133528357,7.405,0.009453072248480795
SPY270617C00920000,2026-05-22 19:34:06+00:00,920.0,6.81,6.78,6.85,0.23000002,3.495441,1.0,837.0,0.1616447361755371,False,REGULAR,USD,call,2027-06-17,387,745.6400146484375,1.233839362059682,6.8149999999999995,0.010271460014673427
SPY270617C00925000,2026-05-21 20:02:23+00:00,925.0,5.75,6.24,6.31,0.0,0.0,1.0,596.0,0.1609352095794678,False,REGULAR,USD,call,2027-06-17,387,745.6400146484375,1.240545010766528,6.275,0.01115537848605568
SPY270617C00930000,2026-05-22 17:53:30+00:00,930.0,6.07,5.74,5.8,0.89000034,17.181475,1.0,1503.0,0.16019516571044923,False,REGULAR,USD,call,2027-06-17,387,745.6400146484375,1.247250659473374,5.77,0.010398613518197507
SPY270617C00935000,2026-05-22 20:06:14+00:00,935.0,5.25,5.28,5.34,0.32999992,6.707315,46.0,320.0,0.15960007888793942,False,REGULAR,USD,call,2027-06-17,387,745.6400146484375,1.2539563081802203,5.3100000000000005,0.011299435028248513
SPY270617C00940000,2026-05-22 17:53:30+00:00,940.0,5.14,4.85,4.91,0.6199999,13.716811,2.0,1270.0,0.15898973342895512,False,REGULAR,USD,call,2027-06-17,387,745.6400146484375,1.2606619568870663,4.88,0.012295081967213217
SPY270617C00945000,2026-05-20 14:34:35+00:00,945.0,3.72,4.45,4.51,0.0,0.0,250.0,359.0,0.1583946466064453,False,REGULAR,USD,call,2027-06-17,387,745.6400146484375,1.2673676055939125,4.48,0.013392857142857054
SPY270617C00950000,2026-05-22 19:18:35+00:00,950.0,4.16,4.09,4.15,0.42999983,11.528146,57.0,543.0,0.1579216288757324,False,REGULAR,USD,call,2027-06-17,387,745.6400146484375,1.2740732543007585,4.12,0.014563106796116625
SPY270617C00955000,2026-05-22 15:13:32+00:00,955.0,3.96,3.76,3.81,0.79999995,25.316452,567.0,1055.0,0.15740283523559573,False,REGULAR,USD,call,2027-06-17,387,745.6400146484375,1.2807789030076047,3.785,0.01321003963011896
SPY270617C00960000,2026-05-22 14:22:53+00:00,960.0,3.5,3.45,3.51,0.3499999,11.111108,270.0,723.0,0.1570518865966797,False,REGULAR,USD,call,2027-06-17,387,745.6400146484375,1.2874845517144506,3.48,0.017241379310344716
SPY270617C00965000,2026-05-15 19:18:07+00:00,965.0,3.3,3.17,3.22,0.0,0.0,1.0,18.0,0.15659412750244145,False,REGULAR,USD,call,2027-06-17,387,745.6400146484375,1.2941902004212968,3.1950000000000003,0.015649452269170663
