Date,Close,High,Low,Open,Volume,return_1d,return_5d,return_10d,sma_10,sma_50,sma_ratio,volatility_10,volatility_20,rsi_14,volume_ratio,vix,vix_change,vix_ma20,vix_stressed,target
2015-03-16,0.553248405456543,0.5566204455283876,0.5474678555723091,0.5510807351404382,236956000,0.011894433820109906,0.01592218897947184,0.016371499627263475,0.5463839292526245,0.5063029772043228,1.079163966741058,0.013140699760765807,0.011722799730135087,59.70596177459399,1.0095924834877543,15.609999656677246,-0.02437502145767212,14.810000038146972,1,1
2015-03-17,0.5599923133850098,0.5602331528319255,0.5481903191147259,0.552044037389182,299900000,0.012189656331502041,0.01086970555906075,0.04824116824109237,0.5489610731601715,0.5078431195020676,1.080965857523913,0.01134224274777177,0.011953045312790098,65.81182721404218,1.2520216454879212,15.65999984741211,0.0032030872411630273,14.803000020980836,1,0
2015-03-18,0.5508397817611694,0.5628826167126506,0.5457818083089774,0.5599923707791551,413844000,-0.01634403081091529,-0.0004371809293068907,0.0196166997857512,0.5500208497047424,0.5093633633852005,1.0798202015341947,0.012848112531019666,0.012282156194826751,58.746734605396895,1.6443431154326928,13.970000267028809,-0.10791823734676353,14.729000043869018,0,1
2015-03-19,0.5592697262763977,0.5611965566621654,0.5486720443051563,0.5527666019434823,310756000,0.015303804834639445,0.02426114312393346,0.01574806473948187,0.5508879363536835,0.5113401281833648,1.0773414914859507,0.012321941759247286,0.012641681073651437,64.3565423846755,1.2010190783462857,14.069999694824219,0.007158155038223146,14.668000030517579,0,1
2015-03-20,0.5652914047241211,0.5686634457687709,0.5585474374843998,0.5638463099047445,462084000,0.010767038094150916,0.033921146965908866,0.040798713994614655,0.5531038463115692,0.5134613180160522,1.0772064552957767,0.011352501551674022,0.012735116159846117,61.60006757577197,1.6866829561374244,13.020000457763672,-0.0746268130657316,14.604000043869018,0,0
2015-03-23,0.5469863414764404,0.5556571985394294,0.5467455018822672,0.5484314938910713,426012000,-0.03238164085762829,-0.011318720340341648,0.004423249834865528,0.5533447265625,0.5148709058761597,1.0747251791609183,0.016205245773011974,0.014812564267580488,56.47926124520263,1.474036920470682,13.40999984741211,0.029953869119557996,14.54650001525879,0,0
2015-03-24,0.5395196676254272,0.5491539381754699,0.5371110999879166,0.5453002184704964,330480000,-0.013650567271678016,-0.03655879780890314,-0.026086475617618454,0.5518996119499207,0.5160927695035934,1.0693806318595942,0.01560439773455204,0.015019921092933153,49.63866571972577,1.108745495134309,13.619999885559082,0.01565995828012623,14.543000030517579,0,0
2015-03-25,0.5067631602287292,0.539278853584769,0.505077111120456,0.539278853584769,542552000,-0.06071420443460063,-0.08001713563881763,-0.08041933460240547,0.5474678575992584,0.5167794668674469,1.0593839204135467,0.024179272168658353,0.02026970698593864,32.086732986389706,1.7007729076071965,15.4399995803833,0.1336269978059188,14.623000001907348,1,0
2015-03-26,0.5050768852233887,0.5072446124575452,0.49279321241268703,0.49640609113628115,311920000,-0.003327540629787462,-0.09689929296517341,-0.0749890374564759,0.5433732867240906,0.517446836233139,1.050104568576916,0.024220467951616673,0.02023538170042356,33.677726727497515,0.9540121606577032,15.800000190734863,0.023316102340374956,14.717500019073487,1,1
2015-03-27,0.5149522423744202,0.5168790734681984,0.49977826088037886,0.5079673791661076,318288000,0.019552185894754937,-0.08904993412073536,-0.05814946305744051,0.5401939928531647,0.5182733243703842,1.0422955754271368,0.02560425251687577,0.020807337848060475,38.150378592817226,0.9501253448550698,15.069999694824219,-0.04620256247457,14.803999996185302,1,1
2015-03-30,0.517119824886322,0.5197692312508186,0.5106166425693065,0.5173606643490677,253252000,0.004209288422373447,-0.054601942179217655,-0.06530263840599326,0.5365811347961426,0.5192103445529938,1.0334561713289898,0.025129371661681346,0.019959128548145015,34.35594806309473,0.7614705270386803,14.510000228881836,-0.037159885685645655,14.877500009536742,0,0
2015-03-31,0.5041134357452393,0.5161562682967138,0.5036317568980334,0.515674589449508,357276000,-0.025151596429206613,-0.06562547021876042,-0.09978507973082174,0.5309932470321655,0.5197144842147827,1.0217018443009598,0.02482610746383573,0.020291226484703998,31.638468106048464,1.0433566743977007,15.289999961853027,0.053756011072874976,14.949000024795533,1,1
2015-04-01,0.5060405135154724,0.5077265049635894,0.4973696593360302,0.5060405135154724,330768000,0.0038227066243221586,-0.001426004828233074,-0.08132903564528837,0.5265133202075958,0.5202283734083175,1.0120811303660773,0.025086911713703943,0.020088722104664128,33.97701898427579,0.9515059008853773,15.109999656677246,-0.01177242025015457,14.993000030517578,1,1
2015-04-02,0.5072445869445801,0.5103757292059543,0.5029091901190845,0.5089305777892037,192204000,0.002379401247427637,0.004291825234157498,-0.09302334256173594,0.5213108062744141,0.5206319832801819,1.0013038442047977,0.02405567445628742,0.019451091701137187,34.23083219593353,0.5635106038643943,14.670000076293945,-0.029119761110574238,15.024500036239624,0,1
2015-04-06,0.5219369530677795,0.5236229441383681,0.49977811484044943,0.5050769275123664,515864000,0.028965052563103555,0.013563802851218165,-0.07669398701984476,0.51697536110878,0.5211614835262298,0.991967705692435,0.026335298803859503,0.020629124392643028,38.267189297240556,1.4572149461535766,14.739999771118164,0.004771621980925289,15.001500034332276,0,1
2015-04-07,0.526513397693634,0.532293948361128,0.5190467980493733,0.5219371020955104,413964000,0.008768194317255285,0.018165176338727607,-0.037428619748612446,0.5149280667304993,0.5217537254095077,0.9869178534879628,0.025229683653972802,0.02074324497318866,37.247872802705885,1.1385599429680384,14.779999732971191,0.0027137016603897557,14.9875,0,1
2015-04-08,0.5303669571876526,0.5322938453203329,0.5219370010595805,0.5269949747364238,366432000,0.007319015073308455,0.05207859894391098,-0.016964553818877848,0.5140127956867218,0.5224662238359451,0.9838201442245237,0.025164997755530372,0.020387234649700745,41.873863506779806,1.0306159586394583,13.979999542236328,-0.054127212800296864,14.851999950408935,0,1
2015-04-09,0.5426509976387024,0.544336989821438,0.526031858005564,0.5262726976245827,379432000,0.023161398508285025,0.07234694287399313,0.07081777095591368,0.5176015794277191,0.5238994705677033,0.9879788175140554,0.015217122373098047,0.021123852540089416,43.59947109137907,1.049859412604223,13.09000015258789,-0.06366233324683412,14.66299991607666,0,1
2015-04-10,0.5481904149055481,0.5484312543945481,0.5412055529016089,0.5431324410879219,258728000,0.010208066125281245,0.08072205995850612,0.08536033016654665,0.5219129323959351,0.5255970633029938,0.9929905793538748,0.014795558314125302,0.02115207806263615,43.389175655616945,0.7308700564971752,12.579999923706055,-0.038961055992119964,14.520999908447266,0,0
2015-04-13,0.5431323051452637,0.550117107976179,0.5407236811590435,0.5469859657038005,236724000,-0.009226921198824511,0.040609027494421746,0.05472364318855383,0.5247309386730195,0.526967955827713,0.9957549275435925,0.015163112029459984,0.02125950872018968,48.34012071475953,0.6804920663301826,13.9399995803833,0.10810808147259454,14.417999887466431,0,0
2015-04-14,0.5385560989379883,0.5431323933756026,0.5332572286720787,0.540964665890717,220276000,-0.008425582798009867,0.02287254473885514,0.0414532048860794,0.5268745660781861,0.5285256451368332,0.9968760663293459,0.01579097288571307,0.02114069475736204,49.5744082626822,0.634732009020343,13.670000076293945,-0.019368688107373022,14.320999908447266,0,1
2015-04-15,0.5450593829154968,0.5491539421866949,0.5373519434492519,0.5400014080672138,243560000,0.012075406796678623,0.02770237762501826,0.08122367758305526,0.5309691607952118,0.530011858344078,1.0018061906277431,0.012052922268043607,0.02113692163007768,72.0219333663289,0.7075690951854159,12.84000015258789,-0.06071689239749256,14.179999923706054,0,0
2015-04-16,0.5416873693466187,0.546504504387047,0.5378336498293201,0.5419282088712063,155284000,-0.006186506781777457,-0.0017757790850415622,0.07044269160092909,0.5345338463783265,0.5311954951286316,1.006284600077202,0.01282071628340402,0.02087261411320106,70.6521709892782,0.4687213244598132,12.600000381469727,-0.018691570737231822,14.111499929428101,0,0
2015-04-17,0.5347023606300354,0.5400012307007326,0.5301260663610134,0.530366905819984,293636000,-0.012894907859876015,-0.024604688277588105,0.05413123055851421,0.537279623746872,0.5322154384851455,1.0095152919203936,0.014249848484924083,0.02069150189518745,61.516698503794046,0.8886298378388848,13.890000343322754,0.10238094625379324,14.102499961853027,0,0
2015-04-20,0.5320529937744141,0.5404829497113476,0.5310895210175348,0.5371109673365742,231624000,-0.004954844135155123,-0.020398918027692003,0.01938172924368664,0.5382912278175354,0.5330240386724472,1.0098817103224962,0.011845169882343192,0.02047701064345136,58.65918273534464,0.7262903016426382,13.300000190734863,-0.04247661180739404,14.116499948501588,0,0
2015-04-21,0.5313301682472229,0.5385558659798558,0.5286807055479388,0.5385558659798558,230456000,-0.001358559270691062,-0.013417229337880698,0.009148429222672227,0.5387729048728943,0.5338613718748093,1.0092000156910337,0.011631716517083059,0.019258820571178878,68.40366250702297,0.7454841881890172,13.25,-0.0037594127832941693,14.10849995613098,0,1
2015-04-22,0.5373517870903015,0.5380743629190553,0.526272367615764,0.5344615412000521,207420000,0.011333101718923766,-0.014140836882703955,0.013169805939055923,0.5394713878631592,0.534828736782074,1.008680631315772,0.011940271538160022,0.019223844849943612,70.06146955622464,0.6845928649462181,12.710000038146973,-0.040754714102115286,14.062999963760376,0,0
2015-04-23,0.5351839065551758,0.5402419359099859,0.5214550845844756,0.5274765289605237,259380000,-0.0040343785713723435,-0.01200593397495553,-0.013760393173548047,0.5387246787548066,0.5354792189598083,1.006060851065897,0.009211579098956526,0.012964591818849182,67.68263424261903,0.8980543195104015,12.479999542236328,-0.01809602637453467,13.914999961853027,0,0
2015-04-24,0.5306079387664795,0.5351841767842136,0.5245864913500391,0.534943337263485,240960000,-0.008550271659232944,-0.007657385051996979,-0.03207366575735915,0.5369664311408997,0.5361053645610809,1.0016061517692958,0.008477925827192619,0.013146085919678757,56.29374471645593,0.8446545175135413,12.289999961853027,-0.015224325909650949,13.739499950408936,0,1
2015-04-27,0.5347023606300354,0.5440957886270498,0.5277174994970173,0.5322937937660392,248456000,0.007716473057441053,0.004979516865090128,-0.015520977918950352,0.5361234366893768,0.5360983967781067,1.0000467076779573,0.00883032670769934,0.012595316524747524,55.985758401706484,0.8817225059690942,13.119999885559082,0.06753457496194426,13.641999959945679,0,1
2015-04-28,0.5373517870903015,0.539278675108567,0.5286809345700215,0.5337389653712983,234484000,0.004954955607722189,0.011333101718923766,-0.002236186443829391,0.5360030055046081,0.5361396205425263,0.9997451875730058,0.008681528270693442,0.012603430041285888,55.19707793532502,0.8349190162309362,12.40999984741211,-0.054115857038112836,13.536999940872192,0,0
2015-04-29,0.5332574844360352,0.5387971968267758,0.5310897559114514,0.5334983240193911,195156000,-0.007619408277092621,-0.007619408277092621,-0.021652500350207493,0.534822815656662,0.5360653674602509,0.9976820890156068,0.00777667148452916,0.011140673169913313,42.04072438867459,0.7155375587921702,13.390000343322754,0.07896861466239313,13.44199995994568,0,1
2015-04-30,0.5347023606300354,0.5373517669530021,0.5294034905593382,0.5306078027037182,218844000,0.002709528203862499,-0.0008997765426841386,-0.012894907859876015,0.5341243147850037,0.5361447775363922,0.9962314978415482,0.007773638639591997,0.011138457206633399,37.71922207774447,0.819198021143637,14.550000190734863,0.0866318011702345,13.413999986648559,1,1
2015-05-01,0.547949492931366,0.5496354839501086,0.5366291772808963,0.5390377440826375,256968000,0.024774778038611167,0.03268242500329133,0.024774778038611167,0.5354490280151367,0.5364603340625763,0.9981148540102097,0.01024773065734227,0.01217010139611161,53.816844004288214,0.9503873033156004,12.699999809265137,-0.12714779087410377,13.315499973297118,0,0
2015-05-04,0.5445775389671326,0.5510807220351117,0.5428915476836913,0.547467842552901,200720000,-0.0061537678339557145,0.018468551972468106,0.0235400333035789,0.5367014825344085,0.5366316711902619,1.0001300917331095,0.010351093573804433,0.010828448384088887,54.86383870753415,0.7882958953002295,12.850000381469727,0.011811068854911122,13.221000003814698,0,0
2015-05-05,0.5306079387664795,0.543373352161546,0.528199371284859,0.542650776174582,292928000,-0.02565217843385237,-0.01255015519784386,-0.001359285664365606,0.5366292595863342,0.5366099953651429,1.0000358998553098,0.0136503178626869,0.012354186634121368,39.583252776524674,1.1784366307899397,14.3100004196167,0.11361867663851255,13.197500038146973,1,1
2015-05-06,0.532293975353241,0.5385562628209057,0.5253091118374008,0.5334982304836778,316484000,0.003177556277580429,-0.0018068364925307723,-0.00941247774469689,0.5361234784126282,0.5365088391304016,0.9992817253143527,0.013128158434146121,0.012267569900742226,43.060478789314566,1.2861229863944472,15.149999618530273,0.05870015194144029,13.25600004196167,1,1
2015-05-07,0.5416873693466187,0.5433733608682907,0.528440219273051,0.530126210794723,534564000,0.01764700415244036,0.01306335866621744,0.012151828019836719,0.5367738246917725,0.5366774368286132,1.000179601109614,0.014286333150147469,0.011777778009575373,54.982970418277134,2.1059706278862524,15.130000114440918,-0.0013200993130648708,13.358000040054321,1,0
2015-05-08,0.5017049908638,0.526031558712622,0.4935158742284525,0.5060404460882328,1146552000,-0.07381080074110868,-0.08439555591186276,-0.054471382335271934,0.5338835299015046,0.5360174894332885,0.9960188621195175,0.027800211123345128,0.02002972465895724,35.87437626197192,3.8446026105227014,12.859999656677246,-0.15003307604717442,13.372000026702882,0,0
2015-05-11,0.4968878924846649,0.5019459239443543,0.4908665030275896,0.4947201647162266,544144000,-0.009601455968858086,-0.08757182048477019,-0.07072059323024871,0.5301020830869675,0.5353286439180374,0.9902367248783532,0.02744150531476811,0.020034822779153034,34.557261510922785,1.735181833372237,13.850000381469727,0.076982951105947,13.367500066757202,1,1
2015-05-12,0.5017049908638,0.5057995491814737,0.49303413783970357,0.4932750347464626,388800000,0.009694537645196899,-0.054471382335271934,-0.06633791323096694,0.5265374034643173,0.5344760078191757,0.9851469397340205,0.027709729885317513,0.02024432505542211,33.84267536814032,1.207374674322482,13.859999656677246,0.0007219693091775614,13.377000045776366,1,1
2015-05-13,0.5045952796936035,0.5091715742671333,0.49977814564507766,0.5053178555433592,308524000,0.005760932983399636,-0.0520364628234915,-0.053749277936050666,0.5236711829900742,0.533883495926857,0.9808716451909539,0.027970604706471867,0.020039515789495223,36.225555482190906,0.9485189498421616,13.760000228881836,-0.007214966109124976,13.423000049591064,1,1
2015-05-14,0.5127843618392944,0.5154338255863478,0.5048360854476617,0.5060403975917339,293052000,0.016229010605615324,-0.05335735913906747,-0.040991026792765894,0.5214793831110001,0.5333343428373337,0.9777719925867414,0.028709425623774754,0.020511598981576673,42.22676438645169,0.8822679354619615,12.739999771118164,-0.07412793901141956,13.430000019073486,0,1
2015-05-15,0.5130254030227661,0.5173608016263732,0.5098942594771911,0.5149522340855293,215824000,0.00047006344461664185,0.022563881892973425,-0.06373596537477644,0.51798697412014,0.5325828737020493,0.9725941251537975,0.027000087700874382,0.020373447376066084,40.21742405087126,0.6574648076108778,12.380000114440918,-0.02825743038813644,13.354500007629394,0,0
2015-05-18,0.512302577495575,0.5154337195160937,0.5094122748844032,0.511820841252129,324972000,-0.001408946853181603,0.031022460486669567,-0.059266053338835056,0.5147594779729843,0.5319662791490555,0.96765433853515,0.027043114215472182,0.020360553367260805,38.49551078107865,0.9760841775436843,12.729999542236328,0.028271359011309283,13.325999975204468,0,0
2015-05-19,0.5091087818145752,0.514674134686847,0.5081408492093759,0.5129802814730398,253808000,-0.00623419795506952,0.014757259914891074,-0.040517970767425804,0.5126095622777939,0.5312569040060043,0.9648995776100074,0.026137202002433635,0.020385598553556494,38.81658669996727,0.7596721959162172,12.850000381469727,0.009426617717876118,13.305999994277954,0,0
2015-05-20,0.5091087818145752,0.5154000552954549,0.5086248155119755,0.5093507361205835,196824000,0.0,0.008944796557970758,-0.04355712183907323,0.5102910429239274,0.5303596633672715,0.9621603567738772,0.0260620530687408,0.020153719632986244,37.98668597500585,0.5900491707642304,12.880000114440918,0.002334609500436402,13.314499998092652,0,0
2015-05-21,0.505479097366333,0.5115284155669882,0.504995131141674,0.5093506540918835,239692000,-0.007129487013178615,-0.014246270004721562,-0.06684348579875499,0.5066702157258988,0.529447631239891,0.9569789075065823,0.02491468938901173,0.020178018555814397,28.086418614034827,0.7206878905359727,12.109999656677246,-0.05978264370513131,13.296000003814697,0,0
2015-05-22,0.504753053188324,0.508624608965176,0.5035432244589976,0.5066888599220299,212592000,-0.0014363485686982314,-0.016124639804775964,0.006075407620075746,0.5069750219583511,0.5286222404241562,0.9590497394728686,0.007976913753082153,0.020131206251661447,28.874827446434878,0.6419433679560974,12.130000114440918,0.0016515655103792604,13.288000011444092,0,0
2015-05-26,0.5016075968742371,0.5057211083279812,0.49773603971466,0.502333517447319,259732000,-0.006231673675311744,-0.02087629672608915,0.009498529670287414,0.5074469923973084,0.5277194887399673,0.9615847116219576,0.007556564337221826,0.020007324597480412,32.62083563724377,0.7829544947566297,14.0600004196167,0.15910966916464342,13.335000038146973,1,1
2015-05-27,0.528466522693634,0.530886238879607,0.5033014282070478,0.5049952237681704,432332000,0.05354569186505165,0.038022798998013085,0.05334117124040949,0.5101231455802917,0.5272238510847091,0.9675646208546247,0.018286566419345535,0.023643145124880784,48.237936475269265,1.2655140598362653,13.270000457763672,-0.056187762324018786,13.378000068664551,0,1
2015-05-28,0.5357256531715393,0.5374194486754986,0.5274986299549991,0.5284665048586069,327656000,0.013736216328150697,0.05228130471860215,0.061693746911066105,0.5132361829280854,0.5267385178804398,0.9743661522861724,0.01847906351772779,0.023789492414536775,47.20035850279737,0.9408627005954907,13.3100004196167,0.0030143150318902023,13.374000072479248,0,0
2015-05-29,0.5354837775230408,0.5391133233673431,0.5347578568160621,0.5357257318618367,335168000,-0.0004514916302151839,0.059358893993914474,0.04426698115817396,0.5155061244964599,0.5264313977956772,0.9792465393497338,0.018219604693706377,0.023784570504483342,75.30915528370831,0.946623631472931,13.84000015258789,0.0398196631301424,13.3385000705719,1,1
2015-06-01,0.5415328145027161,0.5468562115753702,0.5354835547156958,0.5388711448116725,372660000,0.01129639633091406,0.07286684267102306,0.05556725127446538,0.5183568656444549,0.5260766595602036,0.9853257243493708,0.018276029039356843,0.023240708463789336,82.84439880149247,1.0355941369131814,13.970000267028809,0.009393071749107529,13.402000093460083,1,0
2015-06-02,0.5308862328529358,0.5410490637948865,0.5304022665450014,0.538145381328448,224304000,-0.019660085898131396,0.05836960237673483,0.03627476451164524,0.5202152311801911,0.5253885561227798,0.9901533353128846,0.019890281661603317,0.023612171869799106,69.77215856497374,0.6212880570234213,14.239999771118164,0.019327093695666653,13.471500062942505,1,0
2015-06-03,0.5250788331031799,0.536451491275476,0.5241109006578398,0.5323379802997885,250788000,-0.010939066395727393,-0.006410414747157089,0.03136864233943082,0.5218122363090515,0.5249504059553146,0.9940219692933617,0.020205663344152185,0.023025703131619005,63.35113967031729,0.6987225136491443,13.65999984741211,-0.04073033237559609,13.439000034332276,1,1
2015-06-04,0.5345156788825989,0.5362094739268162,0.5219331354791937,0.5219331354791937,323712000,0.01797224566004285,-0.0022585707475034633,0.049904652945619965,0.5243529260158539,0.524850326180458,0.9990523009326795,0.020676003453194355,0.02337716739564975,63.93772139007546,0.9009894651878035,14.710000038146973,0.07686677909691086,13.41700005531311,1,1
2015-06-05,0.5386292934417725,0.541049009356815,0.5272565767195526,0.5328219290932081,313320000,0.007695966127266862,0.005874157258846768,0.06558173473079276,0.5276679456233978,0.5254876488447189,1.0041490923401764,0.020230768015499462,0.023096604235487775,65.64432952145094,0.899768768730824,14.210000038146973,-0.03399048257670745,13.371000051498413,1,0
2015-06-08,0.5262886881828308,0.5405650290168833,0.5202394273980854,0.5369354840841514,342812000,-0.02291112906260029,-0.028149958620483195,0.0426656854445453,0.5298215091228485,0.5259118849039077,1.0074339909995667,0.022215447898733087,0.01636027569179106,57.48328564485328,1.1128966178606512,15.289999961853027,0.07600280934600834,13.492500066757202,1,1
2015-06-09,0.5289505124092102,0.5328220123255846,0.5258048754592157,0.5267727504383094,256888000,0.005057726464861245,-0.0036462057667669967,0.054510569029177836,0.5325558006763458,0.5261918503046036,1.0120943537382006,0.02189944283051289,0.01611518360479257,60.677123258936334,0.8747416344028903,14.470000267028809,-0.05362980358862224,13.523500061035156,1,0
2015-06-10,0.5195134282112122,0.5260466542533614,0.5166097465522268,0.5226590641115904,529460000,-0.017841147662405965,-0.010599179668082659,-0.016941649277587678,0.5316604912281037,0.5262397223711014,1.010300949598745,0.015084843443373498,0.016701453841426187,55.082671555196576,1.760723098308647,13.220000267028809,-0.08638562383777126,13.491500091552734,0,1
2015-06-11,0.5250788331031799,0.5287083778561974,0.519513481150056,0.519513481150056,283052000,0.010712725773288634,-0.017654946622233103,-0.019873642423746785,0.5305958092212677,0.5266590303182602,1.007475005034336,0.014770222372109114,0.016798498239818226,59.39676274637894,0.945295165119072,12.850000381469727,-0.027987887903593744,13.446000099182129,0,0
2015-06-12,0.5108025074005127,0.5248368359673737,0.5095926206549586,0.5216911996576233,323728000,-0.027188918696827158,-0.0516622218287649,-0.046091536585281645,0.5281276822090148,0.526754270195961,1.0026073106394429,0.016763102901948206,0.017662938697743456,52.56680605089758,1.0756290905756194,13.779999732971191,0.07237348824071366,13.49800009727478,1,0
2015-06-15,0.5098345875740051,0.5122543031607537,0.5042692359554264,0.5081407347417679,306548000,-0.0018949003039028245,-0.03126440103745798,-0.05853426806244255,0.5249578595161438,0.5268060702085495,0.9964916678130264,0.015870130538977404,0.017667208849358358,53.556461853052,1.0034225590371795,15.390000343322754,0.11683604075109955,13.648500108718872,1,1
2015-06-16,0.5161257982254028,0.5168517186652499,0.5037852661291414,0.5088666515175014,256892000,0.012339709397382714,-0.02424558419538092,-0.027803385573236028,0.5234818160533905,0.526689847111702,0.9939090698711891,0.016012758360137935,0.01788245024880192,43.51136090839631,0.8503586910754907,14.8100004196167,-0.03768680381853917,13.75250015258789,1,1
2015-06-17,0.5221748948097229,0.5250785753391627,0.5146737970293972,0.5158836254563002,233544000,0.011720198070157783,0.005122998663720235,-0.005530480587638498,0.5231914222240448,0.5266030770540238,0.9935213921478302,0.016317601233882206,0.01797585676089452,42.783307494130625,0.7756741281205453,14.5,-0.020931830576188637,13.835000133514404,1,1
2015-06-18,0.5308862328529358,0.5342738239367247,0.5250789256106427,0.5265307668438619,299404000,0.01668279752588875,0.011060053050385932,-0.006790158218090814,0.5228284776210785,0.5266134625673294,0.9928125936473434,0.016160329477258675,0.01829082341269069,47.75410256111622,0.9777600124357394,13.1899995803833,-0.09034485652528956,13.850500106811523,0,0
2015-06-19,0.5291923880577087,0.5352416490456564,0.5243529561911193,0.5308861834419573,355656000,-0.0031905984567059953,0.036001938891769836,-0.017520223090287335,0.5218847870826722,0.5263442903757095,0.9915274025489018,0.01590686383902985,0.01820547934440356,43.70380597414351,1.1398777740884658,13.960000038146973,0.058377595319172526,13.94300012588501,1,0
2015-06-22,0.5270146131515503,0.5330639316778832,0.519029545003514,0.530160249554751,514236000,-0.004115280104748931,0.033697253964848795,0.00137932846557276,0.521957379579544,0.5259207743406296,0.9924638938896174,0.014126489481393778,0.018245394924955874,47.837815706202576,1.572132343364886,12.739999771118164,-0.08739256903259651,13.973500108718872,0,0
2015-06-23,0.5134641528129578,0.5320959578131443,0.5093506419186754,0.527982446918862,414064000,-0.025711735501148025,-0.005156970299869945,-0.02927752073765222,0.5204087436199188,0.5253274112939834,0.9906369483710189,0.016162031000774447,0.019219701841397433,44.02987543934469,1.236708927299923,12.109999656677246,-0.049450559321762344,13.8760000705719,0,0
2015-06-24,0.5083829164505005,0.5154001113025268,0.5059632000557248,0.512738382884861,253368000,-0.009895990469091731,-0.026412565016646572,-0.021424877888212124,0.5192956924438477,0.5247239476442337,0.9896550267531025,0.015525891338458797,0.014900483324424334,35.93768943634008,0.7775292070594084,13.260000228881836,0.0949628905703972,13.875500059127807,0,1
2015-06-25,0.5122544765472412,0.515400113643798,0.5083829187598952,0.5083829187598952,350460000,0.007615440982501331,-0.03509557255905693,-0.024423678403007854,0.5180132567882538,0.5240678495168686,0.988446929659592,0.01527171665707663,0.014624255410591794,35.77036865529573,1.071732631362629,14.010000228881836,0.05656108499654566,13.910500049591064,1,0
2015-06-26,0.5018494725227356,0.5086247109128816,0.49967176883534165,0.50814074470981,421296000,-0.02031217783520145,-0.05166913990454336,-0.017527390230207218,0.517117953300476,0.523271091580391,0.9882410123950645,0.014142758320022432,0.015168088306334879,36.53339604273874,1.2716081876287315,14.020000457763672,0.0007137921997475427,13.919500064849853,1,0
2015-06-29,0.4868474304676056,0.5011237747162003,0.48612150976932195,0.49604232982821467,391724000,-0.029893509660808393,-0.0762164495662554,-0.0450874806587398,0.5148192375898362,0.5223139929771423,0.9856508623393627,0.016726333306177364,0.015885799364298583,29.577532792432976,1.1789583426131363,18.850000381469727,0.344507829244143,14.1635000705719,1,0
2015-06-30,0.48660531640052795,0.49192871450810066,0.48321772564597176,0.4897509528699239,315916000,-0.0004973099413200233,-0.05230907798584683,-0.05719629192413023,0.5118671894073487,0.5214050394296647,0.9817074072917498,0.01575687531045091,0.01554113414782851,32.47430616242613,0.9378720200544229,18.229999542236328,-0.03289129054039086,14.363000059127808,1,1
2015-07-01,0.4936225414276123,0.5057211218173907,0.4892670755635249,0.49870398557472656,302892000,0.014420773449397295,-0.029033971333939146,-0.05467967469503654,0.5090119540691376,0.5206508868932724,0.9776454182310444,0.016108962539005255,0.01599289491844481,33.50260582735018,0.8923059337996975,16.09000015258789,-0.11738888883076282,14.484500074386597,1,1
2015-07-02,0.49410659074783325,0.4972522279468186,0.49096095354884794,0.4933806700334065,145764000,0.0009806061911619146,-0.03542748112565164,-0.06927970595027866,0.5053339898586273,0.5197859829664231,0.9721962623437475,0.014380061614202773,0.015256672540077558,39.762743257783086,0.4409725331506889,16.790000915527344,0.043505329788754876,14.588500118255615,1,0
2015-07-06,0.48805710673332214,0.49676809468948363,0.48442756207108867,0.48999291388500926,214776000,-0.012243277316651868,-0.02748307320137433,-0.07773218635166912,0.5012204617261886,0.518843446969986,0.96603409882747,0.014394346653072237,0.0151159657252828,37.43023448232205,0.6595828317323047,17.010000228881836,0.013102995911753457,14.728500127792358,1,0
2015-07-07,0.4788621664047241,0.48708921673777766,0.46361795238182607,0.4851534673373276,594252000,-0.018839886156236663,-0.016401984611917997,-0.09136833314521253,0.49640521705150603,0.5178085315227509,0.9586655816421124,0.014706495535075675,0.01488499812464506,29.189343750977812,1.757123088386616,16.09000015258789,-0.054085835621086376,14.768500137329102,1,0
2015-07-08,0.47547459602355957,0.47910416956935326,0.4716030393699317,0.4762005165017756,332492000,-0.007074207608837146,-0.022874226815488785,-0.07398677508697837,0.49260626137256625,0.5166239762306213,0.9535102589831536,0.013550463155185743,0.014716757527988027,23.120163522513167,0.9722664910599041,19.65999984741211,0.2218769211291789,15.028000116348267,1,0
2015-07-09,0.4696672558784485,0.48515348232266653,0.46676360284280066,0.4829757209119661,357588000,-0.012213775864532872,-0.04852956163606792,-0.0761545270686168,0.488734695315361,0.5152702856063843,0.9485016096750165,0.013614266809715813,0.014514991757254271,13.544789389881245,1.0726054689116948,19.969999313354492,0.01576802992616444,15.36550006866455,1,1
2015-07-10,0.4778943359851837,0.4822498302303377,0.474506716529936,0.4757165744399628,216708000,0.01751682708079705,-0.03281124977125316,-0.06707631096492472,0.48529868125915526,0.5141630226373672,0.9438614989655341,0.015135499227972223,0.014973423210465282,21.657871208141998,0.6565607906796653,16.829999923706055,-0.15723582862362107,15.564500045776366,1,1
2015-07-13,0.4810398817062378,0.48370155129974196,0.4778942459636578,0.48273367669215544,212472000,0.006582094584924203,-0.014377876953892255,-0.04146580191046245,0.48321772217750547,0.5130897730588913,0.9417800695903616,0.014857695778590115,0.014173602215883752,24.867761588333693,0.6547620881928219,13.899999618530273,-0.1740938988982823,15.570500040054322,0,1
2015-07-14,0.48128196597099304,0.48224986968537575,0.47499072163131145,0.48176593225082953,249216000,0.0005032519630110421,0.005053227705242858,-0.011431639869737165,0.4826611757278442,0.5117564225196838,0.9431462986852491,0.011793780593230482,0.014192694824990392,29.41190601569558,0.7748386374659553,13.369999885559082,-0.03812947823859225,15.469500017166137,0,0
2015-07-15,0.4778943359851837,0.48321770502024397,0.47353884174002975,0.48007206868511676,265732000,-0.007038763604978904,0.005089104616441409,-0.01790153153233154,0.4817900776863098,0.5104227584600448,0.9439039888030849,0.011938000519913854,0.013760974291575622,30.06335515328206,0.8250548003899677,13.229999542236328,-0.010471229956700912,15.39049997329712,0,1
2015-07-16,0.4885411858558655,0.4885411858558655,0.47910427524807747,0.4807980708406673,282848000,0.02227866929775013,0.04018574797622598,-0.010294010393145703,0.4812819421291351,0.5095814234018325,0.9444652415235676,0.013300810010123598,0.014564772139822232,35.75589430283033,0.8715265024810256,12.109999656677246,-0.08465607893511407,15.270999956130982,0,0
2015-07-17,0.4856373965740204,0.48733119179436496,0.4793461242181276,0.4868472832688796,220372000,-0.005943796277396718,0.016202453148715934,-0.017140419359706782,0.48043502271175387,0.5086482918262482,0.9445328539034359,0.013368922648668303,0.013795717380724326,39.29722819130245,0.6873916846230531,11.949999809265137,-0.013212209079121462,15.208999967575073,0,0
2015-07-20,0.47668445110321045,0.48757320052262787,0.4754745932616403,0.48563739336177214,188412000,-0.018435453146667502,-0.009054198557464144,-0.02330189535858107,0.4792977571487427,0.50734823346138,0.9447115916394088,0.014040758329682856,0.014144813620816144,42.70829635946173,0.6034409315714664,12.25,0.025104618872233475,15.123499965667724,0,1
2015-07-21,0.4788621664047241,0.48563737584215494,0.475716530361065,0.475716530361065,149720000,0.004568463050291793,-0.00502782098096477,0.0,0.4792977571487427,0.5068913769721984,0.9455630514208389,0.01287344703136203,0.01430946344666963,44.59460302890471,0.5092454650215168,12.220000267028809,-0.002448957793566686,15.097499990463257,0,0
2015-07-22,0.4696672558784485,0.47547459079503024,0.46385994980715284,0.47547459079503024,356472000,-0.019201580687216557,-0.01721527017007851,-0.012213775864532872,0.4787170231342316,0.5063469642400742,0.9454327900487967,0.014131456614005772,0.0138732977454956,33.77055720805595,1.224467924320908,12.119999885559082,-0.008183337093661147,15.098000001907348,0,1
2015-07-23,0.47547459602355957,0.4824917600073128,0.46966726104311773,0.47063516462916793,169916000,0.012364796720284899,-0.026746137706721296,0.012364796720284899,0.4792977571487427,0.5058223563432693,0.9475614336497888,0.01412855522635026,0.014292110173253653,38.22626122315538,0.5921420839905294,12.640000343322754,0.04290432860343918,15.067000007629394,0,0
2015-07-24,0.46990931034088135,0.4793461913510795,0.46797353174139983,0.47886225391253173,188844000,-0.011704696169303808,-0.03238648082724782,-0.01670876811678712,0.4784992545843124,0.5051286369562149,0.9472819784434222,0.013409898187446112,0.014171969348726951,38.46162300024064,0.6771742880031096,13.739999771118164,0.0870252688225992,15.053499984741212,0,0
2015-07-27,0.4672475755214691,0.47257094463003374,0.4619242064129045,0.465795734471275,192420000,-0.005664358549272719,-0.019796902458012133,-0.028671855929798706,0.4771200239658356,0.5042179012298584,0.9462576056940316,0.013135773614091812,0.013665422586265307,41.946372384468596,0.7195239968469876,15.600000381469727,0.13537122571583526,15.132499980926514,1,1
2015-07-28,0.4774104058742523,0.4805560134120853,0.4636180024132811,0.4684574341272252,198308000,0.021750418590061216,-0.0030316876803434534,-0.008044265878381252,0.4767328679561615,0.5035056012868881,0.9468273376456997,0.01527803938814794,0.013285018229158521,51.22701205987282,0.7693632737938205,13.4399995803833,-0.13846158642740525,14.861999940872192,0,1
2015-07-29,0.483217716217041,0.487089273156951,0.4745067275248879,0.47644250599484284,232680000,0.012164188864199899,0.028851192347331578,0.011139241106264741,0.47726520597934724,0.5029239040613175,0.9489809534309949,0.015596650249919589,0.013602824629051392,58.58895543274411,0.917528870928436,12.5,-0.06994044715263992,14.575499963760375,0,1
2015-07-30,0.4844275116920471,0.48926694253211994,0.4820077674267276,0.4820077674267276,190180000,0.002503624007160088,0.018829430096500843,-0.008420322140520686,0.47685383856296537,0.5024302786588669,0.949094548672161,0.013777122924831964,0.0131802805363687,54.545401766182934,0.7669828753670975,12.130000114440918,-0.02959999084472653,14.377499961853028,0,0
2015-07-31,0.48273372650146484,0.4866052541765645,0.4798300735338188,0.4863632999223438,218340000,-0.00349646778868129,0.02729125786267228,-0.0059790907640964175,0.47656347155570983,0.5019027775526047,0.9495135170989584,0.013696304566213796,0.013185440176682441,51.202775466393994,0.8678495027970399,12.119999885559082,-0.0008244211696197823,14.143999910354614,0,1
2015-08-03,0.49096086621284485,0.49144477480932014,0.4803140982675409,0.4866053427010794,397132000,0.017042811097962574,0.050751019231957795,0.029949403796565743,0.4779911130666733,0.501612412929535,0.9529092597112825,0.01312152494850344,0.013502952254251148,56.172841852692656,1.5232991133280043,12.5600004196167,0.03630367476998697,13.921499919891357,0,1
2015-08-04,0.49289652705192566,0.4943483679605742,0.4873311753624868,0.48926698247087524,260100000,0.003942597001695969,0.03243775373792812,0.029307724919199307,0.47939454913139345,0.501375282406807,0.9561591206293677,0.013114876842181033,0.012735071867775923,59.74838065994401,1.0659940917451647,13.0,0.03503181255440824,13.766999912261962,0,1
2015-08-05,0.49797824025154114,0.5054793454261307,0.497010307327218,0.5049953789639692,234628000,0.010309898570415532,0.03054632216313502,0.06027881232669885,0.4822256475687027,0.501302695274353,0.9619450525890154,0.010662470336308006,0.012710693802837349,56.61025200183201,0.9812784708269693,12.510000228881836,-0.0376922900860126,13.40949993133545,0,0
2015-08-06,0.49483248591423035,0.500397839310437,0.48660540413901926,0.4967682359256985,655676000,-0.006317051796724704,0.021478908548855813,0.040712774252426254,0.4841614365577698,0.500630014538765,0.9671042935846188,0.011038071591936375,0.012419127784133304,56.41900719843549,2.581312143516288,13.770000457763672,0.10071944091358787,13.099499988555909,1,1
2015-08-07,0.5560511350631714,0.5654879844396185,0.5294342088192074,0.5434685923071567,1405248000,0.12371590566823065,0.1518796067825272,0.1833158501579828,0.4927756190299988,0.5010365241765976,0.9835123693623439,0.03849034103944321,0.029731052579534022,82.03120677519566,4.483367885863708,13.390000343322754,-0.027596231068145682,12.927500009536743,1,1
2015-08-10,0.5754089951515198,0.5795225064146208,0.5487920625469735,0.5521797109612135,662304000,0.034813093378811555,0.17200582520983332,0.23148631538502418,0.5035917609930038,0.5018350285291672,1.003500617461849,0.03789630159789312,0.03032462028861821,84.21953152793822,1.971568856842282,12.229999542236328,-0.08663187239310921,12.844000005722046,0,0
2015-08-11,0.5725052356719971,0.5780705872623267,0.5669398840816673,0.5669398840816673,435008000,-0.005046426983224439,0.16151200962242696,0.19918885015420518,0.5131012439727783,0.5024544769525527,1.0211895156846835,0.038823916868023486,0.030435577193404097,88.15070249998894,1.2601001688792846,13.710000038146973,0.12101394532350218,12.86100001335144,1,1
2015-08-12,0.5739572048187256,0.5780707164455203,0.5633104654499287,0.5633104654499287,384048000,0.0025361674553494584,0.15257486859025327,0.1877817918433442,0.5221751928329468,0.5033158963918686,1.0374700989503316,0.03912944328506531,0.030242548405407722,87.75500550924781,1.0937400322612982,13.609999656677246,-0.007293973828700451,12.880000019073487,1,0
2015-08-13,0.569117546081543,0.5758927831219537,0.5676657054521292,0.5746828967005889,276884000,-0.008432089878044335,0.15012163162664405,0.1748249889724136,0.5306441962718964,0.5041966706514358,1.0524547803663393,0.03975842019380267,0.030344884489001855,88.2459736254949,0.7892152028334719,13.489999771118164,-0.00881703810331902,12.949000024795533,1,1
2015-08-14,0.5696016550064087,0.5729892455307165,0.5652461320260921,0.5686337225503999,214652000,0.0008506308199403012,0.02436919752299027,0.179949988442915,0.5393309891223907,0.504898390173912,1.0681970860248107,0.03953367750372322,0.030217462084162677,90.13256097826033,0.6123316424598472,12.829999923706055,-0.04892511924463905,12.993000030517578,0,0
2015-08-17,0.565972089767456,0.5686337599701996,0.5589548962977742,0.5686337599701996,273880000,-0.006372111469570396,-0.016400343865981326,0.15278452666345888,0.5468321114778518,0.5054452461004257,1.081881995521238,0.04024042703780403,0.029770423120714255,86.59975106173181,0.7718799848938341,13.020000457763672,0.014809083023184844,13.031500053405761,0,0
2015-08-18,0.5608205795288086,0.5681102678741621,0.5564467317616206,0.5642224225033149,287084000,-0.009102057030345945,-0.020409693073764168,0.13780590600454223,0.5536245167255401,0.5061358839273453,1.0938258564670584,0.040845584562777995,0.030033694842442078,82.24560113888424,0.7937289979103664,13.789999961853027,0.059139744778596626,13.110000038146973,1,0
2015-08-19,0.5586337447166443,0.5664094366981348,0.5525589744936106,0.5600916942048365,249248000,-0.003899348369137301,-0.02669791401420063,0.12180352385370208,0.5596900671720505,0.506729548573494,1.1045143681627545,0.041221872364733556,0.029485239066455185,80.58588548601864,0.6994883941525949,15.25,0.10587382466901651,13.26650004386902,1,0
2015-08-20,0.5384655594825745,0.5549888313461431,0.5357926329674161,0.5523159627642831,426932000,-0.036102697742149026,-0.05385879737852384,0.08817746370820734,0.5640533745288849,0.5071085911989212,1.1122930755231994,0.043715219878727195,0.031147510706932745,69.93521548005913,1.1564338027161833,19.139999389648438,0.2550819271900615,13.591499996185302,1,0
2015-08-21,0.5216993093490601,0.5435683784859202,0.521213306861586,0.5345777669674303,382664000,-0.031137089156872966,-0.08409797485017789,-0.061778177487595065,0.5606181919574738,0.5070410007238388,1.1056663882351714,0.0192763295734785,0.03204127725422268,60.36210103473226,1.010011856284517,28.030000686645508,0.4644723918750533,14.30600004196167,1,0
2015-08-24,0.5032320022583008,0.5304468626130419,0.4859796988489138,0.49254041273324883,682284000,-0.035398373660493254,-0.11085367749306085,-0.12543598292934743,0.5534004926681518,0.5068895906209946,1.0917574614033332,0.014993389976935808,0.03326300689556235,53.134752573101984,1.6914846143929552,40.7400016784668,0.45344276419788976,15.563000106811524,1,0
2015-08-25,0.49278345704078674,0.5272880069161024,0.49278345704078674,0.525344055158829,622684000,-0.02076287909080743,-0.12131709315158412,-0.13925074158952322,0.5454283148050308,0.5065485680103302,1.0767542329601605,0.014865718892881059,0.03344144007184035,48.47409690466861,1.4665784859867146,36.02000045776367,-0.11585667712914927,16.692000150680542,1,1
2015-08-26,0.5299607515335083,0.5304467538425517,0.5049328202500669,0.5088206649225663,614976000,0.075443471085606,-0.05132699815275177,-0.07665458838366324,0.5410286694765091,0.5068252670764923,1.0674855904428588,0.03214217268733612,0.03722422771024806,58.599267561318285,1.3860250765386155,30.31999969482422,-0.15824543838146699,17.583000135421752,1,1
2015-08-27,0.5498861074447632,0.5501290797157895,0.5323908293982106,0.5355497006547631,463764000,0.03759779540956254,0.021209430688869046,-0.03379168111964048,0.5391055256128311,0.5073794913291931,1.0625292011715424,0.035147839506013655,0.03790858478194117,48.10840220410866,1.0139648534862284,26.100000381469727,-0.13918203680176378,18.281500148773194,1,1
2015-08-28,0.5523160696029663,0.5557179135348869,0.545998326338937,0.5498861728039788,320944000,0.00441902809564465,0.05868660300146411,-0.030346796311973345,0.5373769670724868,0.5078080880641938,1.058228452250558,0.03520807901060795,0.03783437658315212,42.093105173833926,0.6939224703626107,26.049999237060547,-0.0019157526313554607,18.978000116348266,1,0
2015-08-31,0.546241283416748,0.5535310315438766,0.5440544169119174,0.5496431851871774,219352000,-0.010998749666264684,0.08546610900228746,-0.03486180097469982,0.5354038864374161,0.5081490659713745,1.0536354827572918,0.03529444963267857,0.03797773495270631,41.19848608751337,0.48356105798270793,28.43000030517578,0.09136280759383975,19.77150011062622,1,0
2015-09-01,0.5238862633705139,0.5394376503722251,0.5199984745533999,0.5304470373493497,353408000,-0.04092517487217939,0.06311657967680695,-0.06585763345083773,0.5317104548215866,0.5080864989757538,1.0464959330615085,0.03728489778938668,0.039404254305435565,35.28228957229426,0.7711560139424645,31.399999618530273,0.10446708693189133,20.691500091552733,1,1
2015-09-02,0.539680540561676,0.5399235128424418,0.5292319793557824,0.5382225910104713,344044000,0.030148294191847835,0.01834058276965278,-0.033927782441037224,0.5298151344060897,0.5086108267307281,1.0416906337044762,0.039029684996647974,0.039825268810165085,41.87088047204663,0.7418671356507391,26.09000015258789,-0.1691082653010212,21.370500087738037,1,1
2015-09-03,0.5411382913589478,0.5503719298362971,0.5401663446595646,0.5476990039963888,262556000,0.0027011364829914175,-0.015908414428699058,0.004963607846974583,0.5300824075937272,0.5092659342288971,1.0408754482986364,0.03723538449249544,0.039744323091849325,42.18179692802982,0.5912115833840353,25.610000610351562,-0.01839783593058797,21.96250009536743,1,0
2015-09-04,0.5285029411315918,0.5404094504592728,0.5282599688799956,0.5319047843871298,287972000,-0.02334957704734797,-0.04311503825788132,0.013041289609949436,0.5307627707719803,0.5095909035205841,1.0415467919563068,0.03656138806235296,0.02874659926417431,40.19329548315759,0.7417477688736496,27.799999237060547,0.08551341563903692,22.68300004005432,1,1
2015-09-08,0.5511012673377991,0.5532881925317307,0.5391948097930476,0.5413816770536513,238448000,0.04275913045596558,0.008897137709277025,0.09512365045283389,0.5355496972799301,0.5105759394168854,1.0489129156606292,0.03605552906340018,0.02933328327101171,47.66906474408786,0.6496484322213067,24.899999618530273,-0.10431653590350631,23.31650004386902,1,0
2015-09-09,0.5401665568351746,0.5574188058090235,0.5389515795337438,0.5528020426901834,289392000,-0.019841562977067295,0.031076007528654248,0.09615399851068052,0.5402880072593689,0.5116423219442368,1.0559877165873979,0.03597010588855933,0.02960598901964516,45.74945391318091,0.8044011465395896,26.229999542236328,0.053413652372760856,23.942500019073485,1,1
2015-09-10,0.5486710071563721,0.5554747506187561,0.5345776337318382,0.5370075296969847,357076000,0.015744125980373447,0.01665886745766154,0.0353049835647703,0.5421590328216552,0.5128836357593536,1.0570799983098655,0.027916444950562138,0.0298702129933712,52.48223917199835,0.9962718902983771,24.3700008392334,-0.07091112220600326,24.480500078201295,0,1
2015-09-11,0.5503722429275513,0.5540170596069927,0.5404096242748907,0.5425965490425454,301584000,0.003100648200815792,0.017063940430854574,0.0008840657659947571,0.5422076463699341,0.5140186297893524,1.054840457031944,0.025287017799062894,0.02984742196666569,57.52553163463473,0.8385551173483347,23.200000762939453,-0.04800984965131205,24.96600012779236,0,1
2015-09-14,0.5513440370559692,0.5547458804608771,0.5484281381755908,0.5530449587584232,192460000,0.001765703377860639,0.043218484036194216,-0.0017599208143551648,0.5421104431152344,0.5151633787155151,1.0523078027535806,0.025253776780718464,0.029851522736072205,63.90450033366557,0.5367916781949787,24.25,0.04525858631599067,25.537000131607055,0,1
2015-09-15,0.5574188232421875,0.5603347225101702,0.5498861607109762,0.5515870826395302,327976000,0.011018140721455794,0.011463511842218388,0.020462641994987596,0.5432281970977784,0.5165506130456925,1.0516456342870046,0.025137114092836164,0.02994638336958496,69.16426833826549,0.9079111422136493,22.540000915527344,-0.0705154261638209,26.013000154495238,0,1
2015-09-16,0.5613064765930176,0.5644653470692531,0.5523158675196119,0.5564466847731612,173508000,0.006974384769100173,0.03913592852119807,0.07142812445921787,0.5469702184200287,0.5181994992494583,1.0555205460681472,0.020026954119376193,0.029914587054055364,61.57989536358512,0.48798020944776127,21.350000381469727,-0.05279505260524853,26.391000175476073,0,1
2015-09-17,0.5664094686508179,0.5761290552093379,0.5651944913643501,0.5710262317128009,268712000,0.009091275926075282,0.03232986846959518,0.04952731492101514,0.5496431112289428,0.5200181967020034,1.0569689959213406,0.018373282380483455,0.029955890175958153,56.85485266873784,0.7536725521741374,21.139999389648438,-0.00983611185335409,26.685500144958496,0,0
2015-09-18,0.5659235119819641,0.5707833056548037,0.5552319774883789,0.5586338214727046,326412000,-0.0008579600019952283,0.02825591089349322,0.04580200850465377,0.5521216332912445,0.5219433218240738,1.0578191351538024,0.018456964074539443,0.02866004409878499,55.737707390117855,0.928597357463839,22.280000686645508,0.05392626915378673,26.84250020980835,0,1
2015-09-21,0.5717553496360779,0.5729703272267135,0.5637366829245076,0.5666525827953769,281840000,0.010304992690071568,0.03702100904019856,0.08183948496460047,0.5564468741416931,0.5238205420970917,1.0622853237369871,0.015639406822623846,0.027548148105208028,60.78033556786685,0.8134624220999476,20.139999389648438,-0.09605032455316631,26.448000144958495,0,0
2015-09-22,0.5562039613723755,0.5632506800434068,0.5532880618027586,0.5593628332616891,228356000,-0.027199375176114815,-0.0021794417754783524,0.009259086010137363,0.5569571435451508,0.5253238236904144,1.0602168004346566,0.013918504241736332,0.02697112778039363,64.48801707990306,0.705296176459324,22.440000534057617,0.11420065611279684,25.53300008773804,0,1
2015-09-23,0.5588766932487488,0.56227853662117,0.5545029029032501,0.5566897691093494,161632000,0.004805308954971554,-0.004328799765534352,0.034637717157457004,0.5588281571865081,0.5268757182359696,1.0606451158112171,0.01184338007142142,0.026264625893736945,59.75305591189186,0.5374823008466996,22.1299991607666,-0.013814677625364591,24.838500022888184,0,1
2015-09-24,0.5695682764053345,0.5754000161018726,0.546727204199503,0.5554748427109598,382440000,0.019130486716909756,0.005576897861613972,0.03808706670554329,0.5609178841114044,0.5287091970443726,1.0609194756722355,0.012273769670622985,0.020988418630484885,63.205461854505586,1.322892431453044,23.469999313354492,0.06055129703590434,24.496000003814697,0,1
2015-09-25,0.5736990571022034,0.5848765912542436,0.5681102900261832,0.5766148977940646,369692000,0.007252476775811978,0.013739568962257698,0.04238370389206336,0.5632505655288697,0.5304123544692994,1.061910720560848,0.012317127146348996,0.019459167607579573,72.7940349799224,1.299946341329624,23.6200008392334,0.006391202823493591,24.37200002670288,0,0
2015-09-28,0.5661661624908447,0.5773436931720075,0.562521348274492,0.5736988789556547,395584000,-0.013130393920129269,-0.009775487275791472,0.026883623361597886,0.5647327780723572,0.5320229297876358,1.0614820272836323,0.013492723738449723,0.01975215849153498,58.959222028994546,1.372972995485943,27.6299991607666,0.16977130309294908,24.451000022888184,1,1
2015-09-29,0.576129138469696,0.5771010856793497,0.5642226258348259,0.5722412916977676,380736000,0.017597264970798054,0.035823508067359455,0.03356599104185487,0.566603809595108,0.5340118235349656,1.0610323304161982,0.01408852407694024,0.019840326634734003,71.63733881876695,1.2854390775694364,26.829999923706055,-0.02895400873542231,24.371000003814697,1,1
2015-09-30,0.5989702939987183,0.5996992690540779,0.5780731635672814,0.5814750085367416,556380000,0.03964589534508267,0.07173961847810384,0.06710027226892179,0.5703701913356781,0.5364139860868454,1.0633022369467733,0.01819899453663626,0.01862581691451595,75.81045139126775,1.8162172749232879,24.5,-0.08684308350099357,24.026000022888184,1,0
2015-10-01,0.5873066782951355,0.6006710828251862,0.5702973413660113,0.5989701607189366,489296000,-0.019472778233652677,0.03114359177753334,0.03689417426953434,0.5724599123001098,0.5387667745351792,1.0625375196790845,0.0199345580726309,0.01866849670762427,67.19445876567573,1.5602421663595902,22.549999237060547,-0.07959186787507977,23.848999977111816,0,1
2015-10-02,0.6026148200035095,0.6026148200035095,0.5780728285196686,0.5841475978156558,386144000,0.02606498831719617,0.050402319026567444,0.06483439412694825,0.5761290431022644,0.5413095790147782,1.0643244927438014,0.02102278991103348,0.019277533752502164,71.05775317966366,1.207522624788137,20.940000534057617,-0.07139684068622598,23.61549997329712,0,1
2015-10-05,0.6176802515983582,0.6252129128658327,0.6033438458248079,0.6065027168573969,482024000,0.02500010138277209,0.09098758018472441,0.08032264497658215,0.5807215332984924,0.5442649978399277,1.0669830608311264,0.021816924501145345,0.01847491873326858,73.04820060995654,1.4629636711397134,19.540000915527344,-0.06685766871176824,23.20250005722046,0,1
2015-10-06,0.6256990432739258,0.6283719124122689,0.6086897654299678,0.611119662264819,453216000,0.012982107902620443,0.08603957254426753,0.12494531993277858,0.5876710414886475,0.5474340271949768,1.0735011203082188,0.017983428442503207,0.016633328291382542,73.87380777696258,1.332114524885149,19.399999618530273,-0.007164856214813109,22.92750005722046,0,1
2015-10-07,0.6322597861289978,0.6385775297580071,0.6169514296176726,0.627157019936327,310152000,0.010485460902646349,0.05557786832471989,0.13130462187226533,0.5950093507766724,0.5505310148000717,1.0807916988886688,0.017820333601455064,0.015445621804767745,74.15319472312866,0.9088410336956171,18.399999618530273,-0.051546392766154026,22.536000061035157,0,1
2015-10-08,0.6359046697616577,0.6376055918506419,0.6188953330051886,0.6295869260406801,460068000,0.005764851272568983,0.08274721412600816,0.11646785136101023,0.6016429901123047,0.5535847538709641,1.0868127886566445,0.017773571756241616,0.015343650770127677,75.08699656201723,1.3281002371174555,17.420000076293945,-0.05326084579096346,22.188500022888185,0,0
2015-10-09,0.6334746479988098,0.638577413260569,0.6215681377880692,0.6325026430537394,423248000,-0.0038213617203954886,0.0512098723279335,0.10419328767688318,0.6076205492019653,0.5565656965970993,1.0917319427284518,0.018382705655823825,0.015525483240308995,72.67838886499206,1.2007246652281545,17.079999923706055,-0.019517804311067755,21.882499980926514,0,1
2015-10-12,0.640278160572052,0.6439230332897723,0.6295866304888831,0.6342033920202802,227588000,0.010739991876131061,0.03658512460972774,0.13090149675344764,0.6150317490100861,0.5597165852785111,1.098827094258875,0.016480760560577925,0.015490713830402734,83.0150028297952,0.6424498842908204,16.170000076293945,-0.05327867982886125,21.478499984741212,0,1
2015-10-13,0.6414934396743774,0.6453812284938351,0.6329887712818579,0.6351756959427881,298444000,0.0018980486562896193,0.025242800944378363,0.11345425329172021,0.6215681791305542,0.5627272367477417,1.1045638784482534,0.016687552320220345,0.015519588015086717,82.81833270589016,0.8459930108148682,17.670000076293945,0.09276437804097948,21.23499994277954,0,1
2015-10-14,0.6648204326629639,0.6752689950000906,0.6414934111180602,0.6422223280392753,612148000,0.036363572167514624,0.051498841533664796,0.10993890569201836,0.6281531929969788,0.5661657148599625,1.1094864568977805,0.016081210125101008,0.016836299588214285,84.3857639349116,1.63367721219005,18.030000686645508,0.02037354888495657,21.06899995803833,0,1
2015-10-15,0.6665213108062744,0.6801287439728876,0.6592316206741574,0.6660353082908104,526048000,0.0025584023290283753,0.048146589418964325,0.13487779968906066,0.6360746562480927,0.5695365762710571,1.1168284579941856,0.01264552590324085,0.016890211525256722,84.10693987862275,1.3572896315630318,16.049999237060547,-0.10981704793009306,20.814499950408937,0,1
2015-10-16,0.6769698262214661,0.6832875688244872,0.6670072098346622,0.6687081895559631,448396000,0.015676191062146794,0.06866127691149204,0.12338728446393588,0.6435101568698883,0.5731793230772019,1.1227030197375307,0.011835816244913738,0.016822590389498786,89.86003145100457,1.1390102816662415,15.050000190734863,-0.062305239492885245,20.452999925613405,0,0
2015-10-19,0.6757548451423645,0.6823156179158908,0.6679792110033198,0.679156746632331,294712000,-0.0017947344653203023,0.05540823778623971,0.09402047967978255,0.649317616224289,0.5755733972787858,1.1281230496304269,0.011535775110363473,0.01699488527715044,88.24610523752995,0.7474020783373302,14.979999542236328,-0.004651205821354698,20.194999933242798,0,0
2015-10-20,0.6747831106185913,0.6779419828969397,0.6677363910797126,0.6728392159549869,264824000,-0.0014379986037221792,0.051894016189957703,0.07844676745522361,0.6542260229587555,0.5775608795881272,1.132739501721966,0.011890361949174104,0.015004252933598323,84.97755479852118,0.6685134950242163,15.75,0.051401901287956964,19.860499906539918,0,0
2015-10-21,0.6660353541374207,0.683044690216507,0.6648204346650924,0.6789138133839815,386280000,-0.012963804730013684,0.0018274430429137123,0.053420395776257346,0.6576035797595978,0.5794314819574357,1.1349117199122167,0.01347430370338174,0.01582042050039942,87.32714778729951,0.9482265551548834,16.700000762939453,0.06031750875806052,19.58899998664856,0,1
2015-10-22,0.6900914311408997,0.6922783559662717,0.6728391786740351,0.6738111259519833,306884000,0.036118318425654605,0.03536289080706667,0.08521208281038661,0.663022255897522,0.5817541664838791,1.1396948988003421,0.016638420575554088,0.01682144279985684,88.29786456734995,0.7603795108539986,14.449999809265137,-0.1347305898732356,19.138000011444092,0,1
2015-10-23,0.6947081089019775,0.6993249299303977,0.6857174970641582,0.6961660584828794,381776000,0.00668995085686741,0.026202471651533443,0.0966628437248569,0.6691456019878388,0.5842659777402878,1.1452756578020036,0.01610880283228369,0.016826354483431102,87.11940995581791,0.9445285892487185,14.460000038146973,0.0006920573711997058,18.67999997138977,0,0
2015-10-26,0.6915490031242371,0.6968947971316949,0.685231262369956,0.6951938758414324,247436000,-0.004547385782978086,0.02337261522489742,0.08007588843320446,0.6742726862430573,0.5867049247026443,1.1492534966956247,0.016681128497135038,0.016313778721301537,83.29213925346805,0.6235943446155398,15.289999961853027,0.05739971794719434,18.063000011444093,0,0
2015-10-27,0.691063404083252,0.6954371955964456,0.6876615018693064,0.6881475044522459,208268000,-0.0007021903564191634,0.024126705616173583,0.07727275345798734,0.6792296826839447,0.5892067509889602,1.1527866602748262,0.016804133209470117,0.0163887221396515,81.67546932341014,0.5365428143482721,15.430000305175781,0.009156333791500382,17.493000030517578,0,1
2015-10-28,0.6966520547866821,0.6966520547866821,0.685231488460144,0.6954370775023099,217036000,0.008087030322266875,0.04596858178634222,0.047880029794234114,0.6824128448963165,0.5919233804941177,1.1528736106464677,0.01347476436236032,0.01474634563484919,82.05132882069758,0.5846884450783056,14.329999923706055,-0.07128971871120093,16.984500026702882,0,0
2015-10-29,0.6725959777832031,0.6925211526265372,0.671381058477293,0.6854744931989915,327168000,-0.03453097832438756,-0.02535237008923874,0.009113987622661801,0.6830203115940094,0.5942026251554489,1.1494737361944927,0.018366989301214793,0.016487521592226637,66.8058734152323,0.9010584065239484,14.609999656677246,0.019539409243679584,16.587500047683715,0,1
2015-10-30,0.689362108707428,0.694221958514066,0.6747827330873805,0.6798855551076993,301160000,0.02492749210229306,-0.007695318546085739,0.0183055167393944,0.6842595398426056,0.597220556139946,1.1457401002156127,0.019389551909677637,0.016419868776925407,69.42311720119478,0.839250949856177,15.069999694824219,0.03148528740291501,16.294000005722047,0,1
2015-11-02,0.6973809599876404,0.6981099347594252,0.6874184013287562,0.6915492197466668,190088000,0.011632277403885727,0.008433179481216913,0.03200290016525131,0.6864221513271331,0.6007341891527176,1.142638730609408,0.019562887658781676,0.015907293766374855,70.98541150687483,0.5521849137392628,14.149999618530273,-0.06104844690938638,16.024499940872193,0,0
2015-11-03,0.6925210356712341,0.6971378557072555,0.6847454027999962,0.6932500103049898,376768000,-0.006968822774416461,0.002109258831200611,0.026286853914262887,0.6881959438323975,0.6045199698209762,1.1384172205861143,0.019789452618387417,0.01608459003679775,62.076192901447094,1.106759029752844,14.539999961853027,0.02756186246196246,15.78149995803833,0,0
2015-11-04,0.6811006665229797,0.6956800462617587,0.6779417951195804,0.6905772807331777,442264000,-0.01649100685755356,-0.022323035088821053,0.022619388433321452,0.6897024750709534,0.6082863140106202,1.1338451304674788,0.020129638517762487,0.016736682240180184,55.85937743291328,1.2744251076707445,15.510000228881836,0.06671253573409142,15.636999988555909,0,0
2015-11-05,0.6733249425888062,0.6864464300851896,0.6713810485547581,0.6845024781178389,478800000,-0.011416409227535618,0.0010838078574386678,-0.024296039329707586,0.688025826215744,0.6111535978317261,1.1257821743285945,0.016589405098269974,0.017071353112011963,48.502976127817064,1.375993341893537,15.050000190734863,-0.02965828699927331,15.518499994277954,0,1
2015-11-06,0.7666332721710205,0.7761098884011514,0.7245960458373442,0.7399044036193564,1172272000,0.13857845399794866,0.1120908191610328,0.1035329260554112,0.6952183425426484,0.6154885411262512,1.1295390508335112,0.04773977971006189,0.03468509125262544,71.25005818833174,3.0415600724408303,14.329999923706055,-0.04784054869793675,15.380999994277953,0,0
2015-11-09,0.763231098651886,0.7654180225158252,0.7525395094948224,0.7591002810866402,492568000,-0.004437810935990272,0.0944249161396844,0.10365439788620612,0.7023865520954132,0.6197068417072296,1.133417456164288,0.0477358636133106,0.03483654132776951,70.44931944055905,1.235537428480411,16.520000457763672,0.1528262767423123,15.398500013351441,1,0
2015-11-10,0.7486521005630493,0.7573997425077647,0.7326147666532915,0.7532688649209175,552260000,-0.01910168245841648,0.08105322726754349,0.08333344833415568,0.7081454217433929,0.6237550580501556,1.1352940751407126,0.048578533525369026,0.03538549054874395,68.59960972567274,1.342529544839067,15.289999961853027,-0.07445523376681251,15.279500007629395,1,0
2015-11-11,0.7413621544837952,0.754483583936619,0.738689227792811,0.7491377884879528,619896000,-0.009737428204330767,0.08847662456190286,0.06417852267844593,0.7126164317131043,0.6281045758724213,1.1345506132052903,0.04894253412784411,0.034960990814140024,62.48516608182517,1.5055330335362744,16.059999465942383,0.05035967992219903,15.180999946594238,1,0
2015-11-12,0.7386893033981323,0.746464996131439,0.7355304318460582,0.7396612505064686,291080000,-0.003605324428145318,0.09707699310530904,0.0982660137706517,0.7192257642745972,0.6320847511291504,1.1378628625192726,0.04694580459956555,0.035020106824021645,60.81242109187163,0.7277058216465732,18.3700008392334,0.14383570673148016,15.29700002670288,1,0
2015-11-13,0.7241098880767822,0.7425771139784302,0.7204650141795401,0.7394182425785888,292940000,-0.019736870771353554,-0.05546769966533904,0.05040569960322783,0.7227005422115326,0.6357441830635071,1.1367788514068702,0.04752464720966812,0.0353824695872318,57.579242116023735,0.7468691360039161,20.079999923706055,0.09308650007356323,15.54850001335144,1,1
2015-11-16,0.7386893033981323,0.7391753059189544,0.7277547391127515,0.7335865376293855,344280000,0.02013425801997082,-0.03215513007410531,0.05923354060487118,0.7268313765525818,0.6399479103088379,1.135766466057861,0.047714823617120684,0.03553523873242247,60.40335373824426,0.8722521069038344,18.15999984741211,-0.09561753404327611,15.70750002861023,1,0
2015-11-17,0.7386893033981323,0.7450070465022806,0.7355304318460582,0.740633255548113,257048000,0.0,-0.013307646044703692,0.06666695356358243,0.7314482033252716,0.6436996710300446,1.136319057231787,0.047543235792511726,0.03552292732866236,59.41238332412471,0.6518872288452643,18.84000015258789,0.03744495104016665,15.862000036239625,1,1
2015-11-18,0.7568608522415161,0.7578365483272721,0.7336891460408809,0.741738260751911,350216000,0.024599718392821934,0.020905703999029468,0.11123199468485656,0.7390242218971252,0.6480335569381714,1.1404104216282664,0.047019982411065815,0.03551081838491493,69.37803542115115,0.8922464220056335,16.850000381469727,-0.10562631395970634,15.869500017166137,1,1
2015-11-19,0.7590557336807251,0.7666169968870512,0.753445745445943,0.7595435815002484,254072000,0.002899980138632685,0.027571037226209683,0.12732454372223367,0.7475973010063172,0.6522412514686584,1.1461975140685208,0.04645836665292392,0.03484659476260178,67.17840542367861,0.6516842289400205,16.989999771118164,0.008308568930502691,15.996500015258789,1,1
2015-11-20,0.7656417489051819,0.7700322070546194,0.7600317578164365,0.7646661109230748,239744000,0.008676589784152755,0.05735574325425552,-0.0012933475519928406,0.7474981486797333,0.6565466415882111,1.1385301535798082,0.014817956236690735,0.0348535552349326,66.94492285293231,0.6263425227069542,15.470000267028809,-0.08946436283496895,16.047000026702882,0,0
2015-11-23,0.7541777491569519,0.7719833575104751,0.7514947306040344,0.7719833575104751,242552000,-0.014973059873789274,0.02096746993298715,-0.01186187186413823,0.7465928137302399,0.6606033158302307,1.1301681294044665,0.015523800647990275,0.03508754707971626,64.81963910055363,0.6340830902113331,15.619999885559082,0.00969616134073159,16.063500022888185,0,1
2015-11-24,0.7602755427360535,0.7668611703500096,0.7507629436699874,0.7541777049285882,195428000,0.008085353334698508,0.02922235267062856,0.01552582589999063,0.7477551579475403,0.664660450220108,1.1250182821919295,0.014354414398616521,0.035068826926251705,69.52995800938614,0.5117497027877721,15.930000305175781,0.01984637784173726,16.088500022888184,0,0
2015-11-25,0.7592998743057251,0.7678368359145853,0.7566168558130174,0.7588120844815747,138300000,-0.001283308978764719,0.003222550164915461,0.024195623843814573,0.7495489299297333,0.6686203181743622,1.121038217887759,0.013850357296934842,0.03509265531472671,71.94346016672174,0.3659260654719256,15.1899995803833,-0.04645327750257788,16.131500005722046,0,1
2015-11-27,0.7656417489051819,0.7680808729371014,0.7568608907596107,0.7607635008413428,86996000,0.008352266099418859,0.008676589784152755,0.03648684959029791,0.7522441744804382,0.6726049637794494,1.1184041376285514,0.013782645633050348,0.0338470027384589,49.54489967547941,0.23773517051860896,15.119999885559082,-0.004608274967605519,16.157000017166137,0,1
2015-11-30,0.7736906409263611,0.7771054601090029,0.7656415281267182,0.7663732709406208,327244000,0.010512608583176819,0.010512608583176819,0.06847131031626175,0.7572022497653961,0.6767603063583374,1.118863270571997,0.011139300701905606,0.03359786993051871,54.60442973208129,0.8910883540173096,16.1299991607666,0.0667988943685216,16.209999990463256,0,1
2015-12-01,0.7988137602806091,0.7995455031724678,0.7797885613988713,0.78052030429073,409496000,0.03247178914322579,0.05918500137872407,0.08139343104860353,0.7632146954536438,0.681301474571228,1.1202305057888908,0.013271647600228368,0.034091918688858046,70.20603809210081,1.0827178042321328,14.670000076293945,-0.09051451707597413,16.23600001335144,0,0
2015-12-02,0.7927161455154419,0.8083265292476828,0.7910087643379553,0.8000335183418026,294240000,-0.00763333716613146,0.042669533551799255,0.07313879038016968,0.7686173796653748,0.6860317182540894,1.120381695501574,0.013979347757860522,0.034106906092053496,70.88696832688882,0.7865596249834262,15.90999984741211,0.08452622799381904,16.304500007629393,0,0
2015-12-03,0.7910084128379822,0.8073505324062515,0.7871058041007946,0.7990575251855303,246656000,-0.0021542801759756314,0.04176023150438435,0.045117356110221385,0.7720321357250214,0.6906743526458741,1.1177947071112129,0.012781996719328465,0.03372925092641185,71.44788868401878,0.6770601727566288,18.110000610351562,0.13827786197605163,16.43450002670288,1,1
2015-12-04,0.8232051134109497,0.8246685994031059,0.7910086541967218,0.7910086541967218,458756000,0.04070336048317369,0.07518315790391483,0.08451208110787722,0.7784470736980438,0.6957470893859863,1.1188650093887453,0.017113905649894894,0.0341598931595703,85.49630805020983,1.262739394366453,14.8100004196167,-0.18221977247469578,16.42250003814697,0,0
2015-12-07,0.8075947165489197,0.8229612028687705,0.8051555926593132,0.8229612028687705,333588000,-0.01896294933998688,0.04382123012624839,0.05479451414937575,0.7826423704624176,0.7004250025749207,1.1173821145522322,0.019152505540924774,0.016907052944166195,74.50122904488016,1.0380249433671056,15.84000015258789,0.06954758297014618,16.498000049591063,0,1
2015-12-08,0.818570613861084,0.8219853751289141,0.7924719982379663,0.7975941401397115,314488000,0.01359084833921087,0.02473274067479081,0.08538154934445208,0.7890816569328308,0.7054730916023254,1.118514180520489,0.017843192114648847,0.01698462286073972,76.34744547818696,1.0064775462133237,17.600000381469727,0.11111112449038019,16.552000045776367,1,0
2015-12-09,0.7978379726409912,0.8232049015683293,0.7895449650239553,0.8183266549520392,372676000,-0.025327859159638977,0.006461111148706289,0.0494063372994471,0.7928378999233245,0.7099072682857513,1.116818964028682,0.02078759782063985,0.017473452540745168,63.29103547900406,1.2279890129588038,19.610000610351562,0.11420455598387824,16.768000078201293,1,1
2015-12-10,0.8044238686561584,0.808814268499714,0.7975942867121472,0.8002773056080256,236596000,0.008254678570094542,0.016959940754668112,0.059428423311268075,0.7973502993583679,0.7140163397789001,1.1167115581770477,0.020684455360240134,0.017226656342591025,64.30772076418523,0.8321474621183611,19.34000015258789,-0.01376850838144017,16.93200011253357,1,0
2015-12-11,0.7924720048904419,0.8019846040620726,0.7907646242421941,0.7963746141521334,227320000,-0.014857669235602056,-0.03733347621368044,0.0350428330529593,0.8000333249568939,0.7181196463108063,1.1140668954914443,0.021667600033111637,0.017673973059728582,58.184443018158476,0.8085887117714894,24.389999389648438,0.2611168147475327,17.23300004005432,1,1
2015-12-14,0.7944232821464539,0.7988137393827464,0.7849106829544452,0.7932037494607894,275892000,0.0024622664825639795,-0.016309460837920176,0.026797068651714717,0.8021065890789032,0.7219558155536652,1.1110189457560788,0.021533836467082835,0.016802350062351964,63.033101988219386,0.9843463344077374,22.729999542236328,-0.06806067605383559,17.365500020980836,1,1
2015-12-15,0.8041800260543823,0.8097900177190199,0.7990578825075302,0.8034482829543592,307296000,0.012281543261882577,-0.01758014221744808,0.006717793358852697,0.8026432156562805,0.7256858110427856,1.1060478287468647,0.019276592612080416,0.016513883729773207,63.88887317596525,1.1036733802583196,20.950000762939453,-0.07831055060029035,17.5050000667572,1,1
2015-12-16,0.8090581893920898,0.811741266527307,0.7988139033775279,0.8058873223437815,236356000,0.006066009077148715,0.01406327742706659,0.02061525297434419,0.8042774200439453,0.729352993965149,1.1027272482580315,0.019093770446188207,0.01648478946534185,65.36141008928985,0.8520538898237752,17.860000610351562,-0.14749403532500582,17.456000089645386,1,0
2015-12-17,0.7968624234199524,0.8185706407185819,0.7963746335961387,0.8102776321808157,254160000,-0.015074028212113011,-0.009399827044960674,0.007400693199920871,0.8048628211021424,0.732645046710968,1.0985712995882229,0.01984392854852602,0.016349145083882542,59.30223802403185,0.9323797253632524,18.940000534057617,0.06047031840973682,17.56050009727478,1,0
2015-12-18,0.7839350700378418,0.7993015545456317,0.7829594322277095,0.7912524408437753,395896000,-0.016222817141545387,-0.010772538083260508,-0.047703838002648546,0.8009358167648315,0.7356056547164918,1.088811391850323,0.014645471675874554,0.016887427493221197,52.966112663718384,1.4155117918794067,20.700000762939453,0.09292503586349055,17.746000146865846,1,1
2015-12-21,0.8024725317955017,0.8032042747924147,0.7853986642252341,0.7924721410931926,284216000,0.023646680020023902,0.010132192535067253,-0.0063425189002058735,0.8004235982894897,0.7389856123924256,1.0831382707143133,0.01617846712567098,0.017530197416402247,51.101339606744396,1.0081884986428178,18.700000762939453,-0.09661835392686213,17.907500171661376,1,1
2015-12-22,0.8032041788101196,0.8112532926609987,0.7983259315158472,0.8049115595477855,130012000,0.000911740882869605,-0.0012134686421528817,-0.018772277908295498,0.7988869547843933,0.7422441327571869,1.0763129266065026,0.015429383530967988,0.01705030536057778,53.26243101912589,0.47057954847354466,16.600000381469727,-0.11229948105839693,17.956500196456908,0,1
2015-12-23,0.8063749670982361,0.8095458333470715,0.8029602059543484,0.8044236916312401,122524000,0.003947674043247362,-0.0033164762794996028,0.0107001606215682,0.7997406542301178,0.745541763305664,1.0726973237342745,0.013061988524165612,0.017014136413580544,54.736839784397795,0.4494060565869289,15.569999694824219,-0.062048232709396745,17.93850016593933,0,1
2015-12-24,0.8090581893920898,0.8110095235043664,0.8027164552954731,0.8039360463848089,52448000,0.0033275118937650117,0.0153047321767239,0.005761043296332424,0.800204086303711,0.7484265184402465,1.0691818990745694,0.012855152885482979,0.01698305105897038,44.669146878427995,0.19545148966173118,15.739999771118164,0.010918437997815555,17.966000175476076,0,0
2015-12-28,0.8083261847496033,0.8083261847496033,0.789301046770655,0.8005210252865949,142024000,-0.0009047614276502802,0.031113692503365264,0.020005980982701344,0.801789504289627,0.7512626159191131,1.0672559598998521,0.011689438064081447,0.01696466991614002,50.31044210679695,0.52389169521148,16.90999984741211,0.07433291571203293,18.055500173568724,0,1
2015-12-29,0.8214976191520691,0.8239367427514375,0.8066189244886163,0.8088141531740359,203660000,0.01629470212763917,0.02370808545184655,0.03408049287334958,0.8044969379901886,0.7541531717777252,1.0667553596490096,0.01253242711737157,0.017150342548825154,51.21952188642828,0.7687748900590755,16.079999923706055,-0.04908337854497835,18.0530002117157,0,0
2015-12-30,0.8144240975379944,0.8278393056579033,0.8141802026377404,0.8207658301709226,180344000,-0.008610519920162152,0.013968949644281192,0.012738530119771108,0.8055213451385498,0.7569265568256378,1.064200136558435,0.01263339692720893,0.015864509369650993,57.7981054910047,0.7115357452573884,17.290000915527344,0.07524881825636309,18.184000253677368,0,0
2015-12-31,0.8039358854293823,0.8168632459909839,0.8039358854293823,0.8132045897620813,148528000,-0.01287807192876289,-0.0030247487439135634,-0.006331193515952571,0.8050091147422791,0.7595096123218537,1.0599064207776534,0.013250943675471734,0.01605840237838272,49.77869132968477,0.6033509930869417,18.209999084472656,0.053209839226735056,18.299000215530395,0,0
2016-01-04,0.7895451784133911,0.7946673212988652,0.7814960635057591,0.7875939025008207,358076000,-0.01790031677501891,-0.024118179921471916,-0.00918257002903633,0.8042773902416229,0.761979808807373,1.0555101079390183,0.013620001211407688,0.01658935706887959,48.701361898575904,1.42238824705215,20.700000762939453,0.13673815506064346,18.42850022315979,1,1
2016-01-05,0.8022286295890808,0.8156438402067042,0.7927160288685824,0.8044238585599577,490272000,0.016064250054920626,-0.007543433920071951,0.02333555449988478,0.8061067461967468,0.7642225527763367,1.0548062776585818,0.01339295293469231,0.014145324572662474,53.1620958036406,1.9353967691278888,19.34000015258789,-0.06570051015584788,18.65500020980835,1,0
2016-01-06,0.7690566182136536,0.7927161170197361,0.7600318063809107,0.7890574016614204,449344000,-0.04134982242209262,-0.06383585261335745,-0.041641193010159894,0.802765154838562,0.7657095229625702,1.0483938501020877,0.01716973221582472,0.01634075470789749,38.03989859934768,1.7342064881454105,20.59000015258789,0.06463288470205808,18.89250020980835,1,0
2016-01-07,0.7385673522949219,0.7549094744554015,0.7288107998277128,0.7497872742332904,645304000,-0.039645021181342166,-0.09314157755448005,-0.08047371791684632,0.7963014721870423,0.7666498899459839,1.0386768231886756,0.02034767650179248,0.017877262724527342,29.561575540806686,2.3410504441909805,24.989999771118164,0.21369594880635545,19.262000179290773,1,0
2016-01-08,0.7227128744125366,0.7488114856309878,0.7212493889295188,0.7480797428894789,398472000,-0.021466529536028456,-0.10103170226499403,-0.10375085549438612,0.7879352629184723,0.7672828793525696,1.0269162575129125,0.020253545237556146,0.017665496321862872,28.947413845914852,1.4388543242686964,27.010000228881836,0.08083235199138561,19.632000160217284,1,1
2016-01-11,0.7239325046539307,0.7290547045362976,0.7110051447301058,0.7234447148625648,409372000,0.0016875723189315739,-0.08310186111364848,-0.10521577539697224,0.7794226944446564,0.7678284883499146,1.0150999946871704,0.020133565884233328,0.017470367798829954,31.750804346990606,1.4334968159066699,24.299999237060547,-0.1003332457925521,19.880000114440918,1,1
2016-01-12,0.7361281514167786,0.746860341405581,0.7310060094811854,0.7368598942866192,469356000,0.01684638648554393,-0.08239605984413745,-0.08931794453150077,0.7722028911113739,0.769099131822586,1.004035577678306,0.021821641386031758,0.0179706367636327,29.01238432123813,1.5767259612412892,22.469999313354492,-0.07530864120008185,19.78400011062622,1,0
2016-01-13,0.713688313961029,0.7466165134430974,0.7129565710255789,0.7417382078223309,481672000,-0.030483601819277006,-0.07199509495312928,-0.13123507929617417,0.7614219605922699,0.769585655927658,0.9893920900519544,0.020762149530602833,0.018879852852981945,25.10186697825523,1.5640397367766505,25.219999313354492,0.12238540649912721,19.908500099182127,1,0
2016-01-14,0.6992974281311035,0.7073465418262822,0.6785648484548448,0.6990534750638024,600236000,-0.020164104621602896,-0.053170403541121125,-0.14135960583057283,0.7499092936515808,0.7696239852905273,0.9743839952811444,0.020764379358424224,0.018694158329466717,21.966927627462212,1.8605415270775938,23.950000762939453,-0.05035680352864047,20.05850009918213,1,0
2016-01-15,0.6612470149993896,0.6792965757470983,0.6497831401582524,0.6712474622368033,841452000,-0.054412345306924514,-0.08504879543360844,-0.17748787312035774,0.7356404066085815,0.7689985048770904,0.9566213743499533,0.024181397504149993,0.021224416504097253,17.349194796221127,2.3846057056965146,27.020000457763672,0.12818369924959572,20.516500091552736,1,1
2016-01-19,0.666612982749939,0.6939311844861267,0.6639299066567168,0.6749059895848698,457140000,0.008114921699199362,-0.07917799178169627,-0.15570001441904457,0.7233471870422363,0.7687087512016296,0.9409899209700878,0.025675918592258287,0.021553089524633227,19.324216259260908,1.2592784808662063,26.049999237060547,-0.0358993783963617,20.87200002670288,1,1
2016-01-20,0.6702718138694763,0.6788087759557894,0.6451488337685619,0.6539296907805907,481180000,0.005488688660763463,-0.08946314228107266,-0.16448779169997418,0.7101515054702758,0.7686476886272431,0.9238972756667782,0.024371131457175246,0.021698398859140888,15.859066048963072,1.310111914128015,27.59000015258789,0.05911711940998576,21.216499996185302,1,1
2016-01-21,0.6780769228935242,0.688565158988679,0.6636860778542881,0.6775891331213184,481456000,0.011644692291309378,-0.049897679940783535,-0.1183003866886353,0.7010535359382629,0.7668765616416932,0.9141673784337346,0.024379850711181265,0.020942287455956898,19.31943158371361,1.2765853643015552,26.690000534057617,-0.03262050067244582,21.61599998474121,1,1
2016-01-22,0.693931519985199,0.6985658735201973,0.6895410614299449,0.6910045476150296,257996000,0.023381708706468274,-0.007673284542523029,-0.06043569644803237,0.6965899527072906,0.7654905700683594,0.9099915530573867,0.024652910135215263,0.02202987372738199,25.830741447431308,0.6726654756652973,22.34000015258789,-0.16298240143978016,21.90299997329712,1,0
2016-01-25,0.6931994557380676,0.7017364157604065,0.6917359702310059,0.6936873036248491,270728000,-0.0010549517150437726,0.048321489570289256,-0.040836990344829904,0.6936386108398438,0.7643815171718598,0.9074507889806676,0.02406211521230884,0.021926580061901138,27.48007649244842,0.692482216532422,24.149999618530273,0.08102056640911481,22.33199996948242,1,1
2016-01-26,0.7000293731689453,0.7029563458385606,0.6875898556297112,0.6946633341457379,227944000,0.009852744941361458,0.05012862227968573,-0.03301845314489926,0.6912482976913452,0.7635548615455627,0.9053027261094809,0.02440864727625721,0.022140555626106194,25.439796942971853,0.5702480538006113,22.5,-0.06832296664983095,22.669999980926512,0,0
2016-01-27,0.6917360424995422,0.7012486411359822,0.6785647878664953,0.6990534126460448,231700000,-0.01184711811714445,0.03202317057934012,-0.06030486516756317,0.6868090867996216,0.7626157963275909,0.9005964603762212,0.023474784247310296,0.022117852988555575,28.89491580574311,0.5732146232319904,23.110000610351562,0.027111138237847276,22.980000019073486,1,0
2016-01-28,0.6841747760772705,0.6997851540609177,0.6707595684258331,0.6973460306836825,276776000,-0.0109308550627919,0.008992863461162015,-0.04135353950235776,0.6838577330112457,0.7618170940876007,0.897666563691743,0.02197015418544456,0.021401083748130857,33.02904653828672,0.6785930917744345,22.420000076293945,-0.029857226994124297,23.297000026702882,0,1
2016-01-29,0.7144200205802917,0.7158835064959252,0.6873457637542671,0.6900287824973961,310504000,0.04420689794562871,0.02952524853681493,0.02162540836108029,0.6853699922561646,0.7613317084312439,0.9002252036348235,0.025801611665273446,0.024474597438354603,47.62576624929736,0.7493301967249987,20.200000762939453,-0.09901870231043552,23.442500019073485,0,1
2016-02-01,0.7146638631820679,0.718322519252228,0.7075903877855911,0.7136882254402445,289884000,0.00034131546534488244,0.0309642589392205,0.08078198762489319,0.6907116770744324,0.7608511996269226,0.9078144023603004,0.016544355922613333,0.024464457465233028,47.33148959654701,0.6878364628970167,19.979999542236328,-0.010891149128407829,23.53100004196167,0,0
2016-02-02,0.6844188570976257,0.7110053265857009,0.6795406090165095,0.7073466696015158,341908000,-0.042320603632839515,-0.022299801507832062,0.026710962445155584,0.6924922645092011,0.7594023597240448,0.9118911149562956,0.022932576855892714,0.025690348268783216,36.51411207206916,0.812838119908291,21.979999542236328,0.10010010239350309,23.594999980926513,0,1
2016-02-03,0.6878337264060974,0.6939315665352332,0.6719794467463082,0.6897850608348788,326772000,0.004989443632446022,-0.005641336946017872,0.026201180138004432,0.6942484557628632,0.7579779195785522,0.9159217410302353,0.022926800329697433,0.025287733325639574,42.514220234150656,0.7922517539891161,21.649999618530273,-0.015013645613228266,23.710499954223632,0,1
2016-02-04,0.6880773305892944,0.7036877073359988,0.6812477507822285,0.6888090152065277,348140000,0.00035416144025068874,0.005704031555210598,0.014748190593326882,0.6952484965324401,0.7564266312122345,0.9191221829647226,0.022721365368142364,0.02402501724126061,46.46152076296802,0.8545418306743551,21.84000015258789,0.008776006346669751,23.772999954223632,0,0
2016-02-05,0.6446608304977417,0.6910042281131589,0.6427095552553859,0.6834429638574269,600428000,-0.06309828584872756,-0.09764450613504327,-0.07100223591012,0.6903214275836944,0.7542362928390502,0.9152588308701357,0.029110355129340917,0.026259589196776786,44.94046450197749,1.4819681712565882,23.3799991607666,0.07051277460711147,23.692499923706055,0,0
2016-02-08,0.6151477098464966,0.6380754650179362,0.6061228982353535,0.6349045978363576,608852000,-0.04578084979733932,-0.1392488951273846,-0.11259637503388875,0.6825162529945373,0.7513337361812592,0.9084062383029747,0.03144606109677363,0.027524086265626385,36.316598195036704,1.4647315641939325,26.0,0.11206163102135425,23.641999912261962,1,1
2016-02-09,0.6217333674430847,0.6475880960047721,0.6049033927495376,0.6078303650973924,425372000,0.010705815028119847,-0.09158936666410333,-0.11184674347509793,0.6746866524219512,0.7485824060440064,0.901285746197846,0.031511281441324174,0.027758143920157987,37.2925445558336,1.021363117288249,26.540000915527344,0.020769265981820828,23.753999996185303,1,0
2016-02-10,0.6202697157859802,0.6436853138617906,0.6168549543933876,0.6256358109409782,335800000,-0.0023541468638298424,-0.09822724304772945,-0.10331444701843662,0.6675400197505951,0.7456749653816224,0.8952158121722119,0.03163698018696007,0.0272090140603413,34.34619519076503,0.819430108077902,26.290000915527344,-0.009419743458024432,23.945000076293944,1,0
2016-02-11,0.6170989274978638,0.6234406612609691,0.6044154599716531,0.6044154599716531,340144000,-0.00511195082948479,-0.10315468906764036,-0.09803905511393951,0.6608324348926544,0.7425431311130524,0.8899583164981733,0.031679385074930615,0.026700544265953963,27.65960101781947,0.8446153487057777,28.139999389648438,0.07036890109153449,24.091000080108643,1,1
2016-02-12,0.6275870203971863,0.6288066111392963,0.6036835768620734,0.6268552775825778,340816000,0.016995804776145595,-0.0264849503689758,-0.12154334660522936,0.6521491348743439,0.7391185963153839,0.8823335498868575,0.027404593165567252,0.02701994686929613,31.946324134786636,0.87444862034496,25.399999618530273,-0.09737028537840331,24.163500022888183,1,1
2016-02-16,0.6583199501037598,0.6592956459055646,0.6346604608990369,0.636611736196078,485352000,0.04896998935243002,0.07018190845258343,-0.07883973988475468,0.6465147435665131,0.7364306724071503,0.8779030637782487,0.03356421262095947,0.026966733009405674,39.857541070285606,1.3049040098982483,24.110000610351562,-0.05078736328947053,24.018000030517577,1,1
2016-02-17,0.6746622323989868,0.6810039653268742,0.6639300421425806,0.6666131187833287,771468000,0.0248242245926944,0.08513113132977757,-0.014255341736218785,0.6455390810966491,0.7341037487983704,0.8793567423587064,0.03256226810676438,0.027481153984805835,46.00457216502754,1.9900583241543512,22.309999465942383,-0.07465786390881946,23.83100004196167,0,1
2016-02-18,0.7327131032943726,0.7556409018829215,0.7292983433407384,0.730030085924127,1068660000,0.08604434650056891,0.1812814403906673,0.06524742123764127,0.6500270187854766,0.7322939085960388,0.8876586451903101,0.04271163681873608,0.03343727986343265,59.187420038313924,2.5625187334396395,21.639999389648438,-0.030031380203156988,23.533500003814698,0,1
2016-02-19,0.7424699664115906,0.7490556529694906,0.7232008710628379,0.7288108615840355,525628000,0.013316075655464443,0.2031619782942513,0.07905017852530083,0.6554662823677063,0.7309914135932922,0.896681233430183,0.04267898769394717,0.033456868439053336,55.75576946785674,1.2537531878840846,20.530000686645508,-0.05129384169640505,23.22550001144409,0,1
2016-02-22,0.768812358379364,0.777349318707514,0.7517384958763487,0.7532019814358354,449668000,0.035479404096421696,0.22502909300577834,0.1925842582769688,0.6678814351558685,0.7299962484836579,0.9149107773405497,0.03501257231628146,0.033911551363351514,60.03617375688062,1.048599529134346,19.3799991607666,-0.05601565939678543,23.07749996185303,0,1
2016-02-23,0.7707637548446655,0.7780811250869304,0.759055927565068,0.7627146417628452,369380000,0.0025381960162751405,0.17080418833301825,0.2529734606945073,0.6834430396556854,0.7294547641277314,0.936923128431321,0.02777022949588169,0.033883504358617075,67.87878787878788,0.8515773015387779,20.979999542236328,0.08255936278412279,22.91899995803833,0,1
2016-02-24,0.7761299014091492,0.7773494923656036,0.7463725682805745,0.767592997327159,336852000,0.006962115863329732,0.15039773109776755,0.2483323914253297,0.6988826930522919,0.7288888847827911,0.9588329684305159,0.027980926194132092,0.03387173406719901,68.13626994438272,0.7669581325539861,20.719999313354492,-0.012392766184689874,22.829999923706055,0,1
2016-02-25,0.7778372764587402,0.781739886075844,0.763934276947362,0.7790568674061527,349616000,0.0021998573260624266,0.06158505008506543,0.2540307170616849,0.7146394491195679,0.7285961902141571,0.9808443397288601,0.02756055339239416,0.03363322125511898,68.32672920307458,0.7854756560870454,19.110000610351562,-0.0777026426813272,22.629999923706055,0,0
2016-02-26,0.772715151309967,0.7834472843817852,0.764909931901391,0.7814960086062904,361964000,-0.006585085729103546,0.040735903493246406,0.25217386852878954,0.7302010715007782,0.7281620275974273,1.0028002612414144,0.02773222941808749,0.03352912612141978,80.99182733628635,0.8055093417221455,19.809999465942383,0.036629975574759666,22.499499893188478,0,0
2016-02-29,0.7676966786384583,0.7838535569551479,0.7672071116380522,0.7738167330648499,323344000,-0.0064945959232209916,-0.0014511730056702143,0.22325136385484767,0.7442120373249054,0.7274323606491089,1.0230669923191533,0.02925726805413032,0.032437739848354255,91.88626287390164,0.7185383900174754,20.549999237060547,0.037354860730328676,22.516999816894533,0,1
2016-03-01,0.8017240762710571,0.8017240762710571,0.7684310696788387,0.7696551038817887,348700000,0.044324013089320546,0.04016836706680782,0.21783348073333486,0.7585524499416352,0.7272856783866882,1.0429910453129023,0.028792107905568444,0.03363829344988963,92.94884868800013,0.7698537035107271,17.700000762939453,-0.13868606228370617,22.402999877929688,0,1
2016-03-02,0.8063752055168152,0.8093128407333445,0.7958487571444646,0.7973175747527292,233812000,0.005801408967772481,0.03896938393012861,0.19522802195326538,0.771723747253418,0.7274759340286255,1.060823748463755,0.02908404257122403,0.03163930141295984,93.74253990206748,0.5224400855881864,17.09000015258789,-0.03446330983379342,22.158499908447265,0,0
2016-03-03,0.7992761731147766,0.8088233726947507,0.7885048808029955,0.8053961698524436,302004000,-0.008803634280258765,0.027562187240037117,0.09084465600673419,0.7783800542354584,0.7277827560901642,1.0695225295211939,0.017856656169261482,0.03187398649151812,92.0428744394952,0.6766838449473448,16.700000762939453,-0.022820326867544316,21.910999965667724,0,0
2016-03-04,0.7968280911445618,0.8061305063613721,0.7907080365916653,0.8053960974804178,175304000,-0.003062873700681812,0.031205470468278707,0.07321255699498241,0.7838158667087555,0.7276698672771453,1.077158615405777,0.018152637064201557,0.03192632293379717,90.56272507117134,0.4005500182562557,16.860000610351562,0.009580828748653625,21.66199998855591,0,0
2016-03-07,0.79168701171875,0.7978070645921477,0.7814053485721079,0.7924214203981638,239968000,-0.0064519304514316644,0.03124975494597626,0.02975323313949474,0.7861033320426941,0.727439523935318,1.080644240761095,0.015561704988541062,0.027508558162532847,86.4341812336435,0.5718490727183992,17.350000381469727,0.029062856072337162,21.360500049591064,0,0
2016-03-08,0.7772439122200012,0.7882599865110853,0.7747959021958896,0.7836087499557243,274940000,-0.018243446317747325,-0.030534400519586447,0.008407449538985645,0.7867513477802277,0.7268569028377533,1.082401975834085,0.016961262245695444,0.025119449622430155,78.3178517964934,0.682335516290779,18.670000076293945,0.07608067238050409,20.994000053405763,0,0
2016-03-09,0.7767542004585266,0.7853222047633841,0.7667173203747839,0.784098229162041,222788000,-0.0006300618811871939,-0.036733526596101296,0.000804374432996191,0.7868137776851654,0.726210823059082,1.0834509108123729,0.016832403032081958,0.025278825145401914,67.82112475971569,0.5671642095015814,18.34000015258789,-0.017675410945770076,20.584000015258788,0,0
2016-03-10,0.7755302786827087,0.785811943701068,0.7598630268551007,0.7814054908224167,286084000,-0.001575687360422906,-0.029709248481072814,-0.002965913110431706,0.7865830779075622,0.7255549049377441,1.0841124118305763,0.016825036904183133,0.0252569833007995,64.37012994415272,0.7329386874411707,18.049999237060547,-0.0158124816311096,20.17199993133545,0,1
2016-03-11,0.7887495160102844,0.788994357856673,0.7777335006079161,0.7870359149113639,277400000,0.01704541742719501,-0.01013841658452741,0.020750679824427687,0.788186514377594,0.7248999428749084,1.0873038715545968,0.017471301792997933,0.02497318226643849,59.78191954781323,0.7164489340303946,16.5,-0.08587253753884172,19.589999961853028,0,1
2016-03-14,0.790708065032959,0.7938904841765083,0.7814055911163785,0.7850776356532307,190312000,0.0024831064652584,-0.0012365324570194902,0.029974581152692137,0.790487653017044,0.7244256222248078,1.0911922891260402,0.017204023461196552,0.025050457283675664,59.784742106937664,0.5012666523030209,16.920000076293945,0.0254545500784209,19.165999984741212,0,0
2016-03-15,0.7867910861968994,0.791687105730956,0.7728374363613538,0.7865463027297436,226216000,-0.004953761077290064,0.012283369257443333,-0.018626096578779783,0.7889943540096283,0.7240827262401581,1.0896467011532336,0.009341063823349718,0.023717880065996795,55.30585692563168,0.6168875615139564,16.84000015258789,-0.004728127857288822,18.802499961853027,0,1
2016-03-16,0.81029212474823,0.8129849767899526,0.7772439582816153,0.7809160027179798,363644000,0.02986947737922052,0.043177010526503246,0.004857440065886509,0.7893860459327697,0.7244976651668549,1.089563271057569,0.013639936442843122,0.023918664267921465,63.27289657660469,1.0500406855970676,14.989999771118164,-0.10985750384244664,18.436499977111815,0,0
2016-03-17,0.8034375905990601,0.8112711868633878,0.7924215174241696,0.8073544179138024,353680000,-0.008459336996888278,0.03598481282220711,0.005206482595454309,0.7898021876811981,0.7245218443870545,1.0901012768626333,0.01361406323250897,0.01602617901420553,62.3888532360371,1.138826887236561,14.4399995803833,-0.036691140702655,18.07649998664856,0,1
2016-03-18,0.8276728987693787,0.8384441300313773,0.807843978874282,0.8129848402216104,545512000,0.030164518630810155,0.04934821761410335,0.038709488241700285,0.7928866684436798,0.7256941699981689,1.092590654883834,0.01639167710093486,0.016918789132380492,70.94008698728487,1.7509084944957527,14.020000457763672,-0.029085812660977983,17.75099997520447,0,1
2016-03-21,0.8301209211349487,0.8303657046049157,0.8115160350188462,0.820328881954385,337780000,0.002957717196261811,0.0498450159356183,0.048546848498573825,0.7967300593852997,0.7275252413749694,1.0951235971958007,0.01599509547860195,0.015387461025937965,62.71921300103159,1.1039824816563986,13.789999961853027,-0.016405170356701415,17.47150001525879,0,0
2016-03-22,0.828652024269104,0.8345272355420558,0.8183703607675746,0.827428048671267,242012000,-0.001769497465304748,0.05320464200293262,0.06614154352430823,0.80187087059021,0.7296440243721009,1.0989891560891825,0.014084817312727017,0.01543838964756576,60.27078557385843,0.8077928788243925,14.170000076293945,0.02755620852009466,17.13100004196167,0,1
2016-03-23,0.8428505659103394,0.8489705610013722,0.8286520745764696,0.8323241183232136,429008000,0.017134504261615557,0.04018111514069789,0.08509302609859759,0.8084805071353912,0.732022385597229,1.104447791546406,0.014203548164191141,0.015715250932709174,68.85570039983348,1.410262310472827,14.9399995803833,0.05434011996778643,16.84200005531311,0,1
2016-03-24,0.8440746665000916,0.8455434842161647,0.8325690249994584,0.8352618185688165,244956000,0.0014523340663954443,0.05057900747552968,0.08838389641447675,0.8153349459171295,0.7341813158988952,1.1105362234925222,0.014000691117043882,0.015721265026101036,70.66363159546657,0.8193292067401765,14.739999771118164,-0.0133868684660301,16.62350001335144,0,1
2016-03-28,0.8526427745819092,0.856314760694903,0.8416266995125937,0.8426058919183809,265388000,0.010150888803883706,0.030168773013659056,0.08100576580359098,0.821724271774292,0.7369604051113129,1.1150182100355528,0.013704811639820985,0.015561011703807429,75.88354041825991,0.9022426537332573,15.239999771118164,0.03392130310474695,16.39500002861023,0,1
2016-03-29,0.8663516044616699,0.8683099891853184,0.8470123072636929,0.8489706919873413,261812000,0.016078046150667102,0.04364506712731231,0.09566557212940263,0.8292886257171631,0.7403014886379242,1.1202039148171452,0.013781512521377914,0.015498317739724165,88.07507542536442,0.8994935856472415,13.819999694824219,-0.09317585942389806,16.058500051498413,0,1
2016-03-30,0.8754091262817383,0.8874043917155944,0.8690442891794817,0.8695339144816387,376700000,0.010454787378960884,0.05642549664182073,0.11263223699341918,0.838150429725647,0.7445847308635711,1.125661586900336,0.012845008784556224,0.012710149909372557,89.27858988116907,1.2880129656096777,13.5600004196167,-0.018813262007877807,15.851500034332275,0,0
2016-03-31,0.8722267746925354,0.8812844057391288,0.8653723701270577,0.879326021110467,379884000,-0.0036352734894594674,0.03485340103019041,0.07643496469072741,0.8443438947200775,0.7486970067024231,1.1277511291769733,0.011631602793875876,0.012833157935930359,87.90770165436022,1.2672532504963812,13.949999809265137,0.028761016045710575,15.694500017166138,0,1
2016-04-01,0.8849562406539917,0.8854458658779812,0.8602313049628988,0.8668409244784456,348292000,0.014594216012164374,0.04843359927317015,0.10146233012840433,0.8524957597255707,0.7529906952381134,1.132146472880374,0.010340328629867232,0.012668983999928152,87.86108727645136,1.152964076217211,13.100000381469727,-0.06093185945643298,15.514499998092651,0,0
2016-04-04,0.8763883113861084,0.8969516400667836,0.8729611093943813,0.8923004040122074,393940000,-0.009681754728970038,0.027849337978431477,0.05885829134814258,0.8573673009872437,0.7569569230079651,1.1326500556732764,0.009219694742117354,0.012978318651449935,82.05117571249559,1.2585307195355633,14.119999885559082,0.07786255529672892,15.377499961853028,0,0
2016-04-05,0.8751645684242249,0.883243008618858,0.8651276848812481,0.8685549461495562,339568000,-0.001396347881395199,0.010172502615760859,0.05426154930259086,0.8618716657161712,0.7605815839767456,1.1331745126010342,0.009466948827509005,0.012794553909226639,83.73847725716054,1.0678380028918621,15.420000076293945,0.09206800292289019,15.280999946594239,1,1
2016-04-06,0.8763883113861084,0.8768779366842793,0.8477466030242865,0.8641482625834,453376000,0.0013983003951896222,0.001118545689064554,0.0576071568269072,0.8666452944278717,0.7642453610897064,1.1339882955810912,0.009253276258347983,0.01160700673738664,80.40552026998125,1.3868204097913357,14.09000015258789,-0.08625161589660046,15.051999950408936,0,0
2016-04-07,0.86733078956604,0.8785916475457035,0.8636588036486337,0.8707579919863296,378104000,-0.01033505547985103,-0.005613202057711653,0.0290445597900979,0.8690933167934418,0.7675913894176483,1.1322343225512215,0.009539692725585639,0.012095080469663939,78.80820900255523,1.1297363418681656,16.15999984741211,0.14691268079539554,14.942999935150146,1,1
2016-04-08,0.8729612231254578,0.8800604698654791,0.8643931586647197,0.8744300408461745,255936000,0.006491679561191344,-0.013554362326061997,0.03422275039380418,0.8719819724559784,0.7712158930301666,1.1306587174051796,0.00958723566307397,0.011977166479264785,74.53608859977939,0.7681705765121137,15.359999656677246,-0.04950496276539118,14.808499956130982,1,1
2016-04-11,0.8783467411994934,0.8927900160822355,0.8754091061843067,0.8781018993714574,387524000,0.00616925234634591,0.0022346598966929143,0.03014623167385433,0.8745523691177368,0.7750993323326111,1.1283100534815689,0.009356161698160927,0.011692909437710279,75.32158391226054,1.1442112989699489,16.260000228881836,0.05859378856257624,14.796499967575073,1,0
2016-04-12,0.8773675560951233,0.8825083590482179,0.8602314295211623,0.8812843249935823,292764000,-0.0011148047330749034,0.002517226759836788,0.012715335871396505,0.8756539642810821,0.7783582830429077,1.125001150958152,0.008196549260580117,0.011768525866722697,75.71093409369313,0.851541339736967,14.850000381469727,-0.08671585655377767,14.692999982833863,1,1
2016-04-13,0.8993996381759644,0.8996444216393006,0.8812843194905076,0.8812843194905076,350716000,0.02511157601826386,0.026256998742328008,0.027404914084143472,0.8780530154705047,0.7820529985427856,1.1227538505786663,0.01088582605305914,0.012300880719480335,77.56594423214601,1.00196040451413,13.84000015258789,-0.06801348167924248,14.542999982833862,0,1
2016-04-14,0.9018476605415344,0.9057644878355743,0.893279597188,0.8969516410152738,416564000,0.002721840505222728,0.03979666280815941,0.03396007404088297,0.8810151040554046,0.7864015746116638,1.1203119786356763,0.01065399898679241,0.011053725927218407,77.83048176678064,1.181152775438519,13.720000267028809,-0.008670511866767816,14.479500007629394,0,1
2016-04-15,0.9089469909667969,0.9170254297735647,0.8986653256585938,0.901602960993841,436972000,0.007871984078773986,0.041222641840263474,0.02710953289066098,0.8834141790866852,0.7908238399028779,1.1170808649309036,0.010064698068634793,0.010566605444337764,77.5122616121253,1.2245586542330968,13.619999885559082,-0.007288657399667997,14.438500022888183,0,0
2016-04-18,0.9050300717353821,0.9072332980138904,0.8962172249865045,0.9072332980138904,307320000,-0.004309293358514377,0.030379039716649014,0.03268158643509689,0.8862783551216126,0.7951628947257996,1.1145871632091595,0.009453776634178034,0.009179375825282552,70.89965016789493,0.8909613174584583,13.350000381469727,-0.019823752302349784,14.405000019073487,0,0
2016-04-19,0.8888732194900513,0.9101708989888244,0.8832427910936315,0.9084572979592824,309152000,-0.01785228220577273,0.01311384643186031,0.015664083716859567,0.8876492202281951,0.8000471425056458,1.1094961447499092,0.011553557384106355,0.010456096439838395,56.75683760019047,0.9000073944816206,13.239999771118164,-0.008239745858303338,14.377500009536742,0,1
2016-04-20,0.8923003077507019,0.897685951988952,0.886425096632252,0.887404288757802,200172000,0.0038555422590149657,-0.007893410363896014,0.01815633111243442,0.8892404198646545,0.8055901944637298,1.1038371941165563,0.011574540499472095,0.010382950000525283,60.04904301080402,0.5863141806533777,13.279999732971191,0.0030211452072894662,14.332999992370606,0,0
2016-04-21,0.8913211822509766,0.8967068268918009,0.8874043550908456,0.8925451579081181,178280000,-0.0010973048997299228,-0.011672124629382497,0.02766002657064659,0.8916394591331482,0.8109819507598877,1.09945660109659,0.010838220815144099,0.00993751741440878,53.61121218720705,0.542097053251883,13.949999809265137,0.050451813988406036,14.283500003814698,0,0
2016-04-22,0.8878941535949707,0.9003789878862629,0.8849565180604708,0.8942589916762762,223540000,-0.0038448863599888083,-0.023161787850173088,0.01710606390516256,0.8931327521800995,0.8163344395160675,1.0940770215569477,0.010937859792131166,0.010046622465222125,56.93235000904987,0.6819397913729156,13.220000267028809,-0.05232971700483369,14.20750002861023,0,1
2016-04-25,0.8923003077507019,0.897196326743602,0.885690687946802,0.8881386974432519,191972000,0.004962476819890371,-0.01406557017522192,0.015886171026436635,0.8945281088352204,0.8218384671211243,1.088447602080158,0.010890252431615677,0.009906897743569596,59.94309928365692,0.5922696305858093,14.079999923706055,0.06505292279169761,14.149500036239624,0,1
2016-04-26,0.893034815788269,0.9079677162335377,0.8891179884851632,0.8976860518585295,214536000,0.0008231623716667968,0.004681878367991832,0.017857122233782663,0.8960948348045349,0.827147423028946,1.0833556508259545,0.010853150927028207,0.009364468361203304,59.71437277212432,0.6667462276887275,13.960000038146973,-0.008522719191002448,14.156500053405761,0,1
2016-04-27,0.913353443145752,0.9138430685208602,0.8891181251986241,0.8908317264637545,352396000,0.02275233506943164,0.02359422630719532,0.015514577032837984,0.8974902153015136,0.8322480928897857,1.078392636725895,0.010302355199720241,0.010332940199930104,73.73748615037647,1.099346623807052,13.770000457763672,-0.013610285090552288,14.16700005531311,0,0
2016-04-28,0.8861803412437439,0.9131085066957705,0.8839771733377,0.907722861932334,381224000,-0.029750916368606495,-0.0057676639011874364,-0.017372467638694933,0.8959234833717347,0.836478455066681,1.0710658211756512,0.014262086524396787,0.01252363807248464,55.57846167467542,1.189030913481302,15.220000267028809,0.10530136245911392,14.230500078201294,1,0
2016-04-29,0.8697787523269653,0.8844668119280608,0.8602314960767051,0.8825084273273123,321904000,-0.01850818411719579,-0.02040265857665402,-0.043091884377295164,0.8920066595077515,0.8392197680473328,1.0628999619292112,0.014735189707436955,0.012798560640027866,46.69188633383395,1.0081616546298442,15.699999809265137,0.03153742009296501,14.360500049591064,1,1
2016-05-02,0.8812844157218933,0.8866700610594614,0.8739403857334798,0.8781019968903979,256076000,0.013228264503066134,-0.012345498408016131,-0.026237422109032016,0.8896320939064026,0.8419960570335389,1.0565751305780358,0.015742752178969595,0.01298442527456178,51.39861777045251,0.8196929112484828,14.680000305175781,-0.06496812206885616,14.388500070571899,1,0
2016-05-03,0.8707578182220459,0.8749194286683784,0.8631690060393399,0.871247443483736,224024000,-0.011944608700727666,-0.024945273322361516,-0.020380185689921282,0.887820553779602,0.8440349662303924,1.0518765090322781,0.015206125950507826,0.013270549383124131,38.857109995371516,0.7306061163443864,15.600000381469727,0.06267030362183146,14.39750008583069,1,0
2016-05-04,0.8509292006492615,0.8609660252704411,0.8421163519833914,0.8602316163511878,525764000,-0.022771679056837413,-0.0683462059128942,-0.04636455545524598,0.883683443069458,0.8456382751464844,1.0449898840214906,0.016363390906006428,0.014189097655268563,32.55036326259818,1.694662639767669,16.049999237060547,0.028846079781212453,14.49550004005432,1,1
2016-05-05,0.8560699224472046,0.8661068044689695,0.8497050846688081,0.8580283654987222,246884000,0.006041303781819662,-0.033977755311384694,-0.03954944693981921,0.8801583170890808,0.8472370755672455,1.038857177608515,0.01668643371048054,0.014117283259153065,31.632584610237203,0.81295812121731,15.90999984741211,-0.008722703819522226,14.483000040054321,1,1
2016-05-06,0.86488276720047,0.8670859937386816,0.8528875005348691,0.8546011017206459,183240000,0.010294538474231896,-0.0056290006089443345,-0.025916812608046347,0.8778571784496307,0.84897798538208,1.0340164215854828,0.01728023657914561,0.014242291166638608,36.513133656054876,0.6106957745878037,14.720000267028809,-0.07479570030145943,14.451000070571899,1,0
2016-05-09,0.8636586666107178,0.8707578538219758,0.856559421034305,0.8670858684872085,333336000,-0.001415337010025608,-0.020000068986511743,-0.032098656574694684,0.8749930143356324,0.850796855688095,1.0284394076985255,0.01709139183351087,0.014159798477784102,40.584963896008404,1.1210532794245545,14.569999694824219,-0.010190256079042004,14.366500043869019,1,1
2016-05-10,0.8803052306175232,0.8817740483002869,0.8607211504877743,0.8690443728698851,269676000,0.019274471096471624,0.010964486560650855,-0.014254298875805427,0.8737200558185577,0.8530490267276764,1.0242319356135674,0.01850269785182056,0.014849151405575413,45.92351496058909,0.9104911282519108,13.630000114440918,-0.06451610158353138,14.305500030517578,0,1
2016-05-11,0.8827534317970276,0.8925454739824025,0.878102194249422,0.8829982737072847,328176000,0.002781082168269,0.03739938777924667,-0.03350292439182412,0.8706600546836853,0.8546696138381958,1.0187094996552863,0.016600546727988524,0.013676360254206873,47.11706663340018,1.1122332918954898,14.6899995803833,0.07776958598990169,14.348000001907348,1,0
2016-05-12,0.8707578182220459,0.8930347462387784,0.8550905685949438,0.8891179192407148,670540000,-0.013588860878809728,0.017157355245998707,-0.017403368483724924,0.8691178023815155,0.8559572660923004,1.0153752258559552,0.014374173720791255,0.013936351291949091,44.5482251675923,2.178781332938219,14.40999984741211,-0.019060567799137118,14.382499980926514,1,1
2016-05-13,1.0031952857971191,1.003684852689661,0.9547246615263811,0.9593758388312865,2110256000,0.15209449149189402,0.15992053934009065,0.15339134591781822,0.8824594557285309,0.8600356483459473,1.0260731138595358,0.04978388215513407,0.03713401628237042,69.44201021366776,5.39123619078471,15.039999961853027,0.043719647544205875,14.45349998474121,1,1
2016-05-16,1.0328162908554077,1.047749249926781,0.9924240997818475,0.9956065183734103,973032000,0.02952665894432749,0.19586166478074074,0.1719443489868011,0.8976126432418823,0.8647554123401642,1.0379959817918933,0.04997134427836601,0.03743071971743041,72.25247656279652,2.2910557581779525,14.680000305175781,-0.023936147446166123,14.519999980926514,1,1
2016-05-17,1.0350195169448853,1.0423634875985446,1.014945755915578,1.028164996476412,628392000,0.0021332216668008552,0.17575072934512947,0.18864223241570954,0.9140388131141662,0.8696220624446869,1.0510759243442085,0.049257607557011966,0.03698967273067734,70.55411024204335,1.4259890031338571,15.569999694824219,0.06062666015985352,14.636499977111816,1,1
2016-05-18,1.0614582300186157,1.073453555911956,1.0281652211532166,1.0281652211532166,541072000,0.02554416862763209,0.2024402191875907,0.24741074722634981,0.9350917160511016,0.8753063488006592,1.068302220510979,0.04708824184338066,0.03717177308451593,79.68487951008176,1.182112925919129,15.949999809265137,0.024405916627425306,14.769999980926514,1,1
2016-05-19,1.066109299659729,1.0736981709691522,1.0558276934188198,1.0572963942558216,398880000,0.004381773591817906,0.2243465144379191,0.24535306253033085,0.9560956537723542,0.8810934507846833,1.0851240046341004,0.04715857370499621,0.03711104584948144,84.6285921902636,0.8509512614507644,16.329999923706055,0.023824458870537413,14.88899998664856,1,1
2016-05-20,1.085203766822815,1.0896102193441513,1.0710052754076054,1.0727188763775175,391084000,0.017910421726159198,0.0817472751185564,0.25474088278518914,0.9781277537345886,0.8872869205474854,1.1023804488530626,0.0469899415422908,0.03701491087005042,85.02935803450555,0.8196708942260615,15.199999809265137,-0.06919780279977295,14.987999963760377,1,1
2016-05-23,1.086917757987976,1.0940169478789805,1.0803081351983226,1.0898553940567894,413636000,0.0015794187391915404,0.05238246880068087,0.25850385112604823,1.0004536628723144,0.8932502853870392,1.1200149378500615,0.04682016544274416,0.037050168166522235,88.29138756789175,0.8472564063068407,15.819999694824219,0.040789466667043195,15.074999952316285,1,1
2016-05-24,1.1133017539978027,1.1167379727461377,1.0872854549849162,1.0902307184643822,415788000,0.024274142009296895,0.0756335854264727,0.2646769725732918,1.0237533152103424,0.8997021591663361,1.137880247124173,0.0467888390642615,0.03709821110451849,95.42272654758753,0.8344649175445392,14.420000076293945,-0.08849555281523214,15.097999954223633,0,0
2016-05-25,1.108638882637024,1.1214014997445565,1.0998030896008804,1.1167383010700864,458076000,-0.004188326609595894,0.04444890178823213,0.25588736639648024,1.046341860294342,0.9061391150951386,1.1547254090057497,0.04720109660630764,0.03716451547535615,93.79796437953597,0.9096877587860662,13.899999618530273,-0.03606105790654868,15.104499912261963,0,1
2016-05-26,1.1204198598861694,1.1285192785859868,1.1074117061268711,1.1106023897672075,309964000,0.010626523599030824,0.05094276941752107,0.2867181166100756,1.0713080644607544,0.9123416697978973,1.1742399803990884,0.04565619445266667,0.03594858816934834,93.86115806443759,0.6199403988079761,13.430000305175781,-0.033812901169287035,15.014999914169312,0,1
2016-05-27,1.1265558004379272,1.1282738518455868,1.1179654263661551,1.121647065411261,277416000,0.005476465360388483,0.03810531706518128,0.12296759802134472,1.0836441159248351,0.9188040339946747,1.1794072248610914,0.011766013546661607,0.035257935034483864,94.37620129232494,0.5573225630698465,13.119999885559082,-0.023082681502041957,14.885999917984009,0,1
2016-05-31,1.1466809511184692,1.1491353758047187,1.1307275417580787,1.1314639159773179,412524000,0.017864317659825435,0.05498409855877462,0.110246770186744,1.0950305819511414,0.9251841950416565,1.1835811591029586,0.010291185862467422,0.03527085659700552,94.4414777300518,0.8159291755342295,14.1899995803833,0.08155485549980424,14.861499881744384,0,1
2016-06-01,1.1488900184631348,1.159934579044359,1.1378453408484936,1.1412814419671078,387132000,0.0019264882202070233,0.03196641372164977,0.11001773363111678,1.1064176321029664,0.9315595769882202,1.1877046400833227,0.010310185388591775,0.034872214085795813,94.43703887562035,0.7535512864982791,14.199999809265137,0.0007047377855924353,14.791499853134155,0,1
2016-06-02,1.1569894552230835,1.166806920616314,1.1437357716121448,1.1550258685177022,329208000,0.0070497929564949935,0.04361255350439475,0.0899999854000777,1.115970754623413,0.9381263256072998,1.1895740735140172,0.008879029849274389,0.033816779130250024,98.42234649489879,0.6532998779954421,13.630000114440918,-0.04014082411834319,14.670499897003173,0,0
2016-06-03,1.1407910585403442,1.1471724258256173,1.1206652798920065,1.1456999106368393,461076000,-0.014000470453394032,0.018181754343630008,0.07005075268028471,1.1234389305114747,0.9440851354598999,1.1899762937843574,0.011411710478739094,0.03441836811508646,88.36634798777581,0.8959452432566458,13.470000267028809,-0.011738800151776196,14.548499917984008,0,0
2016-06-06,1.1349003314971924,1.1525717962229909,1.129009804244112,1.14373600534337,322512000,-0.005163721260831977,0.0074071173891443465,0.04579468501097783,1.1284085869789124,0.949901648759842,1.1879214952959845,0.011259000458420668,0.03470146381564186,82.80587848145103,0.6183261603776768,13.649999618530273,0.0133629805444071,14.494999885559082,0,1
2016-06-07,1.1371095180511475,1.1481542010221037,1.1366186796628523,1.1417728338403723,193400000,0.0019465908085871675,-0.008347076017950594,0.04617806609037545,1.1334277629852294,0.9555909836292267,1.1861013575919257,0.011248850769991074,0.0346298876328171,82.80653715052746,0.37583172688265654,14.050000190734863,0.02930407204272578,14.468999910354615,0,0
2016-06-08,1.1334278583526611,1.141527275942764,1.1241012279074616,1.137354799048819,234616000,-0.0032377353632534467,-0.013458346631958107,0.018077852013244966,1.1354403734207152,0.9609325087070465,1.1816026236311565,0.009045945380925175,0.03482747047068967,77.08946377018388,0.4574847076762883,14.079999923706055,0.0021352122821303166,14.491499900817871,0,1
2016-06-09,1.1628801822662354,1.1645982333282365,1.127046412077696,1.1295008376139555,472168000,0.025985177350749566,0.005091426733890181,0.048926030359130346,1.1408645033836364,0.9666819298267364,1.180186024153901,0.011511689262825668,0.03484696903419478,80.69398388493343,0.9079479869378927,14.640000343322754,0.0397727572905624,14.488999938964843,1,0
2016-06-10,1.133918285369873,1.1594437417363108,1.1324456538846235,1.1491354383729804,400024000,-0.024905314698820513,-0.006024567881225296,0.012047649249161907,1.1422143459320069,0.9719157600402832,1.175219492155025,0.014599244492037056,0.03541275500946633,64.5411592732107,0.7897608905441283,17.030000686645508,0.16325138574281683,14.619999980926513,1,1
2016-06-13,1.1483991146087646,1.1707338899114579,1.1351455476921752,1.1351455476921752,475588000,0.01277061092119891,0.011894245456571806,0.019389464918068144,1.1443986773490906,0.9771846175193787,1.1711181867088651,0.015007917403304281,0.014037203712100694,67.05234305514685,1.119611732584019,20.969999313354492,0.2313563398619609,14.916499948501587,1,1
2016-06-14,1.1506085395812988,1.156008112542585,1.1329370715775409,1.145699804971003,298344000,0.0019239173423490907,0.011871346880718114,0.0034251798279187895,1.1447914361953735,0.9826690220832824,1.1649817084580396,0.013947558074926593,0.01301242166654829,61.94980464991248,0.7629403265608817,20.5,-0.02241293890053586,15.207499933242797,1,1
2016-06-15,1.1623890399932861,1.1724519245867888,1.14741742264441,1.1601801512150653,301036000,0.010238495549732551,0.025551852662874852,0.011749620340691047,1.1461413383483887,0.9884135115146637,1.1595767611391914,0.014290149293157436,0.013028421795458845,66.46600703647735,0.8034542801109862,20.139999389648438,-0.017561005383003092,15.43599991798401,1,1
2016-06-16,1.1670525074005127,1.1690159773546238,1.1425088403905335,1.1537989389184675,246456000,0.004011967806624828,0.003587923500550483,0.00869761788407053,1.1471476435661316,0.9942267954349517,1.1538088179008297,0.014185315368737694,0.012181848289858325,64.93697711625917,0.6847019445117384,19.3700008392334,-0.03823230256952259,15.606999969482422,1,0
2016-06-17,1.1466809511184692,1.1687703051610732,1.1420176378413234,1.1685248860991302,471000000,-0.017455561041909706,0.0112553663815671,0.005162989781547944,1.147736632823944,0.9998137986660004,1.1479503827165711,0.01462536203763336,0.013162687047174907,55.90756840058732,1.2955491422969563,19.40999984741211,0.002064997751455744,15.760999965667725,1,1
2016-06-20,1.1672980785369873,1.182269699807867,1.1643528147055304,1.1650891891801203,293768000,0.01797982899986983,0.016456790751411488,0.02854677731660793,1.1509764075279236,1.005700535774231,1.1444524155909424,0.015419528969201552,0.013166630609681651,56.03455434759094,0.8190102445979304,18.3700008392334,-0.05358057786473247,15.919500017166138,1,0
2016-06-21,1.1601804494857788,1.1753974898295585,1.1584622813979248,1.1722068068666023,212508000,-0.006097524858542758,0.008318997795691008,0.020289102384941637,1.1532835006713866,1.0113372099399567,1.140355055995475,0.015683847274424567,0.013343498937611874,53.21236089582917,0.6095513240103697,18.479999542236328,0.005987953074449548,16.052500009536743,1,0
2016-06-22,1.159198522567749,1.1702432020950961,1.157235052593283,1.1626346242814238,202620000,-0.0008463570632180062,-0.0027447931077838605,0.022736925006010766,1.1558605670928954,1.0169738292694093,1.1365686449603742,0.015611117957948036,0.012420764668711125,50.65505610272196,0.5995174745348576,21.170000076293945,0.14556280306769365,16.39000000953674,1,1
2016-06-23,1.1901235580444336,1.191350770669128,1.1695068306766292,1.1702432050648208,297880000,0.02667794590367678,0.01976864836639547,0.02342750026499374,1.1585849046707153,1.0227883076667785,1.13277097126161,0.01572869919146941,0.013472039774651107,63.453587300348836,0.9027706220716325,17.25,-0.1851676930640893,16.557500028610228,1,0
2016-06-24,1.1223832368850708,1.1623894886513229,1.111829510052539,1.1412819179527938,1017684000,-0.056918729741533,-0.02118960309726825,-0.01017273346204095,1.1574313998222352,1.0271990191936493,1.1267839807039712,0.023331146263333997,0.0189718052675056,47.44750044607544,2.7855195594337454,25.760000228881836,0.49333334660184547,17.174000024795532,1,0
2016-06-27,1.1103565692901611,1.1216466675501116,1.093912201602037,1.1130562965254442,449088000,-0.01071529509678626,-0.048780607364823925,-0.03312658886154207,1.1536271452903748,1.0312272107601166,1.118693468571332,0.02299616170947935,0.019082697923119465,44.75453701461586,1.2009896997204836,23.850000381469727,-0.07414595615067732,17.710500049591065,1,1
2016-06-28,1.1265558004379272,1.1326916314461541,1.1110932207355173,1.1314645354645936,381920000,0.014589215388820742,-0.028982257943369838,-0.020904363487623923,1.1512218713760376,1.0356577253341674,1.1115852691627266,0.023644469953100076,0.018929817119860828,48.71563733325253,1.0255600542855101,18.75,-0.21383649056174336,17.938500070571898,1,1
2016-06-29,1.1449636220932007,1.1537994160910416,1.1334280996794788,1.1363733643454257,318932000,0.016339911123903317,-0.012279950498053194,-0.014991037682346109,1.149479329586029,1.0407795333862304,1.1044407511032988,0.0240661380287493,0.019306177413679793,46.50726758845645,0.8643345075251077,16.639999389648438,-0.11253336588541663,18.060500049591063,0,1
2016-06-30,1.1537994146347046,1.1609170400405222,1.1376005760259271,1.1469270914116747,430940000,0.007717094561791038,-0.030521321222659825,-0.011356038123192969,1.1481540203094482,1.0460095155239104,1.0976516018923377,0.024184269946745218,0.019319558423828233,54.20573568788966,1.152005731424997,15.630000114440918,-0.06069707405373037,18.160500049591064,0,0
2016-07-01,1.1452085971832275,1.1623892230493953,1.1412816571738722,1.147417603342749,218488000,-0.007445676728997874,0.020336512118181327,-0.001284013599254119,1.1480067849159241,1.0510872638225555,1.0922088245469699,0.023622277923361013,0.019123404572185483,49.307815651994005,0.6036437217881213,14.770000457763672,-0.05502237046579883,18.225500059127807,0,1
2016-07-05,1.1621440649032593,1.164107535348861,1.1297463929337024,1.1388274876321598,371084000,0.014788107390816263,0.04664041898379123,-0.0044153363468119045,1.1474913835525513,1.0565722620487212,1.0860510206159828,0.023374536557005988,0.019338744472863954,52.352332301487095,1.0184062010466077,15.579999923706055,0.05484085584551335,18.322000074386597,0,1
2016-07-06,1.1695067882537842,1.176379108482723,1.1481538043057866,1.1540443310638961,273104000,0.006335465260185025,0.038125930201735825,0.008038696714928406,1.1484240174293519,1.062116391658783,1.0812600449897738,0.023356116679474976,0.019370538402146177,51.47808762573201,0.7414003166446955,14.960000038146973,-0.03979460132189794,18.367500066757202,0,1
2016-07-07,1.19994056224823,1.2041130367498063,1.1719608039888236,1.1773603736084586,395400000,0.02602274249291625,0.048016320426426784,0.035146731890438376,1.1524982213974,1.0682545065879823,1.0788610900210411,0.024624522586991975,0.020079013795244807,56.16930439826669,1.050473749314562,14.760000228881836,-0.013368971173472688,18.401500082015993,0,1
2016-07-08,1.248046636581421,1.253937163333384,1.208040395963443,1.2127037101365084,481932000,0.04009038101275486,0.08168423449630113,0.048669802513752636,1.1582905292510985,1.0749483704566956,1.0775313132099495,0.026319701620890902,0.02114635011980654,67.22263563643081,1.2787079936894021,13.199999809265137,-0.10569108370094371,18.32950005531311,0,1
2016-07-11,1.276762843132019,1.2860893549135755,1.2644909507929791,1.2659635825550015,448776000,0.023008921068251142,0.11487361016356701,0.13754625084689875,1.1737284898757934,1.082760020494461,1.0840153567360107,0.015177650313440061,0.020430497862898554,68.10056048724583,1.1830835315350274,13.539999961853027,0.025757587689451578,18.155000019073487,0,1
2016-07-12,1.295906901359558,1.3076878380800687,1.2747992190615494,1.2909981679732256,436760000,0.014994216295155294,0.11510004697002318,0.16710878036955035,1.192283523082733,1.091282583475113,1.092552507606224,0.012670856135463399,0.020474421307542127,71.58458922859695,1.1573296306699241,13.550000190734863,0.0007385693434276419,17.784000062942503,0,0
2016-07-13,1.2954156398773193,1.3057240594752397,1.2934521703936133,1.2983609026195824,324604000,-0.00037908701753452956,0.10765978691883649,0.1498903466421735,1.2091695070266724,1.0995652079582214,1.0996796718149846,0.013655191228387544,0.020506553892910714,71.69647956641674,0.8571556830094613,13.039999961853027,-0.03763839274560021,17.411000061035157,0,1
2016-07-14,1.3086693286895752,1.3204503807704622,1.2914888227939798,1.3022880815236533,316892000,0.010231224947624629,0.09061179350219573,0.14297895883983713,1.22554007768631,1.108323438167572,1.1057603182267228,0.01368280995102884,0.020506477604042384,70.00813657862905,0.8350430760295743,12.819999694824219,-0.016871186171195762,17.045000076293945,0,0
2016-07-15,1.2934517860412598,1.2993423097754022,1.2723442320384135,1.2919791551077242,428616000,-0.011628256515764268,0.03638097177538979,0.12103695810139525,1.2395053148269652,1.117173889875412,1.1095007912914934,0.015800642010298557,0.020886850396308762,85.09514150535026,1.1029753489322434,12.670000076293945,-0.011700438541416891,16.710000038146973,0,1
2016-07-18,1.300079584121704,1.3113696854251284,1.2951708495129746,1.3094062149883294,252992000,0.005124116841439763,0.018262390008536578,0.13523386684259942,1.254992413520813,1.1260540831089019,1.1145045627434942,0.014568979731349784,0.020186972887148585,89.80388076783021,0.6698236745941349,12.4399995803833,-0.018153156631860234,16.361500024795532,0,1
2016-07-19,1.3135783672332764,1.3187325197428414,1.2968885800640768,1.299343005278214,382652000,0.010383043681661652,0.013636369908346602,0.13030596369532121,1.2701358437538146,1.135027995109558,1.1190348160806511,0.014570758651857287,0.02003033162821405,89.68702363069993,1.001330389937186,11.970000267028809,-0.037781296560141064,16.0414999961853,0,1
2016-07-20,1.330758810043335,1.3378765491869535,1.3125965090804779,1.3179960804387785,296460000,0.0130791152158245,0.02728326652699886,0.13788036410658178,1.2862610459327697,1.1443699979782105,1.1239905347092654,0.014413155637343663,0.019873402234129905,89.63302094400336,0.7673527959223608,11.770000457763672,-0.016708421453927036,15.70600004196167,0,0
2016-07-21,1.306215524673462,1.3319864104901926,1.3017976284391317,1.32781393342997,361308000,-0.01844307562320313,-0.0018750374615796872,0.08856685553333854,1.296888542175293,1.1528882038593293,1.1249039914138403,0.016664148377842587,0.020618005598994696,80.47079919180442,0.9163843768166227,12.739999771118164,0.08241285264476494,15.284500026702881,0,1
2016-07-22,1.3418039083480835,1.3418039083480835,1.3013068179177363,1.3108788681134063,315768000,0.027245414713255922,0.03738223784499173,0.0751232117603211,1.3062642693519593,1.1620692133903503,1.1240847397900837,0.014298158102281916,0.020648048827654863,85.4737771345751,0.7990687552192727,12.020000457763672,-0.05651486077627299,15.023000049591065,0,1
2016-07-25,1.3665926456451416,1.3697833282141074,1.344012448546836,1.3499029754536762,312528000,0.018474187728053204,0.05116076149166804,0.07035746927969933,1.3152472496032714,1.1719859099388124,1.1222381075143972,0.01381034299403309,0.014472870628790213,85.87411838482704,0.8683451130581292,12.869999885559082,0.07071542391218455,14.378500032424927,0,1
2016-07-26,1.3899093866348267,1.3970270099874498,1.3766558165114866,1.37861928670875,514508000,0.017061954097285392,0.05810922386178019,0.07253799264179306,1.3246474981307983,1.1797201919555664,1.1228488815936877,0.013959537265844202,0.013693078402913755,86.62306982559546,1.4166624447386333,13.050000190734863,0.013986037822560693,13.838500022888184,0,0
2016-07-27,1.3759195804595947,1.404390310801154,1.3675747435066445,1.401935885032571,446676000,-0.01006526490845805,0.033936104781293164,0.062145259099928296,1.3326978921890258,1.1865822577476501,1.1231399116979297,0.0148452515625237,0.014476275691119927,80.93181468640924,1.219024018819882,12.829999923706055,-0.01685825776347516,13.542500019073486,0,1
2016-07-28,1.3788645267486572,1.3891728317203953,1.3746920507171814,1.3791099458622555,221916000,0.0021403476852033254,0.05561792882025096,0.05363860565859779,1.339717411994934,1.1934591579437255,1.122549861113978,0.014818334681878582,0.014504724808566983,77.3332576137985,0.6137563327951253,12.720000267028809,-0.008573628786544218,13.346500062942505,0,1
2016-07-29,1.4014450311660767,1.4051265527447026,1.3592298914952199,1.3840189829092742,409588000,0.01637615877367149,0.04444846407655678,0.08349228497750283,1.3505167365074158,1.2002588939666747,1.1251878601325431,0.013871861563724932,0.014579731835302426,76.73678818040244,1.1361582412997853,11.869999885559082,-0.06682392795800418,13.158500051498413,0,0
2016-08-01,1.3923637866973877,1.4124896793849842,1.3832826925502468,1.4073355258906408,301120000,-0.006479914849841006,0.018857953856527665,0.07098350262767039,1.359745156764984,1.206783983707428,1.1267510798309037,0.014617273607737178,0.014520845313134453,71.6171036988552,0.8258139252982852,12.4399995803833,0.04802019379272915,13.042000007629394,0,0
2016-08-02,1.3754290342330933,1.399727292741914,1.3621754599616431,1.398990918041563,282748000,-0.012162591864345096,-0.010418198870354,0.0470856315410324,1.3659302234649657,1.2125884890556335,1.1264581808200695,0.015729954904665007,0.015275989177191461,66.70100419863417,0.7849370963201666,13.369999885559082,0.07475886949725496,12.931500005722047,1,1
2016-08-03,1.3791100978851318,1.3818099424991939,1.3661019471630207,1.3737105256904558,299828000,0.00267630212858716,0.0023188255119324097,0.036333622198768234,1.3707653522491454,1.2184323358535767,1.1250237800762661,0.01545753378610462,0.015325996913280251,65.31493985471411,0.8292767656026658,12.859999656677246,-0.0381451184178907,12.82649998664856,1,1
2016-08-04,1.4046356678009033,1.4110170340766195,1.3830372603472638,1.3857369881330581,272712000,0.018508725267776027,0.01869011824752209,0.07534755273410587,1.3806073665618896,1.2242590141296388,1.1277085572805878,0.013921052842768102,0.014958630317545473,73.13611810092318,0.7672967583068107,12.420000076293945,-0.03421458725738313,12.709499979019165,0,1
2016-08-05,1.428443193435669,1.4291794509711422,1.4139624086034994,1.4208346137351144,371588000,0.016949253233786044,0.0192645174581898,0.06456925974693917,1.3892712950706483,1.2306551003456117,1.1288876100870924,0.012607076484958547,0.013129955167164524,74.92867216793086,1.0619773536590245,11.390000343322754,-0.08293073483446689,12.619000005722047,0,1
2016-08-08,1.4416965246200562,1.4515139923212617,1.426479367759775,1.4480778903291844,305064000,0.009278164679766165,0.03543092573506468,0.054957034354198075,1.3967816829681396,1.2370806336402893,1.1290951009861878,0.011942122460757204,0.012588648722034367,74.90474753752514,0.8901354005819389,11.5,0.009657563947461423,12.517000007629395,0,1
2016-08-09,1.4453778266906738,1.4593677687096511,1.4416963061190482,1.4488139281619814,372344000,0.0025534514426244215,0.050855980727920524,0.03990795413659609,1.4023285269737245,1.2434570741653443,1.127765932663997,0.011231909756424924,0.01243601880618232,73.51475801781214,1.0967564822636877,11.65999984741211,0.013913030209748545,12.422499990463256,0,0
2016-08-10,1.4360512495040894,1.4603494967969761,1.4313879353327152,1.4581406077825074,375740000,-0.0064526914792504275,0.04128832912345204,0.043702895066300984,1.4083416938781739,1.2492444801330567,1.127354746228834,0.010779028076739522,0.012660456889897866,78.41038271578532,1.0984866646162985,12.050000190734863,0.03344771427328208,12.373000001907348,0,1
2016-08-11,1.4652581214904785,1.4713940668945888,1.440714456907462,1.4436597200641088,681064000,0.020338321488508893,0.04315884544245252,0.06265560761472067,1.416981053352356,1.2555718421936035,1.1285543413244719,0.011849635625672657,0.013065312296575237,77.79010974797521,1.89047385090254,11.680000305175781,-0.03070538420767588,12.316000032424927,0,1
2016-08-12,1.5472341775894165,1.555579012443298,1.4880839592535147,1.519254409659712,1425744000,0.0559464949530879,0.08316115383491973,0.10402773079300554,1.43155996799469,1.26337673664093,1.1331219947906639,0.019668322260950902,0.016595821380329164,82.33753352018852,3.4764289444924796,11.550000190734863,-0.011130146493515958,12.260000038146973,0,0
2016-08-15,1.5457615852355957,1.5585243154663009,1.5248994390533612,1.548952267793272,573304000,-0.0009517579013895716,0.07218236212573581,0.11017077577265888,1.4468997478485108,1.2714761471748353,1.1379684558483139,0.019222688813938037,0.0167280284435516,80.26701250932399,1.3453640060732213,11.8100004196167,0.022510841955691197,12.228500080108642,0,0
2016-08-16,1.5364348888397217,1.546006818327576,1.5317715751216574,1.5435525104426808,287652000,-0.006033722460797586,0.06299879551738474,0.11705864177601977,1.4630003333091737,1.2795068383216859,1.143409546156216,0.018497917872088442,0.01704717536686276,81.74761108952426,0.6826378852492863,12.640000343322754,0.07027941525957981,12.26200008392334,1,0
2016-08-17,1.5008468627929688,1.539871434427449,1.4888205049166008,1.536435332177058,595212000,-0.023162729709703567,0.045120683061454336,0.08827196979742258,1.4751740097999573,1.2867815852165223,1.146405906602817,0.021409068581805912,0.01835512720231033,71.36726329338282,1.3641620404812425,12.1899995803833,-0.035601325214929425,12.283000040054322,0,1
2016-08-18,1.5241632461547852,1.5266175544387681,1.49274725747903,1.4986377846140941,331684000,0.015535484625277762,0.04020119308698167,0.08509507560847718,1.4871267676353455,1.2945962929725647,1.1487185431534839,0.021277914862437953,0.017508097132059308,71.44088959796053,0.7627735665167416,11.430000305175781,-0.062346128086053776,12.217500066757202,0,1
2016-08-19,1.528090238571167,1.5396257570779792,1.5168001391978163,1.5234269239350609,291560000,0.0025764906917216113,-0.01237300681146769,0.069759193500603,1.4970914721488953,1.3019004940986634,1.149927724073388,0.021121115344139463,0.016932138745899,74.14857397859844,0.6723720046399111,11.34000015258789,-0.007874028887570272,12.183500051498413,0,1
2016-08-22,1.5344712734222412,1.5366802792141383,1.514590923495684,1.5327532228248877,244748000,0.004175823318550043,-0.007304044764208428,0.06435109415737461,1.5063689470291137,1.3099115538597106,1.1499776016102254,0.021120595670617238,0.016707214975972107,79.40108432975578,0.5688638899219041,12.270000457763672,0.08201060781851455,12.153500080108643,1,1
2016-08-23,1.5468887090682983,1.5569701376266545,1.5424626731466697,1.5500852710257371,339764000,0.008092322001156393,0.006803946138238981,0.07023138206709811,1.5165200352668762,1.3178813457489014,1.1507257767618648,0.021079569883930453,0.016512210743247616,80.04562468805412,0.8060776820462403,12.380000114440918,0.008964926860100197,12.120000076293945,1,0
2016-08-24,1.5230380296707153,1.5530365730621163,1.5159072889194447,1.552298958742662,298448000,-0.015418484379492559,0.0147857635764721,0.06057359039008192,1.5252187132835389,1.3253299355506898,1.1508218990388932,0.02189069871958098,0.01681821580288332,71.33133714444764,0.7207297712533997,13.449999809265137,0.08642969991382277,12.1510000705719,1,0
2016-08-25,1.5129565000534058,1.5242674063031463,1.494023110661911,1.5235297920310267,406032000,-0.006619355144723005,-0.007352720339932173,0.03255288461694916,1.5299885511398315,1.332341284751892,1.1483458244895153,0.021601786078465482,0.01701565776576607,66.01810876920109,0.9592125816093279,13.630000114440918,0.01338292250768558,12.196500062942505,1,1
2016-08-26,1.5252505540847778,1.5338566376036025,1.5048417077411715,1.5168903419166202,300024000,0.008125847657178609,-0.001858322509176169,-0.014208336283579981,1.5277901887893677,1.3395052456855774,1.1405630502084547,0.011707532811652328,0.01681876103888814,65.89408929327857,0.71807170090398,13.649999618530273,0.0014673150345880792,12.285500049591064,1,0
2016-08-29,1.5242676734924316,1.5375456707111244,1.521808841571894,1.5313985322852055,274652000,-0.0006444059893726539,-0.006649586803311736,-0.013905062687845304,1.5256407976150512,1.3470569801330567,1.1325733210367648,0.011709150316021604,0.016670523422423835,65.16250450217618,0.6594355378544215,12.9399995803833,-0.05201465626292967,12.310500049591065,1,0
2016-08-30,1.5154149532318115,1.5304141604354748,1.511234788642713,1.5222998198500057,285544000,-0.005807851478170201,-0.020346490120445537,-0.01368098040508825,1.5235388040542603,1.354019317626953,1.1251972436585367,0.01169929790249885,0.01639111979175242,65.28141401816,0.6853570291914706,13.119999885559082,0.013910379521855365,12.298000049591064,1,0
2016-08-31,1.5082844495773315,1.5225460460742293,1.5038585298620777,1.5183659977599209,388544000,-0.004705314303038444,-0.009686941367165747,0.004955593384472268,1.5242825627326966,1.3609813976287841,1.119987801000388,0.009018215300300421,0.01652833247449804,59.054454012391666,0.9227513066673759,13.420000076293945,0.022865868395705258,12.326000070571899,1,1
2016-09-01,1.5527905225753784,1.5584459167865,1.5082845141243157,1.5095139884307762,428492000,0.029507745048037215,0.026328597365863793,0.01878229021255784,1.5271452903747558,1.3688532376289368,1.1156384398228147,0.012142428353562123,0.017184925265201295,51.38820056326215,0.9991414451609172,13.479999542236328,0.00447089907610132,12.379000043869018,1,0
2016-09-02,1.537545084953308,1.557708061816156,1.5200870449459376,1.5559868449527658,323148000,-0.009818090335060092,0.008060663105877497,0.006187361285012738,1.52809077501297,1.3758016681671144,1.1106911776380821,0.012689197571794745,0.017260947761936728,48.079363460506364,0.7577838945948088,11.979999542236328,-0.11127596817048191,12.408500003814698,0,1
2016-09-06,1.55205237865448,1.55205237865448,1.5350860832805606,1.5429545526021942,306812000,0.009435361501358708,0.018228232248990395,0.01145743523306808,1.5298488855361938,1.3843950510025025,1.1050667108556633,0.012955985741312763,0.017263596782192584,53.56431791531654,0.7193284529697631,12.020000457763672,0.00333897471250455,12.434500026702882,0,0
2016-09-07,1.5291850566864014,1.5547575586012283,1.5203330999269487,1.547134958857589,397988000,-0.014733601959943443,0.009086688385397945,-0.011444683950508683,1.528078520298004,1.3927716207504273,1.097149380079035,0.013604190552914126,0.017756785841547044,56.866191894521094,0.9302962685579833,11.9399995803833,-0.006655646783166214,12.44850001335144,0,1
2016-09-08,1.540250301361084,1.5427092502274649,1.5102518755857033,1.5277099200906392,315808000,0.007236040285836909,0.0211935167751085,0.011301275053578363,1.529799747467041,1.4010455107688904,1.0918986825970347,0.01281212773895131,0.017637919171412227,54.14381572014106,0.7434078950837454,12.510000228881836,0.047738749458166696,12.471500015258789,1,0
2016-09-09,1.4635326862335205,1.531889860035744,1.4507464354145263,1.5232837747726204,697760000,-0.04980853765116611,-0.05748221350154781,-0.03266704219066485,1.5248573660850524,1.4074168920516967,1.0834439850030178,0.020632632024204095,0.020830945052446356,37.90603318209957,1.6392965046071148,17.5,0.3988808696899744,12.7625,1,1
2016-09-12,1.4937766790390015,1.4967273697507704,1.4094367086479314,1.444107148637573,598260000,0.020665061388765782,-0.0284664211427893,-0.02063521626757392,1.5217099785804749,1.4142164373397828,1.0760092574251883,0.021743245501275963,0.016998083798169018,43.002097089289265,1.556866780232117,15.15999984741211,-0.13371429443359373,12.942999982833863,1,0
2016-09-13,1.472138524055481,1.5073007078975564,1.4637783115980663,1.49008842301528,471768000,-0.014485535413125583,-0.051489147981125916,-0.03419947187983807,1.5164970636367798,1.4207550358772278,1.067388131903004,0.022094452773500858,0.017237874756295585,37.54095064305027,1.2441303287226888,17.850000381469727,0.1774406702594271,13.244999980926513,1,1
2016-09-14,1.4851704835891724,1.4900882619885105,1.463286410749297,1.4755807981231,319048000,0.008852400314741216,-0.028783025903094006,-0.019957879904866305,1.5134726166725159,1.427215564250946,1.0604372980383243,0.022390374790936567,0.017388638415695816,43.452254822339206,0.8379135886510518,18.139999389648438,0.016246442688021556,13.519999933242797,1,1
2016-09-15,1.5414795875549316,1.543200804651556,1.4841873288053937,1.4876298802477632,515212000,0.03791423583215758,0.0007981080690335762,0.02200853956089155,1.5167921304702758,1.434655020236969,1.0572521679948814,0.02559916783720993,0.01870650651198914,54.252197016145516,1.3674632025072406,16.299999237060547,-0.10143330840671827,13.72549991607666,1,1
2016-09-16,1.5451675653457642,1.5552489943799364,1.5274635380727588,1.5468887820772304,902444000,0.002392492135872004,0.055779334401020675,-0.004909198709540763,1.5160298347473145,1.4415595602989197,1.0516595196614371,0.023789942152392968,0.01841623788813921,53.047406286547684,2.2265920689420353,15.369999885559082,-0.05705517760927059,13.922499895095825,1,1
2016-09-19,1.5655765533447266,1.6046729162375801,1.554265649267285,1.5613963881914759,417128000,0.013208268447179927,0.04806600297972019,0.018231314753459626,1.5188329815864563,1.4479101586341858,1.0489828892554853,0.023873549881926193,0.018621103544381894,55.965829270308234,1.0134768060348724,15.529999732971191,0.010409879544790224,14.13199987411499,1,0
2016-09-20,1.551315188407898,1.5835266885324346,1.542709102696843,1.5835266885324346,331112000,-0.009109337327746991,0.05378343345998404,-0.00047497768549609187,1.518759262561798,1.4534012055397034,1.0449690400510054,0.023957758136677016,0.01875254645862187,55.104961298286455,0.7961348345296964,15.920000076293945,0.02511270766442819,14.314499855041504,1,1
2016-09-21,1.5948373079299927,1.5977879988580126,1.555740946256486,1.555986817625637,336212000,0.02805498189362865,0.0738412361089964,0.042932835994260454,1.5253244876861571,1.459379813671112,1.0451867796150747,0.024797947074526948,0.01967454636246487,61.153355294163916,0.8087427698042297,13.300000190734863,-0.1645728563444202,14.360499858856201,0,1
2016-09-22,1.5987716913223267,1.6090991109074535,1.5896738632403529,1.6041813311404325,308732000,0.0024669496836893234,0.03716695584550078,0.037994727161896114,1.5311766266822815,1.4654469347000123,1.0448530004231948,0.02478516654922018,0.019256969071011057,56.61711978469375,0.741723445353117,12.020000457763672,-0.09624058004622238,14.288999891281128,0,0
2016-09-23,1.5970507860183716,1.60541100152935,1.5899200450014273,1.600739209500474,276132000,-0.0010763921536112164,0.0335777308793026,0.09123000875946752,1.5445284366607666,1.471214563846588,1.0498322098052744,0.016398501460777707,0.01915683035273576,58.91026863075641,0.673918402112554,12.289999961853027,0.0224625202834301,14.221999883651733,0,0
2016-09-26,1.5820508003234863,1.5884439238735528,1.5621338156863176,1.578854238548453,230040000,-0.009392303504813349,0.010522798737349515,0.05909459059253397,1.5533558487892152,1.4769865441322327,1.0517061614138479,0.01675092779828761,0.019304442156045966,54.485287643388574,0.5662637375080556,14.5,0.1798209963390236,14.26449990272522,1,1
2016-09-27,1.6361466646194458,1.6386056128624327,1.5751662255321037,1.5759038396555363,402752000,0.0341935064821548,0.05468358515757821,0.11140808958123816,1.5697566628456117,1.4837078857421875,1.0579957671791846,0.017240218321866625,0.020582034968507107,64.62672197460151,0.9760211396283698,13.100000381469727,-0.09655169782967399,14.272499942779541,0,1
2016-09-28,1.6420480012893677,1.6432774753769326,1.621147410797175,1.638605567643468,319788000,0.0036068506555886337,0.029602200252420552,0.10562929941960175,1.585444414615631,1.4902772784233094,1.0638586775563048,0.01738359158184177,0.020459238785458043,64.1199878434048,0.771765546301637,12.390000343322754,-0.05419847461617522,14.235999965667725,0,1
2016-09-29,1.6572932004928589,1.662456968582102,1.6240982184855006,1.6393432996205262,336684000,0.009284259163873543,0.03660404389705563,0.07513146062584508,1.5970257759094237,1.4968079662322997,1.0669543534895716,0.014422127829761102,0.02037700196256504,82.4012790023144,0.817658573073056,14.020000457763672,0.1315577134200292,14.26599998474121,0,1
2016-09-30,1.6848328113555908,1.7013073657397828,1.6565554931446667,1.666391051500874,429932000,0.016617223104844703,0.05496508070107753,0.09038841426792033,1.6109923005104065,1.5043803119659425,1.0708677105758864,0.014578074866071105,0.01975264704089804,82.24065074537752,1.0439347510428858,13.289999961853027,-0.05206850728071133,14.256500005722046,0,0
2016-10-03,1.683111548423767,1.7091759081438127,1.6801609745914288,1.6848328825955357,242596000,-0.001021622394947852,0.06387958470083044,0.07507457545141216,1.6227458000183106,1.5112064647674561,1.0738081379687705,0.014791323895238776,0.01951887209213021,88.16719316921177,0.5948744808862158,13.569999694824219,0.021068452503753887,14.336000013351441,0,0
2016-10-04,1.679423213005066,1.7138476680885062,1.6668828347589109,1.6855704664393856,281624000,-0.002191379069411803,0.026450286714171822,0.0825802683777268,1.6355566024780273,1.5174630761146546,1.0778229982806184,0.014080009282210914,0.019544010444617572,86.37195187280363,0.6927150591192741,13.630000114440918,0.004421549076348397,14.416499996185303,0,0
2016-10-05,1.6777020692825317,1.710897168926123,1.6725384183821808,1.6936848820091743,305440000,-0.0010248421655756346,0.021713170361139067,0.051958128230705114,1.6438430786132812,1.5232189297676086,1.0791902900419414,0.012391997846341669,0.019082422489795997,82.06012186424576,0.7599454224633736,12.989999771118164,-0.04695527057587301,14.469000005722046,0,0
2016-10-06,1.6558176279067993,1.6678661440286746,1.6292615305732852,1.6575388444956385,360212000,-0.013044295394528116,-0.0008903509563792378,0.0356811024951853,1.6495476722717286,1.5288168907165527,1.0789700730599527,0.01366955716837087,0.019481885588779137,73.98709937512598,0.8912966127403167,12.84000015258789,-0.011547314947901732,14.485500001907349,0,0
2016-10-07,1.643769383430481,1.6713089726165085,1.6390974752271505,1.6668829358055983,286260000,-0.007276311275625891,-0.024372405171805056,0.029253044312124832,1.6542195320129394,1.5341149878501892,1.0782891407188826,0.014040544421788686,0.015164465984613764,67.58848151534734,0.7463067903333118,13.479999542236328,0.04984418863261819,14.284499979019165,0,1
2016-10-10,1.6499167680740356,1.6612276737661165,1.6344256966319828,1.6523755994423366,287876000,0.003739809674959016,-0.0197222699712436,0.04289746431446617,1.6610061287879945,1.5390844225883484,1.0792170360574533,0.01335256378168457,0.014766015636180223,73.01944238807964,0.7821663167138342,13.380000114440918,-0.007418355429618995,14.195499992370605,0,0
2016-10-11,1.6260653734207153,1.6469659662718086,1.613524994260236,1.6445071350682705,388540000,-0.01445611991758966,-0.03177152677845574,-0.006161606056921176,1.6599979996681213,1.5437584543228149,1.0752964591188563,0.00957411938768168,0.0147639649845791,58.02780127238627,1.0677455328312377,15.359999656677246,0.14798202730202759,14.070999956130981,1,1
2016-10-12,1.6334422826766968,1.6420483687171596,1.605902690098087,1.6194265563401185,419920000,0.004536662164118743,-0.026381195693918835,-0.005240844729212268,1.6591374278068542,1.5489187192916871,1.071158484394565,0.009623649536395384,0.014737548232154524,58.7577644240324,1.1382049473642555,15.90999984741211,0.035807304884656554,13.959499979019165,1,0
2016-10-13,1.6068859100341797,1.6179509429700012,1.5663142007689068,1.6142626377410971,390116000,-0.016257919195650783,-0.029551393250038416,-0.030415433095175137,1.6540966987609864,1.553474235534668,1.064772534313507,0.010119872156321373,0.013247780713985096,52.20738733503389,1.0756568516889684,16.690000534057617,0.04902581358430247,13.979000043869018,1,1
2016-10-14,1.6226228475570679,1.6376220570722333,1.6130331601828367,1.6265570241597276,330636000,0.009793437993711462,-0.012864660995985377,-0.036923523437598416,1.6478757023811341,1.5578339791297913,1.0577993062531865,0.008789953600938642,0.013357452966676274,59.075934345791275,0.9896715402533355,16.1200008392334,-0.03415216756051487,14.016500091552734,1,0
2016-10-17,1.6132792234420776,1.6376222518452201,1.6110662634960184,1.6223771691353308,195328000,-0.005758346204145615,-0.022205692639105323,-0.04149001594522206,1.640892469882965,1.5615306997299194,1.05082306109433,0.008755931788170303,0.013232320134979794,43.60394940936244,0.6047370158075968,16.209999084472656,0.005583017404082069,14.050500059127808,1,1
2016-10-18,1.6378681659698486,1.6472119833175494,1.6290162087056395,1.6356552059660778,269372000,0.015241591269804067,0.00725849817729296,-0.02474364217037406,1.6367369651794434,1.5654541325569153,1.045534922512293,0.010715178831115495,0.013316617751915135,48.941544825937356,0.8420253721676374,15.279999732971191,-0.057371955831403976,14.01850004196167,1,0
2016-10-19,1.634425401687622,1.6420480003271343,1.6184425903059523,1.626802920297212,199060000,-0.0021019788733654954,0.000601869451618553,-0.02579520427808546,1.6324092984199523,1.5692350840568543,1.040257967085325,0.010704662398722805,0.011943209509516795,43.84106572624947,0.6358688013492966,14.40999984741211,-0.056937166280297546,14.074000024795533,1,1
2016-10-20,1.665407657623291,1.6708172974719975,1.6302455848522943,1.6536050095655008,312084000,0.018956053854570776,0.036419354494101386,0.005791718577495164,1.6333683013916016,1.5738222122192382,1.037835334073979,0.011934172536976276,0.012580571139152865,44.863516752595196,0.9963744286756001,13.75,-0.04580151661352294,14.160500001907348,0,0
2016-10-21,1.660736322402954,1.6636868972905858,1.6449993758395471,1.6595068478044361,279508000,-0.002804919983977583,0.023488806966614373,0.010321970431803384,1.635064995288849,1.5777317762374878,1.0363390152336838,0.01168572409107393,0.012609577825650094,44.17433450717559,0.8918900635760609,13.34000015258789,-0.029818170720880666,14.213000011444091,0,1
2016-10-24,1.7386826276779175,1.740649716031408,1.6718006856663457,1.672046674303505,339836000,0.046934786831290154,0.077731989858693,0.05380020454455958,1.643941581249237,1.5815607452392577,1.0394425798678648,0.018670383676324977,0.015808291845774966,61.126520343618914,1.0657235270394778,13.020000457763672,-0.02398798284587278,14.139000034332275,0,1
2016-10-25,1.767205834388733,1.7777791256110813,1.727371852560591,1.7357320666264064,397460000,0.016405067984666788,0.07896708117670648,0.08679876176878643,1.6580556273460387,1.5859896302223206,1.045439135130799,0.017538338781164512,0.014518113623931244,65.26846279052931,1.247467151433586,13.460000038146973,0.03379412940964488,14.157000017166137,0,1
2016-10-26,1.774336576461792,1.7937618233043355,1.7507311642326158,1.7524523812155555,333792000,0.004035037647736939,0.08560266784259785,0.0862560589249679,1.6721450567245484,1.590747663974762,1.0511692675043136,0.017551628761543824,0.014517882858906315,71.2898281282723,1.0453416044029415,14.239999771118164,0.057949459937637116,14.249499988555907,0,0
2016-10-27,1.7379450798034668,1.7913030458653922,1.7308143398005924,1.7878606115709617,388664000,-0.020509917419891943,0.04355535525980114,0.08156096767722576,1.6852509737014771,1.595489628314972,1.0562594352188324,0.018253998081140452,0.015444065853344173,65.55647668801899,1.2073580174506886,15.359999656677246,0.07865167862085842,14.316499948501587,1,0
2016-10-28,1.7349942922592163,1.7728611820911393,1.7317977297718334,1.7463051966569478,290856000,-0.0016978600639003805,0.04471388314601121,0.06925296588257024,1.696488118171692,1.5997062492370606,1.0604997754936503,0.018490062281114175,0.015101540300449086,64.20358790445522,0.9234725789705962,16.190000534057617,0.05403651666226161,14.461499977111817,1,1
2016-10-31,1.7497475147247314,1.7613042897413838,1.7396659679131348,1.7406495706322742,252388000,0.008503326224954977,0.006363948699246835,0.08459062095369108,1.7101349472999572,1.604139394760132,1.066076272976062,0.017949918317218608,0.01516540351648587,71.2955083499281,0.80009231297904,17.059999465942383,0.05373680686758586,14.635999965667725,1,0
2016-11-01,1.6978652477264404,1.765730683352047,1.6791776130255662,1.7561409945843554,473224000,-0.029651287721047637,-0.03923741383882262,0.036631203294109405,1.7161346554756165,1.6074072742462158,1.06764146397209,0.021317768069142616,0.01673184786037672,59.61823156769171,1.4559457229302284,18.559999465942383,0.08792497344413852,14.882499933242798,1,0
2016-11-02,1.6907347440719604,1.7340112882883936,1.6877840519493843,1.7108977287434641,295848000,-0.004199687615980219,-0.04711723440686888,0.03445207246913573,1.7217655897140502,1.6102841949462892,1.0692308818018794,0.02139256201591289,0.01676388463594511,63.28932497125331,0.9115665122986052,19.31999969482422,0.04094828937233741,15.198999929428101,1,0
2016-11-03,1.67106294631958,1.7000778784196127,1.6386055805465407,1.6986025329527379,309664000,-0.011635058557442846,-0.038483456273227024,0.0033957383769687155,1.7223311185836792,1.6132446932792663,1.0676192680247851,0.021137939856792846,0.01670673767157645,57.582763895933375,0.961624934476445,22.079999923706055,0.14285715696057877,15.66099991798401,1,0
2016-11-04,1.6614735126495361,1.6899967063577874,1.6371304846094172,1.6599981669577906,328780000,-0.0057385233100668565,-0.042375228516714825,0.00044389361311458764,1.7224048376083374,1.616215033531189,1.065702769664962,0.021209723241170375,0.016672132851000374,57.53848368482704,1.0142910205104094,22.510000228881836,0.01947465156981787,16.112499952316284,1,1
2016-11-07,1.7524524927139282,1.7635175267363237,1.7089300880920375,1.7101595623721082,487580000,0.054758008100477484,0.0015459247499616247,0.00791971163501004,1.7237818241119385,1.620759072303772,1.0635645072538316,0.0231763511136469,0.020605980548541014,64.84079544686065,1.4592401584040837,18.709999084472656,-0.16881390962997522,16.37899990081787,1,0
2016-11-08,1.7497475147247314,1.7647467233847183,1.7335188319780959,1.7590912129355956,429884000,-0.001543538555506152,0.03055735257421932,-0.00987905275337675,1.7220359921455384,1.625268669128418,1.059539277939206,0.022539332269773248,0.020221787525281275,64.96495257707463,1.2786555621653777,18.739999771118164,0.0016034574085257436,16.547999906539918,1,0
2016-11-09,1.720240592956543,1.743354258493116,1.6897504352045496,1.7022906947440415,456532000,-0.01686353117799999,0.017451494971659987,-0.030488005614539015,1.7166263937950135,1.6293651819229127,1.0535553434185445,0.02300849483804483,0.020743725169082374,57.142830521992565,1.3505641205263665,14.380000114440918,-0.2326574018104749,16.471499919891357,0,0
2016-11-10,1.666391134262085,1.758107843600382,1.64155636576661,1.7578619722166313,869280000,-0.03130344610802838,-0.0027957127933357917,-0.04117158037552804,1.7094709992408752,1.6325273156166076,1.0471316362600682,0.0241532718465426,0.02172078727653914,50.65296535137563,2.4014002643175703,14.739999771118164,0.025034746440350863,16.373999881744385,0,1
2016-11-11,2.1630873680114746,2.1827584860927702,1.9302302790883694,1.9550651653277504,2175344000,0.2980670165227073,0.30190902927006014,0.2467403366467671,1.752280306816101,1.6447332525253295,1.065388751717425,0.09858219066377656,0.06972891169873084,74.91339846252268,4.789141573698627,14.170000076293945,-0.038670264835491186,16.276499843597414,0,0
2016-11-14,2.056617498397827,2.168497073841809,2.0561257556054975,2.166038125381929,1348796000,-0.04922125254308385,0.17356533597829804,0.175379579676884,1.7829673051834107,1.65511470079422,1.0772469752868727,0.1013736026045794,0.07112100743390362,65.56467573498723,2.634894166333267,14.479999542236328,0.021877167556336508,16.189999866485596,0,1
2016-11-15,2.119319200515747,2.1503011057965113,2.06374804602339,2.07260011945999,626092000,0.030487780137418152,0.21121429388008384,0.24822579610111162,1.8251127004623413,1.6664600372314453,1.0952034010335296,0.09985569562700883,0.07121348773407955,67.50687347340168,1.1818997322427727,13.369999885559082,-0.07665743727681185,16.09449987411499,0,1
2016-11-16,2.2530832290649414,2.2759507961711947,2.123253734789657,2.147596764966273,987984000,0.06311650860174445,0.3097489027349438,0.3326059791251599,1.8813475489616394,1.6809380006790162,1.1192248305420351,0.09984159952218145,0.07187715778066958,73.7906092186593,1.7358029923057705,13.720000267028809,0.026178039227042982,16.059999895095824,0,1
2016-11-17,2.27177095413208,2.330784320309661,2.2289860408799753,2.269803748126852,832988000,0.008294289720888193,0.36328795048352847,0.35947658891936096,1.9414183497428894,1.695568413734436,1.1449955861509455,0.09904711372272328,0.07191160194565059,74.43476671595069,1.3994506279138141,13.350000381469727,-0.026967921163110087,16.03999991416931,0,1
2016-11-18,2.295621156692505,2.3194721991729272,2.2572624164691018,2.271769879713921,576060000,0.010498506690141518,0.06127065907784779,0.3816778535528378,2.0048331141471865,1.7122101831436156,1.1709036273025286,0.09843618084045963,0.07177264762114019,74.64476198164742,0.9442792310040151,12.850000381469727,-0.03745318245039286,16.015499925613405,0,0
2016-11-21,2.286278247833252,2.3199650945225194,2.2720165330168665,2.3135719686216496,436436000,-0.004069882712143147,0.11166916046096964,0.3046163917930904,2.058215689659119,1.7280602145195008,1.191055538670231,0.09898866677459182,0.07161273366316451,77.6264568354907,0.709787526919773,12.420000076293945,-0.03346305777514691,15.985499906539918,0,1
2016-11-22,2.30275297164917,2.304965931945304,2.271525069807917,2.294146884665157,330368000,0.007205913729674496,0.0865531587166215,0.3160487168981272,2.1135162353515624,1.7446725034713746,1.2114114432057017,0.09870982565638123,0.0716387658604111,78.48480473743892,0.5402336442485054,12.40999984741211,-0.0008051714026091616,15.932999897003175,0,1
2016-11-23,2.3140809535980225,2.3456017310368176,2.2845300926463836,2.3079243774522435,443236000,0.0049193213897971155,0.027073001008664832,0.3452077360997847,2.1729002714157106,1.7612507128715515,1.2337257015913445,0.0977567499519554,0.07163163766749606,80.16187128402393,0.7183725386150605,12.430000305175781,0.0016116404520216676,15.842499923706054,0,1
2016-11-25,2.318758726119995,2.3419068774947953,2.300289241543977,2.325161421277871,195564000,0.0020214385822152625,0.020683322807015347,0.3914852752422937,2.2381370306015014,1.7767962956428527,1.259647510572805,0.09584005071074718,0.07121192516773445,80.97382039895315,0.32199809926875195,12.34000015258789,-0.007240559161564519,15.691499948501587,0,0
2016-11-28,2.317528247833252,2.333042395020517,2.3049689750012723,2.311618029424007,278736000,-0.0005306624932047699,0.009542990609265223,0.07139835501131642,2.2535811185836794,1.7922435092926026,1.2574078839728462,0.028053821877172522,0.07119661926385253,79.08908114150582,0.45940001898674093,13.149999618530273,0.06564015039922944,15.53949990272522,0,0
2016-11-29,2.296349287033081,2.3256540129711385,2.278618872193117,2.314818537655745,444568000,-0.009138598772192696,0.00440499279095774,0.11656605509873019,2.2775542974472045,1.8068589639663697,1.2605047449013822,0.021082628003570834,0.07141190312774645,77.61287292085707,0.7212935804793459,12.899999618530273,-0.019011407395610358,15.331499910354614,0,0
2016-11-30,2.2704925537109375,2.318759012803247,2.268029924149764,2.304968428170244,440500000,-0.011259930476670177,-0.01400950007899826,0.07133109215374533,2.292671632766724,1.8212425112724304,1.2588502731384874,0.02098982790108418,0.07091285054882847,77.90016537557663,0.7165957391428832,13.329999923706055,0.03333335797608128,15.069999933242798,0,0
2016-12-01,2.1581995487213135,2.269754152848574,2.0875237576861414,2.2680303587952606,1035524000,-0.04945755263812257,-0.06736212258881369,-0.04211281639294162,2.2831832647323607,1.8325097560882568,1.2459323925271362,0.017512067790433967,0.0723227465594263,73.5415882058902,1.5889683499571425,14.069999694824219,0.05551386161691929,14.807499933242799,0,1
2016-12-02,2.178145408630371,2.1867643746724217,2.096141700545928,2.1239687487027816,478292000,0.009241897914803676,-0.06064163377830767,-0.04121258145827389,2.27382071018219,1.8440972304344176,1.2330264764003478,0.01758929189170341,0.07207698233906733,51.32599408616463,0.7245452088627767,14.119999885559082,0.0035536739032948628,14.40949993133545,0,1
2016-12-05,2.2626125812530518,2.2805893574605784,2.191690434479725,2.2160699077549735,602284000,0.03877940025858706,-0.023695791683032597,-0.01437892979127764,2.2705198526382446,1.8574084663391113,1.2224127830715459,0.021928063371749924,0.07207481412385665,68.87095675086317,0.8938584962000728,12.140000343322754,-0.14022659761218048,13.890999937057495,0,1
2016-12-06,2.2997970581054688,2.3081699047141733,2.2549781862426905,2.270738686721305,498796000,0.01643431012472485,0.0015014140452658253,0.005913020554269233,2.271871733665466,1.871763391494751,1.2137601066399728,0.022581786839966825,0.07154522859737875,67.34423323760518,0.7396548328853058,11.789999961853027,-0.028830343622043952,13.544999980926514,0,1
2016-12-07,2.34116792678833,2.3468317859212293,2.2680295323702278,2.2862526591860552,480804000,0.017988921473332864,0.03112777135599032,0.016682186761721285,2.2757132291793822,1.8858638167381288,1.2067219324010117,0.023170299495286387,0.07142947244147937,60.29294097719057,0.7102931973741825,12.220000267028809,0.03647161209220218,13.219000005722046,0,0
2016-12-08,2.302013874053955,2.3793387230120433,2.291424987119524,2.3441240042338714,381544000,-0.016724153908979744,0.06663625030310505,-0.005214631547485471,2.2745065212249758,1.8990631341934203,1.1976992656386938,0.02385758094401534,0.07142602604288167,53.372651868773715,0.5667955810789652,12.640000343322754,0.034369890926038815,13.132000017166138,0,0
2016-12-09,2.2611351013183594,2.321468125865324,2.233800519541448,2.3197443318739626,382312000,-0.0177578307395716,0.03810108010198121,-0.024851065422428875,2.268744158744812,1.9111399722099305,1.1871156439271,0.02445932439636398,0.07100921933614261,46.29487986696456,0.5892498189766703,11.75,-0.07041141765418613,12.982500028610229,0,0
2016-12-12,2.2062196731567383,2.215085000418731,2.1557369314262704,2.2126223703710672,601332000,-0.024286663866127434,-0.02492380205235256,-0.04802900451400338,2.2576133012771606,1.9215677094459533,1.1748809527654374,0.025409776698070024,0.026755175856471945,42.16580981062066,1.0547633898533408,12.640000343322754,0.0757447100700217,12.90600004196167,0,1
2016-12-13,2.2451281547546387,2.272709092399748,2.2175474519588376,2.2185324099588852,387796000,0.017635814815407214,-0.02377118587840321,-0.022305462225487904,2.2524911880493166,1.9328080415725708,1.1653982907773113,0.02627635476842804,0.024157700885978014,44.598247809762206,0.7428176947972344,12.720000267028809,0.00632910771622841,12.818000078201294,0,1
2016-12-14,2.375152349472046,2.391405331471339,2.2549785436325194,2.27886553760865,983980000,0.0579139299652216,0.014516012411948775,0.04609563488329904,2.2629571676254274,1.9467226243019105,1.1624445821791987,0.03202643174527102,0.026376871414611522,54.68276973566826,1.822336371610089,13.1899995803833,0.036949630777348696,12.809000062942506,1,1
2016-12-15,2.4308059215545654,2.4610956056732656,2.378845521389709,2.3862331747591368,746548000,0.023431579913132827,0.0559475548571744,0.1263119404295887,2.2902178049087523,1.961784701347351,1.1674154678318338,0.02598595238695079,0.023152970969935262,57.96851389148877,1.4142289755654374,12.789999961853027,-0.030325976592536774,12.762500047683716,1,1
2016-12-16,2.472670078277588,2.4798113759109888,2.4066729617411275,2.4583870133121786,1089528000,0.017222336160942486,0.09355255987839595,0.13521809355804915,2.3196702718734743,1.9781217503547668,1.1726630433427327,0.026005305629425022,0.023324402330727478,60.43046389462204,2.014993608408494,12.199999809265137,-0.04612980096541075,12.705000019073486,0,1
2016-12-19,2.502713680267334,2.522906730143705,2.437947871645791,2.4551860472616167,744656000,0.012150267135789372,0.13439006582982804,0.10611675237893015,2.3436803817749023,1.995300636291504,1.174600127493019,0.024392878663701965,0.02334965792492067,63.71081972344397,1.3560398601304366,11.710000038146973,-0.04016391629334615,12.648000001907349,0,1
2016-12-20,2.589888334274292,2.6135289679443043,2.564031193043631,2.5753591483506755,848056000,0.03483205238149578,0.15355924283855904,0.12613777165529338,2.3726895093917846,2.014100067615509,1.178039536139239,0.025564180760253487,0.0241956454229044,69.6218391265896,1.4885456254743548,11.449999809265137,-0.02220326456318089,12.599499988555909,0,1
2016-12-21,2.6061418056488037,2.6090969147712464,2.553935269234529,2.6014629024423797,576136000,0.006275742146645946,0.09725247992117336,0.11318021053875071,2.399186897277832,2.033701596260071,1.1797143207685334,0.02553986667372254,0.02419517399122459,81.20075699955561,0.9899080702448895,11.270000457763672,-0.01572046764191315,12.542500019073486,0,1
2016-12-22,2.637662410736084,2.6810036131722526,2.6233793463479653,2.6305208785420247,718612000,0.012094739057928239,0.08509790409315299,0.1458064786078097,2.432751750946045,2.0537859988212586,1.18452056462664,0.023608108933510355,0.024223924613742186,81.49907399599005,1.2061733020196772,11.430000305175781,0.014196969025133344,12.492500019073486,0,1
2016-12-23,2.703413248062134,2.7048909199949285,2.616976955171936,2.6196857072496305,647692000,0.024927692436463422,0.09331741092822088,0.19560005348017606,2.4769795656204225,2.075716545581818,1.1933130132303935,0.020946760331864284,0.024523597286647297,81.01184885000403,1.047393144204062,11.4399995803833,0.0008748272038969773,12.447499990463257,0,1
2016-12-27,2.8890905380249023,2.8900754957652697,2.7388734447043173,2.7595592011967542,1194272000,0.06868254052386047,0.15438316448419953,0.3095207939520763,2.5452666521072387,2.1010458993911745,1.2114283904244012,0.020613565678988706,0.027908095343472536,84.29354908172259,1.7981647839923296,11.989999771118164,0.04807694151300268,12.389499998092651,0,0
2016-12-28,2.690361738204956,2.9533645624792473,2.676571385996024,2.945238071377652,2295764000,-0.06878593702909885,0.03879449264318091,0.19831098839833272,2.5897900104522704,2.1225875496864317,1.220109865826198,0.03689920296914929,0.03295476829289813,67.17547225879052,3.03382988772354,12.949999809265137,0.08006672697854822,12.392000007629395,1,1
2016-12-29,2.7440459728240967,2.7455236449019367,2.531525868826782,2.5832399294136317,2175368000,0.01995428118709408,0.052915066584783066,0.15531366795652035,2.6266793727874758,2.1447111058235167,1.2247240971780649,0.03429764411186535,0.03270957564581505,71.435432421777,2.5790856950995464,13.369999885559082,0.03243243880154001,12.394000005722045,1,0
2016-12-30,2.6285510063171387,2.756112467138603,2.6177157632723804,2.7420757581730837,1212932000,-0.042089297209584875,-0.0034543482069043785,0.08134959809383302,2.646453881263733,2.164593617916107,1.2226100360637306,0.038522783930767655,0.032038942146242984,66.61471470914594,1.423069233794404,14.039999961853027,0.05011219760873842,12.392500019073486,1,0
2017-01-03,2.512071132659912,2.619439299024829,2.447305333164635,2.570926479918963,1501996000,-0.044313339698294985,-0.07077797504298688,0.015934618503480324,2.6503939867019652,2.1815268874168394,1.2149261152771371,0.04175830444464156,0.034298812990508874,63.10127091623538,1.662381945111588,12.850000381469727,-0.08475780510089415,12.32900004386902,1,1
2017-01-04,2.570680618286133,2.5980152003329158,2.5002509511805253,2.54630114523219,1199220000,0.023331140931571515,-0.11021112545557232,0.0271572967194309,2.657190680503845,2.199725773334503,1.2079645166296724,0.042196569438096715,0.03373175911778577,63.71371124060203,1.2848319503835146,11.850000381469727,-0.07782100936292924,12.314500045776366,0,0
2017-01-05,2.505422830581665,2.605895851736158,2.4884310092119506,2.57412871731837,984296000,-0.02538541242356862,-0.06874127928487583,-0.03261356969519491,2.6487441301345824,2.215060577392578,1.195788574438225,0.04151829708346652,0.03440214175796023,55.80427974726036,1.0278327333528117,11.670000076293945,-0.015189898681965852,12.308500051498413,0,1
2017-01-06,2.538914203643799,2.567233751696596,2.4921251604832433,2.5327576269914176,822856000,0.013367553234261198,-0.07475522320392536,-0.025795834232538395,2.642021369934082,2.2304947447776793,1.1845001545598446,0.04174538403528942,0.034324714797238996,54.913873726257705,0.8441758294068356,11.319999694824219,-0.029991463511701788,12.263500022888184,0,1
2017-01-09,2.6418492794036865,2.6595799359976646,2.548764154258044,2.548764154258044,916248000,0.04054295163348076,0.005059164937103455,0.0015873406128701362,2.6424400568008424,2.2478449988365172,1.1755437132758564,0.043721663431016786,0.03483495159070139,57.28528556893562,0.9148939569437233,11.5600004196167,0.021201478026736664,12.20950002670288,0,0
2017-01-10,2.6219019889831543,2.6888838279758356,2.601216227653637,2.654900429494152,880920000,-0.007550502814844373,0.04372123659052107,-0.03015123904471817,2.6342889308929442,2.265524137020111,1.1627723968361146,0.04294810319283718,0.03451896084798523,55.17757227713256,0.8582531899520893,11.489999771118164,-0.006055419200482692,12.196500015258788,0,0
2017-01-11,2.5896427631378174,2.6152535552385086,2.564770807114858,2.610328529368799,525664000,-0.012303749713332368,0.0073763129953989814,-0.10364776421710875,2.6043441534042358,2.2826171064376832,1.140946567893136,0.03499006925921618,0.034029636259102276,49.98879786032607,0.5140329758553216,11.260000228881836,-0.020017366998950403,12.127500009536742,0,0
2017-01-12,2.547285556793213,2.578314077136613,2.5024666873413106,2.5667400005849386,625616000,-0.01635638974901743,0.01670884678648399,-0.05318102000186986,2.5900365352630614,2.298567867279053,1.1268044646987243,0.028601417614976924,0.034401258872381504,47.37762605477198,0.6047415318051499,11.539999961853027,0.02486676085964845,12.068499994277953,0,0
2017-01-13,2.5470399856567383,2.585702289869403,2.537928301725628,2.5512261747920557,457820000,-9.640502841135046e-05,0.0032004949207331546,-0.07179398199535458,2.570335936546326,2.3155513620376587,1.110031925305453,0.027325764607127562,0.032251820744732526,45.84650997913737,0.45409190545620454,11.229999542236328,-0.02686312137274227,11.970499992370605,0,0
2017-01-17,2.489907741546631,2.541375430500291,2.4766098708832414,2.536450406293133,580612000,-0.02243083910415178,-0.05751332562444733,-0.05274513008775916,2.556471610069275,2.331534821987152,1.0964758432775241,0.025148091880503896,0.032427198773350804,40.13649529892849,0.5806624014964499,11.869999885559082,0.05699023770354539,11.924499988555908,0,1
2017-01-18,2.535219430923462,2.54211460664612,2.440656651963803,2.46848371177995,654424000,0.01819813988316099,-0.03306094523133196,0.00921482595082379,2.5587864398956297,2.3488179516792296,1.0893932576027394,0.02188004008651723,0.03245250172911171,31.215732867667782,0.6690371085243897,12.479999542236328,0.05139003054409175,11.938499975204468,1,1
2017-01-19,2.5896427631378174,2.621656253263682,2.5359587834262585,2.538175056810096,644872000,0.02146691191717931,0.0,0.0073763129953989814,2.5606826543807983,2.3673813366889953,1.081651956402661,0.021676877920500954,0.03267571239469806,43.68635480496189,0.6626517414039579,12.779999732971191,0.024038477703429928,11.991999959945678,1,0
2017-01-20,2.5613224506378174,2.6300283140341216,2.539405610647343,2.6122976625805587,492024000,-0.010935991984348026,0.005510530143418846,0.022311451533781446,2.5662726163864136,2.383558735847473,1.0766559169660976,0.020154860399681843,0.03186399171974288,38.16964258149446,0.5150103541339917,11.539999961853027,-0.09702658818678078,11.996499967575073,0,1
2017-01-23,2.587918519973755,2.6078654466671503,2.553688762401308,2.5561513923336907,369904000,0.010383725535734412,0.016049427785671977,0.019301288818513784,2.5711730480194093,2.4003221559524537,1.0711783173118117,0.01999574741252141,0.031920242786288064,47.02703570208708,0.3914097752555511,11.770000457763672,0.01993071894895504,12.021499967575073,0,1
2017-01-24,2.6430792808532715,2.6492358536311222,2.5832387555781438,2.5980142953957475,428052000,0.021314720866898007,0.0615169537211433,0.0004655835059079738,2.571296048164368,2.4187789297103883,1.0630554188233488,0.016507660832699805,0.03216767684242494,60.530398734254845,0.46000999862873493,11.069999694824219,-0.059473299550954706,12.003499937057494,0,1
2017-01-25,2.6544079780578613,2.691592842604154,2.6184544284123565,2.685436268100216,522760000,0.004286173815010397,0.04701310887751631,0.012397865828430055,2.5745466470718386,2.4385392665863037,1.0557741195104604,0.016315896817717383,0.03167326238210447,57.2835960320996,0.5655855740840718,10.8100004196167,-0.02348683670958751,11.971999979019165,0,1
2017-01-26,2.700211524963379,2.7075991787333167,2.6275655974860332,2.6571164474150635,458800000,0.017255654475176296,0.042696530733678406,0.042696530733678406,2.5856035232543944,2.449281749725342,1.0556578570612953,0.01624434966632614,0.027591095650923096,67.53865896943476,0.5169534361065609,10.630000114440918,-0.016651276428180206,11.903999996185302,0,1
2017-01-27,2.7524185180664062,2.7553736270467835,2.6805114141923023,2.707107160166379,471996000,0.019334408664052782,0.074608359982556,0.0805300217426097,2.6061168193817137,2.4631977701187133,1.0580217516420178,0.015078542580814591,0.023224500563545067,68.59702913382688,0.5927222633140738,10.579999923706055,-0.004703686754145675,11.785500001907348,0,0
2017-01-30,2.7093236446380615,2.7337031194918775,2.6573634636139505,2.7314868462959554,496004000,-0.01565709326015552,0.04691226703131979,0.06371460985897293,2.6223451852798463,2.4749978590011597,1.0595343247440836,0.016707772972039698,0.023091753081729192,56.561256758135265,0.6962917708522262,11.880000114440918,0.12287336484965561,11.711000013351441,1,0
2017-01-31,2.6886379718780518,2.7100623363803122,2.664504620414469,2.682974110712364,362756000,-0.00763499510327903,0.017236974825088236,0.07981429472883916,2.6422182083129884,2.483708953857422,1.0638195768507366,0.0143702615436088,0.021007638168566226,56.48015031320653,0.5415545755566238,11.989999771118164,0.009259230270842744,11.608500003814697,1,1
2017-02-01,2.8061025142669678,2.8102887030645807,2.7053831640703536,2.723113581778818,590004000,0.043689237308087714,0.057148161647741835,0.10684798327095324,2.669306516647339,2.49439558506012,1.0701215687819634,0.01817634839700181,0.020140241901822623,68.03435971227594,0.9451520755398864,11.8100004196167,-0.015012456625316362,11.556500005722047,1,1
2017-02-02,2.8415639400482178,2.8501831460499534,2.7595604181916995,2.7900962352529155,483240000,0.012637252417170952,0.0523486451998445,0.09728028147216428,2.694498634338379,2.505314440727234,1.0755131533733662,0.017786608989343266,0.019787534614831515,74.8028201788353,0.8212174696835753,11.930000305175781,0.010160870558459933,11.560500001907348,1,0
2017-02-03,2.8166918754577637,2.8541231028376357,2.8048716732714944,2.843041501829086,372744000,-0.008752949120698683,0.023351593142350247,0.09970217719223706,2.7200355768203734,2.515922713279724,1.0811284315147227,0.0175197592581658,0.01875683861523977,71.8213607398335,0.6681606938442901,10.970000267028809,-0.08046940600080965,11.525500011444091,0,1
2017-02-06,2.8888444900512695,2.889336968974111,2.8073332396646085,2.8073332396646085,506768000,0.025616083612901352,0.06626039150711738,0.11628108371841872,2.750128173828125,2.527644543647766,1.0880201414156447,0.01823478885933118,0.01920340055155866,81.51743716900572,0.9348904017146397,11.369999885559082,0.03646304546887791,11.528000020980835,0,1
2017-02-07,2.9336633682250977,2.977743402409355,2.9033736833165245,2.92307424938158,746224000,0.015514465499329333,0.09113365165184062,0.10994149493617011,2.7791865825653077,2.540036191940308,1.0941523555388064,0.017967913123055748,0.017629494519245868,81.50303400460331,1.3985750811248665,11.289999961853027,-0.007036053167217893,11.514499998092651,0,0
2017-02-08,2.920858144760132,2.9380960823459947,2.8659426316877186,2.9156867634843726,449580000,-0.004364925984235546,0.04089502429427161,0.10038026140097078,2.8058315992355345,2.5520781803131105,1.0994301118515466,0.01850739278564062,0.017520394699168707,78.03243584424725,0.8780975997337465,11.449999809265137,0.014171820013527237,11.5125,0,0
2017-02-09,2.86594295501709,2.9319400739401464,2.8467350994540177,2.927014814160365,842568000,-0.01880104648065739,0.00857943564995356,0.06137720268265223,2.8224047422409058,2.563046474456787,1.1011914026409089,0.020310150936560828,0.01792459778455959,74.67095951491896,1.596261279967505,10.880000114440918,-0.04978163356500542,11.493499994277954,0,0
2017-02-10,2.79797625541687,2.972326277566185,2.7728579463061993,2.9533645434013907,1651092000,-0.023715300920849725,-0.006644539363345192,0.01655189319917394,2.8269605159759523,2.573079013824463,1.0986683661043646,0.021720426791350535,0.01845867664163135,65.9439713580876,2.851074455001984,10.850000381469727,-0.0027573283690845996,11.45900001525879,0,0
2017-02-13,2.6689376831054688,2.8068416908688683,2.664504901632425,2.792312501008666,1180724000,-0.0461185373040901,-0.07612275693728954,-0.014906289107438075,2.8229219198226927,2.5810479164123534,1.093711550983735,0.026136122221487715,0.021694735096572753,51.76480159853684,1.9190732204114895,11.069999694824219,0.0202764336976633,11.451000022888184,0,1
2017-02-14,2.6787877082824707,2.712524988306012,2.617469488484855,2.6593332597593418,850632000,0.003690616397435287,-0.08687965453133428,-0.0036636630511843737,2.8219368934631346,2.5914596796035765,1.0889372177670984,0.026071263545242588,0.020881831110353445,51.66724928650809,1.3528757627731096,10.739999771118164,-0.029810292032830477,11.394500017166138,0,1
2017-02-15,2.6842052936553955,2.703905864868147,2.6536694787304307,2.681742898390802,373020000,0.0020224019082117906,-0.08102168587997993,-0.043440045398133065,2.8097471714019777,2.601580877304077,1.080015307582371,0.021171476153728504,0.020609160503648055,48.84138813212817,0.6068442504671474,11.970000267028809,0.11452518827964431,11.369000053405761,1,0
2017-02-16,2.6411099433898926,2.6950402645393887,2.601954930441998,2.6938089497143736,647176000,-0.016055161789363392,-0.07844992561125719,-0.07054354604982904,2.789701771736145,2.609150824546814,1.0691991223698964,0.020567634846634375,0.020553278332136344,41.835222105631345,1.0526552065261838,11.760000228881836,-0.017543862444632907,11.318000078201294,1,0
2017-02-17,2.640617847442627,2.645050628819739,2.580531172958028,2.627566329972343,563740000,-0.00018632164423793007,-0.056240079832556855,-0.06251092977165684,2.7720943689346313,2.615967240333557,1.0596823714738748,0.020669127145874447,0.020359250665894304,44.62426188602741,0.911626529053224,11.489999771118164,-0.022959222152102332,11.315500068664551,1,1
2017-02-21,2.7351808547973633,2.739120922220078,2.6649973029739695,2.6652436599344766,551952000,0.03581094002160068,0.02482005185479519,-0.0531920758570078,2.756728005409241,2.623847498893738,1.0506433802160864,0.02257823116139754,0.021679652160113014,53.264273830126996,0.8796165558232174,11.569999694824219,0.00696256965184161,11.305500030517578,1,0
2017-02-22,2.7309887409210205,2.7566318497696405,2.7120028419778888,2.7472622342175907,433772000,-0.001532664236439829,0.01948681206694758,-0.06908584996468015,2.736460542678833,2.632426996231079,1.0395200119876835,0.02145433610045216,0.02126139770069964,43.7367697834976,0.6909644434589575,11.739999771118164,0.014693178978214982,11.339000034332276,1,0
2017-02-23,2.4777631759643555,2.6232384155874513,2.457791310962338,2.6012939132964576,1592888000,-0.0927230351272943,-0.07690995848156745,-0.15170026986441154,2.6921510457992555,2.636759557723999,1.0210074096111628,0.034507052652124594,0.029962124562248782,27.74660232262731,2.3380675313085293,11.710000038146973,-0.0025553435737702968,11.384000015258788,1,1
2017-02-24,2.5016798973083496,2.5149945501322906,2.3596566203254294,2.393436470411494,1029904000,0.009652545318293182,-0.052792215799461584,-0.12710059600839752,2.6557247400283814,2.6426687622070313,1.0049404518674698,0.035390307993532946,0.029739019495110052,30.70842573292319,1.4508976117408,11.470000267028809,-0.020495283547082077,11.426000022888184,1,1
2017-02-27,2.5744173526763916,2.5894579737703083,2.504145486594587,2.5199258758976475,715400000,0.029075444642739035,-0.025070077758638565,-0.07990021441664108,2.6333688497543335,2.649254546165466,0.9940037108045636,0.03747618125575723,0.030206672509691324,30.75802527713897,0.9908458255529637,12.09000015258789,0.054054042818229675,11.501500034332276,1,0
2017-02-28,2.502173662185669,2.593897190094921,2.484913966005899,2.584034237825653,625360000,-0.02806215177800031,-0.08518895275353067,-0.0624832951235339,2.6166924476623534,2.6517949724197387,0.9867627304816274,0.03581419608039112,0.030607293169355773,24.451716710630606,0.8584482808796212,12.920000076293945,0.06865177115224363,11.553500032424926,1,1
2017-03-01,2.5344738960266113,2.573431658964486,2.49305039533611,2.559130568115802,504804000,0.012908869727582317,-0.07195739841392934,-0.053872806646700466,2.6022610664367676,2.65386833190918,0.9805539465346096,0.03620302146434387,0.030805724830522088,27.63861779452806,0.6862669927224735,12.539999961853027,-0.02941177338985901,11.58100004196167,1,0
2017-03-02,2.4410243034362793,2.535706653763431,2.4383121331146795,2.521652231364291,754332000,-0.0368713967568719,-0.014827435036755432,-0.09059701610525783,2.577942967414856,2.6532354164123535,0.9716224016414999,0.03744360697460782,0.029697395499868412,26.458505930290556,1.0141651743219915,11.8100004196167,-0.05821367978126024,11.58100004196167,1,0
2017-03-03,2.4269702434539795,2.4353534226811244,2.372478520321904,2.4304221822791034,864692000,-0.005757443693827913,-0.029863794298684243,-0.08107943422493902,2.556528997421265,2.6517205476760863,0.9641019675552744,0.03736337132784216,0.02935598260465983,28.139495940925812,1.1334743624262422,10.960000038146973,-0.07197293406170036,11.53250002861023,0,0
2017-03-06,2.408231019973755,2.418833504317229,2.34658898631287,2.390724657958911,883568000,-0.007721241548291791,-0.06455298808869026,-0.08800471741639293,2.5332903146743773,2.6480874013900757,0.956649056728476,0.03726933299049208,0.02935444653772996,32.343567387908564,1.1206963688173333,11.239999771118164,0.02554742080261274,11.546000003814697,0,1
2017-03-07,2.4346132278442383,2.454092223641577,2.3954090387484164,2.408230590751672,603400000,0.010955015383354194,-0.02700069757844703,-0.10988948918165509,2.503233551979065,2.6446568298339845,0.9465249040028391,0.034726216207835836,0.028661954265065865,33.825410673369774,0.7606763842633528,11.449999809265137,0.01868327779566159,11.55,0,0
2017-03-08,2.430176258087158,2.4977359888319812,2.4279571874699193,2.4829417928074413,638712000,-0.0018224536473946396,-0.041151592882043286,-0.11014782973159165,2.4731523036956786,2.6405071067810058,0.9366202034997185,0.03471755069071232,0.028167634858416637,33.150736055740666,0.8106862869285607,11.859999656677246,0.03580784753204491,11.57849998474121,1,0
2017-03-09,2.429682970046997,2.4521205775460366,2.401574117340854,2.4141492417784316,478060000,-0.00020298447016731114,-0.00464613702260841,-0.019404681764489173,2.468344283103943,2.635032501220703,0.9367414944447402,0.019540469901393832,0.02821885802647457,35.136447030420385,0.6056837425239754,12.300000190734863,0.03709954020191675,11.621000003814697,1,1
2017-03-10,2.443983793258667,2.4679009374677485,2.425737894173412,2.4560658168803324,499740000,0.005885880334171034,0.007010201237768188,-0.02306294426867317,2.462574672698975,2.6261303663253783,0.9377198878914532,0.019330686680280724,0.028296930103612644,36.43968448713046,0.6472071948863716,11.65999984741211,-0.0520325474307588,11.659999990463257,0,1
2017-03-13,2.511296272277832,2.5211589871481515,2.453599284470912,2.454339052751245,774136000,0.027542113497166287,0.04279707862296389,-0.024518588772305394,2.4562625646591187,2.622549057006836,0.9365935627005951,0.0190595634784282,0.02906543231475201,33.95746774546251,1.0629347277758663,11.350000381469727,-0.026586575471627127,11.684999990463258,0,0
2017-03-14,2.509570598602295,2.5334875027415804,2.4772700448746865,2.5241181223851803,522016000,-0.0006871645112473956,0.03078820483713085,0.0029562042508930464,2.4570022583007813,2.6178595495223997,0.9385538879459882,0.016780195460496226,0.02740882070934272,34.07792207792207,0.7507076856880385,12.300000190734863,0.08370042091065732,11.746500015258789,1,1
2017-03-15,2.5285558700561523,2.5394047854645234,2.4735710544702743,2.521158892966157,615036000,0.007565147385943716,0.04048250065879211,-0.0023350116092089035,2.456410455703735,2.61585964679718,0.9390452040159447,0.016419607404097047,0.027470020567865395,55.50804074667769,0.8997207956752733,11.630000114440918,-0.05447155007352211,11.791000032424927,0,1
2017-03-16,2.5596232414245605,2.560116577009302,2.5251038592319945,2.539158279901392,523100000,0.012286606650189658,0.05348034001944302,0.048585726009088503,2.4682703495025633,2.616810688972473,0.9432361155906788,0.010473241218194512,0.027654419589721077,56.1875092927717,0.7569208846207163,11.210000038146973,-0.03611350577481365,11.753000020980835,0,1
2017-03-17,2.6153478622436523,2.616580730932381,2.559623279183123,2.5771296383300237,1119688000,0.021770634020371826,0.07011669613262805,0.0776184295204132,2.4871081113815308,2.6177040338516235,0.9501105087583422,0.010993548467898311,0.02793441421185808,54.5355832256735,1.5666216603821104,11.279999732971191,0.006244397376093946,11.728999996185303,0,1
2017-03-20,2.698688268661499,2.702633543331177,2.616827699169849,2.632854760257934,748568000,0.03186589731369449,0.07461962909445807,0.1206102098505939,2.516153836250305,2.62156934261322,0.9597891596268687,0.011965201127556498,0.028834470105812627,71.2534513825643,1.0339959699230505,11.34000015258789,0.005319186262151998,11.721500015258789,0,0
2017-03-21,2.611402750015259,2.7112630036722845,2.603512672093823,2.681428190937113,913484000,-0.03234368328489168,0.0405775201023153,0.07261503394013902,2.5338327884674072,2.6230191135406495,0.9659985988615786,0.018331401105330346,0.02859203934714237,57.435649026617924,1.231055761670977,12.470000267028809,0.09964727506489868,11.76650004386902,1,1
2017-03-22,2.6646618843078613,2.6693466920583524,2.596362405314903,2.6003074446980277,616764000,0.020394837331120685,0.05382756848029868,0.09648914371555573,2.5572813510894776,2.623475365638733,0.9747685778123786,0.01846414776101732,0.029024442886382416,73.43683475153063,0.821057356759861,12.8100004196167,0.02726544870146186,11.820000076293946,1,0
2017-03-23,2.6404976844787598,2.676743272195003,2.6308816377159383,2.6567711752663525,533940000,-0.009068392493398192,0.031596229376784635,0.08676634648663017,2.578362822532654,2.623847279548645,0.9826649754463547,0.019175981703947662,0.0195703566696683,71.91296267207298,0.7646993448625907,13.119999885559082,0.024199801388582465,11.89050006866455,1,1
2017-03-24,2.649867534637451,2.694742972201354,2.6239779947807866,2.6868528939057086,439500000,0.0035485167109854387,0.01319888374779521,0.08424104200145721,2.5989511966705323,2.6250517749786377,0.9900571186607099,0.019225852830150037,0.01951471263113739,75.2838359097892,0.6572306588008344,12.960000038146973,-0.012195110427418387,11.96500005722046,1,1
2017-03-27,2.669100522994995,2.6730455631153287,2.5539531801252586,2.603266769493785,506644000,0.007258094265521597,-0.010963750800746963,0.06283776727547541,2.6147316217422487,2.6274880743026734,0.9951450007765268,0.017999611624933333,0.018571075908383076,74.90843372151392,0.7696514477487599,12.5,-0.03549382999945916,11.985500049591064,1,0
2017-03-28,2.6552927494049072,2.684880902852235,2.6449369309702035,2.670333376438035,432444000,-0.005173193542592491,0.01680705873094146,0.0580665675967722,2.6293038368225097,2.629653129577637,0.9998671715477611,0.018246180765171194,0.01728341140482046,73.44624463077032,0.6667022287234321,11.529999732971191,-0.0776000213623047,11.916000032424927,0,0
2017-03-29,2.6466619968414307,2.675017271484891,2.6444429272412258,2.662688819639055,349992000,-0.003250395861402078,-0.006755036191432584,0.04670892511568492,2.6411144495010377,2.632788214683533,1.0031625159863098,0.018450023495234235,0.01717894452203366,72.22203773231078,0.546102393730726,11.420000076293945,-0.009540300019495351,11.860000038146973,0,1
2017-03-30,2.697455406188965,2.712249598371466,2.648141824156807,2.653812833182721,525532000,0.019191498350810132,0.02157082812267208,0.053848614332667744,2.654897665977478,2.636032934188843,1.0071564856204804,0.018888298788241584,0.014867840332817073,74.15398121275985,0.8349056034244455,11.539999961853027,0.010507870819386644,11.846500015258789,0,0
2017-03-31,2.6858668327331543,2.709537541216124,2.672798844641756,2.6878394701553074,440808000,-0.004296113080951014,0.013585319879255264,0.026963514684813283,2.661949563026428,2.6379574155807495,1.0090949714745099,0.01816587250292273,0.014815110093447516,68.61190446898007,0.7247073028060854,12.369999885559082,0.07192373712735933,11.917000007629394,1,0
2017-04-03,2.6723055839538574,2.703619702100318,2.6486348768891856,2.686360007487081,445232000,-0.00504911435445099,0.0012008018923415076,-0.009776114201114017,2.659311294555664,2.64017707824707,1.007247323092926,0.015097604082953,0.014704227169050779,66.92296401787503,0.7593412557018985,12.380000114440918,0.0008084259478053912,11.974000024795533,1,0
2017-04-04,2.4849133491516113,2.574664217298131,2.474064433552563,2.5495142125753225,1271280000,-0.07012380467543178,-0.06416595695200866,-0.048437339228086684,2.6466623544692993,2.6381169748306275,1.003239196639194,0.02519598134818756,0.02228896347211459,46.63883969918671,2.051332362378815,11.789999961853027,-0.04765752400112433,11.991000032424926,0,0
2017-04-05,2.466421604156494,2.524118609902095,2.4533533794387785,2.466174936271134,747048000,-0.007441605559980857,-0.06810102419577502,-0.07439603550409157,2.6268383264541626,2.634583821296692,0.9970600689262878,0.0236084277882148,0.022365209461133677,42.68022134074731,1.1949888554853823,12.890000343322754,0.09329943893374204,12.042500066757203,1,1
2017-04-06,2.4844212532043457,2.4965030424159798,2.4264775753068357,2.471599695427904,635120000,0.007297880061347906,-0.07897596842410803,-0.059108717342133854,2.6112306833267214,2.6311840867996215,0.9924165688090756,0.024046259782402317,0.022407115542229412,39.06972892969146,1.0033434249031128,12.390000343322754,-0.03878975847033306,12.047000074386597,1,0
2017-04-07,2.473817825317383,2.508337445084725,2.458777202711416,2.4908310849641615,429068000,-0.004267966985585403,-0.07894993334423406,-0.0664371735639061,2.593625712394714,2.6266562128067017,0.9874248863437317,0.023834583481382097,0.022414171190928527,28.6318154240152,0.6816337553815114,12.869999885559082,0.038740882077134886,12.107500076293945,1,0
2017-04-10,2.4106972217559814,2.4812155487698706,2.4065055137499343,2.474558337653568,756332000,-0.025515461532945816,-0.09789612526678504,-0.09681287722691667,2.567785382270813,2.619821786880493,0.9801374258087832,0.02397238202440809,0.022227915907645654,30.0100303665548,1.2032394295839606,14.050000190734863,0.09168611621355272,12.242500066757202,1,1
2017-04-11,2.4193272590637207,2.4385595956970954,2.3756846761432664,2.38061591789385,618148000,0.0035798926675052467,-0.026393713128984087,-0.08886609222055464,2.5441888332366944,2.6140218591690063,0.973285217303228,0.02431992395401839,0.022259634510584103,23.180818778806284,0.9759413842798014,15.069999694824219,0.0725978284870048,12.38100004196167,1,0
2017-04-12,2.3993544578552246,2.4336274128472373,2.3941765497035417,2.41932655725864,414092000,-0.0082555186090143,-0.02719208516023608,-0.09344130050658028,2.5194580793380736,2.60823618888855,0.9659623963777961,0.02424010548767879,0.02219824470993328,23.395207797823915,0.6643124642249356,15.770000457763672,0.04644995203150981,12.588000059127808,1,0
2017-04-13,2.3544795513153076,2.396889262302494,2.3544795513153076,2.3751914237527916,506892000,-0.018702908356454606,-0.052302604367694294,-0.1271479239607607,2.485160493850708,2.5992037296295165,0.956123779571883,0.022128524460628126,0.02220220052428536,19.77819809860388,0.8142466661783359,15.960000038146973,0.012048165812814648,12.825500059127808,1,1
2017-04-17,2.446695566177368,2.44694199885634,2.362122598444247,2.3673005064508845,497292000,0.03916619909081187,-0.010963725324654838,-0.08904807328530284,2.4612433671951295,2.5913063621520998,0.9498079436470214,0.02766429895182018,0.023561132964481434,30.201921158637788,0.8408597096087479,14.65999984741211,-0.08145364584133163,12.994500064849854,1,1
2017-04-18,2.4481749534606934,2.4543392978362455,2.406505020123017,2.4323945610632527,370116000,0.0006046470610303611,0.015546428380339039,-0.08387163198661873,2.438830304145813,2.583936023712158,0.9438431454050158,0.027809843737810903,0.022114780259284844,31.148995230802015,0.646506187745246,14.420000076293945,-0.016371062320340357,13.148500061035156,1,1
2017-04-19,2.457791328430176,2.4898449797975166,2.4511338832850535,2.4656814073507545,380828000,0.003927977024635876,0.01589866324299627,-0.01091467464275786,2.4361181020736695,2.5753149604797363,0.9459495787730224,0.01747765377449606,0.02118969367340113,32.840559807130376,0.6976742481866933,14.930000305175781,0.03536756076168546,13.271500062942504,1,1
2017-04-20,2.496748208999634,2.501433015183457,2.451133015646157,2.472337977350961,404016000,0.015850361305628224,0.04059164781825064,0.012295791113746457,2.4391507625579836,2.566576657295227,0.9503518064130099,0.018060309084996683,0.020950797784992106,31.364368700050335,0.7548650433226797,14.149999618530273,-0.05224384934373416,13.338500022888184,1,1
2017-04-21,2.5071046352386475,2.509816805481031,2.4745576517473378,2.486392768833292,341896000,0.004147965822778321,0.0648232786044276,0.00913024794206918,2.4414191007614137,2.5583015871047974,0.9543124677197818,0.017972660189774083,0.020958942126763174,33.36389346082794,0.6504697363464443,14.630000114440918,0.03392229744529862,13.414000034332275,1,1
2017-04-24,2.538419246673584,2.5514872351030125,2.517707611360955,2.5386656793916544,371820000,0.012490348825012543,0.03748879989982634,0.026114057670318935,2.4478792428970335,2.5517511129379273,0.9592938866513113,0.01820118245720018,0.021186096857694924,37.93871330238184,0.7119851406468414,10.84000015258789,-0.25905672810706337,13.30800004005432,0,1
2017-04-25,2.5825541019439697,2.597101622638481,2.53151456319333,2.5529659601298937,388440000,0.017386747807014657,0.054889520168205586,0.07128928454267092,2.4650649309158323,2.5474426698684693,0.9676625739503334,0.01568636114085638,0.021535417839394784,61.85629030287555,0.7523244314860673,10.760000228881836,-0.00738006665866664,13.221000051498413,0,0
2017-04-26,2.5648016929626465,2.5985813109942653,2.562829055822941,2.5961158085017377,327004000,-0.006873973702219982,0.04353923919196978,0.0601301181367353,2.479612374305725,2.5453599500656128,0.9741696353169252,0.016278234286049673,0.02155436139164999,61.96755411031928,0.6398696951635444,10.850000381469727,0.008364326270766664,13.18700008392334,0,1
2017-04-27,2.604746103286743,2.6131292834951916,2.554199648734342,2.572199113328207,319700000,0.015574073595512994,0.04325542075000843,0.08560287737357375,2.500151538848877,2.543879117965698,0.9828106694189975,0.01569754641410472,0.02188271667239094,63.895186234079894,0.6274370345249338,10.359999656677246,-0.045161355535925374,13.134000062942505,0,0
2017-04-28,2.5717055797576904,2.60474566473676,2.5660343361396643,2.597841787440747,348248000,-0.012684738634357151,0.025767151323101256,0.09226074115658878,2.5218741416931154,2.541629123687744,0.9922274332590408,0.014623456147297481,0.021525930889633543,60.747206078751745,0.695565333583665,10.819999694824219,0.0444015495551191,13.098000049591064,0,1
2017-05-01,2.6294028759002686,2.6345810200816477,2.5754044801179,2.5825550267057733,307732000,0.0224354205227546,0.035842632908615,0.07467513010143545,2.5401448726654055,2.541394982337952,0.9995081009912925,0.011381051768592923,0.02220544208131307,74.30133380523921,0.6229201044826151,10.109999656677246,-0.0656192290362636,12.985000038146973,0,0
2017-05-02,2.5514869689941406,2.603759622697216,2.528802698574202,2.6025267537982772,629972000,-0.02963254799036863,-0.012029615536977123,0.04219960480659579,2.55047607421875,2.539612364768982,1.004277703794672,0.01630493411566099,0.023113541304260615,62.72546037902872,1.2518017804989228,10.59000015258789,0.04747779547090514,12.895500040054321,0,1
2017-05-03,2.5704729557037354,2.5800890042400897,2.5297892212312605,2.544583178232684,336904000,0.00744114586525968,0.0022111895655130276,0.04584670226887444,2.561744236946106,2.5363182067871093,1.0100247792611186,0.016334754705807475,0.01671115293434919,66.50811532907758,0.7379613408350846,10.680000305175781,0.008498597855628676,12.84000005722046,0,0
2017-05-04,2.56061053276062,2.587732947135197,2.552720217662704,2.5766373605397486,209788000,-0.003836812568376202,-0.01694428891569566,0.0255781994879547,2.5681304693222047,2.5329106426239014,1.0139048832223383,0.016013186845861404,0.01662514956112778,71.3265344381538,0.4882533216158246,10.460000038146973,-0.020599275350412838,12.71850004196167,0,1
2017-05-05,2.560856342315674,2.568006887194975,2.533487266726486,2.549021225267428,228428000,9.599646330782363e-05,-0.0042186934334212944,0.02143975417759525,2.5735056400299072,2.5345725059509276,1.0153608286950042,0.01602218643297482,0.016582451555371188,64.58724931378313,0.5580454971199685,10.569999694824219,0.010516219529262294,12.627500009536742,0,0
2017-05-08,2.533980131149292,2.574170517280717,2.52263788154832,2.572691216104399,365240000,-0.010495009314766435,-0.036290652005279034,-0.001748771614503486,2.573061728477478,2.5352185106277467,1.014927004394726,0.01603694455077354,0.016756889150272406,60.29579457673706,0.8992860667289762,9.770000457763672,-0.07568583350596314,12.472500038146972,0,1
2017-05-09,2.5381720066070557,2.587239148199595,2.531268129725915,2.539651543164826,847672000,0.0016542653220656955,-0.00521851083265934,-0.017185349690644003,2.5686235189437867,2.53449360370636,1.013466167437754,0.014864137774839954,0.015521306154051919,59.77211792361226,2.0639115447002445,9.960000038146973,0.019447243754458388,12.268000030517578,0,1
2017-05-10,2.9906251430511475,3.0036933665282106,2.811370267447119,2.8180274779709,2129096000,0.1782594462732714,0.16345326116546688,0.16602587687651793,2.6112058639526365,2.5442626333236693,1.026311446684856,0.0585895135625101,0.04222384878990863,79.94021409839553,4.378524357811108,10.210000038146973,0.025100401510290693,12.025000047683715,0,1
2017-05-11,3.1190872192382812,3.2159886575045755,2.956598934471494,2.9600508737609936,1939792000,0.04295492415210278,0.21810294042474387,0.19746305227312866,2.6626399755477905,2.5559548997879027,1.0417398115157435,0.05915867877897536,0.042519116878984485,82.4529201219304,3.448250607330487,10.600000381469727,0.0381978787331656,11.76650004386902,0,1
2017-05-12,3.153360366821289,3.195523644407684,3.1013346065179417,3.122292911369385,962620000,0.010988197884180373,0.23136948946141933,0.22617471908211328,2.72080545425415,2.570201621055603,1.0585961163376332,0.058188059104570214,0.04183038775854958,82.50780666296289,1.644576001716638,10.399999618530273,-0.018867995824705996,11.488500022888184,0,1
2017-05-15,3.3116567134857178,3.31412245138423,3.1900986098084436,3.1945369850549064,1087540000,0.05019925674527248,0.30689924233293375,0.2594710167234664,2.789030838012695,2.587895350456238,1.0777216464804102,0.05887022158651626,0.04223014026320746,84.39171183134681,1.7688104240011997,10.420000076293945,0.0019231210093542117,11.276500034332276,0,1
2017-05-16,3.3732986450195312,3.3888326051798145,3.288232806481456,3.3626961605026904,1120700000,0.018613623592927286,0.3290268099398217,0.3220912691352562,2.8712120056152344,2.6071967029571534,1.1012640520596806,0.05581468122415821,0.042075764918794105,86.62045538287158,1.7178854144216533,10.649999618530273,0.022072892567399194,11.088000011444091,0,0
2017-05-17,3.149168014526367,3.3252175850271906,3.144976307697512,3.3064783557774926,1271368000,-0.06644256974521934,0.05301328782164538,0.22513174376666356,2.9290815114974977,2.621487798690796,1.1173355500492195,0.06344108484824865,0.04598090840796423,71.13318825425895,1.8243222688860994,15.59000015258789,0.4638498320189939,11.121000003814697,1,1
2017-05-18,3.2810819149017334,3.289958429036576,3.132647852753852,3.193057012142317,1156032000,0.041888492378583386,0.05193657127132645,0.2813670306059257,3.001128649711609,2.6385059118270875,1.1374348779205183,0.06300234685464377,0.04642027525355704,75.57330956963362,1.5739041927320314,14.65999984741211,-0.05965364310925958,11.14650001525879,1,1
2017-05-19,3.356858968734741,3.411654548042013,3.3376063788292822,3.382282160943465,1018372000,0.023095142333646068,0.06453388710488128,0.3108345490787179,3.0807289123535155,2.6570494318008424,1.1594548733199592,0.06233662287169683,0.046386743307433864,75.88763009264382,1.3254470708558401,12.039999961853027,-0.17871759296242995,11.017000007629395,1,1
2017-05-22,3.4284379482269287,3.442753863423472,3.389685853071604,3.4005464298073544,836608000,0.02132320128991494,0.03526368970118643,0.3529853316852778,3.1701746940612794,2.6767385149002076,1.1843423167464184,0.06088785108046399,0.046397068627694625,81.34902256513178,1.0569066661545994,10.930000305175781,-0.09219266280682037,11.02150001525879,0,0
2017-05-23,3.3822813034057617,3.4504057807082886,3.3497000418868716,3.448184373858061,681248000,-0.013462878873172435,0.0026628707776861216,0.3325658365947717,3.25458562374115,2.694158215522766,1.2080157746450835,0.061911040057576125,0.04686240935162005,78.46731982374023,0.8450078094455591,10.720000267028809,-0.019213177702065543,11.019500017166138,0,1
2017-05-24,3.4202935695648193,3.482000531442211,3.4081988223715887,3.479285268818402,815996000,0.011238647158289705,0.08609434421657225,0.14367177628798644,3.297552466392517,2.7123726749420167,1.2157446124039757,0.03387243278138986,0.0466007829193224,79.56248688214923,0.9823550826530651,10.020000457763672,-0.06529848804370886,10.978000020980835,0,0
2017-05-25,3.4126410484313965,3.4563295781911094,3.3677183514849136,3.455589030800383,608228000,-0.002237387223575804,0.04009626609203476,0.09411529994496415,3.3269078493118287,2.7300543785095215,1.2186232902540792,0.03257586955937415,0.04676838870576374,79.14243054959633,0.719728991081546,9.989999771118164,-0.0029940803667591886,10.95950002670288,0,1
2017-05-26,3.5010061264038086,3.58591487043915,3.384256662203558,3.40449649070399,779140000,0.02589345809253185,0.04294108242605099,0.11024612449637661,3.3616724252700805,2.7488820362091064,1.2229234943475615,0.032988873946977276,0.04637908084759326,81.74937444511015,0.8990521608107231,9.8100004196167,-0.018017953516060725,10.909000062942505,0,1
2017-05-30,3.575794219970703,3.6108435788504414,3.530871523758099,3.54691522613737,989652000,0.021361885945545556,0.04298058590209641,0.0797599296477094,3.388086175918579,2.7680909633636475,1.2239793492196311,0.03033635216956148,0.04637246912915954,82.55792397874748,1.0987345898247158,10.380000114440918,0.05810394194116553,10.922500085830688,0,0
2017-05-31,3.5629591941833496,3.6283684068161226,3.5061886810035987,3.6207167115541283,887316000,-0.0035894195800391104,0.05341894259228397,0.05622406111117395,3.407052230834961,2.7853763818740847,1.2231927623880383,0.030296063621719,0.04536520579376621,74.80033530733786,0.9712441179657767,10.40999984741211,0.0028901476532217085,10.9135000705719,0,1
2017-06-01,3.5632057189941406,3.57974327591834,3.517789404741189,3.578755800987061,503340000,6.919102839941793e-05,0.041783591531736386,0.13147526666024656,3.4484560012817385,2.804412441253662,1.229653652420743,0.017055206362551426,0.0454831465089032,71.65020441826105,0.5459759143203753,9.890000343322754,-0.04995192235460266,10.874000072479248,0,0
2017-06-02,3.5454344749450684,3.5864077433172987,3.539510566521937,3.560244010609572,487456000,-0.00498743138919544,0.03891221626567187,0.08056871693532597,3.474891257286072,2.8220278930664064,1.2313454682087732,0.014320741953529986,0.04551211238665424,69.42564526607997,0.520901969475702,9.75,-0.01415574706398015,10.8385000705719,0,1
2017-06-05,3.65329909324646,3.666134153356317,3.5175439575989476,3.52914485015285,817376000,0.030423526104812026,0.043499771592540704,0.08830878129606146,3.504535269737244,2.8422839212417603,1.2329997167229352,0.015337798077724537,0.04541312090909244,67.81736108209839,0.8468115066974045,10.069999694824219,0.03282048152043271,10.8135000705719,0,0
2017-06-06,3.6367616653442383,3.6947661265105416,3.6234329856590746,3.648609249845836,758728000,-0.004526710647040355,0.017050043045831353,0.060763449787693435,3.5253676414489745,2.862021803855896,1.231775256463587,0.01513278586533277,0.04522946729762912,64.41847453655257,0.770349492442995,10.449999809265137,0.03773586156474562,10.847500038146972,0,1
2017-06-07,3.680696487426758,3.6994554550305465,3.645647122380062,3.6611972077074006,612612000,0.012080753737916616,0.03304480540658972,0.08822896656186141,3.555209159851074,2.8822537231445313,1.233482372250126,0.01355237076697619,0.04507719850200349,86.235593642381,0.629507347705056,10.390000343322754,-0.005741575793062337,10.869000053405761,0,1
2017-06-08,3.9477641582489014,3.949245017791207,3.7465993583348878,3.787819558012561,1161744000,0.07255900390984293,0.10792484902143618,0.15421792836080872,3.6079562187194822,2.908103151321411,1.2406562047429663,0.024413402396223607,0.028738764349905653,88.37735875987683,1.2562200379025197,10.15999984741211,-0.022136716873013107,10.866500043869019,0,0
2017-06-09,3.6925439834594727,4.159048621071574,3.5234668329465664,4.06624150169554,3692928000,-0.06464929630006977,0.04149266036475918,0.08201944800398286,3.63594651222229,2.9290207910537718,1.2413522373510322,0.03493585247900486,0.03288008078261634,66.01503129947238,3.647515700031468,10.699999809265137,0.053149603342816265,10.871500015258789,0,1
2017-06-12,3.701676607131958,3.744377901173351,3.50767012148095,3.60072417018652,1697532000,0.0024732606336970164,0.013242144333303951,0.05731794617973884,3.656013560295105,2.949105215072632,1.2397026534046744,0.034418749535741484,0.03290798764320799,63.861753787396815,1.617936327995213,11.460000038146973,0.0710280600401274,10.924500036239625,1,1
2017-06-13,3.7369728088378906,3.820153747336484,3.5950466419000247,3.811020957196211,1672504000,0.009535193225126193,0.02755504834110889,0.04507490614728615,3.6721314191818237,2.9701273345947268,1.2363548782607616,0.03403796767091676,0.03142302673511467,68.19445293753623,1.5508491864204355,10.420000076293945,-0.09075043266938687,10.924500036239625,0,1
2017-06-14,3.7448713779449463,3.8026291341949303,3.665392937168473,3.7399349443319565,1184640000,0.0021136276636468665,0.017435529046583964,0.05105648811767871,3.6903226375579834,2.9915786504745485,1.2335703214664253,0.03392679652586646,0.03130554175612847,67.18050855329048,1.0952247557183945,10.640000343322754,0.02111326923397261,10.924000072479249,0,1
2017-06-15,3.760915994644165,3.791275620010038,3.6160278403876838,3.6273820399125714,963824000,0.004284423970796869,-0.04733012310634488,0.0554866295246732,3.7100936651229857,3.0170987033843994,1.2296891914610637,0.033877849213506006,0.026324803807681187,68.27250591228874,0.9039264017028431,10.899999618530273,0.024436021317488565,10.689500045776366,1,0
2017-06-16,3.742403745651245,3.818426861938629,3.7083416176110013,3.7705421993230743,924960000,-0.0049222713347713,0.013502821473519777,0.05555574982364564,3.7297905921936034,3.0426183462142946,1.2258489786713824,0.033875522109358555,0.025331901960128713,63.66685483150338,0.8769802358979746,10.380000114440918,-0.04770637819154999,10.475500059127807,0,1
2017-06-19,3.8830955028533936,3.8882788646785142,3.7828833701143374,3.786585636907503,778176000,0.037593954785245964,0.04900992576496255,0.06290106660901063,3.7527702331542967,3.0705918312072753,1.2221651197706753,0.03452114993840773,0.02601782309539682,66.1898815234515,0.7463083355487348,10.369999885559082,-0.0009634131764529874,10.39200005531311,0,0
2017-06-20,3.8774185180664062,3.9921935033983718,3.873222631142318,3.925303180150317,1095444000,-0.0014619740314951724,0.03758274850070187,0.06617339129353939,3.7768359184265137,3.098663845062256,1.218859517286759,0.034424326720738266,0.025885130562194977,66.69289899549335,1.0377038735283604,10.859999656677246,0.04725166601019182,10.388500022888184,1,1
2017-06-21,3.9361634254455566,3.9398659277608994,3.8431093662056073,3.9050632534128074,682652000,0.015150520147731106,0.051081072804584515,0.06940722737978344,3.8023826122283935,3.129173169136047,1.2151397211673705,0.034488684919901924,0.025512371080947147,68.64054341847245,0.6466268654228178,10.75,-0.010128882150526874,10.390000009536744,1,0
2017-06-22,3.9090118408203125,3.957637041690383,3.8850695140986367,3.9443081295827835,469132000,-0.006897982042544548,0.03937760013439484,-0.009816269633943442,3.7985073804855345,3.158966860771179,1.2024524307792923,0.025844807238165277,0.025709775074434275,68.0029041626331,0.4517969138529918,10.479999542236328,-0.025116321652434603,10.412999963760376,1,0
2017-06-23,3.7969532012939453,3.9324616486537023,3.781896497904284,3.916664633023398,1088588000,-0.02866674343530551,0.014576047735653352,0.028275686979537085,3.808948302268982,3.1869188356399536,1.1951820861180233,0.016908771747396554,0.026863616324499642,57.08375784848471,1.0246621947252377,10.020000457763672,-0.04389304432874974,10.414499998092651,0,0
2017-06-26,3.7554855346679688,3.8653238455509142,3.661197309544893,3.829780624247379,1063960000,-0.010921300428945235,-0.03286294866856965,0.014536366421728397,3.814329195022583,3.214938955307007,1.1864390733535213,0.017469354234840116,0.026667098914017577,55.71393032999071,0.9882334495789725,9.899999618530273,-0.01197613111289031,10.41899995803833,0,0
2017-06-27,3.61800217628479,3.7465994476442868,3.6123251948139403,3.7379605116248737,999492000,-0.03660867739045459,-0.06690439543033444,-0.03183609799668241,3.802432131767273,3.2383650875091554,1.1741826597729226,0.020893481384258467,0.02779046315541133,47.23190970955363,0.9279298633522981,11.0600004196167,0.1171718026044366,10.45299997329712,1,1
2017-06-28,3.7456119060516357,3.750301647426116,3.5975151321326035,3.685632743215561,994948000,0.03527077197556694,-0.048410469484597485,0.00019774460374022418,3.802506184577942,3.264313826560974,1.1648715125481564,0.024174440625996482,0.028796463262723466,39.82102322793979,0.9191190259452686,10.029999732971191,-0.09312844914712981,10.433999967575073,0,0
2017-06-29,3.6204700469970703,3.720188307577136,3.5562947656580923,3.71722658880148,1064424000,-0.03341025770779371,-0.07381451005343875,-0.037343548180044595,3.7884615898132323,3.287567400932312,1.152360127655139,0.026324254954274758,0.02992057216871949,45.82378961735801,0.9584604468392409,11.4399995803833,0.1405782537338538,10.511499929428101,1,0
2017-06-30,3.568143129348755,3.651324080246863,3.5419793930061854,3.637748474507282,731060000,-0.014453072935023181,-0.06026149383859025,-0.046563820513749965,3.7710355281829835,3.3089952993392946,1.1396315760665916,0.02655351237826827,0.03009829151649919,42.63145707910581,0.6511413812078028,11.180000305175781,-0.02272721020491575,10.58299994468689,1,0
2017-07-03,3.439051866531372,3.595047038812566,3.4205398273979633,3.580237501663179,709072000,-0.03617883535993249,-0.08425905657617538,-0.11435300419362016,3.7266311645507812,3.3276342439651487,1.1199040793949142,0.023668987650888904,0.030325810997472065,35.102464659855954,0.6346179835517277,11.220000267028809,0.0035778140215712018,10.64049997329712,1,1
2017-07-05,3.530872106552124,3.559750869758772,3.4834810681840955,3.502486727821574,820188000,0.026699289101842494,-0.024082370735922898,-0.08937554971164119,3.691976523399353,3.3474833011627196,1.1029111100022446,0.02653928661712957,0.031016367984502965,40.1275617163505,0.7320531884319266,11.069999694824219,-0.013369034637671362,10.671499967575073,1,1
2017-07-06,3.541484832763672,3.5883822421321403,3.449664963906781,3.5017457339854516,746284000,0.003005695446134826,-0.05449765710060994,-0.10026986941915628,3.6525086641311644,3.3666619157791136,1.0849050945722598,0.02557147600830252,0.0308807012587809,39.82598198799716,0.662140743459013,12.539999961853027,0.13279135569589107,10.778999948501587,1,1
2017-07-07,3.6224453449249268,3.6407106938630642,3.5753012305537397,3.598256321703289,654972000,0.02286061242229742,0.0005455915674525968,-0.07330919106022693,3.623852014541626,3.387814788818359,1.0696724114028662,0.027647796259051026,0.02626434893316152,44.74253200925722,0.5944892574375601,11.1899995803833,-0.10765553314006848,10.830499935150147,1,1
2017-07-10,3.793743848800659,3.801148618044155,3.6698363096762208,3.696000047370384,958492000,0.04728808513721905,0.06322636488326072,-0.0008452441531785482,3.6235310792922975,3.411594743728638,1.0621223654870648,0.03129951567528123,0.024519585668107923,46.18626302459643,0.9932382552352435,11.109999656677246,-0.007149233843252278,10.850999927520752,1,1
2017-07-11,3.8475520610809326,3.8552037572573274,3.7554852501286358,3.7974459975910055,757956000,0.014183406794131326,0.11878279549228599,0.024515212630449756,3.632737731933594,3.4371116733551026,1.0569158285123545,0.03130135031610604,0.024679878222076408,48.775539448236685,0.8256255947463635,10.890000343322754,-0.019801919005665303,10.82249994277954,1,1
2017-07-12,4.011199474334717,4.023293986918648,3.864337065028767,3.9072850605516045,1145208000,0.042532865223351646,0.13603646727709706,0.10867801590260195,3.6720574617385866,3.4647476053237916,1.0598340427730584,0.03019729505459006,0.026247597786825328,52.832663638428826,1.2843354339525135,10.300000190734863,-0.05417815739093634,10.816499948501587,0,0
2017-07-13,3.9647960662841797,4.10474733127804,3.918392493835522,4.0232941518124585,1369132000,-0.011568461839767674,0.11952930861210787,0.05851758423728226,3.693975877761841,3.493013787269592,1.0575325786644938,0.029603191684054918,0.026473201644906144,52.07572231012911,1.5197410761837464,9.899999618530273,-0.03883500629100978,10.779499912261963,0,1
2017-07-14,4.071424961090088,4.072905585227561,3.974174554706052,3.981085703303223,941948000,0.02689391661595386,0.1239437930496825,0.12455700730546115,3.7390713691711426,3.5230328273773193,1.0613217509967543,0.026656869741931547,0.026999942740546658,60.25448760430696,1.0468364013334455,9.510000228881836,-0.03939387926020299,10.709999942779541,0,0
2017-07-17,4.054146766662598,4.13436599670438,3.9924398114879054,4.105486998563466,930792000,-0.004243770815528958,0.06864008964238888,0.13620631787899895,3.7876717329025267,3.552903552055359,1.0660778367347896,0.025704280849017318,0.026988143141703783,61.363620694722684,1.0341030290102389,9.819999694824219,0.03259720909374075,10.681999921798706,0,1
2017-07-18,4.096354961395264,4.110917807590156,3.981332816130015,3.993180635201578,776640000,0.010411116607752291,0.06466524594456868,0.19112916012134695,3.853402042388916,3.5836135244369505,1.0752839322968997,0.019159416111089712,0.02588807260542917,69.6233438292044,0.8629149244816111,9.890000343322754,0.007128375832377021,10.657999944686889,0,0
2017-07-19,4.075127124786377,4.131897407055427,4.063032615046507,4.1054867452455035,687044000,-0.005182128211285719,0.01593729029451052,0.15414181024124218,3.907827544212341,3.6144364643096925,1.081172011958075,0.02014251326806347,0.02593509823389526,64.81028279001305,0.7810875680650915,9.789999961853027,-0.010111261678291239,10.604499959945679,0,1
2017-07-20,4.134365081787109,4.134611773966645,4.0457540983138705,4.0956132242029515,699596000,0.014536468479823927,0.042768660144946624,0.16741007713444622,3.967115569114685,3.6463603258132933,1.0879658658610074,0.01972970022930177,0.02592007727611949,74.55185611281338,0.7945923795020344,9.579999923706055,-0.021450463632813332,10.54599995613098,0,1
2017-07-21,4.14917516708374,4.178794710093554,4.099562726783968,4.113878878470933,648332000,0.0035821909782165484,0.019096558756872106,0.14540725173307756,4.019788551330566,3.6695313262939453,1.0954501253407651,0.01990113476682632,0.02581992044297166,78.79151541529416,0.7289491058305855,9.359999656677246,-0.022964537451029665,10.489999961853027,0,0
2017-07-24,4.101043224334717,4.165959046502673,4.0904298113114335,4.156332872971487,652524000,-0.011600364123178997,0.011567528353376488,0.08100161417888185,4.050518488883972,3.689170446395874,1.0979483186636487,0.017469166631044544,0.02497601949336078,85.66478918467615,0.7520995773182948,9.430000305175781,0.007478702036981089,10.460499954223632,0,0
2017-07-25,4.081299304962158,4.09561546257163,4.037610755190661,4.078090421728044,496556000,-0.004814365099934159,-0.0036753788612052807,0.06075219780536423,4.073893213272095,3.7077292251586913,1.098756938783126,0.01774730044646668,0.02481883928310967,82.15120400299138,0.5916783539255487,9.430000305175781,0.0,10.436999988555907,0,1
2017-07-26,4.12844181060791,4.194344883274969,4.093638905675865,4.138808533186248,640404000,0.011550857245004043,0.013082950344605049,0.029228747416666145,4.085617446899414,3.7240649271011352,1.0970854501400213,0.012641491128507243,0.0228855001646241,82.88172773733469,0.7797646255485045,9.600000381469727,0.018027579087207313,10.36399998664856,0,0
2017-07-27,3.9921927452087402,4.164972391824122,3.8890186712122023,4.153371266893205,782856000,-0.033002539856340496,-0.034387949241510674,0.006909984389244173,4.0883571147918705,3.7364428091049193,1.094184314779129,0.01658112619719894,0.023509330645351587,69.50522824077602,0.9656853433069273,10.109999656677246,0.0531249223897885,10.367999982833862,0,1
2017-07-28,4.057602882385254,4.082039069638215,3.931474163667702,3.956403500061353,513348000,0.01638451381261996,-0.02206999729125636,-0.0033948995344208477,4.0869749069213865,3.7546115064620973,1.088521382275438,0.01500229498846592,0.021987172489139343,65.66993297937502,0.6555162285432045,10.289999961853027,0.01780418509281545,10.310500001907348,0,0
2017-07-31,4.011199474334717,4.107215498175416,3.9645492115109833,4.07117865270054,559672000,-0.011436163024228452,-0.02190753549411195,-0.010593423178716144,4.082680177688599,3.769213857650757,1.0831649070273812,0.015383259825697718,0.021849788713039334,59.80484783485032,0.7225762338635503,10.260000228881836,-0.002915425955530182,10.264499998092651,0,1
2017-08-01,4.060070514678955,4.061798301822698,3.9739278497161474,4.001819136240372,431384000,0.012183647474261816,-0.005201478425606365,-0.008857739882959237,4.079051733016968,3.783278088569641,1.078179197384655,0.015538234729321308,0.019471826472917897,53.39501715230639,0.5671132575331315,10.09000015258789,-0.016569207846155454,10.207999992370606,0,0
2017-08-02,4.057602882385254,4.09512082159271,3.9805929950472776,4.091171862173042,478444000,-0.0006077806493210991,-0.017158756613848247,-0.004300293429997382,4.077299308776856,3.7958613872528075,1.0741433611009,0.01546137542497975,0.019083011910686717,56.86633109382916,0.6434338131028947,10.279999732971191,0.01883048340039606,10.168499994277955,1,1
2017-08-03,4.109189510345459,4.112891776800878,4.040077554861996,4.057108733815611,442420000,0.012713572386334748,0.029306391901326334,-0.0060893440573390745,4.07478175163269,3.8103995513916016,1.0693843773271843,0.015276363908720902,0.019095566344756943,53.04175762724624,0.607397725931031,10.4399995803833,0.015564187895738879,10.063499975204468,1,1
2017-08-04,4.127208232879639,4.197800817671425,4.109189812930216,4.131897739349374,589096000,0.004384982120881675,0.017154303294822926,-0.005294289423683485,4.0725850582122805,3.824537844657898,1.0648567810358718,0.015302314360463188,0.018764166457655045,55.877747336003786,0.8124428865735971,10.029999732971191,-0.03927201761410959,10.005499982833863,1,1
2017-08-07,4.254077434539795,4.254570818984175,4.146706998765068,4.156333644870676,717412000,0.030739714233327442,0.06054995812577002,0.03731592227485092,4.087888479232788,3.841366572380066,1.0641755745534018,0.017557764950494745,0.017178508897754203,61.16745647714366,1.0061340332116848,9.930000305175781,-0.009970032946928886,9.946500015258788,0,0
2017-08-08,4.2034783363342285,4.308626673564978,4.164232611368347,4.292089347434649,755336000,-0.011894258857335638,0.03532151009121409,0.02993630759290844,4.1001063823699955,3.8554160165786744,1.0634666569675304,0.018079154758464642,0.017501889160759156,58.72494881824936,1.0595151795352888,10.960000038146973,0.10372605249914524,9.95,1,1
2017-08-09,4.248154640197754,4.250622975427268,4.138563004098742,4.1573219752136,530784000,0.010628413016275262,0.04696165774125349,0.028997097472040156,4.11207766532898,3.8688632249832153,1.0628645744763487,0.018033550545223202,0.015157350417725934,57.891315102341,0.7780634606984019,11.109999656677246,0.013686096533594094,9.99049997329712,1,0
2017-08-10,4.0662407875061035,4.261728330130652,4.056120758856715,4.249386659538741,1328088000,-0.042821852804111216,-0.010451872013015229,0.018548213230995092,4.119482469558716,3.8789288568496705,1.062015474267918,0.020333012936767,0.018068086964846432,45.33071025951894,1.9526863684763205,16.040000915527344,0.4437445014579371,10.297500038146973,1,0
2017-08-11,3.8495264053344727,3.924562034123847,3.774244084324852,3.878652094070656,1497196000,-0.053296003236578016,-0.06728078930764825,-0.0512806410785237,4.0986748218536375,3.884655270576477,1.0550935762300988,0.02601262192858327,0.02080752452252207,38.09856456868694,2.1149936954033657,15.510000228881836,-0.03304243493729775,10.597500038146972,1,1
2017-08-14,4.15657901763916,4.160281282943505,3.9294974868375006,3.9410983732180975,1279020000,0.07976373713898677,-0.02291881574816279,0.036243409043763775,4.113212776184082,3.896878161430359,1.055514852092352,0.037104647465342415,0.02777021496237929,52.80063749792001,1.7634173418284877,12.329999923706055,-0.2050290301900941,10.723000049591064,1,0
2017-08-15,4.121530532836914,4.187926987854771,4.087221484203748,4.16176349001269,764532000,-0.008432050648745526,-0.01949523631154948,0.015137672593555695,4.119358777999878,3.906242790222168,1.054557793568584,0.03718314206584398,0.027775591887251632,49.74054438778214,1.0549602305609118,12.039999961853027,-0.023519867286897922,10.830500030517578,1,0
2017-08-16,4.076361179351807,4.160035981173589,4.044027078594935,4.136587508431528,596632000,-0.01095936403363651,-0.040439549733045976,0.004622999714433806,4.121234607696533,3.915034780502319,1.0526687089016762,0.03741084715704074,0.02786952802670621,53.391697935705416,0.8284466029123766,11.739999771118164,-0.02491695944230643,10.928000020980836,1,0
2017-08-17,3.9855282306671143,4.0849998014971405,3.983307059227297,4.067969094240807,525444000,-0.02228285097620719,-0.019849428761569143,-0.030093837085636954,4.108868479728699,3.9211314153671264,1.0478782893186953,0.03783640135209543,0.028100318136163625,47.153952596222844,0.7385287445500468,15.550000190734863,0.3245315582534989,11.226500034332275,1,1
2017-08-18,3.9862687587738037,4.056861805037799,3.9403588213355816,4.0398306270772775,601204000,0.00018580425575498438,0.03552186400120294,-0.03414886435412501,4.094774532318115,3.9219015073776244,1.0440788797513894,0.03777577724262836,0.028078491951434668,48.978718807642224,0.8478198820618752,14.260000228881836,-0.08295819588617415,11.471500062942505,1,0
2017-08-21,3.9282643795013428,4.022058970600474,3.8843291559268005,4.010705008694543,623672000,-0.014551045798102069,-0.054928497008940536,-0.07658841665483185,4.06219322681427,3.926615915298462,1.0345277751734225,0.03597498146102158,0.02814131518655135,44.640694292487495,0.8812972056381814,13.1899995803833,-0.07503510738600017,11.659500026702881,1,1
2017-08-22,4.015717506408691,4.021646629703344,3.9455568423567544,3.964826375264103,450456000,0.02226253593411398,-0.02567323609159089,-0.044667966598652575,4.043417143821716,3.9328967332839966,1.0281015287287836,0.03710116254995403,0.028634554877745712,48.40701204860354,0.6386095240795611,11.350000381469727,-0.13949956462850044,11.755500030517577,0,1
2017-08-23,4.096007823944092,4.107124872522273,3.973720289584098,3.9823673017681447,579520000,0.01999401536768075,0.004819652559690413,-0.03581480175273932,4.02820246219635,3.9400774335861204,1.0223663189608996,0.037624586631565864,0.02888156934158094,49.50938476451925,0.825144114027991,12.25,0.07929511791027188,11.888000011444092,1,0
2017-08-24,4.080939292907715,4.132572118622982,4.054505841937392,4.128124920679064,469700000,-0.0036788335579562847,0.02393937684506886,0.0036147651282172344,4.029672312736511,3.946798791885376,1.020997655371113,0.034965096939274846,0.02784378803721077,48.2741048674323,0.6840277980042757,12.229999542236328,-0.0016326904296875,11.994000005722047,1,0
2017-08-25,4.04684591293335,4.115277511210586,4.040422499075723,4.105148571635797,357200000,-0.008354297265243837,0.015196455087533867,0.05125812549965669,4.049404263496399,3.9525173902511597,1.0245127000539478,0.029719855245920582,0.0276951760138287,41.6951745577248,0.5261757715796145,11.279999732971191,-0.07767782868546402,12.043499994277955,0,1
2017-08-28,4.075504302978516,4.078716010971737,4.010284390015232,4.065869650200142,389496000,0.007081660795034583,0.03748218277911919,-0.019505154194492613,4.041296792030335,3.959179401397705,1.020741012797662,0.014503874374532145,0.027594088487651346,44.77962384176861,0.5810322281524417,11.319999694824219,0.0035460959929021207,12.096499967575074,0,0
2017-08-29,4.068832874298096,4.09057315352542,4.008553994406582,4.016706716917119,324096000,-0.0016369578301129728,0.013226868624258925,-0.01278594398827504,4.036027026176453,3.962894148826599,1.0184544109944265,0.014320477194171354,0.02747611263174628,42.45095575258188,0.4873716404250667,11.699999809265137,0.033568915608245486,12.176999950408936,0,1
2017-08-30,4.093044281005859,4.104161331711971,4.0582107298063805,4.088597083762428,384400000,0.00595045494758506,-0.0007235198431283507,0.004092645602298051,4.037695336341858,3.967206664085388,1.017767834707124,0.014034754687352952,0.02750179639141203,51.30112875135527,0.5821726732630081,11.220000267028809,-0.0410256025693454,12.223999977111816,0,1
2017-08-31,4.185934543609619,4.189886980899432,4.10589203407418,4.113303089593276,612684000,0.022694663489184697,0.025728206955780042,0.050283501042711176,4.057735967636108,3.9722020864486693,1.0215331142086757,0.01309911640222814,0.027818293399289293,68.56177726046197,0.9160966892265292,10.59000015258789,-0.05614974148371832,12.231500005722046,0,1
2017-09-01,4.211131572723389,4.246706323647156,4.189885580188464,4.198532594072303,445432000,0.006019451296063849,0.04059597605755072,0.056409346071977895,4.080222249031067,3.978244481086731,1.0256338614756222,0.012990603359133972,0.02783026584749939,54.36889088484504,0.6732493449364525,10.130000114440918,-0.043437207886589335,12.236500024795532,0,0
2017-09-05,4.09872579574585,4.1646868967447945,4.040670508602392,4.159745880885417,695364000,-0.02669253501971325,0.005697820696781708,0.04339357023270041,4.097268390655517,3.984279932975769,1.0283585640518387,0.01542102947528591,0.02760246664403869,48.37500611602508,1.052763852570306,12.229999542236328,0.20730497572272832,12.351499986648559,0,0
2017-09-06,4.096255302429199,4.145417609363333,4.061422224259102,4.131583141868689,397672000,-0.0006027466680533777,0.006739630006512343,0.020055642831443565,4.105322170257568,3.9910953283309936,1.0286204243521144,0.014111866334519572,0.027493959598838453,51.50944502090451,0.6188199236387493,11.630000114440918,-0.0490596443379504,12.384999990463257,0,1
2017-09-07,4.115277290344238,4.147639853686247,4.075008914801589,4.1130536923126,352868000,0.004643750574764738,0.0054319005151137745,0.0047044505841769,4.107249116897583,4.001040830612182,1.0265451643164436,0.012711865048522486,0.02739385348257831,61.04854679573933,0.5568079215594939,11.550000190734863,-0.0068787551950854064,12.407000017166137,0,0
2017-09-08,4.043881416320801,4.11848905341222,4.019671100258293,4.103666478239423,498856000,-0.01734898258033668,-0.033935821453701664,-0.009080722335496949,4.103543329238891,4.007006220817566,1.0240920784998504,0.013896125548762257,0.025910598792504562,54.37897699616802,0.842274886445793,12.119999885559082,0.04935062211353536,12.210999965667725,0,1
2017-09-11,4.17506217956543,4.185685409338567,4.084149573401331,4.089584878587986,567444000,0.03243931998480298,-0.008565249633041616,0.03168301175547916,4.1163649559021,4.018098063468933,1.0244560712259794,0.01706620146245944,0.02361268875729116,66.88063200060795,1.039684886675073,10.729999542236328,-0.11468649805673115,11.97199993133545,0,1
2017-09-12,4.190132141113281,4.199766790903158,4.1249122483800456,4.199766790903158,411488000,0.0036095178705626285,0.022301161366369948,0.02812605008194735,4.127827739715576,4.030537843704224,1.0241381919198007,0.017014936345726015,0.015581914976195634,63.24080281602446,0.8190315440836929,10.579999923706055,-0.013979461782811065,11.88449993133545,0,1
2017-09-13,4.2089080810546875,4.237812033577525,4.132571131404988,4.164933700701559,580960000,0.0044809899327942215,0.02750140562739878,0.03442638493249883,4.141835260391235,4.04593496799469,1.023702875393491,0.016943213093543096,0.015458627024137103,59.45387160376703,1.177869770131302,10.5,-0.0075614295163465295,11.807499933242799,0,0
2017-09-14,4.184946060180664,4.263012344092588,4.145418863607641,4.169876098556574,513712000,-0.005693168017111727,0.016929301459197132,0.022453160255627713,4.151025438308716,4.059016447067261,1.0226678044894186,0.017156326803844518,0.015285158606248182,58.58134967471461,1.0503566467395948,10.4399995803833,-0.0057143256777808515,11.742499923706054,0,1
2017-09-15,4.449529647827148,4.449529647827148,4.265233913757522,4.270421838742263,1364792000,0.06322269960991145,0.10031160406167738,0.06297162592280436,4.177384948730468,4.07717734336853,1.0245776911139086,0.025333282026086194,0.01964184781043285,74.06970586407806,2.569983888547009,10.170000076293945,-0.02586202250397429,11.47349991798401,0,1
2017-09-18,4.633331298828125,4.723503187745228,4.566876379931112,4.5737936135530886,1684460000,0.04130810794591122,0.10976342376543835,0.10025802300726849,4.219604921340943,4.097395062446594,1.0298262327727254,0.027627132917310036,0.02113006362340516,78.12653874561457,2.878367830139286,10.149999618530273,-0.001966613334673628,11.26799988746643,0,0
2017-09-19,4.628390789031982,4.69015207323598,4.560947289509564,4.58293448008823,874280000,-0.0010662975465173252,0.10459303744111992,0.12922674501326314,4.272571420669555,4.114088001251221,1.038522126743554,0.024906539054125435,0.020588972953219556,78.26314821005536,1.4626328327846034,10.180000305175781,0.002955732785520304,11.117499923706054,0,0
2017-09-20,4.591085910797119,4.679528004950503,4.550817534312642,4.632095486642812,724920000,-0.008060010473459944,0.09080213261551284,0.12080072452380364,4.322054481506347,4.128958678245544,1.0467662232315806,0.02544816521616848,0.020633289422643173,74.82758046918269,1.185541922771982,9.779999732971191,-0.03929278587557794,11.038999891281128,0,0
2017-09-21,4.465588569641113,4.513515393191882,4.3877692087374545,4.487328382624456,1075600000,-0.027335001695539263,0.0670600063715836,0.08512458689450098,4.3570856094360355,4.138046460151672,1.0529329845359772,0.02829131455813979,0.021738846292893698,63.501927179282696,1.690474124870024,9.670000076293945,-0.01124740896529941,10.909999895095826,0,0
2017-09-22,4.422108173370361,4.503880436195197,4.4122266122104,4.454224307343019,491232000,-0.009736767190410056,-0.006162780479545327,0.09353062518674893,4.394908285140991,4.147192702293396,1.0597309072979917,0.027611095278657082,0.021901121549943742,60.00941104077966,0.770744011354554,9.59000015258789,-0.008273001352106957,10.777999925613404,0,0
2017-09-25,4.224472522735596,4.392463314582584,4.203720818820648,4.391227824853588,874580000,-0.0446926314071,-0.08824294006257205,0.01183463647847005,4.399849319458008,4.150253653526306,1.0601398581312327,0.030999657076021182,0.02436967032397807,55.519462851258524,1.31869397759526,10.210000038146973,0.06465066482733817,10.724499940872192,0,1
2017-09-26,4.248188495635986,4.41420306708364,4.208414397010591,4.359112100197172,1125620000,0.005613948906698862,-0.08214567669976602,0.013855494902669019,4.405654954910278,4.154134488105774,1.0605470206909922,0.0310205406680861,0.024357129670936558,56.54677589363315,1.607975737940039,10.170000076293945,-0.003917723967049813,10.666999959945679,0,1
2017-09-27,4.341324329376221,4.354664978327722,4.267704793105925,4.338606911938268,713720000,0.021923658480764052,-0.054401417502016214,0.03146095038700669,4.418896579742432,4.1590338754653935,1.062481507017771,0.031671348215264614,0.024720889454874082,59.15555413066511,0.9919608530429704,9.869999885559082,-0.029498543607109462,10.575499963760375,0,0
2017-09-28,4.340088844299316,4.352440911762267,4.292655849750965,4.348488005149515,435244000,-0.00028458714050549894,-0.028103736693298353,0.037071632916567454,4.434410858154297,4.164333109855652,1.0648549818599902,0.0315419086888484,0.02472812453302078,62.72018989612394,0.602792285925115,9.550000190734863,-0.03242144868637886,10.491999959945678,0,1
2017-09-29,4.4164252281188965,4.440141251175702,4.378874269277567,4.4240836597563025,619092000,0.01758866847157914,-0.001285121265392597,-0.007439981824689745,4.4311004161834715,4.169974312782288,1.0626205544242202,0.024565686647329943,0.02454216288440725,60.87734808244501,0.8570327429222938,9.510000228881836,-0.004188477597292017,10.437999963760376,0,1
2017-10-02,4.422108173370361,4.495727712377084,4.37269942516808,4.46657637659328,503480000,0.001286774927215406,0.046783509555598846,-0.04558774493660467,4.4099781036376955,4.17543297290802,1.0561726489807175,0.019800208812861226,0.024533995716485707,60.543515905356315,0.6941974097342063,9.449999809265137,-0.006309192236870653,10.403999948501587,0,1
2017-10-03,4.431249141693115,4.4611416779382544,4.387027846566556,4.428284343413596,390332000,0.002067106448865319,0.04309146033543021,-0.04259399353357085,4.390263938903809,4.182037091255188,1.0497907701689284,0.01988477971019297,0.023541459999999487,60.194888420607064,0.5497497526821871,9.510000228881836,0.006349250881240609,10.267999982833862,0,1
2017-10-04,4.468303680419922,4.490537772055997,4.400860206297025,4.43742304994771,427848000,0.008362097806274171,0.029248989803520642,-0.026743614204309152,4.377985715866089,4.189777178764343,1.0449208941362491,0.020202747859786905,0.0235311826155246,62.83850349824397,0.6013100849104123,9.630000114440918,0.012618284192532636,10.167999982833862,0,0
2017-10-05,4.465835094451904,4.496221919319482,4.435942559673739,4.492763302297276,437364000,-0.0005524660239264456,0.02897319724635472,5.520544648174308e-05,4.378010368347168,4.196525044441223,1.0432465723387836,0.018226207355158213,0.02355953440462469,50.968911526576136,0.6110559088130065,9.1899995803833,-0.045690605278166374,10.049999952316284,0,1
2017-10-06,4.478925704956055,4.492266346239593,4.422105467254132,4.438163524413701,318800000,0.0029312794197020597,0.014151824973561045,0.012848516896950768,4.383692121505737,4.206259703636169,1.0421829440812187,0.0178994073903301,0.023006079693165343,38.48956563405996,0.45107990339985204,9.649999618530273,0.05005441340050498,9.926499938964843,0,1
2017-10-09,4.5799689292907715,4.6130731644327705,4.496961667646053,4.515737147732425,563492000,0.022559700917322623,0.03569807651269974,0.08415166737194713,4.4192417621612545,4.21670702457428,1.0480314938663358,0.009135606907621593,0.022494659979860318,46.84269567899392,0.7975251036443523,10.329999923706055,0.07046635565352988,9.90649995803833,1,1
2017-10-10,4.66742467880249,4.766736950536541,4.62616817738884,4.729185976181196,974876000,0.019095271357061794,0.053297733789605006,0.09868587130659812,4.4611653804779055,4.229831528663635,1.0546910320769578,0.009697290115897315,0.022714193341503954,54.67204570313275,1.326867016858935,10.079999923706055,-0.02420135545463864,9.88149995803833,1,1
2017-10-11,4.717080116271973,4.718562515356337,4.638025742724005,4.6839758735281745,529508000,0.0106387228261009,0.055675812040749895,0.0865532631029533,4.49874095916748,4.242971720695496,1.0602806842252672,0.008695468621956623,0.022739219493950906,66.96672255585594,0.723225753932677,9.850000381469727,-0.022817415077099112,9.848999977111816,1,1
2017-10-12,4.719303131103516,4.770194271759322,4.692128016857599,4.720538149386886,528292000,0.00047126925486695725,0.05675714201057391,0.08737477512754044,4.5366623878479,4.256205725669861,1.0658935869773776,0.008614797548879772,0.022614403768817796,71.23202086468817,0.7208471385223651,9.90999984741211,0.0060913161034243934,9.822499990463257,1,1
2017-10-13,4.807251453399658,4.8173803949571266,4.734620496399836,4.781558735342228,628728000,0.018635870562435652,0.07330457571115812,0.08849379420994463,4.575745010375977,4.270166964530945,1.071561146995712,0.008743699112553021,0.018533694438806328,99.37239034605788,0.9032495710940829,9.609999656677246,-0.030272471781440546,9.794499969482422,0,1
2017-10-16,4.889764308929443,4.892729106963427,4.77390017139383,4.837143855838381,576640000,0.017164247872125005,0.06764137146376781,0.10575411483040509,4.622510623931885,4.285418086051941,1.0786603619789406,0.00871987363334562,0.016671022987306907,99.42925075201063,0.9000403319960093,9.90999984741211,0.03121750275260582,9.782499980926513,1,0
2017-10-17,4.885317802429199,4.913727938457339,4.850731631821245,4.869012826113845,478596000,-0.0009093498621445262,0.04668380072983069,0.10246967530302098,4.667917490005493,4.298042893409729,1.086056515900039,0.009069731990601728,0.016669128954977762,98.54530507062415,0.7708123489486682,10.3100004196167,0.04036332778643237,9.788999986648559,1,0
2017-10-18,4.881117343902588,4.894951810326376,4.775876446835581,4.894211082083249,567316000,-0.0008598127484199525,0.03477516251308832,0.09238710996560351,4.70919885635376,4.311595673561096,1.0922171773273606,0.009684647589838731,0.016498240365615122,98.02656697490183,0.92544753987648,10.069999694824219,-0.023278439866581846,9.803499984741212,1,1
2017-10-19,4.8865532875061035,4.891493832444605,4.754384168576196,4.803546006923233,570772000,0.0011136678798155941,0.03543958753153453,0.09420817924443181,4.75127067565918,4.324363646507263,1.0987213527929653,0.00951649806202895,0.014873568774289074,97.74238972952452,0.9710696206688051,10.050000190734863,-0.0019860481326166024,9.822499990463257,1,0
2017-10-20,4.86431884765625,4.930773766667701,4.855424924983251,4.903599122192229,451620000,-0.004550127368241785,0.011871106558454247,0.08604588869910201,4.789809989929199,4.340325207710266,1.103560162132657,0.010314559451331194,0.014653648148647117,93.44678865471772,0.7709509795218813,9.970000267028809,-0.0079601912624645,9.841499996185302,1,0
2017-10-23,4.8574018478393555,4.912492810132891,4.837143964821431,4.8860588926733035,428696000,-0.0014219873395485694,-0.006618409200416675,0.060575283988126394,4.817553281784058,4.360482716560364,1.104821093198654,0.009386166862494721,0.00908583680944726,92.05288166090877,0.7607713054332745,11.069999694824219,0.11033093263128113,9.884499979019164,1,1
2017-10-24,4.908292770385742,4.9100220787988045,4.840602361645024,4.8665419878409555,407244000,0.01047698422748855,0.0047028604659289375,0.051606208596611136,4.8416400909423825,4.375516991615296,1.1065298341248149,0.008386221614608962,0.009110598220743305,92.2641295107437,0.7719050841289428,11.15999984741211,0.008130095308852558,9.933999967575073,1,0
2017-10-25,4.784276485443115,4.92163400842384,4.7227625746952215,4.868766169575823,828160000,-0.0252666845162296,-0.019839895588751766,0.014245331330994926,4.848359727859497,4.388771910667419,1.1047190026155147,0.01244440754102055,0.011029164626730795,74.79799780174079,1.552882496882647,11.229999542236328,0.006272374173952322,10.001999950408935,1,1
2017-10-26,4.834425449371338,4.846036316092413,4.787981040084801,4.811944444084924,322744000,0.01048203716503604,-0.010667608653331495,0.02439392322758116,4.859871959686279,4.40393319606781,1.1035299000506111,0.012752598110131852,0.01102414003281036,76.1732071277463,0.6116282595512432,11.300000190734863,0.0062333616519982815,10.089499950408936,1,1
2017-10-27,4.98685359954834,4.987100508992291,4.860613135907283,4.886553234760279,572192000,0.031529734354849515,0.025190526305883587,0.03736067228637863,4.8778321743011475,4.423959703445434,1.102594169314479,0.01501755026762293,0.012208177755534943,77.8492022514375,1.0891945139767958,9.800000190734863,-0.1327433605912578,10.103999948501587,0,1
2017-10-30,5.035768032073975,5.0913528083685415,4.971041952838556,4.986853108517952,504056000,0.009808676262335947,0.036720491699478996,0.029859051258954716,4.8924325466156,4.444949688911438,1.1006721985673924,0.014458665239473974,0.012177718108455034,76.61545288911307,0.959441819173685,10.5,0.07142855057563491,10.15649995803833,1,1
2017-10-31,5.109139919281006,5.135820742467771,5.061954306489395,5.067636521257408,411908000,0.014570148334813737,0.04091996103147677,0.045815262364407916,4.914814758300781,4.4685671997070315,1.0998636785909826,0.014813105156162002,0.012254063033841366,77.39036810359589,0.7824366797063915,10.180000305175781,-0.030476161411830405,10.189999961853028,0,1
2017-11-01,5.118775844573975,5.187207463440395,5.0545440426778105,5.171890594772702,502576000,0.0018860171076162668,0.06991639386825255,0.048689364325212425,4.93858060836792,4.490628366470337,1.099752686114544,0.01472608947569978,0.012307573581778974,77.62215166292438,0.9479364516512347,10.199999809265137,0.00196458776913655,10.218499946594239,0,0
2017-11-02,5.087647438049316,5.133844945800292,5.031074079941591,5.089129837014909,342308000,-0.006081220875818416,0.052378920996890566,0.04115255451268052,4.958690023422241,4.510461158752442,1.0993753961942498,0.015100621881200593,0.012543370370868487,71.04183440146855,0.6514863552674001,9.930000305175781,-0.026470540111589225,10.255499982833863,0,1
2017-11-03,5.155584335327148,5.155584335327148,5.0728244486439396,5.118774572022327,353640000,0.013353302897867403,0.033835109134563446,0.05987795964716369,4.987816572189331,4.53195405960083,1.1005885114000147,0.01501648041288896,0.012598699386867654,70.39416064802992,0.6708295378970127,9.140000343322754,-0.07955689200142912,10.230000019073486,0,1
2017-11-06,5.178807258605957,5.187453801061768,5.106423211418387,5.118775280297768,389944000,0.004504421180675955,0.028404649622645994,0.06616817402281994,5.019957113265991,4.554593286514282,1.102174617463563,0.014809443746765296,0.012071082915323385,71.8864322980377,0.7520750609268284,9.399999618530273,0.028446309129240177,10.183500003814697,0,1
2017-11-07,5.238098621368408,5.259591996384766,5.189431068748827,5.201536229536529,427700000,0.011448845226653903,0.025240784970623764,0.06719359793950241,5.052937698364258,4.57784517288208,1.1037808199142465,0.014841404658644178,0.011759294316327025,74.59993769871677,0.8708453124618228,9.890000343322754,0.05212773879549304,10.174000024795532,0,0
2017-11-08,5.167196273803711,5.2373571920500614,5.119763746077131,5.233651194508069,522988000,-0.01353589397409527,0.009459376753342852,0.08003713613243035,5.091229677200317,4.599812440872192,1.1068341900120922,0.012283960328705087,0.012462547694982923,67.73886315946835,1.065569695561994,9.779999732971191,-0.011122407131747947,10.170499992370605,0,0
2017-11-09,5.07233190536499,5.09728342890617,4.950044796184129,5.07109688670313,978564000,-0.01835896362591405,-0.003010336873932151,0.04921090592566468,5.115020322799682,4.619398193359375,1.1072914931111135,0.014726329880582898,0.013465100834108408,62.042393997063904,1.9063445073985097,10.5,0.07361966121547847,10.2,1,1
2017-11-10,5.339633941650391,5.402136428571253,5.228216526426406,5.264038186200222,1253256000,0.05269805708153208,0.035699077806194746,0.0707420691343339,5.150298357009888,4.642472181320191,1.1093870153348524,0.019669365223801128,0.017113586429479744,71.45055771102196,2.3014694809988505,11.289999961853027,0.07523809160505013,10.284000015258789,1,0
2017-11-13,5.252920150756836,5.365078273283198,5.237603286503175,5.3396329405273395,582376000,-0.016239650852686194,0.014310803327874488,0.04312194630486732,5.172013568878174,4.663307952880859,1.1090868587572156,0.020943906542531747,0.017530247453057708,64.85619378073045,1.0689077456423328,11.5,0.018600534885431896,10.363500022888184,1,1
2017-11-14,5.29121208190918,5.306528946862564,5.218333754276892,5.262060750856264,529292000,0.0072896465305734015,0.010139835917578832,0.03563655830623569,5.190220785140991,4.687157678604126,1.1073279674019163,0.020676877574892262,0.01751184375022261,73.59698277105808,0.9669772196965988,11.59000015258789,0.007826100225033938,10.427500009536743,1,0
2017-11-15,5.187454700469971,5.237358217125997,5.133599218465157,5.236122727303114,501948000,-0.01960937868923429,0.0039205839284572885,0.01341704696227275,5.197088670730591,4.7089816665649415,1.1036544711208673,0.021963298772548764,0.01827879818806246,65.65176433181344,0.922530303297634,13.130000114440918,0.13287316148215633,10.580500030517578,1,1
2017-11-16,5.227724075317383,5.291708983810563,5.218830620206954,5.261569529045893,441768000,0.007762838843443642,0.03063525274993051,0.027532693445002865,5.211096334457397,4.731230602264405,1.1014251412652187,0.02186514692084848,0.01829921773873455,61.85849491566168,0.8216661799798753,11.760000228881836,-0.10434119372568007,10.666000032424927,1,0
2017-11-17,5.2215471267700195,5.320118200368911,5.2064776376200745,5.284790824425731,515664000,-0.0011815750904925482,-0.02211515174462919,0.012794435538738158,5.217692613601685,4.7547839164733885,1.097356410987365,0.02157656607187841,0.018236256108808788,59.548035115356136,0.9534304444549628,11.430000305175781,-0.028061217456067378,10.739000034332275,1,1
2017-11-20,5.288743495941162,5.300848657098281,5.200300898488982,5.237110672114243,396100000,0.012869053470117686,0.006819701072205531,0.02122809980087914,5.228686237335205,4.777057542800903,1.094541187852115,0.021867115756860282,0.018304615383023,59.28961532997648,0.7345776706933367,10.649999618530273,-0.06824152806822803,10.718000030517578,0,1
2017-11-21,5.337409019470215,5.349020357257276,5.296646824926538,5.328515569693695,399176000,0.009201717490439965,0.008730879965855864,0.01895924557370443,5.238617277145385,4.800003080368042,1.091377899020788,0.021774165117621376,0.01828461707008321,60.86948894505693,0.7408364234305461,9.729999542236328,-0.08638498678377493,10.64650001525879,0,0
2017-11-22,5.313429832458496,5.364603882866975,5.2807972276692325,5.364603882866975,356640000,-0.004492664310388306,0.024284574856550112,0.028300368498899386,5.253240633010864,4.822093515396118,1.0894107748508333,0.021234198856046785,0.017062441848674663,61.305281273488,0.6921795971601694,9.880000114440918,0.015416297971388548,10.57900004386902,0,1
2017-11-24,5.363614559173584,5.364603826059734,5.3052713893179515,5.329746078415005,180752000,0.009444883681068106,0.025994195925107544,0.05742578743723481,5.282368898391724,4.845666885375977,1.090122169630293,0.01990640704471544,0.017047737734272525,60.604932119547385,0.35571131241951076,9.670000076293945,-0.02125506434357527,10.497500038146972,0,0
2017-11-27,5.2938995361328125,5.3735034565377005,5.290685597573749,5.372267580222662,422896000,-0.012997768999179038,0.013856507967122234,-0.008565082553850578,5.277795457839966,4.86255428314209,1.085395689285664,0.01195055493038859,0.016340813126017165,55.60163124655941,0.8446473339330539,9.869999885559082,0.02068250338026756,10.501000022888183,0,0
2017-11-28,5.209105491638184,5.308486760592151,5.148043000186751,5.299092494866648,512752000,-0.016017312741935963,-0.015058019804533251,-0.008341009926134069,5.2734139919281,4.874069766998291,1.08193239818472,0.01191879290583845,0.016798209296966383,48.62306372228203,1.0232275234059265,10.029999732971191,0.016210724343189487,10.477500009536744,0,0
2017-11-29,4.855830669403076,5.19451729822459,4.7275249478788295,5.191797993629946,1396788000,-0.06781871144713714,-0.09022698997030199,-0.08228387102355739,5.22987585067749,4.878618564605713,1.0719993337089606,0.023908401173807537,0.02260641256174525,38.33998729325196,2.537969940932821,10.699999809265137,0.06679961058139239,10.503499984741211,1,1
2017-11-30,4.961888790130615,5.010590630187451,4.861519194598854,4.924559278858122,823768000,0.021841396034630867,-0.06616085154270768,-0.04348296483801961,5.207319259643555,4.8860346221923825,1.0657557021785922,0.02528054689061264,0.023232317067327996,45.89851400465086,1.4543515719894917,11.279999732971191,0.05420560131261243,10.557499980926513,1,0
2017-12-01,4.88698148727417,4.947549809155839,4.7581815604906845,4.927277851021323,811548000,-0.015096529975729966,-0.08886415432000261,-0.06517991063300832,5.173245000839233,4.894462480545044,1.05695876133535,0.025117770536417127,0.023416777599904147,30.38741265271699,1.3757895700466876,11.430000305175781,0.0132979233825814,10.632499980926514,1,0
2017-12-04,4.614549160003662,4.951752974930178,4.561150426033752,4.945572177331344,1240844000,-0.05574654374687704,-0.12832702462378331,-0.11624868109575759,5.112545204162598,4.89831130027771,1.0437362778214487,0.029411895393174247,0.026024073472489813,26.174907752492288,1.9564321417410682,11.680000305175781,0.021872265382774758,10.759499979019164,1,1
2017-12-05,4.641247749328613,4.763867340713629,4.464240637498747,4.509233894140655,981488000,0.0057857416616902135,-0.10901252493755653,-0.12242903198263788,5.047795629501342,4.90664680480957,1.0287668606090448,0.0288291212434506,0.026050789073688626,25.530473408472062,1.4785556345935933,11.329999923706055,-0.02996578530178895,10.855999994277955,1,1
2017-12-06,4.678824424743652,4.700579336849954,4.5695542877198765,4.590815037919522,467032000,0.008096244252523421,-0.036452309956925055,-0.12339031772234932,4.9819371700286865,4.915259523391724,1.0135654376578986,0.02873825278516858,0.025949029811436264,29.847112573527554,0.7014788624504718,11.020000457763672,-0.027360941573685515,10.9125,1,1
2017-12-07,4.74631404876709,4.786116241951885,4.700084450441946,4.7455723344184895,542600000,0.014424483138653965,-0.04344610499782098,-0.10673252523765897,4.9252255916595455,4.923359317779541,1.0003790651381599,0.029936192748039755,0.026233888999496937,31.328383283855032,0.8137828966411733,10.15999984741211,-0.0780399795487926,10.931500005722047,0,0
2017-12-08,4.733953475952148,4.815287901729101,4.725548008571821,4.796251823887119,466876000,-0.002604246724498216,-0.03131340106781877,-0.11739491648304656,4.862259483337402,4.931236610412598,0.9860122049447908,0.02926540414565519,0.0260127064123994,31.17882871772973,0.7281532653480732,9.579999923706055,-0.05708660752133654,10.88550000190735,0,1
2017-12-11,4.812322616577148,4.815289474988257,4.732224512407325,4.748046185504324,372748000,0.01655469176516089,0.042858673667988345,-0.09096827702692967,4.814101791381836,4.939154558181762,0.9746813416492959,0.030615904668213307,0.02301339752278034,31.767362873872102,0.624208745232376,9.34000015258789,-0.025052168374686046,10.788000011444092,0,0
2017-12-12,4.717886447906494,4.7920517885439216,4.694401016045448,4.768813437741666,455016000,-0.01962382329591683,0.016512520493862315,-0.09430007599581336,4.764979887008667,4.945070123672485,0.9635818639251018,0.030728028999760466,0.023113180218761204,27.093344015312084,0.7701890773086918,9.920000076293945,0.06209849188764216,10.70900001525879,0,0
2017-12-13,4.6026811599731445,4.760158004473663,4.5952644882047915,4.75892212827652,554280000,-0.024418834409308587,-0.016274016260971247,-0.052133100732907334,4.739664936065674,4.948498764038086,0.9577985490286354,0.023860698155090267,0.02330559678613302,25.381105718600807,0.9362296975411217,10.180000305175781,0.026209700290543703,10.638500022888184,0,1
2017-12-14,4.6098504066467285,4.680801773452636,4.563620808223213,4.596253410459988,438164000,0.0015576240074872683,-0.028751498682605958,-0.07094846304981772,4.704461097717285,4.951329698562622,0.9501409488208786,0.022116360520311018,0.023167819397881928,23.089211769424523,0.7441075325425197,10.489999771118164,0.030451813030375918,10.506500005722046,0,1
2017-12-15,4.735685348510742,4.75595730843523,4.588838594151709,4.653856737296197,670036000,0.027296968613683914,0.0003658406377231582,-0.030959016144711637,4.689331483840943,4.956726703643799,0.9460540724171279,0.024363657672653593,0.02415266412438495,30.83854329324464,1.1162459367499065,9.420000076293945,-0.10200187971121033,10.389499998092651,0,1
2017-12-18,4.89241886138916,4.895385246858326,4.746560966431779,4.776226707237225,477704000,0.0330962682999425,0.01664398902436459,0.06021600198648169,4.717118453979492,4.964996566772461,0.9500748672311562,0.018409638344661618,0.025585170867525507,39.64092146416546,0.7983549713517137,9.529999732971191,0.01167724583719143,10.294499969482422,0,0
2017-12-19,4.84816837310791,4.88821765437953,4.819738499490322,4.883026124541412,373100000,-0.009044705601655156,0.027614468181875518,0.044582973147518246,4.737810516357422,4.970360555648804,0.9532126418822697,0.019017611288086777,0.025340921243219707,49.685848377512144,0.6247379483009673,10.029999732971191,0.05246589863692619,10.263499975204468,0,1
2017-12-20,4.8652262687683105,4.896622527988584,4.809602399386484,4.887475816521041,288820000,0.0035184206379914595,0.05704177623215978,0.039839461177231694,4.7564507007598875,4.97431658744812,0.9562018454478788,0.018977375835587975,0.02521631772047473,45.72487131338796,0.4881250838695633,9.720000267028809,-0.030907225742323297,10.263000011444092,0,0
2017-12-21,4.84273099899292,4.893657514914323,4.834325528100306,4.868688654812418,300904000,-0.0046236841891190705,0.050518036769785724,0.02031406881954556,4.76609239578247,4.976829605102539,0.9576563342445945,0.018778135223863145,0.02521638408429717,47.94777439671643,0.5109543835363822,9.619999885559082,-0.010288104806842169,10.25,0,0
2017-12-22,4.827402114868164,4.836796378809041,4.728020864793629,4.805894281653527,466276000,-0.0031653387578091108,0.01936715799462152,0.019740083925776197,4.775437259674073,4.978991584777832,0.9591173590800832,0.01879481950424288,0.0250109405594525,62.96293069651958,0.7730270465630605,9.899999618530273,0.029106001694605865,10.261499977111816,0,1
2017-12-26,4.881046295166016,4.888710046656889,4.742110444751588,4.772023736502617,355080000,0.011112432530248517,-0.0023245283254254012,0.014280771275003934,4.782309627532959,4.980467481613159,0.9602130011265493,0.018404986675480465,0.025183047030711028,64.13986742275137,0.5920060180942968,10.25,0.035353575248085356,10.280499982833863,0,0
2017-12-27,4.874372959136963,4.943593826460121,4.853112678444961,4.8676984720629015,329488000,-0.0013671937583672467,0.00540504867248548,0.03316877439894883,4.797958278656006,4.980159654617309,0.9634145512197834,0.01691413237544298,0.02501979042885861,61.96676344854754,0.5578604468464076,10.470000267028809,0.021463440685737467,10.302500009536743,1,1
2017-12-28,4.880058765411377,4.92900767237002,4.873878440742929,4.898105577499232,240248000,0.0011664692714488112,0.003048675605959339,0.060264353709838625,4.825696039199829,4.980054473876953,0.9690046694294577,0.01390693619001247,0.019832601048028916,58.85439586630914,0.45091506960384836,10.180000305175781,-0.02769818094143406,10.276500034332276,0,0
2017-12-29,4.783644676208496,4.906264267913076,4.783644676208496,4.906264267913076,279964000,-0.01975674757981183,-0.012201033424468766,0.037700631090150205,4.843075466156006,4.9781050205230715,0.9728753102213827,0.01611397253016704,0.019650245406357073,52.960282614525234,0.5537144380618452,11.039999961853027,0.08447933505856575,10.264500045776368,1,1
2018-01-02,4.928265571594238,4.9319741433273965,4.808365773535016,4.840009108801232,355616000,0.03023236573255872,0.020893941363496538,0.04066575562163521,4.862333488464356,4.978939266204834,0.9765801968037742,0.01660824775116174,0.020607508126300664,56.40179750573437,0.7365483450983836,9.770000457763672,-0.11503618736210486,10.181500053405761,0,1
2018-01-03,5.2526140213012695,5.283021951983341,5.037041087712095,5.045693635907356,914704000,0.06581391465113517,0.07612460600983018,0.07362312388147307,4.898353004455567,4.986705169677735,0.9822824566089441,0.024363413143590175,0.021028588554071664,73.54669022865006,1.9607500162912812,9.149999618530273,-0.06345965303826762,10.055000019073486,0,1
2018-01-04,5.28030252456665,5.390561458402305,5.2580529787285135,5.333948798451929,583268000,0.00527137595739835,0.08327831473559622,0.08913348675259014,4.941566419601441,4.995163183212281,0.9892702677279958,0.023702126903139952,0.02103008332759208,82.33094492835923,1.3060299214368596,9.220000267028809,0.007650344417148736,9.949500036239623,0,1
2018-01-05,5.325048923492432,5.362378421950625,5.2182510140820515,5.295135625619715,580124000,0.008474211225133033,0.0911854097403566,0.09451208008061074,4.987548685073852,5.003498306274414,0.9968123060658257,0.023630658572239973,0.02103159576352363,82.9425883349308,1.282748421893339,9.220000267028809,0.0,9.85950002670288,0,1
2018-01-08,5.4882121086120605,5.562376945946601,5.40366374138329,5.448657465829834,881216000,0.030640692219709775,0.1472867405699545,0.13328865670081047,5.052096796035767,5.017577018737793,1.0068797702893373,0.023948458034611146,0.02164876515511527,83.50964778585258,1.8781981220064896,9.520000457763672,0.03253798069916325,9.827500057220458,0,0
2018-01-09,5.486729621887207,5.53320631155976,5.405148098200573,5.493651661986156,497000000,-0.0002701219806222621,0.11331857875352114,0.13658019185688852,5.118029546737671,5.030623102188111,1.0173748743990665,0.02375011377200892,0.02159762129250906,80.7105643395144,1.0559015976194837,10.079999923706055,0.05882347048478298,9.852500057220459,1,1
2018-01-10,5.529745578765869,5.533206598995135,5.339883156644001,5.394270684750839,582664000,0.007839999388172147,0.052760693312078555,0.13290168631309607,5.182899475097656,5.041480941772461,1.0280509903654373,0.02380351321104564,0.02149561361222251,85.26498619619414,1.2108974620082646,9.819999694824219,-0.025793673695410413,9.876500034332276,0,1
2018-01-11,5.539632797241211,5.593773227918815,5.518124496307322,5.56237650284136,406032000,0.0017880060365360606,0.04911276796509756,0.13648111124882734,5.249425458908081,5.051558237075806,1.0391695418613671,0.0236149573584995,0.020604739127689557,85.1548312592558,0.848136252585985,9.880000114440918,0.006110022554106864,9.874500036239624,1,0
2018-01-12,5.512439727783203,5.562130352331942,5.471896286108399,5.527767235721763,359916000,-0.0049088216590006395,0.035190438056646345,0.12958470231014063,5.312663555145264,5.05962423324585,1.0500114850894933,0.024031129573783692,0.01940307047187392,84.7398053555183,0.767385007170328,10.15999984741211,0.0283400536161873,9.87350001335144,1,0
2018-01-16,5.441487789154053,5.624428127036779,5.356939894778928,5.5388914373368765,702348000,-0.012871240708818288,-0.008513577561021779,0.13751922591938026,5.378447866439819,5.066078472137451,1.0616590121965828,0.023083774492470264,0.019963648140297965,80.11654386952026,1.4564724296978135,11.65999984741211,0.14763779749288775,9.932000017166137,1,1
2018-01-17,5.555454254150391,5.565342677919576,5.362130877754434,5.456073025439858,538408000,0.020943989844743438,0.012525609424789863,0.12726357243634978,5.441166734695434,5.075434608459473,1.0720592726436429,0.022501865580059347,0.019697797206095116,81.22728059546478,1.1319558325133923,11.90999984741211,0.021440823608199766,10.056500005722047,1,0
2018-01-18,5.548534393310547,5.602921924204056,5.505024085678541,5.536173269337932,408632000,-0.0012455976637146815,0.003397771972878161,0.05633773408996201,5.470758771896362,5.08329360961914,1.0762232505208866,0.01257565321769951,0.0188932057872811,81.20874080228651,0.8653966704956306,12.220000267028809,0.026028583004898964,10.191000032424927,1,1
2018-01-19,5.688704967498779,5.712932105133003,5.611820820502418,5.638767263367014,609380000,0.025262630498826155,0.02691011764025375,0.07734451596893033,5.511599016189575,5.093491563796997,1.0820866093829153,0.01402861734794298,0.018967020228270706,83.28942781225659,1.259038140975578,11.270000457763672,-0.07774139022143589,10.253000068664551,1,1
2018-01-22,5.77720832824707,5.778938838020236,5.639014155824704,5.696615611786597,550944000,0.015557734362027231,0.048031110277616085,0.08491178414527889,5.556814956665039,5.10427375793457,1.088659272639324,0.01425658966975173,0.019001876277639388,91.17004788689871,1.1082926012843017,11.029999732971191,-0.021295538158310312,10.31850004196167,1,1
2018-01-23,5.906257152557373,5.929000865815322,5.812067417139859,5.830608395474973,475228000,0.02233757499782918,0.08541218530889583,0.07617144448359037,5.59861946105957,5.119054975509644,1.0936822299905427,0.012995168561483876,0.018956130509522242,91.05460650973683,0.9395073570637222,11.100000381469727,0.006346387143536081,10.392500066757203,1,0
2018-01-24,5.829371452331543,5.945316084199526,5.773747584445746,5.909469539169948,579972000,-0.013017668929727999,0.04930599473058628,0.062449191787672165,5.6328836441040036,5.134195766448975,1.0971306705743211,0.014386633336857465,0.019441965553397233,80.56078006106355,1.1338393889796439,11.470000267028809,0.03333332187778648,10.47100009918213,1,1
2018-01-25,5.842970371246338,5.9270241389024365,5.828137492109593,5.883760906754569,409884000,0.002332827651488234,0.05306554074725933,0.056643617327214235,5.66420612335205,5.144262495040894,1.1010725305740883,0.014420911961132899,0.019506223314526637,80.26612645905814,0.7970492276351779,11.579999923706055,0.00959020524118448,10.537500095367431,1,1
2018-01-26,6.015527248382568,6.0157743294155415,5.873872014255401,5.886727300900327,516356000,0.029532389550594784,0.05745108645131358,0.08590721958653247,5.7117955684661865,5.159514636993408,1.1070412568486496,0.016165537921261772,0.019845018061181698,82.65153250726522,0.9861740520157557,11.079999923706055,-0.04317789320329979,10.568000078201294,1,1
2018-01-29,6.102546691894531,6.133696345014624,5.9482837414925696,6.0009407586869825,455116000,0.014465804894385759,0.056314113177596825,0.10705005283543234,5.7708062648773195,5.175741329193115,1.1149719234088875,0.015543302902204745,0.019729252572788687,81.30524603117907,0.8517370820674381,13.84000015258789,0.24909749529661251,10.7510000705719,1,0
2018-01-30,6.000443458557129,6.091913843117909,5.893893123439671,5.960641744211449,570832000,-0.016731249835911455,0.01594686847642146,0.10272111067072198,5.826701831817627,5.192001104354858,1.1222458768220225,0.0162168324429467,0.019487733355507776,73.74300494017835,1.0399903804460704,14.789999961853027,0.06864160395890595,10.9385000705719,1,1
2018-01-31,6.0765886306762695,6.162372886297122,6.043214307710105,6.075846916184319,478576000,0.012689924110617312,0.04240889096985723,0.0938058982551333,5.8788152694702145,5.208978395462037,1.1285927533490496,0.015799422176336706,0.018992148493159434,74.52319519840083,0.8622524908563501,13.539999961853027,-0.08451656546477693,11.127000045776366,1,0
2018-02-01,5.945563316345215,6.103782374746491,5.885242550829288,5.896614405666831,519224000,-0.0215623143665844,0.017558354497867024,0.07155563882118776,5.918518161773681,5.22345871925354,1.1330649823953176,0.018376355764425874,0.015345318830597563,66.41995844562248,0.9700479770427608,13.470000267028809,-0.005169844536294876,11.343000078201294,1,0
2018-02-02,5.773005485534668,5.883017337594963,5.714909868748377,5.859037282181849,718464000,-0.029022957393483706,-0.04031596115088809,0.014818929530977965,5.926948213577271,5.23314395904541,1.132578858896597,0.02032533053413959,0.017265364897468927,59.43085507735618,1.3255406945701582,17.309999465942383,0.2850778858789582,11.747500038146972,1,0
2018-02-05,5.283024311065674,5.7658386020712555,5.067945443315734,5.611822703892814,1165204000,-0.08487453817543267,-0.13429186570868124,-0.08554027985543367,5.877529811859131,5.232056264877319,1.1233689995489655,0.03334021002783109,0.02637876834836772,45.59941693154931,2.039673723344031,37.31999969482422,1.1559792516603906,13.152500009536743,1,1
2018-02-06,5.576716899871826,5.579683286553657,5.04322279380965,5.053111692473037,1114800000,0.05559175417591633,-0.0706158739119579,-0.05579510748915795,5.8445757865905765,5.237322006225586,1.115947382964643,0.03806820230327826,0.028418108761820635,50.53687886170267,1.9123456768945482,29.979999542236328,-0.196677390477199,14.175499963760377,1,1
2018-02-07,5.6563191413879395,5.8088520224182325,5.604403849222482,5.675602300998352,802932000,0.014274033081712156,-0.06916207675581254,-0.02968627275834146,5.827270555496216,5.243176097869873,1.1114008850215122,0.03841103313890101,0.028564439707476092,52.62519380520182,1.342144430314239,27.729999542236328,-0.07505003450150693,15.05799994468689,1,0
2018-02-08,5.3774590492248535,5.815032346768609,5.377211496741785,5.78190558077716,1144000000,-0.04930062911808397,-0.09555095739348374,-0.07967032047814204,5.780719423294068,5.244847288131714,1.1021711607075673,0.04109138754990634,0.030717532906552752,42.89905436765868,1.8265645067860703,33.459999084472656,0.20663539981343337,16.23999991416931,1,1
2018-02-09,5.737406253814697,5.905760796527867,5.377458828346535,5.8899391285741425,1674604000,0.06693629859286965,-0.006166498855608382,-0.046233851678196825,5.75290732383728,5.255413303375244,1.0946631581083308,0.04621869892992293,0.034270620585170525,49.19200818842992,2.4278736511241177,29.059999465942383,-0.1315002910616373,17.198999881744385,1,0
2018-02-12,5.6372833251953125,5.821460008132088,5.563118490129852,5.818493150673497,1093172000,-0.017450904501108866,0.0670561014431863,-0.07624085323545116,5.706380987167359,5.271042356491089,1.0825906151446814,0.04592182796130404,0.03452366714393865,44.474878420271615,1.5049095282816527,25.610000610351562,-0.11871985268389751,17.971499919891357,1,1
2018-02-13,5.751003265380859,5.797232864642064,5.56855709237193,5.60094261425498,625524000,0.02017282680777921,0.03125250369317456,-0.0415702930790135,5.681436967849732,5.286824645996094,1.0746407055797647,0.04652687110523369,0.034580660667436446,48.41419843834006,0.8657021550797122,24.969999313354492,-0.024990288236790614,18.636999893188477,1,1
2018-02-14,5.968307018280029,5.9972315222991,5.699582428847461,5.710707201814138,744988000,0.03778536420023726,0.055157403444448194,-0.017819473882040526,5.670608806610107,5.308451156616211,1.0682228467982642,0.04813155912970122,0.03523071775213727,52.343058325349325,1.0165050329407515,19.260000228881836,-0.22867437891433284,19.004499912261963,1,1
2018-02-15,6.093893527984619,6.140123133709007,5.970779771567889,6.05161957557638,698900000,0.021042233470888405,0.13322918356078195,0.024948050125313204,5.6854418277740475,5.33803804397583,1.065080799525263,0.04796948122708304,0.03540192481142819,51.49117576286362,0.9351021200018731,19.1299991607666,-0.006749795772083567,19.349999856948852,0,0
2018-02-16,6.028134346008301,6.180419694907143,6.018987162653999,6.066700198854581,637656000,-0.010790996211918813,0.05067239085611264,0.04419342076027899,5.710954713821411,5.365775775909424,1.0643297357786972,0.046930598742037664,0.03524958071078758,48.57251110128883,0.8515491331147135,19.459999084472656,0.017250388822956486,19.7594997882843,0,1
2018-02-20,6.157674789428711,6.226648093861733,6.0469212297754735,6.05062980151223,686240000,0.02148930929288073,0.09231245516924025,0.16555866997072477,5.798419761657715,5.395352783203125,1.0747063249894284,0.03466257997432739,0.035381092371433574,52.98482576130084,0.9082251123502416,20.600000381469727,0.058581775469182196,20.237999820709227,1,0
2018-02-21,5.970531940460205,6.229121034663457,5.966823839825248,6.222198995329635,892292000,-0.030391804596401673,0.03817223968569716,0.07061772144062584,5.837801265716553,5.419837141036988,1.0771174693635897,0.03440690169809915,0.03588761592502744,48.06807298582036,1.149213947612993,20.020000457763672,-0.02815533558085659,20.683999824523926,0,1
2018-02-22,5.990074634552002,6.076159433249199,5.924521625586391,6.004422258275409,534364000,0.003273191448715407,0.003647201158603508,0.05900577474879998,5.871176815032959,5.444959564208984,1.0782773950472657,0.034337661370115916,0.035733470666055464,50.8451432353322,0.6902532873202366,18.719999313354492,-0.06493512061359841,21.04649977684021,0,1
2018-02-23,6.083581447601318,6.083581447601318,5.9992282241088875,6.049939146392691,415300000,0.015610291816724464,-0.0016921989752438638,0.13131153429764386,5.941789054870606,5.470384740829468,1.0861738865500088,0.02826194133919563,0.035863607520123346,56.079453058772515,0.5362673211891318,16.489999771118164,-0.11912391154018309,21.291999769210815,0,1
2018-02-26,6.0996599197387695,6.134291626814092,6.037322375181566,6.12983904616464,469312000,0.0026429287215001818,0.011865291917031007,0.06313892548278521,5.978014421463013,5.498020210266113,1.0873031005416525,0.020932512817325173,0.03530189285147662,69.62683537909298,0.6078580448790597,15.800000190734863,-0.04184351667437969,21.527999782562254,0,0
2018-02-27,6.086795806884766,6.157296327600096,6.063790259578754,6.072942654144722,455436000,-0.002108988537602774,-0.011510673260242354,0.0797392033996942,6.022965669631958,5.527702503204345,1.0895965667726355,0.019509045044235614,0.035170670149455276,64.17218713260007,0.5898734734636202,18.59000015258789,0.17658227393497672,21.765499782562255,0,0
2018-02-28,5.986364364624023,6.137260000285155,5.974737735935683,6.0976807707522385,523116000,-0.01649988687761539,0.0026517610694831717,0.0409252244143139,6.046501779556275,5.555232782363891,1.0884335574113126,0.020367859310560885,0.03516475436778033,59.06515206006598,0.6796316303956372,19.850000381469727,0.06777838722644836,22.01849980354309,0,0
2018-03-01,5.7441887855529785,6.038064781515423,5.643014183931714,5.984137927134577,1040120000,-0.040454533723701114,-0.041048879020755824,-0.03755139138127617,6.02408995628357,5.575402851104736,1.0804761767286337,0.021051149008759984,0.036186266680919364,60.27990213690568,1.3037640339019763,22.469999313354492,0.13198986808738677,22.464999771118165,1,1
2018-03-02,5.851298809051514,5.857730680511419,5.487911754391993,5.636581311419711,913428000,0.01864667536135367,-0.03818189014982132,-0.0398094777696808,5.999830484390259,5.594580450057983,1.0724361796116588,0.020750819797413837,0.036169824798233136,53.719827889629585,1.117353233533857,19.59000015258789,-0.12817086109366038,22.77099976539612,0,0
2018-03-05,5.829284191131592,5.868863421344419,5.6776459056146935,5.801083883445083,620776000,-0.0037623472391918877,-0.04432636116846944,-0.03298701446632213,5.979945468902588,5.614202766418457,1.0651459731151558,0.020608457226204267,0.035544969146383734,56.60806651671173,0.7639302679938499,18.729999542236328,-0.04389997976788962,22.841999769210815,0,1
2018-03-06,5.990321636199951,6.0096167807084235,5.871583954901183,5.914626352576446,636808000,0.027625595148260906,-0.0158497465243852,-0.02717797853112769,5.963210153579712,5.63670467376709,1.0579248867396158,0.021496047641657866,0.02963509047272811,57.97677948457131,0.8099941438973152,18.360000610351562,-0.01975434815416921,21.893999814987183,0,0
2018-03-07,5.982405662536621,6.034600925571789,5.886178593560381,5.887415237939275,581208000,-0.0013214605398637058,-0.0006612865248891708,0.001988720970731661,5.964397525787353,5.659498167037964,1.0538739212824881,0.019148784897524446,0.027338423065580205,50.54616010672353,0.765241956380229,17.760000228881836,-0.03267975825291858,21.28299984931946,0,0
2018-03-08,5.9660797119140625,6.009864286952542,5.921800195990279,6.009864286952542,411912000,-0.0027289942447059623,0.03862876633148882,-0.004005780245129431,5.961998033523559,5.682271718978882,1.0492279018636836,0.019141572054254527,0.027262153303111845,44.59078707382861,0.5566695830491956,16.540000915527344,-0.06869365414593254,20.723499917984007,0,1
2018-03-09,6.068737983703613,6.0816007834260075,5.997495285292534,6.013574020856313,505524000,0.017206989639200643,0.03716083928507263,-0.002439921948206636,5.960513687133789,5.706025552749634,1.0445998939246812,0.019294481196440942,0.02445601862350373,51.66634442951108,0.7139826618495722,14.640000343322754,-0.114873063303214,19.782499980926513,0,1
2018-03-12,6.178323268890381,6.258471133876668,6.1018858090413,6.110049266529086,605060000,0.018057343302847695,0.05987683329795468,0.012896349991095901,5.96838002204895,5.732104558944702,1.0412196708337342,0.020133277487348982,0.02014469042742301,50.86150950678516,0.9243811996147623,15.779999732971191,0.07786880894223391,19.118499994277954,0,0
2018-03-13,6.127612590789795,6.2955773156907275,6.086301776351757,6.221118672796109,619772000,-0.008207838258630584,0.02291879517122819,0.006705791552734874,5.972461700439453,5.757055635452271,1.0374160123902052,0.02034486898667255,0.019730806551040776,57.395807795478035,0.9823822593847263,16.350000381469727,0.03612171471128467,18.655499982833863,0,1
2018-03-14,6.153090953826904,6.197864932110579,6.0907534181582,6.170654039390379,505496000,0.004157959182244264,0.028531213180536863,0.027851059348832807,5.989134359359741,5.784444561004639,1.0353862494827941,0.019414251175323378,0.01937727767475135,57.63261464215323,0.8089419275918432,17.229999542236328,0.05382257738439855,18.268499994277953,0,1
2018-03-15,6.167934894561768,6.249072184426835,6.125881898571958,6.166698249895169,401952000,0.0024124364236206564,0.03383380584818663,0.07376953035988976,6.03150897026062,5.8092379474639895,1.0382616489127738,0.012143593848497567,0.01762433920650375,54.26359055339768,0.661395058624371,16.59000015258789,-0.03714448094322875,18.134999990463257,0,1
2018-03-16,6.196132659912109,6.21518009397545,6.1466584007837035,6.184258799975572,399456000,0.004571670394122318,0.020991955255044603,0.058932873215629344,6.06599235534668,5.828108320236206,1.0408166804800967,0.011467422975345636,0.017053192513474452,54.8171365278369,0.6738900340001897,15.800000190734863,-0.0476190448816719,17.96850004196167,0,0
2018-03-19,5.961627006530762,6.1681810734862195,5.862678936377799,6.139239063752758,713772000,-0.03784710015951698,-0.03507363615153425,0.022703098881421857,6.079226636886597,5.841734809875488,1.0406543321017632,0.01789179618041885,0.01899769408701861,44.882676920365654,1.1964653772450111,19.020000457763672,0.20379748279477994,17.94650011062622,1,1
2018-03-20,6.173869609832764,6.212706655192029,5.964594115135548,5.964594115135548,554696000,0.03560145629196487,0.007548946405733226,0.030640754333393083,6.097581434249878,5.858711223602295,1.040771801430539,0.01926657737149298,0.020083793432708167,57.023709285556336,0.9401786470957135,18.200000762939453,-0.04311249606145551,17.826500129699706,1,0
2018-03-21,6.14863920211792,6.233734590134205,6.118212369579902,6.167438934509641,438688000,-0.00408664408374626,-0.0007234984404408396,0.027787072451856076,6.114204788208008,5.871919765472412,1.041261637149789,0.01935815086157319,0.01878577575476908,68.09043661349409,0.7732776694497433,17.860000610351562,-0.018681326282152133,17.7185001373291,1,0
2018-03-22,5.98265266418457,6.131817165746001,5.945299966079538,6.085311601035697,551196000,-0.026995654237798705,-0.030039589189010285,0.0027778630307959684,6.115862083435059,5.88183822631836,1.0397875371800531,0.021541912090071988,0.019837088073402783,55.58129159340608,0.9701568983197084,23.34000015258789,0.30683087093850103,17.949500179290773,1,0
2018-03-23,5.762988090515137,5.998731848995828,5.751856404293622,5.996258088521984,735620000,-0.03671691906576258,-0.06990563197578736,-0.05038113261925414,6.085287094116211,5.886503076553344,1.0337694578559973,0.02354732163610673,0.021098043326510246,47.588151231086655,1.25926232788752,24.8700008392334,0.06555272821949254,18.368500232696533,1,1
2018-03-26,6.047713279724121,6.04894992448084,5.8354694641126645,5.887417036686011,611424000,0.04940582641105773,0.014440063609993503,-0.021140038078602652,6.072226095199585,5.896664686203003,1.0297730019153641,0.028508150395801256,0.024077666894898642,51.91551789279822,1.0340807038373137,21.030000686645508,-0.15440289597940582,18.630000257492064,1,0
2018-03-27,5.578697681427002,6.184260453732798,5.438438793995544,6.128602015284877,1409000000,-0.07755255194877797,-0.09640176518432875,-0.08958055053739011,6.017334604263306,5.8979898452758786,1.02023481933985,0.037320005907207694,0.029662436449983322,39.696968295649285,2.2051762325510933,22.5,0.06990010772029942,18.82550024986267,1,0
2018-03-28,5.475543022155762,5.674428532855161,5.367937046743372,5.544311952628682,945904000,-0.01849081365614591,-0.10947075569669262,-0.11011505221611306,5.949579811096191,5.898670949935913,1.0086305646801388,0.0371394631053731,0.02971016301244319,38.01229708779679,1.4329911681820646,22.8700008392334,0.016444481743706607,18.976500272750854,1,1
2018-03-29,5.728850841522217,5.825572375141897,5.459464318760033,5.543817521864454,916628000,0.046261680045521114,-0.04242295799349172,-0.07118817895219498,5.905671405792236,5.902138881683349,1.0005985159244304,0.041255494573826906,0.030432542473493213,42.263508401988666,1.401751906972761,19.969999313354492,-0.12680373500047992,18.851500272750854,1,0
2018-04-02,5.468122482299805,5.804546371347869,5.380306105086153,5.658350565665797,922092000,-0.04551145883091867,-0.05116540301386863,-0.1174942851566757,5.832870388031006,5.900530643463135,0.9885331914160829,0.042763065486232175,0.031751047781827954,34.875134985499656,1.4091741840595204,23.6200008392334,0.18277424393490338,19.05300030708313,1,1
2018-04-03,5.574491500854492,5.6981766914158465,5.4755434427697205,5.635097451831041,667432000,0.019452566927496973,-0.07824805128513235,-0.0649378945130542,5.794156837463379,5.898246374130249,0.9823524603645911,0.042693178179672615,0.0321396744981061,38.49318734759397,1.0163701761278672,21.100000381469727,-0.10668926199096018,19.1715003490448,1,1
2018-04-04,5.596508502960205,5.606898015277474,5.293726879443016,5.3187112502757286,789168000,0.003949598291133505,0.0031926486341964377,-0.09351689351408221,5.736420726776123,5.894632377624512,0.9731600478684733,0.04038860290705117,0.03142948944898753,38.40447974644864,1.1879692909829895,20.059999465942383,-0.04928914202488288,19.25650029182434,1,0
2018-04-05,5.4762864112854,5.667998390059425,5.404796470248685,5.65488788252184,701240000,-0.021481624053856896,0.00013576537096526842,-0.10934985266348451,5.669185447692871,5.886032962799073,0.9631589703155381,0.04052647313148343,0.03169769770524979,36.19666487506224,1.046155939356254,18.940000534057617,-0.05583245073292675,19.31550030708313,0,0
2018-04-06,5.299911022186279,5.481728430579818,5.270721305284137,5.373627489864116,662988000,-0.03220711552552313,-0.0748736232102638,-0.11412022063148608,5.600911283493042,5.875443754196167,0.9532745981089417,0.040790983313633844,0.03231832817483594,33.112747841959774,0.9709054069133817,21.489999771118164,0.1346356475795858,19.56300024986267,1,1
2018-04-09,5.328606605529785,5.490881644087578,5.308569283326123,5.362991080732623,499524000,0.005414351905792758,-0.025514402287371896,-0.07537435062554909,5.557473134994507,5.865156478881836,0.9475404714272879,0.040041734078133516,0.03199005559536995,37.069261087275336,0.731843891352995,21.770000457763672,0.013029348051544432,19.919500255584715,1,1
2018-04-10,5.637819290161133,5.664782480783083,5.501765277097366,5.558908066384906,761676000,0.05802880706383173,0.011360280896819619,-0.06777669023054056,5.516483736038208,5.857602319717407,0.9417648100604317,0.04146091469732045,0.034704927460747624,39.46733830113482,1.103260754632697,20.469999313354492,-0.05971525572226477,20.15400023460388,1,0
2018-04-11,5.596508502960205,5.664288039378789,5.5638556151568945,5.622977224644422,460244000,-0.007327440819719366,0.0,0.0031926486341964377,5.518264818191528,5.847481555938721,0.943699396980083,0.03314934697346065,0.0346998567035232,39.21950425632863,0.6744393178409805,20.239999771118164,-0.011235933070416815,20.348500204086303,0,1
2018-04-12,5.803309440612793,5.821120234228695,5.645239767847968,5.689519281458002,593920000,0.03695177762049373,0.0597162026904714,0.05986007545384742,5.551041460037231,5.843538875579834,0.9499451579307617,0.034183099106179594,0.035858521513530084,46.55321254776895,0.8647250924900012,18.489999771118164,-0.08646245157063659,20.411500215530396,0,0
2018-04-13,5.726625919342041,5.875295520769358,5.678388756273135,5.866884827189148,503036000,-0.013213757090756562,0.08051359643010314,-0.0003883714625714241,5.550818967819214,5.8365396213531495,0.9510462239494412,0.03153973587214001,0.03592043157400585,49.26051623931823,0.7270512506988154,17.40999984741211,-0.05840994792185128,20.452500200271608,0,0
2018-04-16,5.72637939453125,5.759774466600052,5.632131111480748,5.733305737909512,350792000,-4.304887629524856e-05,0.07464855607630594,0.04722954049903194,5.576644659042358,5.83215594291687,0.9561892229262441,0.02715773777992787,0.03588343093108676,42.61009206707224,0.5087982919768164,16.559999465942383,-0.048822538134374205,20.49050016403198,0,1
2018-04-17,5.876036167144775,5.89731013012856,5.722914024205706,5.778572456270782,447224000,0.026134624044723553,0.042253372221306984,0.05409366329539833,5.606799125671387,5.834216556549072,0.9610200566479825,0.02763220971470088,0.03549322727570138,58.01546008774839,0.6614520459690418,15.25,-0.07910625049454578,20.3020001411438,0,0
2018-04-18,5.8470940589904785,5.918336762188418,5.758041033859258,5.825572860136426,391364000,-0.004925447585929388,0.04477533731928207,0.04477533731928207,5.631857681274414,5.845497951507569,0.9634521691726782,0.02783363604384653,0.03448909523331519,60.433494022558975,0.5859110902182473,15.600000381469727,0.022950844686539407,20.172000122070312,0,0
2018-04-19,5.665772438049316,5.766204871482448,5.610361700608512,5.732809805190532,471996000,-0.031010553124652174,-0.0236997533857084,0.03460119002786777,5.650806283950805,5.847279062271118,0.9663992814045714,0.028970710942785707,0.035088998192987164,48.154071953866385,0.7048678406399776,15.960000038146973,0.02307690050475042,20.077000093460082,0,0
2018-04-20,5.657608509063721,5.741466776753307,5.626439974443959,5.657113568209707,386200000,-0.001440920734968043,-0.012052020028968435,0.06749122492435489,5.68657603263855,5.847304849624634,0.9725123247171897,0.026228133677041576,0.03465069755142197,56.50699478072803,0.5839362200124105,16.8799991607666,0.057644055164203234,19.75400004386902,0,0
2018-04-23,5.538129806518555,5.726625876008202,5.512156022265951,5.6754204830275965,427508000,-0.02111823438361915,-0.03287410334573282,0.03932044838351101,5.707528352737427,5.850518264770508,0.9755594452385339,0.02769147708162065,0.034002759058834216,48.76247328775482,0.6618098729348822,16.34000015258789,-0.03199046416031859,19.32750000953674,0,0
2018-04-24,5.471832752227783,5.659833816858288,5.406526990120768,5.5638544650311665,414596000,-0.011971018485832152,-0.06878844912103366,-0.029441620844964267,5.690929698944092,5.845206794738769,0.9736062210949421,0.020482583990218267,0.031875812786974426,45.88095956766648,0.651750767850299,18.020000457763672,0.1028151951950691,19.17699999809265,0,0
2018-04-25,5.359528064727783,5.481234465120674,5.202200543534497,5.442149701423266,588492000,-0.020524144758312768,-0.08338603575446424,-0.042344336313805964,5.667231655120849,5.839651689529419,0.9704742605252088,0.021218842451329413,0.02720617274260316,46.12224846875849,0.9888939897953491,17.84000015258789,-0.009988917902509331,18.944000005722046,0,1
2018-04-26,5.57127571105957,5.579439167873963,5.455259033244982,5.521306975804389,375824000,0.03950863653935199,-0.016678524953656737,-0.039983001411126096,5.644028282165527,5.836057138442993,0.9670961315624306,0.021776762963289915,0.028382706939008337,58.80560978862872,0.6633001363225939,16.239999771118164,-0.08968611927044345,18.612499952316284,0,1
2018-04-27,5.598733425140381,5.696939775045615,5.5564332090002555,5.677150164373744,400848000,0.004928442874637229,-0.0104063552345518,-0.022332957661804875,5.631239032745361,5.8286656665802,0.9661283310575141,0.021666386364522866,0.026365587823569004,58.77248920428379,0.7412017791150356,15.40999984741211,-0.05110837040663996,18.384499979019164,0,0
2018-04-30,5.56335973739624,5.6647815544991635,5.544065066862429,5.615060055741544,327844000,-0.006318158958113607,0.004555677053287743,-0.02846819009070467,5.61493706703186,5.818054990768433,0.9650883458374213,0.02169278021780997,0.024239876977074176,47.058761482664636,0.6414531287480743,15.930000305175781,0.03374435190867309,17.999999952316283,0,1
2018-05-01,5.618772506713867,5.621493502364788,5.496571162411302,5.555198309384857,253788000,0.009960306709118294,0.026853846076757337,-0.043781837468831464,5.58921070098877,5.809867753982544,0.9620202967885941,0.019829072059207864,0.023953674169113,50.869763970971476,0.51749788341922,15.489999771118164,-0.027620874176295995,17.719499921798707,0,0
2018-05-02,5.598239421844482,5.6598343129891235,5.5720179378167884,5.615308039139775,268248000,-0.003654371990474803,0.04453962256261157,-0.042560395751348956,5.56432523727417,5.798679046630859,0.9595849662531585,0.019828627941296306,0.023959137634290268,40.62425468293476,0.5776630410907221,15.970000267028809,0.030987766494718016,17.51499996185303,0,1
2018-05-03,5.763482570648193,5.789704054264329,5.584881121757189,5.6301500420549875,443144000,0.0295169849576149,0.03449961365348919,0.01724568603262111,5.574096250534057,5.794538059234619,0.9619569659484333,0.019960749312908525,0.024232960045838012,51.558843341225625,0.9815736756162412,15.899999618530273,-0.004383259068758805,17.36299991607666,0,1
2018-05-04,5.913635730743408,5.916851666139353,5.717471220734864,5.734787070064558,400660000,0.02605250527864933,0.05624527579559335,0.04525361224084734,5.5996989727020265,5.793009281158447,0.966630416235452,0.021299700084112923,0.023281960617410554,57.028687490312635,0.9140259849288143,14.770000457763672,-0.07106913131303927,17.026999950408936,0,1
2018-05-07,6.151607513427734,6.208750302230885,6.008379925533564,6.018274968649216,687616000,0.04024119738170118,0.1057360666572329,0.11077344308309578,5.661046743392944,5.794369802474976,0.9769909302259092,0.021885534160701492,0.024524965931266268,59.70047640037237,1.5357106963468534,14.75,-0.00135412709165883,16.675999927520753,0,1
2018-05-08,6.194155216217041,6.196876211427336,6.102875192570566,6.151854521820691,506616000,0.006916517787656895,0.10240363154330412,0.13200740897922625,5.73327898979187,5.796259708404541,0.9891342483289095,0.02047399004752654,0.02145180394915867,62.101099646530315,1.16463983742454,14.710000038146973,-0.0027118618205442813,16.387999963760375,0,1
2018-05-09,6.32724142074585,6.32946794739396,6.186982509279361,6.214193410921618,596760000,0.02148577164814558,0.1302198680636597,0.18055943439997968,5.830050325393676,5.801068620681763,1.004995925166027,0.01690709036707659,0.02155235060273115,73.8664559886834,1.350674182785083,13.420000076293945,-0.08769544245463712,16.046999979019166,0,1
2018-05-10,6.434845924377441,6.443998319077037,6.362366111171555,6.380176903393178,994080000,0.017006543053466716,0.11648570903091016,0.15500403464211843,5.916407346725464,5.810038251876831,1.0183078131739103,0.014941530189531317,0.020498686242340414,76.16587713482613,2.1524719605709266,13.229999542236328,-0.014158012889526561,15.783999967575074,0,0
2018-05-11,6.296319007873535,6.426436088848092,6.197618641746434,6.253029373607263,1214456000,-0.021527619795699837,0.06471201381929204,0.12459703467943961,5.98616590499878,5.821080856323242,1.0283598618109233,0.018713143663238542,0.020974302775513383,75.20140034019492,2.441594619089398,12.649999618530273,-0.04383975387560857,15.54599995613098,0,1
2018-05-14,6.316850185394287,6.394277522323948,6.293102933393977,6.334413743752188,523140000,0.0032608223146060045,0.02686170592090953,0.1354380237059225,6.061514949798584,5.830391883850098,1.0396410859772025,0.017900626860563918,0.02094580869915517,78.96883103975435,1.0338322462225815,12.930000305175781,0.02213444229953576,15.36449999809265,0,0
2018-05-15,6.074428081512451,6.255998259899748,5.9739956552292846,6.2532767926755914,963528000,-0.03837705450769757,-0.01932904980991268,0.08109521683857479,6.107080507278442,5.835294761657715,1.04657618110512,0.0242061447986341,0.02245333045160885,72.50078041518088,1.8117033954490431,14.630000114440918,0.13147716698696743,15.333500003814697,0,1
2018-05-16,6.08555793762207,6.1476477595751575,5.998978220774952,6.03583644443793,553828000,0.0018322475729843912,-0.0381972912130939,0.08704853062840745,6.155812358856201,5.837199487686157,1.05458317329092,0.023971354520494884,0.022395977736571652,68.52609939282007,1.0256860433373967,13.420000076293945,-0.08270676887778083,15.224499988555909,0,1
2018-05-17,6.127612590789795,6.221365907329043,6.07121197705351,6.087291186305119,519784000,0.006910566557543518,-0.047745250966109265,0.063178818653155,6.192225360870362,5.840103626251221,1.0602937477061805,0.022822274087768882,0.02099430076659847,68.8536522513077,0.95839571640349,13.430000305175781,0.0007451735339034649,15.098000001907348,0,0
2018-05-18,6.083827972412109,6.2428870629615085,6.078880450858758,6.17956058000079,483716000,-0.007145461259005947,-0.03374845448518504,0.028779628881081987,6.209244585037231,5.842458591461182,1.062779391215902,0.022043985907845825,0.021112452286957427,68.4432180893756,0.8839454716699091,13.420000076293945,-0.0007446186637822816,14.925000047683715,0,0
2018-05-21,6.041775226593018,6.185002820135822,5.949011316922657,6.181292414731934,640624000,-0.006912218098503953,-0.04354622172887579,-0.017854241610014143,6.198261356353759,5.84191933631897,1.0609974221690166,0.01785163660623372,0.020457042674651597,65.13273152746082,1.1483194581769973,13.079999923706055,-0.025335331643439485,14.762000036239623,0,0
2018-05-22,6.00368070602417,6.080365410492757,5.943074740481439,6.055133802958922,518264000,-0.006305186661227258,-0.01164675497658807,-0.030750684079434376,6.179213905334473,5.838426485061645,1.0583697373161718,0.01763456404797252,0.020254303398255444,64.32449115467658,0.9204369670889403,13.220000267028809,0.010703390224721554,14.52200002670288,0,1
2018-05-23,6.127194404602051,6.128432286032591,5.946749816485776,5.9474924509214135,442956000,0.020572995904653224,0.006841848751874657,-0.031616782550430544,6.159209203720093,5.838418121337891,1.0549448627548266,0.017495688823854525,0.01962008423541857,63.24058293636645,0.796989921664122,12.579999923706055,-0.04841152272280502,14.259000015258788,0,1
2018-05-24,6.130905628204346,6.173232476048299,6.070262671888333,6.123480229863059,437372000,0.000605697054349541,0.0005374095319767846,-0.04723350018710837,6.128815174102783,5.83797441482544,1.0498187793592857,0.01611930459421881,0.018085249171684286,58.85347526417729,0.7826095669855757,12.529999732971191,-0.003974577983950622,14.07350001335144,0,1
2018-05-25,6.170262336730957,6.186598875093425,6.1078867204997245,6.14352986232995,292112000,0.006419395585793408,0.014207233457421031,-0.020020693199462203,6.116209506988525,5.838020963668823,1.0476511723837454,0.015280098555926396,0.01808821729404489,50.90696818262327,0.5278240952552352,13.220000267028809,0.0550678809866183,13.964000034332276,0,0
2018-05-29,6.1531829833984375,6.221252284671248,6.106401272598585,6.152192961725743,352684000,-0.0027680108884265975,0.01843957324248935,-0.025909622231389595,6.09984278678894,5.83716197013855,1.045001460982957,0.015171796745211566,0.017988164753003934,47.95741049333559,0.6358461121303379,17.020000457763672,0.28744327639782363,14.01850004196167,1,1
2018-05-30,6.262094497680664,6.270757778986238,6.162095209402943,6.186847644038906,390996000,0.017700028517935396,0.043042560773959515,0.03089449963847235,6.118609428405762,5.843171319961548,1.0471384618662911,0.009887917616475039,0.018178112146135416,46.67201263545381,0.6963057308506841,14.9399995803833,-0.12220921395049544,13.991000032424926,1,0
2018-05-31,6.242292881011963,6.316797575177459,6.219520961320823,6.23016428672442,493868000,-0.0031621395486821635,0.01878485793162743,0.025755229840295657,6.134282922744751,5.844539785385132,1.0495750132600945,0.010082775155942384,0.01816526375447823,39.19419898624619,0.8621843675269749,15.430000305175781,0.03279790753380385,13.964000034332276,1,1
2018-06-01,6.376698017120361,6.382886480200845,6.278431379761643,6.287094661538182,421968000,0.02153137295387686,0.040090714785313786,0.040649669449559944,6.159191465377807,5.84910096168518,1.053015071157754,0.011707769957140093,0.017693911699877645,54.531719374123924,0.7380270516171888,13.460000038146973,-0.12767337835813253,13.842000055313111,0,1
2018-06-04,6.555656433105469,6.577685714080431,6.378677190441144,6.410855019964954,642024000,0.028064433270108546,0.062459920720112416,0.07755453685293623,6.206374311447144,5.860561037063599,1.0590068548380502,0.01316886494512195,0.017823846616514264,61.42311743563145,1.0996958649555444,12.739999771118164,-0.05349184732453616,13.740500020980836,0,1
2018-06-05,6.561102390289307,6.598726050744188,6.514072814720706,6.558874487191297,391712000,0.0008307264481306476,0.0662940478109384,0.08595605500357872,6.258307027816772,5.876523323059082,1.0649676149943277,0.012429298175883063,0.01582620660477942,80.10480624472017,0.688392272809391,12.399999618530273,-0.026687610572700193,13.623000001907348,0,1
2018-06-06,6.563082695007324,6.566300620016918,6.454667515524764,6.471004055886703,371356000,0.00030182499833397713,0.04806509985407259,0.09317650560960766,6.3142472267150875,5.8868307113647464,1.072605538753679,0.011719094414611457,0.015816798267973588,79.87702423714452,0.6604686005477167,11.640000343322754,-0.061290266015153305,13.469500017166137,0,0
2018-06-07,6.50739049911499,6.5712513936413925,6.417044041454236,6.559370187191497,369448000,-0.00848567639330522,0.0424679878301466,0.062050600879805407,6.352266836166382,5.905404567718506,1.0756700516151965,0.012128792087280198,0.015388832149569124,73.36266676053363,0.6706313607763936,12.130000114440918,0.04209619902625272,13.405000019073487,0,0
2018-06-08,6.492042064666748,6.534615824418599,6.415804739201401,6.434616565177783,360456000,-0.0023586158615084285,0.018088365990785116,0.058904256297967805,6.388380479812622,5.925734548568726,1.0780740222924163,0.012312923663356349,0.014966412676346475,76.02238427143209,0.694233174490856,12.180000305175781,0.004122027226969083,13.352500057220459,0,0
2018-06-11,6.450954914093018,6.521003798296913,6.438083685971656,6.4794200484187074,265372000,-0.006328848483183602,-0.0159711723884306,0.0454911901704933,6.416449737548828,5.940176630020142,1.0801782736765306,0.012888984673023665,0.014150026653215823,76.11608881963382,0.5625143611036449,12.350000381469727,0.013957312974918867,13.337500095367432,0,1
2018-06-12,6.499467372894287,6.51159596303323,6.42719060677708,6.477438095180265,319160000,0.007520198086532481,-0.009394003283082708,0.056277278025070876,6.451078176498413,5.960803527832031,1.0822497581705561,0.012649889300537367,0.014212857688736506,81.22852502030362,0.6914789668286819,12.34000015258789,-0.0008097351071211234,13.308000087738037,0,0
2018-06-13,6.495013236999512,6.575953296705752,6.485854709811067,6.500953839484804,338208000,-0.0006853078320465666,-0.010371567930965497,0.03719502147486198,6.474370050430298,5.979213962554931,1.082812906675744,0.012009476497670498,0.01071148367113031,77.25615211421287,0.7859902755177025,12.9399995803833,0.04862231931736094,13.223500061035157,0,1
2018-06-14,6.606647491455078,6.6633303763700225,6.52521217052203,6.540063915400962,430016000,0.017187686981087413,0.015252963895986626,0.05836871441124192,6.51080551147461,5.999416742324829,1.0852397476478042,0.012429968750695285,0.011134637318831847,80.39233007975639,1.013938064365223,12.119999885559082,-0.06336937568895418,13.158500051498413,0,0
2018-06-15,6.565805435180664,6.6207556598374895,6.518528469865954,6.549468894664133,432260000,-0.006181963897307741,0.011362121467970221,0.0296560096702998,6.52971625328064,6.021207122802735,1.084453020815734,0.011582963647245235,0.011348143633350608,75.22104144268611,1.029855959303226,11.979999542236328,-0.011551183551541389,13.086000013351441,0,0
2018-06-18,6.561598300933838,6.579172251624388,6.494519479151794,6.521746733350019,356268000,-0.0006407643796880746,0.017151474210291617,0.0009063726705327291,6.530310440063476,6.046440868377686,1.080025519511219,0.00752283766410229,0.011117247508911625,76.47643606494742,0.8618910276415354,12.3100004196167,0.027545984139392576,13.030500030517578,0,0
2018-06-19,6.439816474914551,6.525707126637198,6.312342072456827,6.458380447015526,594932000,-0.018559780778100277,-0.009177813281824876,-0.01848560015680656,6.518181848526001,6.068665065765381,1.074071773263026,0.009545270407231774,0.011981895072316345,61.33212606507573,1.4472709863683115,13.350000381469727,0.0844841532414351,13.044000053405762,1,1
2018-06-20,6.492786884307861,6.545756596437088,6.4425393782994504,6.480905677364324,369780000,0.008225453256261117,-0.00034277877664168344,-0.010710791554239929,6.511152267456055,6.085764417648315,1.0698988361386685,0.010056450690733304,0.011810503719455885,65.32411069960864,0.9160965733954932,12.789999961853027,-0.041947595776401614,13.022500038146973,0,0
2018-06-21,6.364073753356934,6.543033051924125,6.356400494559876,6.524716469044076,359516000,-0.019824019060599274,-0.03671661586483688,-0.0220236891850194,6.496820592880249,6.10111572265625,1.0648577880197494,0.011522657712963347,0.012270508386775628,49.22228743551375,0.8999703110629591,14.640000343322754,0.14464428357994286,13.125500059127807,1,0
2018-06-22,6.211598873138428,6.398231896662383,6.19625282814724,6.384865423018621,434160000,-0.023958691575200253,-0.053947160868389354,-0.043197993595057826,6.468776273727417,6.1092815113067624,1.0588440329284743,0.013429790225785469,0.013574331421418197,28.089534164112365,1.087262480629318,13.770000457763672,-0.05942622029758937,13.187500095367431,1,0
2018-06-25,5.918779373168945,6.108877246899996,5.8301660500099235,6.105164547183315,665816000,-0.04714076133211975,-0.0979668212352176,-0.08249562243280606,6.41555871963501,6.1131245803833005,1.0494729226069113,0.01910752765621554,0.017195486670739942,20.055369986124163,1.5928612440191388,17.329999923706055,0.2585329954680733,13.393000078201293,1,1
2018-06-26,5.989818572998047,6.080412416340128,5.938333660787194,6.032145429170807,478884000,0.012002339561960618,-0.06987744195341761,-0.07841393312038236,6.364593839645385,6.118393363952637,1.0402393996344321,0.019569603016355568,0.017472845651532766,24.891564956600917,1.1286182272395182,15.920000076293945,-0.08136179189956849,13.338000059127808,1,0
2018-06-27,5.834622383117676,6.099719763619654,5.829176554205577,6.033383571629185,453892000,-0.025909998439684223,-0.10136856682927253,-0.1016765986125866,6.298554754257202,6.117565088272094,1.0295852456612322,0.020145303003699242,0.01770987102977397,22.895876837250043,1.0618479427532455,17.90999984741211,0.1249999850239587,13.486500072479249,1,1
2018-06-28,5.961848258972168,5.973729464341513,5.817046835717521,5.824720094513832,338012000,0.021805331605112332,-0.06320251932539267,-0.09759855256646921,6.234074831008911,6.1198601722717285,1.0186629523423876,0.020889149307801273,0.018584327380375833,30.40612767013269,0.8054386625427129,16.850000381469727,-0.05918478363893154,13.557500076293945,1,0
2018-06-29,5.863829612731934,6.039571004149717,5.862591731320017,6.026947635274118,392300000,-0.016440983061372427,-0.05598707635652311,-0.10691389341015634,6.163877248764038,6.1238213157653805,1.006541002902148,0.02093168242496546,0.01796926720992337,29.178325007195397,0.938115915065955,16.09000015258789,-0.045103870129143964,13.68900008201599,1,1
2018-07-02,5.996007442474365,5.999720142627472,5.773731238025654,5.794275726817951,357572000,0.02254121256447128,0.013047972299070842,-0.08619711730585189,6.107318162918091,6.130589294433594,0.996204095495904,0.023355288332694474,0.017486025370942397,33.145585292438696,0.8851756131855945,15.600000381469727,-0.03045368343513366,13.832000112533569,1,0
2018-07-03,5.8623433113098145,6.036599875299141,5.853927418799475,6.0306592730632165,222732000,-0.022292189001918872,-0.021281990453415056,-0.08967230135427096,6.049570846557617,6.137073564529419,0.9857419473545921,0.023558840442962872,0.01788838042297979,30.506422659949422,0.5631556457913514,16.139999389648438,0.03461532019064184,14.019000101089478,1,1
2018-07-05,6.00813627243042,6.013086382124095,5.878681343643111,5.917542419390895,306216000,0.024869400063851188,0.029738666518471124,-0.07464446631519239,6.001105785369873,6.147799634933472,0.9761388044057187,0.025432244990598735,0.01910695986007085,31.93908405641615,0.7806653919694073,14.970000267028809,-0.0724906547003974,14.18550009727478,1,1
2018-07-06,6.121995449066162,6.130411341829184,5.962342762423046,5.983629881731467,296352000,0.018950831251649314,0.02686200371721692,-0.03803826191723181,5.976897954940796,6.163048982620239,0.9697956274233114,0.026275367498893202,0.019759338936812514,37.17268351898001,0.7626239335946506,13.369999885559082,-0.10688045109749944,14.247500085830689,0,1
2018-07-09,6.169519424438477,6.205905671047215,6.090807273391409,6.196252369748297,303880000,0.007762824354853759,0.0521314280760834,-0.006774334524709991,5.972690010070801,6.1750138568878175,0.9672350780895272,0.025440258209604764,0.019901981611961047,38.9446731478053,0.7877306058796204,12.6899995803833,-0.050860157890520896,14.273000049591065,0,1
2018-07-10,6.268529891967773,6.290559174779788,6.141550275047445,6.181896613099179,360016000,0.016048327384642125,0.0454506523062197,0.059091663457556676,6.007665061950684,6.188409786224366,0.9707930259117574,0.01974715945212564,0.020291997707933246,45.107457404394836,0.9219392848015332,12.640000343322754,-0.00394005033206124,14.287500047683716,0,0
2018-07-11,6.126945495605469,6.210360837420715,6.116301700822524,6.175707719786286,367508000,-0.022586539236851166,0.04513590730607264,0.022893334904263485,6.021377754211426,6.19968150138855,0.9712398536703556,0.02151611806751066,0.02072043158448164,40.05379487475995,0.9353347789349378,13.630000114440918,0.07832276457501397,14.352000045776368,0,1
2018-07-12,6.218529224395752,6.266548817062336,6.16234159872692,6.172242759822992,345508000,0.014947697650643521,0.035018005988107115,0.0657980613088005,6.059768438339233,6.2116766357421875,0.9755447351317567,0.019291418683593516,0.02109358332847246,45.96151846238972,0.8785270582611415,12.579999923706055,-0.07703596345699171,14.334000062942504,0,0
2018-07-13,6.171253204345703,6.237094613728223,6.12917420751609,6.237094613728223,246988000,-0.007602443977360651,0.00804602938524801,0.035124165573720445,6.080708932876587,6.223136911392212,0.9771131536163229,0.01894769775414011,0.02063254333366038,48.81110525015674,0.642980910609336,12.180000305175781,-0.03179647225406612,14.33700008392334,0,0
2018-07-16,6.14353084564209,6.196501028128122,6.131154864219169,6.14353084564209,197036000,-0.004492176513530732,-0.004212415426304017,0.04769941341795647,6.1086790561676025,6.23073787689209,0.9804102141453958,0.017889253974879487,0.020623144004255706,57.84924927725449,0.5291426447571813,12.829999923706055,0.05336614139936113,14.379500102996825,0,1
2018-07-17,6.279420852661133,6.294519983644975,6.068778485957057,6.094273554163843,362136000,0.022119203180274827,0.0017374026894749761,0.04726702108125003,6.137020397186279,6.238053579330444,0.9838037328696672,0.0178432291507779,0.021380879463210663,59.675820040644375,0.9717550873204606,12.0600004196167,-0.06001555016899285,14.367000102996826,0,0
2018-07-18,6.230164527893066,6.285857392062557,6.179174858000323,6.2719961409116545,277640000,-0.00784408720546137,0.01684673584278351,0.06274303585626595,6.173802518844605,6.239624719619751,0.9894509359564243,0.01588582087379492,0.02107553522681205,64.22213992531556,0.7781451199729146,12.100000381469727,0.0033167463069041503,14.304500102996826,0,1
2018-07-19,6.238332271575928,6.271995848071747,6.196253745183028,6.2113524050045354,235752000,0.0013109996768614351,0.0031845226524764847,0.038314044273897396,6.1968221187591555,6.240508260726929,0.9929995859082983,0.014498678257028877,0.020965044494985197,60.872118554541814,0.6733928256208729,12.869999885559082,0.06363632064578728,14.30850009918213,0,0
2018-07-20,6.2101149559021,6.274718486063104,6.199223771098906,6.2358574129907876,222352000,-0.004523214610160475,0.006297222017892734,0.01439391903654208,6.205634069442749,6.238165731430054,0.9947850596813421,0.013660225201952784,0.020547206494902766,64.40782746469233,0.6478078159269264,12.859999656677246,-0.0007770185680464614,14.219500064849854,0,0
2018-07-23,6.17348051071167,6.185361715839446,6.021748466095487,6.183629059763035,301584000,-0.005899157334537275,0.004874992218981911,0.0006420413002514724,6.206030178070068,6.232938423156738,0.9956828957291316,0.013649010988307552,0.019871880310156374,58.02186708186879,0.8959480560223024,12.619999885559082,-0.01866250214039078,14.162000036239624,0,0
2018-07-24,6.156155109405518,6.308134570052797,6.138580685810959,6.221501277802293,354620000,-0.0028064235848952457,-0.019630113373174662,-0.017926816095468867,6.194792699813843,6.230135145187378,0.9943271783757635,0.012458875942080436,0.016544694031881437,64.84131350278005,1.1045665926385069,12.40999984741211,-0.016640256739405612,13.916000032424927,0,1
2018-07-25,6.234371185302734,6.246995024466289,6.107638963091439,6.165559718689685,319112000,0.012705345220707098,0.0006752080769030222,0.017533318971796996,6.205535268783569,6.228485565185547,0.996315268589485,0.010782609445683248,0.016567574806003446,62.265146951996634,1.0193304550815114,12.289999961853027,-0.00966961217039064,13.73450002670288,0,1
2018-07-26,6.307886123657227,6.344767151704547,6.197490899059358,6.214322686613513,325124000,0.01179187702647555,0.011149430497348067,0.014369458763805465,6.214470958709716,6.233154726028443,0.9970025182848893,0.010393954174486212,0.015305664254991996,60.53893779328445,1.0603413975513825,12.140000343322754,-0.01220501375068006,13.446000051498412,0,0
2018-07-27,6.2380852699279785,6.3514510438312675,6.1841250613346,6.344520418150784,295420000,-0.01106564899253104,0.004503992957376024,0.010829577618888475,6.2211541652679445,6.23620527267456,0.9975864958338422,0.010780558281903696,0.015058002282715612,53.79151955575361,0.9702048392669242,13.029999732971191,0.0733113150312188,13.255000019073487,0,0
2018-07-30,6.042788982391357,6.258134554954722,6.0078879968154,6.252193951620231,340340000,-0.03130708848724595,-0.021169829254915173,-0.016398039788828256,6.2110799789428714,6.234508800506592,0.9962420741852483,0.01488704960988717,0.01634739539067738,38.71843619990935,1.1273478408344109,14.260000228881836,0.09439758412260324,13.163500022888183,1,1
2018-07-31,6.060856819152832,6.135608882873556,5.993530625961449,6.032391690293681,283988000,0.0029899830714135156,-0.015480163926845592,-0.034806399927100995,6.189223575592041,6.234049377441406,0.9928095208851614,0.012553601360356312,0.015598623097294314,46.23198476677661,0.952292170218017,12.829999923706055,-0.10028052470009752,13.025,0,1
2018-08-01,6.100708484649658,6.147490670835771,6.036847597216381,6.092293063786336,283556000,0.006575252754840166,-0.02143964430096501,-0.020778912445059916,6.1762779712677,6.2352280426025395,0.9905456430892247,0.012819981123254907,0.014671666486267661,42.86140220310543,0.9412447337218396,13.149999618530273,0.024941519620195196,12.875500011444093,1,1
2018-08-02,6.20343017578125,6.207390262278958,5.970510710583737,6.029421010200333,269668000,0.016837665885864883,-0.016559580472485513,-0.005594779866680777,6.172787761688232,6.239223031997681,0.9893519962391571,0.01414081050050157,0.014114907620737058,51.82681926617525,0.9006074895885168,12.1899995803833,-0.0730038073000544,12.736499977111816,0,1
2018-08-03,6.240063667297363,6.263826075996751,6.2111037628224945,6.2279350755567755,214288000,0.005905360498637213,0.00031714817668837547,0.004822569567218826,6.175782632827759,6.241480417251587,0.989474006160103,0.014193139141885637,0.013566315075056581,55.425666831402424,0.7255986439383216,11.640000343322754,-0.04511888892478966,12.65,0,1
2018-08-06,6.28783655166626,6.291301863966667,6.180906645188888,6.227440973826758,207508000,0.007655832843383115,0.04055206461601912,0.01852375507724857,6.187218236923218,6.2446190357208256,0.9908079582646658,0.01415359552186693,0.013563546770828284,50.52501191383486,0.7142955493013599,11.270000457763672,-0.031786930811503855,12.57900004386902,0,1
2018-08-07,6.360114097595215,6.378678542637714,6.30986706321565,6.336599543039704,258132000,0.011494819455795557,0.04937540802757523,0.033130904690507945,6.207614135742188,6.24841607093811,0.9934700354885624,0.014343287012723699,0.013334610666185614,57.88052499048637,0.9044157063623591,10.930000305175781,-0.030168601488713476,12.49350004196167,0,1
2018-08-08,6.396498203277588,6.441547728880135,6.326449332879807,6.361350310444161,262100000,0.0057206687056337024,0.04848448657597437,0.026005352128705583,6.223826837539673,6.253282375335694,0.9952895877671861,0.014003588665728667,0.012172134192281116,59.27426029149928,0.9355949434323805,10.850000381469727,-0.007319297481462206,12.35450005531311,0,0
2018-08-09,6.347984790802002,6.417043649922473,6.340311531776017,6.4143209719674585,204280000,-0.007584370531164564,0.02330236835502819,0.00635691043856812,6.22783670425415,6.25500018119812,0.9956573179604981,0.013939996662948121,0.011973788848139749,57.89622882661254,0.7480558896035319,11.270000457763672,0.03870968309008038,12.289000082015992,0,0
2018-08-10,6.306647777557373,6.3390734664687445,6.254915485426212,6.266054055626351,256396000,-0.006511832432951725,0.010670421619087156,0.010990953900536615,6.23469295501709,6.256287279129029,0.9965483803494802,0.01358191300023084,0.011934493745227308,57.58603529747955,0.9372856894275157,13.15999984741211,0.16770180238515042,12.338000059127808,1,1
2018-08-13,6.339569568634033,6.460361210142722,6.313579723429743,6.315312379776696,375208000,0.00522017278241127,0.008227474830601933,0.049113180537578405,6.264371013641357,6.255544710159302,1.0014109568216691,0.007362641752980477,0.011890189308040892,60.26600747515487,1.3283570570296275,14.779999732971191,0.12310029668257583,12.435500049591065,1,1
2018-08-14,6.471004486083984,6.48511359631066,6.361846664948977,6.44501464107885,466220000,0.0207324670905491,0.017435282887566128,0.06767156512179118,6.305385780334473,6.253851671218872,1.008240379181484,0.00885617836859205,0.011767890720596072,62.50006297184806,1.6207080194838153,13.3100004196167,-0.0994586833499882,12.498000049591065,1,0
2018-08-15,6.412835121154785,6.525705612760852,6.334122500251177,6.491794657323936,591136000,-0.008989232669254554,0.0025540408764324063,0.0511623588129948,6.336598443984985,6.2508863258361815,1.0137119943766275,0.010136998286876631,0.011818781705739637,55.63525177793072,1.948762309652033,14.640000343322754,0.09992485963755926,12.625000047683717,1,0
2018-08-16,6.3722429275512695,6.485113926660515,6.312094727696344,6.4826386357558246,801260000,-0.006329835842747489,0.0038213917563911792,0.02721280758975575,6.353479719161987,6.24706953048706,1.0170336168271574,0.009784462802581894,0.011948427745294475,57.43688996007035,2.4162386095183987,13.449999809265137,-0.08128418757861378,12.654000043869019,1,0
2018-08-17,6.059866905212402,6.261598573101792,6.032886572288912,6.260855938824325,1143188000,-0.049021361220908055,-0.039130276661899055,-0.028877391592865953,6.335460042953491,6.2381190586090085,1.0156042203475013,0.01893908877323312,0.0163783968430794,50.83793027128681,3.0270584584294085,12.640000343322754,-0.060223009474275835,12.643000078201293,0,1
2018-08-20,6.13461971282959,6.267292074334021,5.9088782218015945,6.019273912852223,854388000,0.012335717728864326,-0.032328670517074776,-0.02436717900945884,6.320138359069825,6.230970611572266,1.0143104105373173,0.01927985304303386,0.016602850210862535,53.4284756833813,2.1080561741697315,12.489999771118164,-0.011867133554614995,12.636500072479247,0,1
2018-08-21,6.270261764526367,6.274717098015095,6.1311535720442585,6.150955421415639,673988000,0.02211091445702884,-0.031021879522617923,-0.014127471880232667,6.31115312576294,6.227356748580933,1.0134561709831547,0.020384082694572203,0.01731520066195335,57.23640803866701,1.5999145431023227,12.859999656677246,0.029623690339424025,12.659000062942505,1,1
2018-08-22,6.505410194396973,6.5103607759306446,6.234124841517208,6.237590154168091,749856000,0.037502171153514396,0.014435904166130609,0.01702681493189173,6.322044324874878,6.227475605010986,1.015185723054105,0.02378273519840387,0.01899863642825069,61.57937887671809,1.6934333207919925,12.25,-0.04743387814637445,12.657000064849854,0,1
2018-08-23,6.60491418838501,6.670260348690982,6.452934746554991,6.466795996060694,720684000,0.015295575684641571,0.03651324399886802,0.04047416716487562,6.347737264633179,6.229673624038696,1.0189518179795014,0.0238643817421254,0.019106582964563797,63.34662855671646,1.5579655160337602,12.40999984741211,0.013061212033641523,12.670500040054321,0,1
2018-08-24,6.738081455230713,6.752685338372689,6.608874409986806,6.613329743941186,531512000,0.02016184662624121,0.11191905047203976,0.06840935040143292,6.3908806324005125,6.232302303314209,1.0254445823338791,0.024019963769788794,0.019217147407110516,65.50194252031176,1.120423757253605,11.989999771118164,-0.03384368101999047,12.61850004196167,0,1
2018-08-27,6.829170227050781,6.903427053674237,6.736348957714767,6.7677841556592515,505776000,0.013518502622041906,0.11321818576115628,0.07722932182006814,6.439840698242188,6.237569599151612,1.0324278704830945,0.02409862575133964,0.01740637910203293,65.94309586648592,1.0479003084180347,12.15999984741211,0.014178488702180525,12.513500022888184,0,0
2018-08-28,6.791547775268555,6.846003231787956,6.671498761156393,6.823230838380294,475384000,-0.005509080976368375,0.08313624379947449,0.04953532173774633,6.471895027160644,6.242168588638306,1.03680234445133,0.02395395835836443,0.017593692677812852,63.4163380646624,0.9657832249550207,12.5,0.027960539214994196,12.497000026702882,1,1
2018-08-29,6.897049427032471,6.922062921635552,6.763065939614986,6.783869185933791,420108000,0.015534257470454671,0.06020208118049375,0.07550705682114756,6.520316457748413,6.251313247680664,1.0430314718539426,0.023603171314143467,0.01772651812166765,67.95198635023422,0.8418087020643057,12.25,-0.020000000000000018,12.452000045776368,0,0
2018-08-30,6.8802080154418945,6.977042775347515,6.843306818794787,6.865843667602804,346608000,-0.002441828461395068,0.041680151960338696,0.07971527351764451,6.571112966537475,6.259061670303344,1.0498559229276627,0.023379919309689762,0.017647582811943355,69.05815698936249,0.6892171620259255,13.529999732971191,0.10448977412009719,12.519000053405762,1,1
2018-08-31,6.951286792755127,6.964165060576474,6.850241776811747,6.860148354691998,306592000,0.010330905279855473,0.031641846264548246,0.14710222212569857,6.660254955291748,6.270805931091308,1.062105099165884,0.012144531906412015,0.017682754451910778,69.82336023497577,0.6041028838094232,12.859999656677246,-0.04951959272114581,12.580000019073486,1,1
2018-09-04,7.0260796546936035,7.063723421933758,6.909679728124105,6.938160430564915,391720000,0.010759570733929191,0.028833580229535194,0.14531625163327822,6.749400949478149,6.287095546722412,1.0735324283399423,0.012177041386290801,0.017715692553463887,68.6733285187993,0.7580795112620441,13.15999984741211,0.023328164754584213,12.674499988555908,1,0
2018-09-05,6.895315647125244,7.043911012372252,6.814331307691543,7.008495893087813,393156000,-0.0186112332901045,0.015278972524431111,0.09968545270870233,6.811906337738037,6.306626272201538,1.080118916791325,0.015434833091715582,0.018462195433836752,65.4753023146691,0.7510458892255262,13.90999984741211,0.05699088211976577,12.823499965667725,1,0
2018-09-06,6.754150867462158,6.8814474799297205,6.721212389528911,6.878970835159837,322796000,-0.020472562372389702,-0.020718795926013223,0.03823597062018047,6.836780405044555,6.3219129180908205,1.0814417239883813,0.014682176526773104,0.019261231709730743,61.50709647312771,0.6130829108048276,14.649999618530273,0.053199121440381525,13.013499927520751,1,0
2018-09-07,6.732851505279541,6.858414493738516,6.617194621957892,6.6620207987311355,295420000,-0.0031535218268851084,-0.0214174498549502,0.019370019540831285,6.849574136734009,6.339877500534057,1.0803953445720387,0.014237475272567437,0.01915948815602446,74.59076404766111,0.5562733938175358,14.880000114440918,0.015699692962430234,13.193999910354615,1,1
2018-09-10,6.803930759429932,6.833650026125049,6.711554218451937,6.755389841594911,220140000,0.010557080323939205,-0.021198382072046718,0.009772708245920692,6.85615906715393,6.356719150543213,1.0785688190374179,0.01316021610341025,0.019087746350815123,74.52236621379726,0.41594159359252686,14.15999984741211,-0.04838711434753651,13.243999910354614,1,0
2018-09-11,6.756131649017334,6.8452884880842015,6.736814011098898,6.757617257802112,243112000,-0.007025219994537757,-0.0384208575682653,-0.010695088217912097,6.848855209350586,6.374565191268921,1.074403508921877,0.012588850579007979,0.019241530517122674,69.02608268947883,0.46515062980697297,13.220000267028809,-0.06638415187236713,13.165999937057496,1,0
2018-09-12,6.642208099365234,6.735823178153974,6.48667832841631,6.716258018283195,419092000,-0.01686224537508374,-0.03670717349473829,-0.02198904886558284,6.833921241760254,6.387489204406738,1.0698916308219388,0.013518013438121874,0.019291778947688295,55.9187728953599,0.8054879551209139,13.140000343322754,-0.006051431323006673,13.157499933242798,0,1
2018-09-13,6.719974040985107,6.810616968640093,6.690750295161723,6.70808633550243,305536000,0.011707844809515144,-0.005060121863977973,-0.025674078157730706,6.816213703155517,6.404641819000244,1.064261499048126,0.013006669679518064,0.019255457664119905,55.07368148370563,0.6038072328966803,12.369999885559082,-0.05859972889231746,13.043999910354614,0,1
2018-09-14,6.846031665802002,6.912156610127286,6.773467823622677,6.810369023935188,386936000,0.018758647585253918,0.016810137641341205,-0.004967342493597204,6.8127960681915285,6.4213997268676755,1.0609518731073877,0.014645580870760525,0.01946469705168056,54.790209849396625,0.797313659438417,12.069999694824219,-0.024252238763970202,12.974999904632568,0,0
2018-09-17,6.784116268157959,6.8695588419502664,6.764799104222408,6.820522419223566,205528000,-0.009043983531850874,-0.0029122123626127427,-0.024048860244321846,6.796079015731811,6.434642143249512,1.0561704698467929,0.014346595602377605,0.015382271512959778,47.947626406099104,0.46879611766525264,13.680000305175781,0.1333886206345103,13.026999902725219,1,0
2018-09-18,6.712047576904297,6.890857232948218,6.705361156903817,6.788079092553697,299520000,-0.010623150961006522,-0.006525046343560992,-0.04469520603563393,6.764675807952881,6.445492706298828,1.0495203572788365,0.013758934431718408,0.015719691025899863,46.48866974490393,0.7293390462294593,12.789999961853027,-0.06505850317752004,13.041999912261963,0,1
2018-09-19,6.735823154449463,6.75365471043495,6.64344663435712,6.693473622309091,224860000,0.0035422242278162486,0.014093965995009228,-0.023130557154736775,6.748726558685303,6.4548385715484615,1.0455298740439825,0.01299239518745983,0.015171354912517325,42.324943909594346,0.5792124400592659,11.75,-0.08131352345229803,12.986499929428101,0,0
2018-09-20,6.594658851623535,6.656078036168585,6.540669129054632,6.613728496840794,430584000,-0.02095724599489812,-0.018648165691902308,-0.023613925564939464,6.73277735710144,6.464192838668823,1.041549583240454,0.013068561253210072,0.013893039245336523,37.845343340025934,1.15669657104358,11.800000190734863,0.004255335381690539,12.963999938964843,0,0
2018-09-21,6.524570941925049,6.65211554564563,6.491384942236943,6.606546322485214,435128000,-0.010627981109474938,-0.04695577519495664,-0.030934970597698452,6.711949300765991,6.470313673019409,1.037345272572206,0.013333236696604942,0.013674421803983032,31.82112182794738,1.2155248656751274,11.680000305175781,-0.010169481662661628,12.927499961853027,0,1
2018-09-24,6.58029317855835,6.583760386082952,6.406436812150973,6.493612518071677,293912000,0.008540367961247242,-0.03004416220816808,-0.032868879590173816,6.689585542678833,6.478494472503662,1.0325833526710708,0.013117944577636063,0.012978400125032746,30.694993610991574,0.8492224976119301,12.199999809265137,0.04452050432386789,12.937999963760376,0,1
2018-09-25,6.647408962249756,6.6724224565072445,6.560728298080709,6.646418398968016,280388000,0.010199512676745348,-0.009630237854236667,-0.016092446449499143,6.678713274002075,6.488572034835816,1.0293040191501968,0.013686996244653108,0.012801603527437314,38.63792722126208,0.8374140598400364,12.420000076293945,0.01803280905477811,12.950999975204468,0,0
2018-09-26,6.610508918762207,6.692731826342434,6.59465895874206,6.652363413236343,268548000,-0.005551041570798776,-0.01860414574638547,-0.004772385948891955,6.675543355941772,6.495193796157837,1.0277666172009554,0.012712420958316255,0.01280233826476362,42.720907091460646,0.8276150271723554,12.890000343322754,0.03784221128354881,12.970499992370605,0,1
2018-09-27,6.622396469116211,6.666975130134879,6.59094407258687,6.645676363057031,214428000,0.0017982806619114555,0.004206073144457978,-0.014520528096354401,6.665785598754883,6.5030384349823,1.0250263266009785,0.012031231510067257,0.012207936290187928,44.348755702086734,0.6824565993274352,12.40999984741211,-0.03723820660402799,12.97849998474121,0,1
2018-09-28,6.9597063064575195,6.981995632681032,6.726411894005894,6.754397549329762,709396000,0.05093470904594222,0.066691797576514,0.016604457327207056,6.677153062820435,6.5174659156799315,1.0245014165331225,0.019808938229228752,0.016993304354996082,56.263625016536956,2.134551525006349,12.119999885559082,-0.023368248623588994,12.907999992370605,0,1
2018-10-01,7.166254043579102,7.233121549404895,6.998836575370029,7.037471375725969,622060000,0.029677651329904187,0.08904783557822071,0.05632830575365433,6.715366840362549,6.536588697433472,1.0273503735976646,0.021185796763812437,0.0180853557931565,64.62380747539288,1.7869484908635989,12.0,-0.009900980750178201,12.865000009536743,0,0
2018-10-02,7.094928741455078,7.250458043535909,7.072639413985583,7.138764355828868,383964000,-0.009952940781931985,0.06732243822318762,0.05704386927593452,6.753654956817627,6.55501766204834,1.0303030907024613,0.02112942965365656,0.01813088346536059,66.64850002454952,1.104216778076481,12.050000190734863,0.004166682561238533,12.809500026702882,0,1
2018-10-03,7.1011199951171875,7.172693270054652,6.997103292825695,7.165263336901111,320552000,0.0008726308448927522,0.07421683903375564,0.054231952397150174,6.7901846408844,6.573916959762573,1.0328978419480428,0.02117737849838255,0.017556291851675173,64.7952431387081,0.9315799415858993,11.609999656677246,-0.03651456656373575,12.694500017166138,0,0
2018-10-04,6.916862964630127,7.089233280992622,6.839840872342374,7.0649628239554145,391220000,-0.025947601309900148,0.04446524711819522,0.048858344344418825,6.822405052185059,6.5875667953491215,1.0356487097788116,0.021915853493030747,0.01795695510775196,52.630652456496406,1.1257604681450821,14.220000267028809,0.22480626076939414,12.673000049591064,1,0
2018-10-05,6.683318614959717,6.954257236111981,6.625861701719933,6.892095029882668,426636000,-0.03376448989442982,-0.03971255097953752,0.02433074518580214,6.838279819488525,6.595075445175171,1.0368766629487578,0.024782168212431382,0.01959055779875868,46.679695230866955,1.2049243526125673,14.819999694824219,0.042194051795244825,12.670000028610229,1,0
2018-10-08,6.582027912139893,6.715515897122206,6.441109993027381,6.600106993388864,408612000,-0.015155749509397687,-0.08152461912268805,0.000263625576318649,6.83845329284668,6.601954298019409,1.0358225737639868,0.025287361248427447,0.019691716883576797,45.798008657608385,1.1241026837369732,15.6899995803833,0.05870444692808752,12.746500015258789,1,0
2018-10-09,6.576332092285156,6.656077879498464,6.508473538428222,6.561472223939249,273500000,-0.0008653594197360892,-0.07309398981554316,-0.010692417206198845,6.8313456058502195,6.612625160217285,1.0330761899145282,0.025047545626070176,0.019648446615285028,44.78460090019768,0.7492740123828832,15.949999809265137,0.016571079403144617,12.882999992370605,1,0
2018-10-10,6.084728717803955,6.516150462653945,6.082499596022799,6.470333247557232,684940000,-0.074753429051722,-0.14313112269784412,-0.07953702315807509,6.7787675857543945,6.6131025981903075,1.025051023344084,0.03434254569846386,0.025480990058615472,36.43426842160945,1.8105142733888713,22.959999084472656,0.439498392415999,13.3739999294281,1,0
2018-10-11,5.823200702667236,6.1310405572503575,5.801654416415952,5.9975521192102565,725436000,-0.04298104767949407,-0.15811535772147156,-0.12068074905754334,6.698848009109497,6.607552442550659,1.013816850846453,0.03585047711749851,0.026609213660452578,33.066208123725545,1.816735677826156,24.979999542236328,0.0879791175222544,14.004499912261963,1,1
2018-10-12,6.105781078338623,6.180079016234955,5.935144335962945,6.080272530624319,608236000,0.048526641979204754,-0.0864147843151385,-0.12269558376717526,6.613455486297608,6.605599460601806,1.001189297919539,0.035384389323545665,0.028851838637298205,39.674540569122364,1.4821562073862666,21.309999465942383,-0.14691753977371724,14.46649990081787,1,0
2018-10-15,5.8293938636779785,6.09240762254551,5.828403300108067,6.09240762254551,449760000,-0.04526647960589003,-0.11434683330250783,-0.18654937039232344,6.479769468307495,6.597386064529419,0.9821722429047642,0.03335225791498836,0.030204011354456852,33.68569527672186,1.0643091077750222,21.299999237060547,-0.0004692740090311842,14.84749984741211,1,1
2018-10-16,6.088196277618408,6.099340942425173,5.8927935955533615,5.942077548983793,408712000,0.0443961104692181,-0.07422615035505753,-0.14189465469250118,6.379096221923828,6.593393259048462,0.9674982169718843,0.039092696769438495,0.03230072103085582,40.430157128441685,0.9548373109655185,17.6200008392334,-0.1727698840206624,15.088999891281128,1,0
2018-10-17,6.019595146179199,6.188498735256255,5.970558711744901,6.1503589713373295,329668000,-0.011267890900857225,-0.010704433121919599,-0.15230341828917937,6.270943737030029,6.586582880020142,0.952078467888474,0.038749464017496786,0.03227961842649339,39.18029593482464,0.7608589285549432,17.399999618530273,-0.012485880262460669,15.371499872207641,1,0
2018-10-18,5.9321699142456055,6.1273250388130425,5.871741306766248,6.088938234268209,524020000,-0.014523440498998452,0.018712941068381506,-0.1423612200241381,6.172474431991577,6.577296314239502,0.9384516277043036,0.03858207650222125,0.03214512679252032,29.73924371878006,1.1965134381140745,20.059999465942383,0.1528735578005025,15.784499835968017,1,0
2018-10-19,5.675595760345459,6.006963018891538,5.639190081324528,5.987398332065419,613608000,-0.043251315725802986,-0.07045541143283462,-0.15078180656517026,6.071702146530152,6.563848533630371,0.9250216721823074,0.03921800070687846,0.0332653918507902,21.17614256322669,1.3730940624302106,19.889999389648438,-0.008474580300092738,16.194999790191652,1,1
2018-10-22,5.7263665199279785,5.827906586779276,5.623588366961172,5.727852601163914,368844000,0.008945450262199284,-0.01767376611691085,-0.12999966023142084,5.98613600730896,6.552242908477783,0.9136010509567111,0.03997571935711903,0.03327509991643838,23.324992755203198,0.8185139618983708,19.639999389648438,-0.0125691306018898,16.566999769210817,1,0
2018-10-23,5.474745273590088,5.552262404557416,5.367013363002802,5.459142365929109,626436000,-0.043940821018396026,-0.1007607140202601,-0.16750778446656678,5.875977325439453,6.534946422576905,0.8991622800669263,0.04082223299760302,0.03404718391772755,21.067968099358936,1.3387421334185885,20.709999084472656,0.054480637885772065,16.98149971961975,1,0
2018-10-24,4.938563346862793,5.4829172919328055,4.924694516717264,5.436357512909501,884288000,-0.097937328575598,-0.1795854659764895,-0.18836753848819499,5.761360788345337,6.504297599792481,0.8857775493743019,0.04489574295312143,0.03938812974812644,18.7235910860921,1.7731301073677634,25.229999542236328,0.21825208390050332,17.59849967956543,1,1
2018-10-25,5.147340297698975,5.19464312196533,4.79665536662568,4.840986500866575,951720000,0.042274835042625636,-0.13230059622229107,-0.11606338841432917,5.693774747848511,6.478987703323364,0.8788062284680549,0.047978911435272595,0.041224664210612674,25.52490484803191,1.7769881048671683,24.219999313354492,-0.04003171808192241,18.18899965286255,1,0
2018-10-26,4.910825252532959,5.07304142425203,4.782785635349736,4.911320297924917,664784000,-0.04594898170454076,-0.1347471772313027,-0.19570892085289282,5.574279165267944,6.449759349822998,0.864261573638545,0.044051236846841875,0.03911571525309507,24.47036120622741,1.2464315164269304,24.15999984741211,-0.0024772695145908186,18.7909996509552,1,0
2018-10-29,4.597043037414551,5.055459466934435,4.35904280426076,5.0519922586061154,758016000,-0.06389602540969308,-0.19721466982306113,-0.21140290999069544,5.451044082641602,6.420502872467041,0.8490057852037172,0.045575420827618035,0.0388917999070415,22.36517564874299,1.4033497510680415,24.700000762939453,0.022351031412989997,19.425999689102174,1,1
2018-10-30,5.027472496032715,5.037379072889265,4.597041840367508,4.620074206424561,807192000,0.09363180964697793,-0.08169745900599168,-0.1742262787231671,5.344971704483032,6.398359928131104,0.8353659007182868,0.05524152454168669,0.04660401897152628,34.98205413899491,1.4380528372073136,23.350000381469727,-0.05465588420123868,19.990999698638916,1,1
2018-10-31,5.221388816833496,5.2649768987474665,5.0524852946490615,5.192165080440219,745772000,0.03857133399611934,0.05726877435932187,-0.13260133114638883,5.265151071548462,6.377382469177246,0.8255975075974588,0.058052181976552084,0.048063694614543954,41.28406204692648,1.2801414422301183,21.229999542236328,-0.09079232567875262,20.47199969291687,1,1
2018-11-01,5.401686191558838,5.411097252238637,5.131242548855407,5.257796113970379,566528000,0.034530539871704624,0.049413071440713496,-0.08942490359435862,5.212102699279785,6.355307989120483,0.8201180349091299,0.05991493238432243,0.049172584024748674,39.49137657405812,0.9580485118935886,19.34000015258789,-0.08902493784271404,20.727999687194824,0,0
2018-11-02,5.3226823806762695,5.498024833610456,5.2060349347782315,5.3922745284325195,452960000,-0.014625768339898593,0.08386719277597554,-0.06218085194420342,5.176811361312867,6.329663352966309,0.8178651963989247,0.058699268886178026,0.0488944340094879,41.96384372097469,0.764293895435362,19.510000228881836,0.008790076264358015,20.962499713897706,0,0
2018-11-05,5.244669437408447,5.332836176667664,5.083938864720117,5.30955581546362,379332000,-0.01465669707270989,0.14087890731563202,-0.08411914969871503,5.128641653060913,6.299795112609863,0.814096579553082,0.05855774366224426,0.048891886635974775,35.80833123681117,0.6416440398952887,19.959999084472656,0.02306503589501041,21.175999689102174,0,0
2018-11-06,5.227087497711182,5.320950122638192,5.189938295251456,5.236746082507149,299012000,-0.0033523446819849756,0.039704842112211924,-0.045236401604581644,5.1038758754730225,6.267753458023071,0.8143070574895985,0.057117067554412274,0.04887018243498905,36.433795566732066,0.5046929497055682,19.90999984741211,-0.002504971911518883,21.373999691009523,0,1
2018-11-07,5.2946977615356445,5.384350132103305,5.230058889843961,5.293707198071008,483812000,0.012934595767541301,0.014040123667060422,0.07211295870064816,5.139489316940308,6.237816457748413,0.82392442159086,0.0464327790357611,0.04666486102049713,39.013171281891466,0.8307114546052691,16.360000610351562,-0.17830232366988052,21.043999767303468,0,0
2018-11-08,5.101524829864502,5.236250925462611,5.0480301446892675,5.235507884677595,511352000,-0.03648422258858375,-0.055568085788359034,-0.008900804140529406,5.13490777015686,6.201905965805054,0.8279564054129142,0.046642083411154764,0.046415032701096155,39.884830059727456,0.8944370727017859,16.719999313354492,0.02200480987605502,20.630999755859374,0,0
2018-11-09,5.093597888946533,5.183993285196276,4.978932038542104,5.01261355260578,413240000,-0.0015538375647148328,-0.043039293977302884,0.03721831403373632,5.153185033798218,6.166173763275147,0.835718426309984,0.04380146515926312,0.0446609040174097,38.67965540056596,0.7353642512324878,17.360000610351562,0.03827759110527551,20.433499813079834,0,0
2018-11-12,4.694124698638916,5.0242539023239985,4.672330415819614,5.00221209676428,617116000,-0.07842652659616145,-0.10497224760109425,0.021118284174029833,5.162893199920655,6.121030521392822,0.8434679719169009,0.04648187573266984,0.04668412668469531,36.73623658091958,1.082051042869572,20.450000762939453,0.177995394236643,20.39099988937378,1,1
2018-11-13,4.9360880851745605,5.0574408553106185,4.7857590882986845,4.791950936952226,644712000,0.05154600741769877,-0.0556714255623314,-0.01817700861223359,5.153754758834839,6.079230690002442,0.847764301379517,0.03860820258383385,0.047145513420054484,49.953269841772816,1.107523080268934,20.020000457763672,-0.021026909004084215,20.510999870300292,0,0
2018-11-14,4.883584022521973,5.1235653745236975,4.7756050500639295,5.109201023774201,526580000,-0.010636775873243187,-0.077646309105741,-0.06469634922081602,5.119974279403687,6.038996057510376,0.8478187815731804,0.036032769001052296,0.04714438852924088,44.70834311521226,0.88954403139909,21.25,0.061438537168431395,20.70349988937378,1,1
2018-11-15,5.0123677253723145,5.084436544018191,4.841730503257959,4.877641151172965,840708000,0.026370735561509928,-0.0174765599434622,-0.07207350674959745,5.0810424327850345,6.004160394668579,0.846253613960208,0.035091218234738736,0.04779013547979804,52.129256413066344,1.3831970550868162,19.979999542236328,-0.059764727424172825,20.699499893188477,0,0
2018-11-16,4.072254180908203,4.22654542575318,4.002414023206302,4.044764036724098,1963520000,-0.18755877381168806,-0.2005151820591724,-0.2349244441689181,4.9559996128082275,5.950948448181152,0.8328083591991087,0.0672258615885064,0.062219859029064815,41.284864122808635,2.907642601868632,18.139999389648438,-0.09209210183905447,20.611999893188475,0,0
2018-11-19,3.583622694015503,4.007614272353821,3.5818890900741276,4.006871704126071,1697820000,-0.11999041935631938,-0.23657275337091244,-0.31671142732948265,4.789894938468933,5.886542286872864,0.8137026296660637,0.07352467177111897,0.06621316418210081,26.476806565423303,2.2889537509521465,20.100000381469727,0.10804856988803202,20.63499994277954,0,1
2018-11-20,3.6920969486236572,3.820384104822775,3.301539150693231,3.3201135112430618,1692032000,0.030269440694552285,-0.2520196388486675,-0.2936607718465897,4.636395883560181,5.82526159286499,0.7959120478364475,0.07585016345961769,0.06693283257938576,24.371269902344707,2.1282757468697833,22.479999542236328,0.1184079161988838,20.723499965667724,1,0
2018-11-21,3.5838699340820312,3.8461405711433354,3.556627554839746,3.829299814728879,1025496000,-0.029313156194874845,-0.2661393932091589,-0.3231209607245673,4.46531310081482,5.764094829559326,0.7746772447108057,0.07426941207574835,0.06428524659159894,18.781915272572135,1.2785374920270316,20.799999237060547,-0.07473311118264614,20.501999950408937,1,1
2018-11-23,3.5910520553588867,3.7047273366228306,3.5363195387709654,3.5491978057546882,411968000,0.002004012815463696,-0.2835617312789742,-0.2960826076280675,4.3142658233642575,5.701516389846802,0.7566874368803105,0.07520855678706781,0.06305481865743578,19.50987658840333,0.531504677604472,21.520000457763672,0.03461544457272181,20.367000007629393,1,1
2018-11-26,3.7904181480407715,3.800819772673055,3.6296875394006882,3.712157968160956,814832000,0.05551746106948596,-0.06920885100658813,-0.2558466077060684,4.1839478492736815,5.640404119491577,0.7417815746242701,0.07977929714975644,0.06456766197954922,25.443331309614493,1.0411857909532327,18.899999618530273,-0.12174724830399308,20.1039999961853,0,1
2018-11-27,3.8072588443756104,3.888490949404143,3.7285033840811654,3.7644137879820803,738060000,0.004442965308073976,0.06240504915139922,-0.18893103852150683,4.095261263847351,5.58086697101593,0.7338037772833452,0.07801548099596362,0.06340525562028189,26.018592860932245,0.9442910984641548,19.020000457763672,0.006349250881240609,19.819999980926514,0,1
2018-11-28,3.9642748832702637,3.9694756960251323,3.7923995948292486,3.924897031056696,804524000,0.04124123032155014,0.073719064920023,-0.19687922604605013,3.998079943656921,5.52591151714325,0.7235150130894283,0.0770609134767665,0.06000526296813324,28.187467917561875,1.0295023934416832,18.489999771118164,-0.027865440267598407,19.576999950408936,0,0
2018-11-29,3.901057720184326,4.003690928347455,3.870813183574996,3.9665050381833353,549172000,-0.01594671533821279,0.088504268273212,-0.20118959719060014,3.899827313423157,5.469216208457947,0.7130504929375828,0.07701696144023407,0.05891300547033158,29.442082894013097,0.7116956793774497,18.790000915527344,0.01622504857343432,19.455000019073488,0,1
2018-11-30,4.051537036895752,4.062196837468503,3.8604008642457814,3.910725913254747,729564000,0.03857397852198807,0.12823121871755894,-0.19169197894497914,3.8037442445755003,5.418353772163391,0.7020110543754281,0.07791242288982891,0.05909023229894573,32.98549528577324,0.9355896313702678,18.06999969482422,-0.03831831748917813,19.391499996185303,0,1
2018-12-03,4.215404510498047,4.330433367533477,4.148469603011627,4.2788687400930705,890804000,0.040445754811079926,0.11212123461284773,0.03515260178526436,3.818059277534485,5.372170443534851,0.7107107486005653,0.05178469135575416,0.06025672701137208,41.532071210464196,1.1111676588296517,16.440000534057617,-0.09020471434946853,19.238000011444093,0,0
2018-12-04,3.89486026763916,4.175738270348914,3.879737762458066,4.170780025419611,812112000,-0.07604115857934945,0.023009053716681604,0.08684998399619759,3.8491830348968508,5.318461785316467,0.7237399064375925,0.0407035611393605,0.062057379489218044,32.0802199993599,0.9863846675746956,20.739999771118164,0.26155712271131226,19.27700004577637,1,1
2018-12-06,3.9241135120391846,3.9290715208765,3.738679347649496,3.754297394656939,692308000,0.007510730139172805,-0.010130824025489482,0.06284140602050514,3.8723846912384032,5.263995876312256,0.7356359659520175,0.040020114195984634,0.06219179586358358,33.354064690271784,0.8212562334917305,21.190000534057617,0.021697240496892922,19.341000080108643,1,0
2018-12-07,3.659348726272583,3.9384916186861436,3.6100154673684206,3.9283273587357552,681676000,-0.06747123521129117,-0.06195986095287054,0.02106069516439768,3.8799325704574583,5.204972672462463,0.7454280386494074,0.045318942360835064,0.06307041796511374,27.584010984084372,0.7992638587524291,23.229999542236328,0.09627177710070955,19.68450002670288,1,1
2018-12-10,3.76470947265625,3.7895002264165343,3.610759407205173,3.6144780911958607,629472000,0.028792212567012587,-0.07079475310912287,0.04835836813844452,3.897298312187195,5.147818932533264,0.7570775824217495,0.04603773827619989,0.06365584623503828,42.95664089579374,0.7329790501892323,22.639999389648438,-0.025398199062172333,19.98050003051758,1,0
2018-12-11,3.6737282276153564,3.864616200273389,3.5946459560580037,3.8564352837820137,671912000,-0.024166870166663967,-0.12849924165846938,-0.030785500667183885,3.8856293201446532,5.082099370956421,0.764571693019336,0.04327122576380446,0.06364245464934906,52.52315254334151,0.7707893159197787,21.760000228881836,-0.03886922192979203,20.200500011444092,1,1
2018-12-12,3.69132924079895,3.787516883141969,3.5901833531322156,3.6794296411597522,654136000,0.004791049335464592,-0.05225631033063449,-0.030449624865385938,3.874036359786987,5.0126008749008175,0.772859530704934,0.04327735817914238,0.061915288595348464,49.97734975855686,0.7488074229621333,21.459999084472656,-0.013786817153199848,20.250999927520752,1,0
2018-12-13,3.6910815238952637,3.8023916813656453,3.6551351881633685,3.738183912481818,471384000,-6.710777812735103e-05,-0.0593846195908907,-0.06891382848548422,3.846717023849487,4.944523930549622,0.7779752060825591,0.04055298225712782,0.06026960290660742,53.37839888664403,0.5450130881577608,20.649999618530273,-0.03774461791699035,20.282499885559083,1,0
2018-12-14,3.630592107772827,3.733225325873302,3.607040915630101,3.6494328250648613,471820000,-0.01638799244363509,-0.00785839794204235,-0.06933135365111165,3.8196704626083373,4.875113372802734,0.7835039250404927,0.04056481398109774,0.06027365567220844,51.20546794555605,0.5472496015848456,21.6299991607666,0.04745760582760128,20.301499843597412,1,0
2018-12-17,3.559443235397339,3.672736506989094,3.5014330346860394,3.6005958255036354,662868000,-0.01959704375029181,-0.05452379227395798,-0.12145854697047287,3.770461082458496,4.807964978218078,0.7842114282321373,0.037449838332614616,0.059571733256635485,42.360990752403524,0.7768524530221242,24.520000457763672,0.13361079099064765,20.52849988937378,1,1
2018-12-18,3.642739772796631,3.7267800508235633,3.576052881742826,3.6033225236180506,564372000,0.02340156364089152,-0.008435151676649877,-0.13585048274139555,3.7131946086883545,4.747153401374817,0.7821939370261305,0.035100816019998836,0.04410647462155804,44.787986226034725,0.7204902845158649,25.579999923706055,0.043229993725663274,20.90049991607666,1,0
2018-12-19,3.433753490447998,3.662571313188454,3.3821888840363905,3.6090233617525143,745364000,-0.05737063182753466,-0.06977859019023791,-0.11838852885745721,3.6670839309692385,4.684187912940979,0.7828643938126834,0.03176790772242954,0.03715962388646401,33.72871401172965,1.0131443271643719,25.579999923706055,0.0,21.174499893188475,1,0
2018-12-20,3.3492183685302734,3.515315816674143,3.2894728318279185,3.4253257377620923,749588000,-0.024618867415172385,-0.09261869540183332,-0.1465031889992815,3.6095944166183473,4.619645638465881,0.7813574241631751,0.031188500433825345,0.03671649085570528,33.29335043325314,1.0886130069843136,28.3799991607666,0.10946048652899609,21.46949987411499,1,0
2018-12-21,3.212125301361084,3.408715261858569,3.1846076575707007,3.3757435961027555,863740000,-0.04093285420184456,-0.11526131110014726,-0.12221393979224315,3.564872074127197,4.5621935701370235,0.7813943050250995,0.02711633506973382,0.037223006825748674,24.379586498698444,1.2693028107355384,30.110000610351562,0.06095847430385293,21.93499994277954,1,0
2018-12-24,3.1503965854644775,3.2222894778505826,3.0864366008025543,3.1357700947550464,463840000,-0.01921740595563004,-0.1149187170243493,-0.16317670504288195,3.50344078540802,4.508737487792969,0.7770336585115665,0.02289138604881489,0.037321362415702476,15.332473119080703,0.6790445709373492,36.06999969482422,0.19794084900893893,22.66249990463257,1,1
2018-12-26,3.2996366024017334,3.3006281568249354,3.0854452431294224,3.196507376880517,695100000,0.04737181903568266,-0.09418821870206995,-0.1018288784678143,3.466031622886658,4.452614598274231,0.7784261463433286,0.030471000754726585,0.036654858734614375,28.19257036808891,1.0265979097633582,30.40999984741211,-0.15691710272524007,23.23799991607666,1,0
2018-12-27,3.251790761947632,3.2817875322578445,3.1032947150243366,3.2473285301751025,637044000,-0.014500336315603879,-0.052992367974739385,-0.11907322543685772,3.422077775001526,4.401062536239624,0.7775571800725725,0.03001936708335538,0.036608392562825366,25.69893255190999,0.9479257187072198,29.959999084472656,-0.014797789056146593,23.78499984741211,1,1
2018-12-28,3.3132710456848145,3.4059882332898685,3.23047034722958,3.2723664736302656,628728000,0.01890659277854634,-0.010733048398165135,-0.10235766285967562,3.384296727180481,4.3455640316009525,0.7787934322379941,0.031437003309183205,0.035372416560241655,35.336124903397874,0.9479499591556851,28.34000015258789,-0.05407206212914606,24.277499866485595,1,0
2018-12-31,3.3095526695251465,3.389130463425832,3.2788121199157003,3.35665481188456,465140000,-0.0011222674234607766,0.030331123173426455,-0.08842619295082998,3.352192783355713,4.2913631820678715,0.7811487029024651,0.03147885010513011,0.03535964556770183,28.89651491696192,0.7057749610575001,25.420000076293945,-0.10303458223613671,24.608999824523927,1,1
2019-01-02,3.3769826889038086,3.433009523099247,3.224024452501034,3.2386509415605036,508752000,0.020374360559228366,0.07192304120845283,-0.05126097943606123,3.3339467287063598,4.240259437561035,0.7862600809690127,0.03247305748936616,0.034328367332781023,35.934114243415664,0.7851014185010061,23.219999313354492,-0.08654605650419012,24.866499805450438,0,0
2019-01-03,3.1729564666748047,3.3507054977541753,3.165519334999033,3.3167422733245417,705552000,-0.0604167213824931,-0.03839214767914778,-0.1289642783791719,3.286968398094177,4.190206651687622,0.7844406425087264,0.03510417941661091,0.034168551353606816,29.119198870434346,1.1045903422553023,25.450000762939453,0.09603796363173966,25.31699981689453,1,1
2019-01-04,3.3762400150299072,3.41441746410469,3.2153485937451323,3.2460889111903297,585620000,0.0640675504029653,0.0382709904150591,-0.016749447966512898,3.2812170505523683,4.143204121589661,0.7919515800475294,0.03890691508542091,0.035031408884220114,39.10056764429187,0.9333767704226573,21.3799991607666,-0.15992147269793522,25.348999786376954,0,1
2019-01-07,3.5549800395965576,3.5919181579337387,3.3821890457815105,3.4335058842829964,709160000,0.05294055629071348,0.07295177200384595,0.06143572870603187,3.3017932176589966,4.10480881690979,0.8043719853790109,0.04133237328014269,0.03738381785742382,47.580495777883506,1.1287622357119642,21.399999618530273,0.0009354751425985075,25.359499740600587,0,0
2019-01-08,3.4664783477783203,3.6387736158816804,3.3938416505549514,3.63654226329783,786016000,-0.02489513044587477,0.04741597850917101,0.07918528156714766,3.3272285223007203,4.075367116928101,0.816424245187681,0.03954942989188137,0.034711638905996337,47.057897671582964,1.2407897702912356,20.469999313354492,-0.043457958960452236,25.221499729156495,0,1
2019-01-09,3.534651517868042,3.582001662928843,3.467220861863757,3.5177936765503968,617260000,0.019666405859253056,0.04668926183196209,0.1219703367431475,3.3656540155410766,4.043113341331482,0.8324411737694932,0.038433565486407126,0.034341744067432296,46.54622085994077,0.9753348951079669,19.979999542236328,-0.0239374590891408,25.088499736785888,0,1
2019-01-10,3.6003470420837402,3.609023734169102,3.454825912595206,3.5153152232250697,523156000,0.018586138940034136,0.1346979008056901,0.09113441142673895,3.395725059509277,4.016903777122497,0.8453588255832704,0.0365412651889143,0.034258394940412634,55.859814751949294,0.8364714309469294,19.5,-0.024024001663345507,24.9754997253418,0,1
2019-01-11,3.689593553543091,3.71240095974809,3.550269993885523,3.5780354085235424,874764000,0.024788308020356364,0.09281139288623952,0.1346343672288559,3.4395053386688232,3.998754787445068,0.8601441002253686,0.03579521640819851,0.03470830673245045,61.932914951013295,1.374413674062012,18.190000534057617,-0.06717945979191708,24.811999797821045,0,1
2019-01-14,3.729505777359009,3.754792302196566,3.6137334252943143,3.637284611977436,730168000,0.01081751234565953,0.049093310178545346,0.12562652615345082,3.4811288118362427,3.972795453071594,0.8762416421778735,0.03574554302091533,0.03478339509479212,69.46470450312981,1.124368766001245,19.06999969482422,0.048378182239134926,24.732999801635742,0,0
2019-01-15,3.7153756618499756,3.8016470372282334,3.697030487852223,3.7622297965606477,617012000,-0.0037887367261404403,0.07180120257528055,0.12262170536269368,3.5217111110687256,3.942675189971924,0.8932288208843813,0.03586802553587915,0.03456352971829666,72.04497756145483,0.9396185740552753,18.600000381469727,-0.024646005289767015,24.5814998626709,0,0
2019-01-16,3.6898417472839355,3.7756173598890985,3.6843879610240897,3.7426459262234966,470104000,-0.0068724987430547335,0.04390538321285442,0.09264455497747393,3.552997016906738,3.908438301086426,0.909057977432857,0.036212493926075486,0.03426626063655196,66.85234766781875,0.7265634659610771,19.040000915527344,0.023655942206107117,24.307499885559082,0,1
2019-01-17,3.7612385749816895,3.8011515963552576,3.629600148348307,3.6568700231702356,493436000,0.01934956363651863,0.044687784543356646,0.18540503611869363,3.6118252277374268,3.877209424972534,0.9315527823888473,0.026617043960978547,0.03414707103565494,71.56359172558668,0.7668274804453056,18.059999465942383,-0.051470661894021164,23.931499862670897,0,1
2019-01-18,3.8903980255126953,3.916428340056704,3.7595033779921327,3.811067993420753,651336000,0.034339605945266305,0.054424550849719866,0.15228716210752968,3.6632410287857056,3.8501239967346192,0.9514605326718273,0.02211294318798399,0.03181040085944377,73.10453098292516,1.0196629239867885,17.799999237060547,-0.01439646935605643,23.542499828338624,0,0
2019-01-22,3.6881062984466553,3.8718051248869383,3.657861758814869,3.860153532195278,661552000,-0.051997694256330274,-0.011100526821457235,0.03744782175069705,3.676553654670715,3.819344372749329,0.9626138142720483,0.026336435912926483,0.033760384730219355,63.07592899956401,1.0428422350222424,20.799999237060547,0.1685393330665903,23.16349983215332,0,1
2019-01-23,3.7009968757629395,3.8321395112396033,3.669760786512093,3.7433890151460876,591020000,0.0034951751042842094,-0.0038700759750028846,0.06765325049121484,3.7000055074691773,3.7874703550338746,0.9769067901882191,0.024329298982656105,0.03196716109762665,61.630239886844656,0.9521247289516672,19.520000457763672,-0.06153840510802655,22.633999824523926,0,1
2019-01-24,3.912957191467285,3.9305583451684987,3.780822998564525,3.785533236384067,708972000,0.057271141484184884,0.06046748328639917,0.10702771452485971,3.7378360748291017,3.76369900226593,0.9931283220519873,0.028991812675099638,0.03314436722718697,76.41132387974811,1.1200285120915723,18.889999389648438,-0.03227464412607961,21.774999809265136,0,1
2019-01-25,3.9702234268188477,3.9883205944405153,3.750826299809421,3.8534595064595667,1154572000,0.014635027307847714,0.05556277478042615,0.1027335366318014,3.774823713302612,3.7412315130233766,1.0089789151412576,0.028897634748414624,0.03206620590424911,73.66659542028242,1.760103614778887,17.420000076293945,-0.0778189179910741,21.12549982070923,0,0
2019-01-28,3.421358585357666,3.511348652137013,3.247576258086447,3.385164247758499,2511528000,-0.13824532839980774,-0.1205633554919402,-0.07270041111380432,3.74800021648407,3.7157761907577513,1.0086722192274307,0.054448833682806196,0.04593672017571992,45.88862915082672,3.3500779786483097,18.8700008392334,0.08323770129672337,20.570999908447266,0,0
2019-01-29,3.2624502182006836,3.4235896204200875,3.2478237277077726,3.3752476815432093,1153932000,-0.04644598430490743,-0.11541318112909271,-0.12523256083787682,3.7012946605682373,3.682303433418274,1.0051574313451768,0.05547352519273358,0.0470998756019859,43.9829968382039,1.4871166099578763,19.1299991607666,0.013778394804977001,20.1104998588562,0,1
2019-01-30,3.405989170074463,3.4203676577365605,3.258980440620225,3.3385584911266375,974228000,0.04399728494644872,-0.07971033632057911,-0.08327192723802834,3.670356011390686,3.652751536369324,1.0048195106746463,0.05823238554835425,0.048096799626106336,46.367103324175616,1.2156469808723906,17.65999984741211,-0.07684262299233602,19.72249984741211,0,1
2019-01-31,3.563657522201538,3.599356087315755,3.3809502350805616,3.4027660905454074,842852000,0.04629150130962634,-0.08926743947708926,-0.03419773359529055,3.6577375888824464,3.623777332305908,1.0093715075354612,0.06062769823524907,0.04894305997638955,49.015188370894364,1.0302403582883517,16.56999969482422,-0.06172141347711391,19.389999866485596,0,1
2019-02-01,3.587951898574829,3.639020736411014,3.534652181397594,3.582250105752859,625048000,0.00681725901603536,-0.0962846387086872,-0.0460717056236466,3.64040892124176,3.6140912866592405,1.007281950702149,0.06027201080345493,0.046544651863589165,47.17319126837323,0.7677903633863121,16.139999389648438,-0.02595053187056462,18.924499797821046,0,1
2019-02-04,3.698270797729492,3.735456694006044,3.581754626882313,3.603818252368476,528592000,0.030747039612900817,0.08093633142019163,-0.0493849797689746,3.6211961984634398,3.6163842487335205,1.0013305969164101,0.06003506100642948,0.04497335127080405,49.1640457152629,0.6515889222782931,15.729999542236328,-0.025402717652831308,18.641999816894533,0,1
2019-02-05,3.7173595428466797,3.7540496620426036,3.676454962156793,3.710170181264165,542424000,0.005161532554324166,0.13943793597466425,0.007931779084660695,3.6241215229034425,3.616889500617981,1.0019995143020615,0.057557950862380004,0.04357205998266582,50.05295485008769,0.6755821968054248,15.569999694824219,-0.010171637130852895,18.350499820709228,0,1
2019-02-06,3.792971134185791,3.8574269087437347,3.7451251987562206,3.750578985234241,702464000,0.02034013402997581,0.11361808414172603,0.024851212122110056,3.6333189487457274,3.621071524620056,1.003382265178249,0.05784025968146081,0.04321024200643696,52.68110985189297,0.8794860783677905,15.380000114440918,-0.012202927688332643,18.09599986076355,0,0
2019-02-07,3.6546382904052734,3.748842808368346,3.611750610187095,3.7466116929059834,637120000,-0.036470840110997216,0.025530166026596746,-0.06601628600111187,3.6074870586395265,3.6223432493209837,0.995898734697701,0.05581861344401375,0.0440530748809883,47.32186368970578,0.7966848148212986,16.3700008392334,0.06436935743992156,17.915499925613403,0,1
2019-02-08,3.6732325553894043,3.683892358681444,3.5730782090092097,3.5874566967844927,461604000,0.005087853709886181,0.023768617647424328,-0.07480457382405004,3.577787971496582,3.6199995374679563,0.9883393449268506,0.05552028324345229,0.04389905823648472,44.223185949815694,0.5794412607809535,15.720000267028809,-0.03970681361522943,17.726499938964842,0,0
2019-02-11,3.630592107772827,3.683396048547904,3.5822501621722687,3.629104539625841,495180000,-0.011608425813937284,-0.01830009040933822,0.061155098828463705,3.5987113237380983,3.616466202735901,0.9950905447465896,0.03118107105210224,0.04365690537189541,48.32805525390921,0.6367587157940543,15.970000267028809,0.015903307617898044,17.615499925613403,0,1
2019-02-12,3.747603416442871,3.763221698228791,3.654638455410912,3.6690171760124177,591060000,0.032229263215642234,0.008135848375062205,0.14870823025454794,3.647226643562317,3.612132773399353,1.009715553764082,0.0258351751503338,0.04419163495006196,51.27752185776493,0.7669114046444423,15.430000305175781,-0.03381339717118825,17.43349995613098,0,1
2019-02-13,3.7899959087371826,3.8631283704339263,3.7634698170633993,3.77710475493226,605372000,0.011311893918206861,-0.000784404980515907,0.11274455657013283,3.685627317428589,3.6099115371704102,1.0209744143252684,0.02362816081623174,0.04423059799673357,46.28410620828925,0.7860751015621206,15.649999618530273,0.014257894297040163,17.285999917984007,0,1
2019-02-14,3.8309004306793213,3.8591618604799955,3.7458683708743217,3.7890042996285453,827264000,0.010792761503472859,0.04822970873391186,0.07499118723189957,3.712351608276367,3.6054988050460817,1.0296360667435915,0.02014527214169367,0.04422107098574367,45.74760263560542,1.0498569883567785,16.219999313354492,0.036421706627348005,17.144999837875368,0,1
2019-02-15,3.900562286376953,4.062445020815011,3.8777548785081706,4.039637849368373,1516748000,0.018184198978327126,0.061888194542436104,0.0871278090228289,3.7436126470565796,3.5992019605636596,1.040122973946787,0.020424924644478943,0.04419895505279725,70.67374194105813,1.807495596104313,14.90999984741211,-0.08076445877921923,16.98749985694885,0,0
2019-02-19,3.883208990097046,3.963778826670554,3.8708138488600423,3.8899025744165323,551892000,-0.004448921720982435,0.06958007807690225,0.05000666594806802,3.762106466293335,3.5989689350128176,1.0453289634410075,0.01917441705529397,0.043588819923335784,80.5067565588359,0.6616051956720634,14.880000114440918,-0.002012054545821984,16.841499900817873,0,1
2019-02-20,3.930558681488037,3.9977413414428553,3.901305934134855,3.9124615126387052,540988000,0.012193444007711829,0.048819270534987025,0.05735230509290301,3.783426380157471,3.5990978384017946,1.051215207263587,0.01930712091477817,0.041819511371479025,78.47137391145912,0.6532543292643903,14.020000457763672,-0.05779567540746344,16.502499961853026,0,0
2019-02-21,3.861640453338623,3.9677443376011072,3.847013962321036,3.9432018299304374,448548000,-0.017533952227707927,0.018903594179686678,0.018104361125746538,3.790293312072754,3.603143672943115,1.0519406540835412,0.019836984499112517,0.042098076996562525,67.89746259855318,0.5463305739182289,14.460000038146973,0.03138370656326539,16.24949994087219,0,1
2019-02-22,3.9464244842529297,3.965265435947853,3.8998181186262215,3.9134530552089353,401740000,0.021955444049951867,0.030155848648126593,0.07983996517896141,3.8194719314575196,3.6067779731750487,1.0589706269319474,0.015353156498445939,0.04040934595193993,70.07210264447562,0.49864843361536376,13.510000228881836,-0.0656984651977136,15.980499982833862,0,0
2019-02-25,3.9340295791625977,4.097399875374152,3.9253526503709284,4.029969445289696,656020000,-0.003140793682937626,0.008580120077182674,0.07099932276015286,3.845551633834839,3.6119840002059935,1.064664636835469,0.01573149025293295,0.040294765899618154,64.82688344620937,0.8402646650533052,14.850000381469727,0.0991857979190276,15.851999998092651,0,0
2019-02-26,3.894613027572632,3.9853468944117005,3.861145576977355,3.9293200396442725,488464000,-0.010019383636245105,0.0029367560449793384,0.07272117383678434,3.8719537258148193,3.616049675941467,1.0707689530860014,0.015529442138606063,0.023977728595727825,60.869565217391305,0.7187765330492351,15.170000076293945,0.021548800444713967,15.666999959945679,0,0
2019-02-27,3.8527164459228516,3.9067599488154197,3.795697806692139,3.8802340928291845,500256000,-0.01075757240916253,-0.01980436926989626,0.028048066403928873,3.8824650287628173,3.619282374382019,1.072716806028636,0.01365285076251348,0.02094496817967787,53.821738231291185,0.7733208511080345,14.699999809265137,-0.030982219160517688,15.445499992370605,0,0
2019-02-28,3.828148603439331,3.868847316157496,3.8058142124345107,3.846512688486846,324944000,-0.006376758536050464,-0.00867295914883437,0.01006668493076579,3.8862802982330322,3.623233504295349,1.0726000114609895,0.013580929863304907,0.01943303820651041,62.98951528870171,0.5288552460902725,14.779999732971191,0.005442171751297131,15.30149998664856,0,1
2019-03-01,3.882495880126953,3.9246832162652767,3.8197108091107466,3.8780288130854856,357188000,0.014196752090238851,-0.016199120084791963,0.013468230349824806,3.8914398431777952,3.6296945571899415,1.0721122072019451,0.013890422927591642,0.01712173111989281,64.8700765363863,0.6052538203271124,13.569999694824219,-0.08186739242272834,15.15149998664856,0,1
2019-03-04,3.8906850814819336,3.9437917024778617,3.8341039699543926,3.920960789931432,409992000,0.00210926208496387,-0.011017837260361985,-0.0025322515498641396,3.8904521226882935,3.6346534633636476,1.0703777297899317,0.012606257905871885,0.017119590342712664,69.43348189043874,0.7076233230294463,14.630000114440918,0.0781135183091417,15.076000022888184,0,0
2019-03-05,3.884232521057129,3.922449310227375,3.8207029073730547,3.8750503623611467,362924000,-0.0016584638154129028,-0.0026653499184674523,0.00026357864402704045,3.8905544757843016,3.64366304397583,1.0677591283356083,0.012531984362037868,0.01596945278455811,62.22896554078854,0.6354717203142795,14.739999771118164,0.007518773466629547,15.026500034332276,0,0
2019-03-06,3.7733042240142822,3.8837362685121835,3.770574520786706,3.8752988964152246,403524000,-0.02855861394535064,-0.02061200792303508,-0.04000816937662954,3.8748290300369264,3.6521447610855104,1.060973560337523,0.014614248898952773,0.01739837303906225,48.669274516065265,0.7152593409795652,15.739999771118164,0.0678426062094939,15.035000038146972,1,0
2019-03-07,3.704066753387451,3.759407022433055,3.657908643226314,3.749728575410522,450104000,-0.0183492945483128,-0.03241301812066566,-0.040804860487449024,3.859071660041809,3.6619835901260376,1.0538200308835868,0.01470030067903192,0.017272535244635127,40.32539244630654,0.8160761030890228,16.59000015258789,0.05400256631702249,15.095500040054322,1,1
2019-03-08,3.738313913345337,3.7489849385711005,3.593387100897167,3.6147291513486937,422416000,0.00924582688110731,-0.03713641204865914,-0.052733954935156646,3.83826060295105,3.673741936683655,1.0447823143549133,0.012600614146619244,0.015243128284818616,36.91720716990085,0.7810782095199916,16.049999237060547,-0.03254978363837502,15.079499959945679,1,1
2019-03-11,3.9988842010498047,4.021714879717842,3.7147384799566043,3.7618894119862207,859728000,0.06970262362779711,0.02780978601502726,0.016485545058106066,3.8447460651397707,3.6877268886566164,1.042578851749066,0.026922928322927486,0.02161617984300677,56.699594553131604,1.5332638033833788,14.329999923706055,-0.10716507134672604,15.00999994277954,0,1
2019-03-12,4.033130645751953,4.079536553232424,3.950492384431136,4.0266781888127765,579576000,0.008564000101117575,0.03833398847458813,0.03556646506306538,3.858597826957703,3.7033536863327026,1.041919879593983,0.026644602313039733,0.021294531465200172,56.0322480414943,1.0259118974951915,13.770000457763672,-0.03907881848735939,14.899999952316284,0,1
2019-03-13,4.184508800506592,4.213791933021078,4.063157465934027,4.070602498606583,768900000,0.03753366008960901,0.1089773185727505,0.08611906929586288,3.8917770624160766,3.7207784414291383,1.0459577541847018,0.028049774641310293,0.021674833113651235,67.30906584768418,1.3399452868744612,13.40999984741211,-0.026143834305291547,14.798999929428101,0,0
2019-03-14,4.1085710525512695,4.205602604685603,4.100877994521936,4.193690742360727,519384000,-0.018147350519642558,0.10920545608253152,0.07325275953498722,3.9198193073272707,3.7367588090896606,1.04898911264819,0.028981477451091583,0.022269600492431516,58.77596495456988,0.9119519603883904,13.5,0.006711420851004624,14.691499948501587,0,1
2019-03-15,4.2140398025512695,4.256723419501709,4.148276540430737,4.151750793825906,661484000,0.02567042133408104,0.1272568062055055,0.08539453296560229,3.9529736995697022,3.7534999513626097,1.0531433997047686,0.029500126746631286,0.022742265490874797,63.76804696325216,1.1786095456319121,12.880000114440918,-0.04592591744882091,14.524499988555908,0,0
2019-03-18,4.1926984786987305,4.299408249429872,4.165648524041506,4.245556839208918,486992000,-0.005064338462018925,0.04846708929406973,0.07762473469113629,3.983175039291382,3.7738947916030883,1.0554547117089597,0.02976186319208851,0.022627757417979073,64.92204322956363,0.9553485882972388,13.100000381469727,0.017080765921899888,14.434000015258789,0,1
2019-03-19,4.360456466674805,4.404877698902246,4.270373873198143,4.287248621196402,854972000,0.04001193713985862,0.08115924071728742,0.12260438659013828,4.03079743385315,3.7935791206359863,1.0625315317470942,0.031160158572784806,0.023916248828075404,72.57283436607656,1.6288060060902194,13.5600004196167,0.0351145057062483,14.368000030517578,0,0
2019-03-20,4.327947616577148,4.4428465182643775,4.2932045970185815,4.389491623226425,719148000,-0.007455377744533864,0.03427853134236236,0.14699143234541556,4.086261773109436,3.8090384721755983,1.0727803887933685,0.028722823692969714,0.024055019344476045,72.06400903312208,1.347185318065128,13.90999984741211,0.025811166442818223,14.3625,0,1
2019-03-21,4.564693450927734,4.590998856980265,4.346062985080759,4.351026340687899,824312000,0.05470164043663295,0.11101728375689879,0.23234643294514634,4.172324442863465,3.8310027742385864,1.0890946023114578,0.028822240559359807,0.025835392850156545,75.93887248275422,1.4916882523705066,13.630000114440918,-0.020129384330890843,14.321000003814698,0,0
2019-03-22,4.404876708984375,4.586034905106406,4.390979693756557,4.537395351809043,747644000,-0.03501149500211853,0.04528597625432229,0.17830573116385118,4.238980722427368,3.848407278060913,1.1014896335408795,0.03386560004029423,0.027391452218314218,67.52960729731365,1.311889518591553,16.479999542236328,0.20909753513324247,14.469499969482422,1,0
2019-03-25,4.312560081481934,4.428451521700274,4.2463007662543,4.364177832270975,525212000,-0.020957823249433627,0.028588176181084224,0.07844085116287713,4.270348310470581,3.862651538848877,1.1055484212130622,0.030133734729944378,0.027982931409504433,63.79475353765182,0.9322878410219289,16.329999923706055,-0.009101918852961188,14.543499946594238,1,1
2019-03-26,4.389242649078369,4.510345483093209,4.332909563202776,4.454260896302469,703508000,0.017781217223085122,0.006601644259853323,0.08829666941275627,4.3059595108032225,3.8766445207595823,1.1107439662689322,0.03029396960979967,0.027889540690430266,70.28440677151652,1.225388008996179,14.680000305175781,-0.10104100589339193,14.51899995803833,1,0
2019-03-27,4.38006067276001,4.461209590640525,4.310575592412955,4.414803686265147,474372000,-0.0020919272531645383,0.012041055206688522,0.046732336237348626,4.325514698028565,3.8896556186676023,1.1120559561286472,0.02868203824370907,0.027676124376526886,73.17904637830159,0.8281399862643549,15.149999618530273,0.032016301334052644,14.541499948501587,1,1
2019-03-28,4.398671627044678,4.46443440681022,4.345564783864118,4.406116184251971,480264000,0.00424901746234041,-0.03637085943839535,0.07060863029574893,4.354524755477906,3.9033215379714967,1.1155946834297676,0.027529904004791276,0.027511517478677007,72.88832938080205,0.8272110305827495,14.430000305175781,-0.04752470834876099,14.523999977111817,0,1
2019-03-29,4.455998420715332,4.480318673320571,4.415051921189798,4.4654286068279845,456896000,0.013032751369342455,0.011605707743575833,0.05741725980318835,4.378720617294311,3.9186446714401244,1.1174069058129494,0.026869091234069185,0.027497439777928782,68.44212718214851,0.780261749454717,13.710000038146973,-0.049896067345927775,14.530999994277954,0,1
2019-04-01,4.523498058319092,4.553773764393231,4.476099110012129,4.547817833471747,483824000,0.01514803894228578,0.04891247260366827,0.07889896716899858,4.411800575256348,3.9338898611068727,1.121485534934373,0.026710791294223213,0.027523315352594252,69.26675512153301,0.8210716099129212,13.399999618530273,-0.022611263220579714,14.469499969482422,0,1
2019-04-02,4.5413641929626465,4.585785400885665,4.50463651408213,4.547568621330378,440920000,0.003949628012041906,0.03465781139172597,0.04148825419321267,4.429891347885132,3.9469091844558717,1.1223697178874525,0.02421780749177955,0.027449090918917514,65.66444210573906,0.7433420044203999,13.359999656677246,-0.0029850718650553665,14.400499963760376,0,1
2019-04-03,4.680832862854004,4.739895651601616,4.586034959288604,4.590998314309059,783504000,0.030710743284469322,0.0686684985814292,0.08153639497049703,4.465179872512818,3.9667637157440185,1.1256480578337937,0.025143044973269045,0.026453299176599793,73.79283272932014,1.2799048611632944,13.739999771118164,0.028443123069318066,14.300499963760377,0,0
2019-04-04,4.67189884185791,4.714334435344545,4.609113778357138,4.665446386163067,457376000,-0.00190863917979045,0.06211584723290753,0.02348578104590726,4.475900411605835,3.986181755065918,1.1228540710461956,0.01915821992034711,0.025733656566435094,70.69778390151286,0.7467099935741042,13.579999923706055,-0.011644821694133722,14.149999952316284,0,1
2019-04-05,4.738655090332031,4.756026834788487,4.678600192062184,4.7150798614243,481744000,0.01428888996397304,0.0634328477996462,0.07577473863612738,4.509278249740601,4.002695713043213,1.1265603415834569,0.014115084489349637,0.025730129396064293,73.70687763115504,0.7827025059789955,12.819999694824219,-0.05596467107154646,13.988499975204467,0,1
2019-04-08,4.759500026702881,4.784564351350331,4.684058553705899,4.70813030212942,424192000,0.004398914032248902,0.05217244825600442,0.10363680430566058,4.553972244262695,4.018481245040894,1.13325706070736,0.010179721501172854,0.021914245685282496,69.86160918776389,0.7144753206609543,13.180000305175781,0.02808117152271894,13.930999994277954,0,0
2019-04-09,4.696715831756592,4.737166278663912,4.654528257804142,4.72599896575498,439972000,-0.013191342492707703,0.03420814367512737,0.07005153445840695,4.584719562530518,4.043988389968872,1.1337123454416762,0.01207047637987557,0.02246840253343067,67.81772430003221,0.7498700426600947,14.279999732971191,0.08345974220982688,13.95649995803833,1,1
2019-04-10,4.767194747924805,4.793003634643317,4.69150568860453,4.695972520280476,444772000,0.015005999658670666,0.018450110824538957,0.08838555081495025,4.623432970046997,4.074083280563355,1.134840073619624,0.011871074178779707,0.02144506823728652,61.657187403926386,0.7795842633253676,13.300000190734863,-0.06862742020741086,13.950999975204468,0,0
2019-04-11,4.753295421600342,4.801190890957182,4.703911324628297,4.7696741120197075,374600000,-0.0029156195749110436,0.017422590363720625,0.08062065655806272,4.658895349502563,4.101029405593872,1.1360307105205714,0.01236659505205792,0.020774085299580344,74.10698319838417,0.6650270005222929,13.020000457763672,-0.021052611199678495,13.92699999809265,0,0
2019-04-12,4.71532678604126,4.795979638379357,4.706641152507191,4.792008860193128,471708000,-0.00798785520179146,-0.0049229800114312106,0.05819758914642903,4.684828186035157,4.124062790870666,1.135974019698692,0.013149844202202181,0.020588630179429492,80.13353948854575,0.8517712098629714,12.010000228881836,-0.07757297952163933,13.883500003814698,0,0
2019-04-15,4.583552837371826,4.71259721540242,4.543846947721112,4.707633860863195,440092000,-0.027945878334354912,-0.036967578179202376,0.013276181017097821,4.690833663940429,4.143974809646607,1.1319648114223113,0.01638981873569743,0.021824784526316456,63.43044609734039,0.7980609721687271,12.319999694824219,0.025811778520777207,13.844499969482422,0,1
2019-04-16,4.670658588409424,4.6895189606848335,4.590006191352661,4.622763580392764,394964000,0.01900398100080447,-0.005547971024983722,0.028470386860215635,4.703763103485107,4.1634225654602055,1.1297827759563903,0.01731137292208947,0.020500724251183006,68.13249262415754,0.7473991922054487,12.180000305175781,-0.011363587103598194,13.775499963760376,0,0
2019-04-17,4.647828102111816,4.72649534954194,4.625493474723939,4.705649823535029,351004000,-0.004888065754637405,-0.02503917966954239,-0.007051044484862046,4.7004626274108885,4.182031936645508,1.1239662199187375,0.01437942605712661,0.020435526208235594,65.46522744156724,0.6881837645379615,12.600000381469727,0.03448276402057804,13.709999990463256,0,0
2019-04-18,4.623260021209717,4.6885267790091465,4.595465985340152,4.654528784894651,380988000,-0.005285927181974848,-0.027356894292685174,-0.010410931891849495,4.69559874534607,4.1986377143859865,1.118362446289977,0.014452687211147085,0.016610854709641708,60.82208517031904,0.780908661964123,12.09000015258789,-0.040476207415983234,13.632999992370605,0,1
2019-04-22,4.67711067199707,4.692744814609717,4.568167725221055,4.599684036202599,279936000,0.011647765979051039,-0.008104658654267682,-0.012987739593144476,4.689444303512573,4.219087162017822,1.1114831534482443,0.01416448989667362,0.014458137910742888,60.1176750663155,0.6026707864326736,12.420000076293945,0.027295278704807746,13.430000019073486,0,1
2019-04-23,4.731706142425537,4.762974900877764,4.680584910244433,4.690263121353449,346856000,0.01167290540190602,0.03232280946905397,-0.005839664696167257,4.6866649150848385,4.240256633758545,1.10527859983102,0.014662869300341119,0.013402772225424558,61.958265779449,0.761359390975704,12.279999732971191,-0.011272169280415079,13.227500009536744,0,1
2019-04-24,4.744114398956299,4.784812868304873,4.681329331364547,4.7421287729730555,318204000,0.0026223641446172508,0.015727077703594272,0.010091853307203413,4.69140477180481,4.262527079582214,1.1006158281731389,0.01397737264430193,0.01305007191108428,54.73098369924418,0.7293081469250949,13.140000343322754,0.07003262451565884,13.150500011444091,0,0
2019-04-25,4.638397216796875,4.726246611732647,4.5587374048909775,4.703911987709547,499296000,-0.022283860225352337,-0.002029095118783797,-0.027017467911080506,4.678525018692016,4.280342955589294,1.0930257381789406,0.014802975390513841,0.014268384959557,47.812016129132715,1.1411029821124448,13.25,0.008371358736922963,13.055500030517578,1,0
2019-04-26,4.419518947601318,4.489004507650223,4.30064927615956,4.484537203505553,868988000,-0.047188340921501926,-0.044068703182108204,-0.07022001462022476,4.645147371292114,4.292933416366577,1.0820450542239346,0.020442267085964444,0.018136457423576367,32.61225263890802,1.9015395899882668,12.729999542236328,-0.039245317567069615,12.970499992370605,0,1
2019-04-29,4.450292110443115,4.478086150909496,4.3552456746840775,4.42746095339448,391920000,0.006963011858677204,-0.048495444615405336,-0.05620706424477817,4.6186439037323,4.305321249961853,1.072775673539628,0.020908547072451357,0.017963803342686508,33.33348754437422,0.863748862241401,13.109999656677246,0.029850756331933237,12.940499973297118,1,1
2019-04-30,4.491734027862549,4.517294409433283,4.398921267730033,4.418029665796931,362920000,0.009312179153855071,-0.050715768760731916,-0.02003223542240773,4.609462022781372,4.317144684791565,1.0677108040922472,0.019766288095279912,0.017752505119674352,38.69115892220888,0.8106361031928234,13.119999885559082,0.0007627939850283205,12.92649998664856,1,0
2019-05-01,4.478582382202148,4.586284755277775,4.4783338830487445,4.544097172337305,354280000,-0.0029279662550854013,-0.05597082920524998,-0.04112400908170133,4.590254402160644,4.329052152633667,1.0603370530817164,0.01836319140391459,0.017734476497936757,33.00206020655986,0.799069301240646,14.800000190734863,0.12804880486507653,12.99850001335144,1,1
2019-05-02,4.546082973480225,4.587774037387402,4.44508106984906,4.488261235562004,394684000,0.015071865496171899,-0.01990218582021308,-0.0218908975108959,4.580079889297485,4.341362638473511,1.054986710556829,0.019320080448516595,0.016591790691191443,38.52090062731995,0.9310236155091658,14.420000076293945,-0.02567568307727497,13.03250002861023,1,0
2019-05-03,4.5416131019592285,4.564443772153418,4.480068650714684,4.5545175378655225,336824000,-0.0009832357981742756,0.02762611854491004,-0.017660031855427527,4.571915197372436,4.354962091445923,1.0498174499274415,0.019287634290937362,0.01659137298673481,40.00571722662933,0.8059972643989958,12.869999885559082,-0.10748961043925498,12.997000026702882,0,0
2019-05-06,4.463195323944092,4.47535521329689,4.318020255687678,4.355244474386474,422176000,-0.017266503388698506,0.002899408214282806,-0.04573664449159576,4.550523662567139,4.365297508239746,1.0424315075840234,0.01924666912514997,0.016533153412596986,42.622522456166195,1.0174906511828339,15.4399995803833,0.19968917775266748,13.128000020980835,1,0
2019-05-07,4.295933246612549,4.414802885598528,4.247789750628167,4.414802885598528,555220000,-0.03747585870468573,-0.04359135693151772,-0.09209635651414416,4.50694637298584,4.372535581588745,1.030739782190236,0.02086495792736785,0.018139217616304864,29.08584677389308,1.3173410599373336,19.31999969482422,0.2512953510290572,13.434999990463258,1,1
2019-05-08,4.316034317016602,4.396190645841569,4.256475483276503,4.26838734469083,419168000,0.004679092818749675,-0.03629453503669189,-0.09023392902031924,4.46413836479187,4.380964007377624,1.0189854007643473,0.021006462331566406,0.01815213100622479,31.42534977859546,0.9969983112527651,19.399999618530273,0.004140782865927672,13.690999984741211,1,0
2019-05-09,4.223470211029053,4.256724122828362,4.104601025463672,4.247045911532932,660248000,-0.021446563949364617,-0.0709649965328718,-0.08945482380535685,4.4226456642150875,4.388379082679749,1.0078084825603566,0.02095015418258588,0.017966266181720227,29.202139270901554,1.5311738903970697,19.100000381469727,-0.015463878503069517,13.980999994277955,1,0
2019-05-10,4.189472675323486,4.258213684866091,4.069858452869945,4.192698903881633,569500000,-0.008049668639022567,-0.07753642125169813,-0.052052333071835544,4.399641036987305,4.395605564117432,1.0009180698338394,0.016156979662587244,0.017958340857882116,24.097051425908248,1.2915331666624335,16.040000915527344,-0.16020939292289793,14.132000017166138,1,0
2019-05-13,3.9321277141571045,4.0805287493998685,3.9162453109093414,4.057449576711923,656912000,-0.06142657587485312,-0.11898820715685976,-0.11643379432781031,4.347824597358704,4.396598200798035,0.9889065133515094,0.02331789035009072,0.021810398686676946,15.054258677314095,1.459126761126499,20.549999237060547,0.28117194913420174,14.558999967575073,1,1
2019-05-14,4.021218776702881,4.056457844049771,3.933121108335654,3.971834193262264,524880000,0.022657214877587872,-0.0639475648571326,-0.10475136066406165,4.300773072242737,4.399208874702453,0.9776242035185532,0.024997756536241294,0.022400801863135873,20.390391938803532,1.1549826118872901,18.059999465942383,-0.12116787657235606,14.845999956130981,1,0
2019-05-15,3.960170030593872,3.9966496928239077,3.9063188639694753,3.9656294366424154,502320000,-0.015181652503638343,-0.08245168140106818,-0.1157536709983148,4.248931837081909,4.400727624893189,0.9655066614546581,0.024873555104864747,0.021662089266059177,21.164859434453604,1.0924364996274598,16.440000534057617,-0.08970094018772068,15.058999967575073,1,1
2019-05-16,3.975308656692505,4.017992759668049,3.9122757887302653,3.954711392581166,781088000,0.0038227212421892975,-0.05875773757998948,-0.12555299146921794,4.191854405403137,4.404767713546753,0.9516629883821555,0.02374485355169049,0.021814747898504874,27.156800841561164,1.6228026071614667,15.289999961853027,-0.06995137073275715,15.193499946594239,1,0
2019-05-17,3.8844809532165527,4.062661426385714,3.8450233212653178,3.93336900724729,1022068000,-0.02284796259104105,-0.07279954918989506,-0.14469135392867183,4.12614119052887,4.4083759975433345,0.9359776010095903,0.02351406522839496,0.0220706329629226,22.596166947881557,1.9908822878585297,15.960000038146973,0.043819494961774064,15.386999940872192,1,0
2019-05-20,3.765860080718994,3.8408050495802732,3.7410437749595093,3.785713030660249,572064000,-0.030537122958302687,-0.042284392960962536,-0.15624125600868122,4.0564076662063595,4.408926920890808,0.9200442055380624,0.02400954758560752,0.0220664681096203,17.28932079057377,1.0834939452343721,16.309999465942383,0.021929788656569915,15.581499910354614,1,1
2019-05-21,3.8480007648468018,3.8638831687512023,3.787945639561651,3.8266589547037935,361848000,0.021811932033365622,-0.04307599796848305,-0.10426895765174027,4.011614418029785,4.405909252166748,0.9105077268799724,0.025547342339963326,0.022710720607264794,23.24701426940004,0.6843714679541786,14.949999809265137,-0.08338440841258887,15.714999914169312,0,0
2019-05-22,3.7770273685455322,3.835345379011772,3.7661080804872102,3.809288471143611,325868000,-0.018444226141960063,-0.04624616130961312,-0.12488476895235867,3.9577137231826782,4.40078718662262,0.8993194979328283,0.025047098834781744,0.022580998939465625,17.467995492229107,0.615875305416455,14.75,-0.013377913833897748,15.795499897003173,0,0
2019-05-23,3.6559247970581055,3.7147391040864948,3.5961176767330376,3.7147391040864948,591844000,-0.03206293194906373,-0.0803419022814017,-0.13437893145046342,3.9009591817855833,4.39021550655365,0.8885575607762963,0.02566397167682105,0.022939239871928977,15.899159404676539,1.1088599152023173,16.920000076293945,0.1471186492402674,15.978999900817872,1,0
2019-05-24,3.6020729541778564,3.7100233347697302,3.5953724714748616,3.6747842674657405,357584000,-0.014730019316475884,-0.0727016047806458,-0.14020850991712797,3.8422192096710206,4.380085544586182,0.8772018652512465,0.025577928172237526,0.02138248126285382,16.205719619515406,0.7036689239129836,15.850000381469727,-0.06323875236403576,16.13499994277954,0,0
2019-05-28,3.5569071769714355,3.6524496356158997,3.554921787536733,3.6196922482710323,428356000,-0.01253882910784343,-0.0554861039095389,-0.09542430064891771,3.8046971559524536,4.366942892074585,0.8712495789348352,0.019634918327739993,0.021011919087457594,17.92335132835015,0.8399259126504973,17.5,0.10410091979930125,16.354499959945677,1,0
2019-05-29,3.482706069946289,3.5442500534442893,3.4479633001229124,3.509259257907362,559800000,-0.02086113112693755,-0.09493103489938004,-0.1339177838013913,3.7508458852767945,4.352743043899536,0.861720034343329,0.01615487724237462,0.02056054286380488,15.452712399824463,1.0768768493792087,17.899999618530273,0.02285712105887283,16.59349994659424,1,0
2019-05-30,3.456123113632202,3.5217126668304197,3.417862461954597,3.485936525364489,394300000,-0.007632845201460459,-0.08496212063109954,-0.12727911000480008,3.7004411935806276,4.334656376838684,0.853687321872421,0.01627757690266151,0.020472748425135207,16.34701869036728,0.7555990599374212,17.299999237060547,-0.03351957509812453,16.718499898910522,1,0
2019-05-31,3.3654403686523438,3.4745079022361622,3.3637012589005266,3.4071792396318887,389720000,-0.02623828550035523,-0.07945579970340533,-0.15341407188934542,3.6394543647766113,4.315406231880188,0.8433630970567816,0.015500343664886684,0.019591245668151076,15.572741417196099,0.7471777608977483,18.709999084472656,0.08150288494762292,16.932999849319458,1,0
2019-06-03,3.323702096939087,3.4153783060627987,3.2943855368205752,3.3766207957092447,478644000,-0.012402023848656296,-0.07728073828041204,-0.14436390936943888,3.583376479148865,4.290586404800415,0.8351717320363702,0.015369565226371321,0.019334008296296938,18.994778036162515,0.9053560525413842,18.860000610351562,0.008017185099885582,17.232499885559083,1,1
2019-06-04,3.5527684688568115,3.557985798338294,3.3656890602587226,3.387800633337759,641836000,0.06891904425751028,-0.001163569333891945,-0.05658511131446453,3.5620673179626463,4.273544239997864,0.8335159572290813,0.029833197281157853,0.02697106865942597,29.10833574876196,1.189326532056834,16.969999313354492,-0.1002121546040522,17.308999872207643,0,0
2019-06-05,3.510035514831543,3.6320222094851573,3.4737625211733563,3.626556334777787,511616000,-0.012028071741758906,0.007847186738235257,-0.08782878971925412,3.528270792961121,4.257493748664856,0.8287201347195359,0.02828012815165137,0.026246806604817794,29.59176856904864,0.9518734725103966,16.09000015258789,-0.05185616949754901,17.147499895095827,0,1
2019-06-06,3.5721468925476074,3.59674297365917,3.51177467191596,3.5142591819925033,408140000,0.017695370161815882,0.033570499400835896,-0.054243842050003654,3.507782745361328,4.241151833534241,0.8270825669634702,0.02920505469104871,0.026778800783491975,32.468157769504245,0.7601337823537365,15.930000305175781,-0.009944055058717649,16.9739999294281,0,1
2019-06-07,3.614879608154297,3.649164948157457,3.558979313986619,3.5781097579801444,348856000,0.011962754302137002,0.0741178604218855,-0.011227033153646149,3.503678226470947,4.225848212242126,0.8291065013459122,0.0279969737267444,0.0270075758359198,37.764343588234276,0.6691240753549068,16.299999237060547,0.023226548951449155,16.83399987220764,0,1
2019-06-10,3.6876745223999023,3.756245446359762,3.6710285868738093,3.6710285868738093,402780000,0.020137576388822964,0.10950813726537345,0.023764529289380665,3.512238383293152,4.211628270149231,0.8339383625537071,0.028237521746849698,0.027698812888242795,46.297603435070386,0.7851061017936316,15.9399995803833,-0.02208586954156,16.82899980545044,0,1
2019-06-11,3.745313882827759,3.7853136497081814,3.7058112076060468,3.747549847548087,383872000,0.015630273246117543,0.05419588010273668,0.05296925010473408,3.531079053878784,4.19741457939148,0.8412509622508393,0.02795186844064611,0.024789172670446027,45.021852069832306,0.7687061125704933,15.989999771118164,0.003136774909103357,16.60099983215332,0,0
2019-06-12,3.632270336151123,3.7080462301100074,3.6171152047465274,3.701834955314087,358892000,-0.030182662979180375,0.03482438305911173,0.042944843234255625,3.5460354804992678,4.17959002494812,0.8484170598869404,0.02906268548279076,0.024822617603337642,43.25737096603315,0.730829600704414,15.90999984741211,-0.00500312225460775,16.493499851226808,0,1
2019-06-13,3.6834499835968018,3.701834787513184,3.636742099605151,3.654381740128526,308080000,0.01409026385957568,0.031158598567545104,0.0657751076829236,3.5687681674957275,4.162431740760804,0.8573757816971271,0.028859032455723806,0.025039391269504222,51.371426983026936,0.640016220613641,15.819999694824219,-0.005656829255251683,16.462499809265136,0,0
2019-06-14,3.5935134887695312,3.614631353049393,3.548793486774963,3.590283814836257,394428000,-0.02441637465630786,-0.00591060331209059,0.06776917583850017,3.5915754795074464,4.140685353279114,0.8673867181584292,0.028632435156068815,0.02540877931298122,49.588332167929195,0.8536851951973661,15.279999732971191,-0.03413400583248416,16.461999797821044,0,1
2019-06-17,3.6032025814056396,3.6402209762075755,3.5689170055443293,3.591773977139895,276040000,0.0026962727888426574,-0.02290656089119525,0.08409312155982773,3.6195255279541017,4.119311428070068,0.8786724653275073,0.02788752807018552,0.025090332691840498,52.305245969912384,0.6499212202433367,15.350000381469727,0.0045811943535238875,16.431499814987184,0,1
2019-06-18,3.7982325553894043,3.8536357625554243,3.6536374159713,3.6645689299172894,581920000,0.054126841213485655,0.014129302434243929,0.06909093251764209,3.644071936607361,4.100502977371216,0.888689011254793,0.024511740342694963,0.027323656210030686,64.02389271337518,1.3685112595514992,15.149999618530273,-0.013029365340009424,16.373499822616576,0,1
2019-06-19,3.804194927215576,3.84493985103334,3.7781080445919204,3.8335114834756485,331644000,0.001569775346617952,0.047332542777262177,0.08380525243721104,3.6734878778457642,4.081396875381469,0.9000565223156398,0.02370452603044305,0.02687468007036851,65.75927090545488,0.7827127452438101,14.329999923706055,-0.05412539376048964,16.342499828338624,0,1
2019-06-20,3.828543186187744,3.908791030842299,3.814133451125132,3.894878150514815,350168000,0.006400371021468398,0.039390572218185094,0.07177652581282246,3.699127507209778,4.064033422470093,0.9102108970751212,0.02347674828583387,0.02656108412883031,72.30734247343071,0.8240681906967331,14.75,0.029309147140966996,16.342499828338624,0,0
2019-06-21,3.7704060077667236,3.8628278373481844,3.7639464238964044,3.8136356763978863,434428000,-0.015185195933210882,0.049225505775898126,0.043023950026329194,3.7146801471710207,4.0440976476669315,0.9185436334145012,0.024415872283585726,0.025709576694541585,71.18276302139157,1.0416558767280686,15.399999618530273,0.044067770747815205,16.26649980545044,0,1
2019-06-24,3.792766571044922,3.8223316750293175,3.744568113644182,3.7917728616972606,282948000,0.005930545207104343,0.052609861742864306,0.028498189850178823,3.7251893520355224,4.024887070655823,0.9255388503182358,0.023809812535306497,0.025421756257263957,64.15586534121033,0.6845680646196175,15.260000228881836,-0.009090869682878533,16.236999797821046,0,0
2019-06-25,3.7634501457214355,3.872766233645329,3.7607173264509215,3.797735725721477,311868000,-0.007729562253394717,-0.009157525022688517,0.004842387970960482,3.72700297832489,4.005849537849426,0.9303901564724678,0.02358502367837303,0.025290604425439598,65.18758973397591,0.7653221234898736,16.280000686645508,0.06684144446034601,16.17599983215332,1,1
2019-06-26,3.956740379333496,4.017858241684351,3.8779833471463765,3.8909025161456934,584072000,0.051359849640045585,0.0400992733118366,0.0893298166584684,3.7594499826431274,3.9933132886886598,0.941436273806023,0.025710236656971627,0.02679677391268802,69.91761321823583,1.4290530803307753,16.209999084472656,-0.004299852531964188,16.09149980545044,1,1
2019-06-27,4.055373191833496,4.074503399227054,4.006429335736305,4.042454023040567,445440000,0.024927794862450448,0.05924708031610759,0.10097142893020106,3.796642303466797,3.981007580757141,0.9536887901993696,0.02617822110887527,0.02686691865963178,71.56405217864665,1.0830851587377235,15.819999694824219,-0.024059186408098787,16.01749982833862,0,1
2019-06-28,4.080218315124512,4.108541166361156,4.033510654715419,4.099348524838968,397668000,0.006126470269381734,0.08216948167375082,0.13543982174438285,3.845312786102295,3.9696553850173952,0.9686767271072435,0.023349701398309976,0.02561882484236625,70.16331021347699,0.9659943595187372,15.079999923706055,-0.04677621905139906,15.835999870300293,0,1
2019-07-01,4.128415584564209,4.321705992505331,4.090900102637731,4.287420420704294,709756000,0.011812424168834434,0.08849714508710571,0.14576282939764074,3.8978340864181518,3.959758496284485,0.9843615690390113,0.023078135980030542,0.025071659799113695,69.87105938173897,1.6770276445539534,14.0600004196167,-0.06763922475131423,15.59599986076355,0,0
2019-07-02,4.030529022216797,4.132888674896865,4.017361543065561,4.111770572605332,400228000,-0.023710442987717073,0.07096649780228814,0.06115909530020258,3.9210637331008913,3.946826863288879,0.9934724448068342,0.021053286569198266,0.022242641586312794,70.9872283839154,0.9734539534010374,12.930000305175781,-0.08036984926859081,15.393999910354614,0,1
2019-07-03,4.043447494506836,4.059596573016038,3.9835723656335356,4.053882152471348,246636000,0.0032051555065923942,0.021913774182966694,0.06289177391505985,3.944988989830017,3.9330616903305056,1.0030325737144767,0.02102007881083176,0.021829580678202096,69.76811716394872,0.6198547751004541,12.569999694824219,-0.027842273925349992,15.21799988746643,0,0
2019-07-05,3.980839729309082,3.9895352780116817,3.917485904336583,3.9850633492320395,396552000,-0.015483758669503911,-0.018378940481853956,0.0397792412714002,3.960218644142151,3.917796196937561,1.0108281403810004,0.022120441503000167,0.02225635241219222,71.92688787858665,0.9980826238605355,13.279999732971191,0.056483695734640404,15.0854998588562,0,0
2019-07-08,3.905808687210083,3.9400942616421504,3.8757469693085915,3.921212364820775,329788000,-0.018848043930676295,-0.042745170587546455,0.03591196257496976,3.973758912086487,3.903144426345825,1.018091691730396,0.02250274854371481,0.022855638630356723,65.95074707821863,0.8320407386812608,13.960000038146973,0.0512048432868184,14.968499898910522,0,1
2019-07-09,3.9082939624786377,3.936368267434606,3.8509030973287963,3.863573721657893,342860000,0.0006363023556921199,-0.0533186685246968,0.030459926618127575,3.9853116512298583,3.8929199266433714,1.0237332712533214,0.022508261240595216,0.02255040530763677,57.279007245405595,0.8716091237539544,14.09000015258789,0.009312329089232074,14.875999927520752,0,1
2019-07-10,3.9766154289245605,4.03400604054128,3.937857929679908,3.9517708052233553,452076000,0.01748114832247505,-0.013376306930196424,0.05664092121572728,4.006628179550171,3.8834463930130005,1.0317197082361678,0.0225562035404398,0.022608051901608812,60.5342767779316,1.1393773694183045,13.029999732971191,-0.0752306890090424,14.727999925613403,0,1
2019-07-11,4.131149768829346,4.1718947004786635,4.012392720103022,4.049659431658763,682560000,0.03886077058916837,0.02168997481521795,0.04407905820831948,4.024069118499756,3.8762347078323365,1.0381386633705911,0.019942974697599418,0.022506983465750228,65.95076419455442,1.6528557383559588,12.930000305175781,-0.007674553326533884,14.578999948501586,0,1
2019-07-12,4.1641926765441895,4.235248350308452,4.158975346633324,4.158975346633324,506392000,0.007998477315966923,0.0460588618740827,0.02683340831118297,4.034951066970825,3.8699469137191773,1.0426373169788707,0.01869584326507829,0.022442728669927928,71.32102604616459,1.1975020431637255,12.390000343322754,-0.041763337131312306,14.407499980926513,0,0
2019-07-15,4.155745983123779,4.201459940025243,4.127423602088559,4.185311330386001,289840000,-0.0020284108052895933,0.06399117722589387,0.018510692851728683,4.042503833770752,3.8621401739120484,1.0467004437272946,0.018712850524816138,0.021357500101195,69.95365084158244,0.693987848987248,12.680000305175781,0.023405968831091695,14.277500009536743,0,0
2019-07-16,4.151022434234619,4.178102775193071,4.095370478357644,4.14083609008282,341444000,-0.0011366308018685434,0.062105991536532956,0.005475914235702151,4.044764518737793,3.854328360557556,1.049408389832331,0.018403279146811946,0.021420048037654446,71.89764227979587,0.811195815586257,12.859999656677246,0.014195532111145992,14.152999973297119,0,1
2019-07-17,4.216367721557617,4.2233241635374545,4.12344899068742,4.152765560137327,348204000,0.015741974021647565,0.06029054026426062,0.046107768562502205,4.063348388671875,3.849391808509827,1.0555819180809434,0.016743385972830954,0.018529634149464052,67.14801682809654,0.8508789463884,13.970000267028809,0.0863142021761425,14.094000005722046,0,1
2019-07-18,4.228042125701904,4.2908988524978815,4.170154418749741,4.226800107676858,442192000,0.0027688296930550305,0.02345408961050932,0.045652783038693245,4.081807851791382,3.8480339860916137,1.060751507534685,0.01674811624845976,0.01851853773067581,62.88458445593495,1.0661497362304584,13.529999732971191,-0.03149610061898722,14.053999996185302,0,0
2019-07-19,4.184812068939209,4.272761716743383,4.178849340793863,4.2663023710111085,344896000,-0.010224604078541089,0.0049515942216513675,0.05123852089004566,4.102205085754394,3.8454095411300657,1.066779764776072,0.01611814043604916,0.018844197744589657,57.59637588708482,0.8320924581488105,14.449999809265137,0.0679970505876657,14.038999986648559,1,1
2019-07-22,4.2563652992248535,4.26928446749446,4.198725896647237,4.206179426989189,315940000,0.01709831388050409,0.024212094894558778,0.08975263257586041,4.137260746955872,3.846067442893982,1.0757119599137297,0.014053828077622977,0.01843622070874736,58.987744137517545,0.7732862093947641,13.529999732971191,-0.06366782618945466,13.945499992370605,0,1
2019-07-23,4.364190578460693,4.366177997005154,4.279967438837135,4.295619899958281,428176000,0.025332712691618964,0.051353166021946395,0.11664849685281253,4.182850408554077,3.8495618009567263,1.0865783236716757,0.014633502105162987,0.018923155060377457,73.11508736137336,1.0296915032943799,12.609999656677246,-0.0679970505876657,13.812999963760376,0,1
2019-07-24,4.438724994659424,4.44443941661251,4.331396786930893,4.4074210130505955,366236000,0.017078634596433995,0.05273668896688721,0.11620675270070979,4.2290613651275635,3.8596937465667724,1.0956986856507325,0.014614814120373455,0.018704186286828826,75.22975792785071,0.8750159479992489,12.069999694824219,-0.04282315436599449,13.60249991416931,0,0
2019-07-25,4.307544231414795,4.409903852870786,4.284190408509909,4.397232995361022,392700000,-0.029553703687987598,0.01880352734179347,0.042698636567571,4.246700811386108,3.865420255661011,1.0986388362731585,0.01613502013695743,0.017655678535856697,69.17440379173235,0.960195530726257,12.739999771118164,0.05550953547921389,13.428999948501588,0,1
2019-07-26,4.349532604217529,4.396240260376979,4.334626016349422,4.334626016349422,274160000,0.009747635902729535,0.039361513149161365,0.04450800961187773,4.265234804153442,3.873207507133484,1.1012151547000624,0.01618886954912761,0.017042591098918543,77.09314205173908,0.68468929251437,12.15999984741211,-0.04552589749812441,13.245999956130982,0,0
2019-07-29,4.343321323394775,4.359470402443908,4.255123345438182,4.342327614108528,248160000,-0.0014280340873249475,0.020429643147818588,0.045136382500934324,4.283992338180542,3.8805677604675295,1.1039601941300485,0.016163133338351402,0.0170683999000082,76.44183016765282,0.6315471224854291,12.829999923706055,0.05509869117609689,13.133499956130981,0,1
2019-07-30,4.358972072601318,4.371145837175373,4.282450792835538,4.296860758072301,197772000,0.0036034057904585914,-0.001195755722752101,0.05009600445704199,4.304787302017212,3.8900575828552246,1.106612745525886,0.016047167866883726,0.016950394974697525,74.83024542263378,0.5383886235281371,13.9399995803833,0.08651595193124617,13.127499914169311,1,0
2019-07-31,4.191769599914551,4.328414817582776,4.149533874289371,4.327420634406014,359416000,-0.038358234441953076,-0.055636561184124744,-0.00583396023959204,4.302327489852905,3.898575773239136,1.1035639013060174,0.02052438844826444,0.018412152946700008,53.87292985655455,0.9838926909389543,16.1200008392334,0.15638460003383692,13.286999940872192,1,0
2019-08-01,4.097360610961914,4.2926384699864295,4.045186844171994,4.2022042883899395,421212000,-0.022522466157147814,-0.048794303473431055,-0.030908281151123984,4.289259338378907,3.903562970161438,1.098806237062321,0.021620412985166173,0.019213967968372585,46.04063968089404,1.1261485746552138,17.8700008392334,0.10856078839281391,13.55199999809265,1,0
2019-08-02,4.004690647125244,4.074007209948894,3.9572378238767767,4.004690647125244,428348000,-0.02261698996879713,-0.07928253181914502,-0.04304169908868172,4.27124719619751,3.9081162357330324,1.0929171341282704,0.022425610575232804,0.019595314176878913,41.86298594350895,1.140380162217739,17.610000610351562,-0.014549536467340696,13.76850004196167,1,0
2019-08-05,3.746307373046875,3.822331585896889,3.6993511718936496,3.8210893307733085,589156000,-0.0645201581959518,-0.137455625751693,-0.1198341519866416,4.220241403579712,3.9099238872528077,1.079366638654682,0.02799035887189948,0.02410813640790031,32.87802441520945,1.5161495366545974,24.59000015258789,0.39636566157376074,14.300000047683715,1,1
2019-08-06,3.785064697265625,3.8665547864405707,3.7373633319030835,3.821089385558157,361272000,0.010345473651626413,-0.131661172812516,-0.13269949393441327,4.162328815460205,3.913583722114563,1.063559415361438,0.02608653420119665,0.024257116128705132,31.33324638080748,0.9275095017401458,20.170000076293945,-0.17974786697302148,14.604000043869018,1,1
2019-08-07,3.8233253955841064,3.835250855534776,3.706804563003239,3.724195661318012,372560000,0.010108334038813505,-0.08789705530045233,-0.1386433265894491,4.100788855552674,3.9189120864868165,1.0464100150888824,0.02524878957395372,0.02401118372907882,32.877929630565816,0.9663534888691413,19.489999771118164,-0.03371345079839605,14.927000045776367,1,1
2019-08-08,3.9318957328796387,3.93313798792632,3.823573604329803,3.8809644606453158,309300000,0.02839683418547878,-0.04038328421462278,-0.08720711346283172,4.0632240056991575,3.9278958797454835,1.0344530838130166,0.02792344157306207,0.023180844618923214,39.860611218545,0.8430806871557353,16.90999984741211,-0.13237557485912876,15.126000022888183,1,0
2019-08-09,3.8305304050445557,3.8943808514754075,3.7800959826754443,3.8909026317903614,341816000,-0.02578026853241222,-0.04348906255860463,-0.11932367139166233,4.01132378578186,3.9353840255737307,1.019296658144324,0.027569970034221798,0.023624340700534992,33.326867264171284,0.9530894490296676,17.969999313354492,0.0626847708756546,15.40499997138977,1,0
2019-08-12,3.762704849243164,3.830530369406477,3.7408415850434666,3.778356837680249,279200000,-0.017706570273419486,0.004376970323967999,-0.13368029462250253,3.953262138366699,3.943329315185547,1.0025188926379802,0.027337811580395922,0.023818381713385024,25.687910363014055,0.7796530655556424,21.09000015258789,0.17362275784366643,15.825499963760375,1,1
2019-08-13,3.8769893646240234,3.922951856155256,3.7222081208155413,3.7612139363125627,351956000,0.030372968372432085,0.024286154850881703,-0.1105725615924078,3.9050638675689697,3.9543950605392455,0.987524971022104,0.030383731330026465,0.02507418846087518,28.001511824762773,0.981380439534946,17.520000457763672,-0.16927452200071014,16.058500003814697,1,0
2019-08-14,3.7284200191497803,3.799972319138916,3.684693718905749,3.7887922574571142,419880000,-0.03832080294825646,-0.024822730637559798,-0.11053794101045433,3.8587289094924926,3.957908091545105,0.9749415146186746,0.03038001972146291,0.025837857516038946,27.625274707256807,1.1591933463163282,22.100000381469727,0.26141551392919693,16.465000009536745,1,0
2019-08-15,3.6961214542388916,3.7671768872418476,3.6618361113938542,3.7473012780983,477200000,-0.008662802137365921,-0.059964529748114836,-0.09792624931512328,3.8186049938201903,3.961629810333252,0.9638974807439087,0.030122372377411,0.025764454452517595,24.564721186009834,1.3111049933538077,21.18000030517578,-0.041628962009672255,16.847500038146972,1,1
2019-08-16,3.964193820953369,4.0133857486541995,3.8976103218634126,3.9589764916981913,1007960000,0.07252801890669458,0.03489423180998319,-0.010112348178740183,3.814555311203003,3.969470748901367,0.9609732764144338,0.03927381491690108,0.031188489105064193,37.74097118383208,2.538168467545156,18.469999313354492,-0.12795094205730695,17.04850001335144,1,1
2019-08-19,4.24294900894165,4.258849778782694,4.061335727920661,4.077484806609766,815112000,0.0703182539952707,0.127632694813967,0.13256830965550392,3.8642194747924803,3.9820321369171143,0.9704139348770188,0.03790764614706047,0.03496700249701638,46.79392258073697,1.9311807535829735,16.8799991607666,-0.08608555558733899,17.21599998474121,0,0
2019-08-20,4.170652389526367,4.237981058827064,4.149534287674017,4.237483967189162,463188000,-0.01703923833704446,0.07574512006194833,0.10187083262785324,3.9027782440185548,3.9916916942596434,0.9777253713334241,0.039103827390183664,0.03466029630387559,49.38416483456887,1.0928621886783905,17.5,0.036729909363647284,17.46050000190735,1,1
2019-08-21,4.254128932952881,4.309283823277182,4.2151231208071644,4.236737836701404,427244000,0.020015224389389408,0.14100045357094237,0.11267770665461718,3.945858597755432,4.001867995262146,0.9860041866515776,0.03922033375195243,0.034750139858713176,54.60112834126109,1.0008512919069172,15.800000190734863,-0.09714284624372205,17.64700002670288,0,1
2019-08-22,4.260341167449951,4.306303425891061,4.221086565934948,4.263819387290122,303488000,0.0014602835492243393,0.15265183252135417,0.08353360742090832,3.9787031412124634,4.0144294118881225,0.9911005358395738,0.038847442677373056,0.03412119265301476,57.90446201129162,0.718450830926566,16.68000030517578,0.05569620910238671,17.84400005340576,0,0
2019-08-23,4.035746097564697,4.238229188545008,4.015870488711359,4.183819691538798,568056000,-0.05271762543366598,0.018049641325085464,0.05357370150355312,3.9992247104644774,4.02147533416748,0.9944670495641349,0.04228709409420437,0.03598941860848438,59.140133545991816,1.2995579193383524,19.8700008392334,0.19124703091688589,18.229500102996827,1,1
2019-08-26,4.110527515411377,4.1386020504512615,4.072267105940194,4.114502825976818,318208000,0.01852976278458285,-0.031209777268406125,0.09243952956825052,4.034006977081299,4.031815614700317,1.0005435175093305,0.041574131940337586,0.036314205458257046,60.04909524353573,0.7221869686430761,19.31999969482422,-0.02767997590232607,18.554000091552734,1,0
2019-08-27,4.019845008850098,4.151520713885262,3.9905284560210776,4.14878789520998,290968000,-0.022061038691819523,-0.03615918244708849,0.03684705599906324,4.048292541503907,4.040148463249206,1.0020157868773343,0.041974495867520514,0.036553663324680505,55.8775363923755,0.6534539174491384,20.309999465942383,0.051242224987373186,18.872500085830687,1,0
2019-08-28,4.009400844573975,4.0621233705928095,3.954191348776583,3.993484807200395,255612000,-0.0025981509866995767,-0.05752719116790739,0.07536190235569773,4.076390624046326,4.044371829032898,1.0079168771732554,0.03937379779059475,0.03561688509988579,52.462575787004624,0.580821783339105,19.350000381469727,-0.04726731214751967,19.034000062942503,1,1
2019-08-29,4.153143405914307,4.185473054575782,4.097436343272871,4.100918005041658,357976000,0.035851382017555666,-0.025161778675065194,0.12364906222204364,4.122092819213867,4.051350798606872,1.0174613416915959,0.039797524405859944,0.03620113247675385,59.98161149895052,0.8193076614979687,17.8799991607666,-0.07596905383582586,19.034499979019166,0,1
2019-08-30,4.165825366973877,4.249137149879678,4.147670924190445,4.199398729547194,290616000,0.0030535813045873272,0.03223177728838644,0.050863190632797206,4.142255973815918,4.058096442222595,1.0207386721315153,0.033743937287804664,0.03576110123706675,62.913136984753,0.6757908130994813,18.979999542236328,0.06152127701904009,19.102999925613403,0,0
2019-09-03,4.082763671875,4.126035890590796,4.059884315139665,4.09296010286523,296140000,-0.01993883271185093,-0.006754326161857227,-0.03775330241515362,4.126237440109253,4.064343595504761,1.0152284970869458,0.02555079450893471,0.03260907288276435,56.726100242802964,0.7129245071350228,19.65999984741211,0.035827203455014445,18.856499910354614,1,1
2019-09-04,4.196914196014404,4.204375105695082,4.1434455291553975,4.1434455291553975,227728000,0.027959130949889444,0.04404875978413858,0.0062968101954474776,4.1288636207580565,4.072426548004151,1.0138583402520949,0.02683999968100804,0.033001985136932706,65.66606697335375,0.5571867023692081,17.329999923706055,-0.11851474780213478,18.71449990272522,0,1
2019-09-05,4.469976425170898,4.47619361108843,4.297384649844014,4.299125480874559,695676000,0.06506261896319154,0.11487391718895679,0.050738352226713745,4.150448369979858,4.08655707359314,1.015634504849957,0.033378310714994114,0.0355766410526526,72.28825599560523,1.6374001979917443,16.270000457763672,-0.061165578223251416,18.553499937057495,0,0
2019-09-06,4.442869663238525,4.5035502065782005,4.404819927731002,4.446599880651899,376976000,-0.006064184540153783,0.06976071592221755,0.04284363355290344,4.168701219558716,4.09627965927124,1.0176798378801022,0.033562799585858075,0.03539305771104272,66.00869569100189,0.8802708698190309,15.0,-0.07805780098535009,18.45799994468689,0,1
2019-09-09,4.4888787269592285,4.575423685796413,4.472465101474073,4.473957378611209,417524000,0.010355708631606841,0.0775484643563018,0.11227976647687687,4.214014482498169,4.1049497699737545,1.0265690735906647,0.02682156179241545,0.03455953090493726,59.741308123700065,0.9664115486832792,15.270000457763672,0.018000030517578036,18.32300000190735,0,1
2019-09-10,4.555527210235596,4.582136790985411,4.446351465394073,4.456050315577529,352812000,0.014847468004892006,0.11579498015457745,0.10825853692885046,4.258514451980591,4.114455947875976,1.0350127710515364,0.026732056906907165,0.03402173103580711,65.31346131152156,0.8097292731963022,15.199999809265137,-0.004584194263265062,18.02849998474121,0,1
2019-09-11,4.5841264724731445,4.6323726411701935,4.541102797851077,4.570199821606527,361512000,0.006277925894787817,0.09226118485492418,0.14037393540813725,4.3149425983428955,4.123570165634155,1.0464094037500897,0.024267953841694976,0.03369285814457431,63.72955559849558,0.8287875710292076,14.609999656677246,-0.038815799999435296,17.88299994468689,0,0
2019-09-12,4.582634449005127,4.68534397916281,4.574676430118892,4.630632065686321,327840000,-0.0003254760698634396,0.025203270245417686,0.14297238581343752,4.372265958786011,4.134612274169922,1.057479073938995,0.024110778955725044,0.03191174758620361,63.461893904267505,0.7596066468362003,14.220000267028809,-0.02669400402553701,17.488999938964845,0,0
2019-09-13,4.524688243865967,4.553039123427672,4.480918439928201,4.515984088869944,324592000,-0.01264473651214748,0.01841570580033669,0.08946111454339856,4.409420442581177,4.144237089157104,1.0639884610168402,0.024039112546394698,0.03205195989089759,73.72563773644978,0.7656168698376786,13.739999771118164,-0.03375530850189912,17.116999912261964,0,0
2019-09-16,4.481665134429932,4.516233204088188,4.439139046979034,4.449584034270801,231832000,-0.00950852459158058,-0.0016069920726469178,0.07581685251618842,4.441004419326783,4.154253597259522,1.0690258346905988,0.024695424084623573,0.028799804312057302,68.58195635628141,0.6019187080526022,14.670000076293945,0.06768561285791774,16.926999950408934,0,1
2019-09-17,4.503053665161133,4.507281466788618,4.441875530424798,4.488380873986106,223048000,0.004772451776212883,-0.011518654735847567,0.10294252302218498,4.4830334186553955,4.166198496818542,1.076048926156255,0.022796721080910305,0.024580706561980404,75.99694612935235,0.6273291261638951,14.4399995803833,-0.015678288664927487,16.80499997138977,0,0
2019-09-18,4.475944995880127,4.511756786968211,4.38940054559531,4.496089306245021,258152000,-0.006020063560587374,-0.02359914745865499,0.06648475209016769,4.510936498641968,4.177551517486572,1.0798039185776402,0.02236277926463835,0.024222547441950137,74.65823231432245,0.7476165653055314,13.949999809265137,-0.033933503141082344,16.627499961853026,0,0
2019-09-19,4.400341987609863,4.500315952492896,4.3896479742191135,4.481912478040276,245476000,-0.016890960085490847,-0.03977896631812705,-0.015578256110908462,4.503973054885864,4.1860260486602785,1.0759543783363086,0.01041099224732102,0.024329012312011792,64.07926776607492,0.7301235293487791,14.050000190734863,0.0071684862248750925,16.539999961853027,0,0
2019-09-20,4.294650077819824,4.422974981792765,4.284454117212806,4.399349477724203,350244000,-0.024019021723229228,-0.050840666505145626,-0.033361227461860765,4.489151096343994,4.189296054840088,1.0715764743237637,0.012599894970673974,0.025014551015011037,56.63435173102396,1.0345432601564204,15.319999694824219,0.09039142255149901,16.47199993133545,0,1
2019-09-23,4.348117828369141,4.393628469610187,4.291167506740265,4.2948981982130965,249712000,0.01244985029757295,-0.029798590937735958,-0.0313576969109699,4.475075006484985,4.192974557876587,1.0672793132213185,0.012866934611476635,0.021717826637681823,64.095126552397,0.7739835019567173,14.90999984741211,-0.026762392661836998,16.223999881744383,0,0
2019-09-24,4.290669918060303,4.409046903518779,4.2551071589321605,4.379452775739381,317268000,-0.01321213282998479,-0.0471643828595657,-0.05813976735342463,4.448589277267456,4.195673036575317,1.060280255035931,0.011504051201383978,0.021756414618933267,55.299359074566205,0.9835169127411921,17.049999237060547,0.1435277942018136,16.1104998588562,1,1
2019-09-25,4.432425022125244,4.452071752433489,4.245408963674291,4.290173473504312,308432000,0.0330379886526031,-0.009723080555042674,-0.03309277160192681,4.433419132232666,4.20130108833313,1.0552490857044547,0.016626583975437058,0.02198760027295756,47.507499561642,0.9535445670911623,15.960000038146973,-0.0639295746444557,15.89299988746643,1,0
2019-09-26,4.4102911949157715,4.4314302014339715,4.359309498930814,4.422726044144418,234564000,-0.004993615706749166,0.002261007743016963,-0.03760789912596463,4.416184806823731,4.205179557800293,1.0501774647486903,0.016601298408727948,0.022038335295775927,47.823211179293075,0.7275422913965621,16.06999969482422,0.00689220904851684,15.728999853134155,1,0
2019-09-27,4.27152156829834,4.419244154293702,4.210840550728801,4.368511015596242,362056000,-0.03146495786432579,-0.005385423515860799,-0.055952291500047546,4.390868139266968,4.206049146652222,1.043941234676692,0.018666024424743806,0.022218682830243038,37.07861664993257,1.12227147329593,17.219999313354492,0.0715618942357954,15.69599986076355,1,1
2019-09-30,4.328969478607178,4.339165913267927,4.266050513424115,4.297385955837763,186184000,0.01344905073995073,-0.004403824946285995,-0.03407118810588616,4.375598573684693,4.208932294845581,1.039598232322059,0.019521997759782462,0.022374619113170194,36.38270333973797,0.586612491193755,16.239999771118164,-0.056910544791736295,15.558999872207641,1,0
2019-10-01,4.327228546142578,4.501312646724245,4.3225036353085935,4.3520977711315325,366008000,-0.00040215863687720343,0.008520494183995142,-0.0390457525254172,4.358016061782837,4.2103495597839355,1.035072266542752,0.019352413855367234,0.02177771381784598,34.04393445963315,1.1406318463683511,18.559999465942383,0.14285712607891754,15.503999853134156,1,0
2019-10-02,4.303353309631348,4.317279957967904,4.230984069733126,4.305342695296318,293372000,-0.005517442921408322,-0.02911988625856321,-0.038559831813760215,4.340756893157959,4.209132814407349,1.0312710680689563,0.01934667815346618,0.02104329896526358,33.12296167032525,0.9050110437926482,20.559999465942383,0.10775862379037249,15.665499830245972,1,1
2019-10-03,4.509019374847412,4.515236558736405,4.277487974647207,4.307828230471702,450588000,0.04779204736821452,0.022385864236233566,0.02469748659162274,4.351624631881714,4.2105387020111085,1.0335078097734187,0.024574093068650382,0.01849611965113348,49.19656680231631,1.4446108744328485,19.1200008392334,-0.07003884553082507,15.807999849319458,1,1
2019-10-04,4.525435924530029,4.554781506902025,4.446103335376834,4.511260242747029,265524000,0.0036408248263897214,0.05944353836725269,0.053737986222002876,4.374703216552734,4.214896535873413,1.0379147339250656,0.022717553431899656,0.01843941245377036,52.30733730951912,0.866770909162132,17.040000915527344,-0.10878660211342595,15.909999895095826,1,1
2019-10-07,4.5841264724731445,4.683851443574872,4.581639502769681,4.590343659561317,480984000,0.012969037441229458,0.05894174009008313,0.05427834603841086,4.398304080963134,4.219588413238525,1.0423538151645093,0.02273584334122138,0.01851768619239845,54.111968439647015,1.5540176407870505,17.860000610351562,0.04812204523281527,16.03949990272522,1,0
2019-10-08,4.407556056976318,4.492359696487562,4.389401602417057,4.492359696487562,444436000,-0.03851778884310886,0.018563269764280577,0.027241932180338102,4.409992694854736,4.2208731079101565,1.0448057977839131,0.026198309552178764,0.02021634811091212,46.98800595418103,1.4149902958121718,20.280000686645508,0.13549831990998507,16.29349994659424,1,1
2019-10-09,4.494100093841553,4.543589986950533,4.455553247428991,4.484401243568398,292412000,0.01963537973118945,0.044325150757037246,0.013914521150035553,4.416160202026367,4.223575668334961,1.0455975099807617,0.024796137940172422,0.020700159911454418,54.08989043565731,0.9413326585890505,18.639999389648438,-0.08086791131506321,16.4949999332428,1,1
2019-10-10,4.551794528961182,4.602776201737994,4.486637656291718,4.4918601482880405,309124000,0.012837817119091266,0.0094865758067888,0.0320848052410998,4.430310535430908,4.230776166915893,1.0471625916008858,0.024905482274897826,0.020923714356091357,61.707325015685136,0.9981388464464366,17.56999969482422,-0.05740341898393164,16.66249990463257,1,1
2019-10-11,4.625410556793213,4.708721929678358,4.616954952400887,4.6358555477457,446404000,0.01617296812578939,0.022091713136688895,0.08284846110138044,4.4656994342803955,4.24133716583252,1.0528989466471328,0.021856031036198684,0.021008644592928026,62.39719722399994,1.4136058342384679,15.579999923706055,-0.11326122969167607,16.754499912261963,0,1
2019-10-14,4.638837814331055,4.6597277880704375,4.585617712750417,4.616704118721902,200040000,0.002902933128416274,0.011934954715242307,0.07158016180413806,4.496686267852783,4.254020109176635,1.0570439613467448,0.021829351169580923,0.020854989572126732,66.20368377206046,0.6366617080636815,14.569999694824219,-0.06482671590678579,16.749499893188478,0,1
2019-10-15,4.88355016708374,4.956168445454992,4.715186168860915,4.729113293362089,664124000,0.052752944282009606,0.10799502126672089,0.12856303174397476,4.552318429946899,4.276764965057373,1.0644303503093793,0.02588132599349343,0.023756838805862383,69.15922637129059,1.975059419155451,13.539999961853027,-0.07069318836959781,16.704499912261962,0,0
2019-10-16,4.829832077026367,4.95442671626193,4.818392398516744,4.84947880108782,428944000,-0.010999803057096691,0.07470505244083947,0.12234151590962927,4.604966306686402,4.297660312652588,1.0715054172916099,0.026358281314509166,0.023896708550051854,67.35232573045785,1.24405588483353,13.680000305175781,0.01033975950643895,16.690999937057494,0,1
2019-10-17,4.831822395324707,4.9193615349174875,4.77735857266491,4.874348480439834,263436000,0.00041208850879237424,0.061520322277691664,0.07159051528542593,4.637246608734131,4.3178302526474,1.073976126294193,0.023270973545200267,0.023405649134104756,76.13074847734677,0.7620523192846366,13.789999961853027,0.008040910396444056,16.677999925613403,0,0
2019-10-18,4.737319469451904,4.8648981994758875,4.662960840376876,4.832319517383728,307440000,-0.019558443614203225,0.02419437394467261,0.04682058225006891,4.658434963226318,4.333938727378845,1.0748732864628494,0.02477111128574666,0.023134801276259814,68.40798800389322,0.8948848007554011,14.25,0.03335750829727768,16.62449994087219,0,1
2019-10-21,4.874597072601318,4.88802661239417,4.779845578825487,4.7987461666534745,261868000,0.02897790702835934,0.050822914640800354,0.063364438540777,4.687482023239136,4.35482006072998,1.0763893703689316,0.025847280776715657,0.023696929764489234,71.98793715274971,0.7608893992452357,14.0,-0.01754385964912286,16.578999948501586,0,0
2019-10-22,4.864650726318359,5.036744965587818,4.856941261862474,4.9315484621583225,328720000,-0.0020404448069901715,-0.003870020808379837,0.10370705747883746,4.73319149017334,4.376858978271485,1.0814128382181916,0.0208934252731023,0.023349453793674466,72.8026382366091,0.953549558643936,14.460000038146973,0.03285714558192665,16.449499988555907,0,0
2019-10-23,4.851718425750732,4.865893631533016,4.750749730863077,4.7825822795460935,279916000,-0.002658423244583985,0.004531492684491045,0.07957507052396062,4.768953323364258,4.396353559494019,1.0847520015913192,0.020953349555074725,0.02256979916655399,66.50703790574414,0.8153513820857821,14.010000228881836,-0.031120318677592684,16.35199999809265,0,1
2019-10-24,4.895737171173096,4.929310079489303,4.85893068016182,4.893001172202117,232020000,0.009072815353160513,0.013227881867146518,0.07556198770035638,4.803347587585449,4.419699902534485,1.0868040123789764,0.020888089930434898,0.02246849002682905,67.37457110486251,0.6760883501369543,13.710000038146973,-0.02141328949562815,16.23400001525879,0,1
2019-10-25,5.086730480194092,5.10762045221123,4.968602052373202,4.97631151457108,423092000,0.039012165552022804,0.0737571137001265,0.09973599483473983,4.8494795799255375,4.447512083053589,1.0903803046209972,0.02307544687247386,0.021889633698440474,70.97777270047698,1.2219905854979236,12.649999618530273,-0.07731585825436416,16.005500030517577,0,1
2019-10-28,5.1426873207092285,5.195160817812477,5.1011554471025145,5.130501026468561,330792000,0.011000551480565557,0.0549974170408396,0.10861546071337091,4.899864530563354,4.4710819530487065,1.0959013012996268,0.022948748133069997,0.021870260163817504,84.11818391856687,0.9358624486578763,13.109999656677246,0.03636364047577878,15.849000024795533,0,0
2019-10-29,5.046442985534668,5.13522585233698,5.027045287413625,5.12875963673601,211236000,-0.01871479426466227,0.03737005377031277,0.03335541007623166,4.916153812408448,4.487151832580566,1.0956067447312479,0.01918077350577467,0.022648565938075942,75.40603482347656,0.6109967615748534,13.199999809265137,0.0068650003771777435,15.58100004196167,0,1
2019-10-30,5.048431396484375,5.079020688675397,4.980289962888959,5.073300612466931,205960000,0.0003940222757705669,0.04054500972059283,0.045260231820025254,4.938013744354248,4.504707412719727,1.0961896726990559,0.01855523486993324,0.02250153781148329,74.07761536309815,0.6033636733821001,12.329999923706055,-0.06590908319168498,15.169500064849853,0,0
2019-10-31,4.999192237854004,5.048433102920363,4.919362544598043,5.027543125196636,209732000,-0.009753357976630128,0.021131662722841504,0.0346390717281424,4.954750728607178,4.519608678817749,1.096278700372629,0.019080556761813756,0.020794129781542915,68.5601283880509,0.6368827931840556,13.220000267028809,0.07218169901295868,14.874500036239624,0,1
2019-11-01,5.038237571716309,5.070567234133358,4.938760665698529,4.963878446909115,283640000,0.00781032855001107,-0.009533217587721077,0.06352075349886,4.984842538833618,4.5351666069030765,1.0991531228965392,0.01727099103596893,0.020796709060397656,69.34015501642155,0.8589529277806042,12.300000190734863,-0.06959153235332838,14.6375,0,1
2019-11-04,5.234950542449951,5.2473853893637274,5.096181161014931,5.119309075026829,376716000,0.039044004561823664,0.017940663312191907,0.0739247704952013,5.020877885818481,4.559150695800781,1.1012748252526452,0.01895061138228097,0.022062738559899226,67.84543289231911,1.1591168809111065,12.829999923706055,0.04308940851646659,14.385999965667725,0,0
2019-11-05,5.212818145751953,5.260815286841443,5.16482053032148,5.23470281570408,300868000,-0.004227813905504418,0.03296879816024667,0.07157089769055047,5.055694627761841,4.581196508407593,1.1035751508330696,0.019082779240585837,0.01953610872872132,70.09410841681903,0.9466491223764585,13.100000381469727,0.021044462928233587,14.026999950408936,0,0
2019-11-06,5.163578510284424,5.214311187887391,5.076038860980727,5.188696294351499,269012000,-0.009445876316950708,0.022808493323339007,0.06427827362743854,5.08688063621521,4.604071178436279,1.1048657675059905,0.01958252221896065,0.019752856231073607,66.58398625118288,0.849545024193584,12.619999885559082,-0.036641258162833146,13.725999975204468,0,1
2019-11-07,5.181233882904053,5.264794260554901,5.136469377936064,5.2501214716749915,280340000,0.003419212583766207,0.036414211814385755,0.058315367379607075,5.115430307388306,4.627507839202881,1.1054395767959353,0.019579009641747892,0.019722356189737705,74.03739993410704,0.8893612296369144,12.729999542236328,0.008716296170740545,13.483999967575073,0,0
2019-11-08,5.167306423187256,5.198890410986019,5.126769725533212,5.164322344682457,189100000,-0.0026880584879118707,0.02561785736256561,0.01584041916647605,5.123487901687622,4.64779109954834,1.102349006646514,0.015810114658442828,0.019695392922528355,68.293588589752,0.6254345132690678,12.069999694824219,-0.051846022870803976,13.308499956130982,0,1
2019-11-11,5.177255153656006,5.200383070318119,5.0802652339781655,5.166561136650646,243436000,0.0019253223350772508,-0.011021190807075643,0.0067217450315470995,5.1269446849823,4.668019695281982,1.0983125649971353,0.01547276612018465,0.019704004360690343,69.53692197199301,0.7994099558780453,12.6899995803833,0.05136701750083272,13.214499950408936,0,1
2019-11-12,5.212818145751953,5.268773779861292,5.180488013003898,5.215553670203346,283504000,0.006869082369029833,0.0,0.03296879816024667,5.143582201004028,4.690620784759521,1.096567477319045,0.013930080338606045,0.016315329889317044,71.94692958432232,0.9930484089382203,12.680000305175781,-0.0007879649754265472,13.171499967575073,0,0
2019-11-13,5.186953544616699,5.2090867663225735,5.120552930817236,5.1814820220951665,300188000,-0.004961730950912124,0.004526905959833627,0.02743865118753286,5.157434415817261,4.710421571731567,1.0948986916093308,0.014156815682429769,0.016089292577924342,68.09895547785865,1.0757467815895887,13.0,0.025236568385065494,13.137499952316285,0,1
2019-11-14,5.217293739318848,5.219532154092562,5.135971784320938,5.195906181842262,518080000,0.0058493284046541305,0.006959704431366731,0.04362734839708171,5.179244565963745,4.725367918014526,1.096051070694179,0.0134624326279277,0.016076843503119304,60.13912783304661,1.7755660884972737,13.050000190734863,0.0038461685180664062,13.100499963760376,0,0
2019-11-15,5.07802677154541,5.266783148824371,4.9897410176055805,5.215055323468847,1053628000,-0.026693334654302903,-0.017277793173097078,0.007897444148420085,5.183223485946655,4.738071060180664,1.0939522476788301,0.01654772756636303,0.016693659685285602,45.55395043748028,3.201617539633246,12.050000190734863,-0.07662835137044455,12.99049997329712,0,1
2019-11-18,5.279218673706055,5.305828253717168,5.067582435266569,5.070566514339797,574588000,0.03962009481478468,0.01969451321672744,0.008456265421637799,5.187650299072265,4.753877859115601,1.091246021208749,0.016695583826148358,0.01768500746503392,63.986971326144335,1.6667846339321042,12.460000038146973,0.03402488306409768,12.913499975204468,0,0
2019-11-19,5.172529220581055,5.271757070400809,5.1143356544169425,5.2481315725735955,414564000,-0.020209326364218017,-0.007728818471008925,-0.007728818471008925,5.183621406555176,4.76621789932251,1.0875754143116279,0.017964719882638473,0.018468574735929718,56.62337477247833,1.1877923538037582,12.859999656677246,0.032102698018110276,12.833499956130982,1,1
2019-11-20,5.251862525939941,5.335671461810984,5.13696717967048,5.14965058310742,472588000,0.015337430099616745,0.012513892936366844,0.017097448112714853,5.1924498081207275,4.779572620391845,1.0863837042599498,0.018319613454374658,0.01860430771566774,63.06584605673255,1.3176703353815458,12.779999732971191,-0.006220834046796964,12.771999931335449,1,0
2019-11-21,5.226991653442383,5.303091101369856,5.205355545195176,5.247384514375974,288388000,-0.004735629002990183,0.0018588016332010682,0.008831442774531295,5.19702558517456,4.792459764480591,1.0844171554015782,0.01842305292904635,0.018667453078451107,59.905887487400115,0.7978142741662854,13.130000114440918,0.02738657189223237,12.742999935150147,1,1
2019-11-22,5.244650363922119,5.296129164582115,5.22102438971042,5.2496238288195185,224100000,0.003378369748898713,0.03281266520893111,0.01496794159289605,5.204759979248047,4.806859006881714,1.082777749835533,0.018386814871531144,0.01668961652602912,50.62686052029854,0.6375116279731341,12.34000015258789,-0.06016755178731126,12.727499961853027,0,1
2019-11-25,5.5012993812561035,5.506273320249734,5.359793994971551,5.372725951750432,506476000,0.04893539121300994,0.04206696507120555,0.0625899666875156,5.237164402008057,4.827251691818237,1.084916374028018,0.02370804915071936,0.01969239658913049,64.30675759466162,1.4056782656577498,11.869999885559082,-0.0380875414276427,12.66549997329712,0,0
2019-11-26,5.396600723266602,5.488367672442759,5.390134507414551,5.483642287883037,385244000,-0.01903162339178066,0.043319523801622184,0.035255896594899916,5.255542659759522,4.845122632980346,1.0847078717854282,0.025022091481193987,0.019711374827544235,60.95381038646531,1.0440001777741164,11.539999961853027,-0.027801173284553227,12.582499980926514,0,1
2019-11-27,5.4314422607421875,5.476488528610834,5.405061788535433,5.4421441671354875,215784000,0.006456200720088789,0.03419353303999628,0.047135320187941865,5.279991531372071,4.864232578277588,1.0854726714654137,0.02484029677940101,0.019707032514876616,61.574671493076934,0.583991071148269,11.75,0.018197577022630362,12.553499984741212,0,0
2019-11-29,5.394111633300781,5.428953948692531,5.370219488637328,5.40058262026836,141556000,-0.006873059796884462,0.03197249793738188,0.03389073010196619,5.297673320770263,4.884107971191407,1.0846757180673001,0.02511007767229073,0.019612727758566175,60.26967213999633,0.3866699445491546,12.619999885559082,0.0740425434518368,12.523499965667725,1,0
2019-12-02,5.207704544067383,5.400582876929186,5.1925234522213355,5.387143426244552,372036000,-0.034557514175755366,-0.0070444771893444225,0.025537039948000828,5.310641098022461,4.9023690605163575,1.083280559351258,0.026261631174048394,0.021386167518434765,51.18877369607589,1.0041191892899999,14.90999984741211,0.1814580017923335,12.653999948501587,1,0
2019-12-03,5.168133735656738,5.172115443423006,4.986704002882057,5.024035123991091,465232000,-0.007598512564566229,-0.06056126425958919,-0.021041927776659808,5.2995326042175295,4.918769378662109,1.077410261844597,0.022948092596106046,0.01958653376017658,48.260919591424674,1.2408317588407183,15.960000038146973,0.07042254872437903,12.810499954223634,1,1
2019-12-04,5.211935997009277,5.274154697915565,5.183315451555308,5.2517559276140195,273424000,0.008475450441681076,-0.03421871206094074,0.007618473429096717,5.303473281860351,4.937194700241089,1.0741875911033802,0.022183797595455208,0.01966379481942583,50.958907820245415,0.7319346595517655,14.800000190734863,-0.07268169452628592,12.89549994468689,1,0
2019-12-05,5.195012092590332,5.249515633114968,5.164400222417688,5.233836590939642,184884000,-0.0032471435621344025,-0.043529905465578556,-0.010824813686347357,5.29778823852539,4.952446441650391,1.0697315560993559,0.021618490083723317,0.019552733205322637,49.13585790255063,0.5005563722902233,14.520000457763672,-0.0189189006326147,12.99049997329712,1,1
2019-12-06,5.280374526977539,5.313226456044387,5.254242796153633,5.264198012481317,232236000,0.016431614184105436,-0.02108541944535991,0.010212924962296421,5.303126525878906,4.969848108291626,1.0670600811785864,0.02222672251729932,0.0198694899855158,58.19002453413704,0.6328787595537071,13.619999885559082,-0.061983508528291376,13.034999990463257,1,0
2019-12-09,5.280374526977539,5.335127267398112,5.248767711987913,5.257478288929215,211880000,0.0,0.013954321389630708,0.0068115433015643045,5.306698942184449,4.99002516746521,1.0634613582279986,0.022216229183553145,0.019851358064817685,50.055884829297675,0.5756188418727118,15.859999656677246,0.16446400807192196,13.224499988555909,1,1
2019-12-10,5.325422763824463,5.377188764051814,5.257728507924325,5.310489935126667,256388000,0.008531257890282529,0.030434395898568445,-0.031970013853614865,5.2891112804412845,5.009954233169555,1.05572047852723,0.015016883544328062,0.019917706972683094,57.86087105750254,0.6953113643710555,15.680000305175781,-0.011349265788015539,13.374000024795532,1,1
2019-12-11,5.40904426574707,5.414519826084976,5.333386594889991,5.335875399645226,233796000,0.01570232179323816,0.03781862802054703,0.002305811216831488,5.290355634689331,5.031590547561645,1.0514280891264265,0.014949910540967552,0.02013744588624885,58.0458664719195,0.6383456244727006,14.989999771118164,-0.04400513524415284,13.48949999809265,1,1
2019-12-12,5.5765380859375,5.594705936720055,5.371216640690617,5.380175959679721,404348000,0.030965511088731468,0.07344082873095514,0.02671405093340451,5.304865217208862,5.0570542430877685,1.0490030286821252,0.017802406048474738,0.02106119653884075,65.61299556562743,1.0885341933608104,13.9399995803833,-0.07004671159221365,13.536499977111816,1,0
2019-12-13,5.574546813964844,5.6987354787049584,5.520540741890279,5.57952442400408,454704000,-0.0003570803143401191,0.05571049657261473,0.03345039793951199,5.322908735275268,5.078364791870118,1.0481540719163456,0.017526823449600402,0.021075701764625736,64.94446611739771,1.234628373883563,12.630000114440918,-0.09397413955347922,13.51549997329712,0,1
2019-12-16,5.603415489196777,5.67583814092192,5.593958221025733,5.622081287471226,320976000,0.005178658677619241,0.06117766089674426,0.07598567502839404,5.362479829788208,5.099924383163452,1.0514822234407122,0.011384449806892941,0.019839112861624972,55.82880562736558,0.9677874543658619,12.140000343322754,-0.03879649775758176,13.519999980926514,0,1
2019-12-17,5.6815619468688965,5.704209451026532,5.612623532829805,5.622080800181148,321196000,0.013946218663025034,0.06687528837403911,0.09934499327481405,5.413822650909424,5.121873092651367,1.0570005451085722,0.01020663000104033,0.018256811234611994,66.77409521713722,1.0069155772908243,12.289999961853027,0.012355816662952268,13.511499977111816,0,1
2019-12-18,5.7119245529174805,5.7724011259536825,5.707942370760209,5.716404211162584,343548000,0.0053440596674858565,0.055995157793107486,0.09593144585718383,5.463821506500244,5.1479604625701905,1.0613565403671255,0.010291376098099398,0.017357446315145842,66.59796630371355,1.0891100408573189,12.579999923706055,0.023596416822877053,13.497499990463258,0,1
2019-12-19,5.8600053787231445,5.873444829336286,5.741541026700463,5.74651863616392,445360000,0.0259248567507826,0.05083212710417451,0.12800610937581758,5.530320835113526,5.175278568267823,1.06860350842226,0.010488142621610609,0.017840380616631162,74.37498939729748,1.4179926120216073,12.5,-0.00635929445081318,13.483500003814697,0,1
2019-12-20,5.957314491271973,5.982699535294677,5.907290617285012,5.9264538879845015,603044000,0.016605635363773574,0.0686634609199539,0.1281992329968138,5.598014831542969,5.203388967514038,1.075840162342787,0.010496146552838433,0.017825138128052455,93.25095716079531,1.8284554832379554,12.510000228881836,0.0008000183105467684,13.452500009536744,0,0
2019-12-23,5.943627834320068,6.018041344705996,5.932926400438514,5.985936568370332,355060000,-0.002297454158573742,0.060715173768429276,0.12560724697726555,5.664340162277222,5.229753313064575,1.0830989194322025,0.010812838678512604,0.01792587835511609,96.12205067181073,1.055599589247904,12.609999656677246,0.00799355922988254,13.465999984741211,0,0
2019-12-24,5.938650131225586,5.95582255253584,5.893852592971181,5.92819743559169,138864000,-0.0008374856625005256,0.04524956108211953,0.11515092690232409,5.725662899017334,5.2557495594024655,1.0894093857220042,0.011524825361876496,0.014916119339509858,95.31353135313532,0.43670945788702364,12.670000076293945,0.004758161875518141,13.505999994277953,0,1
2019-12-26,5.952836513519287,5.980959107765898,5.923220066661542,5.942134604679745,182852000,0.00238882270890306,0.04217702078693519,0.1005338875142503,5.780042123794556,5.277135286331177,1.0952992125795993,0.011691291304944248,0.013915482078488273,97.41525345349896,0.5939483866608805,12.649999618530273,-0.0015785680854961681,13.561499977111817,0,0
2019-12-27,5.8950958251953125,5.981455387285894,5.868714879638916,5.968015939142076,254644000,-0.009699693279471289,0.005988125300972591,0.05712464155156183,5.811897897720337,5.298440561294556,1.096907256104111,0.010476494497758025,0.014290918389103336,89.83863850154081,0.8219588420194357,13.430000305175781,0.061660135191065724,13.645499992370606,0,0
2019-12-30,5.781858921051025,5.878422456289142,5.750500835781686,5.873196108744252,258056000,-0.019208662166324553,-0.02945212485894544,0.03718905123674676,5.832629108428955,5.317441291809082,1.0968864136616725,0.013051173397408525,0.015040565710812588,78.34043041687303,0.8175995417366861,14.819999694824219,0.10349957990043723,13.755499982833863,1,1
2019-12-31,5.856023788452148,5.865481056746165,5.727355476853931,5.74651875151284,231004000,0.012827166559027825,-0.014739153983038933,0.04508112949011056,5.857889938354492,5.339815378189087,1.0970210622415004,0.013365541238873926,0.012175250739847094,79.03052356903324,0.7486158947522611,13.779999732971191,-0.07017543746753518,13.698999977111816,1,1
2020-01-02,5.970753192901611,5.970753192901611,5.8913625714305295,5.9418839191567505,237536000,0.019591690299432418,0.00540578430563321,0.050899954754886956,5.886809062957764,5.361738500595092,1.0979291627714396,0.01391676665350792,0.012100153642910848,79.72082349147752,0.7992731922339245,12.470000267028809,-0.09506527513262342,13.524499988555908,0,0
2020-01-03,5.875185966491699,5.918988068029837,5.826157518294826,5.851045086775378,205384000,-0.01600589127072416,-0.013044293565132925,0.028582557780954865,5.903135204315186,5.381949205398559,1.096839635423135,0.015424953981969768,0.013167598398938798,67.10373386873019,0.6990891391071112,14.020000457763672,0.12429832859211132,13.485500001907349,1,1
2020-01-06,5.8998260498046875,5.905052397993768,5.755727892768017,5.781859633713421,262636000,0.004193923980197356,0.0008023999523736336,0.006795330124802712,5.90711727142334,5.402911357879638,1.0933211522725363,0.01319480410543009,0.012993891864709726,68.15787148094084,0.8822893109142973,13.850000381469727,-0.01212553999595678,13.451999998092651,1,1
2020-01-07,5.971251487731934,6.017044442487873,5.883149809298522,5.928196075296092,314856000,0.01210636336127413,0.03275634519399184,0.002339476366470139,5.908510971069336,5.424421644210815,1.089242569735552,0.012660171177792787,0.012854463174996332,69.60214711673041,1.0432376230340887,13.789999961853027,-0.004332160141813035,13.460500001907349,1,1
2020-01-08,5.982451438903809,6.023764739731018,5.926952474390596,5.967021135605146,277108000,0.0018756455317425758,0.021589333482724404,0.006531970989092306,5.91239333152771,5.44233606338501,1.0863704965419454,0.01263357415611543,0.012813279576766964,67.26654316697359,0.9083483026735023,13.449999809265137,-0.024655558631502927,13.340000009536743,1,1
2020-01-09,6.048155307769775,6.120577964594168,5.994398450534082,6.068811961421722,255112000,0.010982766769939145,0.012963542850872534,0.01843940527299437,5.923343849182129,5.46044542312622,1.0847730157864832,0.013018432150763048,0.01284703863210789,68.54249621722316,0.8364212689530177,12.539999961853027,-0.0676579821796911,13.182999992370606,0,1
2020-01-10,6.080508232116699,6.185782344219764,6.06632256758394,6.155419686593314,316296000,0.005349221820637018,0.03494736452531488,0.021447207277986102,5.93611102104187,5.481126728057862,1.0830092635251336,0.013064230647142128,0.012662343579781741,63.93962194079395,1.0231838338144699,12.5600004196167,0.0015949328408704222,13.061500024795532,0,1
2020-01-13,6.271145820617676,6.296282128119939,6.140984150343223,6.163632128120506,319840000,0.03135224577018847,0.0629374099640243,0.06379031089115572,5.9737160205841064,5.5055810165405275,1.0850291736035038,0.015186575854275226,0.012702796279217268,67.745628519321,1.048986598395953,12.319999694824219,-0.01910833732279482,12.980500030517579,0,0
2020-01-14,6.154175281524658,6.2537250915044345,6.140984569750498,6.228339569543208,359088000,-0.018652179751338704,0.03063407966798004,0.06439388535027635,6.01094765663147,5.5286806774139405,1.0872300296140653,0.015083361185246173,0.013793762138739948,60.66026785024491,1.196469447526514,12.390000343322754,0.005681870960430491,12.96850004196167,0,0
2020-01-15,6.111617565155029,6.189266562204564,6.085734566138518,6.166867794798315,263104000,-0.006915259059551149,0.02159083572517706,0.04364630096054278,6.036507034301758,5.550148277282715,1.0876298672973759,0.015431154337009518,0.014050446902895954,58.43650093333439,0.8851883427413304,12.420000076293945,0.0024212858869983034,12.982500028610229,0,1
2020-01-16,6.195239543914795,6.201212580149905,6.141731430548025,6.165125624680976,284192000,0.013682462599841072,0.024318859000870496,0.037597660422485024,6.058955669403076,5.569354057312012,1.0879099455794636,0.014887824691215043,0.014041179001625336,61.073190452707024,0.9621259723094924,12.319999694824219,-0.008051560455349493,12.98400001525879,0,1
2020-01-17,6.203948974609375,6.221868079998157,6.1564139062757155,6.214401667413449,253792000,0.0014058263014438133,0.020301056717705324,0.05595788967238313,6.091831970214844,5.58917667388916,1.0899336925014247,0.013241663091779605,0.014055299296936786,64.77034219491838,0.8724630566596331,12.100000381469727,-0.017857087565263163,12.960000038146973,0,0
2020-01-21,6.170600891113281,6.204199040327583,6.13650479111519,6.167365397745973,217916000,-0.005375299447589854,-0.016032943959592316,0.04589539403751708,6.118909454345703,5.609317121505737,1.0908474813959481,0.013687842459282763,0.013231355136393935,70.12894856526017,0.7796101305384389,12.850000381469727,0.06198346912026298,12.977500057220459,0,1
2020-01-22,6.224605083465576,6.311213373312447,6.19697997639123,6.215894506882748,239240000,0.00875185306994486,0.011444230740771166,0.042428893885002594,6.144244813919068,5.6301845455169675,1.0913043372284166,0.013523042606038557,0.012908556205775754,69.49199386117851,0.9154743637330721,12.90999984741211,0.004669219000873026,12.997500038146972,0,1
2020-01-23,6.293046951293945,6.301508791795194,6.175827247965222,6.264675623846474,244516000,0.010995375113864059,0.029685984799396437,0.05191776574571727,6.175304365158081,5.6526993560791015,1.0924522915794121,0.013652340555690897,0.013002564380793653,67.9215195901404,0.9558806857496702,12.979999542236328,0.005422129794854458,13.016000032424927,0,0
2020-01-24,6.2338151931762695,6.4583003373897805,6.179560391908617,6.408525194546055,373512000,-0.009412254282561316,0.006226659839063897,0.030696944102606816,6.19387035369873,5.673830556869507,1.0916558560599934,0.014197942551170026,0.01327226433284734,70.78177724675854,1.396128046432942,14.5600004196167,0.12172580378289855,13.110500049591064,1,0
2020-01-27,5.977972984313965,6.028992300814649,5.779619542671013,5.9291932600615365,470536000,-0.041041032005946776,-0.03642454043710741,-0.016862940380732105,6.183616828918457,5.689133653640747,1.0869171310400252,0.019844083442861673,0.016462757496663986,53.57145970334521,1.6690503351324355,18.229999542236328,0.25206037203646203,13.389500045776368,1,1
2020-01-28,6.171348571777344,6.203702086577362,5.990665035935244,6.043924417268524,310976000,0.03234801963320866,0.00012116820991270316,-0.01591371843279865,6.173637104034424,5.7088215541839595,1.0814205778616086,0.020029005439006452,0.017747831181225176,58.227691743015654,1.0921593762621384,16.280000686645508,-0.10696647858234709,13.532000064849854,1,0
2020-01-29,6.110872745513916,6.193001419848797,6.071052336278125,6.156914455826682,258848000,-0.009799450729455539,-0.018271414238594463,-0.0070362857783300425,6.169306850433349,5.726693134307862,1.0772895815691341,0.019367503523473627,0.01726174463180798,55.07484347859841,0.9089574702238191,16.389999389648438,0.006756676803653994,13.610500049591064,1,1
2020-01-30,6.11759090423584,6.131030355221164,5.958062456449191,6.013063476063364,290504000,0.0010993779451315966,-0.027880937233755954,0.0009773744867263012,6.169904184341431,5.74748441696167,1.0734964615359615,0.01923959292192812,0.01710572634599534,52.87806910433324,1.0095722113949073,15.489999771118164,-0.054911510191921864,13.696000051498412,1,0
2020-01-31,5.884146213531494,6.083743794323115,5.842335433644446,6.071797721586541,370420000,-0.03815957855938157,-0.056092291607799716,-0.05021489938817114,6.138794851303101,5.7595829677581785,1.0658401633708081,0.022007999083800623,0.018825803371432814,43.023843219473285,1.2582466070956657,18.84000015258789,0.216268588183969,14.014500045776368,1,1
2020-02-03,5.981207847595215,6.000619860257822,5.859756738000507,5.865978512587702,255564000,0.01649544904926259,0.0005411304617364276,-0.035903120403756206,6.116520738601684,5.775756540298462,1.0589990585520097,0.022985418517827982,0.01882517989826152,38.965703969808864,0.8607665539024894,17.969999313354492,-0.046178388120336256,14.211999988555908,1,1
2020-02-04,6.150442123413086,6.169605872146606,6.073042338363258,6.123066221076983,271544000,0.02829433120032987,-0.0033876628618688676,-0.003266905129000852,6.114504861831665,5.793728132247924,1.0553662032911582,0.02503971607063408,0.019783040607133776,49.86336113117226,0.9132189130453792,16.049999237060547,-0.106844749563629,14.32199993133545,1,1
2020-02-05,6.240782737731934,6.281598083029912,6.157409456942696,6.271394128032699,208220000,0.014688474829304576,0.021258827933110958,0.0025989848431235973,6.116122627258301,5.814003953933716,1.051963960760669,0.025339969543942093,0.01985889763037603,54.56785176956007,0.713042144208339,15.149999618530273,-0.05607474525307843,14.389999914169312,1,1
2020-02-06,6.327640056610107,6.327640056610107,6.193994633007796,6.275127851182207,218284000,0.013917696309636352,0.03433527276706738,0.0054970359483890174,6.119581937789917,5.835663747787476,1.048652253158021,0.025490209152329947,0.020024081904361,54.671577646740545,0.7551114727240524,14.960000038146973,-0.012541226743722711,14.465499925613404,1,0
2020-02-07,6.261439800262451,6.309721561491752,6.23605428009747,6.287571534528546,189752000,-0.01046207681780209,0.06412036224785056,0.004431412582846628,6.1223443984985355,5.8508665561676025,1.0463995956367795,0.02553925385963453,0.02014792584729902,51.94940129238966,0.6639160944860731,15.470000267028809,0.03409092430356764,14.611999940872192,1,1
2020-02-10,6.544660568237305,6.5454067824737585,6.279110833313493,6.284088443035795,529608000,0.0452325306973298,0.09420383557956935,0.09479594260635049,6.1790131568908695,5.873827753067016,1.051956818731108,0.024404515704382637,0.022356996234852076,60.84577285014622,1.7863628636421285,15.039999961853027,-0.02779575292524339,14.735999917984008,1,1
2020-02-11,6.667105674743652,6.781837046465361,6.59095006078048,6.652920011237149,638556000,0.018709160731818608,0.08400429448214242,0.08033205339161897,6.2285888671875,5.898541021347046,1.0559541494491602,0.023335068514465398,0.021709963665509743,62.34042728611957,2.0439770223995115,15.180000305175781,0.009308533489218451,14.878999948501587,1,1
2020-02-12,6.782833099365234,6.789304086608207,6.681043216849115,6.7198677162340585,374644000,0.017357970649839904,0.08685615000760238,0.10996143788865753,6.295784902572632,5.926315450668335,1.062343872002735,0.022601968886173687,0.021283459829678105,63.30813593122591,1.1962332974867362,13.739999771118164,-0.09486169335363148,14.946499919891357,0,0
2020-02-13,6.739029884338379,6.8062261770159695,6.697467848977049,6.72484422185108,528016000,-0.006457952655646859,0.06501473283053083,0.10158230418321246,6.357928800582886,5.956941957473755,1.0673142102057986,0.02308057153211364,0.021270124182705213,63.84341685368242,1.6175374963238898,14.149999618530273,0.02983987294337087,15.032999897003174,0,1
2020-02-14,7.212141036987305,7.3410580636010705,7.117817583677653,7.149175663875109,1041924000,0.07020463787353792,0.1518342852525716,0.22569031687246044,6.490728282928467,5.997822103500366,1.0821808601392893,0.023413458542832666,0.025751475964315578,80.21935271148216,2.8599253510526226,13.680000305175781,-0.03321550007245233,15.100999927520752,0,1
2020-02-18,7.380878925323486,7.399295984825902,7.0894466884047596,7.108858700139689,620164000,0.023396365582815548,0.1277710812298709,0.2340114427374429,6.630695390701294,6.04120096206665,1.0975790132353058,0.023374219788125754,0.025926689821114776,79.97777698464267,1.620762435016773,14.829999923706055,0.08406429772484536,15.237499904632568,0,1
2020-02-19,7.832089424133301,7.849759796148318,7.5033260411474485,7.5033260411474485,694332000,0.06113235339245704,0.17473605582746998,0.27341892939999135,6.798860120773315,6.09394250869751,1.115675133309794,0.02653026557037646,0.028150376056772227,85.7378718655319,1.7082502989238741,14.380000114440918,-0.030343884799743148,15.313999891281128,0,0
2020-02-20,7.682764053344727,7.872406404086642,7.375403572712378,7.784055978174739,810052000,-0.01906584088895269,0.13267773816573958,0.23105776570213488,6.943058252334595,6.141990299224854,1.1304248157491945,0.029890230074890157,0.02901229971143975,80.68100413366514,1.8621944990167785,15.5600004196167,0.08205843503372323,15.446499919891357,1,0
2020-02-21,7.318660259246826,7.595658094730664,7.2337940614080205,7.570521784732128,768180000,-0.04739229157237834,0.08601095185161856,0.15661766373728225,7.042160272598267,6.1827560138702395,1.13900018968888,0.03702987482075443,0.03181251581868943,76.7495545288676,1.6656771798019783,17.079999923706055,0.09768634081610128,15.651499938964843,1,0
2020-02-24,6.801248550415039,7.0150322367878895,6.6698427204719755,6.724346253360138,856916000,-0.07069759908284567,-0.05697233102694643,0.08621160106497583,7.096141147613525,6.212272529602051,1.1422778240651483,0.04558973729677867,0.036228567410745115,63.21908843287678,1.7655557203843808,25.030000686645508,0.46545672122078363,16.174999952316284,1,0
2020-02-25,6.521763324737549,6.938379636288666,6.41997344513621,6.876409681886865,1055496000,-0.04109322334065191,-0.1163974655698995,-0.003498614368311337,7.0938514232635494,6.23452691078186,1.1378331547491745,0.04618670884204321,0.036232059276315065,55.78025332797111,2.051099883404586,27.850000381469727,0.11266478695419302,16.655999994277956,1,1
2020-02-26,6.661132335662842,6.855254805834206,6.52051844783171,6.522011350712756,747732000,0.02136983573087603,-0.1495076249847641,-0.0008959418632643601,7.093254089355469,6.256218795776367,1.1337925224329097,0.0463100604861865,0.03587715540946175,56.44508542468735,1.39388387619217,27.559999465942383,-0.010412959122266252,17.219999933242796,1,0
2020-02-27,6.290336608886719,6.648930749588357,6.1979487749822635,6.347611926679557,906416000,-0.05566556976971182,-0.1812404278967552,-0.07260925976854793,7.044004440307617,6.270534591674805,1.1233499053907978,0.04909578103180233,0.038224290310195086,49.473850438770704,1.5935129836316195,39.15999984741211,0.4208998768597427,18.35849995613098,1,1
2020-02-28,6.725381374359131,6.784898103552778,6.021142747479022,6.037827190608867,1133252000,0.06916080847848427,-0.08106386467907323,-0.0020252929892724536,7.042639589309692,6.292973909378052,1.1191274095089536,0.054604890651451216,0.041051450897567926,55.927009084998986,1.8548904532193606,40.11000061035156,0.024259467993900774,19.589499998092652,1,1
2020-03-02,6.883759498596191,6.912646518267532,6.4995162543980625,6.895463828543595,890744000,0.023549314963889678,0.01213173545556101,-0.04553176881969112,7.009801435470581,6.317017860412598,1.1096694026147227,0.049832337320636584,0.039896228886032226,54.47484156183198,1.3984085273744533,33.41999816894531,-0.16679138218910172,20.318499898910524,1,0
2020-03-03,6.621288776397705,6.999306519580371,6.535873577697565,6.939540911663828,652792000,-0.038128979121367035,0.015260512641212864,-0.10291323792342122,6.933842420578003,6.335205144882202,1.09449374755913,0.04993641293632476,0.04117882964674928,49.416935680696426,0.993850474825191,36.81999969482422,0.10173553896356191,21.26099991798401,1,1
2020-03-04,7.084970474243164,7.09443339761163,6.653910399827267,6.728617764574341,597408000,0.07002891936964017,0.06362854199895529,-0.095392035181316,6.85913052558899,6.359704446792603,1.0785297623458372,0.05139614239408237,0.04337228025450071,53.53217673036122,0.8875149972278527,31.989999771118164,-0.13117870623950623,22.05799994468689,1,0
2020-03-05,6.805567741394043,7.052349995369933,6.760992293337809,6.8855041236938455,540328000,-0.039435977025573665,0.08190835634764415,-0.11417717710187814,6.771410894393921,6.376669511795044,1.0619040051971826,0.052245168591137606,0.04460336098433032,50.73725693081747,0.7833908292783638,39.619998931884766,0.23851201048320303,23.281499910354615,1,0
2020-03-06,6.625025272369385,6.683545982685263,6.424810043017142,6.626021294782965,515412000,-0.026528641824624,-0.014921994219147083,-0.0947762243780974,6.702047395706177,6.39029746055603,1.048784886317799,0.051025217774037686,0.04510535270512151,43.04358570500877,0.7315102112417189,41.939998626708984,0.05855627858074386,24.630499839782715,1,0
2020-03-09,6.11203670501709,6.459673702374688,5.931245574441285,5.974077388240757,614160000,-0.07743194120206409,-0.11210775067555445,-0.10133607679370737,6.633126211166382,6.393765192031861,1.0374366295829602,0.05196943956004411,0.048533277736415206,36.100090651298814,0.8461758270040531,54.459999084472656,0.29852171835290564,26.57999978065491,1,1
2020-03-10,6.501507759094238,6.501507759094238,6.125731447548591,6.388450932818215,580648000,0.06372197564806004,-0.01809028745739638,-0.003105841876610227,6.631100654602051,6.4047386169433596,1.0353429001864125,0.05533215079105235,0.0496062200280846,35.2238729149029,0.7972007195356793,47.29999923706055,-0.13147263987842284,28.192999744415282,1,0
2020-03-11,6.137686252593994,6.389947352624878,6.040567173005976,6.361558574367237,499964000,-0.05595955891790405,-0.1337033407680307,-0.07858214740253466,6.578756046295166,6.409590425491333,1.026392578866046,0.057538580332159986,0.050981099955424776,33.62212661151007,0.693018994246142,53.900001525878906,0.13953493436099507,30.12899980545044,1,0
2020-03-12,5.386630535125732,5.879946119674955,5.3739301811778155,5.614486920815418,816540000,-0.12236789020469074,-0.20849652228686177,-0.1436657733839345,6.488385438919067,6.4016858577728275,1.0135432420572419,0.06694678492585047,0.0572479863231646,31.073076266941115,1.0982029089048662,75.47000122070312,0.40018551176604067,33.21549987792969,1,1
2020-03-13,5.997485637664795,6.001967976075731,5.468808617563975,5.739995078662353,634836000,0.11340207919509826,-0.09472260239094232,-0.10823114648478915,6.415595865249633,6.40451509475708,1.0017301497972304,0.07408570059200442,0.06355208402785817,42.267588371342626,0.8477311258320595,57.83000183105469,-0.2337352471753954,35.39949998855591,1,0
2020-03-16,4.890824317932129,5.630424859985046,4.831058699125566,5.289511138473872,726972000,-0.184520878680013,-0.19980449169791858,-0.28951261023434693,6.216302347183228,6.382916517257691,0.9738968589634561,0.09119719935349464,0.0727764036685511,36.46419968762993,0.9916177113291026,82.69000244140625,0.4298806817087415,38.850000095367434,1,1
2020-03-17,5.41053581237793,5.4999355774252425,4.756351060498618,5.003133264971401,833632000,0.10626255630166215,-0.1678029138995134,-0.18285759840827887,6.09522705078125,6.373623514175415,0.9563205352849927,0.10065817790655933,0.07738768322313398,40.23716035330232,1.1207885660292023,75.91000366210938,-0.08199296866753814,41.9040002822876,1,0
2020-03-18,5.0506978034973145,5.228002624011302,4.499359716733076,4.9829635271133,874268000,-0.06650690825433547,-0.17710068653921196,-0.28712507386463826,5.891799783706665,6.356640949249267,0.9268731442826732,0.09699381339506429,0.07625200019080385,40.30611761671929,1.1613743800706546,76.44999694824219,0.00711359847295534,45.007500123977664,1,1
2020-03-19,5.303456783294678,5.397089536939655,4.815868441215396,5.029281317213403,765512000,0.05004436805194379,-0.015440775321174605,-0.22071794965215863,5.741588687896728,6.343285055160522,0.9051443594239409,0.09999848172585933,0.07779278529543178,38.55434986536932,1.0199205820077903,72.0,-0.05820794147650399,47.829500102996825,1,0
2020-03-20,5.123661994934082,5.735512835022554,5.108222459616353,5.453618059477719,804636000,-0.033901433670003644,-0.1456983301874064,-0.22662000757898282,5.591452360153198,6.326109266281128,0.8838690773104833,0.10007920631271655,0.07755900415683842,35.88093847591837,1.0694497165805934,66.04000091552734,-0.0827777650621202,50.27750015258789,1,1
2020-03-23,5.296482563018799,5.3908629073250784,4.943616178155513,5.122664106908183,643876000,0.03372989245886826,0.08294271450301949,-0.13343410410622047,5.509896945953369,6.311075811386108,0.8730519345073792,0.09925095034700124,0.07710701672038235,39.21765350383571,0.8680718837228365,61.59000015258789,-0.06738341461611286,52.10550012588501,1,1
2020-03-24,6.20517110824585,6.291831706746178,5.6789843958835755,5.702641471566112,1101644000,0.17156453068904876,0.1468681334758004,-0.04557968117993494,5.48026328086853,6.313569068908691,0.8680135151852866,0.11300948825645549,0.08660107675217772,43.32312916233954,1.480627483574105,61.66999816894531,0.0012988799506288284,53.796500015258786,1,0
2020-03-25,6.116517543792725,6.519935497420141,6.067708657505267,6.320218564952922,793432000,-0.014287045901976159,0.211024254818293,-0.003448972125664307,5.478146409988403,6.310476503372192,0.8681034478237881,0.11142580199873085,0.08652924234193593,44.61482779626156,1.0631206088082972,63.95000076293945,0.03697101770212585,55.61600008010864,1,1
2020-03-26,6.4058837890625,6.529897349588991,6.225590457622035,6.323705539046025,696108000,0.04730898639593306,0.20786951809249188,0.1892190762463304,5.58007173538208,6.315510673522949,0.883550360982824,0.10236850458494648,0.08614700823937844,48.315976539251594,0.9460454504312401,61.0,-0.0461298002774857,56.708000087738036,1,0
2020-03-27,6.293574333190918,6.552309772659619,6.192719592793357,6.225590704111467,638828000,-0.01753223435981477,0.22833519061436203,0.04936880443142,5.609680604934693,6.319149808883667,0.887727111176953,0.09768939039964776,0.08489339568123189,51.486598311071376,0.8983823357760724,65.54000091552734,0.07442624451684177,57.97950010299682,1,1
2020-03-30,6.613818645477295,6.623032683251805,6.314990097114926,6.359067291374254,602252000,0.050884329846948795,0.24871904453276694,0.35229119173793166,5.781980037689209,6.327521390914917,0.9137827721911775,0.07035590238231398,0.08550775208724345,50.93025267336118,0.8644818494582168,57.08000183105469,-0.1290814611885116,59.16250028610229,0,0
2020-03-31,6.564262866973877,6.858110818678455,6.4185838002500555,6.653911048444438,949960000,-0.00749276343361871,0.05786975934488603,0.2132371163603637,5.8973527431488035,6.334727668762207,0.930956001823064,0.06622559010685306,0.08503323255203794,53.72730877103922,1.3351120585652592,53.540000915527344,-0.06201823409195106,59.99850034713745,0,0
2020-04-01,6.053017616271973,6.512715437817378,6.008442645451946,6.3662896961381685,656912000,-0.07788311666707948,-0.01038171264385468,0.19845174900003126,5.99758472442627,6.332376003265381,0.9471302274744154,0.06797761200993532,0.08533284568136011,56.07739777622249,0.9194061268362594,57.060001373291016,0.06574524463152964,61.252000427246095,0,1
2020-04-02,6.3618059158325195,6.375004040795711,6.034090873043499,6.08215214884335,675764000,0.05101394364530676,-0.0068808418449987085,0.19955835896910257,6.103419637680053,6.335120019912719,0.9634260469408031,0.06802551479604156,0.08577100523269592,53.516308619449106,0.9369113663468687,50.90999984741211,-0.10778130700777788,61.81650047302246,0,0
2020-04-03,6.073935031890869,6.365790446984206,5.93647398835557,6.324203549888502,663212000,-0.0452498689444818,-0.03489897626881433,0.1854675499469618,6.198446941375733,6.330737781524658,0.9791034086840562,0.06911686287497497,0.0861789720833242,63.5626626551664,0.9101830790804682,46.79999923706055,-0.0807307134682792,62.059500503540036,0,1
2020-04-06,6.683794021606445,6.720649696082763,6.2985542597634785,6.356078940367916,727884000,0.10040591256138631,0.0105801776371659,0.2619307138428357,6.337178087234497,6.339737358093262,0.9995963127943308,0.07373543126043154,0.0870221226970029,64.30050787867467,0.9912030329110063,45.2400016784668,-0.033333281709936435,61.598500633239745,0,0
2020-04-07,6.450458526611328,6.9290821244683904,6.40737735857138,6.9054245775815115,784520000,-0.034910635223171504,-0.01733695658885348,0.03952951725046283,6.361706829071045,6.349187068939209,1.001971868208622,0.054911811729759424,0.08649919974622221,66.18111558713775,1.0537009816562657,46.70000076293945,0.032272303941305536,61.568500709533694,0,1
2020-04-08,6.647686958312988,6.672589420921052,6.489556866972999,6.559532554163923,542444000,0.03057587780589488,0.09824345140552726,0.08684180348003978,6.414823770523071,6.358713836669922,1.008824101114532,0.05497309960278989,0.08554323279255668,65.741282687931,0.7264924297700591,43.349998474121094,-0.07173452321390283,61.041000556945804,0,0
2020-04-09,6.548075199127197,6.796351649251592,6.485072167404843,6.77344171497517,525564000,-0.014984423877123954,0.029279309328049896,0.022197001186234022,6.429042911529541,6.367457885742187,1.0096718387294328,0.05375532383646554,0.08016193259872043,66.99948475907792,0.7178729835074595,41.66999816894531,-0.03875433366344183,59.35100040435791,0,1
2020-04-13,6.719902515411377,6.728618304084489,6.399907202770345,6.488310473583268,398408000,0.026240889277979296,0.10635073969821707,0.06774023148850383,6.471675729751587,6.379504117965698,1.0144480840644523,0.05363602899553119,0.07670502673320836,66.99165924606032,0.5531205842524289,41.16999816894531,-0.011999040604053213,58.51800022125244,0,1
2020-04-14,7.07102632522583,7.105142347092595,6.82050841584251,6.848150054899666,530948000,0.052251324927584664,0.05793600197247151,0.06912915280209342,6.51739649772644,6.403241720199585,1.0178276539470226,0.05375946668111041,0.06224974524639815,61.92303146504175,0.7472981330354732,37.7599983215332,-0.08282730141057637,56.27150001525879,0,0
2020-04-15,6.9935784339904785,7.076503335338195,6.857611671184908,6.902933767128496,366148000,-0.01095285007765523,0.08419865117162018,0.06540194622256434,6.5603280544281,6.42348913192749,1.021302896243797,0.05388123479591762,0.059180266461819675,62.11472343340402,0.5328765448628762,40.84000015258789,0.08156784872784995,54.51799983978272,0,1
2020-04-16,7.338726043701172,7.4458062782420305,7.135772131696852,7.148970258403204,745620000,0.0493520753314487,0.10395180906104984,0.21240784496858311,6.68889889717102,6.447254810333252,1.0374801514670207,0.04586547637893662,0.05643881843469693,62.68967585773328,1.0953988020278438,40.11000061035156,-0.01787462143753371,52.70100002288818,0,0
2020-04-17,7.2794599533081055,7.442321265054624,7.145485193271459,7.420905119403796,539120000,-0.008075800900611996,0.11169461741648834,0.1442442679981537,6.780664300918579,6.468028354644775,1.0483355868483935,0.0452821145476904,0.05632334207205253,63.607612015308064,0.8054212655595461,38.150001525878906,-0.048865595977249154,51.00850009918213,0,0
2020-04-20,7.148222923278809,7.308843270603872,7.1038968447451385,7.152954622799317,449388000,-0.01802840195166633,0.0637390805722442,0.1768685186370036,6.888093090057373,6.484440011978149,1.062249489136084,0.041992155664906876,0.05567041351608731,57.78210762478188,0.689666814814451,43.83000183105469,0.14888597845331075,49.898000144958495,0,0
2020-04-21,6.711435317993164,7.091445112329841,6.651669709020383,7.030185707489499,735160000,-0.06110436257705498,-0.05085414629978513,0.0041355697523537405,6.890857219696045,6.4934399223327635,1.0612028912435845,0.03721676975012004,0.05825640850344793,51.92594950871417,1.1203875605830111,45.40999984741211,0.03604832193362939,49.089000129699706,0,1
2020-04-22,7.125810623168945,7.1686429049582365,6.858110524397839,6.903681511157267,483356000,0.06174168200129304,0.018907657993193716,0.10469830846465511,6.9583924293518065,6.505062923431397,1.0696887195798683,0.0393341417633002,0.04657323641805353,64.40413450218566,0.7730586448906792,41.97999954223633,-0.07553403031714068,48.104500198364256,0,0
2020-04-23,7.072519779205322,7.2998783766301765,7.047368434745223,7.167896158666759,424160000,-0.007478565847701901,-0.03627417932085564,0.06390686317758654,7.00087571144104,6.51317120552063,1.0748797307073745,0.03903743202771935,0.04642668872768025,60.24553117560179,0.6990252605606111,41.380001068115234,-0.014292484055828392,46.976000213623045,0,1
2020-04-24,7.2114739418029785,7.213465986100305,6.987601696004184,7.062309056851469,352328000,0.019647051819665418,-0.009339430663978243,0.10131202261760941,7.0672155857086185,6.5217440223693846,1.0836389103080837,0.03841177699574801,0.045608363357245614,67.13423007751226,0.5975724509615691,35.93000030517578,-0.13170615326877966,45.722500228881835,0,1
2020-04-27,7.397993087768555,7.5578662869260596,7.32129367906679,7.3459472470324645,479388000,0.02586421964092178,0.034941574594204106,0.10090779900482927,7.135024642944336,6.534923286437988,1.091829900704687,0.03839465382052187,0.04541565656778185,62.33013570703192,0.8242192416167893,33.290000915527344,-0.07347618611815432,44.11000022888184,0,0
2020-04-28,7.255552291870117,7.57529872664852,7.250073931686254,7.545415682520919,442904000,-0.01925397796517836,0.08107311597240474,0.02609606557197952,7.1534772396087645,6.535791511535645,1.094508175021022,0.03632058254627073,0.04472125197529856,64.34972867824388,0.7720678855780974,33.56999969482422,0.00841089731440281,42.93450012207031,0,1
2020-04-29,7.432358264923096,7.485151239621805,7.3150679863591925,7.390273122248136,379160000,0.024368368656248363,0.043019336039809675,0.06274038892593836,7.1973552227020265,6.5368210983276365,1.1010482181535273,0.036511400565258735,0.044798330013591306,64.0882890944404,0.6955540382529039,31.229999542236328,-0.06970509901281496,41.81900005340576,0,0
2020-04-30,7.278463363647461,7.432359986140536,7.264518100117333,7.378321614986375,375916000,-0.020706066068146844,0.029118841780783056,-0.00821159962844431,7.1913289546966555,6.52574857711792,1.101992954480739,0.034057585810418005,0.040723523528300644,62.86293913920629,0.7078469564064672,34.150001525878906,0.0934999047852525,40.673500061035156,0,0
2020-05-01,7.041890621185303,7.1942929707272105,6.993579973133149,7.080987230957178,342096000,-0.032503116474244975,-0.02351576418166701,-0.032635570996560115,7.167572021484375,6.5129311084747314,1.1005140238866973,0.03552159642415249,0.040582146366227735,55.544132164961866,0.6650567219727124,37.189998626708984,0.08901894480228245,39.9875,0,1
2020-05-04,7.253809928894043,7.2675063058293,6.994576214466514,6.994576214466514,317556000,0.030094092497146674,-0.019489496295001518,0.014771084610607277,7.178130722045898,6.511634101867676,1.1023547407227714,0.03646814589335187,0.03905633139020467,53.30571648995647,0.638812770139975,35.970001220703125,-0.03280444880494526,39.44600009918213,0,1
2020-05-05,7.314820289611816,7.477432690608223,7.253809290895876,7.357901461463599,368896000,0.00841080222887447,0.008168640422881346,0.08990401352762722,7.238469219207763,6.521905536651611,1.1098702945832668,0.028936189033840085,0.03270287840672715,55.844540039375794,0.7698902649252641,33.61000061035156,-0.06561024548960048,38.86450004577637,0,1
2020-05-06,7.415675640106201,7.520514961486035,7.356408265525156,7.394259969444956,323464000,0.013787809748055713,-0.00224459373757957,0.040678181369960154,7.26745572090149,6.539783782958985,1.1112685009309686,0.022481541673946007,0.03135804032518225,51.53657666620137,0.7091934860070528,34.119998931884766,0.015174005125609291,38.235499954223634,0,1
2020-05-07,7.591983318328857,7.655235248420218,7.503580043298903,7.554878755504124,373732000,0.023774998635206046,0.043075019961944516,0.0734481564337035,7.319402074813842,6.558400802612304,1.116034578414058,0.022843547734723,0.031130254073393714,55.961976321618465,0.8348463674671451,31.440000534057617,-0.07854626265309517,37.64000005722046,0,1
2020-05-08,7.781988143920898,7.788213639441063,7.629834696531762,7.663701829138328,339216000,0.02502703412602658,0.1050992641818429,0.07911201048800898,7.376453495025634,6.588233833312988,1.1196405108949024,0.02322554079837176,0.03091975104070271,61.82512963048639,0.7738505598973602,27.979999542236328,-0.11005092026233321,36.95550012588501,0,1
2020-05-11,8.0339994430542,8.080815810300923,7.748369065529269,7.777006721824612,469060000,0.03238392226672393,0.10755582539493269,0.08597012023939077,7.440054130554199,6.6144061946868895,1.1248257079419348,0.023868871963158875,0.031128555453950588,76.50468740802353,1.0615079903901685,27.56999969482422,-0.01465331858898733,36.275500202178954,0,0
2020-05-12,7.772027015686035,8.140581862302048,7.7623152046208865,8.091773445172167,493060000,-0.03260797181093311,0.06250416387173896,0.0711833783342215,7.491701602935791,6.632171545028687,1.1296000943388425,0.025884963053963938,0.030765859888062456,63.79295394145464,1.1206255466078043,33.040000915527344,0.1984041088593127,36.03950033187866,0,0
2020-05-13,7.74961519241333,8.046948977792091,7.56508841049822,7.8865779921689985,625852000,-0.0028836522605327763,0.045031574803660934,0.04268590347528378,7.523427295684814,6.654738073348999,1.1305369516818033,0.02530503799476136,0.030595500930818472,64.64508886856413,1.381658364453754,35.279998779296875,0.0677965436349861,35.76150026321411,0,1
2020-05-14,7.9991350173950195,8.004613375995227,7.65747429069697,7.811121968011567,602312000,0.03219770514876186,0.05362916144496799,0.09901425860669688,7.5954944610595705,6.673021364212036,1.1382391942868388,0.024983085874295468,0.029525870349939313,66.25889623232638,1.3510624123217667,32.61000061035156,-0.07568022282676867,35.38650026321411,0,1
2020-05-15,8.457589149475098,8.467300485063323,7.843247666290746,7.858936085271432,987660000,0.05731296334955194,0.08681599008628171,0.20103955094541104,7.73706431388855,6.706061792373657,1.15374187614665,0.024231167891583576,0.03158163496384857,69.664526766568,2.109333554305846,31.889999389648438,-0.022079153855476208,35.07350015640259,0,1
2020-05-18,8.71607494354248,8.881675866608335,8.646597525881372,8.726285002404106,774460000,0.030562585803003417,0.08489862431817441,0.20158579132654264,7.883290815353393,6.7478827857971195,1.1682613740632943,0.024255978625717833,0.031341846616625445,75.98585350027963,1.5985162031246258,29.299999237060547,-0.08121668868481102,34.34700002670288,0,1
2020-05-19,8.771105766296387,9.05200386452352,8.728522390523715,8.755915127574616,717320000,0.006313716106201905,0.12854802853797898,0.19908697945084475,8.028919363021851,6.801064167022705,1.1805386871591101,0.024364569888097546,0.02649348981194513,74.89811711091573,1.4833079263879596,30.530000686645508,0.04197957275129127,33.60300006866455,0,1
2020-05-20,8.934968948364258,9.007683809546332,8.854036071033905,8.955886844050895,587536000,0.018682157807003996,0.15295646642059824,0.2048759117835821,8.180848693847656,6.8497333908081055,1.1943309654687904,0.02430654376051153,0.024027561271423165,80.69399589609182,1.201987382258485,27.989999771118164,-0.08319688366854172,32.90350008010864,0,0
2020-05-21,8.740979194641113,9.017145749409037,8.70337638192657,9.016150202023102,761068000,-0.021711295791202345,0.09274054952602628,0.1513433088740206,8.295748281478883,6.901799249649048,1.2019689332315362,0.027390036118044362,0.024821560426707055,81.98782230905725,1.5051304343010925,29.530000686645508,0.055019683033953104,32.31100006103516,0,1
2020-05-22,8.99099349975586,9.057483299709393,8.679216346269802,8.790778389710475,1038764000,0.028602551218520622,0.06306813216551976,0.1553594445886437,8.416648817062377,6.97388650894165,1.2068806692324106,0.027565101883452833,0.02506650617990401,82.2425332555459,1.9237403490187437,28.15999984741211,-0.04639352547841158,31.92250003814697,0,0
2020-05-26,8.683701515197754,9.145890013958184,8.638130530977474,9.120987084096292,770780000,-0.03417775628093267,-0.0037142209715292918,0.0808690710957487,8.481619024276734,7.027610826492309,1.2068993621990538,0.030725388247070926,0.026778262075638545,73.2786048302372,1.389943315241481,28.010000228881836,-0.005326691027807584,31.658500003814698,0,0
2020-05-27,8.491951942443848,8.599031187811976,7.96551563826458,8.591311899056008,1175892000,-0.02208154810691232,-0.03182652578711431,0.09263026560571785,8.553611516952515,7.099633378982544,1.204796228249513,0.029318999782931975,0.026938840735781275,67.7538462216124,1.989025524788985,27.6200008392334,-0.013923576810481397,31.361000061035156,0,0
2020-05-28,8.45385456085205,8.726285899870943,8.346524488362034,8.379395599557078,734896000,-0.0044862926509724455,-0.05384622938172445,0.09087410806257235,8.624035453796386,7.160499753952027,1.204390161320319,0.02939716322614169,0.026802064751166196,64.89633409127808,1.2067717522243868,28.59000015258789,0.03511945271111783,31.229000091552734,0,1
2020-05-29,8.840835571289062,8.840835571289062,8.451860639795001,8.521089170178403,745256000,0.04577568819660516,0.011423934827481164,0.1052239463471576,8.708205509185792,7.236302509307861,1.2034053990950022,0.030858677038538687,0.027328644289068144,67.13415599603329,1.1877653424896382,27.510000228881836,-0.037775443089960836,30.89700002670288,0,0
2020-06-01,8.771855354309082,8.806220730447182,8.655561576329143,8.798750326921363,389876000,-0.007802454465276609,-0.024373073504360576,0.03715789444010631,8.73963212966919,7.30567048072815,1.19628063607902,0.026430511192628698,0.025817207234391258,62.69170894786659,0.619015078287444,28.229999542236328,0.02617227580385806,30.449000072479247,0,1
2020-06-02,8.790782928466797,8.802736146428314,8.62418643742466,8.761896855847086,391320000,0.0021577617725327958,0.012331309762505738,0.008571287581649933,8.74710292816162,7.379012899398804,1.1854028509523653,0.024726175555906216,0.025504033686367666,69.1222485799411,0.6176906527171159,26.84000015258789,-0.0492383780442075,29.992500019073486,0,0
2020-06-03,8.735252380371094,8.831624802406887,8.666023828096275,8.787796961741876,365440000,-0.0063169058487249075,0.028650708291364735,-0.004087670002003829,8.743517589569091,7.447788295745849,1.1739750436466296,0.024754386038676204,0.02576248635981589,68.27341211557676,0.5769969820708419,25.65999984741211,-0.04396424360906748,29.594999980926513,0,1
2020-06-04,8.736248970031738,8.912388271948576,8.64755539239078,8.697881042993215,424280000,0.00011408825037317882,0.03340421900412083,-0.02224070161641689,8.72364559173584,7.498409852981568,1.163399409044984,0.023866494159379827,0.025816421107071205,65.05301625115004,0.6646104491148813,25.809999465942383,0.005845659369534406,29.179500007629393,0,1
2020-06-05,8.8892183303833,8.965952278985723,8.677950020915608,8.764151688071133,481748000,0.017509729962630338,0.005472645510042451,0.01695909948316432,8.738469505310059,7.553863868713379,1.1568211523513263,0.02348562728192102,0.025659384182622223,60.071108080900686,0.7483001439289656,24.520000457763672,-0.049980590270097824,28.8335000038147,0,0
2020-06-08,8.774613380432129,8.859070124308195,8.655774627427663,8.846613453118048,387736000,-0.012892579042574792,0.0003144176473102167,-0.02406631918147939,8.716831493377686,7.601238460540771,1.1467646408711074,0.021858710028166643,0.025753587383745228,51.46417305780362,0.6000100895087987,25.809999465942383,0.0526100727608374,28.725,0,1
2020-06-09,9.01478385925293,9.07831413874504,8.72105171133623,8.769633410246842,468488000,0.02737106108360221,0.025481340241124695,0.03812686830330736,8.749939727783204,7.655662651062012,1.1429369509338805,0.02048234783673669,0.02550994359369364,55.5782846089863,0.7250035283892965,27.56999969482422,0.06819063406817372,28.725,0,1
2020-06-10,9.334425926208496,9.467216327764026,9.121911673712983,9.136113250908178,632180000,0.035457540851351776,0.06859258550832492,0.09920851995803903,8.834187126159668,7.710074796676635,1.1457978501022548,0.020443665095301076,0.024600762769657104,58.53560323947032,0.967904128834228,27.56999969482422,0.0,28.451499938964844,0,0
2020-06-11,8.765897750854492,9.22929241026182,8.755683028560194,9.118426368717435,583652000,-0.06090660313214691,0.003393765553667105,0.03691135064559137,8.865391445159911,7.754107494354248,1.1433155204019014,0.030232321643147663,0.029138908270496262,50.45899246858162,0.8965011308179061,40.790000915527344,0.47950675977645907,28.727000045776368,1,1
2020-06-12,8.90167236328125,9.155543430146446,8.673213588252866,9.130879089754174,570908000,0.015488956897030004,0.0014010267759294592,0.006881339608866499,8.871475124359131,7.811080589294433,1.1357551651071216,0.02692340908262849,0.02860044562942369,48.28244736762962,0.8790462274217314,36.09000015258789,-0.11522433580407998,28.901000022888184,1,1
2020-06-15,9.14208984375,9.150560607728753,8.71357353848224,8.784827556045682,400004000,0.02700812506428063,0.04187950481526226,0.042207090117946766,8.908498573303223,7.866686267852783,1.1324334376607603,0.02788933288140711,0.026446463429420076,59.04700705570745,0.6450842971602706,34.400001525878906,-0.046827337754605125,29.026500129699706,1,0
2020-06-16,9.037203788757324,9.23477038751409,8.808246985074005,9.193164514152052,535716000,-0.01147287510682049,0.002487017975631556,0.028031730767978935,8.933140659332276,7.925951642990112,1.127074837408697,0.02834583483901317,0.025908754263989517,61.14347838967657,0.8809046556484248,33.66999816894531,-0.021221026876537152,29.245000076293945,1,1
2020-06-17,9.204127311706543,9.26690962968148,9.038948800827344,9.082299582724236,408304000,0.01847070475016599,-0.013958931757775295,0.05367617453034934,8.98002815246582,7.976358308792114,1.125830586442862,0.028510675738035927,0.02615348697301132,64.56652120845851,0.6888972049910561,33.470001220703125,-0.005939915625735037,29.392000102996825,1,0
2020-06-18,9.186188697814941,9.250465961094562,9.083045515800086,9.195157463559028,254408000,-0.001948974985253149,0.047946138422556794,0.05150262192923383,9.02502212524414,8.031072912216187,1.1237629422484812,0.028562319739973353,0.02589718957336659,57.826556984053774,0.44165310558822907,32.939998626708984,-0.01583515311216377,29.639500045776366,1,1
2020-06-19,9.229290008544922,9.412406059960434,9.195407893756292,9.21060547299909,524160000,0.004691968796616708,0.03680405567554601,0.038256645918939514,9.059029293060302,8.082704973220824,1.1207917798650553,0.028244762251758416,0.02530676111879303,60.489641245543616,0.9290480660429529,35.119998931884766,0.06618094705711841,29.91899995803833,1,1
2020-06-22,9.493871688842773,9.498356546575156,9.241246562062615,9.26790480732503,398468000,0.02866760932345702,0.03847936862415202,0.0819703703429977,9.130955123901368,8.141620903015136,1.121515633394309,0.028518555547493142,0.02531022539204128,64.49030902774228,0.7487528552605569,31.770000457763672,-0.095387203189226,30.09949998855591,1,0
2020-06-23,9.417387962341309,9.609223760973583,9.375035085564633,9.518039245168492,375108000,-0.008056115461445357,0.04206878393701263,0.0446604277345084,9.171215534210205,8.195570611953736,1.1190453927434207,0.028080951652399308,0.023925145692633334,63.93809543295978,0.7320723196302831,31.3700008392334,-0.0125904819882533,30.267500019073488,1,0
2020-06-24,9.203627586364746,9.523519878138092,9.112941082565484,9.443546092407447,449372000,-0.022698478265030353,-5.4293614687561664e-05,-0.014012467491600566,9.15813570022583,8.238222637176513,1.1116640206951969,0.027014302896022836,0.023961370502578436,58.7860310421286,0.9439279427642385,33.84000015258789,0.07873762343880286,30.57849998474121,1,1
2020-06-25,9.457250595092773,9.47219917351608,9.150562864873292,9.323464192064792,376072000,0.027556852594054604,0.029507547274998602,0.07886845864371272,9.227270984649659,8.28749608039856,1.113396723827579,0.018334659134802235,0.02440957482386089,60.28881402730049,0.8208942192171216,32.220001220703125,-0.04787230864598202,30.760000038146973,1,0
2020-06-26,9.123408317565918,9.467218082457258,9.093512105518155,9.467218082457258,592084000,-0.03530014079357069,-0.011472354956987285,0.024909471527992055,9.249444580078125,8.323189725875855,1.111286043537209,0.022516704863474568,0.024171379069457242,55.85290553684627,1.314380523999359,34.72999954223633,0.07790186922526843,31.121000003814697,1,1
2020-06-29,9.168253898620605,9.172738758485687,8.86928890130377,9.138108683519842,342248000,0.004915441630332751,-0.03429768179875814,0.002861933684505713,9.252060985565185,8.360965604782104,1.1065780464726962,0.020890915673453615,0.024071023543265384,52.75594165093107,0.7638018517923393,31.780000686645508,-0.0849409413899711,31.298500061035156,1,1
2020-06-30,9.464975357055664,9.493376613630447,9.234523546788532,9.281859291207626,367892000,0.0323640097357798,0.005053141582851861,0.047334505041316755,9.294838142395019,8.407300653457641,1.105567473499638,0.022630355570995964,0.02497951019232931,52.363803013364915,0.8231840889084999,30.43000030517578,-0.04247955797046343,31.47800006866455,0,1
2020-07-01,9.497112274169922,9.542705009505953,9.380516406718849,9.487894507092104,326648000,0.003395351377254441,0.03188793603947815,0.03183191111347816,9.324136638641358,8.463014192581177,1.1017512704652033,0.02211975939909962,0.024862496141835024,66.43151659580303,0.734083669645269,28.6200008392334,-0.05948075740355885,31.626000118255615,0,1
2020-07-02,9.579078674316406,9.703896302605694,9.545195612171268,9.605735972928237,364056000,0.0086306655939421,0.012881976426303732,0.04276963922969701,9.363425636291504,8.512079553604126,1.1000162272128797,0.022090676822329503,0.024856594233857346,65.59960961005807,0.8237258084733866,27.68000030517578,-0.03284418261683031,31.719500160217287,0,1
2020-07-06,9.80529499053955,9.874555120077645,9.678982404276315,9.708131608857562,315892000,0.023615665338429626,0.07474034365652038,0.062410540947498205,9.421026134490967,8.56673505783081,1.0997218976533252,0.02291213959547839,0.025056155830938967,65.37312865332896,0.7284159514912036,27.940000534057617,0.009393071749107529,31.890500164031984,0,1
2020-07-07,9.837682723999023,10.035248385894452,9.81675528569357,9.911925710056408,357800000,0.0033030860867235834,0.07301595623122248,0.03621399639941392,9.455407238006591,8.61925923347473,1.0970092651679975,0.02152386747413936,0.024699211298445795,69.20047561816408,0.8279091937719385,29.43000030517578,0.0533285519913258,32.07150020599365,0,1
2020-07-08,10.180745124816895,10.18971484215439,9.931109851071897,9.959262104406426,365480000,0.03487227738916299,0.07562299327358102,0.0810582685483634,9.53174295425415,8.674914274215698,1.0987708527086186,0.023124003093976338,0.025094166881584497,71.60020620278914,0.855879759057249,28.079999923706055,-0.04587157211929438,32.097000217437746,0,1
2020-07-09,10.472733497619629,10.533522858711208,10.19818394553141,10.344427963094862,494548000,0.028680452090974695,0.10272819729668603,0.13789192352101187,9.65865354537964,8.739257898330688,1.1052029426004888,0.02115302153826101,0.024724211185800104,75.37846465029551,1.1771000687864313,29.260000228881836,0.042022803005052234,32.18150024414062,0,0
2020-07-10,10.443085670471191,10.618477930540756,10.342932393289248,10.552207713445835,497676000,-0.0028309540346057593,0.09019729616287386,0.10424119203206406,9.75723705291748,8.79947244644165,1.1088434121824124,0.021044365438861103,0.019248891924992,74.07117273768155,1.1967905133245256,27.290000915527344,-0.06732738543897732,31.506500244140625,0,0
2020-07-13,10.017561912536621,10.75500811512354,9.99040565708493,10.558439364814555,457076000,-0.040746937386310855,0.02164819336918189,0.09800653043765761,9.846652412414551,8.854254417419433,1.1120814862788133,0.022379958584568146,0.02213685836033948,59.76230374645733,1.114410170313051,32.189998626708984,0.1795528599045837,31.31150016784668,1,1
2020-07-14,10.341190338134766,10.366851638295143,9.751731237272898,10.040232450582947,542676000,0.03230610685751145,0.05118152600179271,0.12793455029540923,9.963946056365966,8.920240411758423,1.1170042057646516,0.023393422148447158,0.02242928560506637,65.7680391008472,1.3004949624260875,29.520000457763672,-0.08294496063538004,31.067500114440918,0,0
2020-07-15,10.191957473754883,10.396996976392158,10.021049087895884,10.378312439988601,403984000,-0.014430917476643157,0.0011013289106567292,0.07680760797304043,10.03664426803589,8.97900336265564,1.117790456542099,0.023626232945963936,0.02256284455090329,67.24940370874022,0.9836531793709046,27.760000228881836,-0.05962060303488104,30.772000217437743,0,0
2020-07-16,10.099776268005371,10.171527353998105,9.861351715438127,9.980439491512932,344964000,-0.009044504550464016,-0.03561221429906791,0.06345760442093162,10.096910667419433,9.03470248222351,1.1175698023577314,0.024197458172827067,0.022618737383126433,61.88374011932829,0.8464738598770252,28.0,0.008645524824904882,30.49850015640259,0,1
2020-07-17,10.166297912597656,10.21313566260369,10.052940920694368,10.190215263746163,266284000,0.006586447345672042,-0.026504403641557595,0.06130226697643826,10.155632591247558,9.08971492767334,1.1172663468607873,0.02418548454469513,0.022563221610489747,71.40524468611942,0.6524579270438131,25.68000030517578,-0.08285713195800781,30.13550024032593,0,1
2020-07-20,10.474477767944336,10.49490720598803,10.121699312228516,10.23879412998473,284852000,0.030313872168235,0.04561148305316687,0.06824708262733892,10.222550868988037,9.14736481666565,1.1175405238417404,0.024805262754006806,0.023242606052745876,74.19475071903724,0.71903452906535,24.459999084472656,-0.04750783513258894,29.602500247955323,0,0
2020-07-21,10.29285717010498,10.523558910117604,10.251251290814393,10.47672022047995,277036000,-0.017339346348624662,-0.0046738495714123696,0.046268461677012596,10.268068313598633,9.19758219718933,1.1163877738147783,0.02596951957762429,0.023220789246727692,66.01756051765628,0.7101895626467299,24.84000015258789,0.015535612524060216,29.256000232696532,0,1
2020-07-22,10.402729034423828,10.565913674457448,10.255986978472244,10.331724936432217,367292000,0.010674573881969796,0.020680184470127427,0.02180428906581877,10.290266704559325,9.244956789016724,1.1130681234534767,0.023905213429129032,0.02307327206738533,67.009894889193,0.9425075815390742,24.31999969482422,-0.020933995755611834,28.903500175476076,0,0
2020-07-23,10.094793319702148,10.510603105060774,9.996632984171347,10.413937722405896,411660000,-0.029601435710060797,-0.0004933721471640506,-0.036088016371598086,10.252472686767579,9.291412115097046,1.1034353615753374,0.023895263250576813,0.023559714239066856,58.92858204277931,1.0614964505906228,26.079999923706055,0.07236843137199545,28.515500164031984,0,1
2020-07-24,10.159319877624512,10.32898230288005,9.743261080131965,9.840922467199292,473292000,0.006392063302219864,-0.0006863889916601806,-0.02717260030232771,10.22409610748291,9.33960620880127,1.094703125475262,0.024097292041845998,0.022955873360143302,56.492751007261234,1.2053113030722842,25.84000015258789,-0.009202445238506662,28.19650011062622,0,1
2020-07-27,10.385538101196289,10.405717592234707,10.182490585471907,10.19694116528819,292132000,0.02226706376969334,-0.008491083633805019,0.03673310850209566,10.260893726348877,9.387334270477295,1.093057244016428,0.02102441126632855,0.02134260848374888,59.380637677221465,0.7735022548523278,24.739999771118164,-0.04256967395410638,27.697000122070314,0,0
2020-07-28,10.18024730682373,10.346172824798396,10.1740194451191,10.338450010177334,271636000,-0.019766986782217,-0.01094058349593341,-0.015563298425862349,10.244799423217774,9.421787433624267,1.0873520014531808,0.01958221263418145,0.022150543089161995,49.99105405816713,0.7260203162527349,25.440000534057617,0.02829429140725548,27.380000114440918,0,1
2020-07-29,10.429381370544434,10.479956001780657,10.311290580750423,10.354889400781651,284508000,0.024472299759723093,0.002562052326116504,0.023295220510970216,10.268541812896729,9.456053562164307,1.0859225516639797,0.020545334780810116,0.02171242688452153,49.208762272905126,0.7689933308935262,24.100000381469727,-0.052672960867039875,27.063500118255615,0,1
2020-07-30,10.577374458312988,10.586343227031168,10.259723992725158,10.339198859238788,308880000,0.01419001592812874,0.04780495482448166,0.047287997044110686,10.316301631927491,9.492178936004638,1.0868212347743347,0.020408623352077365,0.021802133626293473,52.34946517515038,0.8368776724786784,24.760000228881836,0.02738588535125408,26.870500087738037,0,1
2020-07-31,10.578118324279785,10.729345196481006,10.396995248418266,10.526795731850012,386080000,7.032614470903198e-05,0.041223079074186764,0.04050839501484793,10.357483673095704,9.525041923522949,1.0873950746103243,0.020449899067249137,0.02182408282461596,61.519487564614934,1.042931228885694,24.459999084472656,-0.012116362747817577,26.70950002670288,0,1
2020-08-03,10.97225570678711,11.060450332078197,10.678273622483482,10.69546415667313,412720000,0.0372596874439064,0.05649371268718739,0.04752293621417114,10.40726146697998,9.569667453765868,1.087525926816245,0.02152627477652186,0.02262849049514385,62.60322062835546,1.1005021481016926,24.280000686645508,-0.007358888166983268,26.526500034332276,0,1
2020-08-04,11.189002990722656,11.189002990722656,10.868363657948816,11.011866768848385,310336000,0.019754122554897613,0.0990895067178541,0.08706482620010325,10.496876049041749,9.613627643585206,1.0918746219639472,0.02044428863732695,0.022827957571485456,69.38945755112397,0.832768915856893,23.760000228881836,-0.021416822201726027,26.243000030517578,0,1
2020-08-05,11.24779987335205,11.332506580940676,11.127716100125092,11.205197994341091,249924000,0.005254881304272319,0.07847239195980182,0.08123549466027491,10.58138313293457,9.66490961074829,1.0948248415243402,0.020454167274045733,0.021843920777943702,72.61921314999304,0.6812186510058662,22.989999771118164,-0.03240742636137206,25.988500022888182,0,1
2020-08-06,11.296381950378418,11.31880434287186,11.140173154557944,11.310582577201503,244316000,0.004319251549048886,0.06797598921160874,0.11903053312950074,10.701541996002197,9.720998210906982,1.1008686313711118,0.015804338522340332,0.021134748071411826,72.42427556952046,0.6894449865703897,22.649999618530273,-0.014789045496860997,25.657999992370605,0,0
2020-08-07,11.160850524902344,11.465047272124,10.999409884640297,11.273460477418752,342516000,-0.011997772921579886,0.0550884555039457,0.09858245033544644,10.80169506072998,9.775138130187988,1.10501712782674,0.01743984639564594,0.021388672051692217,64.62153372577956,0.9881935857259003,22.209999084472656,-0.019426072470996703,25.403999900817873,0,0
2020-08-10,11.126473426818848,11.368883949155196,10.8190376641986,11.295139890479533,427796000,-0.0030801503887891712,0.01405524298311267,0.07134298852913656,10.875788593292237,9.820850887298583,1.1074181573572222,0.017232140217102673,0.01878280921873066,68.94680303180061,1.2394703431203538,22.1299991607666,-0.0036019778029610094,24.90099992752075,0,0
2020-08-11,10.812556266784668,11.098316512695563,10.758492772663406,11.035533253455245,354512000,-0.028213536130641814,-0.033644349210570246,0.062111355540165114,10.93901948928833,9.861664905548096,1.1092467239618051,0.018825840975092597,0.019097413893640763,58.52410337584128,1.0559248933685992,24.030000686645508,0.08585637586680717,24.626499938964844,0,1
2020-08-12,11.400772094726562,11.427429397401577,10.920435042632398,10.952823156927446,464412000,0.054401180759525714,0.013600190534766687,0.0931398219769406,11.036158561706543,9.913864688873291,1.113204477572994,0.023780102221297277,0.02190038802229088,74.32704469551624,1.3709279856321959,22.280000686645508,-0.07282563254243057,24.352499961853027,0,1
2020-08-13,11.403511047363281,11.681299523642465,11.316562382786438,11.506155291638954,374460000,0.0002402427321555045,0.009483487496744436,0.07810412615212026,11.118772220611572,9.967229862213134,1.115532838543642,0.023863592838222338,0.02166528554319993,73.72215763192452,1.100601295233079,22.1299991607666,-0.006732563790665225,24.058999919891356,0,1
2020-08-14,11.524092674255371,11.664356876470226,11.401019002979302,11.490209613163513,366436000,0.010574079017529492,0.03254609929078023,0.0894274691373329,11.213369655609132,10.022986736297607,1.1187652892925248,0.02371623224432731,0.021686303606329796,72.61920324905657,1.0613955864880005,22.049999237060547,-0.0036149989489328016,23.877499866485596,0,1
2020-08-17,12.294425010681152,12.366924042281948,11.776469020888552,11.810351132151725,621300000,0.06684537847796812,0.1049705094380684,0.12050113843739418,11.345586585998536,10.091090869903564,1.1243171558227145,0.028926897128222207,0.02507114341266707,84.30069700686857,1.716003493322418,21.350000381469727,-0.0317459809438132,23.72199993133545,0,0
2020-08-18,12.218440055847168,12.452878719522852,12.044542712246516,12.407036978701228,503448000,-0.006180439895966727,0.13002325762514322,0.09200436052953664,11.448530292510986,10.159967403411866,1.1268274629174895,0.029295739241394104,0.024589219394500178,80.75379052660155,1.3483427731539857,21.510000228881836,0.007494137918188315,23.555499935150145,0,0
2020-08-19,12.096611976623535,12.272502269183928,12.05625109770303,12.254066733502945,622624000,-0.009970837411878208,0.06103445241387062,0.07546472313065111,11.533411502838135,10.221603965759277,1.1283367602064414,0.029913643377255533,0.024941356325662446,76.3526389760122,1.612391473352024,22.540000915527344,0.04788473620109546,23.466499996185302,0,1
2020-08-20,12.099101066589355,12.332293735229182,11.837756147522825,11.933674519900297,921388000,0.00020576752983658686,0.06099788182227517,0.07105984196860904,11.613683414459228,10.276897468566894,1.130076800900374,0.029993378939321462,0.023429705346518753,76.36694765117713,2.238357305171222,22.719999313354492,0.00798573161117977,23.298499965667723,0,1
2020-08-21,12.639726638793945,12.764544235633926,12.153160970962528,12.159638781278678,999868000,0.04468311895480248,0.09680883311801902,0.13250568230368276,11.761571025848388,10.354374046325683,1.135903626160971,0.03127342212389043,0.024704889919045566,77.50922758868083,2.282988168450144,22.540000915527344,-0.007922464932529683,23.133500003814696,0,1
2020-08-24,12.676353454589844,12.867940264465586,12.46433720627704,12.839289060494515,490564000,0.0028977537918806195,0.031065173326680906,0.13929660983463288,11.916559028625489,10.429867668151855,1.1425417280233883,0.03098878836218767,0.02463049101381799,76.08812016995083,1.0952871510664985,22.3700008392334,-0.007542150372178313,23.01500005722046,0,1
2020-08-25,12.706001281738281,12.717212003155831,12.530359043130268,12.587162502642434,289076000,0.0023388293214325895,0.0399037212330382,0.17511539068426663,12.10590353012085,10.501145896911622,1.1528173828802042,0.027750882658942724,0.023688300301433967,75.84108350923682,0.6441687305101055,22.030000686645508,-0.015198933385446534,22.844500064849854,0,1
2020-08-26,12.728922843933105,12.824093286036803,12.634001402277098,12.755082146691315,321244000,0.001803994953767818,0.05227173265799534,0.1164965616513709,12.238718605041504,10.574980278015136,1.157327794784185,0.024596111818594803,0.02357209218447238,75.61934870317789,0.7129328998324438,23.270000457763672,0.0562868693812546,22.803000068664552,1,0
2020-08-27,12.584670066833496,12.805655066718726,12.523132755342244,12.73739094301535,317604000,-0.011332677467548957,0.04013265097726948,0.10357853950107088,12.356834506988525,10.642591133117676,1.1610738731225383,0.025434575301741976,0.024035013214002695,75.38419320362367,0.7041730150818835,24.469999313354492,0.05156849299461275,22.788500022888183,1,1
2020-08-28,13.102377891540527,13.10262689195199,12.598871498450452,12.631259609222237,537160000,0.0411379735787778,0.03660294767187522,0.13695526944268854,12.514663028717042,10.720914916992188,1.1673129696124946,0.027257388643994396,0.02496867381288039,80.04839333770741,1.1713417702969917,22.959999084472656,-0.061708225224908486,22.713500022888184,1,1
2020-08-31,13.328344345092773,13.528151947873681,12.992756452252905,13.137255557317225,500840000,0.017246217093016325,0.05143363135451673,0.08409659935404634,12.618054962158203,10.802896003723145,1.1680252182201398,0.01995405533378058,0.024253658241609688,89.31017515562418,1.0817484220002453,26.40999984741211,0.15026136326253647,22.819999980926514,1,1
2020-09-01,13.777425765991211,13.949630647103293,13.39413750128578,13.437500302872197,511316000,0.03369371388305864,0.08432428586268403,0.127592859891962,12.773953533172607,10.888567085266112,1.1731528522662737,0.02071231458633789,0.024742675320344715,88.82424677500867,1.0809144761903957,26.1200008392334,-0.010980651641583683,22.938000011444093,1,1
2020-09-02,14.301268577575684,14.680319697982243,13.856175532405885,14.657391497757109,874012000,0.038021820656624294,0.1235254351778865,0.18225405635996283,12.994419193267822,10.9862446975708,1.1827898932690855,0.02054570698681098,0.025435271632773256,90.45012850506791,1.7333095882434835,26.56999969482422,0.01722813327459405,23.117000007629393,1,0
2020-09-03,12.974467277526855,13.840727142576302,12.838148176341802,13.785153007039172,945128000,-0.09277507745915947,0.030973971397204814,0.07234968995793833,13.081955814361573,11.061661491394043,1.1826393191058429,0.04043659615038745,0.034651411651549544,65.14558937645299,1.7525569031006227,33.599998474121094,0.2645840745216983,23.664499950408935,1,0
2020-09-04,12.582703590393066,13.133461413536873,11.667846759486407,12.74344435701428,1463684000,-0.030194972845811185,-0.03966259448851539,-0.004511414687234039,13.076253509521484,11.124170551300049,1.1754812144617202,0.03976931724990537,0.035421417151193534,53.26880545567244,2.4585533463364686,30.75,-0.0848213870103649,24.091499996185302,1,0
2020-09-08,11.875442504882812,12.510434346099357,11.667350850169926,11.69750507921574,795728000,-0.056208992004727065,-0.10900842614745998,-0.0631814939979477,12.996162414550781,11.179211235046386,1.1625294612743629,0.04355025754078466,0.03807942431168154,46.59779755827019,1.296522535105245,31.459999084472656,0.02308940112106206,24.557999992370604,1,1
2020-09-09,12.67491340637207,12.768865989379982,12.19318633889439,12.36090597859169,736200000,0.0673213567545412,-0.08002310288912096,-0.002446708030078071,12.99305362701416,11.249344425201416,1.1550054061733934,0.04933485249096224,0.03978485466016443,55.05644454799083,1.1633555332709886,28.809999465942383,-0.08423393819608227,24.79699993133545,1,0
2020-09-10,12.272934913635254,13.024059324113075,12.128640676598586,12.94829871786249,698684000,-0.031714496174366724,-0.14182893307247213,-0.035822978573177955,12.947454833984375,11.305503616333008,1.145234681565114,0.050391761556176286,0.0392389721638455,51.4206873932797,1.0840071232395536,29.709999084472656,0.03123914041005804,25.168499851226805,1,0
2020-09-11,12.126150131225586,12.61261156665799,11.858247209010582,12.446138237529997,636928000,-0.01196003917910371,-0.06538358208900374,-0.036434799893270586,12.901602840423584,11.35808437347412,1.1358960205080202,0.050404395682055264,0.039402056269876244,45.51391648542642,0.9684737561080045,26.8700008392334,-0.09559065408128964,25.405499935150146,1,1
2020-09-14,12.831665992736816,13.273020068340417,12.59142659294428,13.039758568536314,1201744000,0.05818135631476995,0.019786081787210863,-0.02066128003974721,12.874531650543213,11.42313611984253,1.1270575361681578,0.05229808659260422,0.041227214423748465,51.214708401214104,1.7181835988602099,25.850000381469727,-0.03796056665075909,25.595499992370605,1,1
2020-09-15,12.950042724609375,13.25682221304241,12.787307442411516,13.238131137079726,727556000,0.009225359508232556,0.09048927812877028,-0.0283832418107266,12.836701488494873,11.486031074523925,1.117592439477788,0.0520508224009745,0.038702303444901,51.8825344857165,1.0323753532864186,25.59000015258789,-0.010058035785106334,25.807499980926515,0,0
2020-09-16,12.475045204162598,13.051472087075725,12.474297979375853,12.916399323525857,556384000,-0.036679224196235594,-0.015768802184399355,-0.09453003659387993,12.706463432312011,11.538778324127197,1.1011965977146145,0.05149702638270665,0.03968476342016837,48.16927529406716,0.7865345484350424,26.040000915527344,0.017585023847447978,26.03400001525879,1,0
2020-09-17,12.424205780029297,12.55005801210448,11.99680748160983,12.093999936822648,792512000,-0.004075289772604296,0.012325565763897428,-0.13125148915038287,12.518757152557374,11.583647537231446,1.0807266979006704,0.04891098952727466,0.0396145930420874,48.82708203238768,1.1070443271996324,26.459999084472656,0.01612896137399411,26.229999923706053,1,0
2020-09-18,12.1508207321167,12.592672993531387,11.950953315876442,12.554045465543362,698460000,-0.022004227292503287,0.0020344957487854476,-0.0634821089600186,12.436392498016357,11.617209281921387,1.070514630167658,0.04045693659832278,0.039979835411258255,42.78693369282276,0.9910965064011331,25.829999923706055,-0.02380949291628287,26.385499954223633,0,1
2020-09-21,12.47778606414795,12.483019489295126,11.866967870062911,11.887403420828344,721044000,0.026908909220183297,-0.027578642460704295,-0.008338233948801066,12.425900745391846,11.657903289794922,1.0658778372496205,0.04066228524385129,0.039146095255652,43.649767792433934,1.043791095861657,27.780000686645508,0.0754936418389145,26.64749994277954,1,1
2020-09-22,12.597902297973633,12.608120070542224,12.117173590900462,12.535350288346894,646452000,0.009626405935169169,-0.027192221224610957,0.060836452434826604,12.498146724700927,11.709510097503662,1.0673500958306867,0.03558060740489785,0.039200357674533524,40.73881052547714,0.925369724464126,26.860000610351562,-0.03311735253974313,26.87199993133545,0,0
2020-09-23,12.085525512695312,12.68687406505385,12.04116641481339,12.53585102033723,647012000,-0.040671595410033956,-0.03122391022176918,-0.04650034874245801,12.439207935333252,11.744396800994872,1.0591610745201936,0.031180160098078658,0.04025558312591964,32.571410053660586,0.903036855223406,28.579999923706055,0.0640357138596499,27.199499893188477,1,1
2020-09-24,12.309066772460938,12.529868786373692,11.976120227551869,12.034186993287644,731240000,0.018496610638139455,-0.0092673133081419,0.002944027576121222,12.44282112121582,11.786738986968993,1.0556627354667112,0.030308546779325395,0.04050482149290408,43.66692136113225,0.9922055337942024,28.510000228881836,-0.0024492545490231166,27.461499881744384,1,1
2020-09-25,12.833162307739258,12.842881933702188,12.207142912715822,12.408256652197235,588016000,0.04257800733122008,0.05615600712625213,0.05830475203280483,12.513522338867187,11.841406707763673,1.0567597792805183,0.032596858507554435,0.041553414100515,52.325217567763545,0.7834937808542248,26.3799991607666,-0.0747106647146728,27.55699987411499,0,1
2020-09-28,12.993902206420898,13.010599730507748,12.709800926062767,12.999135631045021,573808000,0.012525353831510655,0.041362797824839426,0.012643425551749354,12.529745960235596,11.897958793640136,1.0531004668576573,0.02726153341248749,0.04060989074713088,61.556284551890606,0.7627003522621633,26.190000534057617,-0.007202374251457866,27.71849994659424,0,1
2020-09-29,13.184051513671875,13.400367358569484,12.892474170877144,12.896710345478045,621460000,0.014633733903046897,0.046527525125553915,0.018070117144695308,12.553146839141846,11.952150268554687,1.0502835520875553,0.027482526324545193,0.04055694134818654,56.01837697831865,0.8194697985833798,26.270000457763672,0.0030545980173624088,27.711499977111817,0,1
2020-09-30,13.48784065246582,13.579550597046405,13.108789549903188,13.11601652435821,689184000,0.023042168674698882,0.11603261590051983,0.08118571369707572,12.654426383972169,12.016049938201904,1.0531269800852534,0.02443049020115415,0.04016262768697957,64.70234672776328,0.8982383848642015,26.3700008392334,0.0038066379797176975,27.723999977111816,0,1
2020-10-01,13.571573257446289,13.71935544959804,13.41830761594824,13.714621126133311,525004000,0.006208006688243284,0.10256719768633937,0.09234936202209987,12.769163131713867,12.079426822662354,1.0571000858879736,0.024074614209927524,0.0391836194594315,67.76306074316182,0.7001814056174659,26.700000762939453,0.012514217413868156,27.73050003051758,0,0
2020-10-02,13.021069526672363,13.476877623237657,13.009854499558205,13.183306677405055,552496000,-0.040563000348679656,0.01464231608913602,0.07162057722203463,12.856188011169433,12.137952346801757,1.0591727207231065,0.027247947537160807,0.034235706366558274,52.41980682873766,0.7566574698450984,27.6299991607666,0.03483139967239324,27.432000064849852,1,1
2020-10-05,13.599488258361816,13.601232733408866,13.181061420646227,13.19426999628857,479820000,0.04442175279877136,0.04660540323611717,0.0898959309325571,12.96835823059082,12.206755714416504,1.0623918864268613,0.029146479676122564,0.03474967466869809,57.42452473286154,0.7045953620820146,27.959999084472656,0.011943537232336876,27.292500019073486,1,1
2020-10-06,13.693192481994629,14.097414465703828,13.621918076224542,13.786397839796917,784420000,0.006890275711308291,0.03861794440007871,0.08694226690400453,13.07788724899292,12.27290880203247,1.0655898662611376,0.029153098135419903,0.031679962259550005,65.25599038767024,1.152844737935855,29.479999542236328,0.05436339440396454,27.19350004196167,1,1
2020-10-07,13.919974327087402,14.074735405554517,13.819791075017143,13.955612003069618,418084000,0.01656164881863531,0.032038758890777785,0.1517889157956005,13.261332130432129,12.347703342437745,1.073991799337642,0.023426930562431635,0.02852110052461323,67.9421906255155,0.6291562242199353,28.059999465942383,-0.048168252996730776,27.15600004196167,1,0
2020-10-08,13.795120239257812,14.040095885233358,13.714625307805663,14.030625334081545,378900000,-0.008969419403786705,0.01647170726421643,0.12072836180575619,13.409937477111816,12.41501811981201,1.0801383733554204,0.02448959782609143,0.027408433679011718,70.45266312268492,0.5842477913768171,26.360000610351562,-0.06058442223615079,26.988500118255615,0,0
2020-10-09,13.719358444213867,13.780665094461844,13.617680744942344,13.72359556957293,346892000,-0.005491927125676255,0.05362761608108535,0.06905516467598738,13.498557090759277,12.47785779953003,1.081800843352109,0.022390129871007372,0.027220156131667225,66.47274654212049,0.5471272083534956,25.0,-0.051593345176839334,26.895000076293947,0,1
2020-10-12,14.181148529052734,14.301767332906016,13.868637469979598,13.945394372067542,434744000,0.033659743399563125,0.042770746931104275,0.09136949807465555,13.617281723022462,12.549918403625488,1.0850494230375736,0.0239224237350826,0.02525292743652111,69.25978294613932,0.7298349568153341,25.06999969482422,0.00279998779296875,26.85600004196167,0,1
2020-10-13,14.203327178955078,14.303261347469597,13.9745509443215,14.251425250890234,344604000,0.0015639530082423025,0.0372546210557716,0.07731126234042796,13.719209289550781,12.614539833068848,1.0875711259467473,0.023939837502469207,0.02524861535378801,79.25107379353659,0.5977241647743001,26.06999969482422,0.03988831320993014,26.880000019073485,0,0
2020-10-14,14.050812721252441,14.297531907685247,13.915989026074767,14.24544672497904,276100000,-0.010737938778782485,0.009399327261001789,0.04173922893163029,13.775506496429443,12.671776027679444,1.087101481776436,0.02392277347996884,0.023611669371859732,74.53844791666387,0.49083344977516946,26.399999618530273,0.012658225069775098,26.897999954223632,0,0
2020-10-15,13.925956726074219,13.961593453432227,13.72434388516162,13.76720853862812,267224000,-0.008886033687529937,0.009484258531076373,0.026112187725434888,13.810944843292237,12.725339164733887,1.0853105496446744,0.024266527717174483,0.023746298902946397,67.34718470330128,0.4983214862073197,26.969999313354492,0.02159089784320045,26.923499965667723,1,0
2020-10-16,13.767955780029297,14.076978854570742,13.74901562850576,13.99249587281889,242392000,-0.011345787521304662,0.0035422455075460046,0.057359823770774865,13.88563346862793,12.774770641326905,1.0869575555202016,0.01980893243044399,0.023198262458981173,62.29813818939085,0.47208969688659813,27.40999984741211,0.016314443650717658,27.002499961853026,1,0
2020-10-19,13.455194473266602,13.93941224406965,13.364480823563948,13.859166394923227,298068000,-0.022716611802048536,-0.05119148525233197,-0.010610236381982552,13.871204090118407,12.820657520294189,1.0819417076044093,0.016322664341940962,0.023554212840711287,54.14636365916732,0.6054650047938639,29.18000030517578,0.06457498969781228,27.07249994277954,1,1
2020-10-20,13.602479934692383,13.7562437743147,13.464416371504672,13.540675128663521,229212000,0.010946364373879192,-0.04230327420415725,-0.006624645598280021,13.862132835388184,12.87017765045166,1.0770739310581088,0.01658731135684723,0.023572527928423116,51.84121398077668,0.48620167404132925,29.350000381469727,0.005825910709938986,27.196999931335448,1,0
2020-10-21,13.482110977172852,13.74802034288647,13.43501014514702,13.58204516755645,219596000,-0.008849045034246772,-0.04047465120785543,-0.031455758439331016,13.818346500396729,12.923568744659423,1.0692361199461307,0.015592634389234819,0.021361183763796605,48.57986474440956,0.4879225850947156,28.649999618530273,-0.02385011086341937,27.20049991607666,1,0
2020-10-22,13.31887435913086,13.56883336243066,13.190031344799218,13.47986514532416,290480000,-0.012107645332275818,-0.04359358418848813,-0.03452277848015162,13.770721912384033,12.961930789947509,1.0623974263975993,0.01575501238816257,0.02149189914997034,55.390107035407475,0.6786516307918319,28.110000610351562,-0.018848133171682435,27.180499935150145,1,1
2020-10-23,13.547405242919922,13.550396043668407,13.249348086572756,13.407597191275125,233484000,0.01715842327414041,-0.016019120095467465,-0.012533618244114475,13.753526592254639,13.004808673858642,1.057572390119127,0.01699932558434971,0.019784705247853078,48.9206153320729,0.569058729422913,27.549999237060547,-0.01992178445861703,27.238999938964845,1,0
2020-10-26,13.099821090698242,13.64958277378785,12.997395191066989,13.38467063481248,336896000,-0.033038367436125426,-0.026411612502103332,-0.07625104808254357,13.64539384841919,13.0363232421875,1.046721042038958,0.014770665501745706,0.02119100823399909,39.27579491956092,0.845510009963534,32.459999084472656,0.17822141500487332,27.552499866485597,1,1
2020-10-27,13.354513168334961,13.39962044326866,13.149909542923867,13.264048592896252,250520000,0.01944240885988635,-0.018229526347250613,-0.05976163189972816,13.560512447357178,13.057525005340576,1.038520886753874,0.0169512363108007,0.021384782359898755,39.8822998221597,0.6594262791322064,33.349998474121094,0.02741834302990398,27.906499767303465,1,0
2020-10-28,12.587188720703125,13.218193334409735,12.56924582198825,13.156388537797922,376520000,-0.05745806215169624,-0.06637849651178207,-0.10416650122562121,13.414150047302247,13.064899978637696,1.0267319358920166,0.02355148624389396,0.02435884582023238,32.42694728616951,1.0336209566017556,40.279998779296875,0.2077961206071215,28.60199966430664,1,1
2020-10-29,12.982937812805176,13.151155583949004,12.709801518732187,12.798022516795879,320080000,0.03144062593191532,-0.025222592935969845,-0.06771663389585181,13.319848155975341,13.082626495361328,1.018132571521332,0.02708176058550855,0.025496753434653165,40.19902182254154,0.9041128547967865,37.59000015258789,-0.06678249027384753,29.146499633789062,1,0
2020-10-30,12.494482040405273,12.895712202598007,12.26121961191501,12.809485711152558,416820000,-0.03762290010494651,-0.07772139266778944,-0.09249548444012456,13.192500782012939,13.090534114837647,1.0077893435272223,0.028807544738997805,0.025269591864098027,27.710464070528076,1.2003704612449848,38.02000045776367,0.011439220628632452,29.665999698638917,1,1
2020-11-02,12.541085243225098,12.796277680058376,12.355920877552483,12.61784213912138,299652000,0.003729902741795632,-0.042652173919373926,-0.06793727373154645,13.10108985900879,13.08856128692627,1.0009572153736281,0.028650519411564136,0.02288108466929796,28.174134390733244,0.8859299941105931,37.130001068115234,-0.023408715910909428,30.124499797821045,1,1
2020-11-03,12.9784517288208,13.063681927532116,12.563015709327276,12.668432382996889,272900000,0.03487469203129567,-0.028159876348457513,-0.045876061487878594,13.038687038421632,13.094603252410888,0.9957298275548011,0.03117050552529092,0.024375522095307807,36.899470317557814,0.8728375760894318,35.54999923706055,-0.04255323957993329,30.427999782562257,1,1
2020-11-04,13.750760078430176,13.783906056536338,13.294952018751445,13.347037197678778,410228000,0.05950697091967738,0.09244092414481986,0.019926338072145056,13.065551948547363,13.115498428344727,0.9961917970506236,0.03699848635623729,0.027786031986629114,48.15203848441947,1.313714991340705,29.56999969482422,-0.1682137741370816,30.50349979400635,0,1
2020-11-05,14.1153564453125,14.293791998345476,13.946889592613063,14.117849095729678,319028000,0.026514633722265257,0.08722360445957089,0.059801006053909145,13.145200157165528,13.143227100372314,1.0001501196607305,0.03730801224353892,0.028327238908554233,53.51132276184935,1.03154504772498,27.579999923706055,-0.0672979300526162,30.56449975967407,0,1
2020-11-06,14.51608943939209,14.542754714559118,13.851192528563923,14.06526480662683,383348000,0.028389860052925986,0.16180001639517694,0.07150330111948322,13.242068576812745,13.181855487823487,1.0045678765819333,0.03783143027943403,0.028892740767432014,60.53554878417216,1.2322546053485948,24.860000610351562,-0.09862216536906332,30.55749979019165,0,0
2020-11-09,13.587776184082031,14.645181976540904,13.567839732214685,14.5066202611926,582976000,-0.06395064312506293,0.0834609541803708,0.03724898912781871,13.290864086151123,13.191563453674316,1.00752758631117,0.0424945136355722,0.03159828704665717,49.873589255103084,1.83034312654314,25.75,0.03580045727262959,30.59149980545044,0,0
2020-11-10,12.72973918914795,13.563601087866017,12.588435764036982,13.563601087866017,644068000,-0.06314771330567437,-0.019163498456487238,-0.046783733058006205,13.228386688232423,13.17959135055542,1.0037023407159698,0.04704689042172363,0.0344367481101506,44.25979809004093,1.9313565207586911,24.799999237060547,-0.03689323351221174,30.527999782562254,0,1
2020-11-11,13.375696182250977,13.39264278268389,12.90742679884248,13.012594400822232,404744000,0.05074392990342669,-0.027275866500465984,0.06264365133820005,13.307237434387208,13.171556758880616,1.010301035632338,0.04575268335298138,0.03656586499399656,50.40377910459737,1.1907324194099764,23.450000762939453,-0.054435424018226874,30.380499839782715,0,1
2020-11-12,13.414322853088379,13.722597713712116,13.27401668464067,13.436502877183004,365812000,0.002887825075502226,-0.0496646042868385,0.033227074372776055,13.350375938415528,13.153817844390868,1.0149430451561618,0.04494508903596945,0.03654086489082217,49.02807736266553,1.0608129191059537,25.350000381469727,0.08102343525434108,30.299499893188475,0,0
2020-11-13,13.255077362060547,13.625655192905109,13.018076883230666,13.58428594217903,346312000,-0.011871302992470412,-0.08686995782139184,0.060874497974035435,13.426435470581055,13.159430046081543,1.020290044748482,0.04297770072643676,0.036548709845788126,51.18371513705234,0.9893577025527572,23.100000381469727,-0.08875739511407266,30.083999919891358,0,1
2020-11-16,13.472640037536621,13.606466469393995,13.114522593552389,13.130970094085628,413776000,0.01641353494463904,-0.008473509203094753,0.07428023781392956,13.519590950012207,13.177228775024414,1.0259813486456797,0.04306515525548716,0.036386433173149706,50.905758816971414,1.1628716107408579,22.450000762939453,-0.028138511160012314,29.74749994277954,0,0
2020-11-17,13.379936218261719,13.553387471177189,13.26181003229355,13.50977558296825,312028000,-0.006880894836989393,0.05107701104104789,0.03093469836231355,13.5597393989563,13.207318649291992,1.0266837470210655,0.042189162323604416,0.03634054971140665,56.77995630191676,0.8668325724226408,22.709999084472656,0.011581216601222133,29.415499877929687,0,1
2020-11-18,13.386411666870117,13.562853664158515,13.143430545915464,13.422796566288316,510924000,0.00048396707598352684,0.000801116029635951,-0.026496601604705905,13.523304557800293,13.221548614501954,1.0228230407871708,0.03739554738550801,0.03628340030039846,53.69685723488189,1.3641744929241946,23.84000015258789,0.04975786497886037,29.174999904632568,0,1
2020-11-19,13.397875785827637,13.44497661001742,13.058698515613026,13.171093089061117,565936000,0.0008563997016386438,-0.0012260825567468325,-0.05082979393858156,13.451556491851807,13.2440474319458,1.015668100025486,0.036075451757726924,0.036166144695983,59.07023131997332,1.4574612686085542,23.110000610351562,-0.03062078597164286,28.924999904632568,0,0
2020-11-20,13.046485900878906,13.451953179863478,13.023806777843802,13.411581184645012,341088000,-0.0262272833817756,-0.01573672152066674,-0.10123963100731126,13.304596138000488,13.262454147338866,1.0031775409131256,0.03463015640439788,0.03644122955909284,54.78166263135223,0.8664031042250259,23.700000762939453,0.025530079489639368,28.732499980926512,0,1
2020-11-23,13.098573684692383,13.340308505174802,12.974465923751294,13.129725162390375,361356000,0.003992476150989299,-0.02776488882669159,-0.03600313198879046,13.255675888061523,13.267792301177979,0.9990867800127246,0.02910923131416426,0.03567351647587512,51.22585911938863,0.915043536965018,22.65999984741211,-0.043881893757304447,28.242500019073486,0,0
2020-11-24,12.91689682006836,13.120502239825685,12.844376096717541,13.101063940439783,346500000,-0.01386997309763116,-0.03460699592583827,0.01470239320220812,13.274391651153564,13.267129383087159,1.0005473880488165,0.020845460390055276,0.03552511957593969,40.3238739872298,0.866889764646309,21.639999389648438,-0.04501325969250447,27.657000064849854,0,1
2020-11-25,13.193024635314941,13.227665063876367,12.978952338704527,12.991412739855924,259916000,0.021377256402449252,-0.014446517585723684,-0.013656974892898188,13.256124496459961,13.281488971710205,0.9980902385791027,0.014156576599265969,0.03323800878090489,39.07293582449178,0.6598953067803813,21.25,-0.01802215344955116,26.70550012588501,0,1
2020-11-27,13.219438552856445,13.365228168197541,13.12897493434627,13.332830370269797,167276000,0.0020021123488846992,-0.013318322682163042,-0.014528075875784197,13.236636066436768,13.297393627166748,0.9954308669478016,0.014130323050021657,0.03255149048619586,33.14322242331775,0.43309451462635123,20.84000015258789,-0.01929411046645224,25.86800012588501,0,1
2020-11-30,13.359246253967285,13.370212203387892,12.931349869037602,13.223177217073376,286952000,0.010575918224653424,0.023972765958939934,0.007858791696297107,13.247052955627442,13.32156213760376,0.994406873517784,0.014059953071922135,0.03126850428879374,46.262890657530754,0.7556518785171998,20.56999969482422,-0.01295587599744541,24.995500087738037,0,0
2020-12-01,13.347785949707031,13.486098591334457,13.186545104830103,13.44971368699047,296948000,-0.0008578556037059926,0.019025908546507653,-0.009267232515804524,13.234567546844483,13.338962135314942,0.9921737098125443,0.012956232558581166,0.03128602382887916,63.97663734617092,0.7822535904351303,20.770000457763672,0.009722934657591553,24.17750005722046,0,1
2020-12-02,13.501798629760742,13.630391642696495,13.192526472963973,13.308410009830808,283360000,0.011538443951230049,0.04528191390238945,0.00910784696661704,13.246753787994384,13.357040061950684,0.991743210064147,0.01330883866066505,0.030482729965330874,53.667783596662524,0.7454315484646257,21.170000076293945,0.019258527188946495,23.458500099182128,0,0
2020-12-03,13.357709884643555,13.620955227906979,13.290901954891696,13.548662227713455,199520000,-0.010671818553091628,0.012482751596460062,-0.0021440982797201746,13.243883609771729,13.382483749389648,0.9896431677248074,0.013813679984936864,0.027454752306227702,48.44854937811823,0.5398364797639784,21.280000686645508,0.005196060933166491,23.044000148773193,0,1
2020-12-04,13.519497871398926,13.521242861894294,13.350481990906417,13.410060816255628,202244000,0.012111955428929289,0.022698340579497822,0.009077714073147503,13.256045818328857,13.406692371368408,0.988763331859447,0.014350951337702797,0.026875494051708266,57.236230504992406,0.555990831171159,20.790000915527344,-0.023026304290754473,22.704500198364258,0,1
2020-12-07,13.56785774230957,13.692002161308737,13.46141332691698,13.562373622565351,223244000,0.0035770463792854645,0.015615513358796962,0.03996262636481607,13.308183002471925,13.421386280059814,0.9915654556671187,0.010698941391423121,0.02596555922410136,52.871710531992555,0.6275323331899738,21.299999237060547,0.024530942716423976,22.526500129699706,0,0
2020-12-08,13.31184196472168,13.559880694269241,13.243537241523532,13.54616991993234,271920000,-0.018869285221759013,-0.0026928799368513,0.01628179412225106,13.329509830474853,13.42774507522583,0.9926841592389014,0.01290959181483512,0.022063740401354056,48.1304794531308,0.7993034607676394,20.68000030517578,-0.029107932117012014,22.273000144958495,0,0
2020-12-09,12.89378833770752,13.375656669962579,12.831466989157484,13.262481458552282,401300000,-0.031404641680848,-0.04503179974207605,-0.0017890119184770237,13.32719898223877,13.421939811706544,0.9929413459755541,0.016063632247954644,0.018133810884535126,38.968223628430664,1.223260047467245,22.270000457763672,0.07688588632128535,22.146500205993654,1,1
2020-12-10,12.935172080993652,13.031396655684688,12.812772649418692,12.832217643916875,207764000,0.0032095876093380937,-0.031632503423035474,-0.019544612509179493,13.30141372680664,13.4108864402771,0.9918370262877121,0.01430001758099651,0.013852347173424812,39.775257125371645,0.652917204049668,22.520000457763672,0.011225864160808507,22.100000190734864,1,1
2020-12-11,12.976053237915039,12.98278405020142,12.786346653479503,12.930184245172232,209264000,0.0031604648678353886,-0.040197101893374776,-0.018411168822961566,13.2770751953125,13.398976039886474,0.9909022268409843,0.01433958461151867,0.01385711004095148,48.196030651895036,0.6742156585413945,23.309999465942383,0.03507988419717645,21.998000144958496,1,1
2020-12-14,13.270708084106445,13.350479334004573,13.040119285152535,13.050589226041103,270156000,0.02270758610410506,-0.02190100042665566,-0.006627482432592036,13.268221378326416,13.403968811035156,0.9898725941083224,0.015925020754023727,0.014639007740371242,53.92154817897082,0.8812109066142682,24.719999313354492,0.06048905532890392,22.079000091552736,1,1
2020-12-15,13.322312355041504,13.425515937821444,13.149059056353826,13.401335220553591,193016000,0.0038885845885543446,0.000786547071965904,-0.0019084509417148787,13.265674018859864,13.39842529296875,0.9900920241590965,0.015985439745491704,0.014167462609392691,59.81800923349092,0.6531057510499582,22.889999389648438,-0.07402912518356886,22.101000022888183,1,0
2020-12-16,13.204649925231934,13.398843113626814,13.174734988056837,13.38413479354012,223116000,-0.008831982517287562,0.024109406745518536,-0.022008082973021925,13.235959148406982,13.388654441833497,0.9885951725701867,0.0156351361068366,0.014220584229569094,50.30493570584485,0.7664845923941049,22.5,-0.017037981653455492,22.09050006866455,1,1
2020-12-17,13.303116798400879,13.341257437063334,13.14083174724949,13.328543256876912,231384000,0.0074569847535899125,0.028445289718864064,-0.004087009428572652,13.230499839782714,13.376317291259765,0.9890988342828613,0.01558331026591406,0.014332631007629786,52.11496696531659,0.8349806757532126,21.93000030517578,-0.025333319769965224,21.995000076293945,0,0
2020-12-18,13.234064102172852,13.366683361556884,13.033140123420997,13.340757656203472,342064000,-0.005190715625102871,0.01988361634521696,-0.021112749300395306,13.201956462860107,13.365096168518066,0.987793600315257,0.015001859333775569,0.014372592115596888,46.718659615837474,1.286344659321584,21.56999969482422,-0.016415896276417152,21.91800003051758,0,1
2020-12-21,13.29414176940918,13.331784111169432,12.930434433910992,13.037378091812114,302332000,0.004539623412165961,0.0017658202677821588,-0.020173853389311658,13.174584865570068,13.356591835021973,0.9863732476293339,0.015044857666212276,0.013062665957217163,48.62879926206242,1.1452767920188376,25.15999984741211,0.16643487266480217,21.99099998474121,1,0
2020-12-22,13.240296363830566,13.299127738654636,13.016687499991681,13.2811795382145,185580000,-0.004050310769403431,-0.006156287964521501,-0.005374583102828234,13.167430305480957,13.337774791717528,0.9872284178660483,0.013875742106061451,0.013090179736402027,42.95497276846022,0.7272148744008452,24.229999542236328,-0.03696344637583293,22.069499969482422,1,0
2020-12-23,12.972064018249512,13.237054329375765,12.967826592484048,13.218108585765947,179144000,-0.02025878713061169,-0.01761393965757385,0.006070805452349282,13.175257873535156,13.313149528503418,0.9896424467649043,0.01132663627734183,0.013532857166159986,40.26185507327347,0.7257935784462676,23.309999465942383,-0.03796946321399031,22.15299997329712,1,0
2020-12-24,12.956611633300781,13.09496514213458,12.901769477771508,12.999987250858249,97884000,-0.00119120480187207,-0.026046915948430227,0.0016574616999978087,13.17740182876587,13.291265506744384,0.9914331951370066,0.01130216982641158,0.012591048127536938,34.65198752456679,0.41003102335171165,21.530000686645508,-0.07636202574339757,22.167000007629394,0,0
2020-12-28,12.863128662109375,13.025164582752689,12.726770253169589,13.025164582752689,212564000,-0.007215078589770996,-0.028028838095364383,-0.008702536413437878,13.166109371185303,13.270008945465088,0.9921703463270617,0.011477432020785173,0.01265055510504488,31.24589494927757,0.8820529503983189,21.700000762939453,0.007895962418588809,22.210000038146973,0,1
2020-12-29,12.906253814697266,13.035134902377251,12.805542671902463,12.88805646583581,170372000,0.0033526176811806696,-0.029177359579876994,-0.027463061285001422,13.129663944244385,13.252774906158447,0.9907105521080831,0.00824753635547517,0.012394517320866456,37.82730800010533,0.7244976586034628,23.079999923706055,0.06359442913584812,22.335500049591065,1,1
2020-12-30,13.108176231384277,13.175981710757751,12.859888338350087,12.953120278145812,225396000,0.015645315796987358,-0.009978638605644075,-0.0160734951974153,13.108250331878661,13.2458345413208,0.9896130206811099,0.009959317808986028,0.012985290972633465,57.393479587863226,0.9732914416196133,22.770000457763672,-0.013431519365993294,22.435500049591063,1,0
2020-12-31,13.017683029174805,13.113408334947097,12.878082872089498,13.098950117439552,192424000,-0.006903569238931095,0.003516711824819385,-0.014159170982629865,13.08955364227295,13.234138603210448,0.9890748491252446,0.009820882432188743,0.012713098931604171,52.752284530722434,0.8475543794244397,22.75,-0.0008783687905835613,22.514500045776366,1,1
2021-01-04,13.076019287109375,13.613479253749597,12.92545084499774,13.066796036911752,560640000,0.0044813088322883665,0.00921596303015626,-0.017071000332704145,13.0668438911438,13.22601676940918,0.9879651688758224,0.009565073976400827,0.012604280372802167,53.296144194909665,2.287482496254443,26.969999313354492,0.18549447531228536,22.798999977111816,1,1
2021-01-05,13.366435050964355,13.405073987470002,13.049593299152141,13.062306528679214,322760000,0.022209799288173127,0.03912783600910075,0.010002290133215519,13.08008098602295,13.22696798324585,0.988894885251937,0.012049361029944923,0.013337610587499962,53.16521876231769,1.2853013863701346,25.34000015258789,-0.06043749359531836,23.026499938964843,1,0
2021-01-06,12.578444480895996,13.207142186008463,12.55002633699992,13.184706458898969,580424000,-0.058952934500774545,-0.025399262908340603,-0.05383553906127714,13.00851125717163,13.20758876800537,0.9849270359389146,0.02234358299074795,0.018618790627829493,33.4589881507281,2.157908981943317,25.06999969482422,-0.010655108766291721,23.214999961853028,1,1
2021-01-07,13.30585765838623,13.339511720637944,12.849665861110775,12.930433708618178,461480000,0.05783013778810431,0.015080772756827399,0.004951648569949008,13.015067386627198,13.21170949935913,0.9851160735299643,0.029986302336228503,0.022751009464910293,51.770414046401385,1.6572982461684764,22.3700008392334,-0.10769840001825937,23.299499988555908,0,0
2021-01-08,13.238800048828125,13.382637648539365,13.00472125127349,13.324305523719442,292528000,-0.005039705915976134,0.01698589673429285,0.020562343063013078,13.041740989685058,13.209395236968994,0.9873079543554936,0.0291681638282133,0.021554255887428386,48.86241459380336,1.0714738332675249,21.559999465942383,-0.03620926879315989,23.263999938964844,0,1
2021-01-11,13.58256721496582,13.921097286354001,13.324307660487984,13.380396507064923,518344000,0.025966640848852807,0.03873869537312569,0.04831167278767712,13.104336547851563,13.229302806854248,0.9905538288126614,0.0300455099882464,0.022236768362269076,55.61809637312454,1.7964148225779397,24.079999923706055,0.11688314101048247,23.34199991226196,1,0
2021-01-12,13.446206092834473,13.715185654983586,13.306856014425799,13.713190565215053,291476000,-0.010039421853999642,0.005968011782196303,0.04532936317761127,13.162644290924073,13.238568172454833,0.9942649476482862,0.030187467667116337,0.022416923558660127,52.39253180644396,0.9959740881900891,23.329999923706055,-0.03114617950067544,23.342999935150146,0,1
2021-01-13,13.493070602416992,13.586054330700227,13.346740574387052,13.45143998616844,210028000,0.003485333279808378,0.07271377020506153,0.045467631130226005,13.221325969696045,13.258539943695068,0.9971932072342008,0.030186762929246654,0.021889142229847714,53.98582532944154,0.7251151225730007,22.209999084472656,-0.048006894251865995,23.217499923706054,0,0
2021-01-14,13.162520408630371,13.5608784418514,13.142827216100367,13.536199426324881,283120000,-0.02449777397054531,-0.01077249234404054,0.004145822903721674,13.226760387420654,13.270968647003174,0.9966687993349677,0.031244982890633276,0.02260463013069833,52.945293765430094,0.9624923084245274,23.25,0.046825797316417894,23.235499954223634,1,0
2021-01-15,12.822742462158203,13.287160908242996,12.811774223969556,13.19018890190963,277780000,-0.025814048975710047,-0.031427137288530194,-0.01497505866287474,13.207266330718994,13.267854461669922,0.9954334643083429,0.03232041706353401,0.023249363356505157,48.11852443591386,0.9356447015725218,24.34000015258789,0.046881726993027506,23.32749996185303,1,1
2021-01-19,12.988019943237305,13.056572862335285,12.807287445364308,12.979044892252457,226188000,0.012889401901883257,-0.04377282013914274,-0.006729826711009967,13.198466396331787,13.252599658966064,0.995915272170947,0.03258818580352104,0.023387264038596076,51.72057245381343,0.7625349598012854,23.239999771118164,-0.04519311317065755,23.392999935150147,0,1
2021-01-20,13.32754898071289,13.39211363395743,13.019432134144461,13.074274289196612,258572000,0.02614170897176482,-0.008824579312733838,-0.002909232723848798,13.19457778930664,13.236843509674072,0.9968069638100244,0.03291068686461684,0.024125152310216627,55.36578326880369,0.8841525338534418,21.579999923706055,-0.07142856556629995,23.39349994659424,0,1
2021-01-21,13.827861785888672,13.959235301459165,13.21511821181812,13.380144838807537,337780000,0.03753974612284772,0.024812082685738535,0.09933003296951992,13.319519519805908,13.223078956604004,1.0072933515347224,0.027310386237814736,0.025496232366654225,58.51870899924345,1.1480360894855013,21.31999969482422,-0.012048203419881442,23.201499938964844,0,0
2021-01-22,13.673307418823242,13.802188529566145,13.588301173883643,13.700728972213161,246820000,-0.011177025736773927,0.038806170424469766,0.02761563890662999,13.35626449584961,13.224789581298829,1.0099415505813945,0.022050532601842913,0.025638749246295424,57.64450311708274,0.8302437180064194,21.90999984741211,0.02767355351938039,23.085499954223632,0,0
2021-01-25,13.614225387573242,13.788974533130535,13.198666607439788,13.742358087685238,251112000,-0.004320975857579623,0.0617249334727592,0.028357958225855073,13.39380702972412,13.242479305267334,1.0114274465504804,0.022022767042044106,0.025156176049882285,56.274328518437976,0.8345791044141175,23.190000534057617,0.05842084416064908,23.079500007629395,1,0
2021-01-26,13.396849632263184,13.605750200050279,13.349235639705508,13.541683847092358,163980000,-0.015966810385589336,0.031477445431453255,-0.013673231265000196,13.375235271453857,13.242902374267578,1.009992741277276,0.021142132989574184,0.025491794070666356,50.36071161484162,0.539072038670644,23.020000457763672,-0.007330749132337333,23.153999996185302,0,0
2021-01-27,12.880827903747559,13.19492712938978,12.757181781831777,13.192184594045496,371272000,-0.038518139912006366,-0.033518622037090995,-0.0420474136112049,13.318697452545166,13.232232475280762,1.0065344209622926,0.024169954430431743,0.027002340468733496,53.83351476934252,1.1894985595505387,37.209999084472656,0.6164204319953999,23.929499912261964,1,1
2021-01-28,13.013696670532227,13.30162199857024,12.923455463539968,12.95910366922323,228316000,0.010315234997124056,-0.058878598004740046,-0.035527415961115305,13.27076005935669,13.227404861450195,1.0032776798140388,0.0244999708827727,0.02708695014872078,45.6386077735236,0.7247620801086908,30.209999084472656,-0.1881214773509905,24.285999870300294,1,0
2021-01-29,12.952621459960938,13.29663561680807,12.874595189478477,13.03762769199586,271552000,-0.004693148466383579,-0.05270750790479406,-0.015946714014726804,13.249770164489746,13.217004489898681,1.002479054510128,0.023374318394470732,0.026879836895758402,45.7202692202812,0.8557406206413642,33.09000015258789,0.0953327095463401,24.801999855041505,1,1
2021-02-01,13.19916820526123,13.232821327016481,12.865873065962797,13.015943223280544,217204000,0.01903450556803632,-0.03048702151580851,0.02935610258210475,13.287412738800048,13.213389129638673,1.0056021667442863,0.02244514621723465,0.027166287755495126,44.09464479557917,0.6818119037394748,30.239999771118164,-0.08612875093162653,25.176499843597412,1,1
2021-02-02,13.518001556396484,13.53320722236084,13.247526137181742,13.360453169364302,220440000,0.024155563909562527,0.009043314470107644,0.040805420339313114,13.340410900115966,13.216020927429199,1.0094120593005873,0.0232577875385895,0.027649235481580697,51.04698709759428,0.7310017150884006,25.559999465942383,-0.15476191602506528,25.105999851226805,1,0
2021-02-03,13.491826057434082,13.891929046731677,13.477866134624353,13.597023775479286,245408000,-0.0019363438340497252,0.04743469583261484,0.01232612815446621,13.356838607788086,13.217899932861329,1.0105114031451652,0.021981224847283317,0.027245815376124877,49.981740728417606,0.8243710260834045,22.90999984741211,-0.1036776085250426,24.984499835968016,0,1
2021-02-04,13.625194549560547,13.634417798850047,13.299627828583862,13.492325175349118,201340000,0.009885132787713191,0.04698879146407142,-0.014656440704010176,13.336571884155273,13.22947410583496,1.0080953919606734,0.018379938911104635,0.023369773810291004,57.204968445989884,0.7223296512483094,21.770000457763672,-0.049759903851645415,24.81949987411499,0,0
2021-02-05,13.552152633666992,13.697985331998837,13.507032031988212,13.685770399260598,169152000,-0.00536079801487388,0.046286473789056704,-0.0088606787988591,13.324456405639648,13.238545684814452,1.006489437954181,0.018123677670007436,0.01973532558010713,62.38781448063766,0.6404347105072455,20.8700008392334,-0.0413412769685686,24.74449987411499,0,1
2021-02-08,14.397479057312012,14.432378862406338,13.68801261621437,13.68801261621437,434624000,0.062375804530493184,0.09078684606603704,0.057532004020860894,13.402781772613526,13.268157329559326,1.0101464310160295,0.02683741514195824,0.0239403131429242,69.44557816953352,1.6024457886318906,21.239999771118164,0.017728745424351322,24.72849988937378,0,0
2021-02-09,14.22248363494873,14.5415687180008,14.181849603051825,14.29976151859184,287560000,-0.012154587734885869,0.05211436584122131,0.06162896691004138,13.48534517288208,13.288746509552002,1.014794372305075,0.026516990840134157,0.023654853101484956,62.93415730541502,1.1073364699394885,21.6299991607666,0.01836155338281853,24.605999851226805,0,1
2021-02-10,14.722047805786133,14.862395418812298,14.300506669776164,14.421908538974483,485352000,0.035124960144782946,0.09118274599116938,0.1429426676450578,13.669467163085937,13.318798694610596,1.0263288361447522,0.022624271450373355,0.024527730915506446,62.926134718706,1.8017373227411093,21.989999771118164,0.016643579487721327,24.538999843597413,0,1
2021-02-11,15.207159996032715,15.228599130658681,14.882341653535708,14.937433905716711,450828000,0.032951407076393435,0.11610589784372594,0.16855036512932497,13.888813495635986,13.355756969451905,1.0399121163557647,0.023370893081458302,0.02531532392331908,70.23879182405464,1.601975694691209,21.25,-0.033651649787194926,24.49099988937378,0,0
2021-02-12,14.918484687805176,15.247541331358724,14.7327663848467,15.006980888440198,374756000,-0.018982854675221983,0.10082029704593709,0.15177338687161535,14.08539981842041,13.387170944213867,1.0521565666947972,0.02514225561790249,0.024990166977398087,66.22624375119685,1.31032741751975,19.969999313354492,-0.06023532643037688,24.326999855041503,0,1
2021-02-16,15.286433219909668,15.328563093363668,14.907270064514945,15.021193700381346,321960000,0.024663934696079748,0.06174373715419201,0.15813610238078835,14.294126319885255,13.422863636016846,1.0649088530952961,0.025317248112390712,0.02407933714029143,72.65930238462394,1.1170990122507554,21.459999084472656,0.07461190898097625,24.18299980163574,0,0
2021-02-17,14.863390922546387,15.1799834541049,14.73775069383872,15.127632804090249,274756000,-0.027674362703020483,0.0450629653756649,0.09952575908036398,14.428665256500244,13.452977256774902,1.0725258045934767,0.02837212389843105,0.025414524741222442,74.31653222127555,0.9453507992039615,21.5,0.0018639756399749796,24.095999813079835,0,0
2021-02-18,14.786617279052734,14.830740342788504,14.53334258191872,14.68690271155763,233868000,-0.005165284550054716,0.004385902974803901,0.09596856764286654,14.55814437866211,13.478319644927979,1.0801156792672209,0.028539540468931604,0.02514069697310951,72.04862305368073,0.8081021685947671,22.489999771118164,0.04604650098224017,24.14149980545044,0,1
2021-02-19,14.883837699890137,15.133621451996458,14.804315578862303,14.98155717225238,271724000,0.006574892620986983,-0.02126118856031811,0.09237615989638726,14.684008693695068,13.50463924407959,1.0873306889802712,0.028554625348448864,0.023991231214886312,73.80324185252343,0.9497478514595534,22.049999237060547,-0.019564274723678277,24.177999782562257,0,0
2021-02-22,14.314715385437012,15.089993119541159,14.284053007840376,14.732517382218266,325884000,-0.038237605510662465,-0.0404712217764116,0.05626875466821568,14.76026496887207,13.524696712493897,1.0913564483288394,0.03209507166182555,0.02559884095586085,62.73688327594272,1.1235271728337857,23.450000762939453,0.0634921348897759,24.254999828338622,0,0
2021-02-23,14.101580619812012,14.198054355052545,13.35123082497235,14.035020874610526,391780000,-0.014889207356636014,-0.07751007596425152,-0.020552100567197806,14.73067512512207,13.548852558135986,1.087226764179112,0.025655602353262377,0.025857071852374958,56.827879639132526,1.3187347309448587,23.110000610351562,-0.014498939937146127,24.25099983215332,0,1
2021-02-24,14.457557678222656,14.46528603641238,13.716681335322574,14.082383783407925,448320000,0.025243770043091196,-0.02730421654375781,0.016528339867186048,14.754182529449462,13.579300270080566,1.0865200883699087,0.026680399148882702,0.025985355254952245,60.48955098217017,1.4401319864004667,21.34000015258789,-0.07659023846891821,24.16699981689453,0,0
2021-02-25,13.269463539123535,14.3336633080336,13.178474888234955,14.005354056686674,824436000,-0.08217806669301697,-0.10260316550415183,-0.09866727005815701,14.608924102783202,13.585168476104736,1.075358331291892,0.03497637195055316,0.03108979943578084,46.856404982880974,2.468644730104832,28.889999389648438,0.3537956505658677,23.75099983215332,1,1
2021-02-26,13.675300598144531,13.814899830880389,13.322810633589587,13.713191139209655,500932000,0.03058428532731794,-0.08119794948815695,-0.10073277313369622,14.455738162994384,13.593260326385497,1.06344893100699,0.034661717409573176,0.031701098313666284,51.02780493722056,1.4411419306098094,27.950000762939453,-0.03253716325953937,23.63799991607666,1,1
2021-03-01,13.802186965942383,13.885199062295472,13.51451173836479,13.835341784593728,353184000,0.009278506668809028,-0.03580430387152833,-0.07482648172540529,14.344108390808106,13.602857818603516,1.054492267881448,0.03499897224917597,0.03167736622578187,44.3546209230541,1.0042897512876932,23.350000381469727,-0.1645796155959014,23.15099992752075,1,0
2021-03-02,13.367932319641113,13.880712294925438,13.357711524851588,13.860270705346387,264116000,-0.03146274190987386,-0.05202596219179567,-0.1255035018744478,14.15225830078125,13.606123466491699,1.0401389003733899,0.03380492601163811,0.03239221883907245,42.27579103874457,0.7460461385059078,24.100000381469727,0.03211991382215107,22.84399995803833,1,0
2021-03-03,12.76815128326416,13.413052208920957,12.76216791543942,13.387874897012532,377592000,-0.044867150882841655,-0.11685282068791192,-0.14096646251185807,13.942734336853027,13.595424156188965,1.025546108504894,0.03505980382760798,0.03346999533170005,32.653185634313346,1.0434217441981923,26.670000076293945,0.10663898979853403,22.89949998855591,1,0
2021-03-04,12.334893226623535,12.93791536777413,12.049212120822903,12.764162806346638,573344000,-0.033932716415141284,-0.07043015037831213,-0.16580695950671565,13.697561931610107,13.577440738677979,1.0088471159804027,0.035386380406738395,0.03420769008789702,24.26286860842309,1.5156787885228593,28.56999969482422,0.0712410803560184,23.182499980926515,1,1
2021-03-05,12.425881385803223,12.514128448535434,11.645866892554002,12.514128448535434,542840000,0.007376485349974482,-0.09136319917609925,-0.16514264423247893,13.451766300201417,13.56007553100586,0.992012638089162,0.035447550438463676,0.03415900426019819,26.844520595275853,1.373060454725732,24.65999984741211,-0.1368568389631607,23.326999950408936,1,0
2021-03-08,11.560112953186035,12.435602648184473,11.533438850520735,12.414413615899687,543112000,-0.06967460944914072,-0.16244338801443436,-0.19243151945957337,13.176306056976319,13.526471862792969,0.9741125543032515,0.038750077334347544,0.03718354166550735,18.31434895743793,1.3117113844661639,25.469999313354492,0.03284669387487393,23.55699987411499,1,1
2021-03-09,12.488773345947266,12.58503018119177,12.028931897775243,12.099753496667573,521824000,0.08033315907222915,-0.06576626457048451,-0.11437067356824049,13.015025329589843,13.516806049346924,0.9628772716035735,0.05025945758037443,0.03911973150976031,31.406920391143842,1.2471642538725323,24.030000686645508,-0.05653705007969756,23.69649991989136,1,0
2021-03-10,12.436904907226562,12.947367629501878,12.426182115532276,12.808218669435043,384376000,-0.00415320522551843,-0.02594317444153238,-0.1397644620183527,12.812960052490235,13.50641191482544,0.9486575808061923,0.048745470666889924,0.039098200442210664,31.529890689965995,0.9081552900749724,22.559999465942383,-0.06117358213477153,23.742999935150145,0,1
2021-03-11,12.960833549499512,13.013451519761361,12.702484861457213,12.91744296360553,299916000,0.04212693159441261,0.05074549989009647,-0.02325866367649776,12.782097053527831,13.508366012573243,0.946235617367088,0.045104177202414254,0.03951453057127068,35.834347766953414,0.7244743312074524,21.90999984741211,-0.028812040510530323,23.738999938964845,0,0
2021-03-12,12.823680877685547,12.856348675890004,12.558349788230219,12.616452826771031,243964000,-0.010582087277809515,0.032013784739392204,-0.062274296228232995,12.696935081481934,13.506714553833008,0.9400461548866248,0.04371385584452573,0.038463960426829064,38.26989674413846,0.6044185552165797,20.690000534057617,-0.05568230588091916,23.710999965667725,0,1
2021-03-15,13.158085823059082,13.17354692311485,12.735152011430825,12.832406735192682,221988000,0.026077141856784003,0.13823159655482753,-0.04666660033461756,12.632524967193604,13.507712745666504,0.9352082921104703,0.04465979518879742,0.03908789791198631,42.71641821812035,0.5605817031392757,20.030000686645508,-0.0318994601438356,23.714000034332276,0,1
2021-03-16,13.257833480834961,13.478526797408927,13.083771743024755,13.322918874295542,272128000,0.007580711899680237,0.06158011788541762,-0.008236041010200812,12.621515083312989,13.512515754699708,0.9340610817732571,0.04367589612858073,0.038576723700108936,40.35689252658826,0.691550433260941,19.790000915527344,-0.011982015121855594,23.63050012588501,0,1
2021-03-17,13.307709693908691,13.419427631953024,12.956843642184772,13.006967363859617,243864000,0.003762018367920339,0.07001780532840929,0.0422581467492289,12.675470924377441,13.517149562835693,0.9377325349145815,0.04072959408153478,0.03830297249699111,50.37625982869032,0.6221661620228207,19.229999542236328,-0.028297187841544558,23.517000102996825,0,0
2021-03-18,12.690513610839844,13.15085349936061,12.685027598463575,13.103473263809228,293896000,-0.04637883582261759,-0.02085667851741735,0.02883043879526581,12.711032962799072,13.503631134033203,0.9413048117675145,0.042211020888108595,0.039415553111797536,40.698626282264456,0.7441139758102698,21.579999923706055,0.12220491094179375,23.47150011062622,0,1
2021-03-19,12.81345272064209,12.889012617997281,12.580789498998723,12.717943602495817,299208000,0.009687481024978739,-0.000797599155890949,0.03119065141581623,12.74979009628296,13.508331298828125,0.9438464170174024,0.0422400256443925,0.039477533283248885,40.654375698490455,0.7549367303232214,20.950000762939453,-0.029193659082201173,23.416500186920167,0,1
2021-03-22,13.153099060058594,13.360825558253854,12.874301724797736,12.880287158091585,297804000,0.02650701156210178,-0.0003789884841569613,0.13780021988742952,12.909088706970214,13.505276126861572,0.9558552217451104,0.03372272259740157,0.039411131411632085,47.93239345404628,0.7540655182472289,18.8799991607666,-0.09880675545533557,23.188000106811522,0,0
2021-03-23,13.037887573242188,13.310948660290906,12.988511562612349,13.220925552884216,222048000,-0.008759265500118074,-0.016589883098978353,0.04396862782949906,12.964000129699707,13.501257877349854,0.9602068375753738,0.02465168238572964,0.03934149161798536,52.86304950469392,0.5745920631314294,20.299999237060547,0.07521187179100952,23.04750003814697,0,0
2021-03-24,12.611214637756348,13.1261673732416,12.604980921274594,13.118187112663936,245840000,-0.03272561855507217,-0.05233771040791102,0.014015523301822652,12.981431102752685,13.481830825805664,0.9628833999240548,0.02729171435005289,0.039273196513576324,52.93705142516086,0.6532727679537076,21.200000762939453,0.04433505220216083,23.04050006866455,0,0
2021-03-25,12.503735542297363,12.68278484979762,12.241147965554994,12.468075982521809,295144000,-0.008522501483497535,-0.014717928231284594,-0.03526763965113955,12.935721302032471,13.462981414794921,0.9608363038975136,0.023381280623613894,0.03497940696326867,50.82462971665046,0.8436156590139944,19.809999465942383,-0.06556609655538248,22.586500072479247,0,1
2021-03-26,12.806970596313477,12.823928054668183,12.342391791953444,12.522936498340556,363968000,0.024251556903961635,-0.0005058842819289922,-0.0013030799449437191,12.934050273895263,13.449259414672852,0.9616923783762021,0.024737164123330324,0.03469272488397431,64.99340940215812,1.061107065203765,18.860000610351562,-0.04795552151447913,22.132000064849855,0,1
2021-03-29,12.915695190429688,13.029658124517944,12.668069335591795,12.78801675063455,273520000,0.008489485729553214,-0.018049272536068695,-0.018421420553787038,12.909811210632324,13.444322910308838,0.9602425720326413,0.02327056311059552,0.03467882771791149,56.394715324746855,0.8067851123487794,20.739999771118164,0.09968181865989645,22.001500034332274,0,0
2021-03-30,12.83938980102539,12.942629963313632,12.673059062634387,12.80971472304937,200204000,-0.0059079583622287934,-0.015224688133081976,-0.03156199543571403,12.867966842651366,13.444655857086182,0.9571064502829305,0.023068639951349914,0.034029676701042524,55.9848694984313,0.5961486351684935,19.610000610351562,-0.054484048854243516,21.77700004577637,0,1
2021-03-31,13.314692497253418,13.436634761447108,12.949861691430945,12.982778720855652,314776000,0.03701910321237145,0.05578192741172994,0.0005247186409487181,12.86866512298584,13.451189308166503,0.9566934810123444,0.026314289939866124,0.03345418594011968,55.3390198770026,0.9461591965089233,19.399999618530273,-0.01070887227359063,21.413500022888183,0,1
2021-04-01,13.77702808380127,13.835131119935525,13.477282664265397,13.538130133989712,308276000,0.03472371492193482,0.10183297121061452,0.08561627261747384,12.977316570281982,13.46017889022827,0.964126604565647,0.02253288899882235,0.033024818526252685,63.09874945261199,0.9650670496764912,17.329999923706055,-0.10670101729522818,20.851500034332275,0,1
2021-04-05,13.952335357666016,13.978768485040936,13.698474787231888,13.83263715402911,255672000,0.012724607426101375,0.08943291879519388,0.08888179180535927,13.091204833984374,13.462668361663818,0.9724078824717082,0.022571463096353456,0.033057662097575505,61.41169841900147,0.8380589255674972,17.90999984741211,0.033467970355421706,20.514000034332277,0,0
2021-04-06,13.826651573181152,14.01891697125034,13.738873462216315,13.964554358734274,191744000,-0.009008082250245408,0.07053096014734606,0.051208655089347355,13.158560085296632,13.465735244750977,0.9771883856416912,0.022264261906423582,0.02813317440144596,58.11226153828159,0.6669170944808492,18.1200008392334,0.011725348610297948,20.14650011062622,0,1
2021-04-07,14.107939720153809,14.207687722180449,13.677025725875525,13.84584972110398,251284000,0.02034390940451969,0.09880141804146403,0.08207250913159436,13.265565299987793,13.475609531402588,0.9844130070016259,0.022134423964725196,0.022874748379711967,60.70591231354329,0.9171584890923093,17.15999984741211,-0.05298018473281174,19.803000068664552,0,1
2021-04-08,14.281005859375,14.43511743681889,14.213176027468212,14.21691739862396,244416000,0.012267286553114376,0.0725749665131894,0.13240526543886677,13.432544422149657,13.493292655944824,0.9954978940022914,0.016846035182732522,0.022771892794225614,74.148144544372,0.9154740189450264,16.950000762939453,-0.012237708994171426,19.522500133514406,0,1
2021-04-09,14.363797187805176,14.371777448243606,14.139363421566275,14.178264931921397,195172000,0.005797303722540281,0.04259039761222638,0.14876047555673555,13.61855058670044,13.522952041625977,1.007069354737057,0.015393431208331615,0.021234942629305486,73.82909175126866,0.7456547535815283,16.690000534057617,-0.015339245851263672,19.26150016784668,0,1
2021-04-12,15.17076301574707,15.313902572730411,14.10370261858076,14.253824546574181,869324000,0.05618053620438235,0.08732786496646217,0.18457076961775942,13.8549298286438,13.566093368530273,1.021291056479351,0.02027669922870591,0.02370017326190941,77.11644694175217,2.966836374259506,16.90999984741211,0.01318150427290643,19.072500133514403,0,1
2021-04-13,15.640080451965332,15.660529096417902,15.087722573627937,15.193206795688422,676212000,0.03093565140600485,0.13115459438506383,0.21093601400212414,14.127368354797364,13.619842548370361,1.0372637058486207,0.020439300413191783,0.02391156036892293,81.9328587675724,2.141775279119487,16.649999618530273,-0.015375531119335095,18.903500080108643,0,0
2021-04-14,15.238592147827148,15.6809766998769,15.189216132761569,15.585716806366602,385500000,-0.0256704756328624,0.08014298686420895,0.1868626456539353,14.367288589477539,13.66063102722168,1.0517294963056754,0.023841927355179215,0.025136266480413276,82.44244156072943,1.1994638349985811,16.989999771118164,0.020420430052712657,18.763500022888184,0,1
2021-04-15,16.0966796875,16.17348576432492,15.592200556342737,15.623122755169474,598480000,0.056310158533589005,0.12713907171553118,0.2089411521009934,14.645487308502197,13.71220458984375,1.0680621932486118,0.02625250521905165,0.027393532101540562,87.42728825551221,1.7647801219847348,16.56999969482422,-0.024720428602236777,18.630500030517577,0,0
2021-04-16,15.872493743896484,16.125107153595632,15.825361792350446,16.012639621052436,335208000,-0.013927465039737963,0.10503466015046414,0.1520985257015639,14.855033874511719,13.759817943572997,1.079595234139728,0.02758389068738625,0.024713763892675752,82.46791524331488,0.9824672469884815,16.25,-0.019311991594313294,18.364000034332275,0,0
2021-04-19,15.323127746582031,15.767757295505456,15.194701596936312,15.497438724293298,404420000,-0.03461119633615872,0.010043313620864636,0.09824823972302554,14.99211311340332,13.793776607513427,1.0868751568179786,0.03169569767904758,0.026786332615040105,73.32109435395779,1.1673237107974412,17.290000915527344,0.06400005634014416,18.18100004196167,0,0
2021-04-20,15.133109092712402,15.458039540390393,14.925382597533766,15.284726432321392,334132000,-0.012400774633756773,-0.03241488180383523,0.09448835190620697,15.122758865356445,13.825395736694336,1.0938391315062863,0.03193735838566363,0.02688515701516762,71.74057160026489,0.9594133236855631,18.68000030517578,0.08039325136184017,18.17100009918213,1,1
2021-04-21,15.321882247924805,15.323877075097695,15.064281282601483,15.080739320235335,216776000,0.012474181878680213,0.00546573458293742,0.08604676174202996,15.244153118133545,13.843883800506593,1.1011471446745105,0.03173741203755516,0.02663253320375654,70.11746308787698,0.6229134542938374,17.5,-0.06316918018726325,18.0310001373291,0,0
2021-04-22,14.812912940979004,15.399684090795398,14.746330242338223,15.336343342592059,277788000,-0.03321845832712467,-0.0797535126152703,0.03724577154030251,15.297343826293945,13.855692386627197,1.1040475928188298,0.03432870128928214,0.02667282150966635,60.28620974926817,0.7945862824112531,18.709999084472656,0.06914280482700885,17.90650005340576,1,1
2021-04-23,15.226871490478516,15.29644596297973,14.862789373652932,14.896703337927875,227500000,0.02794578967343564,-0.040675539952014894,0.06008677868315271,15.38365125656128,13.865788860321045,1.1094681601985024,0.03514884451985139,0.026700684917823063,62.0832932500179,0.6570993008463439,17.329999923706055,-0.07375730776554967,17.782500076293946,0,1
2021-04-26,15.4390869140625,15.440084803333924,15.08697469275611,15.146824267123838,197796000,0.013936902515837568,0.007567591251488093,0.01768690856464583,15.410483646392823,13.87042739868164,1.111031636116531,0.03076681786018964,0.02651468808978359,65.03999460582972,0.5853511289988459,17.639999389648438,0.017888024657076285,17.72150001525879,0,0
2021-04-27,15.343079566955566,15.63110332965213,15.31589778572029,15.539334614946952,164572000,-0.006218460174577167,0.013874906534856013,-0.01898972872434579,15.380783557891846,13.878919296264648,1.1082119024952761,0.029106674889570687,0.026753509732210506,61.933231882492954,0.49500906267351574,17.559999465942383,-0.004535143224154603,17.5625,0,0
2021-04-28,15.23834228515625,15.493200723239772,15.177246540337377,15.325872106378812,209416000,-0.006826353297736176,-0.005452330295768304,-1.639670308617447e-05,15.380758571624757,13.87795747756958,1.1082869072400674,0.027958036314152487,0.026781190911938244,59.37300301739286,0.6290219486055643,17.280000686645508,-0.015945261264952326,17.446000003814696,0,1
2021-04-29,15.286222457885742,15.397691160532714,15.033609024260754,15.361282946905519,173196000,0.0031420853944286176,0.03195249434008063,-0.050349341935630676,15.29971284866333,13.886414108276368,1.1017756441200057,0.020077789807796842,0.025970766733252434,59.09336115150064,0.5315300993542312,17.610000610351562,0.019097217048208215,17.35650005340576,1,0
2021-04-30,14.97176456451416,15.326371032074357,14.95929618068849,15.136350655609169,201912000,-0.020571327823988406,-0.016753732119160203,-0.056747804971016946,15.209639930725098,13.890117053985596,1.0949972467194493,0.020512340378032137,0.025834421925120903,47.82727307751179,0.6299395368862433,18.610000610351562,0.05678591512439679,17.420500087738038,1,0
2021-05-03,14.799448013305664,15.208417054015928,14.7503221859339,15.08697327520045,203912000,-0.011509435007875934,-0.0414298400104367,-0.034175772853762165,15.15727195739746,13.888429260253906,1.0913596975847186,0.01803796560204489,0.025995209993775796,40.185173679380426,0.6413577489950871,18.309999465942383,-0.016120426360561657,17.44050006866455,1,0
2021-05-04,14.315167427062988,14.600697844369819,13.97502517344769,14.600448609909842,405324000,-0.03272288167824067,-0.0669951645239718,-0.05404980963517325,15.075477790832519,13.888438301086426,1.0854696160945063,0.02019047535125905,0.02710196887498488,39.4230136930038,1.2334237121025389,19.479999542236328,0.06389951449590203,17.508500003814696,1,1
2021-05-05,14.422150611877441,14.776258621126953,14.35132901002754,14.672020570032824,292024000,0.007473414848938598,-0.053561710191656786,-0.05872200435225394,14.985504627227783,13.894849700927734,1.0784934669877881,0.019757044956085858,0.02679662882297602,26.833708427898586,0.8831709279186097,19.149999618530273,-0.016940448226939298,17.607999992370605,1,1
2021-05-06,14.486488342285156,14.534617237657999,14.182255771749805,14.4588080917108,193380000,0.00446103581491708,-0.05231731500728132,-0.022036489378859048,14.952862167358399,13.895428314208985,1.0760994068868046,0.017412944882240586,0.02668723931526204,29.937980695166175,0.589389525580749,18.389999389648438,-0.03968669681572368,17.679999923706056,1,1
2021-05-07,14.77501106262207,14.933112300510395,14.63486422135409,14.771021408101264,229328000,0.019916677770328572,-0.013141637449898935,-0.029675198095616473,14.907676124572754,13.925539264678955,1.0705277433948224,0.016002123754070525,0.027004327933375833,41.41813375444665,0.6953336769655256,16.690000534057617,-0.09244148515566208,17.679999923706056,0,0
2021-05-10,14.229886054992676,14.768777699750785,14.214175718742837,14.750074646707608,268904000,-0.03689506595419445,-0.03848535146722465,-0.07832074952362877,14.786756038665771,13.936630973815918,1.060999323756729,0.018009985421273952,0.025082991060674385,37.27340403231442,0.8969775408704121,19.65999984741211,0.1779508219483823,17.817499923706055,1,1
2021-05-11,14.270280838012695,14.318658960168204,13.715429742573756,13.790240987277931,285584000,0.002838728494656273,-0.0031355965118112783,-0.0699206912315935,14.679476165771485,13.945992851257325,1.0525945568979718,0.01833298412016097,0.0238445068802867,34.536121798845215,1.0190053722004326,21.84000015258789,0.11088506216152072,18.076999950408936,1,0
2021-05-12,13.723907470703125,14.224395926499955,13.674781648729443,13.974275840187218,303408000,-0.03828749927991326,-0.04841463384796951,-0.0993831734524262,14.528032684326172,13.953112354278565,1.0412037340093026,0.0208177823804532,0.024594662526554806,34.160337903913785,1.0986952884813854,27.59000015258789,0.26327838643896095,18.606999969482423,1,0
2021-05-13,13.630892753601074,14.04534874580516,13.425161115583645,13.998466030075901,285404000,-0.00677756807240304,-0.059061628219908346,-0.10828899741876574,14.362499713897705,13.970367183685303,1.0280688778653104,0.02034146383464185,0.019929529890749184,24.395899561847614,1.095604132373535,23.1299991607666,-0.1616528077982975,18.93499994277954,1,1
2021-05-14,14.207192420959473,14.291978764788404,13.713935458707894,13.855080192512533,258616000,0.042278937834511865,-0.038431012962086286,-0.05106760397280519,14.286042499542237,14.00781316757202,1.0198624388148119,0.02603857174206453,0.022816669198246924,32.304083690908925,1.0075832899572057,18.809999465942383,-0.18677042159827906,19.06299991607666,0,0
2021-05-17,14.129883766174316,14.1336241854496,13.818668896386646,14.121405038554634,216980000,-0.005441515289896781,-0.007027624004288691,-0.04524251489172881,14.219086074829102,14.041893215179444,1.0126188724650114,0.025938523543200274,0.021750362551960986,32.47856043351834,0.8774043904995439,19.719999313354492,0.048378515324243754,19.18449983596802,1,0
2021-05-18,13.980514526367188,14.368038055729718,13.968793845011385,14.231133153637117,186256000,-0.010571158424155347,-0.020305578771346866,-0.023377505181192304,14.185620784759521,14.090301246643067,1.006764904202397,0.024125482920147205,0.021716193949900008,32.06518132697164,0.7763778647941383,21.34000015258789,0.08215014683780053,19.317499828338622,1,1
2021-05-19,14.030386924743652,14.04410243148695,13.509200522328285,13.532391695784717,344000000,0.0035672791786314217,0.0223317925084221,-0.027164026897011473,14.146444416046142,14.121133518218993,1.0017924126129458,0.023984460692799078,0.02145619970254939,32.10375492003057,1.396869226240026,22.18000030517578,0.0393627060253805,19.551499843597412,1,1
2021-05-20,14.575762748718262,14.646833580285021,14.234622566942482,14.266541704450896,321592000,0.03887104660048957,0.06931827666735679,0.006162598162076316,14.155371856689452,14.163910675048829,0.9993971426002836,0.027327994241437094,0.022356494542112557,44.70525559850129,1.29436614729738,20.670000076293945,-0.06807936014903804,19.649499893188477,1,1
2021-05-21,14.954060554504395,15.183732064451174,14.832118286328456,15.125628078585208,672992000,0.025953894304392433,0.052569720421544286,0.012118399852524275,14.173276805877686,14.203775215148926,0.9978527955554581,0.027855158419791495,0.022226838400122982,51.95932529491458,2.4858438191879872,20.149999618530273,-0.02515725475782904,19.790499877929687,1,1
2021-05-24,15.57275104522705,15.705416097601091,15.137846351089925,15.1742545652697,554816000,0.04137274210356856,0.1021145894000084,0.0943693424560641,14.307563304901123,14.258756618499756,1.0034229272374313,0.026828365886759076,0.02395517464065634,65.41169392219169,1.9225672671224143,18.399999618530273,-0.08684863687990696,19.82849988937378,0,1
2021-05-25,15.60840892791748,15.778729299964287,15.443574568167058,15.726361521757942,435408000,0.0022897613008048268,0.11644023533469317,0.09377027019260376,14.441376113891602,14.307763080596924,1.0093384991449763,0.02684379629842339,0.023901281370389393,64.79626794158203,1.4411632893401554,18.84000015258789,0.023913072998898333,19.892499923706055,0,1
2021-05-26,15.660529136657715,15.754043443944218,15.547065605147322,15.69469328900032,370440000,0.0033392390589543908,0.11618654714640719,0.1411129935179729,14.635038280487061,14.355816993713379,1.0194500450163133,0.021293859368115852,0.02383120665829059,64.68864610470266,1.1942981644484478,17.360000610351562,-0.07855623833596592,19.896499919891358,0,0
2021-05-27,15.449060440063477,15.71040181104527,15.421130958607247,15.660278094852826,581476000,-0.01350329192257227,0.05991437336080474,0.1333858111371371,14.8168550491333,14.398644008636474,1.0290451684371096,0.022096185320644324,0.0240653629778293,58.59895331985646,1.7589154832694975,16.739999771118164,-0.035714332801561,19.852999877929687,0,1
2021-05-28,16.203659057617188,16.236577036281336,15.46202947906416,15.46202947906416,644536000,0.048844304835317987,0.08356248783119935,0.14052506487575855,15.016501712799073,14.46890691757202,1.0378463140544512,0.023141689930378993,0.025765859740497558,73.90225677662404,1.827335641119418,16.760000228881836,0.0011947704920629576,19.7604998588562,0,1
2021-06-01,16.223608016967773,16.347047573880385,15.863266335432474,16.229094980518518,472804000,0.001231139169224127,0.04179460455320161,0.1481770328362959,15.225874137878417,14.537110023498535,1.047379713936713,0.02262619530361975,0.02551131157608535,73.77237889064119,1.2912370317530197,17.899999618530273,0.06801905573270361,19.739999866485597,0,1
2021-06-02,16.736061096191406,16.87620883092506,16.194676426104614,16.211384643342996,594168000,0.031586875045777285,0.07224645211959979,0.19709908134119591,15.50142879486084,14.608769264221191,1.0611043623521312,0.02140500219873474,0.024552945754547837,86.96369111679202,1.581892505387297,17.479999542236328,-0.023463691913108042,19.639999866485596,0,1
2021-06-03,16.927091598510742,17.215615818037982,16.54131452519702,16.658768697556674,580008000,0.011414304789004959,0.08087609625451897,0.2064593577714191,15.791099262237548,14.686553344726562,1.0752079736875495,0.020941456390954242,0.024563231925549517,89.49916289062723,1.4871809335777746,18.040000915527344,0.03203669267484277,19.58449993133545,0,1
2021-06-04,17.534059524536133,17.616599909816845,17.052523208969372,17.069478766631683,617120000,0.0358577799672799,0.1349596043436858,0.20295999782776453,16.086928939819337,14.785010242462159,1.0880566652309853,0.02064558968422148,0.025295685797625395,89.57578199786583,1.5008074087044494,16.420000076293945,-0.089800485422317,19.485999965667723,0,1
2021-06-07,17.574703216552734,17.76771725198459,17.149526305796652,17.52707469646401,575756000,0.0023179852879890994,0.08461324408643556,0.1752462250969662,16.34899320602417,14.886429595947266,1.0982481125276053,0.02108871361552181,0.025234719759259335,91.33953338687863,1.343612591811598,16.420000076293945,0.0,19.472499942779542,0,0
2021-06-08,17.413110733032227,17.577196435464696,17.207627375092446,17.483183670666758,323848000,-0.009194606675822059,0.07331924654616828,0.11817820001490587,16.53302917480469,14.978552398681641,1.1037801741281665,0.020509993602095832,0.023265689507858546,91.07235449952803,0.7509334263320137,17.06999969482422,0.039585847473210256,19.342999935150146,0,0
2021-06-09,17.31857681274414,17.534832519599075,17.216312069425967,17.47571805921768,381656000,-0.005428893305591709,0.034806022349266996,0.10956708609599675,16.704045963287353,15.06661003112793,1.1086797845551486,0.021030346423869417,0.023479562901493934,88.9284153789007,0.8752289227136738,17.889999389648438,0.048037475658119,19.145499897003173,0,1
2021-06-10,17.385175704956055,17.45202392117329,17.136746130755657,17.310348253638647,287772000,0.003845517615679972,0.027062186305272684,0.11012696654427456,16.876510620117188,15.157525749206544,1.1134080125841532,0.021011401455415905,0.02063864496651194,87.51282630515057,0.6611156343559951,16.100000381469727,-0.10005584512285925,18.570999908447266,0,1
2021-06-11,17.784507751464844,17.898247503293362,17.403879495985695,17.439547219530038,416308000,0.022969687122284865,0.014283527815007524,0.151170831421239,17.110055351257323,15.24692205429077,1.1221973386059405,0.019451477201966865,0.020275857047552914,87.58257763532349,0.9422408197224438,15.649999618530273,-0.02795035728430051,18.196999931335448,0,1
2021-06-14,17.977567672729492,17.998270294606797,17.622382309836595,17.865076259269316,321376000,0.01085551109778371,0.022922973504173827,0.10947580474290519,17.287446212768554,15.330932846069336,1.1276186769809537,0.015212766817778068,0.019119461912984352,86.00017531581831,0.7222490907162261,16.389999389648438,0.047284331575444316,18.07599992752075,0,0
2021-06-15,17.747846603393555,17.97507688775737,17.687485674890738,17.874058585520746,243032000,-0.012778206346813259,0.019223209195261326,0.09395188695582557,17.439870071411132,15.406843070983888,1.131956104898355,0.01673475124482508,0.01953770262900698,80.26875056837486,0.5445873131896918,17.020000457763672,0.0384381385952417,17.94099998474121,0,1
2021-06-16,17.769548416137695,17.913718927934667,17.544314342282547,17.75009415079846,307124000,0.0012227856837567774,0.026039761134512007,0.06175212399179619,17.54321880340576,15.485701007843018,1.1328656542264812,0.01485997030753405,0.019002623566906858,80.09744559174379,0.6790097799835335,18.149999618530273,0.06639242834163106,17.78149995803833,1,1
2021-06-17,18.614606857299805,18.79195023048878,17.715667091470888,17.733874892512524,809656000,0.04755655131869618,0.07071721179057588,0.09969316045631449,17.711970329284668,15.575834350585938,1.1371442409194839,0.019850984617589527,0.020438496590536183,88.25672880901163,1.7024086069978956,17.75,-0.022038546938694892,17.55999994277954,1,0
2021-06-18,18.596153259277344,19.330720564613056,18.541527942897947,18.74107162605108,968856000,-0.0009913504036871412,0.04563778312872602,0.060573179488468076,17.81817970275879,15.662137298583984,1.1376595264791693,0.01777168677372069,0.019865348892178107,85.17239677560099,1.9073560470401467,20.700000762939453,0.166197226081096,17.561499977111815,1,0
2021-06-21,18.385129928588867,18.49413123103555,17.782011843653176,18.393111064126522,672384000,-0.011347687220377156,0.022670600566149668,0.0461132516464251,17.899222373962402,15.742563953399658,1.136995372986686,0.018595789519498203,0.020276412556909863,80.0865699727929,1.3237802582732328,17.889999389648438,-0.13574885360979994,17.448499965667725,1,1
2021-06-22,18.843584060668945,18.920409647101682,18.343978923682204,18.429284231032042,580144000,0.024936137729828278,0.06173917781472582,0.08214921214066284,18.042269706726074,15.816020374298096,1.1407591340768475,0.018897869355743984,0.01927050237666706,79.78265475161737,1.1393387505263224,16.65999984741211,-0.06875347032979973,17.361499977111816,0,1
2021-06-23,19.013694763183594,19.108977447011597,18.86453654386818,18.964308379906097,332356000,0.00902751312950656,0.0700156423736693,0.09787859411127098,18.21178150177002,15.88349266052246,1.14658544509133,0.01829255526903283,0.019191930969626125,79.66240666618584,0.6593828676635433,16.31999969482422,-0.020408172611160347,17.235499954223634,0,1
2021-06-24,19.161609649658203,19.37561988275195,19.04462715758127,19.18380992868427,320924000,0.007779386821809009,0.02938567526844582,0.10218096008058941,18.389424896240236,15.961953010559082,1.152078626222953,0.018198793499872336,0.01913535123663961,76.60961832432423,0.6398450291208401,15.970000267028809,-0.021446043770847023,17.165999937057496,0,0
2021-06-25,18.98750877380371,19.30129085681399,18.851321309687666,19.236438867858343,278364000,-0.009085921226748228,0.021044971455649097,0.06764320042761818,18.50972499847412,16.019769592285158,1.155430163451794,0.018466587578538078,0.018869669709741566,72.13279732177486,0.5722831128332994,15.619999885559082,-0.021916116193956947,17.10999994277954,0,1
2021-06-28,19.9393253326416,20.03286106908621,19.274847095565143,19.317000214420624,495436000,0.05012856453033332,0.08453545936795148,0.1091225295671081,18.705900764465333,16.101106224060057,1.1617773651174914,0.023051382270166138,0.01900858495741093,81.72137885049807,1.0344111947144885,15.760000228881836,0.008962890163154658,17.05999994277954,0,1
2021-06-29,19.98098373413086,20.05281779301835,19.612077743887852,19.837062518712774,367632000,0.002089258327164112,0.06036004986099952,0.12582580752699934,18.929214477539062,16.194263343811034,1.1688839483256424,0.02181934057833012,0.018987292716174973,83.88144257329132,0.7760926839154225,16.020000457763672,0.01649747621230091,16.96599998474121,0,0
2021-06-30,19.956785202026367,20.116419372850345,19.81835223637548,19.953542508047825,326568000,-0.0012110781143951366,0.04960058792302102,0.12308904732223236,19.14793815612793,16.290736865997314,1.1753880940827348,0.021967614291782976,0.018492661877146717,83.0829857191932,0.7094430782332137,15.829999923706055,-0.011860207779553322,16.883500003814696,0,1
2021-07-01,20.16581153869629,20.409253433582737,19.973251789624403,20.0790104572003,480136000,0.010473948311509496,0.052406969320346164,0.08333265877104323,19.303058624267578,16.387615451812746,1.177905271271931,0.018059890920038298,0.01848739016693353,82.21200510855684,1.0544967697613823,15.479999542236328,-0.02210994208190664,16.755499935150148,0,1
2021-07-02,20.440174102783203,20.458383806119546,20.241380242470996,20.393531838306902,342764000,0.01360533215142068,0.07650636775392439,0.0991614135351302,19.487460708618165,16.50016067504883,1.1810467238714024,0.017824623331656277,0.0174217410351337,82.59484355616189,0.7761785090100963,15.069999694824219,-0.026485779039815083,16.68799991607666,0,1
2021-07-06,20.651195526123047,20.794366948413263,20.30374197663126,20.690105954402014,446708000,0.010323856454388602,0.03570181947510931,0.12325534855266107,19.714067268371583,16.60864715576172,1.1869761024775916,0.01623608306062668,0.017380145992436632,88.61964524111923,1.0265557660055493,16.440000534057617,0.09090914843906228,16.688999938964844,0,0
2021-07-07,20.325191497802734,20.827291472702445,20.28553319651976,20.80584097500275,418428000,-0.015786206077412213,0.017226767623253147,0.07862662603693615,19.862228012084962,16.706369247436523,1.1889015331761976,0.017624632148061186,0.017785897742421983,81.448620351511,0.9512295592537258,16.200000762939453,-0.014598525749495717,16.645499992370606,0,0
2021-07-08,19.85725975036621,20.086982890992743,19.655721781967447,19.81111606957633,503300000,-0.02302225528783375,-0.004987048297240282,0.04436617909823726,19.946584510803223,16.796652851104735,1.187533295330999,0.02010316187579545,0.01888162589227587,66.85603492972555,1.1285679497465486,19.0,0.17283945093793274,16.701000022888184,1,1
2021-07-09,20.004423141479492,20.03435525988892,19.709100137865747,19.916874216592717,296624000,0.007411062400519253,-0.00800306979498977,0.04398448289214163,20.03086585998535,16.8919744682312,1.1858214620000447,0.020096882343785524,0.018866807167416164,68.45804123603095,0.6644713556717428,16.18000030517578,-0.14842103656969574,16.705000019073488,0,1
2021-07-12,20.465621948242188,20.48582408605355,20.141613226484793,20.193743724149126,321984000,0.02305484159682636,0.001244991619494984,0.0778466091601111,20.1786771774292,16.99556245803833,1.187290931221012,0.0202534941324458,0.018870560631961755,75.59054453078555,0.7289821951967195,16.170000076293945,-0.000618061105884915,16.73100004196167,0,0
2021-07-13,20.203720092773438,20.41448760068872,20.068031230618036,20.353875481303678,290708000,-0.012797160825656961,-0.021668258032982557,0.013259965205493218,20.20511665344238,17.100201568603516,1.181571841266455,0.014593260734537617,0.019364898859285194,67.58003925723845,0.660465234630236,17.1200008392334,0.058750819941689736,16.767500114440917,1,0
2021-07-14,19.79615592956543,20.371089112577874,19.707609813917827,20.311226762267825,380100000,-0.020172728652768646,-0.02602856500980555,-0.009250185427542967,20.18663387298584,17.20013572692871,1.1736322429933759,0.016099163962375367,0.019808397216494984,59.52858214623337,0.850316928174729,16.329999923706055,-0.04614491102809537,16.733000087738038,0,0
2021-07-15,18.92290496826172,19.801642801831328,18.815401275503216,19.76647364963509,550564000,-0.04411214805595243,-0.04705356095708324,-0.05180595087327344,20.083245849609376,17.292290477752687,1.1613988254157182,0.02114326205044623,0.022722433965762616,47.52955064075738,1.199010936409065,17.010000228881836,0.041641170137951544,16.676000118255615,1,0
2021-07-16,18.119491577148438,19.113215466883993,18.03169335944509,18.9870054099986,688224000,-0.04245719103175749,-0.09422573952770574,-0.10147471415277076,19.87861385345459,17.366237297058106,1.1446701731308304,0.02332369304815788,0.02242715390731278,42.05187012663118,1.518888782463957,18.450000762939453,0.08465611491366087,16.711000156402587,1,1
2021-07-19,18.736827850341797,18.998477447310524,17.824666134451522,17.8743037047261,749060000,0.034070286716649356,-0.08447307891607359,-0.08333325557190208,19.70827922821045,17.451244087219237,1.1293337672495336,0.02636333078425969,0.023767047173466067,38.27067884593846,1.694244373252173,22.5,0.21951214469301195,16.801000118255615,1,0
2021-07-20,18.569461822509766,18.794945132479892,18.122485771322793,18.687192164183777,434687000,-0.008932463337382845,-0.0808889780079769,-0.10080451279345837,19.50010585784912,17.527133102416993,1.1125667696994928,0.025538250711894306,0.02370896765801523,36.56138684053019,1.010346541563104,19.729999542236328,-0.12311113145616315,16.89300012588501,1,1
2021-07-21,19.365636825561523,19.482369991726237,18.699164320803426,18.838843731264284,371017000,0.04287550229843706,-0.02174761128047742,-0.047210117176261,19.404150390625,17.62984811782837,1.1006419488663857,0.03040510247864653,0.02497694298964603,45.093158615675826,0.8838384560264063,17.90999984741211,-0.09224529838067741,16.95550012588501,1,1
2021-07-22,19.549217224121094,19.841546833620864,19.23194323043398,19.597107853695302,323826000,0.009479698509953227,0.03309810290279702,-0.015512841656786791,19.37334613800049,17.73542684555054,1.0923529671269723,0.029927666378178792,0.02498416375363669,44.860232108600144,0.7722043997809004,17.690000534057617,-0.012283602190330645,17.02400016784668,1,0
2021-07-23,19.5132999420166,19.654975593030052,19.20600332552339,19.611075532676935,195672000,-0.0018372746945680696,0.07692314979885961,-0.024550730405444088,19.3242338180542,17.851214694976807,1.082516464467367,0.02977595186979515,0.024953235436930368,41.95397255519972,0.47367874466127363,17.200000762939453,-0.027699251346815612,17.08550019264221,1,0
2021-07-26,19.249906539916992,19.39756711649879,18.870773917905094,19.266867886400917,203943000,-0.013498147565110918,0.02738343404088206,-0.05940280785992014,19.20266227722168,17.963594970703124,1.0689765778252824,0.028566215789427942,0.02506824412030458,37.94527223592303,0.49818861489406685,17.579999923706055,0.02209297348319761,17.18350019454956,1,0
2021-07-27,19.164093017578125,19.577146222151235,18.69815956399588,19.220961930828054,248863000,-0.0044578669595575215,0.032021994000254406,-0.051457210376180784,19.09869956970215,18.0627329826355,1.0573538117439132,0.028458768382377746,0.02224906062083222,39.580965695147704,0.626795157369376,19.360000610351562,0.10125146156828113,17.36350021362305,1,1
2021-07-28,19.458425521850586,19.601098340577916,18.951587150781002,19.274846044574673,202191000,0.01535854078784138,0.004791409501524235,-0.01706040349027793,19.064926528930663,18.169303817749025,1.0492931771170413,0.028558554724456228,0.022565017316211796,46.306000734899236,0.5200809170808272,18.309999465942383,-0.05423559459227267,17.478000164031982,1,1
2021-07-29,19.617067337036133,19.807630831950544,19.28382908535649,19.474392580270905,190781000,0.008152859798826073,0.0034707329780612195,0.036683710558114146,19.134342765808107,18.282034873962402,1.0466199686042377,0.024333276278380143,0.02265913772450141,46.41992597497195,0.49945415847468055,17.700000762939453,-0.0333150584814359,17.57150020599365,1,0
2021-07-30,19.45443344116211,19.585132640892724,19.218972784196303,19.373617296753032,183497000,-0.008290428588527021,-0.0030167373550046284,0.07367435550439216,19.26783695220947,18.39051580429077,1.0477050865378126,0.018896022559127652,0.022564174238503636,40.108343744542516,0.499791568528196,18.239999771118164,0.03050841722613762,17.709500217437743,1,1
2021-08-02,19.70486068725586,19.915378880901837,19.316749821197465,19.654975725192713,217444000,0.012872502653502593,0.023634096425115825,0.05166471318657084,19.36464023590088,18.493097763061524,1.0471279871012302,0.016608802149892087,0.022538846609730746,45.109073718634384,0.6025364867454248,19.459999084472656,0.0668859281065497,17.929000186920167,1,1
2021-08-03,19.769710540771484,20.175779873517374,19.176069279723396,19.694881202710075,301811000,0.00329105871616564,0.03160167938226244,0.06463562217009367,19.48466510772705,18.589410762786866,1.048159371825402,0.015889634073794318,0.0223976374243088,49.72204480401202,0.853450523447543,18.040000915527344,-0.07297010461209863,18.00900020599365,1,1
2021-08-04,20.227663040161133,20.27156310038773,19.782681342516437,19.94431173895087,231309000,0.023164350254152755,0.03953236182684683,0.04451318706244578,19.57086772918701,18.682509002685546,1.0475502902941873,0.011468998467859606,0.022819743413323622,65.02542863180035,0.6718625305982553,17.969999313354492,-0.003880354690702914,18.097500133514405,0,1
2021-08-05,20.58983612060547,20.685617395724258,20.295510226219236,20.453150082936443,211435000,0.01790484050111263,0.04958788012787174,0.053230719396804904,19.67492961883545,18.782137546539307,1.047534103617543,0.012169743609613143,0.022478357395507576,81.66627058523233,0.6413204038982429,17.280000686645508,-0.03839725392733928,18.01150016784668,0,0
2021-08-06,20.31945037841797,20.52298458479839,20.163806797419902,20.477090195052455,178497000,-0.013132000692172019,0.044463743437813896,0.04131287064703715,19.755544662475586,18.875315971374512,1.0466338519808618,0.01336744699585939,0.022689054138797213,72.2676117419485,0.5512898933274734,16.149999618530273,-0.06539357773223542,18.010000133514403,0,0
2021-08-09,20.248619079589844,20.46113164731858,20.096966025159155,20.399273064432922,146443000,-0.0034858865524904914,0.027595140151671416,0.05188142277999641,19.855415916442873,18.97130714416504,1.0466024173010007,0.01222607313210662,0.022101419853175115,74.285580297045,0.4648930996344169,16.719999313354492,0.035294099584386895,18.03750009536743,0,0
2021-08-10,19.890438079833984,20.38330854964685,19.789667174813598,20.275555576217656,179238000,-0.017689156892525926,0.006106692296456329,0.03790135341075751,19.928050422668456,19.045042724609374,1.0463641752254034,0.013971312400485216,0.022273406150773674,58.691313645653345,0.5792519861513149,16.790000915527344,0.004186698866484928,18.021000099182128,0,0
2021-08-11,19.653980255126953,20.003180762487712,19.385595913054647,19.99719395698716,185925000,-0.011888014922444845,-0.028361298282216674,0.01004987443905847,19.947605895996094,19.11365016937256,1.043631421483263,0.014125838830015877,0.02196404794374966,51.70513247171255,0.6203261796331826,16.170000076293945,-0.03692679007897037,18.013000106811525,0,1
2021-08-12,19.859506607055664,19.98322184264855,19.57515814398387,19.82458675390574,151652000,0.010457238140101355,-0.03547038982106909,0.012358588868266684,19.971849822998045,19.176119079589842,1.0414959220948488,0.014271899322601199,0.019459536562768092,55.34005832193804,0.5420484084128092,15.59000015258789,-0.0358688881242718,17.942000102996825,0,1
2021-08-13,20.141862869262695,20.16780442422177,19.8056331423008,19.859510585376018,183063000,0.014217687669376255,-0.00873977916961255,0.03533536096950063,20.040592765808107,19.240414505004882,1.0415884107171953,0.014362343522787629,0.016446486284736984,63.677950059491984,0.7192544958562803,15.449999809265137,-0.0089801373927193,17.79200005531311,0,0
2021-08-16,19.904403686523438,20.240633343657066,19.408537969464135,20.08898032367069,210876000,-0.01178933568759577,-0.016999450269345462,0.010126587669641918,20.060547065734863,19.28782138824463,1.0400628801945038,0.014701120343696358,0.015407599615251445,60.84796923386511,0.9264856101595503,16.1200008392334,0.04336576299285588,17.47300009727478,0,0
2021-08-17,19.413528442382812,19.72481563269579,19.222964992831216,19.640008912743852,204585000,-0.024661640301888554,-0.02397682924513811,-0.018016556067126488,20.024928855895997,19.32459789276123,1.0362403899434878,0.01675349508921839,0.01642408935533571,49.37794162339292,0.9466995891781435,17.90999984741211,0.1110421163144204,17.382000112533568,1,0
2021-08-18,18.996482849121094,19.58912505820869,18.95657336019115,19.45543055388039,285913000,-0.021482215069736688,-0.03345365149811541,-0.060866160791564705,19.90181083679199,19.35626533508301,1.0281844401419828,0.015278018777465045,0.014223983496102032,41.97621409191503,1.349612599965447,21.56999969482422,0.20435510209906327,17.565000104904176,1,1
2021-08-19,19.752748489379883,20.448155874466956,18.719115248706455,19.449442482837657,766555000,0.03981082425970128,-0.005375668176864634,-0.0406553809521516,19.818102073669433,19.40494876861572,1.0212911309367596,0.01996315478196567,0.01677351211599545,53.343749211647136,3.27609097434383,21.670000076293945,0.004636086364605774,17.76400008201599,1,1
2021-08-20,20.76842498779297,20.817312785089932,19.887443664031185,19.945309765245902,675741000,0.051419502402876516,0.031107456276372236,0.022095804808375696,19.862999534606935,19.472613754272462,1.0200479393912294,0.02614780777419462,0.020229095218260492,60.17563107037068,2.619271974172452,18.559999465942383,-0.1435164097555205,17.832000017166138,1,1
2021-08-23,21.907814025878906,21.946724447846748,20.90211844107872,20.923070353137504,575807000,0.05486160066329693,0.10065161312578819,0.08194114076458159,20.02891902923584,19.555079879760743,1.0242310004555653,0.030767760925031556,0.022845015340336877,66.96752596481838,2.0818724910180118,17.149999618530273,-0.07596982155088206,17.81050000190735,0,0
2021-08-24,21.743192672729492,21.90881365504365,21.48578289478911,21.70328507988881,297299000,-0.007514275634938006,0.1200021025163387,0.09314800335010887,20.21419448852539,19.630392379760742,1.0297397065463938,0.029969755637015396,0.022933857141219486,62.614183848617216,1.0655759738870285,17.219999313354492,0.004081614949343004,17.703499937057494,0,1
2021-08-25,22.162235260009766,22.41864789917261,21.672358134566363,21.68732324562584,347701000,0.01927235772536018,0.16664939694534775,0.12762071459945146,20.465019989013673,19.718680152893068,1.0378493809085445,0.029125031229207426,0.023029214995027057,62.964789569665676,1.214554633144077,16.790000915527344,-0.024970871949668183,17.627500009536742,0,0
2021-08-26,22.017562866210938,22.288940552177326,21.74019837604241,22.14926114072246,237940000,-0.006527879164782591,0.11465818936786132,0.10866615681119507,20.680825614929198,19.80364044189453,1.0442941375151906,0.02974345498645919,0.023216180923011767,64.29772675298514,0.824358522855127,18.84000015258789,0.12209643390577263,17.684499979019165,1,1
2021-08-27,22.584266662597656,22.670070557019205,22.11633866678472,22.133300012367442,304722000,0.025738715943734336,0.08743280609251691,0.12126007456153265,20.925065994262695,19.883033638000487,1.0524081171532433,0.030113075194793986,0.02335714845621547,68.15005104624042,1.0340151843685295,16.389999389648438,-0.13004250228750225,17.591999959945678,0,1
2021-08-30,22.636146545410156,22.990334740001824,22.499460525203325,22.777822203844707,262580000,0.0022971692456332793,0.03324533057797985,0.13724313985534198,21.198240280151367,19.963833503723144,1.0618321514351445,0.029196656595688777,0.023354593627396066,72.40307741916608,0.8842429112059554,16.190000534057617,-0.012202493168921968,17.428500032424928,0,0
2021-08-31,22.337778091430664,22.64712359993544,22.073337729589888,22.64712359993544,259850000,-0.013181062129145493,0.027345819339903432,0.15062947767206247,21.490665245056153,20.04288646697998,1.072234045752908,0.0277258227421769,0.023786641068567864,71.67890854443729,0.8812759967516407,16.479999542236328,0.01791222968576589,17.350499963760377,0,1
2021-09-01,22.393661499023438,22.64912199389681,22.30983905945331,22.437569306889998,201767000,0.0025017442363353126,0.010442369025441378,0.17883198047155968,21.830383110046387,20.11388801574707,1.0853388013772118,0.02519186554632673,0.023466279590962313,70.97727218902213,0.6877339227406691,16.110000610351562,-0.022451392121492608,17.25750002861023,0,0
2021-09-02,22.348752975463867,22.545337883825013,22.247966214051775,22.470495343605453,187834000,-0.0020054122708574873,0.015042087594589582,0.13142497549035936,22.089983558654787,20.180589179992676,1.0946153931201925,0.024419101486305776,0.02332784162103322,69.01576224043777,0.6428281509133831,16.40999984741211,0.018621925865588196,17.21399998664856,0,1
2021-09-03,22.794809341430664,22.93750730917341,22.153166206014838,22.27790249793311,280532000,0.019958892849928134,0.009322537763942318,0.0975704394930641,22.292621994018553,20.253253173828124,1.100693394917206,0.02060280970126085,0.023194957091161768,74.04108069964803,0.9435954082249598,16.40999984741211,0.0,17.22699999809265,0,0
2021-09-07,22.614192962646484,22.850692500855242,22.474487011995723,22.78483174949806,198107000,-0.007923574884037388,-0.0009698462907381522,0.032243241426696434,22.363259887695314,20.32578685760498,1.100240794826991,0.013650544520595848,0.023311564604942003,78.07044014889092,0.6606113323352819,18.139999389648438,0.1054234953274027,17.298000001907347,1,0
2021-09-08,22.291872024536133,22.562300203414004,21.9306343212819,22.465504722881544,254434000,-0.014253037401898538,-0.0020550865312849442,0.025234534783606044,22.418127822875977,20.372837791442873,1.1003929866016102,0.01438803182800479,0.023141428895923424,79.3895020397221,0.8379347996659906,17.959999084472656,-0.009922839648963677,17.356499910354614,1,0
2021-09-09,22.130218505859375,22.490457050966747,22.084316013138185,22.26493395688202,196856000,-0.007251679827464885,-0.01176417680402786,-0.0014446536540545507,22.41492614746094,20.415822486877442,1.0979193300621835,0.013380031238589437,0.022975799962127463,73.7187564578328,0.6471466747668485,18.799999237060547,0.04677061221646239,17.487999868392944,1,1
2021-09-10,22.43058204650879,22.578268644590512,22.22302065137504,22.30085522288771,248376000,0.01357255196417917,0.003661460267369687,0.018758623868025293,22.456228065490723,20.46529842376709,1.0972831961937821,0.013804278010718126,0.02301672437919031,69.34324132233385,0.8037358560047685,20.950000762939453,0.11436178793244811,17.755999898910524,1,0
2021-09-13,22.105268478393555,22.91555575401909,21.811888077680894,22.63614575794394,297500000,-0.014503126465497451,-0.030249907016499433,-0.021209375153074195,22.408328247070312,20.504087562561036,1.092871271579345,0.01182049468089282,0.02339310013747552,52.835030230865335,0.9451983526542996,19.3700008392334,-0.07541765470963968,17.951999950408936,1,1
2021-09-14,22.195083618164062,22.362728510461544,22.03941254531984,22.22801304915451,199755000,0.004063064868825128,-0.018533022388846465,-0.019484894496564653,22.3642219543457,20.53918575286865,1.0888563073257251,0.011906012695094701,0.023063491289529094,56.63063659104101,0.6357722505965289,19.459999084472656,0.004646269558077121,18.118999862670897,1,1
2021-09-15,22.293867111206055,22.31981323387467,21.919658243422088,22.261935032273296,166538000,0.004450692538105594,8.949839061189735e-05,-0.001965772067610172,22.359830856323242,20.57203918457031,1.086903960065069,0.011342327839005139,0.021936946335918233,52.13180078521982,0.5332793664613716,18.18000030517578,-0.06577589103373593,18.13249988555908,1,0
2021-09-16,22.195083618164062,22.230009637392705,21.880747541780984,22.136208056703595,156033000,-0.004430971645665638,0.002931065153627621,-0.008867593219091696,22.339973068237306,20.609437026977538,1.0839681374602574,0.011374811368876005,0.021079574526287687,52.918356749922864,0.510251348650826,18.690000534057617,0.0280528173993837,17.988499927520753,1,0
2021-09-17,21.853801727294922,22.27391315880688,21.783949696322043,22.252957549515017,294503000,-0.015376463397950069,-0.025714014822171727,-0.022146705398388034,22.29047794342041,20.649367866516112,1.0794750758237706,0.012278056613187932,0.02029627221568223,37.03022873050168,1.0436198533808776,20.809999465942383,0.11342958112931156,17.945499897003174,1,0
2021-09-20,21.068466186523438,21.387790890372674,20.61841728966361,21.101395618736774,349440000,-0.035935877453789566,-0.04690294953366081,-0.07573404668796746,22.117843627929688,20.670648727416992,1.070012069751501,0.01372285638063285,0.01920994085313216,27.916786676926648,1.3142835435858533,25.709999084472656,0.2354637070774368,18.302999877929686,1,1
2021-09-21,21.201181411743164,21.379802756895952,20.905806301905702,21.371820211672656,204688000,0.0062992352668092,-0.04478028664003353,-0.06248339497400124,21.976542472839355,20.685359916687013,1.0624201155480373,0.014423070472528079,0.014527453001476854,33.20547522070321,0.8276149282668093,24.360000610351562,-0.05250869397877245,18.663499927520753,1,1
2021-09-22,21.89471435546875,21.91367337565563,21.151285132509745,21.32092658519888,268726000,0.032711995159922624,-0.017904150668264673,-0.017816254670322884,21.936826705932617,20.719179801940918,1.058769068835323,0.018600395403500655,0.016329316662425226,43.796474506429945,1.092852573526571,20.8700008392334,-0.14326763890289562,18.846000003814698,1,1
2021-09-23,22.434574127197266,22.487461820172715,21.843822003613315,22.09329462367587,248555000,0.024657082205490122,0.010790250361445208,0.013752942441906058,21.967262268066406,20.771948165893555,1.0575446314725305,0.020199022941372442,0.016695855070894685,50.950099053553956,1.0316190801903238,18.6299991607666,-0.10733117337761822,18.93799991607666,0,0
2021-09-24,22.0344181060791,22.102275447550486,21.81488289522603,22.023441631035194,217655000,-0.01783657754541723,0.008264757822827429,-0.01766177710450223,21.927645874023437,20.834178428649903,1.052484308374256,0.020560751299632796,0.017140630352261536,41.495516343650564,0.9071885906514415,17.75,-0.04723559851896364,18.883499908447266,0,0
2021-09-27,21.61430549621582,21.753012198242896,21.280013132238278,21.664199253926697,245215000,-0.01906619942676757,0.025907880756954826,-0.0222102248003736,21.878549575805664,20.90407470703125,1.0466165033579145,0.02092655444934292,0.01654150794008626,39.385545783994644,1.0348930056991599,18.760000228881836,0.056901421345455505,19.001999950408937,0,0
2021-09-28,20.655336380004883,21.373818810808345,20.607437297507953,21.169251319443518,343069000,-0.044367334235135725,-0.025745972412459128,-0.06937334702803633,21.724574851989747,20.94244487762451,1.0373466411842338,0.024631667737333225,0.01900223595013863,34.69576533659057,1.423690297178112,23.25,0.23933900406917985,19.354999923706053,1,0
2021-09-29,20.473718643188477,20.972663870201263,20.423822978492204,20.895826640226495,218394000,-0.008792775555677701,-0.06490131313018677,-0.0816434609096004,21.542560005187987,20.980530014038084,1.0267881693538652,0.024308106983633854,0.01892061558288496,34.56669504009895,0.9141693231256659,22.559999465942383,-0.029677442325058756,19.658999919891357,1,1
2021-09-30,20.67229652404785,21.021558534466575,20.64435571548034,20.724186869005347,221009000,0.009699160388014771,-0.07855186343889708,-0.06860920735031562,21.39028129577637,21.00666320800781,1.018261733620898,0.024954524332904387,0.019121698129201656,33.30167010832156,0.9214046721652691,23.139999389648438,0.02570921708494045,20.0104998588562,1,1
2021-10-01,20.698246002197266,20.814997869776846,20.16038154346578,20.706228547845832,240978000,0.0012552779571068928,-0.06064022646067513,-0.05287664542386661,21.274725723266602,21.029643783569338,1.0116541175028724,0.02487357065265904,0.01915182944552505,35.8319885900727,0.9936493412967236,21.100000381469727,-0.0881589914428128,20.244999885559082,1,0
2021-10-04,19.69037437438965,20.49866509219777,19.51374772206686,20.460745149157145,345635000,-0.04869357662966345,-0.08901193342358416,-0.06541016322371362,21.13691654205322,21.033185272216798,1.0049317908102795,0.026875358264384946,0.02078013535471637,28.71429159590012,1.4063163085656578,22.959999084472656,0.08815159570501252,20.57249984741211,1,1
2021-10-05,20.407859802246094,20.604444742602162,19.812119023512988,19.907917186053545,279282000,0.036438384269099844,-0.01198124170944781,-0.03741874540338852,21.057584381103517,21.05634433746338,1.0000588916870023,0.029971078081674013,0.022941283486952523,35.497268888027776,1.1178789911062252,21.299999237060547,-0.07229964780507026,20.730499839782716,1,1
2021-10-06,20.656333923339844,20.67629028663116,20.03764098150744,20.077557514740203,297202000,0.012175412978209676,0.008919497397319232,-0.05656070282641479,20.933746337890625,21.086189155578612,0.9927704898896984,0.027850302604428473,0.023132596714540044,38.433826557003634,1.1795113276179805,21.0,-0.014084471727988102,20.88249988555908,1,1
2021-10-07,21.030540466308594,21.27701913068914,20.92775711791302,21.04750289734636,256919000,0.018115825603783886,0.017329663486782998,-0.06258347731176994,20.793342971801756,21.117631454467773,0.9846437095293938,0.027132076923870745,0.023609298386397845,43.84234850892806,1.0076298095175344,19.540000915527344,-0.06952376592726939,20.919499969482423,0,0
2021-10-08,20.787057876586914,21.161266841006725,20.731176248192515,21.05648878776723,151258000,-0.01157757168018314,0.004290792291299583,-0.05660962878561571,20.66860694885254,21.14103126525879,0.9776536768486508,0.026902655879980506,0.023389364907031463,47.70952464784906,0.6047472849782323,18.770000457763672,-0.039406367537669684,20.810499954223634,0,0
2021-10-11,20.651344299316406,21.01856804632995,20.467732425809636,20.531598501082726,163388000,-0.006528753519437047,0.048804045400814955,-0.044552030462787995,20.572310829162596,21.164969482421874,0.9719981333423845,0.026488164958499528,0.023260176146087122,45.526877095372555,0.6712402546956375,20.0,0.06553007523916032,20.84199991226196,0,0
2021-10-12,20.627395629882812,21.012581072561225,20.48469762768922,20.784064039237663,162134000,-0.00115966636779119,0.010757415513632518,-0.0013527133912530909,20.569516754150392,21.183420181274414,0.9710196265819862,0.02242550436310132,0.02320433849683306,38.42932491508848,0.6712760119247608,19.850000381469727,-0.007499980926513716,20.861499977111816,0,1
2021-10-13,20.894824981689453,20.94571798280508,20.669301932615472,20.87386937593445,180652000,0.01296476572249472,0.0115456624217396,0.02056814132497986,20.61162738800049,21.205922470092773,0.9719750422114184,0.022522847721388392,0.023432884149357774,35.20608475614941,0.745766280302225,18.639999389648438,-0.060957227635665134,20.884499931335448,0,1
2021-10-14,21.700124740600586,21.709104627354822,21.07744058821198,21.243090758622078,243589000,0.03854063193239621,0.03183866222385867,0.04972007901285047,20.71441020965576,21.235371704101563,0.9754672768762893,0.025260318579856274,0.025195843728964353,47.02010062554322,0.9877316646564447,16.860000610351562,-0.09549349987025113,20.792999935150146,0,1
2021-10-15,21.815879821777344,21.88473450421562,21.616302880257262,21.763989474383635,226994000,0.00533430487430242,0.049493389170250035,0.053996547314271615,20.82617359161377,21.259892578125,0.9795991920035617,0.025223290483471404,0.024991027707942627,51.899930714183235,0.9332134512913426,16.299999237060547,-0.033214789621489715,20.567499923706055,0,1
2021-10-18,22.175125122070312,22.243979817366263,21.598343332823575,21.703123292762136,189494000,0.016467147015283734,0.07378603545941287,0.12619113788473535,21.074648666381837,21.297006072998048,0.9895592175795013,0.016588903843658652,0.02371626972877229,66.15058750083611,0.8055286092862748,16.309999465942383,0.0006135110030618396,20.097499942779542,0,1
2021-10-19,22.242979049682617,22.33179009685353,21.990512506917007,22.22900674096052,161473000,0.003059911826372108,0.07832222006055467,0.08992218023932863,21.25816059112549,21.3368932723999,0.9963100213199146,0.014349399444779365,0.023702400570053014,69.26756011233155,0.6927761823623156,15.699999809265137,-0.037400348047283094,19.66449990272522,0,0
2021-10-20,22.056371688842773,22.38567543781395,21.935626663665868,22.257945210436517,146276000,-0.00838949496931285,0.055590162069852456,0.06777764973682032,21.398164367675783,21.38021194458008,1.0008396747021142,0.015247733901406007,0.022722103651433016,65.11222533033666,0.6445053513075405,15.489999771118164,-0.013375798770586256,19.395499849319457,0,1
2021-10-21,22.644126892089844,22.66308781338826,22.036412424885217,22.05038282865257,187590000,0.026647864460154436,0.04350215322601558,0.07672586581244789,21.559523010253905,21.440014877319335,1.0055740694966118,0.016169423108341796,0.022837039226949577,68.92464732925927,0.8377908474956266,15.010000228881836,-0.03098770492762115,19.21449990272522,0,1
2021-10-22,22.678054809570312,23.081201821142454,22.5134038996593,22.77485029056531,249384000,0.00149830981084631,0.03952052334521561,0.09096991715760239,21.748622703552247,21.49638584136963,1.0117339195548485,0.014933488304911504,0.02241576412807637,85.84770723245325,1.105931681942201,15.430000305175781,0.02798135042568428,19.098499917984007,0,1
2021-10-25,23.117130279541016,23.30573075031013,22.72196575698433,22.9245366329956,230235000,0.01936124917492532,0.04248026346120359,0.11940074914669019,21.995201301574706,21.555891189575195,1.0203800486899828,0.014198470944433907,0.02218957601600891,84.83449886651121,1.0244151498735805,15.239999771118164,-0.012313709027853004,18.922499895095825,0,1
2021-10-26,24.664857864379883,25.20571622107296,23.873531450575534,23.93839486421811,485898000,0.06695154485540211,0.10888284385323033,0.19573300997087673,22.398947525024415,21.651100273132325,1.0345408428420666,0.021792600306287983,0.02344936376167551,88.63244070542102,2.0953886597564697,15.979999542236328,0.04855641615694517,18.558999872207643,0,0
2021-10-27,24.399417877197266,25.037069768657314,24.23077377880667,24.422370071571084,245990000,-0.010761869727453632,0.1062299013368424,0.16772540083867438,22.749406814575195,21.750818061828614,1.0459103997793557,0.02364415320382107,0.023532730290711127,83.16306145409156,1.0545336071231068,16.979999542236328,0.0625782245710913,18.279999876022337,0,1
2021-10-28,24.888383865356445,24.897365655301588,24.471266418851215,24.825517045714975,234204000,0.020040067784410143,0.09910989211293364,0.14692353905185973,23.06823272705078,21.868656082153322,1.0548536974741862,0.022362305015816604,0.023660537333002073,88.51194612601641,1.0011766403231752,16.530000686645508,-0.026501700101433157,17.949499940872194,0,1
2021-10-29,25.5130672454834,25.654767902179138,24.94726386442255,24.948261206819474,292503000,0.025099395103612476,0.12501127013401026,0.1694723042989721,23.437951469421385,21.98386245727539,1.0661434729666794,0.022382692399657126,0.02381882248163294,91.81253262319882,1.236773006913173,16.260000228881836,-0.01633396530841069,17.707499933242797,0,1
2021-11-01,25.77251434326172,25.839372434906895,25.173779738453483,25.59489035924364,265740000,0.01016918488404217,0.11486650945038601,0.162226332495911,23.797690391540527,22.083944244384767,1.0776014523579278,0.022456489846090118,0.019289361942876997,92.52717142830117,1.1429173552563812,16.40999984741211,0.009225068660444258,17.379999971389772,0,1
2021-11-02,26.345306396484375,26.6217224937928,25.74557436813177,25.7675292231353,294112000,0.02222491936928206,0.06813128789731793,0.1844324601321914,24.207923126220702,22.172694091796874,1.091789884711249,0.02210444573094765,0.018659954358957932,92.88627061604717,1.2609208719763088,16.030000686645508,-0.023156560895795986,17.116500043869017,0,1
2021-11-03,26.541889190673828,26.727497632609634,26.17965600054016,26.613737804003005,239910000,0.007461776729067893,0.08780829625770825,0.20336606424256343,24.65647487640381,22.26866802215576,1.107227197058771,0.02057419209346319,0.018700795091396796,92.13264132435515,1.0413341195461638,15.100000381469727,-0.05801623614093532,16.821500062942505,0,1
2021-11-04,29.738130569458008,31.298830236529806,27.06079022806004,27.171556116532418,1153631000,0.1204225274178019,0.19485984828658154,0.3132822789403409,25.365875244140625,22.420185928344726,1.1313855882020947,0.038272226762493124,0.03050505371971296,94.8784312725511,4.191626600635304,15.4399995803833,0.022516502670477445,16.616499996185304,0,0
2021-11-05,29.68923568725586,31.333757862133087,29.347956214634998,30.123317473930538,851260000,-0.0016441814352771145,0.16368743129118557,0.30916147511588044,26.06699333190918,22.573619384765625,1.1547547111342342,0.03852830276941524,0.030077876576839024,94.11763124900052,2.7440273983686243,16.479999542236328,0.06735751231330078,16.501999950408937,0,1
2021-11-08,30.739023208618164,31.03439835720623,29.84391406748035,30.085404173754355,503101000,0.035359196593024,0.19270563978384003,0.3297075734275994,26.829182624816895,22.736714515686035,1.1799938204047673,0.03846494553137938,0.02970764826813031,94.72577389977208,1.53755480068519,17.219999313354492,0.044902899980162614,16.36299991607666,1,0
2021-11-09,30.59232521057129,32.24183980327339,29.90078828330195,32.21389899422513,646746000,-0.004772370190531783,0.16120589945591424,0.24032035289980924,27.421929359436035,22.895838088989258,1.197681834264167,0.037384103181019084,0.029856776182469316,95.12548182738873,1.84027901277917,17.780000686645508,0.03252040624976815,16.259499931335448,1,0
2021-11-10,29.396854400634766,30.784920762665642,28.717291247821386,29.29407294809422,636206000,-0.039077474553108615,0.10756450640914061,0.20481785871243696,27.921673011779784,23.03701961517334,1.212034954095762,0.04106290641405255,0.03266557435402222,83.54314215635745,1.7001000489555786,18.729999542236328,0.05343075471894454,16.263999938964844,1,1
2021-11-11,30.325897216796875,30.525476114526263,29.714191264142308,30.403733710175,332172000,0.0316034771442093,0.019764747685334427,0.21847595170730294,28.46542434692383,23.19566432952881,1.2271872856293427,0.041241345496527554,0.03246886657458985,84.88708710234603,0.8772627833468177,17.65999984741211,-0.057127587879079234,16.30399990081787,1,0
2021-11-12,30.325897216796875,30.615286428171945,29.5675000700808,29.946699595101553,413054000,0.0,0.02144418725519115,0.18864176247430597,28.946707344055177,23.35520721435547,1.2394112832474826,0.04170398830840638,0.032594454698183395,84.2564226203856,1.0647122514444234,16.290000915527344,-0.07757638412921752,16.30349998474121,0,0
2021-11-15,29.96166229248047,30.57935600274197,29.185303594652737,30.487551019532958,384909000,-0.012010689138478803,-0.025289057198139897,0.1625432386388026,29.365622138977052,23.498544273376464,1.2496783544267425,0.042753659725979894,0.033238578893744083,78.36070187822627,0.9677896267144926,16.489999771118164,0.012277399898743102,16.3125,1,1
2021-11-16,30.139284133911133,30.325889920627386,29.6433328431333,29.69622243740179,264484000,0.005928303967141391,-0.014808978184620236,0.1440096266230193,29.745019912719727,23.649046096801758,1.2577682749217685,0.042798753302515105,0.033187489145262046,81.02474954674389,0.6564992078715169,16.3700008392334,-0.007277072986680122,16.346000051498415,1,0
2021-11-17,29.199270248413086,30.4446385457493,28.739242339156842,30.353829013241555,428508000,-0.031188991792953424,-0.006721268525159418,0.10012026795262918,30.010758018493654,23.787194061279298,1.2616350604943796,0.04516733082567264,0.03443061433408203,72.21760204593203,1.0276418505985332,17.110000610351562,0.04520462633970257,16.427000093460084,1,1
2021-11-18,31.608179092407227,32.690889311922675,31.25492578342417,32.2987206204707,781711000,0.08249893999063418,0.04228339450085983,0.0628838628097832,30.197762870788573,23.976753273010253,1.2594600497800126,0.03545728528509426,0.03757497469470497,76.53339497568349,1.7500160626692596,17.59000015258789,0.028053741970408108,16.556000089645387,1,1
2021-11-19,32.9154167175293,33.018200072194944,31.837695120260975,32.17498143367427,533867000,0.041357574610683345,0.08538970775440546,0.1086650078923479,30.520380973815918,24.186449966430665,1.2618793173936798,0.03691460329151482,0.037740612239257974,78.49518001186392,1.158283885179396,17.90999984741211,0.01819213712611245,16.680000066757202,1,0
2021-11-22,31.888586044311523,34.573909183585116,31.832704423703742,33.446291928728265,754335000,-0.031196040506785594,0.0643129788000667,0.037397507002469244,30.635337257385252,24.382116317749023,1.2564675214466179,0.03801220047165929,0.0394034784460583,71.34071792311167,1.5485703076909338,19.170000076293945,0.07035177217290145,16.87650008201599,1,0
2021-11-23,31.679027557373047,32.29173255622799,30.814853381586094,31.468472250509617,532163000,-0.0065715829057857444,0.05108759108612926,0.035522057879609825,30.74400749206543,24.571795196533202,1.2511909384790516,0.03806421112891525,0.03789107982165247,69.75740123133298,1.0873111043594972,19.3799991607666,0.010954568786483598,17.046500062942506,1,1
2021-11-24,32.605064392089844,32.785682275830176,30.862747802338053,31.394624226420213,435162000,0.029231857986791843,0.11663970074258456,0.10913446546804018,31.06482849121094,24.778019142150878,1.2537252599972901,0.03549016127323428,0.03761162401886495,63.35901092593801,0.8722623413750036,18.579999923706055,-0.04127963218285824,17.12650008201599,1,0
2021-11-26,31.436542510986328,32.640995088921485,31.283865396835044,32.53122653243234,283069000,-0.03583866196525609,-0.005430131894631263,0.0366236581971362,31.175893020629882,24.962848320007325,1.248891657753771,0.03748450669556228,0.03927546290582252,57.37262494137099,0.5646336465754291,28.6200008392334,0.540366036423789,17.731000089645384,1,1
2021-11-29,33.30559539794922,33.34151875834948,31.968421870569852,32.29772758864819,454964000,0.05945478534446669,0.01185397966455426,0.09825589527824263,31.473862838745116,25.19188419342041,1.249365176383489,0.041265068341186664,0.04058707946458325,60.129156582973586,0.8930402516256581,22.959999084472656,-0.19776385705068866,18.066000032424927,1,0
2021-11-30,32.607059478759766,33.28263310586556,31.796774250371328,33.09901938706232,622066000,-0.020973530448654465,0.022530739790402432,0.08829273758095924,31.738402557373046,25.422656059265137,1.2484298447567665,0.041892845054746664,0.041339108686979334,57.61940848978605,1.1797830908744356,27.190000534057617,0.1842335199588756,18.605000066757203,1,0
2021-12-01,31.372528076171875,33.222845580609224,31.31763707417919,33.15298499754876,484368000,-0.03786086271876388,-0.009675154347654091,0.040918156409466944,31.86172695159912,25.626082992553712,1.2433319193127301,0.04448909931795752,0.042762675620743144,57.44967798339674,0.9023512796480821,31.1200008392334,0.14453844163236207,19.359500074386595,1,1
2021-12-02,32.06214904785156,32.41345063590255,30.96333745214234,31.15196289598715,472890000,0.021981683146646613,-0.016651258151478943,0.09804624482332969,32.148014831542966,25.829431686401367,1.2446272617166485,0.042844805351984074,0.04284746970877914,56.667272141329505,0.8622561759105437,27.950000762939453,-0.10186375291794603,20.002000093460083,1,0
2021-12-03,30.632001876831055,32.0651488092906,30.070119147107587,31.936403568189156,544325000,-0.04460546823876543,-0.025592529263487096,-0.03088369034870042,32.050397109985354,25.993380241394043,1.2330215159529583,0.037541362614567905,0.035850385227580155,51.059123128120454,1.0508853828807958,30.670000076293945,0.09731660962818656,20.763500118255614,1,0
2021-12-06,29.9773006439209,30.180893752438724,27.982273206253097,29.820611196732987,658938000,-0.021373112849191522,-0.09993199984148182,-0.0892626120708867,31.75658550262451,26.15223789215088,1.2142970568555311,0.034517507281435725,0.036227802355866146,50.05304257625833,1.2962241313546778,27.18000030517578,-0.11379197138690988,21.29850015640259,1,1
2021-12-07,32.36255645751953,32.38451590477449,30.59008680428253,30.895480355032714,593053000,0.0795687324196197,-0.0074984688944277345,0.014863324844488046,31.803982543945313,26.367202911376953,1.20619478110143,0.043202589892455484,0.03961842941251059,56.558730327353864,1.1563879851691383,21.889999389648438,-0.1946284347362568,21.532000160217287,1,0
2021-12-08,31.76274871826172,32.225827257844415,31.358552936375865,31.93540523035622,475551000,-0.01853400364230018,0.012438291270069124,0.002642794534555959,31.81235466003418,26.58935115814209,1.1964321532642108,0.04363898339494638,0.03988475894432928,57.717254033094825,0.9430114334070839,19.899999618530273,-0.0909090829878787,21.638000106811525,0,0
2021-12-09,30.42940330505371,32.14099693386837,30.367526251043838,31.6709304355526,488507000,-0.04197827540163146,-0.0509244012421326,-0.0667277040423192,31.594788551330566,26.788464851379395,1.1794176607960305,0.044343643193475196,0.040049305472855186,46.20562087127704,0.9830997808835817,21.579999923706055,0.08442212750654599,21.78050012588501,0,0
2021-12-10,30.137985229492188,31.24278555655399,29.801655081182673,31.088092914267587,488825000,-0.009576858035633129,-0.016127468564583913,-0.04130725511688593,31.46493282318115,26.97777862548828,1.1663277862860606,0.04314258244607425,0.039528107559276916,40.43410569575682,0.9684738075211181,18.690000534057617,-0.13392026876115581,21.832000160217284,0,0
2021-12-13,28.10503387451172,30.233796207467403,28.060123228578693,30.188885561534377,598344000,-0.06745478636014057,-0.06245614945950306,-0.15614678138309823,30.944876670837402,27.12591438293457,1.140786490512018,0.04122545878425212,0.04234300775494236,37.8134577222106,1.1640889689231724,20.309999465942383,0.08667730795045947,22.03300008773804,0,1
2021-12-14,28.280681610107422,28.62100349476861,27.195842071505684,27.643949113929793,667035000,0.006249689517542123,-0.12612955508537005,-0.13268224543432217,30.512238883972167,27.297720527648927,1.1177577575778668,0.04176181055009399,0.04233438280606999,39.030215251869286,1.2630649114078412,21.889999389648438,0.07779418834331042,22.303000068664552,0,1
2021-12-15,30.398469924926758,30.439388813076704,27.782678223157248,28.343561661628623,698297000,0.0748846277475308,-0.04295216404084634,-0.03104812429779724,30.414833068847656,27.497532730102538,1.1060931672444723,0.049003094517873165,0.045692629247066754,43.38603394376216,1.2700953021186474,19.290000915527344,-0.11877563027025972,22.449000072479247,0,0
2021-12-16,28.330585479736328,31.098075396246916,28.03717102685846,31.090091873375695,707366000,-0.0680259384862908,-0.06897334805670707,-0.11638532284738667,30.041676712036132,27.65101776123047,1.0864582624570733,0.05225026795744636,0.047770757633930475,41.166565986904686,1.2547694707044963,20.56999969482422,0.0663555582450257,22.62200002670288,0,0
2021-12-17,27.745750427246094,28.864522903312924,27.704831542890716,27.929384771071867,713758000,-0.02064323919138711,-0.07937606923720697,-0.09422340274038754,29.753051567077637,27.78532196044922,1.0708190320569027,0.05107849269159337,0.043743659954590675,32.94156724848327,1.2737850479923811,21.56999969482422,0.04861448783840361,22.821000003814696,0,0
2021-12-20,27.66391372680664,28.08806836031616,27.09105503438404,27.250736913132904,461847000,-0.002949521969284663,-0.015695414197850366,-0.07717128852238364,29.521712875366212,27.922859077453612,1.0572596736415003,0.05090208309677036,0.042340058909467786,34.23718809894417,0.829551293087306,22.8700008392334,0.06026894588789067,23.069000053405762,0,1
2021-12-21,29.01721954345703,29.062130190371207,27.346544620384616,28.31761243890149,524385000,0.04891953575386632,0.026043853663214822,-0.10337060109740503,29.187179183959962,28.090176582336426,1.0390528909068286,0.04578640368351439,0.043776599981497716,42.5458059338007,0.9617408226915704,21.010000228881836,-0.08132927599900819,23.161000061035157,0,1
2021-12-22,29.341569900512695,29.49626253795648,28.39245970985011,28.833582616767877,395184000,0.011177857911917055,-0.0347681981041883,-0.0762269927966589,28.94506130218506,28.264460067749024,1.0240797536130057,0.04612741991992807,0.043897304995918,41.18599549328485,0.734001527126745,18.6299991607666,-0.11327944037066295,23.123500061035156,0,1
2021-12-23,29.581096649169922,29.999264606574506,29.372512354498358,29.69586788446444,343022000,0.008163392397522617,0.044139969162587,-0.027877860350383643,28.86023063659668,28.438185501098634,1.014840789876757,0.044595256159760094,0.04333438818039402,46.31071158296096,0.6426163712038655,17.959999084472656,-0.035963505446898525,23.092500019073487,0,1
2021-12-27,30.883502960205078,31.025220962783237,29.58109607103307,29.60105678205719,403686000,0.04402833087906166,0.11308948161941723,0.024736813859187468,28.934782409667967,28.621853065490722,1.010933231452947,0.0467433822922956,0.04391913475789814,53.04291610033616,0.747815176728637,17.68000030517578,-0.015590133272275541,22.545499992370605,0,0
2021-12-28,30.261741638183594,31.267737862639216,29.952356330148934,31.24977398426647,420591000,-0.02013247405330465,0.09390673846917141,0.07673741911507825,29.150453186035158,28.79077030181885,1.012492992735022,0.04078482626640758,0.04180547784649032,41.998033203637526,0.7816196151695431,17.540000915527344,-0.007918517377369816,22.27450008392334,0,0
2021-12-29,29.941377639770508,30.487291454884854,29.307639364299206,30.212838350656018,343139000,-0.010586436241622588,0.03184860957919944,0.05872192376967167,29.316522789001464,28.94609535217285,1.012797146983792,0.04121797864496441,0.04164716968301239,42.91153069985238,0.6546510859228716,16.950000762939453,-0.03363740717171748,21.762500095367432,0,0
2021-12-30,29.527204513549805,30.396473874297598,29.481296400919582,29.767724800283915,308864000,-0.013832801255963756,0.0063266762367022444,-0.028661489000224805,29.229396247863768,29.091779861450195,1.0047304216884967,0.03372647427840281,0.04094249382249303,46.218226311586584,0.5992933180320127,17.329999923706055,0.02241882853465449,21.073000049591066,0,0
2021-12-31,29.35255241394043,29.97032369459482,29.272711469744927,29.61503025561197,266530000,-0.0059149554618090905,-0.00772602307277559,0.036072919669629444,29.33159294128418,29.23770347595215,1.0032112462392695,0.02484533201771566,0.040547307151412824,46.675130506171946,0.5277170234526489,17.219999313354492,-0.006347409742402221,20.536499977111816,0,1
2022-01-03,30.06113624572754,30.649963801294536,29.725803587995546,29.755744649714465,391547000,0.024140450267983615,-0.026628025827808433,0.08345010615419346,29.563131523132324,29.386043663024903,1.0060262572988088,0.023965858902270296,0.03979792049246379,59.32621703303349,0.7871502640255501,16.600000381469727,-0.03600458516882421,19.832999992370606,0,0
2022-01-04,29.231786727905273,30.407444937866018,28.292656990618887,30.21682456762122,527154000,-0.027588761484028668,-0.03403488545347788,0.05667574792858554,29.71991882324219,29.5171183013916,1.006870607075523,0.0263945905782057,0.039995794387387665,54.26856065839445,1.073995956883612,16.90999984741211,0.018674666193889244,19.319499969482422,0,0
2022-01-05,27.54914093017578,29.357540102995376,27.47828288572463,28.89146724200374,498064000,-0.057562194654465104,-0.07989734935967574,-0.05059335926664554,29.57311096191406,29.605758514404297,0.9988972566781442,0.02847937840764771,0.037203058604150525,36.69243666817095,1.0246442596024397,19.729999542236328,0.16676521113368237,19.211499977111817,1,1
2022-01-06,28.121997833251953,28.381481331155296,27.01121087291353,27.585066961351565,454186000,0.020794002416558044,-0.04759023766211978,-0.041564649451133584,29.45115375518799,29.67490131378174,0.9924600403476376,0.029231634056584493,0.037618446664654526,48.86768197021681,0.9364340247770927,19.610000610351562,-0.0060820544687738565,19.19700002670288,1,0
2022-01-07,27.192848205566406,28.36551411614278,27.003225284481758,28.085072447229507,409939000,-0.03303995801418147,-0.0735780717777822,-0.08073562897035236,29.212328910827637,29.730769920349122,0.982562139799594,0.0302368920928381,0.0372118442097577,47.106727308150504,0.8521078725385358,18.760000228881836,-0.04334525012819401,19.05600004196167,0,1
2022-01-10,27.34554672241211,27.41440984015935,25.593035959641192,26.528174103666952,594681000,0.005615392535984753,-0.09033555821435013,-0.1145581264648573,28.85853328704834,29.779913177490233,0.9690603567260115,0.0248588188056727,0.03726739030134172,48.34628700236828,1.2226650735395783,19.399999618530273,0.03411510564179698,19.091499996185302,1,1
2022-01-11,27.76171875,28.009226996384303,26.785663592042308,27.268700993300914,404089000,0.015219005559204968,-0.0502900486921628,-0.082613318098953,28.60853099822998,29.824886207580565,0.9592167694828816,0.026029968632778636,0.03435150248988768,42.77508596436386,0.8477364338548281,18.40999984741211,-0.05103091704045948,18.99650001525879,0,1
2022-01-12,27.9433536529541,28.53816789323049,27.553130003657554,28.011217393989682,383413000,0.006542638969501802,0.014309437952256587,-0.06673119757063128,28.40872859954834,29.868302993774414,0.9511329989343452,0.026421653581066525,0.03435439427434913,41.819445461184245,0.8290242041345586,17.6200008392334,-0.04291140764402346,18.78300008773804,0,0
2022-01-13,26.522184371948242,28.42339706817921,26.445335836793394,28.322597967784002,540171000,-0.050858937644215674,-0.056888328872995775,-0.10177123744384886,28.108226585388184,29.87184055328369,0.940960652734147,0.029916813332888266,0.03129037910620958,34.27717603257835,1.1882837990517858,20.309999465942383,0.15266733817170586,18.834000015258788,1,1
2022-01-14,26.888456344604492,27.142950637215478,26.1579107320568,26.24773202314796,395832000,0.013810022866881377,-0.011193820472972904,-0.08394827252452708,27.86181697845459,29.878771896362306,0.9324953875311965,0.030870573779111832,0.027972269184744977,27.27888088111152,0.9016590050070148,19.190000534057617,-0.05514519750543956,18.76500005722046,1,0
2022-01-18,25.851520538330078,26.585060416480562,25.71878543976193,26.20781139067626,424270000,-0.03856434869242642,-0.054635081874502944,-0.14003514946963314,27.440855407714842,29.801039695739746,0.9208019481158468,0.029903898726564338,0.028865761397550333,26.048738952628383,0.999388264236872,22.790000915527344,0.18759772179685963,18.826000118255614,1,0
2022-01-19,25.01718521118164,26.490251872701148,25.00221562896833,26.027175156596083,488315000,-0.03227412971362231,-0.09886036104368934,-0.14417871736524013,27.01939525604248,29.70759868621826,0.9095112513613268,0.03016621339754757,0.029591699217013268,24.67143041306143,1.1466747570934672,23.850000381469727,0.04651160260463971,18.875000095367433,1,0
2022-01-20,24.102005004882812,25.52816592790516,24.030147591877117,25.25371283114106,435181000,-0.03658206143390508,-0.13746913472804256,-0.12512680282952737,26.674681663513184,29.574858322143555,0.9019377666313646,0.027490541203339474,0.027559663167332864,23.462175697661593,1.0327202950025973,25.59000015258789,0.07295596407914773,19.104000091552734,1,0
2022-01-21,23.327547073364258,24.77366673764392,23.216767613789905,23.460282170555125,718958000,-0.03213251060904099,-0.12045151537227305,-0.17048755882552025,26.195236587524413,29.429562759399413,0.8900994147171962,0.025281677612362732,0.027602826858008783,22.161725141498664,1.6430261235847212,28.850000381469727,0.12739352127562054,19.61500015258789,1,0
2022-01-24,23.325551986694336,23.333535509414546,20.846489247606883,22.28562296184168,913982000,-8.552492311542093e-05,-0.13250683907799332,-0.1422174017828861,25.808506965637207,29.308136711120607,0.8805918718075479,0.025283998515142583,0.027361391348072518,16.704487340979682,1.9607894456820592,29.899999618530273,0.03639512038741466,20.212000179290772,1,0
2022-01-25,22.279640197753906,22.897411591161497,21.956284600278277,22.501199191457193,664616000,-0.044839744394347125,-0.1381690618654381,-0.1852552657323996,25.301916313171386,29.147211570739746,0.8680733061467681,0.025758121301555248,0.02499091985118407,16.354335725284884,1.3869973898948633,31.15999984741211,0.04214047641997154,20.886000156402588,1,1
2022-01-26,22.726743698120117,24.009189816429384,22.25568159985635,23.19381403507695,755959000,0.020067806140392053,-0.09155472503108752,-0.18136395290294782,24.7984188079834,28.99522850036621,0.855258609452593,0.026528390756222757,0.026218547379896588,23.49128942218229,1.5242814468151173,31.959999084472656,0.025673916591080648,21.607000064849853,1,0
2022-01-27,21.900388717651367,23.947313152254385,21.631922323422884,23.521161726766028,573353000,-0.036360465513460394,-0.091345773382149,-0.2162576836822837,24.194122314453125,28.834003028869628,0.839083019108693,0.02529053898367507,0.026677363534001467,16.727124506019578,1.129859345219046,30.489999771118164,-0.04599497357522364,22.28400001525879,1,1
2022-01-28,22.794607162475586,22.8125710384111,21.253675136018625,21.96825173742082,543774000,0.040831167718200945,-0.02284594729195466,-0.1405456336927967,23.82136459350586,28.687109489440918,0.830385668597039,0.03047310956977343,0.0294753646630206,26.390200860088854,1.0473290964361182,27.65999984741211,-0.09281731534766324,22.800500011444093,1,1
2022-01-31,24.437339782714844,24.460294791256842,23.006189511786687,23.13593032920082,564680000,0.0720667221211655,0.047663943672360265,-0.09115869391964915,23.576252937316895,28.591870880126955,0.8245788824439533,0.04044696513178915,0.03502011929411049,36.54165407396319,1.0572389639402653,24.829999923706055,-0.10231380836290327,23.18100004196167,1,1
2022-02-01,24.589035034179688,25.095027394146598,23.842520509649365,25.054108511883626,518925000,0.006207519018585739,0.1036549430748257,-0.04883602503297635,23.450004386901856,28.451487998962403,0.8242101217256916,0.03924472172536534,0.03436274127961199,34.949314096251285,0.9601239349456249,21.959999084472656,-0.11558601885025821,23.448999977111818,0,1
2022-02-02,25.191835403442383,25.765691523974446,24.50420361965189,25.74273842128798,543419000,0.02451500713325183,0.10846655984095821,0.006981208748563894,23.46746940612793,28.297016372680662,0.8293266363157843,0.03885548067093028,0.03488525898684673,37.448784594433846,1.0039325474765992,22.09000015258789,0.0059199031664420865,23.707999992370606,0,0
2022-02-03,23.900407791137695,25.0271638258228,23.73274239062806,24.409394490116693,410178000,-0.05126373650917937,0.09132345088808136,-0.008364333743365981,23.447309684753417,28.137252807617188,0.8333190821815366,0.04068318791753702,0.03442863075808212,37.897356194565596,0.7639802900393847,24.350000381469727,0.10230874663969036,23.939000034332274,1,1
2022-02-04,24.27066993713379,24.58604192006064,23.58503497082933,23.924359424926656,354829000,0.01549187567140109,0.06475491172701986,0.04042957713485462,23.541621971130372,27.989085655212403,0.841100072404338,0.039279982475394916,0.03422708991794586,37.92022568350374,0.6670618327811911,23.219999313354492,-0.04640661397998014,24.119499969482423,0,1
2022-02-07,24.67885398864746,25.131950236744533,24.153898433728177,24.32356063658267,376868000,0.01681799688970087,0.009882999053090424,0.05801800543563096,23.676952171325684,27.830561447143555,0.8507536657603368,0.03941640048817201,0.03402904339379119,44.25538507135464,0.7107034062442925,22.860000610351562,-0.015503820570566651,24.324499988555907,0,1
2022-02-08,25.058101654052734,25.1798589396147,23.93234311537428,24.310589623943148,410359000,0.0153673126628866,0.01907625163903459,0.12470854249158547,23.954798316955568,27.702992630004882,0.864700743233434,0.03508861081147308,0.03424759317459554,50.20979409431385,0.7875487313277941,21.440000534057617,-0.062117237024522876,24.426500034332275,0,1
2022-02-09,26.65192985534668,26.671890566783304,25.302617361297145,25.571081886954367,524282000,0.06360530511441076,0.05795903428714766,0.17271221118893698,24.347316932678222,27.56991931915283,0.8831116497234046,0.03866779534528487,0.03724023291317742,62.223735146355295,0.994713777078564,19.959999084472656,-0.06902991663801339,24.503999996185303,0,0
2022-02-10,25.772676467895508,26.871488159313945,25.549122622898047,25.943338051848187,513200000,-0.03299023343612706,0.07833626493402557,0.17681365386556536,24.734545707702637,27.433231658935547,0.9016271219962562,0.038165091909507794,0.03784178259494139,61.60477403156255,0.9618456340838959,23.90999984741211,0.19789583888369267,24.818499946594237,0,0
2022-02-11,23.90140724182129,26.10003039508258,23.72575830389794,25.86449932037972,605472000,-0.07260670921800538,-0.015214359400419042,0.04855534782664361,24.845225715637206,27.283809242248534,0.9106215886147151,0.04630636330999902,0.03955235187096023,52.321194079422824,1.1278809796755949,27.360000610351562,0.14429112442310887,25.171000003814697,1,1
2022-02-14,24.21877098083496,24.825562419077983,23.707787514804277,23.886432615759617,440424000,0.013278035715753367,-0.018642802782663392,-0.008944050531821013,24.82336883544922,27.126941680908203,0.9150817341462334,0.04028822406360587,0.0395396052080705,58.3041014295467,0.8170340460534249,28.329999923706055,0.03545319048668061,25.62799997329712,1,1
2022-02-15,26.44234275817871,26.492242623139074,24.734742881710144,24.8994139589256,699869000,0.09181191643057884,0.055241259822333744,0.07537130763459632,25.00869960784912,27.043148498535157,0.9247702651636056,0.04976987349063099,0.04410679189447476,63.81036723971307,1.2659701502526581,25.700000762939453,-0.09283442173841527,25.773499965667725,0,1
2022-02-16,26.458309173583984,26.52916911213145,25.50121554773695,26.206811119026813,732676000,0.0006038200000388905,-0.007264790310254177,0.05027318374621248,25.135346984863283,26.972768669128417,0.9318786400163603,0.04948333419648149,0.043366804604455314,68.02715166291866,1.2966564740619506,24.290000915527344,-0.05486380566359328,25.795499992370605,0,0
2022-02-17,24.458297729492188,25.73375786543632,24.116978322985712,25.57906520835988,810595000,-0.07559105273773925,-0.050998922833669025,0.023342276969908315,25.191135978698732,26.81468349456787,0.9394530419798527,0.0530793412120843,0.046066593706665264,56.05083390575286,1.3884309383237223,28.110000610351562,0.15726634626770597,25.92150001525879,1,0
2022-02-18,23.595014572143555,24.936343397057144,23.054091914566957,24.61897459185381,761255000,-0.03529612595678211,-0.012819022184669793,-0.02783834837440935,25.123570442199707,26.65132881164551,0.9426760901776036,0.05423011388708622,0.04619427826787145,46.75233447952237,1.299212413647742,27.75,-0.012806851744392778,25.866499996185304,1,0
2022-02-22,23.343515396118164,24.01617571252817,22.9542910697266,22.98922136037415,633422000,-0.01065899642724999,-0.036139554125575235,-0.054108614328022164,24.99003658294678,26.5096110534668,0.9426783566361945,0.05389391680578599,0.046274795548405113,45.23445572051992,1.1075597419339045,28.809999465942383,0.03819817895287869,25.811999988555907,1,0
2022-02-23,22.34250831604004,24.106996233636202,22.25668069011676,23.754697128771827,566511000,-0.04288159101540401,-0.1550480787437255,-0.10837187012422755,24.718477249145508,26.353701515197756,0.9379508694401338,0.05468041181237193,0.04617454895024964,39.420429072793596,0.9991331607885326,31.020000457763672,0.07670951172469942,25.805000019073486,1,1
2022-02-24,23.7007999420166,23.752696637481108,20.8484804271266,20.973231989095634,735801000,0.06079405260874049,-0.10422091651723853,-0.1107285637230524,24.4233642578125,26.265616836547853,0.9298606771659019,0.05426517766872245,0.04791781631250923,49.26251654285074,1.3000141697464958,30.31999969482422,-0.02256611065794678,25.723000049591064,1,1
2022-02-25,24.108991622924805,24.168871850041366,23.334534721068575,23.67385918065925,528866000,0.01722269636074869,-0.01428170146715424,-0.06455227290976628,24.25699577331543,26.1821830368042,0.9264695666979892,0.05426099024421717,0.0470809250185324,49.404322865074484,0.9380878114799424,27.59000015258789,-0.09003956364492816,25.57800006866455,1,1
2022-02-28,24.336536407470703,24.615980608442836,23.659884397014633,23.944317823201498,477319000,0.009438170957325687,0.03142705562057979,0.01820516931271099,24.30050868988037,26.06094436645508,0.9324492753669859,0.04889614351869631,0.046371834459339796,48.72177310972369,0.8516747777445702,30.149999618530273,0.09278722188416721,25.70250005722046,1,0
2022-03-01,23.430341720581055,24.328554607429982,23.086028049660978,24.24272507991095,412056000,-0.037235976053333064,0.003719505095506337,-0.032554470285788395,24.22166576385498,25.96293949127197,0.932932335030771,0.05029104475045841,0.04436179298587152,44.152016929387294,0.7453759956064971,33.31999969482422,0.10514096571814391,26.127000045776366,1,1
2022-03-02,24.175981521606445,24.364639111563292,23.372446139998853,23.712826005452477,389642000,0.03182368443096273,0.08206210241175693,-0.08570954764858241,23.995029640197753,25.89154411315918,0.9267515886780372,0.04044845415986871,0.04495183145255723,40.52746321274799,0.7131700680595839,30.739999771118164,-0.07743097080840666,26.566000080108644,1,0
2022-03-03,23.670907974243164,24.281795369595773,23.426352346873195,24.217910588033938,365095000,-0.020891542579642097,-0.0012612218932089858,-0.1053506927088057,23.716289520263672,25.81168399810791,0.9188199236439654,0.040501028890931746,0.04480087812357563,41.7220019628029,0.6793274621840985,30.479999542236328,-0.008458042642086161,26.985500049591064,1,0
2022-03-04,22.894315719604492,23.63696301668851,22.44114037112084,23.341501454950432,431415000,-0.032807877732603186,-0.05038269216391855,-0.06394484306247616,23.559891319274904,25.68922592163086,0.9171117647198932,0.03468270544103911,0.043917546947455435,45.65917477246277,0.8011453342984873,31.979999542236328,0.04921259916429599,27.367000007629393,1,0
2022-03-07,21.313194274902344,22.991140894785616,21.2912348972877,22.775531944141846,450821000,-0.06906174720689418,-0.12423058408756427,-0.09670772994288146,23.33170928955078,25.528658409118652,0.9139418498081694,0.03919635336485867,0.04623136147098734,38.7065484358586,0.8297867797637168,36.45000076293945,0.1397748994586303,28.028500080108643,1,1
2022-03-08,21.474903106689453,22.332341322019484,20.61247291155514,21.270275724010467,557467000,0.007587264006575056,-0.08345753712050885,-0.08004845275958072,23.14484806060791,25.366534538269043,0.9124166340376766,0.039555617857594205,0.04604291144009482,27.007120249672226,1.0093054417819434,35.130001068115234,-0.036213982639098585,28.642000102996825,1,1
2022-03-09,22.97217559814453,23.177800600931413,22.206569302526024,22.346314265208143,492742000,0.06972196726646351,-0.04979346639498605,0.028182479478028988,23.20781478881836,25.208307991027834,0.9206415121982209,0.04415635315680751,0.04888244075917546,35.80961097232695,0.8855154987945831,32.45000076293945,-0.07628807923971881,29.192500114440918,1,0
2022-03-10,22.6168212890625,22.746584183582087,21.842230651130887,22.490051297255544,428066000,-0.01546890095645681,-0.04453089363228646,-0.045735952187522244,23.09941692352295,25.05540958404541,0.9219333192713807,0.0395360887494068,0.046325076129520505,41.34544878232961,0.7759940119901595,30.229999542236328,-0.0684129789987108,29.706000137329102,1,0
2022-03-11,22.05984115600586,23.102942300492145,22.005938429678984,22.980164714473226,367209000,-0.024626808778207776,-0.03644898470951319,-0.0849952788971251,22.894501876831054,24.897778854370117,0.919539932085651,0.03925782052686237,0.04611692213930221,42.571122192294865,0.674599693590073,30.75,0.01720147091094537,30.048000144958497,1,0
2022-03-14,21.291234970092773,22.221540369503135,21.120546216146405,21.829254954549043,385354000,-0.03484187308863873,-0.001030315049275754,-0.12513290249647435,22.58997173309326,24.733059463500975,0.9133512886438369,0.03954945650469607,0.044002867761871976,40.542119408526695,0.7225429272012979,31.770000457763672,0.03317074659394059,30.268500137329102,1,1
2022-03-15,22.931249618530273,22.996132023942444,21.28325099056678,21.47889393725402,491996000,0.07702769006782306,0.06781620874401839,-0.0213011021351166,22.540062522888185,24.60463340759277,0.916090158690701,0.047367920921948255,0.04755132419544155,52.56228782493665,0.9180591065066382,29.829999923706055,-0.06106391268822087,30.3435001373291,0,1
2022-03-16,24.45148277282715,24.552299054127236,23.12988952261609,23.457292552284873,671422000,0.06629525994381069,0.06439560625690599,0.0113956594057818,22.567612648010254,24.492440338134767,0.9214113553590022,0.05113871402046537,0.04519517240804139,53.221668725090986,1.2562001098250377,26.670000076293945,-0.10593361902427767,30.392000102996825,0,1
2022-03-17,24.720989227294922,24.796849408752696,23.86255164423222,24.076163405788236,471941000,0.011022090438101095,0.09303552923460545,0.04436168034594923,22.67262077331543,24.40222438812256,0.929121067518378,0.05052317043171206,0.04529811937073377,52.658121809202555,0.905055568633411,25.670000076293945,-0.03749531297860276,30.461000061035158,0,1
2022-03-18,26.404926300048828,26.52071662131349,24.579251558233064,24.753932770637824,730719000,0.06811770586003241,0.19696810658403163,0.15333983436937526,23.023681831359863,24.37934009552002,0.9443931517896469,0.05208037595284906,0.044471074567575486,57.97483192603716,1.412137593547818,23.8700008392334,-0.07012073360774285,30.249000072479248,0,1
2022-03-21,26.685413360595703,27.10265486766904,25.919807094663252,26.45882662219231,591727000,0.010622527681372729,0.2533520670867606,0.2520607195900002,23.5609037399292,24.350608406066893,0.9675694071799479,0.04299498516184513,0.04346803995143922,63.186406386980515,1.1625751958010886,23.530000686645508,-0.014243826587096553,30.038000106811523,0,0
2022-03-22,26.47579574584961,27.188498830843827,26.024617540690265,26.67842593251297,547007000,-0.007855138382664939,0.15457274183850234,0.23287148790917578,24.060993003845216,24.336267356872558,0.9886887192275358,0.043899649068058974,0.04341237120719699,59.73960619443364,1.0839145180862793,22.940000534057617,-0.025074378893781613,29.744500160217285,0,0
2022-03-23,25.587413787841797,26.563635115721986,25.52852099865223,26.078518306597157,502120000,-0.033554495076775104,0.04645652885627882,0.11384373145347615,24.32251682281494,24.301104698181152,1.000881117336011,0.04357270502229877,0.04289304773420855,57.861095642244145,1.001357592170936,23.56999969482422,0.02746290959458708,29.37200012207031,0,1
2022-03-24,28.09884262084961,28.268533755984528,25.859918794556325,26.118448890609304,877379000,0.09815094459453144,0.13663908683011505,0.24238690582209332,24.870718955993652,24.307847175598145,1.023155970017804,0.05004203531586369,0.04602721334829515,68.68817826439106,1.7253641782500782,21.670000076293945,-0.08061093097712246,28.9395001411438,0,0
2022-03-25,27.641672134399414,28.306462114881743,27.22143772985282,27.835319803468362,579016000,-0.01627008245923167,0.046837693099272215,0.25303133140983136,25.428902053833006,24.301813545227052,1.0463787818348773,0.04922069628108319,0.04634098345704594,74.7192662830622,1.1330468441261217,20.809999465942383,-0.03968623014876527,28.600500106811523,0,1
2022-03-28,28.16771697998047,28.198660780217054,27.15655743522871,27.705559052925192,425494000,0.019030861918313713,0.05554733589300764,0.32297243534942455,26.116550254821778,24.334724197387697,1.0732215431324,0.04483307424033727,0.04640777589129693,75.41889842037475,0.8368709906332066,19.6299991607666,-0.056703524048953846,28.07450008392334,0,1
2022-03-29,28.603923797607422,28.89339579270697,27.929151693458024,28.64285248149159,488984000,0.015486055115399466,0.08038013558445822,0.24737745536960087,26.683817672729493,24.369033546447753,1.0949887537341079,0.041658822530630885,0.045163413024924215,73.26405467662448,0.9545233785845575,18.899999618530273,-0.03718795585561396,27.353500080108642,0,0
2022-03-30,27.639677047729492,28.44421198896582,27.45301662520504,28.252561491091658,463487000,-0.033710296415996766,0.0802059667656938,0.1303885864314689,27.002637100219726,24.40479667663574,1.1064479437384973,0.04213931954072747,0.04594182035556189,69.7550156401885,0.8982775360069678,19.329999923706055,0.02275133935739304,26.78300008773804,0,0
2022-03-31,27.236412048339844,28.19666368490603,27.220442282936776,27.731510949600096,523440000,-0.014590076385236794,-0.030692743617483864,0.10175251475242719,27.254179382324217,24.449181213378907,1.1147276935151669,0.043048461529160365,0.045756661120858404,70.60876802118881,0.9991404689111442,20.559999465942383,0.06363163720077791,26.28700008392334,0,0
2022-04-01,26.663454055786133,27.446029626371523,26.219263094224697,27.32524923988458,517235000,-0.021036471013025193,-0.035389251194970606,0.009790891017818382,27.28003215789795,24.500410194396974,1.11345205820826,0.03882448300118537,0.0452771293306878,71.72612794070503,0.9792754874131288,19.6299991607666,-0.04523347905316466,25.669500064849853,0,1
2022-04-04,27.310277938842773,27.507918058034864,26.56463575752181,26.679426533913535,397120000,0.02425881814499098,-0.03044048765993712,0.023415960240277256,27.342518615722657,24.580064811706542,1.1123859446741762,0.03941057206027162,0.0415035393871295,69.2564192201856,0.7557047267225979,18.56999969482422,-0.05399895625369899,24.77550001144409,0,0
2022-04-05,25.883874893188477,27.269352943730603,25.773076554519676,27.204470536288614,436615000,-0.05222953237050576,-0.09509355862031987,-0.022357056170971723,27.28332653045654,24.631231269836427,1.1076720538882638,0.043093566895111776,0.044013830066986094,56.35123903058834,0.8405273502265312,21.030000686645508,0.13247178418139316,24.070499992370607,0,0
2022-04-06,24.362646102905273,25.25402295327637,23.95938093983907,24.888688841537608,703833000,-0.05877129280529503,-0.11856256276675337,-0.04786602096998516,27.16084976196289,24.672891387939455,1.1008377305644685,0.04583196733114293,0.04425743819345265,48.569853929086065,1.3279662465599589,22.100000381469727,0.05087967950013872,23.55299997329712,0,0
2022-04-07,24.16400909423828,24.677074985912075,23.435336116546427,24.396585485641776,557992000,-0.008153342942633146,-0.11280498138479422,-0.14003543062985957,26.767366409301758,24.701636695861815,1.0836272405296126,0.028605124591005855,0.04411935881531525,39.853583802848526,1.0400509222196646,21.549999237060547,-0.02488692918169999,23.11899995803833,0,0
2022-04-08,23.076984405517578,23.879524117334512,23.02008878589578,23.873534503516744,524781000,-0.044985278911349846,-0.13450881655335534,-0.16513790145138108,26.310897636413575,24.72516860961914,1.0641342047785882,0.030189001320915138,0.04504505373736721,34.77383888465192,0.9639920857205155,21.15999984741211,-0.018097420113952323,22.639499950408936,0,0
2022-04-11,21.877166748046875,22.27943419352608,21.620633863364553,22.173627848560624,575207000,-0.05199196031799691,-0.19894016468680864,-0.2233248167185311,25.681842613220216,24.706819801330568,1.0394637116282015,0.028977775026504414,0.04596129189230286,32.092060986964896,1.0385126989220959,24.3700008392334,0.15170137121782057,22.26949996948242,1,0
2022-04-12,21.464916229248047,22.6836977341084,21.24331959200071,22.496039697929614,662258000,-0.018843871491523556,-0.17072245489423643,-0.24958140774226645,24.96794185638428,24.64737133026123,1.013006276483913,0.02553361424400469,0.042641663400715714,33.32795950903096,1.177580245412049,24.260000228881836,-0.0045137712992801005,21.99099998474121,1,1
2022-04-13,22.162649154663086,22.459110293944573,21.416009317470518,21.68851390489682,516943000,0.03250573717424099,-0.09030205253360535,-0.19815817252887646,24.420239067077638,24.598843612670898,0.9927393113105016,0.031724990964499565,0.040384206333845894,21.865876088089635,0.9319915502134712,21.81999969482422,-0.10057710268084685,21.748499965667726,1,0
2022-04-14,21.2193660736084,22.735606515539892,21.124539407798157,22.464099572114247,569097000,-0.04256183791350676,-0.12186069824530943,-0.22091918583300352,23.818534469604494,24.51939422607422,0.9714161063683856,0.03228758311217523,0.04109654911133956,20.902723504070693,1.0171115488254543,22.700000762939453,0.04033002201755176,21.6,1,1
2022-04-18,21.743412017822266,22.047856104528115,21.040691011493315,21.161471392693215,525701000,0.02469658812595954,-0.05778798322437928,-0.1845238065432182,23.326530265808106,24.47625431060791,0.9530269611432531,0.03582730592382684,0.037956380026682834,20.888394272452302,0.9570871834308624,22.170000076293945,-0.023348047085126056,21.51499996185303,1,1
2022-04-19,22.15765380859375,22.332334974444365,21.27525975281229,21.680521961467626,512781000,0.019051370154414826,0.01282099568820616,-0.1886697799922631,22.811267852783203,24.43399398803711,0.9335873563671828,0.035150318880656325,0.03823140459277931,20.730594145117692,0.9403226886010073,21.3700008392334,-0.03608476474097866,21.40699996948242,0,0
2022-04-20,21.442960739135742,22.628801491972297,21.161473633865274,22.476079663374364,468974000,-0.03225490729441838,-0.0010228546842585562,-0.17157068531579833,22.36717643737793,24.369276123046873,0.9178432844882295,0.03365936036204149,0.03859501410407323,21.21128557757062,0.8661880450741967,20.31999969482422,-0.04913435204370564,21.27599992752075,0,0
2022-04-21,20.146316528320312,22.351301148464913,19.963648580261875,21.66954198589993,656209000,-0.060469457860308995,-0.0909788632338897,-0.17306533768030063,21.945543479919433,24.271040420532227,0.9041863512927313,0.03389066817955822,0.03991400961237309,19.58550728621951,1.1950034172404105,22.68000030517578,0.1161417640647251,21.23149995803833,1,0
2022-04-22,19.47953224182129,20.448768187334096,19.464560112515493,20.26610021349829,624713000,-0.03309708181948312,-0.08199273370145721,-0.1938617401668653,21.477095794677734,24.127592468261717,0.8901466577292972,0.03397865628903196,0.030734178898359818,19.42910759101194,1.1644361353528652,28.209999084472656,0.2438271033900683,21.558499908447267,1,1
2022-04-25,19.865833282470703,19.908754409123173,19.061298239164504,19.167104604165587,641566000,0.0198311250934482,-0.08635161463217367,-0.1391495121987909,21.15598068237305,24.009455604553224,0.8811520357155023,0.035017688623282264,0.031861831886769366,17.60210811125789,1.1889185290059792,27.020000457763672,-0.042183575516809735,21.86899995803833,1,0
2022-04-26,18.753860473632812,19.752043375858456,18.636074860708064,19.68217087732391,653143000,-0.05597413373135862,-0.15361704647812446,-0.14276557428044934,20.84365005493164,23.906504669189452,0.8718819561186124,0.03551291387913185,0.03194903227071605,18.097392630052312,1.185368997808455,33.52000045776367,0.2405625421864992,22.563500022888185,1,0
2022-04-27,18.381540298461914,19.132172794940626,18.256767427265892,18.564206441559314,499460000,-0.019852988439066466,-0.14277041673104418,-0.14364723802577584,20.535312461853028,23.789760055541993,0.8631996461464596,0.03552739123332453,0.030862764992514582,20.17127757125627,0.9055935988714983,31.600000381469727,-0.05727923777069188,23.198500061035155,1,1
2022-04-28,19.74605369567871,20.000591401083884,18.45640157301534,18.932534099951873,570327000,0.07423281047513597,-0.019867792312254218,-0.10903910638660796,20.29365291595459,23.65583427429199,0.8578709455201393,0.043302170241982824,0.037354018544598064,30.262226604074726,1.0241658843921762,29.989999771118164,-0.050949385788478296,23.73150005340576,1,0
2022-04-29,18.513296127319336,20.091422411814133,18.48334995977803,19.36674191148043,500435000,-0.0624305791606935,-0.04960263431929368,-0.12752831243411833,20.023045921325682,23.496934013366698,0.8521556859263074,0.045337611444304364,0.03876337014526675,29.873229340107173,0.9005172573573539,33.400001525878906,0.11370462756871169,24.37350015640259,1,1
2022-05-02,19.497507095336914,19.53843105498724,18.35758205094727,18.507309101832607,572049000,0.053162384550486275,-0.018540686509173177,-0.10329128292489087,19.798455429077148,23.397718200683595,0.8461703512823191,0.04870961370405286,0.04192028454494386,39.30177683042757,1.0243326203013214,32.34000015258789,-0.031736566612720285,25.00900020599365,1,1
2022-05-03,19.566375732421875,19.788971942411177,19.098228203230406,19.364743170731728,475751000,0.003532176536631848,0.04332522682097517,-0.11694731303938233,19.53932762145996,23.31714542388916,0.837981119311513,0.04792994341442952,0.04115586034903261,41.19282176334328,0.8459423524616071,29.25,-0.09554731410044925,25.54300022125244,1,1
2022-05-04,20.297048568725586,20.362928617902014,18.716925022967168,19.886796140998648,648855000,0.03734328964627687,0.10420825671632938,-0.05344001625292083,19.424736404418944,23.256216087341308,0.8352492224645309,0.049578948515227365,0.041842890455195896,41.37199554006181,1.1323747881231143,25.420000076293945,-0.13094016833183098,25.762500190734862,0,0
2022-05-05,18.80975341796875,19.888788220846624,18.466378728953146,19.830894968407897,626331000,-0.07327642468415396,-0.047417083541855476,-0.06634280308624718,19.29108009338379,23.185560989379884,0.8320299043969669,0.051323739426147,0.04282409612408258,39.38994120896776,1.1005086459801312,31.200000762939453,0.2273800420652159,26.21750020980835,1,0
2022-05-06,18.64105987548828,19.47653863115754,17.957305306226015,18.701949838466604,633297000,-0.008968407970692316,0.006901188599279795,-0.043043762854472534,19.207232856750487,23.084366188049316,0.8320450602925367,0.05044989624429969,0.042820653722381266,35.89836023049159,1.105435055251941,30.190000534057617,-0.032371801416157364,26.6495002746582,1,0
2022-05-09,16.91919708251953,18.221823872571708,16.796419517005482,18.001226735376935,644455000,-0.0923693612095996,-0.13223793176277487,-0.14832683623451315,18.91256923675537,22.940570297241212,0.8244158271440077,0.056822905011324226,0.045938080207188196,28.71859348659372,1.113283706261911,34.75,0.15104337148978209,27.3290002822876,1,1
2022-05-10,17.563024520874023,18.164929349233372,16.994060667065273,17.656853560798723,761474000,0.038053072803299726,-0.10238744461133176,-0.06349817705176264,18.793485641479492,22.80510005950928,0.8240913476563756,0.056969479128850614,0.04646799668137327,34.14634526514254,1.2946033936768324,32.9900016784668,-0.0506474337131857,27.76000032424927,1,0
2022-05-11,16.599775314331055,17.720735437950946,16.537889624665944,17.315473177135534,670167000,-0.054845291902777205,-0.18215817151324265,-0.09693230029694244,18.615309143066405,22.668488731384276,0.8211976265225706,0.05901710899813836,0.04751875815989782,35.102734869542616,1.1386042898714615,32.560001373291016,-0.01303426139127628,28.175000381469726,1,0
2022-05-12,16.145605087280273,16.75749197618236,15.538711130202692,16.189525752393525,708728000,-0.027360022557575414,-0.14163653672054233,-0.18233762876814075,18.255264282226562,22.507881202697753,0.8110609842759664,0.05143986511499478,0.046462408784909606,35.7411333297005,1.1848158647046232,31.770000457763672,-0.02426292635771765,28.6725004196167,1,1
2022-05-13,17.6738224029541,17.895419085973305,16.56284608468857,16.757491408122753,670437000,0.09465221696012982,-0.05188747201043176,-0.04534436864143587,18.17131690979004,22.387939491271972,0.8116565134042014,0.05989657655158273,0.051936461373584424,41.45923116768071,1.1113885929650364,28.8700008392334,-0.09128106946002879,28.981000423431396,0,0
2022-05-16,17.232622146606445,17.755669929807585,17.074910275486996,17.47717769010952,521446000,-0.024963488162804692,0.01852481903001979,-0.11616279648756456,17.94482841491699,22.27470561981201,0.8056146160224064,0.05676953590117638,0.05148534225569622,43.74586457981935,0.8647100251579565,27.469999313354492,-0.04849329702742333,29.246000385284425,0,1
2022-05-17,18.143964767456055,18.33761243130052,17.60195235864929,18.041151322209387,585830000,0.05288473298470575,0.03307746031394365,-0.07269670093316549,17.80258731842041,22.211321029663086,0.801509612807143,0.060197623175412295,0.05303308506585437,49.06472821418489,0.9656288830555232,26.100000381469727,-0.04987255064177387,29.48250036239624,0,0
2022-05-18,16.90721321105957,18.08506874726396,16.833348307496834,17.672819309592427,545161000,-0.06816324724212353,0.01852060590621951,-0.16701124531421752,17.46360378265381,22.11996723175049,0.7894950114386677,0.06101959913827088,0.05446427985004375,38.7106761958854,0.8929867514988328,30.959999084472656,0.18620684413680677,30.01450033187866,1,1
2022-05-19,17.092880249023438,17.654856806883604,16.703587720835515,16.906219819291394,621310000,0.010981528158787057,0.058670774902666256,-0.09127568718180024,17.29191646575928,22.002381324768066,0.7859111343686139,0.058043476366925945,0.05333919114274567,43.838225610996204,1.0206378925226294,29.350000381469727,-0.05200254362444057,30.34800033569336,0,0
2022-05-20,16.663660049438477,17.378358372785904,15.726366487747862,17.30050101581057,739105000,-0.025111051697064513,-0.05715585064082007,-0.10607765005089387,17.094176483154296,21.883318099975586,0.7811510304359816,0.05829701808539981,0.05316181230650207,37.08487367141494,1.202840481012508,29.43000030517578,0.002725721385562929,30.409000396728516,0,1
2022-05-23,16.867292404174805,16.884261708504855,16.14959916192552,16.244425835409945,639889000,0.012220145762226409,-0.02119989281512702,-0.0030677979629631924,17.088986015319826,21.779467124938964,0.7846374714903736,0.05068790710335031,0.05299088335443641,37.848319293021596,1.041515668170887,28.479999542236328,-0.03228001199756625,30.48200035095215,0,0
2022-05-24,16.124645233154297,16.566841031680042,15.751325247533773,16.47999922956967,588550000,-0.04402883125668089,-0.11129428215842396,-0.08189815404574441,16.945148086547853,21.676135330200196,0.7817421246184548,0.05063725768182966,0.05247239794492392,31.23544219277784,0.9630160441860003,29.450000762939453,0.03405903217324835,30.278500366210938,0,1
2022-05-25,16.944150924682617,17.079903445712347,15.97092245670094,15.990886566703573,781132000,0.05082317655233215,0.002184731047153665,0.02074579949610844,16.979585647583008,21.55639335632324,0.787682121350894,0.05065553678684418,0.05386696725680871,41.07366152789213,1.2493385502396732,28.3700008392334,-0.03667232243556173,30.117000389099122,0,1
2022-05-26,17.81855583190918,18.059117040216766,15.992879547579298,16.006854041805614,996575000,0.05160511796155065,0.042454845076633774,0.10361647863831869,17.1468807220459,21.423734817504883,0.8003684169968135,0.05151101911965564,0.052383693488903926,46.31352522116079,1.541376185264269,27.5,-0.030666225361201227,29.992500400543214,0,1
2022-05-27,18.776817321777344,18.846689812592366,18.067108915002834,18.152953076810967,738379000,0.05377885272565841,0.12681231290541572,0.06240839664875675,17.257180213928223,21.30485137939453,0.810011762420408,0.045403253826913875,0.051983059809379194,58.93765788888293,1.121396354340648,25.719999313354492,-0.06472729769620034,29.608500289916993,0,0
2022-05-31,18.6380672454834,19.165107560608973,18.316651930915967,18.945506160051778,664100000,-0.007389435276287326,0.10498275590872619,0.08155723992089747,17.39772472381592,21.149514198303223,0.8226063521218705,0.04435652399341276,0.05059096969215432,55.43663668390936,1.0015857057838595,26.190000534057617,0.018273764900883505,29.301000308990478,0,0
2022-06-01,18.286705017089844,19.018372668475514,18.089064907013434,18.68997202318387,544514000,-0.018851859678674643,0.13408417690270058,0.007867092527087394,17.411998748779297,20.981540031433106,0.8298722935825413,0.04217468175874113,0.05073212842965719,59.09383012934208,0.8169914855771702,25.690000534057617,-0.019091255815355868,29.12300033569336,0,1
2022-06-02,19.556394577026367,19.583345936482782,18.164928787379736,18.258757824402238,648656000,0.06943238591916567,0.1541678697242057,0.1566894161028194,17.676916885375977,20.84315200805664,0.8480923076578437,0.039233109350331245,0.052522683609668726,66.90073809052157,0.9732611847854269,24.719999313354492,-0.03775792917626375,29.088000297546387,0,0
2022-06-03,18.68597984313965,19.296869084599603,18.488339710165604,19.047323404464223,598779000,-0.044507934755480316,0.048680937973497374,0.09320252472998103,17.836226844787596,20.705123329162596,0.8614402610036986,0.04360003693831435,0.05079136935448418,55.365067040337436,0.9002852506814021,24.790000915527344,0.0028317801018318267,28.76750030517578,0,1
2022-06-06,18.751859664916992,19.301858931419297,18.53026298173821,19.10421880079085,422406000,0.00352562842999804,-0.0013291739719598628,0.12531458330781797,18.04504680633545,20.518183670043946,0.879466091956316,0.04196217586413435,0.05074049756506785,58.38659993758363,0.6453334339615493,25.06999969482422,0.011294827307630095,28.51150026321411,0,1
2022-06-07,18.891611099243164,18.965476043506413,18.154951214224795,18.43843556793537,388914000,0.007452670658987248,0.01360354860943036,0.12001444254131277,18.247478675842284,20.34318244934082,0.8969825012031762,0.04199480743548741,0.04567589618630437,54.51153694404838,0.6059949739598266,24.020000457763672,-0.041882698438058696,27.975000286102294,0,0
2022-06-08,18.618051528930664,19.149196711366987,18.505232141600775,18.768808089598153,363252000,-0.01448047860372581,0.018119530638852632,0.15463324989312688,18.496819305419923,20.152189140319823,0.9178565751158075,0.03849368999144265,0.04527520948801416,61.68167141935827,0.5841318032085665,23.959999084472656,-0.0024979755265417403,27.523500156402587,0,0
2022-06-09,18.01900863647461,18.90258723082813,18.012019911507146,18.451313643542257,395574000,-0.03217538051848223,-0.07861295365546483,0.06343532447095024,18.604305076599122,19.94049083709717,0.93299133048359,0.038890530810210704,0.04399315576886612,55.9857404764746,0.6504687226238633,26.09000015258789,0.08889821158196898,27.200000095367432,0,0
2022-06-10,16.94673728942871,17.668575580223607,16.841904493178646,17.571731259755435,465248000,-0.05950778806306667,-0.09307740714220458,-0.0489275646525309,18.517123222351074,19.726632041931154,0.9386865017297867,0.04051821817307123,0.04578899602224947,51.68917165555075,0.7806661103120773,27.75,0.06362590408982616,26.999000072479248,1,0
2022-06-13,15.621864318847656,16.28579599702402,15.580929817335173,15.974296932620932,604153000,-0.07817864571533206,-0.1669165299869042,-0.16802384285171557,18.201627922058105,19.494341087341308,0.9336877733137321,0.04099655615486377,0.04393395305487575,43.44540091022741,1.0194117543337018,34.02000045776367,0.2259459624419342,27.256500053405762,1,1
2022-06-14,15.810561180114746,16.040191246565456,15.387241563186638,15.705729359064668,469680000,0.012079023182875126,-0.16309090330849818,-0.15170596972998085,17.91887731552124,19.27728322982788,0.9295333321551883,0.04197884233621505,0.043839081579850364,48.2446468928255,0.7959863766477446,32.689998626708984,-0.03909470350260291,27.517500019073488,1,1
2022-06-15,16.50045394897461,16.840905821966867,15.90041852007138,16.069146736449664,563936000,0.0436349324353873,-0.11373894720752664,-0.09768031290743151,17.740252208709716,19.06108675003052,0.9307051817851525,0.04589590681972232,0.0432592135723869,47.48381257261925,0.9575023602819621,29.6200008392334,-0.09391244773461938,27.69350004196167,1,0
2022-06-16,15.575940132141113,15.916392943958204,15.376261580184906,15.834523928335084,545749000,-0.0560295989245162,-0.13558284773714824,-0.2035372332669767,17.342206764221192,18.85492805480957,0.9197705084744405,0.03855096180304222,0.04238595763942635,37.354088616290454,0.9265765476297296,32.95000076293945,0.11242403205118334,27.79300012588501,1,1
2022-06-17,15.854491233825684,15.969306274754233,15.303377894797796,15.622863557257194,630334000,0.01788342143854149,-0.06445170164314551,-0.1515301115105031,17.059057903289794,18.68476495742798,0.9129929085090311,0.039507785420662335,0.042535640752022284,32.15318709374414,1.0693663756449379,31.1299991607666,-0.05523525220126546,27.882000064849855,1,1
2022-06-21,16.539390563964844,16.980680030237714,16.380645564342693,16.44853713036233,483089000,0.04319907337536777,0.05873346653063671,-0.11798664988366325,16.83781099319458,18.53227258682251,0.9085669830459547,0.0434361756015226,0.04339149992419037,37.984765057167614,0.8377574122886082,30.190000534057617,-0.030195909156774836,27.920000076293945,1,0
2022-06-22,16.33371925354004,16.63523415441029,16.15400810802624,16.199933739530884,437135000,-0.012435241167404909,0.03308915271668411,-0.13539829039809104,16.58202180862427,18.397407283782957,0.9013238416068049,0.04291848124598389,0.04339196007469121,38.62917863057121,0.7716311030166842,28.950000762939453,-0.041073194739407515,27.943500137329103,1,0
2022-06-23,16.198936462402344,16.558356861748027,15.827533351841502,16.49246289970144,463680000,-0.008251812648762402,-0.01827328432930797,-0.1299338474151953,16.340110301971436,18.28384267807007,0.8936912546053584,0.04294948691608072,0.042234081869691686,27.47519203237742,0.8276094717805036,29.049999237060547,0.003454178635086791,27.923500061035156,1,1
2022-06-24,17.098487854003906,17.112465303147033,16.28379871027583,16.473494023135874,472153000,0.055531509348741404,0.09774997264665908,-0.05108609474815151,16.248058223724364,18.196514110565186,0.8929214752341209,0.047325967514491654,0.04253797542850187,39.3911703448399,0.8666294797521289,27.229999542236328,-0.06265059354983915,27.866499996185304,0,0
2022-06-27,16.841901779174805,17.302161688571072,16.599292094417013,17.28419095345656,427968000,-0.0150063606220604,0.062279547844617866,-0.006186176634678908,16.237574672698976,18.09009916305542,0.897594564095051,0.04348458445254949,0.04097216018827478,37.55345634434798,0.8287770586652458,26.950000762939453,-0.01028273169313021,27.839000034332276,0,0
2022-06-28,15.956328392028809,17.17436801500843,15.91938717022095,16.87285307326158,461149000,-0.05258155514486007,-0.03525294173815452,0.02140999731879778,16.27102108001709,17.98483840942383,0.9047076603975089,0.03886323413706512,0.04024534460006131,32.566403180279224,0.9176666282936647,28.360000610351562,0.05231910231895376,27.971000099182127,1,0
2022-06-29,15.517034530639648,15.794587854289764,15.145632337338009,15.788597926333088,482352000,-0.027531011558311613,-0.049999924097102966,-0.018565226504690502,16.24166841506958,17.860310859680176,0.9093721012289491,0.039819479487450016,0.040498047355321753,31.937646883421806,0.9775370080884849,28.15999984741211,-0.007052212927895818,28.069500064849855,1,0
2022-06-30,15.134649276733398,15.54199386594336,14.838126440244391,15.336324452753491,686070000,-0.02464293374814619,-0.06570105316106101,-0.08277376346522192,16.10508794784546,17.719850769042967,0.9088726625159541,0.037042282770184724,0.040597741151996075,32.76459641459019,1.3707312994435619,28.709999084472656,0.019531223012811516,28.220499992370605,1,0
2022-07-01,14.499671936035156,15.03880451331611,14.368882791299097,14.875068383035895,577610000,-0.041955206829562774,-0.15199097956256946,-0.06909812101069046,15.997461128234864,17.58098499298096,0.9099297414008202,0.035237448314231055,0.03678668164377815,34.57131937733391,1.1622830780369227,26.700000762939453,-0.07001039309054802,28.319500064849855,0,1
2022-07-05,14.939961433410645,14.94695015807397,14.032422215907793,14.152229332482921,651397000,0.030365479944498786,-0.11292907242315886,-0.05768269614756749,15.90600814819336,17.476857891082762,0.910118297426284,0.036402082547309644,0.037345458130171136,45.16083360460969,1.3038567736562072,27.540000915527344,0.031460678973232126,28.457000064849854,0,1
2022-07-06,15.105696678161621,15.294393215490263,14.765243873049544,14.985889549347426,529066000,0.01109341851313883,-0.053309990429385445,-0.08668359818087124,15.762638759613036,17.389381179809572,0.9064519660949574,0.032892979969362864,0.03753244045797921,44.98153001193128,1.0478101272177902,26.729999542236328,-0.029411813593453018,28.54000005722046,0,1
2022-07-07,15.832527160644531,15.919387306256189,15.364280650557577,15.431173417202471,492903000,0.04811631651082293,0.02033201829782083,-0.030684505170914034,15.712519550323487,17.308715057373046,0.9077808201383717,0.03736578268986511,0.039577691404717036,45.26939968146198,0.9662398365576744,26.079999923706055,-0.024317232684692103,28.643000030517577,0,0
2022-07-08,15.812560081481934,16.01124079035871,15.364280941862427,15.405215450126937,467972000,-0.0012611428965194627,0.04479197319694039,-0.023851959776321596,15.673881912231446,17.24988904953003,0.9086366797622085,0.03731128395301926,0.03957491986680638,51.92214727914914,0.9080471568564864,24.639999389648438,-0.05521474456557396,28.677000045776367,0,0
2022-07-11,15.127660751342773,15.502058363657559,15.013843557279245,15.501059566316355,437321000,-0.04331362705405595,0.04331055337513634,-0.11526323962031704,15.476799201965331,17.184811458587646,0.900609194302869,0.03331861499584697,0.04001806395088809,44.461351323971456,0.8451492492244393,26.170000076293945,0.062094185249382816,28.68100004196167,0,0
2022-07-12,15.057771682739258,15.406211017689797,14.85310107596107,15.243472758265565,458483000,-0.004619952136176275,0.007885579213420923,-0.10593400435582889,15.298386192321777,17.09104581832886,0.8951111801429619,0.033364967659285316,0.038133125775023306,37.541950762162315,0.8866256695867417,27.290000915527344,0.04279712785511025,28.65800008773804,0,1
2022-07-13,15.139642715454102,15.350304243121299,14.4417660630257,14.56656528451449,521918000,0.00543712804522678,0.0022472341405845864,-0.051182556319328,15.216717624664307,17.023572750091553,0.8938615793551604,0.03014952195441058,0.034078433367257875,39.746247300781995,1.0173874862146215,26.81999969482422,-0.01722246994999932,28.298000049591064,0,1
2022-07-14,15.347308158874512,15.448145758029392,14.70434254342208,15.083732275086524,456235000,0.013716667382674297,-0.03064697106448966,-0.010938067543124874,15.199744987487794,16.940568771362305,0.8972393543942079,0.029513733220068717,0.034113498901803284,42.77731989948066,0.8905169755194935,26.399999618530273,-0.01565995828012623,27.98350009918213,0,1
2022-07-15,15.73668098449707,15.75664836262336,15.420189805163654,15.633846749612045,385935000,0.02537075698173208,-0.004798659837107921,0.03977837191702749,15.25994815826416,16.86397487640381,0.9048844219766946,0.02924316843655081,0.033086657131361,37.356342397485086,0.766617215501108,24.229999542236328,-0.08219697377460611,27.714000034332276,0,1
2022-07-18,16.075138092041016,16.86985906904583,15.976298082766748,16.275815455198785,670517000,0.021507528040847657,0.06263211188247597,0.10865529668229579,15.417494773864746,16.77953666687012,0.9188272048241584,0.024610083232204316,0.03087214208465863,42.98761055278222,1.3156050643918884,25.299999237060547,0.04416012030702099,27.33149995803833,0,1
2022-07-19,16.964704513549805,17.082514988008967,16.146022071859953,16.45951683745517,702366000,0.055338026735162194,0.12664110407494533,0.13552532174622423,15.619969081878661,16.74263568878174,0.9329456468042656,0.02788328690630563,0.03295042707492773,59.21531038428131,1.3684250825522324,24.5,-0.031620524157513485,27.0,0,1
2022-07-20,17.778396606445312,17.90419557403467,16.774013886344825,16.919779281556753,760538000,0.0479638234928057,0.17429433049286214,0.17693324480344064,15.887239074707031,16.72538242340088,0.9498879411258673,0.02994434918728916,0.0332652131851101,69.34243502871497,1.442767212557461,23.8799991607666,-0.02530615670340397,26.68449993133545,0,1
2022-07-21,18.021005630493164,18.11485450174296,17.516817646879083,17.856271659241287,557049000,0.013646282587705283,0.1742127964031659,0.13822673080824455,16.106086921691894,16.74741859436035,0.9617056402421073,0.027853094693184737,0.03309191601204925,75.29308098227841,1.0448571944657077,23.110000610351562,-0.03224449654420847,26.392499923706055,0,0
2022-07-22,17.291183471679688,17.938141503435737,17.109474677408237,17.86426095207546,536671000,-0.04049841467107429,0.09878210587823633,0.09350942431702558,16.25394926071167,16.741981773376466,0.9708497763723004,0.03251769475754045,0.03454798414158256,74.0619882810188,0.9997901389135082,23.030000686645508,-0.003461701496893066,26.091499996185302,0,0
2022-07-25,16.996652603149414,17.096492342767927,16.622255007793466,16.991659568811933,480748000,-0.017033586452464,0.05732544913966553,0.12354797496637038,16.440848445892335,16.74991931915283,0.9815479186871613,0.028605878897723924,0.03258770859999953,68.18500941294363,0.89489204848576,23.360000610351562,0.014329132169649261,25.898000049591065,0,0
2022-07-26,16.506444931030273,16.89182460135965,16.451532969702946,16.86187210310339,397865000,-0.028841424459561393,-0.027012529581845413,0.09620767792299789,16.585715770721436,16.757136116027834,0.9897703077590664,0.031094498037240802,0.03307087382588472,61.71315513087665,0.7426897009706309,24.690000534057617,0.056934926753241966,25.785000038146972,0,1
2022-07-27,17.761425018310547,17.9071904085924,16.885832927058424,17.00464126060537,569776000,0.07602970188456815,-0.0009546186031541559,0.17317332727939516,16.84789400100708,16.758888168334963,1.0053109628621002,0.037402447891165355,0.03486340132368746,64.82050635731076,1.0529186923300382,23.239999771118164,-0.058728259683077266,25.528999996185302,0,1
2022-07-28,17.95511245727539,18.11086201941648,17.41198753684129,17.946128040860202,474646000,0.01090494927997998,-0.0036564648260403176,0.16991932861483128,17.108674430847167,16.77333797454834,1.0199922315288503,0.03743808495727826,0.033968884100292585,66.03406692084658,0.8777479901685479,22.329999923706055,-0.0391566203259186,25.2375,0,1
2022-07-29,18.133827209472656,18.214696484956857,17.663583046050046,17.784388988721815,435460000,0.009953418705815453,0.04873256588671859,0.15232857724809468,17.348389053344725,16.77313522338867,1.0342961421519998,0.037346726215244215,0.033095940839210164,74.34116866866634,0.8243854214823338,21.329999923706055,-0.04478280355650055,24.86850004196167,0,1
2022-08-01,18.411376953125,18.815727059641716,17.96110121179728,18.15279222547974,476469000,0.015305635178180177,0.08323546894836475,0.14533242872984609,17.582012939453126,16.80321849822998,1.0463479327668792,0.03727618179613046,0.0307986813501314,76.27094535091129,0.9107402181044572,22.84000015258789,0.07079232228236565,24.675500011444093,0,1
2022-08-02,18.496234893798828,18.907573622882808,18.06293215011692,18.09288463716485,489527000,0.0046089948019572,0.12054624548669302,0.09027745688265787,17.735165977478026,16.83128559112549,1.0537023973278143,0.034408859316026275,0.03054800360010352,76.28204458067361,0.950402685443284,23.93000030517578,0.04772329883125637,24.494999980926515,0,1
2022-08-03,18.862651824951172,18.937532114170036,18.10786566973609,18.154791057227346,418146000,0.01981035239097184,0.0620010390779655,0.0609872331294925,17.843591499328614,16.875265426635742,1.0573813832382437,0.031948973042335994,0.03060895910822685,76.8573797182868,0.8206548324942385,21.950000762939453,-0.08274130869142016,24.25600004196167,0,1
2022-08-04,19.184133529663086,19.243038768382238,18.729864509468054,18.818722242281332,409652000,0.017043293153864214,0.06844964493049988,0.06454289638541622,17.959904289245607,16.921602249145508,1.0613595583215254,0.032052606982511445,0.029423952009408855,76.61478564844401,0.8106066767227708,21.440000534057617,-0.02323463376561352,24.024000072479247,0,0
2022-08-05,18.958499908447266,19.19811418839831,18.636018761507295,18.779786567763914,386068000,-0.011761470533289353,0.045477035236324514,0.09642581373902992,18.126635932922362,16.978279342651366,1.0676368062449175,0.02843170145797965,0.029728568014927837,72.65457952463076,0.7701805116808423,21.149999618530273,-0.013526161767891565,23.84950008392334,0,0
2022-08-08,17.764415740966797,18.20970031636088,17.214302203916876,17.473884755972595,981859000,-0.06298410598131898,-0.03513920842560303,0.045171432030982395,18.2034122467041,16.994684638977052,1.0711238621606929,0.03593728622539723,0.03182055347492154,55.99639368861183,1.8578347931982129,21.290000915527344,0.006619446785919081,23.60550012588501,0,0
2022-08-09,17.058551788330078,17.418971902884152,16.697133828709614,17.224285475006486,668263000,-0.03973471252470828,-0.07772841952557363,0.03344795681969681,18.258622932434083,16.97948455810547,1.0753343465728467,0.03721952007526172,0.03350911799749033,44.51374594424868,1.2398536212669211,21.770000457763672,0.02254577367755073,23.329500102996825,0,1
2022-08-10,18.067934036254883,18.088900216176043,17.289186130000665,17.669574713467647,597422000,0.05917162608231097,-0.04213181667516397,0.017257005990698904,18.289273834228517,16.96530689239502,1.0780396694401673,0.03381660826317447,0.03549061080553998,50.3202336544694,1.1007099631034383,19.739999771118164,-0.09324761800459969,22.975500106811523,0,0
2022-08-11,17.913179397583008,18.676951881347318,17.847285427896846,18.101876890579906,509327000,-0.008565154065835467,-0.06625027552664242,-0.0023354384324889566,18.28508052825928,16.950809135437012,1.078714318718442,0.033822262688514994,0.03569959142560026,54.60591304858748,0.9338335271917614,20.200000762939453,0.023302988710988792,22.665500164031982,0,1
2022-08-12,18.678943634033203,18.68792995248519,17.92415762973826,18.13082581557374,478094000,0.04274864999976047,-0.014745695902316669,0.030060748801874038,18.33959217071533,16.95865390777588,1.0814297096013183,0.03635878853760173,0.03634108001842187,61.644764862900175,0.8692252317016111,19.530000686645508,-0.033168319355867615,22.43050022125244,0,1
2022-08-15,19.00143051147461,19.133218463446653,18.58310478628588,18.670962786172225,457666000,0.01726472780044319,0.06963441908506529,0.03204831229363636,18.398597526550294,16.947554626464843,1.0856196030676628,0.036434282480079155,0.03627797114727136,67.68074260440847,0.8485028938749373,19.950000762939453,0.021505379494489052,22.163000297546386,0,0
2022-08-16,18.848676681518555,19.111254744277208,18.471283557711025,18.88961119385509,451240000,-0.008039069998640902,0.1049400274654686,0.019054785460033807,18.433841705322266,16.95080856323242,1.0874904071128888,0.03662060429878707,0.034755057054247654,59.13130147473195,0.8565284479094833,19.690000534057617,-0.013032592428007916,21.922500324249267,0,0
2022-08-17,18.305545806884766,18.65797938877472,18.115852393296763,18.49324543441833,446799000,-0.02881533190955199,0.013151020484859721,-0.029534872574463633,18.378131103515624,16.941882286071777,1.0847750440707886,0.03728825835103403,0.03409250204616578,52.77994820430913,0.8741270814977619,19.899999618530273,0.010665265554941072,21.723500347137453,0,1
2022-08-18,18.742839813232422,18.8346910605225,18.153787561206055,18.271598011611328,415447000,0.02388860790936853,0.046315642646964195,-0.02300305696623317,18.334001731872558,16.938906860351562,1.0823603838796976,0.03774422936014399,0.034352419404952,54.64083518696594,0.8242059805706594,19.559999465942383,-0.017085435130927973,21.546000289916993,0,0
2022-08-19,17.820329666137695,18.49025135099446,17.74145609340944,18.37643415192169,441588000,-0.049219336892770915,-0.04596694463658568,-0.060034825951732596,18.2201847076416,16.922952423095705,1.07665519893417,0.040605813008443306,0.03497691520922045,45.89915878755091,0.884408688830492,20.600000381469727,0.05316978240915504,21.424500274658204,0,0
2022-08-22,17.00663948059082,17.529797971537494,16.93874791361986,17.461906404566534,409593000,-0.04566078185933087,-0.10498109759047736,-0.04265697625103748,18.144407081604005,16.902705039978027,1.073461735189079,0.0381742558668768,0.036359009061275586,40.61405817532398,0.8262165242699705,23.799999237060547,0.1553397473948257,21.44650020599365,1,1
2022-08-23,17.153404235839844,17.43694848107864,16.942742694855127,16.96171318318317,369986000,0.008629850442618103,-0.08994119185783234,0.005560404463798241,18.15389232635498,16.90683837890625,1.0737603281879486,0.03610893471065924,0.03571885504662208,38.92342369735543,0.7484271309841541,24.110000610351562,0.013025268202878415,21.41750020980835,1,1
2022-08-24,17.1943359375,17.37804038834426,16.867861541977685,16.98467227619529,522661000,0.002386214485322613,-0.060703454631046094,-0.04835074652154103,18.06653251647949,16.938287811279295,1.0666091353370966,0.029900138677223107,0.031260697882161896,36.618792977613474,1.0623284982296084,22.81999969482422,-0.05350480642350064,21.396500205993654,1,1
2022-08-25,17.884227752685547,17.91817353704041,16.80596255460198,16.816944566179142,770691000,0.04012320206451969,-0.04581013704981329,-0.0016162203400568176,18.063637351989748,16.979761142730712,1.0638334191010137,0.03297731518080237,0.032511576445558014,43.20020958539277,1.5207067748307561,21.780000686645508,-0.04557401499065716,21.369000244140626,1,0
2022-08-26,16.2338809967041,17.895207590473877,16.210917226715885,17.828315779513094,769127000,-0.09227945309148866,-0.08902465325589204,-0.1308994065849728,17.819131088256835,16.9744296836853,1.0497631685018205,0.04047169343220207,0.038415881248244486,40.84122643682332,1.469254151891782,25.559999465942383,0.17355365748976292,21.580500221252443,1,0
2022-08-29,15.775617599487305,16.31175468886111,15.741672771666877,15.994266622399852,496132000,-0.028228825707779737,-0.0723847813971975,-0.16976684518775031,17.496549797058105,16.978423233032228,1.0305167657157845,0.0392073639749305,0.0384498229696967,42.088433320967354,0.9459784114994269,26.209999084472656,0.02543034554427015,21.74900016784668,1,0
2022-08-30,15.443154335021973,16.013236290955273,15.157613482274343,15.934363667656111,530181000,-0.021074500720411504,-0.09970323542218651,-0.18067699945406535,17.155997562408448,16.970196495056154,1.0109486691804908,0.03906612289601402,0.03847126351770129,32.33909782281019,1.0069969996036066,26.209999084472656,0.0,21.863000106811523,1,0
2022-08-31,15.06975269317627,15.515036332831574,14.934969330165726,15.35928679586059,573710000,-0.024179104459177925,-0.12356297166964847,-0.1767657270558688,16.8324182510376,16.94080373764038,0.9936021048185594,0.038964403535576654,0.03803670010459366,31.414767085323604,1.0738097007291934,25.8700008392334,-0.01297208153817453,22.059000110626222,1,0
2022-09-01,13.914613723754883,14.356901987282448,13.248685287003793,14.186176179149008,1178865000,-0.07665281527443013,-0.2219617242536276,-0.2576037642955694,16.349595642089845,16.892421627044676,0.9678657094323427,0.039757279829573715,0.04018007323356903,20.367648471915658,2.05830452933852,25.559999465942383,-0.011983044578061208,22.26500005722046,1,0
2022-09-02,13.625081062316895,14.148238650507881,13.569170298819083,14.0773535409068,743157000,-0.020807811642209018,-0.16070093989951395,-0.23541924770295575,15.930070781707764,16.840944519042967,0.9459131442238748,0.03913153779544768,0.04019084785901699,16.423476825960734,1.2583289535353097,25.469999313354492,-0.003521132803927185,22.48100004196167,1,0
2022-09-06,13.443370819091797,13.756866558635831,13.329553621636906,13.70894332767748,535751000,-0.013336452267257104,-0.14783869890908763,-0.20952220840370472,15.573743915557861,16.767842178344726,0.9287864085261361,0.03863827053679181,0.03861247827305849,16.36429066361619,0.9427505564989398,26.90999984741211,0.056537124965786445,22.761999988555907,1,1
2022-09-07,13.696038246154785,13.81987638945072,13.328520192699564,13.545235991042178,512657000,0.018794945885459047,-0.11313207463743846,-0.2015556761882481,15.228007316589355,16.704924907684326,0.9115878940338377,0.03966942406601146,0.03870697379902673,20.24053268584447,0.914634614125448,24.639999389648438,-0.08435527575753499,22.905499935150146,1,1
2022-09-08,13.971678733825684,13.989655763301307,13.35149264648823,13.441373984164738,624873000,0.020125563518215595,-0.07286609022109591,-0.18742551124907703,14.905741596221924,16.665231914520263,0.8944214921626557,0.041223698668436115,0.035907730186538596,18.5402191313801,1.11211656994477,23.610000610351562,-0.041801899545889976,23.098999977111816,1,1
2022-09-09,14.368156433105469,14.45504237650602,14.107498602903812,14.138457184779977,486612000,0.028377241334636816,0.03259470355086491,-0.1966017973044486,14.554134464263916,16.64225435256958,0.8745290244898067,0.03945762626141547,0.037034070253444705,25.540513841203136,0.8678009385786499,22.790000915527344,-0.03473103234333241,23.228499984741212,0,1
2022-09-12,14.486003875732422,14.527948688246315,14.179405773307693,14.350182305946856,484159000,0.00820198772024927,0.06318661954948612,-0.10766846950070308,14.379346752166748,16.629281444549562,0.8647004261798542,0.03119764094124979,0.03518939192379274,30.18704140313885,0.8629596836972452,23.8700008392334,0.047389200540585596,23.445499992370607,1,0
2022-09-13,13.113804817199707,13.903769386262226,13.081847131926162,13.783926637848186,714956000,-0.0947258519536559,-0.02451513138535555,-0.1687295451668469,14.113165473937988,16.60156410217285,0.8501105912117536,0.04088855302275724,0.03898853288918665,23.37644020422286,1.24576490098391,27.270000457763672,0.14243818596528657,23.811499977111815,1,0
2022-09-14,13.110807418823242,13.272594961389391,12.896088837173366,13.23664185667735,588507000,-0.00022856817058414247,-0.04272993524210178,-0.1510278836564779,13.879930782318116,16.564981021881103,0.8379080400987942,0.04121769839415291,0.039128464107232454,22.951671316336117,1.0133174326750263,26.15999984741211,-0.04070409210556314,24.13499994277954,1,0
2022-09-15,12.912068367004395,13.21567015624059,12.77325045930142,12.997956185221906,523625000,-0.015158414388233399,-0.07583987486456822,-0.14317980992142598,13.664162349700927,16.52110845565796,0.8270729767542554,0.0411038166547041,0.03903477145504159,14.773560936547128,0.8956766166524607,26.270000457763672,0.004204916322369412,24.45349998474121,1,1
2022-09-16,13.180716514587402,13.19469811993345,12.600477035450059,12.72531334171146,670751000,0.020805973136690747,-0.08264386068223084,-0.05274290927060221,13.59077262878418,16.468072242736817,0.8252801195220856,0.03597441448420023,0.0388724360224946,23.103317504647208,1.1228230113842281,26.299999237060547,0.001141940570009048,24.79049997329712,1,1
2022-09-19,13.36447525024414,13.44536950238442,12.992962670832137,12.994959906915472,569685000,0.01394148303344278,-0.07742153288852249,-0.01912691828260127,13.564712047576904,16.419110546112062,0.8261538899735917,0.03593409156173944,0.03865696883054891,27.6796598342536,0.9435245835865627,25.760000228881836,-0.02053228227542203,25.048499965667723,1,0
2022-09-20,13.158744812011719,13.465342935530723,13.039901168379119,13.197694249472493,524818000,-0.015393828368133189,0.003426922654290898,-0.021172220190181945,13.536249446868897,16.37973222732544,0.8264023647643695,0.0360163293315088,0.03791902274115846,28.34473302941778,0.8609993155552698,27.15999984741211,0.054347810795459806,25.216499996185302,1,1
2022-09-21,13.243634223937988,14.012626355851008,13.092831937590079,13.195697697748727,807679000,0.006451178523408929,0.010131092683433485,-0.03303174349296312,13.491009044647218,16.343449478149413,0.8254688866438017,0.03544956165791051,0.0378596183903886,31.687456581415773,1.2791270479214754,27.989999771118164,0.030559643901659994,25.41049995422363,1,0
2022-09-22,12.544549942016602,13.131780192367279,12.41172469834498,13.052883178633808,759162000,-0.05278643838243324,-0.028463172168988193,-0.1021444036180118,13.348296165466309,16.291547622680664,0.819338743906881,0.03764936937673548,0.03874495909819306,34.877624438733065,1.1801884447362936,27.350000381469727,-0.02286528741986016,25.636999988555907,1,0
2022-09-23,12.499608039855957,12.594483888456596,12.240947418073999,12.40373404951629,663309000,-0.003582583860590849,-0.05167461677653462,-0.13004788762907782,13.161441326141357,16.23459362030029,0.8107034665582168,0.03530849643548364,0.03665425469371334,36.868309218479325,1.0398554098554944,29.920000076293945,0.09396708076704297,26.04399995803833,1,0
2022-09-26,12.21198558807373,12.64242184812588,12.198003983784714,12.474641644232314,547343000,-0.02301051767904405,-0.08623530969907378,-0.1569803727215775,12.934039497375489,16.164099712371826,0.8001707319013824,0.03457362969849021,0.03217419801744689,35.97908418037538,0.8732386231833421,32.2599983215332,0.07820849730188573,26.37899990081787,1,1
2022-09-27,12.396744728088379,12.719321699428077,12.241947974198776,12.490621493735635,553854000,0.015129328370243389,-0.05790826517342007,-0.054679789664922596,12.862333488464355,16.090531845092773,0.799372799624834,0.0221196287421774,0.03259625659229374,34.973483162326445,0.8795763326513496,32.599998474121094,0.010539372916239298,26.698499870300292,1,1
2022-09-28,12.719321250915527,12.806207210789621,12.337821540927935,12.393747960630728,542414000,0.026021066812504268,-0.03958981078432089,-0.02985980614326289,12.823184871673584,16.005624179840087,0.8011674351210276,0.024253882227913765,0.03355189802353816,35.67185779483181,0.8605725245672915,30.18000030517578,-0.07423307614159502,26.89699993133545,1,0
2022-09-29,12.203997611999512,12.48363067238174,11.930356260034026,12.43169872306821,532763000,-0.04051502660795858,-0.02714743307581302,-0.05483790318321835,12.752377796173096,15.894136199951172,0.802332233456781,0.026877851829527545,0.03413211676326475,25.895498813408707,0.8480151914772375,31.84000015258789,0.05500330784050478,27.195499897003174,1,0
2022-09-30,12.123101234436035,12.616454666511402,12.059184927057526,12.071169294217576,565638000,-0.006628678580200331,-0.030121488947445485,-0.08023958932588227,12.64661626815796,15.77617811203003,0.8016273763107655,0.025269833821959117,0.030302916601294215,23.463451884839344,0.9465387932257074,31.6200008392334,-0.0069095261400811125,27.498499965667726,1,1
2022-10-03,12.495614051818848,12.661397019747188,12.089146528346182,12.330830178093539,547478000,0.030727518493756323,0.0232254174965707,-0.06501274327321016,12.55973014831543,15.680266723632812,0.8009895730527207,0.027362892708684205,0.03119279471030706,41.04715003751186,0.9313991436227558,30.100000381469727,-0.048070854440891986,27.730000019073486,1,1
2022-10-04,13.14975643157959,13.202687472797923,12.862133487134708,12.862133487134708,584182000,0.052349758647157074,0.06074269657138687,-0.0006830727824377325,12.558831310272216,15.603328800201416,0.8048815397718274,0.03273580198680462,0.03351207610070876,50.47456833814281,0.9897644662422228,29.06999969482422,-0.03421929148145797,27.83800001144409,1,1
2022-10-05,13.191699981689453,13.30355376155447,12.604470732780348,12.894090885519283,507131000,0.0031896826628008412,0.03713867441943286,-0.003921449457933823,12.553637886047364,15.537033901214599,0.8079816241545299,0.032685195288249286,0.03321821444702339,53.5424838306934,0.8596213608698205,28.549999237060547,-0.01788787283187543,28.033500003814698,1,0
2022-10-06,13.11280632019043,13.638117543681016,13.08584125012535,13.202688617173399,644157000,-0.0059805530453641564,0.07446811586535684,0.04529906459780708,12.610463523864746,15.444061527252197,0.8165250767495742,0.02715553523647944,0.03284130160943791,49.096235917594235,1.0901080475465728,30.520000457763672,0.06900179591409161,28.378999996185303,1,0
2022-10-07,12.060184478759766,12.653406389776919,12.006255300705963,12.488622525605487,672478000,-0.08027433760002167,-0.005189823499745505,-0.03515498723600419,12.566521167755127,15.326162967681885,0.8199391585652597,0.03831364561660386,0.03624991322019541,35.90241963547963,1.1204148852945026,31.360000610351562,0.027522940366608406,28.807499980926515,1,0
2022-10-10,11.654716491699219,12.108121431783047,11.3930595354897,12.02123547777354,698699000,-0.03362038016704072,-0.06729541714656506,-0.0456329638088292,12.510794258117675,15.196580753326415,0.8232637631579827,0.03907185456193388,0.03646727250726134,34.41639750138732,1.1436618625543014,32.45000076293945,0.03475765725043045,29.236499977111816,1,0
2022-10-11,11.570826530456543,11.830485290733634,11.26822291287926,11.545858700912863,667482000,-0.00719794096256432,-0.12007293894289883,-0.0666237964681552,12.428202438354493,15.059769744873046,0.8252584633696378,0.038493451448959375,0.030558392497843475,32.664042980486414,1.0968260612899927,33.630001068115234,0.036363644913174786,29.554500007629393,1,0
2022-10-12,11.484938621520996,11.719630502652882,11.330141889388276,11.563835628802222,492590000,-0.0074227980783805325,-0.12938145671425993,-0.09704783809164985,12.30476417541504,14.91954381942749,0.824741314100528,0.03679921006870651,0.030531836882324078,37.41996536729484,0.8158679770949442,33.56999969482422,-0.0017841620988797713,29.925,1,1
2022-10-13,11.944336891174316,12.062182385586972,10.798838721715281,10.956631792924158,850103000,0.040000063108084793,-0.08910902826475553,-0.021276693840867833,12.27879810333252,14.781177520751953,0.8307050020943033,0.03805507068625654,0.032124737727370824,43.99828393991233,1.3709441499869857,31.940000534057617,-0.04855523311243615,30.2085000038147,1,0
2022-10-14,11.212297439575195,12.095139584430672,11.189327796407529,12.041210401485747,713432000,-0.06128757571632337,-0.07030464920979096,-0.0751296039889261,12.187717723846436,14.621740798950196,0.8335339746086515,0.042537229414017864,0.034057009251476346,40.141829885015966,1.1465915142372909,32.02000045776367,0.0025046938750283854,30.494500064849852,1,1
2022-10-17,11.872429847717285,11.932351684916148,11.501916408490736,11.502914550195962,580774000,0.058875748855187426,0.01868027902464453,-0.04987223529129825,12.125399303436279,14.480019397735596,0.8373883328728458,0.046090536197960885,0.03690833200730426,45.27280281253203,0.9325593557730305,31.3700008392334,-0.02029980041342172,30.77500009536743,1,1
2022-10-18,11.95132827758789,12.475640367724393,11.602785343462813,12.327834421594872,659362000,0.00664551661981605,0.032884577962498884,-0.09113690890225412,12.00555648803711,14.363757648468017,0.8358228244903294,0.041946624782282206,0.03691847177295748,42.75758278336881,1.0474351530536463,30.5,-0.02773352935793738,30.942000102996825,0,1
2022-10-19,12.03521728515625,12.333826444729338,11.818501467347717,11.863442610170829,523131000,0.007019220426375039,0.047913069609629266,-0.08766744984637631,11.88990821838379,14.263290958404541,0.8336020244597021,0.042084560855886695,0.03692727080406474,48.267360901032255,0.8502405675779299,30.760000228881836,0.008524597668256861,31.08050012588501,0,1
2022-10-20,12.17802906036377,12.752275759292546,12.08914492779996,12.097134823090324,652398000,0.011866156781702442,0.019565101965780096,-0.07128735352304705,11.796430492401123,14.145492858886719,0.8339356295380101,0.042570599377834466,0.03523354422182951,50.55679166734337,1.0696173155244675,29.979999542236328,-0.02535762941617703,31.21200008392334,0,1
2022-10-21,12.449673652648926,12.481632285200682,11.871432413251382,12.0821555690685,609494000,0.02230612120719,0.11035884659162343,0.03229545738501116,11.83537940979004,14.036222743988038,0.843202592724552,0.03440494011021832,0.03560283883169549,49.52459002156182,1.0037033642837658,29.690000534057617,-0.009673082475206707,31.200500106811525,0,1
2022-10-24,12.582498550415039,12.69335323012042,12.048199414232464,12.491618133053988,517457000,0.01066894614846814,0.05980820369591644,0.07960571665356331,11.928157615661622,13.914293842315674,0.8572592868052072,0.0318176560189229,0.03523135283093366,43.41980692179587,0.8542406502607467,29.850000381469727,0.005389014635704514,31.08000020980835,0,1
2022-10-25,13.243634223937988,13.282583663418823,12.647415881475542,12.67737728182248,505482000,0.05254406911901777,0.10813073796772321,0.14457114961306416,12.095438385009766,13.799137916564941,0.8765357994204842,0.03414015157320586,0.036913157910107366,50.52676604514651,0.8378169739807544,28.459999084472656,-0.04656620700949654,30.87300024032593,0,0
2022-10-26,12.879111289978027,13.370466592779119,12.691357769324208,12.852147174952409,532953000,-0.027524388532347288,0.07011871782843526,0.1213913904463162,12.234855651855469,13.679746608734131,0.8943773595955249,0.036085958005322216,0.037170111904230904,47.75946663223917,0.8840422440264659,27.280000686645508,-0.041461645670640146,30.728000259399415,0,1
2022-10-27,13.158744812011719,13.819878535178242,13.10481562757985,13.612150741855237,583113000,0.02171217529980418,0.08053156605118605,0.10167227631822162,12.35629644393921,13.57681058883667,0.910103029212103,0.03496143830096161,0.03607513161399775,62.365112624410685,0.963223394623546,27.389999389648438,0.004032210419143256,30.50550022125244,0,1
2022-10-28,13.81588363647461,13.831863430742688,13.043896137118422,13.08684004841616,521040000,0.04993932429353243,0.10973861821148967,0.23220809213549165,12.61665506362915,13.478271465301514,0.9360736720661466,0.026276189330312914,0.0373597502511424,73.02127490117549,0.863869293511961,25.75,-0.05987584615530317,30.212000179290772,0,0
2022-10-31,13.47932243347168,13.819876374747915,13.279584568203138,13.75995453895472,486341000,-0.024360454376902263,0.07127550060612231,0.13534656396081823,12.77734432220459,13.391451320648194,0.9541418638100325,0.026271201992920483,0.03756608652116099,69.29130305943875,0.8104468338454927,25.8799991607666,0.005048511097732078,30.001000118255615,0,1
2022-11-01,13.525263786315918,13.90676347391886,13.50129505001384,13.792912452696658,432817000,0.003408283544739321,0.021265277915096803,0.13169544607686823,12.934737873077392,13.321823806762696,0.9709434729583495,0.026379046495975104,0.035837451362652845,70.79175667464996,0.7304660740695236,25.809999465942383,-0.0027047796404234825,29.838000106811524,0,0
2022-11-02,13.201687812805176,14.191390140892414,13.1936988689507,13.83186195195651,672628000,-0.023923819795523493,0.025046489277421147,0.09692143482009286,13.051384925842285,13.242789478302003,0.985546507948848,0.028828147135710108,0.03630092198228094,63.17770695976847,1.119560356996058,25.860000610351562,0.0019372780102207,29.703500175476073,0,1
2022-11-03,13.403424263000488,13.762953440077196,12.939033996652151,13.02591996046557,500065000,0.015281110495556138,0.01859443696829044,0.10062344214837293,13.173924446105957,13.16697124481201,1.0005280790217177,0.02887732155142859,0.036407089865568204,75.83603568794838,0.8424389852321953,25.299999237060547,-0.02165511833231948,29.442500114440918,0,1
2022-11-04,14.137460708618164,14.210365058332465,13.67906125202417,13.967683273201919,612576000,0.054764844506485444,0.023275896106607075,0.13556877899446995,13.342703151702882,13.092035903930665,1.0191465444802943,0.03206219242606742,0.032734585527759416,76.24995993523324,1.0372151493865909,24.549999237060547,-0.029644269668647527,29.102000045776368,0,1
2022-11-07,14.282272338867188,14.393127044208452,13.935727569364591,14.209367978816218,410061000,0.010243114604077785,0.05956901093200595,0.13509032261291853,13.512680530548096,13.053003730773925,1.035216170105769,0.03206628533285522,0.031198483148015047,76.60734502638775,0.7117076455275525,24.350000381469727,-0.00814659314892785,28.69700002670288,0,1
2022-11-08,14.582877159118652,14.871498236897642,14.197382040182664,14.781615950345596,595292000,0.021047408501895903,0.07819539711105428,0.10112352187739915,13.646604824066163,13.029148921966552,1.0473903480417366,0.029191271058708234,0.03098527111041435,77.71014689386494,1.0397106516058838,25.540000915527344,0.04887065771724597,28.292500019073486,0,0
2022-11-09,13.757957458496094,14.192388153732095,13.740979525460897,14.143451590437952,454414000,-0.05656769179508159,0.04213625208977878,0.06823810655335727,13.734489440917969,12.995444984436036,1.056869499841448,0.03433723671094391,0.03437719324110656,64.96402780224098,0.7963141464161754,26.09000015258789,0.021534816654065425,27.91850004196167,0,1
2022-11-10,15.729373931884766,15.75234357507586,14.527949302036653,14.78061823441489,700819000,0.14329281649081138,0.17353398827379873,0.19535519204890228,13.991552352905273,13.008637409210206,1.075558639446677,0.05523179402015456,0.045226549104189794,73.49739302378495,1.2443906943478087,23.530000686645508,-0.09812186473630413,27.498000049591063,0,1
2022-11-11,16.305620193481445,16.367539281571972,15.461727368675898,15.786301605326148,655487000,0.036635041171510396,0.15336272401037165,0.18020827494767033,14.240526008605958,13.056457538604736,1.0906883407310308,0.0545683334488973,0.041720790331662684,75.08070975761247,1.169916678148914,22.520000457763672,-0.04292393537646866,27.023000049591065,0,0
2022-11-14,16.273656845092773,16.518336781624008,15.90114525664208,16.196758035135932,527852000,-0.0019602657249093713,0.1394305093039232,0.20730525776890962,14.519959449768066,13.109429054260254,1.107596630613705,0.053076420675922026,0.04092385100527548,72.30217892765936,0.9465835519783315,23.729999542236328,0.05372997601585361,26.64099998474121,0,1
2022-11-15,16.6441707611084,16.97573472460198,16.360542356241957,16.700097166882006,545876000,0.022767711003280233,0.14135026850314114,0.2305986059915528,14.831850147247314,13.173445053100586,1.1258900073186546,0.052747043588667566,0.04087513076019969,77.68792571240135,0.9889688617824904,24.540000915527344,0.03413406611531178,26.34300003051758,0,0
2022-11-16,15.889163970947266,16.340571692497278,15.85221272363111,16.140834757175984,649547000,-0.045361634472371515,0.15490718872190334,0.20357064916618706,15.100597763061524,13.217307567596436,1.142486674069851,0.05520634580596028,0.04319167755351611,68.76712641249067,1.1634672289595147,24.110000610351562,-0.017522424170070217,26.010500049591066,0,0
2022-11-17,15.656469345092773,16.244698687867267,15.514655111106975,15.694419686718572,710894000,-0.014644862768108169,-0.0046349325222797555,0.16809473742554792,15.325902271270753,13.251003379821777,1.1565842851273112,0.05629185887981847,0.043691631649129974,63.43487531840058,1.2667156560177788,23.93000030517578,-0.007465794301908857,25.708000087738036,0,0
2022-11-18,15.388821601867676,15.981045452536414,15.100199550162154,15.945091392326727,492072000,-0.017095025533900854,-0.056225925830179824,0.08851383703487037,15.451038360595703,13.271416683197021,1.1642342885788755,0.055519741079076076,0.04416008885207803,64.0795357298311,0.8860745133650725,23.1200008392334,-0.03384870270006601,25.379500102996825,0,0
2022-11-21,15.296941757202148,15.45673207416043,15.060251659699267,15.12716430732762,404739000,-0.005970557528224063,-0.06001816906844437,0.07104397635477655,15.5525053024292,13.287635440826415,1.1704494280934248,0.05574281922813031,0.044333831519131936,62.97542076512656,0.7362861499492271,22.360000610351562,-0.03287198102485167,25.005000114440918,0,1
2022-11-22,16.017000198364258,16.03697446783892,15.102199228817492,15.307929823248795,472866000,0.04707205221743682,-0.037681093984545,0.0983429417663888,15.69591760635376,13.345699348449706,1.176103042376499,0.05700181810036491,0.044078226492164224,69.48707803243731,0.862779857996915,21.290000915527344,-0.0478532945266944,24.646500205993654,0,1
2022-11-23,16.49736213684082,16.50535298403366,16.026980297757902,16.076914044674023,427241000,0.02999075560513642,0.03827754355141799,0.19911419893605165,15.969858074188233,13.413430442810059,1.1905871612991057,0.051983551860270205,0.04334118400897603,70.62030840058084,0.7871245995206223,20.350000381469727,-0.04415220731024261,24.300000190734863,0,0
2022-11-25,16.248689651489258,16.46540447528635,16.150818440742185,16.2966271152818,167934000,-0.015073469521302618,0.037825916772360024,0.03301566367824704,16.021789646148683,13.480162868499756,1.1885457024846608,0.029201607250068328,0.0437446722780211,65.04410513906214,0.3216953571747725,20.5,0.007370988487393815,23.955500221252443,0,0
2022-11-28,15.806272506713867,16.33557910048079,15.704406802903588,16.005011300506297,303741000,-0.027227866016558577,0.027126892210871167,-0.0306242682487603,15.971854877471923,13.532673988342285,1.1802438225609269,0.02814722395159522,0.04357623768208596,60.417802085816035,0.594215427522057,22.209999084472656,0.08341458948647107,23.778500175476076,0,0
2022-11-29,15.618520736694336,15.911137275433845,15.499677084795238,15.806274277215039,298384000,-0.011878307800892496,0.021022436026520097,-0.040257461161594454,15.90634126663208,13.577754898071289,1.1715001033706658,0.0282906644186049,0.04318176311897841,57.19042086783423,0.5946685227803241,21.889999389648438,-0.014407911211844038,23.579000186920165,0,1
2022-11-30,16.905162811279297,16.91215540251176,15.58056025532418,15.680454279692341,565298000,0.08237925321327699,0.05545124567119264,0.015680688086951555,15.93244047164917,13.65268325805664,1.1669823558125259,0.038818697505883584,0.04622034992750505,70.53434225322455,1.1119392166593594,20.579999923706055,-0.05984465520642579,23.31750020980835,0,1
2022-12-01,17.116939544677734,17.246801683339985,16.617466556173586,16.98108321190143,470977000,0.012527340656970143,0.03755615004978985,0.07727125077036212,16.055218029022218,13.730149364471435,1.16934037662891,0.035070166720684595,0.04543339416750123,61.75179406591617,0.9451547666171489,19.84000015258789,-0.03595722905060661,23.016500186920165,0,0
2022-12-02,16.858211517333984,16.91515254992387,16.427666051305167,16.641441188481675,371389000,-0.015115320508577557,0.037512062752017794,0.07675690768799504,16.17539224624634,13.816422595977784,1.1707366457475972,0.03510423036610154,0.04589473676554569,54.94611492409857,0.755050669080298,19.059999465942383,-0.039314550435815665,22.704500198364258,0,0
2022-12-05,16.592493057250977,16.977087481695534,16.45463802657284,16.661420572590046,352255000,-0.01576196026546417,0.04974104743564012,0.07821725967875381,16.295759391784667,13.898280296325684,1.172501852340164,0.03500088877220269,0.04517958222638198,52.73920390340079,0.7356164231944867,20.75,0.08866739671621793,22.514500236511232,0,0
2022-12-06,15.970148086547852,16.55552985566231,15.802324959390125,16.512575914907618,352694000,-0.03750762278795461,0.0225134861221139,0.04400921047037021,16.36308002471924,13.973443546295165,1.171012712114019,0.03772386456293984,0.04635489855825535,44.44947413392308,0.7409716053043713,22.170000076293945,0.06843373861657565,22.405500221252442,0,1
2022-12-07,16.10301399230957,16.16894442794536,15.650490330927415,15.75538017998582,372388000,0.008319641436113967,-0.047449931593354755,0.0053701562639736355,16.37168140411377,14.04756893157959,1.165445884896814,0.03479141730544412,0.04623299686371868,51.96208514881495,0.8011042859922596,22.68000030517578,0.02300406978469849,22.262500190734862,1,1
2022-12-08,17.150903701782227,17.160893389958503,15.94217810718751,16.255848218840367,515456000,0.06507413518817695,0.0019842423942575405,0.03961491294914121,16.43703556060791,14.136200580596924,1.1627619081161786,0.039484670741632436,0.045573459540540505,61.927316369800785,1.1016478146987752,22.290000915527344,-0.017195740052941555,22.072500228881836,1,0
2022-12-09,16.98307991027832,17.564467197257134,16.957108244828135,17.141912716034206,465338000,-0.00978512820210553,0.007406977473022103,0.045196891228810765,16.510474586486815,14.2317822265625,1.1601129305977798,0.03922686477144002,0.03366559960102534,62.93005738043089,1.020206462577726,22.829999923706055,0.024226064872098885,22.037500190734864,1,1
2022-12-12,17.51651382446289,17.519510920881718,16.77929288691793,17.019039641707874,457328000,0.03140972762318173,0.05568908566203157,0.10820016654923426,16.681498718261718,14.339650478363037,1.1633127839086645,0.03822697272191384,0.033421407982108325,66.7984332365871,1.0249085947543715,25.0,0.09505037597659727,22.16150016784668,1,1
2022-12-13,18.05295181274414,18.770195420423224,17.692332261799088,18.51146764054295,656589000,0.030624700420244677,0.1304185606112631,0.15586822318776483,16.9249418258667,14.450797233581543,1.171211632984207,0.03776484193165754,0.0339008203948991,65.84924828452313,1.4505436094928028,22.549999237060547,-0.09800003051757811,22.10250015258789,1,0
2022-12-14,17.65536880493164,18.232760529632582,17.401636847702704,17.9680385827717,496888000,-0.022023157871159493,0.09640150678397474,0.04437733028822399,16.999962425231935,14.540909481048583,1.169112733105744,0.030950884138121162,0.03419474640384796,59.13242084685732,1.1037028135661213,21.139999389648438,-0.06252771153512049,21.932500076293945,0,0
2022-12-15,16.934127807617188,17.30173986952119,16.68239457922902,17.127923524585228,478542000,-0.04085108644759605,-0.012639327812359658,-0.010680164908182355,16.981681251525877,14.615758037567138,1.1618748208527785,0.03392551038948276,0.03386886210266233,55.03062467505816,1.0835306140724574,22.829999923706055,0.07994326314338274,21.86850004196167,1,0
2022-12-16,16.553531646728516,17.023037438901543,16.392702058076296,16.846223968965074,478232000,-0.022475096752102908,-0.025292718742366493,-0.018073083867300554,16.95121326446533,14.6845725440979,1.154355240069855,0.034353450611400486,0.03413656426987144,55.5345694628524,1.112122051762771,22.6200008392334,-0.009198383056260973,21.803000068664552,1,0
2022-12-19,16.236865997314453,16.591491326415667,16.127981643599433,16.554531578863497,354039000,-0.019129793941986106,-0.07305379597630501,-0.021433009416334414,16.91565055847168,14.768106174468993,1.145417723750886,0.03452707699976553,0.03420361304459847,54.493953233310286,0.836742367753138,22.420000076293945,-0.008841766380156879,21.768000030517577,1,0
2022-12-20,16.068044662475586,16.292807881891594,15.835291407365762,16.047066889019305,403260000,-0.01039740888831564,-0.10994917456475717,0.006129972959373786,16.92544021606445,14.856372737884522,1.1392713763100262,0.03239594544131419,0.034280523198599686,42.73577919758589,0.9532387981853809,21.479999542236328,-0.041926874703784645,21.723999977111816,0,1
2022-12-21,16.483604431152344,16.609472961104036,16.0850248812042,16.097013267551,325025000,0.02586249773422855,-0.06636872821665385,0.023634733163899302,16.96349925994873,14.954628295898438,1.1343310528554735,0.03329427304328256,0.0331552571091435,44.69187115338502,0.7819681900561025,20.06999969482422,-0.06564245239575606,21.66299991607666,0,0
2022-12-22,15.322830200195312,16.120988676666293,14.866312166020125,16.077034434147475,565045000,-0.07041992761991334,-0.09515090624845124,-0.1065875905650937,16.78069190979004,15.031386127471924,1.116376877520365,0.03271456931590595,0.036152290711644955,38.82181209004295,1.3372576945951402,21.969999313354492,0.09466864212360981,21.743999862670897,1,0
2022-12-23,15.189971923828125,15.322831151410716,14.867312438743172,15.17998223602925,349326000,-0.008670609452129385,-0.08237273785439447,-0.10558202610617107,16.60138111114502,15.096298828125,1.0996987606138262,0.0327200003304583,0.036068676703227026,39.587655142628556,0.8093562308724758,20.8700008392334,-0.05006820703232606,21.76249990463257,0,0
2022-12-27,14.106115341186523,15.08408346858157,14.041183324202558,15.058110852321793,464902000,-0.07135342896463048,-0.13122918280414164,-0.19469618883373563,16.260341262817384,15.154175186157227,1.0729941460403993,0.03416313673074951,0.03888427343061635,37.048865753686066,1.0573939071037164,21.649999618530273,0.03737416137667604,21.73449993133545,0,0
2022-12-28,14.02120590209961,14.246967523902235,13.869365687694097,13.912320585471353,351066000,-0.00601933537570043,-0.1273856778078324,-0.22332890224624635,15.85716667175293,15.197150707244873,1.0434302440781489,0.029697851994292094,0.03885145384270468,35.43874656569491,0.7937249188534934,22.139999389648438,0.02263278428415183,21.74699993133545,1,1
2022-12-29,14.587605476379395,14.667521065652995,14.212002397327266,14.38681810611413,354923000,0.04039592444719542,-0.11502332288378037,-0.17375809944538423,15.550390338897705,15.249876251220703,1.0197060017226662,0.036146850049365256,0.03482654457193615,30.77611122594432,0.8219937278693863,21.440000534057617,-0.03161693201844007,21.789999961853027,0,1
2022-12-30,14.59859561920166,14.613579197907772,14.217996715226494,14.318890082879692,310490000,0.0007533890904891649,-0.0472650660179228,-0.1379186584008758,15.316837120056153,15.301143817901611,1.0010256293477995,0.035654553446046955,0.034581925013667594,31.686346008848346,0.7327046344175784,21.670000076293945,0.010727590322163083,21.88149995803833,0,0
2023-01-03,14.299909591674805,14.980192432307444,14.081140585137454,14.835344825073602,401277000,-0.020459915139644735,-0.05859539020984639,-0.13614146534700922,15.091474914550782,15.343581428527832,0.9835692523840414,0.03560790752683631,0.034665609619242435,24.371236063518936,0.943619112521565,22.899999618530273,0.05676047706072218,22.073499965667725,1,1
2023-01-04,14.733450889587402,14.837341342052907,14.225987013110903,14.551643550441703,431324000,0.03031776495740912,0.04447259456111263,-0.09259269048446372,14.941133403778077,15.389256973266601,0.9708807533549553,0.03815028645745706,0.03561435796073772,23.11048732625426,1.0049332885375015,22.010000228881836,-0.03886460281546322,22.136499977111818,0,0
2023-01-05,14.249963760375977,14.548648374304229,14.133086509590795,14.475725368544696,389168000,-0.032815606665042796,0.01631513436673182,-0.11314885789093265,14.759325313568116,15.422606277465821,0.9569929393278467,0.03889303301400034,0.035405992145247284,22.793267213154223,0.9028785215331729,22.459999084472656,0.02044519995053551,22.15099992752075,1,1
2023-01-06,14.843338012695312,14.994178873357656,14.019207798039817,14.458743594966384,405044000,0.04164040430539884,0.017530809750099685,-0.09950896512398066,14.595298671722412,15.454600353240966,0.9443983240020599,0.04083692354377613,0.03682531721351768,32.947695788446,0.936164882098797,21.1299991607666,-0.05921638370081361,22.073499870300292,0,1
2023-01-09,15.611525535583496,16.03907384357529,15.125038456294371,15.267888310654865,504231000,0.05175301689088818,0.06938543561337651,0.018840862400504976,14.624168205261231,15.509248638153077,0.9429320882305975,0.03886847010266562,0.03562215629790678,42.77393344438373,1.166926269813471,21.969999313354492,0.03975391320164223,22.05749979019165,0,1
2023-01-10,15.892229080200195,15.945172704430046,15.455689492558554,15.490652443025239,384101000,0.01798053265050159,0.11135171717815728,0.046231629649720274,14.694393920898438,15.563918323516846,0.9441320376691665,0.03892695563864072,0.03592793515835639,47.34164618466959,0.8973483786562003,20.579999923706055,-0.06326806705012156,21.944999790191652,0,1
2023-01-11,15.984130859375,16.01110282220087,15.546592882587277,15.823301290137104,353285000,0.005782812386545766,0.08488710344645001,0.13313484774260398,14.882195472717285,15.607283267974854,0.953541703395273,0.028244388912290874,0.03509496573679427,49.34495866070511,0.8355094039003368,21.09000015258789,0.024781352321307182,21.749499797821045,0,1
2023-01-12,16.49359703063965,16.619463677480493,15.475671006700845,16.083030927179784,551409000,0.03187324827022642,0.15744834920229134,0.17633227454207856,15.129434585571289,15.667568759918213,0.965652987863464,0.02795964237760324,0.035160800551074525,50.07687636888801,1.320490728876714,18.829999923706055,-0.10715980144763149,21.56349983215332,0,1
2023-01-13,16.881189346313477,16.90416582170696,16.147963697731562,16.260843564073028,447287000,0.02349956258503294,0.1372906371784579,0.15722826296940284,15.358792972564697,15.734687271118164,0.9761104690499035,0.026858914675450922,0.03539936934532417,63.60785583446506,1.0775434667602026,18.350000381469727,-0.025491213180093064,21.423999881744386,0,1
2023-01-17,17.683340072631836,17.709313641691512,16.881187014032182,16.881187014032182,511102000,0.04751742959944538,0.13271057542237208,0.21130419212193163,15.667267417907714,15.824320316314697,0.9900752199609444,0.028137163669524845,0.0357602351407204,69.49391744764537,1.226467796167657,19.360000610351562,0.055040883263509865,21.25049991607666,0,0
2023-01-18,17.358686447143555,17.854162075882435,17.263785352274855,17.648379813010923,439624000,-0.018359293219200268,0.0922751213528874,0.21390183174651156,15.97314510345459,15.903425559997558,1.0043839324549297,0.027809894468880856,0.03561880206347115,78.8550920332599,1.0598549071303416,20.34000015258789,0.0506198094700645,21.136499881744385,0,0
2023-01-19,16.74732780456543,17.17887355641003,16.713365152180454,17.018042058487556,452932000,-0.03521917654539619,0.04774716572986515,0.13668738777290113,16.17453279495239,15.955622901916504,1.0137199214585093,0.032426130619223614,0.036319428040892984,72.11866213999042,1.0790748248235429,20.520000457763672,0.008849572459461275,21.041499900817872,0,1
2023-01-20,17.82019805908203,17.837180338916934,16.80726689515637,16.99306976542005,564967000,0.06406217559222371,0.08043127438957054,0.2505433949687361,16.531556224823,16.026381416320802,1.0315214517475382,0.03155604090537666,0.03870023555147892,74.23609467582546,1.3205519808969246,19.850000381469727,-0.03265107511439913,20.95999994277954,0,1
2023-01-23,19.172767639160156,19.224712866778543,17.799217156484602,18.044956208931275,655163000,0.07590092857518993,0.13574744325387922,0.2916749334120088,16.96449918746948,16.11817922592163,1.052507169059566,0.035421403102763406,0.04156939984510728,78.5509490083114,1.4744854819569004,19.809999465942383,-0.0020151594336836887,20.946999931335448,0,1
2023-01-24,19.244691848754883,19.474450850170054,18.800161235154988,18.80715382585874,496204000,0.0037513733514311642,0.08829507150289562,0.23272333667137635,17.327815818786622,16.227913913726805,1.0677783916594132,0.03486393768557033,0.03725096871881738,81.76336939771028,1.1254566744066705,19.200000762939453,-0.030792464384042373,20.808500003814697,0,1
2023-01-25,19.302629470825195,19.349580807071824,18.560412717739826,18.893061849004603,449537000,0.003010576761927286,0.11198675830690652,0.21459547137248025,17.66885585784912,16.299379024505615,1.0840201845287811,0.03535827350643381,0.03699861217436689,80.83874986692263,1.0081524676509492,19.079999923706055,-0.006250043461718424,20.71899995803833,0,1
2023-01-26,19.7811279296875,20.144744578930933,19.25768007940009,19.68023455547867,489535000,0.024789288919705443,0.18115129533053254,0.23754792198072439,18.04855556488037,16.368889179229736,1.1026133396872122,0.03500735608245653,0.031311617627580945,87.35663367086592,1.094829742664075,18.729999542236328,-0.018343835580149404,20.572999954223633,0,1
2023-01-27,20.34353256225586,20.60625581574819,19.384545434625117,19.441484557009698,542142000,0.028431373305275676,0.1415996890050173,0.2334200068344281,18.43354911804199,16.450286693573,1.1205609641589918,0.03491720425355076,0.030894037454538947,87.30352072847583,1.1871187557787086,18.510000228881836,-0.011745825879941552,20.391499996185303,0,0
2023-01-30,19.141799926757812,20.11876764644554,19.129811540746857,19.928969317759073,488611000,-0.05907197443809087,-0.0016151925994811744,0.13391299238865595,18.659610176086424,16.500239276885985,1.1308690657732066,0.043228480031091705,0.03503603929821251,72.61325285704703,1.054468912804657,19.940000534057617,0.07725555307905929,20.316499996185303,0,1
2023-01-31,19.516408920288086,19.66625044123853,18.93002771708951,19.149795154127606,498017000,0.01957020734537185,0.014119065852996826,0.10366078128493705,18.842917060852052,16.5727841758728,1.1369795721037739,0.041658430729186034,0.03490674788259499,72.93880631682337,1.053451310211783,19.399999618530273,-0.02708128891997874,20.202999973297118,0,1
2023-02-01,20.92092514038086,21.169661317208572,19.59032844677635,19.670244043953495,660477000,0.07196591472485103,0.08383809428666833,0.20521360899536756,19.19914093017578,16.678073291778563,1.1511606043630935,0.04436522567002559,0.03603738639755739,76.79462679274269,1.3598231859471122,17.8700008392334,-0.07886591800937293,19.951500034332277,0,1
2023-02-02,21.686111450195312,21.925858185295397,20.67817638476242,20.977859327303104,564276000,0.03657516599672328,0.09630307873641608,0.29489980152436845,19.693019294738768,16.804019088745118,1.1719231685429723,0.040090084245901055,0.03616028504694552,77.42137780695698,1.146074097664371,18.729999542236328,0.04812527490848306,19.7875,0,0
2023-02-03,21.077756881713867,21.72207738368297,20.76708391302964,20.9778619200745,429366000,-0.02805272719724805,0.03609128931817085,0.18280149366643128,20.018775177001952,16.919635391235353,1.1831682370278502,0.041170266110019595,0.035807191046938275,71.65687213270695,0.8685193444930926,18.329999923706055,-0.021356093342568938,19.58100004196167,0,0
2023-02-06,21.066768646240234,21.54726056931194,20.76408666695872,20.7840660402103,452197000,-0.000521319015837296,0.10056362133383079,0.09878599911739405,20.208175277709962,17.020630760192873,1.187275346162375,0.035922083364272245,0.035730043225481095,69.01314431348791,0.9103602278250973,19.43000030517578,0.06001093213574449,19.49600009918213,0,1
2023-02-07,22.149627685546875,22.235537474634327,21.12770531761483,21.3594611160502,664150000,0.05140128785246323,0.13492332406098817,0.15094738121150741,20.49866886138916,17.13367607116699,1.1963964286616149,0.038089465207767036,0.03571277359510045,74.80859469523006,1.315880457070081,18.65999984741211,-0.039629461949033495,19.33050012588501,0,1
2023-02-08,22.181591033935547,22.853881881192613,21.98479821168747,22.363398373809797,559651000,0.0014430648154655223,0.060258611179741406,0.14914867259208053,20.786565017700195,17.25233409881592,1.204855232842195,0.03814660084598062,0.03591010823256078,79.93617944566269,1.0898825815010265,19.6299991607666,0.05198281464557564,19.28300008773804,1,1
2023-02-09,22.313451766967773,22.99573229825379,22.09668147789324,22.58216918763524,523876000,0.005944602117607056,0.028928206802460776,0.12801716091627746,21.039797401428224,17.382477684020998,1.210402670084786,0.038055586664588796,0.0359073674559175,77.61542871008922,1.0035435964271138,20.709999084472656,0.055017828317822426,19.264000034332277,1,0
2023-02-10,21.242586135864258,22.054728961620185,20.7890660834922,21.6671393301779,550737000,-0.04799193071010177,0.007820056710749368,0.044193581958152484,21.129702758789062,17.494958992004396,1.20775949051643,0.04202712138849235,0.03855907008921547,63.17734525516193,1.0550667820833841,20.530000686645508,-0.008691376426090858,19.34900007247925,1,1
2023-02-13,21.765029907226562,22.024756028474826,20.939900511928794,21.515293472026823,474919000,0.024594169844520675,0.033145152572364056,0.13704197047853417,21.392025756835938,17.59215633392334,1.2159979340102398,0.03567460875906366,0.038574885088967004,65.17504351942428,0.9074177622261245,20.34000015258789,-0.009254774851576553,19.448500061035155,1,1
2023-02-14,22.94678497314453,23.024701862590533,21.343475492983863,21.55525189893666,675474000,0.054296046040607227,0.03598964727148979,0.17576881417412982,21.735063362121583,17.708753242492676,1.2273627095309938,0.03794949565553923,0.03891787796434462,69.32616118083587,1.2706606702217065,18.90999984741211,-0.07030483256873721,19.426000022888182,0,0
2023-02-15,22.740001678466797,22.830905348150583,22.082696315415404,22.525228183306545,420575000,-0.009011427741173361,0.02517450816205824,0.08695010024077843,21.916971015930176,17.82638904571533,1.2294677828316576,0.033259064578870054,0.038565535054208365,66.15754444803198,0.7925802092302451,18.229999542236328,-0.03595982605303094,19.320499992370607,0,0
2023-02-16,21.978809356689453,22.5262301612366,21.90388764913277,22.109669887606003,412026000,-0.033473714406016986,-0.014997339442287316,0.01349702122330032,21.94624080657959,17.934115371704102,1.2237147108580384,0.03414006212112003,0.03844939196243487,58.74001890403876,0.7794738883266017,20.170000076293945,0.10641802428809233,19.30299997329712,1,0
2023-02-17,21.365455627441406,21.717083871627388,20.952890859592024,21.608199514245356,465888000,-0.027906594906669357,0.005784111726853558,0.01364940051932817,21.975010681152344,18.042021522521974,1.21799049256874,0.034125862697036075,0.037686940509465465,62.68235351452867,0.8897087040826918,20.020000457763672,-0.007436768367024893,19.311499977111815,1,0
2023-02-21,20.633230209350586,21.471344694847904,20.596268552105123,20.97786589164875,410015000,-0.034271462816377496,-0.052000833571112626,-0.020579256561353176,21.93165683746338,18.132625846862794,1.2095135598497926,0.03600655957826123,0.03550237115222014,56.12000620429092,0.8017757313907083,22.8700008392334,0.14235765815702117,19.46450004577637,1,1
2023-02-22,20.73212242126465,21.081753858938534,20.399473261638228,20.685172986353002,513184000,0.004792861365412682,-0.0965129779388173,-0.0639967987004667,21.789906311035157,18.20425022125244,1.1969680731808807,0.031077491665329565,0.03550232866813619,48.792624430293934,1.0018572615392634,22.290000915527344,-0.025360730320178493,19.619000053405763,1,1
2023-02-23,23.639053344726562,23.86281813728652,23.00072702935598,23.415290457504543,1117995000,0.14021386061662056,0.03953613016269508,0.06570594095623017,21.93565254211426,18.337369689941408,1.1962267715062,0.05591027350630098,0.04671893856509624,59.80346424100094,2.04890246236843,21.139999389648438,-0.051592708777226104,19.72200002670288,1,0
2023-02-24,23.261451721191406,23.44925516678763,22.922810291543012,23.200517108251855,589716000,-0.015973635577898104,0.05835813686202118,0.04248558063199459,22.030452537536622,18.452268447875976,1.1939156749083892,0.05641489558072147,0.0469826548293158,61.22178173529892,1.0709168521092514,21.670000076293945,0.025070988739244404,19.869000053405763,1,1
2023-02-27,23.47622299194336,23.854823133033605,23.429273564014498,23.64504544483232,452994000,0.009232926359290516,0.09879346367839315,0.1051490078370454,22.253816223144533,18.56073387145996,1.1989728626713014,0.05319333128040168,0.046763540107102305,62.127924387300034,0.8293446150105674,20.950000762939453,-0.03322562578770549,19.99100008010864,1,0
2023-02-28,23.1915283203125,23.799887550278743,23.18153863236945,23.347364022615437,455963000,-0.012126936761870155,0.12398921957467146,0.06554084323184428,22.396466064453126,18.67145706176758,1.1995028556348193,0.05343666403910478,0.044324382988397186,55.70258642468409,0.8372825918496413,20.700000762939453,-0.011933173789771434,20.029000091552735,1,0
2023-03-01,22.674074172973633,23.231486553591107,22.48427391696802,23.167552933250114,460026000,-0.02231220556886071,0.09366873840746526,-0.011884488414828587,22.369194984436035,18.786255989074707,1.1907212910036473,0.05144915067717808,0.04486116960851586,52.55946422769014,0.8477003511768779,20.579999923706055,-0.0057971417782864965,20.088000106811524,1,1
2023-03-02,23.289424896240234,23.355355313247546,22.40835460483908,22.464297239112163,389415000,0.027138956967869055,-0.01479028975431973,0.024161089587504403,22.424137306213378,18.92097385406494,1.1851471007342376,0.05201902942269959,0.04258223191310229,54.82948694788612,0.7359642759238108,19.59000015258789,-0.04810494532498932,20.17400007247925,0,1
2023-03-03,23.864816665649414,23.874806353174602,23.105617561777713,23.295417814080157,412393000,0.02470613902973917,0.025938404519625813,0.08581025834258571,22.612738037109374,19.07353286743164,1.1855558272437814,0.050656046805637206,0.042217765719445355,63.64488467188058,0.7907399027473118,18.489999771118164,-0.05615111653403504,20.16200008392334,0,0
2023-03-06,23.529172897338867,24.22243969976959,23.462242179784383,23.865817563448918,437429000,-0.014064376567940129,0.002255469519678588,0.10127175884414186,22.829109764099123,19.222755432128906,1.1876086050568253,0.04970507578635643,0.041744008370864935,59.36178796861371,0.838097132160056,18.610000610351562,0.006490040060511015,20.176000118255615,0,0
2023-03-07,23.26740074157715,24.103660267777396,23.220441431129053,23.5791250368648,515154000,-0.011125429563710876,0.003271557622970267,0.12766641507410736,23.092526817321776,19.358431358337402,1.1928924606474456,0.047881959083484735,0.04190232519722462,51.88551858463224,0.9810980823837937,19.59000015258789,0.052659833965358116,20.184000110626222,0,1
2023-03-08,24.159610748291016,24.17859494826269,23.403280373872484,23.466224373577802,513573000,0.038345925126030744,0.06551696726334555,0.16532259733865162,23.435275650024415,19.535166969299315,1.1996455257768903,0.04841186774514244,0.04125076412188709,57.725776476430426,0.9923154306882145,19.110000610351562,-0.02450227353229084,20.206500148773195,0,0
2023-03-09,23.415271759033203,24.432370990770355,23.36231723479036,24.153616530475606,501257000,-0.030809229379263336,0.005403605428371261,-0.009466605215952106,23.412897491455077,19.69967296600342,1.1884916836873247,0.02373121432316545,0.04202532343259611,57.83186205140876,0.9740134887082565,22.610000610351562,0.1831501773005757,20.35550022125244,1,0
2023-03-10,22.94468879699707,23.60610394776299,22.705899859992172,23.388296345871805,474866000,-0.02009726672741219,-0.03855583227575177,-0.013617504530285318,23.381221199035643,19.87644443511963,1.176328154432059,0.024059681317485575,0.0423481133599591,58.74644188845641,0.9271467967459484,24.799999237060547,0.09685973319727981,20.560000228881837,1,1
2023-03-13,22.945682525634766,23.27738955062946,22.277275643092484,22.731873047033044,421890000,4.330974573196755e-05,-0.024798592549340914,-0.0225990554992882,23.328167152404784,20.054933967590333,1.1632133613655444,0.02379472945253357,0.0406805210050835,63.93609579056435,0.8342073043412236,26.520000457763672,0.06935489006518969,20.859500217437745,1,1
2023-03-14,24.041717529296875,24.197579694405405,23.439250204223796,23.475219568886814,474910000,0.04776650258442405,0.03327904119243019,0.03665947311629858,23.413186073303223,20.24401620864868,1.156548474966178,0.028116299776560737,0.04159926527123114,67.80544648220575,0.9390451146410739,23.729999542236328,-0.10520365261572151,21.029000186920165,1,1
2023-03-15,24.206571578979492,24.264518937841256,23.33933927282555,23.739983668370748,524486000,0.00685699969154574,0.0019437743090209292,0.06758809177013814,23.56643581390381,20.436175727844237,1.153172498012659,0.026557821943187992,0.040008676831373505,54.33107955661978,1.052787829487979,26.139999389648438,0.10155920328285806,21.390500164031984,1,1
2023-03-16,25.518409729003906,25.565367136764166,23.872865210794142,24.00574890060099,583253000,0.0541934716258452,0.08981907157064484,0.0957080238217265,23.789334297180176,20.66054573059082,1.151437847159901,0.03000558076489649,0.041447400549268966,65.07466398150828,1.1519416560599374,22.989999771118164,-0.12050496144149447,21.628500175476074,1,1
2023-03-17,25.702247619628906,26.375651279421106,25.645296921004547,25.95902028263856,848547000,0.007204128022760381,0.12018288184378156,0.07699329853324444,23.973077392578126,20.87992166519165,1.1481401978889123,0.02953205923898814,0.04036355823654834,64.92974661295216,1.6066471557104196,25.510000228881836,0.10961289616581449,21.89550018310547,1,1
2023-03-20,25.877090454101562,26.000981321988803,25.107771080019624,25.592342695819287,432747000,0.0068026282004662875,0.1277542267566827,0.09978750919154677,24.207869148254396,21.112464199066164,1.1466150478694546,0.028533358085918774,0.039447532786612116,68.28120277166389,0.8219462206973666,24.149999618530273,-0.05331244994705253,22.102000141143797,1,1
2023-03-21,26.17582893371582,26.36865903671038,25.358553488198883,26.156846636843376,547408000,0.011544515800342214,0.08876701100153728,0.12500013320961645,24.49871196746826,21.339114017486573,1.148066032516276,0.027559622203917094,0.038026069931917955,74.56878485732685,1.0263381057795264,21.3799991607666,-0.11469981372746085,22.027500057220458,0,1
2023-03-22,26.44459342956543,27.56460236261101,26.21379681499764,26.401630282737884,797295000,0.01026765939409957,0.09245513530422422,0.09457862152998664,24.727210235595702,21.55577537536621,1.1471269209760733,0.025983421647876117,0.03798646935914483,73.26873893508423,1.45607144784504,22.260000228881836,0.041160014156131464,22.026000022888184,1,1
2023-03-23,27.16695213317871,27.474680300568725,26.666395768826245,27.091019134511235,564889000,0.027315931535770055,0.06460208224892217,0.16022365286869555,25.102378273010252,21.781269836425782,1.1524754278113958,0.022224188515578523,0.023815076833290136,73.83589911345936,1.0865119009414215,22.610000610351562,0.015723287415586373,22.09950008392334,1,0
2023-03-24,26.755313873291016,27.142971183393072,26.331689105706722,27.007091792651533,454920000,-0.015152169366285495,0.04097175738272307,0.16607874310296467,25.483440780639647,21.9966934967041,1.158512336613591,0.021391181317438557,0.02377359592567667,73.03463147220731,0.8864885615557785,21.739999771118164,-0.038478585393539766,22.10300006866455,0,0
2023-03-27,26.507535934448242,26.97612101034624,26.341682380127203,26.81326506197413,361026000,-0.009260887015424712,0.024363074413829677,0.15522978690366673,25.839626121520997,22.196972274780272,1.1641058880304784,0.022328876849896512,0.024051942173114425,73.18087414543618,0.7098812981083222,20.600000381469727,-0.052437874960925224,22.085500049591065,0,0
2023-03-28,26.386640548706055,26.489550086858387,25.827136394951317,26.42360847823861,356104000,-0.004560793053007828,0.008053674843462089,0.09753558648843175,26.074118423461915,22.387081298828125,1.1646948557258687,0.01971073375492401,0.023804056032084377,67.90937612259066,0.7071456854668797,19.969999313354492,-0.030582575555772262,22.048999977111816,0,1
2023-03-29,26.960134506225586,27.054051235079495,26.573477639400732,26.80127663568218,393694000,0.021734254364853323,0.01949514096457139,0.11375270216444999,26.349474716186524,22.5726171875,1.1673203198952946,0.020045909037441002,0.02299863186786069,79.31260837294457,0.7869743662730868,19.1200008392334,-0.04256377082360119,21.976000022888183,0,1
2023-03-30,27.358781814575195,27.47468035198424,27.07803019459777,27.204918683423134,364516000,0.01478654745797181,0.007061141067871368,0.07211938773283144,26.533511924743653,22.772619094848633,1.165149771057549,0.013377497672424181,0.022647432020774134,86.93977152868405,0.7304668560453298,19.020000457763672,-0.005230145244791484,21.947500038146973,0,1
2023-03-31,27.752429962158203,27.809378749397688,27.081023503257455,27.115992391152133,433933000,0.014388365324558894,0.03726796454675774,0.0797666559310386,26.738530158996582,22.992721138000487,1.162912819170643,0.013577032397472285,0.022370463396541137,87.7451520757647,0.8677013970449806,18.700000762939453,-0.01682437892337696,21.958000087738036,0,1
2023-04-03,27.940263748168945,27.975232636511667,27.311820418959282,27.484667727431294,398716000,0.006768192416551022,0.05404983010355102,0.0797297245502484,26.94484748840332,23.195122451782225,1.1616600664392258,0.013577314060111442,0.021775473550593203,85.7064046004143,0.8003786741266647,18.549999237060547,-0.008021471644866773,21.955000019073488,0,0
2023-04-04,27.4287166595459,27.97523371673916,27.282845889494656,27.941263393705515,368592000,-0.01830859913255367,0.03949256476648921,0.04786429988531493,27.070136260986327,23.36024143218994,1.158812349588315,0.015764243874802214,0.022177815651287347,77.74906502879159,0.7509548600323003,19.0,0.02425880223436394,21.925500011444093,0,0
2023-04-05,26.85722541809082,26.97412061023067,26.371655203421952,26.80527136414144,515015000,-0.020835507856550972,-0.0038170836317972245,0.015603642749298707,27.111399459838868,23.512492103576662,1.1530636284919686,0.017534131779584253,0.02193161163064562,63.21499938436374,1.049117219036258,19.079999923706055,0.004210522300318598,21.923999977111816,0,1
2023-04-06,27.013086318969727,27.056047553520614,26.403625256641565,26.560485977879456,397654000,0.005803313575866165,-0.012635631876756315,-0.005663712788048447,27.09601287841797,23.666701240539552,1.1449002800611783,0.015205472628059758,0.020198034613098357,63.01070643866752,0.8186846393227581,18.399999618530273,-0.03563942913495044,21.71349992752075,0,1
2023-04-10,27.554609298706055,27.596571970496065,26.645414265265643,26.79927739516235,395279000,0.020046690457433902,-0.00712804838069625,0.02987426831172213,27.175942420959473,23.822170867919922,1.140783624281526,0.015498704554976652,0.01930023443737675,65.5204567569256,0.8205172169350632,18.969999313354492,0.03097824492616752,21.42199993133545,0,0
2023-04-11,27.14497184753418,27.765422913048063,27.102008703659926,27.699481299941798,314378000,-0.014866385755326617,-0.02846400835020335,0.024047346937953185,27.239686012268066,23.95819965362549,1.1369671513755002,0.016083996177014788,0.019956253497325167,58.78623971558113,0.6599476329334395,19.100000381469727,0.0068529822256617745,21.050999927520753,0,0
2023-04-12,26.471567153930664,27.443706150535657,26.42460783917617,27.345793254176353,446259000,-0.024807713833185918,-0.03489589095602552,0.0032185455767985705,27.248178672790527,24.104794998168945,1.1304049121703943,0.018205430189577813,0.019041630277556447,50.227827937227616,0.9396201231935575,19.09000015258789,-0.000523572182309362,20.81899995803833,0,0
2023-04-13,26.439592361450195,26.863217112653786,26.305712014928602,26.71035256577281,353615000,-0.0012078919353182282,-0.015550119200299473,-0.019307846726624778,27.196124458312987,24.243258666992187,1.121801521481978,0.01660319183434534,0.01908549095932513,43.045441182799856,0.7581926791197104,17.799999237060547,-0.06757469383008197,20.401999950408936,0,1
2023-04-14,26.734331130981445,26.85922056456347,26.196806902127364,26.480556091603322,395660000,0.011147629112504331,-0.010319264696256769,-0.02282450614307241,27.133679389953613,24.3595267868042,1.1138836820365574,0.01623448872132722,0.015236649365618568,49.79478878036897,0.8657534090708927,17.06999969482422,-0.04101121199580893,20.10599994659424,0,1
2023-04-17,26.978118896484375,26.982115069024893,26.409621904454085,26.541505126599592,321471000,0.009118902743761259,-0.0209217411131557,-0.02790065831098898,27.056248283386232,24.465366935729982,1.1058999586829188,0.015713863601479337,0.015274126393749952,54.605896165390426,0.7464637588177455,16.950000762939453,-0.007029814530175482,19.67799997329712,0,1
2023-04-18,27.64253044128418,28.08513943393583,27.332805146499545,27.508650082334086,604812000,0.024627793633394734,0.018329678017153572,-0.010656066441186551,27.026474952697754,24.596662406921386,1.0987862704938631,0.017789196622753082,0.016037173694159326,61.11013621410898,1.3768827610322592,16.829999923706055,-0.007079695211328563,19.311999988555907,0,1
2023-04-19,27.906293869018555,27.97523308017652,27.207912752047683,27.336798357649375,358660000,0.009541942200068876,0.05419878266915723,0.01741157690315953,27.07423267364502,24.733452911376954,1.0946402336404615,0.01692492803210255,0.015990009667609356,58.855405856999646,0.8344337827261551,16.459999084472656,-0.02198460136130065,19.06599998474121,0,0
2023-04-20,27.08002471923828,28.005206202430383,26.97611662299647,27.646522604245416,427713000,-0.02960870238299873,0.02422247472778194,0.008295693158139272,27.096512603759766,24.83206085205078,1.0911906492659056,0.01839541055489185,0.01749441761877378,47.58438192645826,1.0397906576299765,17.170000076293945,0.043134935073663616,18.811499977111815,0,1
2023-04-21,27.095014572143555,27.158959050915872,26.6983663319222,26.928162455219432,345103000,0.0005535391145572444,0.013491395741116019,0.0030329097610848343,27.10470542907715,24.93032932281494,1.0872181060308872,0.018317196001147056,0.016391189961450565,43.90292224574121,0.8619903286075393,16.770000457763672,-0.023296424971048224,18.51949996948242,0,0
2023-04-24,27.01807975769043,27.341792568225937,26.647407636879258,26.989106080495755,339282000,-0.002839445398646223,0.0014812323038306818,-0.01947149876811427,27.051052474975585,25.024421882629394,1.0809861103625722,0.01697808826158776,0.01601932673284388,41.26775022250991,0.8598689067528761,16.889999389648438,0.0071555711752655515,18.276999950408936,0,0
2023-04-25,26.217788696289062,27.22289939376249,26.20180400715183,27.05404825153496,378527000,-0.02962057513260441,-0.05154165419194989,-0.034156718100606276,26.958334159851074,25.123925933837892,1.0730143939623118,0.01878172994254862,0.017277195831292336,39.12811181309959,0.957207772478459,18.760000228881836,0.11071645392595375,18.18499994277954,1,1
2023-04-26,26.93215560913086,27.305825338536614,26.6813781784844,26.978116353168147,406337000,0.027247412858389275,-0.03490747515452708,0.017399364855201105,27.004393005371092,25.227268447875975,1.07044458900364,0.019365930975436294,0.01830796192429463,50.6559068009613,1.021047801693031,18.84000015258789,0.004264388205224678,18.12849998474121,1,1
2023-04-27,27.20191764831543,27.470680716229086,26.601449417885966,27.338797504535222,377161000,0.010016355285468181,0.004501211883700895,0.028832717102580174,27.080625534057617,25.312371101379394,1.0698573209754285,0.019490909098695965,0.01779601968672055,51.62063183066147,0.9497067930320271,17.030000686645508,-0.09607215771140842,18.023999977111817,0,1
2023-04-28,27.72446060180664,27.733451514466264,27.047058791443998,27.200923835753162,292216000,0.01920978367212922,0.023231064444978022,0.037035879670008764,27.179638481140138,25.41206027984619,1.0695566664736655,0.02002397221453728,0.018007859363081444,51.462501744964236,0.7425712319209878,15.779999732971191,-0.07339993560038638,17.86199994087219,0,1
2023-05-01,28.884428024291992,29.032297830068675,27.755428384065603,27.81537477855387,570329000,0.04183913401041117,0.06907775398324989,0.07066130648775659,27.3702693939209,25.550172653198242,1.071236181666069,0.023377677821931623,0.020029237728261907,63.26370094919404,1.4246153165960993,16.079999923706055,0.01901141925294425,17.73099989891052,0,0
2023-05-02,28.18505096435547,28.810498704607454,28.058164377201287,28.654636529358847,402730000,-0.02421294475169611,0.07503540023361532,0.01962629739067001,27.424521446228027,25.686564559936524,1.0676601529268808,0.02438819738330188,0.020838326479940637,63.014109015810895,1.005468497313562,17.780000686645508,0.10572144098292036,17.692499971389772,1,0
2023-05-03,27.77740478515625,28.341905486994502,27.447696798509213,27.815371274870834,383387000,-0.014463205325218387,0.031384386318443314,-0.004618638521734941,27.411632537841797,25.829448051452637,1.0612550637256137,0.02476511537951096,0.020671340454978624,59.61231112138034,0.9554116159463955,18.34000015258789,0.031496031738794894,17.659499979019166,1,0
2023-05-04,27.537622451782227,27.834358742105735,27.21590674873428,27.626542529378735,321850000,-0.008632279913426522,0.012341218284938948,0.016897980607043506,27.457392311096193,25.96555805206299,1.0574543499524238,0.022807211068761983,0.020172110239850397,55.8176696610812,0.8218401891726226,20.09000015258789,0.09541984653435587,17.709999990463256,1,1
2023-05-05,28.654632568359375,28.72956508673925,27.7064725625765,27.801387848122303,361494000,0.04056305581692854,0.03355058841044212,0.057561068736950105,27.613354110717772,26.065869636535645,1.05936822733177,0.025849307522798338,0.0219834927498126,60.778506556061544,0.9273519890234591,17.190000534057617,-0.14435040301165503,17.649500036239623,0,1
2023-05-08,29.125211715698242,29.194150921324063,28.324921601827587,28.496768426952514,344979000,0.016422445697610533,0.00833610730334522,0.07798970085607349,27.824067306518554,26.183144836425782,1.0626709465323636,0.025842490595090643,0.02185170681330888,59.7759860597451,0.8907323724629204,16.979999542236328,-0.01221646220459538,17.550000047683717,0,0
2023-05-09,28.545724868774414,28.947369681224068,28.424833522945992,28.873435737151034,314869000,-0.01989639946931232,0.012796638362480683,0.08879223947726955,28.05686092376709,26.284534873962404,1.067428472990038,0.024420223913669974,0.02209576233566607,54.04754097331452,0.812937119358096,17.709999084472656,0.042991729205911655,17.480499982833862,1,1
2023-05-10,28.859451293945312,29.087250267045963,28.435826537614037,28.97934408614239,369350000,0.010990312090973564,0.038954197383021416,0.07156113728085844,28.249590492248537,26.397893333435057,1.070145641374653,0.023583164105382252,0.02117674486219584,62.04518681600172,0.9631601353144157,16.940000534057617,-0.0434781812659798,17.37300000190735,0,0
2023-05-11,28.55272102355957,28.92439362497088,28.221015861335896,28.87044053584294,322149000,-0.010628416571804133,0.03686224450040165,0.049658387791192915,28.38467082977295,26.515466270446776,1.07049487798031,0.02420310929508147,0.021414749301599968,59.49249675202889,0.8435340875631163,16.93000030517578,-0.0005903322648502796,17.32950005531311,0,0
2023-05-12,28.3149356842041,28.754547072904792,28.02119507868358,28.503767705541893,274222000,-0.008327939714021126,-0.011854867911667788,0.02129798270480987,28.443718338012694,26.615976486206055,1.0686708546182357,0.023987404237114273,0.021518466203322203,58.27176282177618,0.7296397420071014,17.030000686645508,0.005906696967935332,17.327500104904175,0,1
2023-05-15,28.927392959594727,28.943379556146176,28.127102678492278,28.48278682439075,293926000,0.02163018423284968,-0.006792010922855973,0.0014874774486308695,28.44801483154297,26.71722801208496,1.0647816764027738,0.020951465516350107,0.02188159698748845,67.70700717921207,0.7849438703950383,17.1200008392334,0.005284800291198266,17.33600010871887,0,1
2023-05-16,29.187164306640625,29.843584771006334,28.806502638110807,28.81549355064841,449405000,0.008980116093031398,0.022470595538033322,0.03555478198540385,28.548226165771485,26.830387840270998,1.0640258476965474,0.019183338420900503,0.021368435648462983,65.66712711868001,1.2255905588578955,17.989999771118164,0.050817692128321434,17.39400010108948,1,1
2023-05-17,30.151308059692383,30.17228939441913,29.403970448812785,29.557833570142268,432535000,0.033033142340326505,0.044763732774715015,0.08546166543984346,28.7856164932251,26.968065986633302,1.0673963979283003,0.020056545362835274,0.022372556312973912,68.6883030871419,1.1678198122891683,16.8700008392334,-0.062256750757876844,17.414500188827514,0,1
2023-05-18,31.649982452392578,31.799849406424173,30.29318370956392,30.383104263115214,748725000,0.0497051202466301,0.1084751756681046,0.1493360586162078,29.196852493286134,27.11787342071533,1.0766645319239034,0.022838827233492374,0.02309828366067492,72.13522497845743,1.937549685737709,16.049999237060547,-0.04860708721874096,17.358500146865843,0,0
2023-05-19,31.236347198486328,31.552067683944458,30.888655428377344,31.508105976511025,473908000,-0.0130690516030596,0.10317563659210349,0.09009763513693425,29.455023956298827,27.274294929504393,1.0799554684156252,0.022262367939321487,0.02352870339212429,64.48082400559372,1.2062747116373764,16.809999465942383,0.0473520414335562,17.36050009727478,0,0
2023-05-22,31.148426055908203,31.49212165768894,30.652864468171376,30.87366776329227,372000000,-0.0028147062785365273,0.07677958049713562,0.06946608182489067,29.657345390319826,27.43836967468262,1.0808712668407794,0.02236947356320365,0.023528137540379676,69.73123613496561,0.9429539477261312,17.209999084472656,0.02379533796777844,17.37650008201599,0,0
2023-05-23,30.66085433959961,31.260323984561705,30.60390555229095,30.972578631206357,356253000,-0.015653173468009318,0.05049103151907408,0.07409619060467065,29.868858337402344,27.592673110961915,1.0824923782225417,0.02183734581104417,0.022558815549363037,68.99687004111118,0.9055946211309988,18.530000686645508,0.07669969043541625,17.365000104904176,1,0
2023-05-24,30.5109920501709,30.57993126993221,29.779639086305995,30.183281114614353,721419000,-0.004887740170865351,0.011929299709532604,0.05722703246863459,30.034012413024904,27.722058601379395,1.0833976237078753,0.022121441728950933,0.022265540277351156,69.82416803202179,1.7632340194016625,20.030000686645508,0.0809498081174409,17.424500131607054,1,1
2023-05-25,37.946407318115234,39.44508061098546,36.60259571255149,38.488926318360186,1543911000,0.24369628020347145,0.19893928456970378,0.32899443407879403,30.97338104248047,27.996855316162108,1.1063164306385533,0.07764772094169321,0.057556979364301895,83.622578606681,3.3026045768310004,19.139999389648438,-0.044433413204546524,17.530000066757204,1,1
2023-05-26,38.91154861450195,39.13534949472907,37.51678356815055,37.85648296620509,714397000,0.025434326056105183,0.24571379512606883,0.37424110894976637,32.03304233551025,28.26471809387207,1.133322548242757,0.07646156604890404,0.057579698324557185,84.18850022102197,1.4621548167294627,17.950000762939453,-0.0621733889580256,17.638500118255614,1,1
2023-05-30,40.075523376464844,41.90090712766281,39.91366790954096,40.559096455146374,923401000,0.0299133497228401,0.28659866487421937,0.3853831706314368,33.14785537719727,28.55218360900879,1.1609569282378267,0.07635017059427741,0.057386547919116994,88.69888283542369,1.8240181888036535,17.459999084472656,-0.027298142486906207,17.707500076293947,0,0
2023-05-31,37.800540924072266,40.25936306137478,37.7885504996595,39.45307752910507,1002580000,-0.056767379705104704,0.23286000140092278,0.2951083745902625,34.00919303894043,28.790652618408203,1.181258149639706,0.08153603112520469,0.05908028504297187,76.51872798971588,1.8696548920442042,17.940000534057617,0.02749149339943724,17.71550006866455,1,1
2023-06-01,39.734825134277344,40.01457626339759,38.306089619716126,38.45495609590561,635873000,0.05117080769003701,0.3023118051664524,0.3178474730055454,34.96754474639893,29.061832542419435,1.2032119686657528,0.08184036938217258,0.05910668118780014,80.24541186358886,1.158529197578336,15.649999618530273,-0.12764776183701698,17.58100004196167,0,0
2023-06-02,39.29222106933594,40.46418406925683,39.02345795167412,40.061540581838685,482731000,-0.011138945835188596,0.03546617048455669,0.2414610696368853,35.73176860809326,29.318785095214842,1.2187329213012,0.08252703620810971,0.05917219172964741,79.36604446109891,0.8668082164981599,14.600000381469727,-0.06709260464245015,17.306500053405763,0,0
2023-06-05,39.136348724365234,39.529997366291504,38.672758501671474,38.87457946654427,396094000,-0.00396700264654537,0.005777207997820444,0.25291054282626657,36.521768760681155,29.558173027038574,1.2355895179066911,0.08211472218932019,0.059172448836833674,77.99450845735016,0.7090372833776392,14.729999542236328,0.008904051874655927,17.183500003814697,0,0
2023-06-06,38.619815826416016,39.12536886577813,38.114262787053896,38.79566268178252,388729000,-0.013198290458497408,-0.036324105773343995,0.23986411888348513,37.268907737731936,29.795463066101075,1.2508249210643603,0.0825768814538192,0.059562112652329906,75.5065910161817,0.6931392093970326,13.960000038146973,-0.05227423815469123,17.03250002861023,0,0
2023-06-07,37.44572067260742,39.468141471393565,37.32681416120832,38.88459809447063,511998000,-0.03040136594865661,-0.00938664481488638,0.2212875824612921,37.947394371032715,30.014226760864258,1.2643135761375857,0.08349945482687286,0.05993777014260535,69.50318543058313,0.8971713234187337,13.9399995803833,-0.0014326975436259604,16.84400005340576,0,1
2023-06-08,38.47991943359375,38.833643027365426,37.47570715034152,37.694534053593046,417772000,0.027618610148498757,-0.031582011407948696,0.2611821788789792,38.744287109375,30.256092338562013,1.2805449783743095,0.08292454318817197,0.0599918259190734,68.72642758617228,0.7289669855980111,13.649999618530273,-0.020803441218256724,16.679500007629393,0,1
2023-06-09,38.73971939086914,39.679982507586125,38.53687882707075,39.0065091445359,427717000,0.006751572277164941,-0.01406135014591925,0.020906118097119286,38.82361831665039,30.49168403625488,1.2732526767130594,0.03225717354815554,0.05971077310822705,70.74788693618669,0.7395088832632122,13.829999923706055,0.013186835912539108,16.52449998855591,0,1
2023-06-12,39.45116424560547,39.49912709454757,38.58784058808382,39.16938679625348,388701000,0.018364739495351445,0.00804406980981942,0.013867750072080298,38.877579879760745,30.733531684875487,1.2649890119492218,0.031773545406033374,0.059415133328240645,72.19297505020793,0.6654656813964985,15.010000228881836,0.08532178681744873,16.423499965667723,0,1
2023-06-13,40.989959716796875,41.06890039349555,39.70896332197463,40.154614126267326,613208000,0.039005071222018906,0.0613711857413799,0.02281782652573039,38.96902351379394,30.99828227996826,1.2571349328919603,0.03278038933000577,0.05959437352675149,76.1403639186126,1.0218977737267545,14.609999656677246,-0.02664893844804339,16.297999906539918,0,1
2023-06-14,42.96342849731445,42.96642450817582,40.52033410861492,40.79212489545842,740465000,0.04814517491972281,0.1473521600224772,0.1365823728187534,39.48531227111816,31.298745574951173,1.2615621343853094,0.028067436846763622,0.05988747876572167,78.85098310082103,1.2047508638862479,13.880000114440918,-0.0499657467070983,16.092499923706054,0,0
2023-06-15,42.619686126708984,43.2551909701653,42.11408081517457,42.56872727104233,568622000,-0.008000813310952481,0.10758251976746958,0.07260283599292872,39.77379837036133,31.602564964294434,1.2585623481922752,0.025280074889878868,0.06015751820188196,66.12705848157069,0.9150288723405487,14.5,0.044668579282937326,15.973999881744385,0,1
2023-06-16,42.65864944458008,43.68684489706271,42.627671619358104,43.41605669949975,655709000,0.0009142094044347626,0.10116051730190434,0.08567671370126084,40.11044120788574,31.918593444824218,1.2566481438858603,0.0245799478366365,0.059835045574362825,63.81393240021645,1.0631261608782725,13.539999961853027,-0.06620689918254985,15.84849991798401,0,1
2023-06-20,43.77378463745117,43.95564551444472,42.64067141901623,42.96441968644821,451153000,0.026140893051942893,0.10956889294660566,0.11849434258027225,40.574184799194335,32.25380741119385,1.2579657428323596,0.02472357062552996,0.05945444668172025,63.68315524814733,0.7328234925584759,13.880000114440918,0.025110794205745357,15.701999950408936,0,0
2023-06-21,43.011375427246094,43.58093370313804,42.04713285457767,43.467020523272616,551603000,-0.017417027486190673,0.04931489868288108,0.11371259823114555,41.01334075927734,32.56294273376465,1.2595096547201932,0.025223424648921307,0.059818727757641216,71.70937429773741,0.8831062501040639,13.199999809265137,-0.048991376049651536,15.50149998664856,0,0
2023-06-22,42.99139404296875,43.392077979853475,42.201011539171446,42.21999389255843,417737000,-0.0004645604582244056,0.0006509151302029892,0.14809898890310702,41.567908096313474,32.87987117767334,1.2642357347354707,0.021205397523958277,0.05946723492017633,66.14233558147504,0.6655137639379886,12.90999984741211,-0.02196969439722829,15.220499944686889,0,0
2023-06-23,42.17603302001953,42.77556287564385,41.98218429643555,42.430834923932906,358140000,-0.01896568001805865,-0.010409581745169705,0.09605304898842904,41.93751945495605,33.19396049499512,1.2634081269476496,0.02295196888851494,0.059841348888986276,63.785214593573826,0.5875703137375118,13.4399995803833,0.041053426741707755,14.890999889373779,0,0
2023-06-26,40.60026550292969,42.730600334546075,40.06867951218722,42.42783558135576,594322000,-0.037361681605804,-0.04825244044175703,0.048026835023979864,42.12357406616211,33.477173957824704,1.258277479432115,0.02734625078122974,0.029133265357075964,56.16142362494786,1.0574228944310056,14.25,0.06026789024599055,14.646499919891358,0,1
2023-06-27,41.843292236328125,41.90724142585059,40.41640998353972,40.767133761708735,462175000,0.030616221790686016,-0.044101564831828366,0.06063516847894079,42.362786865234376,33.77935317993164,1.2541029616399573,0.02826862936920306,0.029358075203196193,62.785292302906484,0.8411800089728294,13.739999771118164,-0.03578948974609375,14.435999870300293,0,0
2023-06-28,41.08488464355469,41.812316652912195,40.486353490200045,40.628240868259915,582639000,-0.018124950314377775,-0.04479026221679594,0.002315809222884324,42.37227935791016,34.061488494873046,1.2439937662820595,0.026642021417302944,0.029094459982409723,64.92622666879872,1.094366549561381,13.430000305175781,-0.022561824680231046,14.23449993133545,0,0
2023-06-29,40.79010772705078,41.56749981768069,40.568281035412234,41.52553281178783,380514000,-0.00717482643705436,-0.05120295270532149,-0.05058536635174549,42.15494728088379,34.32444004058838,1.228132119010125,0.02075335646115743,0.025778386895657007,60.08720674574727,0.7590618779238018,13.539999961853027,0.008190592269372798,14.01449990272522,0,1
2023-06-30,42.26896286010742,42.51677028502085,41.468589703443335,41.64745076919485,501148000,0.03625523970057842,0.0022033802952443615,-0.008229137717224333,42.11987495422363,34.611693420410155,1.216926153904564,0.02443134223204068,0.024531309845601295,63.92741012825917,1.0133232880171894,13.59000015258789,0.00369277628328879,13.9114999294281,0,1
2023-07-03,42.37986755371094,42.86448930889797,42.169033838728204,42.483786406248804,198209000,0.0026237855414281697,0.04383227618678598,-0.00653517855110064,42.09199676513672,34.91769027709961,1.2054633748997512,0.024448765436507116,0.024294491710561895,62.13256628061183,0.4126493560974137,13.569999694824219,-0.0014717040131794201,13.859999895095825,0,0
2023-07-05,42.28395080566406,43.143275924330226,42.05212974638505,42.102089932908285,323618000,-0.002263262100225094,0.010531163916240871,-0.03403484172379434,41.94301338195801,35.22146900177002,1.1908365712926456,0.022604758931257084,0.024267807150217993,56.08838616807803,0.6788586620830174,14.180000305175781,0.04495214621001242,13.832499933242797,1,0
2023-07-06,42.07012176513672,42.14606262903311,41.31371294848301,41.811325150457925,303582000,-0.005056978746146412,0.023980525444571077,-0.021883830794983794,41.84888801574707,35.52250984191895,1.1780949094526698,0.022074388536904715,0.024028538627693455,44.96278906287979,0.6425674079630591,15.4399995803833,0.0888574928131427,13.906499910354615,1,1
2023-07-07,42.46980285644531,43.18024990252509,42.14705707601412,42.28894446417988,355881000,0.00950035499159907,0.04117898242962004,-0.012132455765498595,41.796728897094724,35.84755012512207,1.1659577502844038,0.02237387432230528,0.02258612509958792,49.160131075214345,0.7659189823645218,14.829999923706055,-0.03950775085850766,13.950999927520751,1,0
2023-07-10,42.147056579589844,42.77756426984942,41.616469261927726,42.623685218893456,353908000,-0.007599429598164176,-0.0028840613128132686,-0.0006870357014358008,41.793831253051756,36.15184814453125,1.1560634766434197,0.021636056055862364,0.022227538676766283,47.2216571155584,0.7669434267943692,15.069999694824219,0.01618339665224955,14.021999931335449,1,1
2023-07-11,42.37186813354492,42.724592978174954,42.034134771391415,42.44780896888175,298244000,0.005333979931209321,-0.00018875519504346627,0.043635247421901724,41.97099151611328,36.45524715423584,1.151301795830413,0.017163449727591807,0.02222322894383165,41.571449933352106,0.6555117171367727,14.84000015258789,-0.015262080085862384,14.07249994277954,1,1
2023-07-12,43.86770248413086,43.90067764855856,42.74358137770357,42.99938189898188,481277000,0.035302534829747545,0.03745514901731095,0.048380759247360405,42.17343254089356,36.77811199188233,1.1466992256209914,0.01800195376652065,0.023076776798359653,54.731140961154146,1.047147382430712,13.539999961853027,-0.0876010901191373,13.9989999294281,0,1
2023-07-13,45.94108963012695,46.118948189485444,44.457248919012514,44.48322958682048,478204000,0.04726454837123373,0.09201228098650494,0.11819930927648592,42.659053039550784,37.11924522399902,1.1492435469019198,0.020429616458770637,0.023770092365576506,63.28296111026175,1.055970145133955,13.609999656677246,0.005169844536294876,13.948999929428101,0,0
2023-07-14,45.43349075317383,48.050444811535804,45.02480978329466,46.546619140200846,772075000,-0.011048908091641274,0.06978341544805966,0.11383600791629411,43.12339134216309,37.46421401977539,1.1510555464849874,0.020853711576702096,0.02185191094614666,65.08704810304782,1.6989666357126825,13.34000015258789,-0.019838318214570272,13.92199993133545,0,1
2023-07-17,46.424713134765625,46.45968564777863,45.22665203775024,46.25285039179776,510488000,0.021816998103377117,0.10149360126959084,0.09831682618785798,43.53896636962891,37.837160186767576,1.1506932907944654,0.019359551671411686,0.02207619382147753,78.52046061794294,1.1305705717410952,13.479999542236328,0.010494706750155292,13.870999908447265,0,1
2023-07-18,47.45690155029297,47.85858797189123,45.69827797708258,46.66452170058574,569164000,0.022233598138367006,0.12000965831200472,0.11979825067049954,44.04666976928711,38.23554576873779,1.1519822427982866,0.01956786359754564,0.022405454874375175,78.06759687840695,1.2727165597002084,13.300000190734863,-0.013353068072256224,13.858999919891357,0,0
2023-07-19,47.040225982666016,47.780648286916495,46.705488579051746,47.4269247186503,427502000,-0.008780083697317975,0.0723202565642187,0.11248417156811263,44.5222972869873,38.60325763702392,1.1533300558626043,0.02017795601287585,0.022077148929335308,80.82976453642108,0.9584784589980527,13.760000228881836,0.03458646853760361,13.852999925613403,0,0
2023-07-20,45.484439849853516,47.05021703797439,45.02679746035021,46.47066830923723,537865000,-0.03307352590920365,-0.009939898769270372,0.081157789458699,44.863729095458986,38.93044219970703,1.1524073850822225,0.02418611913111219,0.023123157738176723,71.49530212596486,1.2077772533281717,13.989999771118164,0.016715082733324893,13.892499923706055,1,0
2023-07-21,44.27437973022461,45.830166273526984,44.065543386705414,45.752224287101484,963769000,-0.026603825915486157,-0.025512259871166676,0.04249082294728446,45.04418678283692,39.24501529693603,1.147768358402287,0.02653383169816427,0.024052409318506142,59.41453480334182,2.039134962577983,13.600000381469727,-0.02787701186768976,13.926999950408936,0,1
2023-07-24,44.5771484375,45.07376182575431,44.005596688922395,44.69605495582579,382516000,0.006838462991920924,-0.03979700837143263,0.057657451198785514,45.28719596862793,39.559369239807125,1.1447906485591055,0.026193871156363444,0.02357025678845621,60.13271655540692,0.8072427219297043,13.90999984741211,0.022794077738759633,13.950499963760375,0,1
2023-07-25,45.64331817626953,46.14692227530892,44.887908215993086,44.90589571026622,348081000,0.023917405579775286,-0.03821537678985365,0.07720806721133622,45.61434097290039,39.90118118286133,1.1431827234350904,0.02679922762850811,0.021971297616212488,64.21923217521936,0.7541681657145884,13.859999656677246,-0.003594550056315482,13.930999946594238,0,0
2023-07-26,45.41649627685547,46.017028562917005,44.59513975878737,45.985052064508444,364237000,-0.004969443688079389,-0.03451789764804447,0.03530601570221026,45.76922035217285,40.243212394714355,1.1373152794875863,0.025182012693642578,0.02131235161152546,64.14867502137062,0.797635280103704,13.1899995803833,-0.04834055504259438,13.903499937057495,0,1
2023-07-27,45.86415100097656,47.357982253239214,45.71426663486367,46.4826670082,455976000,0.009856654758046979,0.008348154937743324,-0.001674723646518328,45.76152648925781,40.581947555541994,1.127632586549151,0.02030806236062871,0.020670171531386006,64.293525788193,1.0125759222087576,14.40999984741211,0.09249433706148413,13.952499914169312,1,1
2023-07-28,46.71348190307617,46.99026595538216,46.34477066056632,46.63154522435899,331194000,0.018518404539561217,0.05509060065242366,0.028172855060953683,45.88952560424805,40.9324739074707,1.121103154135832,0.020666879376006607,0.020625033321991258,68.41254425630186,0.739525047510656,13.329999923706055,-0.07494794830966023,13.941999912261963,0,0
2023-07-31,46.69249725341797,47.093184983951005,46.4696718790696,46.71747924909827,251055000,-0.00044922041353590014,0.047453659331390785,0.005768137282291752,45.91630401611328,41.263297691345215,1.11276380185542,0.01958237801177982,0.019486774295896157,67.71260166988039,0.57668420650649,13.630000114440918,0.022505640844104002,13.943999910354615,0,0
2023-08-01,46.47067642211914,46.86337103094522,45.9910517758365,46.42371224639774,237858000,-0.004750673970058239,0.018126601634316897,-0.02078149006691188,45.8176815032959,41.55971157073974,1.1024542705333402,0.018095612197674374,0.019606849664641133,61.9156835215803,0.5438933588704228,13.930000305175781,0.022010285268964536,13.961999940872193,0,0
2023-08-02,44.23442459106445,45.80419670368741,43.353113509905164,45.79520486142881,530142000,-0.048121783525196915,-0.026027364123053398,-0.059646851880249874,45.537101364135744,41.81967311859131,1.0888918532433918,0.02327970009968411,0.022883872639168898,42.302149311379324,1.184275514692364,16.09000015258789,0.15506100503167586,14.057499933242799,1,1
2023-08-03,44.480228424072266,45.082758057083076,43.765786762914985,43.765786762914985,324176000,0.005556844816682949,-0.030174385586573482,-0.02207813109485801,45.436680221557616,42.08630916595459,1.0796071483101988,0.021395412343267667,0.022822227889610597,45.59634670108405,0.7225095089914741,15.920000076293945,-0.010565573317698362,14.08149995803833,1,1
2023-08-04,44.645103454589844,45.60635008188567,44.35832886320504,44.94986554244231,362666000,0.003706703772868858,-0.04427797638330444,0.008373323954488976,45.47375259399414,42.365994148254394,1.0733550223054968,0.019597262669011215,0.022772588014170217,41.09945266615384,0.8076836692186325,17.100000381469727,0.07412062182919765,14.194999980926514,1,1
2023-08-07,45.381526947021484,45.504431975857,44.528193870776704,45.07576619174701,322154000,0.016495056242409323,-0.02807668005592734,0.01804463806493306,45.554190444946286,42.663404846191405,1.067757967494077,0.020146570881137603,0.022833649567948484,39.30376683282405,0.720006374150807,15.770000457763672,-0.07777777158106369,14.230000019073486,1,0
2023-08-08,44.629112243652344,45.206659855456344,44.02158547433781,44.81796378324031,353843000,-0.016579757315074772,-0.03962852104279346,-0.022220249822776594,45.45276985168457,42.79705894470215,1.062053584345921,0.019298380112288502,0.02328516159783538,37.989071835748405,0.785947334600736,15.989999771118164,0.013950495051900047,14.2875,1,0
2023-08-09,42.5207633972168,44.27738970488,42.10108946258739,44.23941737277786,586449000,-0.04724155916266115,-0.03874044275900501,-0.06375949527208147,45.1631965637207,42.86924324035645,1.0535104692775348,0.02404833663438325,0.024514410541187446,36.006835651148364,1.2875669060600385,15.960000038146973,-0.0018761559349974588,14.408500003814698,1,0
2023-08-10,42.35490417480469,43.539978975975636,41.80233455139627,42.1270815555595,492705000,-0.0039006642675414316,-0.047781324974432327,-0.07651393843738985,44.81227188110351,42.91483085632324,1.0442141093630966,0.023406242563257476,0.021689825475258835,39.94568203770687,1.0800297898435047,15.850000381469727,-0.00689220904851684,14.520500040054321,1,0
2023-08-11,40.82309341430664,41.98518717020068,40.60726249812491,41.7183935825012,533085000,-0.036166077821261244,-0.08560871729574349,-0.1260961129164221,44.22323303222656,42.97528190612793,1.0290388118645635,0.022990566760757957,0.022827199482049525,32.57909660827144,1.1999763644600263,14.84000015258789,-0.06372241038319659,14.595500040054322,1,1
2023-08-14,43.71882247924805,43.765786651430616,40.27951352736408,40.45437607089752,690286000,0.07093360210489541,-0.036638354406066664,-0.06368635110755927,43.92586555480957,43.05496185302734,1.0202277197400649,0.03520667451452103,0.027942620489270292,42.36561456882168,1.5230162024807599,14.819999694824219,-0.0013477397276295822,14.662500047683716,1,1
2023-08-15,43.90568161010742,45.2326473732039,43.67586169687328,44.52520013627042,676512000,0.004274111704359651,-0.016209836969092173,-0.05519598614645582,43.6693660736084,43.147231063842774,1.0121012402625107,0.03535779742468085,0.027384578808918973,43.987605131252195,1.4751564831977424,16.459999084472656,0.110661229650443,14.820499992370605,1,0
2023-08-16,43.452030181884766,44.640100549597996,43.372090845714155,44.48522285041412,527451000,-0.010332408280349314,0.021901459669675827,-0.017687455334000957,43.59112663269043,43.23354469299316,1.0082709373528473,0.03212059575327437,0.027402445415434216,40.40537231051414,1.1377261912722363,16.780000686645508,0.019441167677507476,14.971500015258789,1,0
2023-08-17,43.31014633178711,44.027584017095954,42.96741192711898,43.93565682241001,452395000,-0.003265298525839788,0.022553283394055157,-0.026305667343468953,43.47411842346192,43.327351303100585,1.003387401166866,0.03203159668144923,0.026511423930448478,35.65532809816898,0.9849072829299356,17.889999389648438,0.06615009878315026,15.166499996185303,1,0
2023-08-18,43.26518249511719,43.543963920277655,41.62746264434339,42.601699627262846,583768000,-0.00103818251560428,0.05982126479309646,-0.030908674248593115,43.33612632751465,43.44374053955078,0.9975229063911253,0.03196933522149806,0.025877231348848968,35.583400138509745,1.3257588188063225,17.299999237060547,-0.03297932770916012,15.351499938964844,1,1
2023-08-21,46.93031692504883,47.02823995825299,44.1874618900852,44.4592488124891,692573000,0.08471325482899039,0.07345793559113312,0.03412820330694033,43.49100532531738,43.61274848937988,0.9972085418076289,0.04216786617421638,0.03218329695028452,51.49915270475058,1.5193658692719638,17.1299991607666,-0.009826594438788527,15.512499904632568,1,0
2023-08-22,45.63233184814453,48.14936547616456,45.29759440317979,48.09740413737571,755293000,-0.02765770959904823,0.03932635082106595,0.022479040116574867,43.5913272857666,43.75060073852539,0.9963595139250616,0.04291162459475514,0.032488744776446546,54.856629546567206,1.5861138883586394,16.969999313354492,-0.009340330137234454,15.667999887466431,1,1
2023-08-23,47.07920837402344,47.163142412730515,45.172697380646554,45.83018449557039,779046000,0.031707266915349086,0.0834754596495435,0.10720515373214146,44.04717178344727,43.90316162109375,1.0032801774869062,0.03978306577878217,0.033192505073483036,58.33390213190598,1.567713528236848,15.979999542236328,-0.058338232832990555,15.807499885559082,1,1
2023-08-24,47.126163482666016,50.22674065271713,47.122168802250776,50.176780465500904,1156044000,0.0009973640225540148,0.08810908006741536,0.1126495125138205,44.5242977142334,44.02588569641113,1.0113208856548432,0.03961000426694617,0.03314561494802386,58.01640318578058,2.1732815913981933,17.200000762939453,0.07634551036616566,15.94699993133545,1,0
2023-08-25,45.982059478759766,47.76766250313572,44.98883254303396,46.975282602767756,925341000,-0.02427746965498423,0.06279592103764275,0.12637371725105817,45.04019432067871,44.08625831604004,1.0216379443635297,0.038175608276033474,0.03339472646652966,51.89053882746386,1.647563457226586,15.680000305175781,-0.0883721157175057,16.064499950408937,0,1
2023-08-28,46.798423767089844,46.94331098821709,44.85294565969937,46.445698798489914,685192000,0.01775397399734069,-0.0028104041609100516,0.07044108494238577,45.34815444946289,44.16983306884766,1.0266770621201708,0.03241728040847817,0.03363676315562063,56.80183126226292,1.1745834118669451,15.079999923706055,-0.03826532970612717,16.136999940872194,0,1
2023-08-29,48.74589538574219,49.04266428440614,46.35476299443785,46.62954971759292,701397000,0.04161404299308624,0.06823152382304243,0.1102411714870295,45.83217582702637,44.2915779876709,1.034783087651208,0.0341365319870139,0.034822484258499375,69.71769499769582,1.1564172280194465,14.449999809265137,-0.04177719612919528,16.16299991607666,0,1
2023-08-30,49.22551727294922,49.88799757012422,48.38717195801793,49.005687906612565,735206000,0.009839226121740596,0.04558931581589709,0.13287036455828094,46.409524536132814,44.40061264038086,1.0452451391160518,0.03332073912595969,0.032694495180131754,71.33808837341992,1.1920086137808497,13.880000114440918,-0.03944634618325349,16.05249991416931,0,1
2023-08-31,49.31645202636719,49.70514814643913,48.9197627338808,49.34143402541549,528570000,0.0018473092504798228,0.04647712399730586,0.13868126070430287,47.01015510559082,44.526714172363285,1.0557741791503885,0.03308114338618755,0.03270680512794761,78.97069389928349,0.8430159674946747,13.569999694824219,-0.022334323995730432,15.934999895095824,0,0
2023-09-01,48.47111129760742,49.761103338104185,48.10439736069892,49.72313481683707,463830000,-0.017141150549674578,0.05413093382642886,0.1203260567103297,47.530747985839845,44.63630851745606,1.0648449561471207,0.03424171684099786,0.033102533564309526,68.84610380769405,0.7338420427271591,13.09000015258789,-0.03537211149823438,15.734499883651733,0,1
2023-09-05,48.51008224487305,48.81284699146263,47.82261987711322,48.18533532160486,382653000,0.0008040035852767691,0.036575130955305735,0.03366193589417299,47.688724517822266,44.76298950195312,1.0653605813289455,0.022794684550458265,0.03299225246749731,68.47634477535084,0.6025253906208482,14.010000228881836,0.07028266352709411,15.646499872207642,0,0
2023-09-06,47.02811050415039,48.51506952348067,46.547447675154636,48.40714710751364,468670000,-0.03054976763885575,-0.03523958003024463,0.03058749354845025,47.82830238342285,44.891546401977536,1.0654189088330437,0.023248435566034946,0.03358989077413348,63.2559566735955,0.7313560540011576,14.449999809265137,0.03140610800820931,15.56949987411499,0,0
2023-09-07,46.20869445800781,46.31162313659779,45.120454595762936,45.49319509398626,433330000,-0.017423962760958922,-0.06128575141655712,-0.01849041107700411,47.74125099182129,44.978854446411134,1.0614154490906687,0.0217090566050116,0.031852551384729914,60.23057114182317,0.6843846259602615,14.399999618530273,-0.003460220857774976,15.491499853134155,0,0
2023-09-08,45.54015350341797,46.57343135473317,45.239365149462806,45.909897697113266,473069000,-0.01446786070092032,-0.07657279402277783,-0.03365455326808886,47.58264999389648,45.0679598236084,1.0557977370204983,0.022047441941901353,0.032088387187496854,57.69107161464916,0.7483072018966583,13.84000015258789,-0.03888885283175714,15.390999841690064,0,0
2023-09-11,45.14643096923828,46.13073944810292,44.2810350025815,46.11575054004364,473966000,-0.008645612802998914,-0.06859096561570377,-0.01817292481010946,47.49908714294433,45.15508628845215,1.051910007203145,0.020911910263385812,0.0308360691097978,42.256280703055886,0.7532480989451227,13.800000190734863,-0.0028901706222559387,15.338999843597412,0,0
2023-09-12,44.83864212036133,45.64108235714804,44.49987832466093,44.706734397330045,349256000,-0.006817567685177051,-0.07568406307741826,-0.041877086640398686,47.30310897827148,45.20647987365723,1.0463789507715242,0.019794009337538,0.02678555456337072,46.23060553873312,0.5705137116143162,14.229999542236328,0.031159372866542467,15.309499835968017,0,1
2023-09-13,45.45322036743164,45.897909142211645,44.471904231366715,44.568836579722586,398355000,0.013706441988599716,-0.03348827158556078,-0.06754773898919153,46.97384147644043,45.26794692993164,1.0376843807197458,0.01364618339786537,0.02691788880770601,41.61497207961156,0.6658445744210079,13.479999542236328,-0.052705553346921175,15.160499858856202,0,1
2023-09-14,45.549156188964844,45.95487076893904,45.0994698183301,45.91789786927569,370097000,0.0021106496032115007,-0.014273034042161181,-0.0746840518424503,46.60620536804199,45.333251037597655,1.0280799259110844,0.012785475315898007,0.02675951861707172,41.90843642140182,0.6268553548760926,12.819999694824219,-0.04896141467543513,14.962499809265136,0,0
2023-09-15,43.869319915771484,45.567129987886304,43.777381347712456,45.30931088292171,506831000,-0.03687963540365935,-0.03668923925610135,-0.1104526357184693,46.061492156982425,45.36923500061035,1.0152582946651572,0.015219906866656233,0.02817164426077288,39.72452383514473,0.8545105254909868,13.789999961853027,0.07566304915127442,14.757499837875367,0,1
2023-09-18,43.93527603149414,44.211084137750255,41.97065027461465,42.71812866784668,500271000,0.0015034679326986211,-0.02682725769772132,-0.09357811580311703,45.60790863037109,45.398544464111325,1.0046116933644267,0.0155936269785399,0.028167652308915207,34.97837490568416,0.8494293653360772,14.0,0.015228429204342975,14.59249987602234,0,0
2023-09-19,43.48958969116211,43.93527718281478,42.971950102234956,43.80237069955783,373064000,-0.010144157055313574,-0.030086826125954702,-0.10349379595705688,45.105859375,45.42539512634277,0.9929657023245689,0.015155023369256953,0.020218879094071895,17.26389843820901,0.6511010402652616,14.109999656677246,0.007857118334088975,14.44149990081787,0,0
2023-09-20,42.2094841003418,43.872322851544475,42.19349643912847,43.5695331686225,367108000,-0.029434758982802123,-0.07136427828145842,-0.10246268353442212,44.62399673461914,45.42214744567871,0.9824281599188128,0.014996524709866127,0.020333716259372074,10.266145238555083,0.6631707796449485,15.140000343322754,0.07299792428826057,14.349999952316285,1,0
2023-09-21,40.988338470458984,42.07058192849427,40.95136557382746,41.55394487986268,450736000,-0.028930598321928458,-0.10012957648622267,-0.11297345767456879,44.10196113586426,45.36456016540527,0.9721677224481532,0.015983085978241007,0.01927012774160538,8.187985479706327,0.8391261051629407,17.540000915527344,0.15852050976095722,14.428000020980836,1,1
2023-09-22,41.58092498779297,42.08557317870962,41.202188203522006,41.54294952811981,479236000,0.014457441785816094,-0.05216390252623482,-0.08693928788201921,43.706038284301755,45.27735687255859,0.9652957085662134,0.01794373199229576,0.019782327878340597,14.50641459217043,0.9521707245788819,17.200000762939453,-0.019384272225830057,14.428000020980836,1,1
2023-09-25,42.192501068115234,42.506280863755784,41.14822919128449,41.56194140759635,419091000,0.014708092244263726,-0.03966687183505191,-0.0654299761399918,43.41064529418945,45.21253707885742,0.9601461917183456,0.0194390288513763,0.019812847639672358,19.269017545864997,0.8767660174846506,16.899999618530273,-0.017441926226863136,14.48899998664856,1,0
2023-09-26,41.8817138671875,42.79007909728291,41.625892229485075,41.97165113191076,402282000,-0.007365934539552477,-0.03697151054753134,-0.06594598126402851,43.11495246887207,45.12167709350586,0.9555263732667727,0.019440571761372212,0.01913899603966294,21.746884527411098,0.8672657528529103,18.940000534057617,0.12071011606950299,14.682000017166137,1,1
2023-09-27,42.43832015991211,42.84204096958368,41.59990959746065,42.3004199239516,444935000,0.013289959777904148,0.005421437017005815,-0.06632973820441956,42.81346244812012,45.02130546569824,0.9509600400357053,0.019392557666670678,0.01632054010553242,28.686053156504386,0.9864912983190837,18.219999313354492,-0.03801484690607215,14.870499992370606,1,1
2023-09-28,43.05889129638672,43.41564027932202,42.085572876608914,42.43032920794071,424663000,0.014622895867136831,0.050515656481660454,-0.05467203129399445,42.564435958862305,44.941678771972654,0.9471038270472244,0.020399447865109218,0.016609366861230834,35.89692331042258,0.9751145032734164,17.34000015258789,-0.0482985287557941,15.043499994277955,1,1
2023-09-29,43.46860122680664,44.11315092531868,43.27673406437453,43.796371119268684,397830000,0.009515106359793801,0.045397649031805765,-0.009134372033444249,42.52436408996582,44.90136199951172,0.9470617860195032,0.017521701993112343,0.016899069178716624,40.4807983236381,0.9274212395385949,17.520000457763672,0.010380640345549086,15.241000032424926,1,1
2023-10-02,44.75070571899414,45.14342881532186,43.83034792394179,43.9992285379224,433298000,0.029494956267349215,0.06063173753907036,0.018559794341919567,42.60590705871582,44.91088851928711,0.9486765562524685,0.019988820008903892,0.018449633102724922,49.55075746827707,1.0137118436504275,17.610000610351562,0.0051369948765045415,15.467000055313111,1,0
2023-10-03,43.48659133911133,45.09846705093091,43.215780788420936,44.77668963515232,470850000,-0.02824792055393821,0.03831928838951315,-6.89441328849405e-05,42.605607223510745,44.88907737731934,0.9491308289850854,0.02193786448320774,0.01919483945024634,40.57832015801608,1.090316961867736,19.780000686645508,0.1232254401523627,15.755500078201294,1,1
2023-10-04,44.010223388671875,44.112153297816725,43.26174626009731,43.71143255099348,361821000,0.012041230030590988,0.037039713703008736,0.04266195919498328,42.78568115234375,44.85641548156738,0.9538363842274792,0.019494993483641435,0.018596446174972962,42.917555288861614,0.8483405038329612,18.579999923706055,-0.06066737721347171,15.96200008392334,1,1
2023-10-05,44.65678024291992,44.868633936884216,43.85733989330729,44.01922546814457,393483000,0.014691060496058839,0.03710938434374622,0.08949964573716129,43.15252532958984,44.84122116088867,0.9623405476572583,0.015736736103453917,0.018684951559114375,54.004929430453664,0.9269064415360598,18.489999771118164,-0.004843926423974909,16.166500091552734,1,1
2023-10-06,45.73002243041992,45.75700398969615,43.99523549081201,44.16211860779347,434436000,0.024033129609028592,0.05202424600262234,0.09978367349559969,43.567435073852536,44.83853858947754,0.9716515400454354,0.01640187962872082,0.019257441495387176,58.27955377041196,1.0280551312773698,17.450000762939453,-0.05624656684978524,16.347000122070312,1,0
2023-10-09,45.241355895996094,45.57312458126316,44.336989652628624,44.810657381240446,409675000,-0.010685901918534024,0.010964076859098615,0.072260585428648,43.872320556640624,44.809096069335936,0.9790940769872755,0.017467777185903907,0.019313124050586633,58.049356791160015,0.9768915402992947,17.700000762939453,0.01432664693808805,16.542000150680543,1,1
2023-10-10,45.7660026550293,46.226679104421834,45.056499625489394,45.278344642774314,368582000,0.011596618815742366,0.05241641723866031,0.09274426543668657,44.260749435424806,44.79056617736816,0.988171242581634,0.016731985121495117,0.01939553610365222,67.56141371339362,0.8768826180816031,17.030000686645508,-0.03785311002340763,16.682000207901,1,1
2023-10-11,46.77328872680664,46.82625308984122,46.01781654956794,46.16371442393257,378137000,0.02200948331384689,0.06278235203973015,0.10214750608789203,44.69424629211426,44.796618423461915,0.9977147352869377,0.01719903576604704,0.019762614718228075,79.18129429178177,0.9017834295562853,16.09000015258789,-0.05519674081955506,16.81250023841858,0,1
2023-10-12,46.912200927734375,47.575738478859215,46.29763274064661,46.7443190351458,481325000,0.002969904505520038,0.05050567176015863,0.08948929048879162,45.07957725524902,44.85017395019531,1.0051148810550534,0.01723874001273834,0.01976467307260327,78.18272160215143,1.132842076177731,16.690000534057617,0.03729026574143468,17.00600028038025,0,0
2023-10-13,45.42923355102539,47.0830797443062,45.24836026520754,46.92718670300792,474115000,-0.03161154981821068,-0.0065774924963615256,0.04510456441854971,45.2756404876709,44.86915405273437,1.0090593737171596,0.02143003948090688,0.019252457415461853,65.66696062182595,1.120185404783827,19.31999969482422,0.15757933352966802,17.28250026702881,1,1
2023-10-16,46.06278991699219,46.192696327999904,44.880614130194836,45.0315095868921,375099000,0.013946006050381543,0.018156706507304055,0.029319854892056796,45.4068489074707,44.89750778198242,1.0113445300340855,0.019937503209221802,0.019438236448454764,69.62472444125495,0.8995432245940713,17.209999084472656,-0.10921328383441054,17.44300022125244,0,0
2023-10-17,43.90729904174805,44.72273077097073,42.45031760329598,43.96925599511655,812333000,-0.04679462271235546,-0.04061319550434883,0.009674423533360343,45.448919677734374,44.86802322387695,1.0129467806272394,0.023685351213855895,0.02222549310465117,55.99511901373938,1.8506202560987626,17.8799991607666,0.03893086065869911,17.63150019645691,1,0
2023-10-18,42.166507720947266,43.18879535339014,41.79576863478219,42.56123210689282,627294000,-0.03964696892754882,-0.09849170608392865,-0.04189289500855331,45.26454811096191,44.81877113342285,1.0099462115150817,0.026530397480861247,0.023056394402921947,46.66315769954398,1.3879381862662723,19.219999313354492,0.07494408364001504,17.835500144958495,1,0
2023-10-19,42.071590423583984,43.266754056698915,41.85274164589192,42.781093510182195,501233000,-0.002251011584630924,-0.10318446818573024,-0.057890197306506574,45.00602912902832,44.8097876739502,1.0043794328262843,0.02573686551335538,0.02203099291538783,44.650290523737404,1.102857096336762,21.399999618530273,0.11342353709976805,18.028500080108643,1,0
2023-10-20,41.35808563232422,42.440329167486595,41.04929959672476,41.860732559994474,477266000,-0.01695930161127923,-0.08961515747626525,-0.09560320694676638,44.56883544921875,44.78985130310058,0.995065492573615,0.023666159650654554,0.02218089926543371,36.41678953877978,1.0503504278507723,21.709999084472656,0.01448595661066987,18.253999996185303,1,1
2023-10-23,42.94497299194336,43.21778487682209,40.91639251850647,41.200194491752654,478530000,0.03836945872511266,-0.06768623721375355,-0.05075848985012332,44.33919715881348,44.83228889465332,0.9890014150961932,0.02811491248022567,0.02359446136436949,47.886129524628515,1.0462888754761437,20.3700008392334,-0.06172263020488311,18.42750005722046,1,1
2023-10-24,43.63249206542969,43.666468707017636,42.661174865100485,43.046902951307125,401463000,0.01600930273294865,-0.006258799386795966,-0.04661780504802626,44.12584609985352,44.83056228637695,0.9842804517591879,0.028434317717503335,0.023728943448649432,48.54438180180307,0.877863213026198,18.969999313354492,-0.06872859441333212,18.428999996185304,1,0
2023-10-25,41.74980926513672,43.61950423451798,41.52596674486631,43.36767758718175,398379000,-0.043148642471985466,-0.009882214068288597,-0.10740060402874496,43.623498153686526,44.78744483947754,0.97401176401193,0.029167262015616997,0.02563502737969305,39.77216082152884,0.8755763305879286,20.190000534057617,0.0643121383691494,18.527500057220458,1,0
2023-10-26,40.297821044921875,42.22647269652664,39.852133556535904,41.8237544285133,541001000,-0.034778319847974304,-0.042160739843763784,-0.14099487451039827,42.962060165405276,44.724360656738284,0.9605964072944776,0.029610401901808775,0.026467441905181473,31.383586346716143,1.1740282004958686,20.68000030517578,0.024269428338627552,18.694500064849855,1,1
2023-10-27,40.47169494628906,41.1772028106397,39.987033298118384,41.1012557128223,416784000,0.004314722157641171,-0.02143210142546781,-0.10912661775744248,42.46630630493164,44.66759162902832,0.9507185132706792,0.02950801624414352,0.02636364750203622,33.293685490974084,0.9026081352197008,21.270000457763672,0.02852998761514658,18.882000064849855,1,1
2023-10-30,41.132240295410156,41.73681712722262,40.45271510334961,41.05829449956598,388028000,0.016321168411595366,-0.0422105911412094,-0.10703975227004636,41.97325134277344,44.62493278503418,0.9405784776184574,0.029740605098600107,0.025658055628979028,33.92274263666317,0.8444722722956693,19.75,-0.07146217325109949,18.989000034332275,1,0
2023-10-31,40.751502990722656,40.85043664876845,39.20258684468398,40.42173556666503,517969000,-0.009256420315379321,-0.06602852457720743,-0.07187406467486845,41.657671737670896,44.501356506347655,0.9360989194054986,0.02693743029716967,0.02505349954404412,28.157203103591513,1.121514854519667,18.139999389648438,-0.08151901824564878,18.90699996948242,0,1
2023-11-01,42.29542541503906,42.35138604007193,40.84044154012121,40.85543044867906,437593000,0.0378862694872355,0.013068710001460149,0.003057348143340688,41.670563507080075,44.434618377685545,0.9377950127283294,0.027677404903028117,0.026492210273932643,34.80262473862362,0.939774341022633,16.8700008392334,-0.0700109478029951,18.82150001525879,0,1
2023-11-02,43.47560119628906,43.85333542629518,42.864029312260996,43.297724168934685,409172000,0.02790315429314405,0.07885736918194075,0.03337194431133361,41.810964584350586,44.36254623413086,0.9424834265302566,0.02893996905730192,0.02707933625911967,43.43828244496828,0.8772595212862551,15.65999984741211,-0.07172501076628712,18.680000019073486,0,1
2023-11-03,44.973548889160156,45.27733347769254,43.6924433329055,43.98923665598296,424610000,0.0344549046281839,0.11123462827157615,0.08741853501096775,42.17251091003418,44.31949394226074,0.9515566889138299,0.02943145236243521,0.02767978986808967,46.542308040685626,0.9113183241924635,14.90999984741211,-0.047892720773170416,18.55299997329712,0,1
2023-11-06,45.71902847290039,45.90290181424292,44.867622664486824,45.25335451197863,400733000,0.01657595635998188,0.11151321067240927,0.06459558098866314,42.449916458129884,44.31423332214356,0.9579296148381724,0.027758562112760492,0.02782099978994739,56.31661967335213,0.8608984702533264,14.890000343322754,-0.0013413483765277734,18.412499952316285,0,1
2023-11-07,45.922889709472656,46.18570260804149,45.12644574728523,45.687054558944546,343165000,0.004459001938177831,0.12690051505406563,0.052492936699750636,42.67895622253418,44.29672264099121,0.9634788688190673,0.02756446896212111,0.02772210780361649,64.66873409617094,0.7392428601233338,14.8100004196167,-0.005372728130387805,18.301499938964845,0,1
2023-11-08,46.54145431518555,46.834248828049994,45.93587499644732,46.06778272127609,346719000,0.013469635940294378,0.10038979058564368,0.11477046564737492,43.158120727539064,44.252633819580076,0.9752667130163735,0.021647423108721704,0.02743831051456154,66.76908695296262,0.7494349554962271,14.449999809265137,-0.02430794059092134,18.219499921798707,0,1
2023-11-09,46.91719436645508,48.19629874432979,46.71733335440422,47.43383140399592,540496000,0.008073233997480278,0.07916148541862555,0.1642613210812136,43.820058059692386,44.206467361450194,0.9912589870934864,0.014663687667314308,0.02748997135414188,71.39777007785962,1.1608613504622325,15.289999961853027,0.058131499216304006,18.149499893188477,0,1
2023-11-10,48.30122756958008,48.438132884975005,47.249964459009426,47.46681189639429,421245000,0.02949948780642675,0.07399190774606579,0.19345699837088048,44.60301132202149,44.186162872314455,1.0094339137551185,0.014707076785937136,0.02714255040729901,70.94402417144832,0.9099036711079853,14.170000076293945,-0.07325048321473948,17.891999912261962,0,1
2023-11-13,48.586021423339844,49.081676995363466,48.06538560948801,48.28623183718149,384136000,0.005896203224845742,0.06270896487091449,0.1812150535540229,45.34838943481445,44.1884610748291,1.0262495758343138,0.015195829223023653,0.02703776644134565,69.99915600948967,0.8289379033504964,14.760000228881836,0.04163727236494141,17.76949996948242,0,1
2023-11-14,49.62129592895508,49.799172935741794,49.00572910678886,49.64528123020025,416954000,0.021308073295293717,0.0805351371152836,0.21765560254922844,46.235368728637695,44.210685348510744,1.0457962450517668,0.012112017824877159,0.024613702412696482,84.11428083954874,0.9398508019479824,14.15999984741211,-0.04065043171853533,17.5835000038147,0,0
2023-11-15,48.85383605957031,49.92508551038347,48.166317129461184,49.9001052683663,475497000,-0.015466340711527748,0.04968434653384435,0.1550619382634053,46.89120979309082,44.247199859619144,1.0597554182379947,0.014789420757864848,0.022755244789161334,89.41988699754718,1.0904677723460443,14.180000305175781,0.0014124617216946245,17.33150005340576,0,1
2023-11-16,49.44542694091797,49.490397480832705,48.296232754650504,48.64498792594149,339756000,0.01210940489148693,0.05388712195183021,0.13731439198909734,47.48819236755371,44.31193450927734,1.071679512380832,0.014037153242539584,0.022653251293719808,89.81202926080323,0.7938691717362798,14.319999694824219,0.009873017393189798,16.97750005722046,0,0
2023-11-17,49.263553619384766,49.68225956451404,48.972756588136555,49.48939362933796,325205000,-0.00367826375026592,0.019923428414286404,0.09538950863756757,47.91719284057617,44.38640251159668,1.079546665852386,0.012687296848874924,0.02205909620478862,87.67477990678405,0.7736128795524437,13.800000190734863,-0.03631281530524766,16.58200011253357,0,1
2023-11-20,50.373775482177734,50.51267829045294,49.14663294635536,49.27754192431734,414120000,0.0225363738753126,0.03679564628807186,0.10181202804946765,48.382667541503906,44.49094940185547,1.0874721306685835,0.013200653473656506,0.02121830711030549,91.75993205624233,0.9927334509964911,13.40999984741211,-0.028260894053073637,16.234000062942506,0,0
2023-11-21,49.90909957885742,50.48169721701578,49.187603987551,50.090971605091276,565747000,-0.009224559780807273,0.005800002690667494,0.0868022438179128,48.78128852844238,44.59235855102539,1.0939382915264226,0.014466685401209834,0.021479661074906318,86.45804677507564,1.33002574609668,13.350000381469727,-0.004474233156233853,15.953000116348267,0,0
2023-11-22,48.68195724487305,50.29982538193606,47.6566732297451,49.81716500278888,899420000,-0.024587547047316805,-0.0035182255593538825,0.04599132023661534,48.99533882141113,44.656933288574216,1.0971496520999782,0.017654680485461014,0.01951137961142187,74.81897874516419,1.9968584701970948,12.850000381469727,-0.03745318245039286,15.586000108718872,0,0
2023-11-24,47.742618560791016,48.8868189750065,47.711638178100976,48.43613388773008,294645000,-0.019295417383428215,-0.03443813686069752,0.01759321301032646,49.077881240844725,44.70080253601074,1.0979194657927636,0.01912463250355623,0.01797605886065808,63.9428789410177,0.6725523893305565,12.460000038146973,-0.0303502203692656,15.175000095367432,0,1
2023-11-27,48.20829772949219,48.49609472751031,47.618709763103155,47.766605177915785,395662000,0.009753951139236827,-0.02142062056760241,-0.0019239643537841689,49.06858825683594,44.787582092285156,1.095584667994127,0.016842779577473037,0.017947903131015693,62.89743473182185,0.9053147100197784,12.6899995803833,0.018459032225695893,14.746000051498413,0,0
2023-11-28,47.78758239746094,48.289234319970646,47.439826002688484,48.202293315261734,401491000,-0.008727031483085734,-0.0513400685170361,-0.016433513230522556,48.98874435424805,44.86462821960449,1.0919235553330953,0.01690243063722522,0.0182764364052465,59.44903777233606,0.9172392877357333,12.6899995803833,0.0,14.393000030517578,0,1
2023-11-29,48.10636520385742,48.72793227517069,47.826562052543174,48.34520044689955,382005000,0.006670829332714234,-0.036120354608915384,-0.030529850072167575,48.83725128173828,44.9569637298584,1.0863111569365786,0.015259111751067807,0.01784123431638535,58.1784167246142,0.8864900339054793,12.979999542236328,0.02285263762351275,14.135000038146973,0,0
2023-11-30,46.73731994628906,48.07638377452515,46.3895635380406,47.990441518765145,526247000,-0.028458713348365472,-0.0399457501020829,-0.043323437502440165,48.62559967041015,45.04752044677734,1.0794289938301984,0.016903839738080267,0.018249232323983244,49.14837243828125,1.2087871574963893,12.920000076293945,-0.004622455166284678,13.9375,0,0
2023-12-01,46.732322692871094,47.16702011217605,46.15472745047927,46.4924925258304,369317000,-0.00010692212184415517,-0.02116129986949722,-0.05487068098913872,48.35428924560547,45.16240013122559,1.0706758078646266,0.01600447714281631,0.017470454649246955,41.45624722931872,0.8522205056552485,12.630000114440918,-0.022445817348339614,13.78600001335144,0,0
2023-12-04,45.47819137573242,46.044796441168046,44.978540825820026,46.044796441168046,437543000,-0.026836485859710657,-0.056631461435934116,-0.07683900095592855,47.97575302124024,45.24034545898437,1.0604638964292576,0.01733026538158221,0.017176539357855614,34.69189272474122,1.008151631380411,13.079999923706055,0.03562943825713938,13.694500017166138,0,1
2023-12-05,46.53755187988281,46.57152769132749,45.24334109197845,45.43822164958941,371718000,0.02329381341043546,-0.02615806146419619,-0.07615517331338761,47.59213066101074,45.327246475219724,1.0499673896368098,0.017478739158549843,0.017564668610815154,34.8464881778295,0.8593554937829785,12.850000381469727,-0.01758406296467019,13.592500019073487,0,0
2023-12-06,45.47520065307617,47.358052404807324,45.3842566412969,47.18615659482553,380590000,-0.022827827934495892,-0.05469472781057816,-0.08883948945573739,47.14874076843262,45.3991162109375,1.0385387360706726,0.018123555523793345,0.018327841258637755,33.86501534090475,0.876076262992298,12.970000267028809,0.009338512217643702,13.500500011444093,0,1
2023-12-07,46.567535400390625,46.60051618631754,45.57614082890342,45.67208285394523,350823000,0.024020449203681737,-0.0036327403046121365,-0.043433377870301326,46.93729858398437,45.48170051574707,1.032004037925832,0.019939284017124845,0.018889194875901724,36.88367774845352,0.8071746402723139,13.0600004196167,0.00693910182998847,13.43100004196167,0,1
2023-12-08,47.47697830200195,47.71183534651791,46.52156105756746,46.566535548739374,359224000,0.01952954765142456,0.015934487442980316,-0.00556400689356451,46.91073455810547,45.570062255859376,1.0294200234952215,0.02045766261531672,0.019309620450465782,42.36390055755233,0.844106307522489,12.350000381469727,-0.05436447284339452,13.284000062942505,0,0
2023-12-11,46.598514556884766,47.50196163403656,45.802004370558734,47.461988967358906,509728000,-0.018502941352528057,0.02463429497220848,-0.03339224258944562,46.749756240844725,45.63266052246094,1.0244801794502851,0.0208517871008229,0.018517789249004577,33.53781142460204,1.185437662241617,12.630000114440918,0.022672042455262664,13.207000064849854,0,1
2023-12-12,47.627891540527344,47.6368849146668,46.017875514105,46.017875514105,372387000,0.022090339003960624,0.02342924405346425,-0.0033416810167420374,46.73378715515137,45.6902042388916,1.0228404082153668,0.02217836311800322,0.019205467176796092,40.51958576960503,0.8672183849263613,12.069999694824219,-0.044338908514846676,13.072500038146973,0,1
2023-12-13,48.058624267578125,48.56431567041087,47.5789179572985,47.59990503689136,447792000,0.009043707649419419,0.05680950446399402,-0.0009924037302961874,46.72901306152344,45.781644897460936,1.0206931875467637,0.022271504025074055,0.018649496513959436,47.2258713812632,1.039091106225991,12.1899995803833,0.009941995740939458,12.974000024795533,0,1
2023-12-14,48.32045364379883,48.64025779907837,47.393023118434655,48.360430116300336,391232000,0.005448124664636733,0.03764249553549481,0.03387300982018471,46.88732643127442,45.86784950256347,1.0222263947354664,0.019890122563212233,0.018405981247366674,52.73667596741918,0.9168083244636103,12.479999542236328,0.023789989486111995,12.88899998664856,0,1
2023-12-15,48.860130310058594,49.373816223552424,48.09060027989247,48.164556381448534,479948000,0.01116870032384365,0.029133109509589694,0.04553181812022555,47.100107192993164,45.95191650390625,1.0249867856760515,0.01998136785969,0.01837353894491181,53.065646757921655,1.1065282557242528,12.279999732971191,-0.016025626330215204,12.786999988555909,0,1
2023-12-18,50.046409606933594,50.402191134156865,49.11997773498407,49.36982501987744,412587000,0.024279085817967783,0.0739915227520791,0.10044854672120529,47.55692901611328,46.03824424743652,1.0329874606102365,0.017405808512880167,0.019160417026574204,59.90991443310425,0.9417401468530942,12.5600004196167,0.022801359343169958,12.725,0,0
2023-12-19,49.573692321777344,49.66963433728467,48.86512588284418,49.39380199579273,464444000,-0.009445578391516829,0.0408542288628142,0.06524065661492151,47.86054306030273,46.12489097595215,1.0376294024251567,0.01765342160400717,0.018591338845342118,56.35165889079667,1.054051324531492,12.529999732971191,-0.0023885896212750835,12.680999994277954,0,0
2023-12-20,48.081607818603516,49.9684548790202,48.0686152726536,49.624663268494515,397894000,-0.030098312901304047,0.0004782398867146931,0.05731491292168789,48.12118377685547,46.17120307922363,1.0422336990934788,0.019086158727264487,0.019654395644297135,55.757723895509166,0.9205504831459101,13.670000076293945,0.09098167339325469,12.696999979019164,1,1
2023-12-21,48.9600715637207,49.06500695718709,48.389417453965386,48.781180068606574,300425000,0.018270265595762725,0.01323700155294305,0.05137777086029782,48.36043739318848,46.214938735961915,1.0464243535945024,0.018553862913537143,0.01935944952165758,58.877442284334876,0.74679623978119,13.649999618530273,-0.0014630912693524012,12.736999940872192,1,0
2023-12-22,48.800167083740234,49.352826795671184,48.437386098484225,49.16494193668389,252507000,-0.0032660181015535805,-0.001227242455921429,0.027870113664805185,48.4927562713623,46.25269805908203,1.0484308657933614,0.01798640411222062,0.018822754294354743,64.50262128872814,0.6309863955607776,13.029999732971191,-0.045421238306660006,12.765499925613403,1,1
2023-12-26,49.248897552490234,49.56970061762821,48.930092167702746,48.938086701471754,244200000,0.00919526500759682,-0.015935449929516454,0.05687698461653823,48.757794570922854,46.32909133911133,1.0524228548760937,0.01638594230936395,0.01880990312178313,62.50345234983202,0.621999051973599,12.989999771118164,-0.003069835968746104,12.780499935150146,1,1
2023-12-27,49.386810302734375,49.64965012045702,49.05501239405432,49.48075464580007,233648000,0.00280032157262311,-0.0037697821221372996,0.03693043519909622,48.93368644714356,46.39557174682617,1.0547059687973566,0.015339974484868207,0.01866456587914823,69.71985025756453,0.608121095345693,12.430000305175781,-0.04311004432713539,12.767499971389771,0,1
2023-12-28,49.49174499511719,49.85352335128604,49.38181158719183,49.61267326878179,246587000,0.0021247513605267,0.029327995474561996,0.02982026117851011,49.07699851989746,46.507260665893554,1.0552545520250012,0.015229794374372236,0.018629946448660326,66.37194640103542,0.653310885737294,12.470000267028809,0.0032180177691847334,12.742000007629395,0,0
2023-12-29,49.49174499511719,49.96645709185245,48.721216111915,49.782567581126976,389293000,0.0,0.010859327088697635,0.024240073571177634,49.1941276550293,46.65376541137695,1.0544513871764112,0.015231828992811692,0.017250102051390697,62.55915650703743,1.0504558420817802,12.449999809265137,-0.001603885913022296,12.718499994277954,0,0
2024-01-02,48.138572692871094,49.26488309320295,47.565924699352884,49.21391556134482,411254000,-0.027341373846882844,-0.013557215690140123,-0.014767820155382472,49.121971893310544,46.7751050567627,1.0501734166860741,0.017497160189480575,0.018536032653232073,59.06362771409084,1.1034711847234386,13.199999809265137,0.06024096477831753,12.746999979019165,1,0
2024-01-03,47.539939880371094,48.15456203597886,47.2910914479061,47.45599156277329,320896000,-0.012435616160024865,-0.03470042492418657,-0.050082907969790647,48.871324920654295,46.89874214172363,1.0420604623674063,0.0152269300871433,0.01762883266704567,49.454737230454874,0.8747124404931216,14.039999961853027,0.06363637611557316,12.794999980926514,1,1
2024-01-04,47.96868133544922,48.47037358886087,47.4789789763883,47.737819636783634,306535000,0.00901855274022223,-0.02871473088851495,-0.032376264731506676,48.71082382202148,46.99921630859375,1.0364177883773513,0.015741395269502956,0.017015273528788583,49.442254485997935,0.8430562511465218,14.130000114440918,0.006410267295756666,12.858999967575073,1,1
2024-01-05,49.0670051574707,49.516731000212985,48.27648803927744,48.43239477719924,415039000,0.022896685742533007,-0.008582033987453608,0.020494267633161867,48.809363555908206,47.10790657043457,1.0361182890377363,0.014544780358284616,0.016620003015394583,54.19431025688286,1.1360904341551696,13.350000381469727,-0.05520167916870922,12.877999973297118,1,1
2024-01-08,52.22107696533203,52.24306669740862,49.44877334196531,49.48175412771333,642510000,0.06428091133214608,0.055147216378895525,0.06660540512828272,49.135464096069335,47.31733192443848,1.0384242326793542,0.024255188178101402,0.02103260337147698,64.59508242670256,1.6912319215385891,13.079999923706055,-0.020224752812624813,12.878999948501587,1,1
2024-01-09,53.10753631591797,54.291813775257275,51.658421354299875,52.368989354850214,773100000,0.01697512579402427,0.10322208044574488,0.0882654607470168,49.56620101928711,47.5735262298584,1.0418862116674052,0.024173002793474944,0.020953425959448563,63.64850145694049,1.9298537719517435,12.760000228881836,-0.02446480861549971,12.899499940872193,0,1
2024-01-10,54.31679916381836,54.56664645309511,53.45632503855136,53.58325017590931,533796000,0.022770079950741984,0.14255085935111556,0.10290385903413735,50.07299118041992,47.85042831420898,1.046448128982598,0.02457845419361099,0.02045789100303841,69.8444811244116,1.328499463792892,12.6899995803833,-0.00548594414129322,12.902499914169312,0,1
2024-01-11,54.78850555419922,55.312187494704844,53.527279337957886,54.965399369459846,596759000,0.008684355441457514,0.14217243478215225,0.10937526068910297,50.61316070556641,48.123553619384765,1.0517336501346566,0.02445416347651915,0.02018590264016547,80.68025283066412,1.4448590306140854,12.4399995803833,-0.019700552266877946,12.920999908447266,0,0
2024-01-12,54.67657470703125,54.93641799826661,54.29680960809761,54.58662953889082,352994000,-0.0020429622242067458,0.11432467768427612,0.1047615054273312,51.13164367675781,48.40205505371094,1.0563940646738634,0.024651220622173713,0.02028512438925669,78.1219235280319,0.8645829455298587,12.699999809265137,0.020900340647264315,12.946499919891357,0,1
2024-01-16,56.34755325317383,56.80027560728274,54.86646024002656,54.98438817814625,449580000,0.030561141678973724,0.07901936397407572,0.1385242783161722,51.81722450256348,48.68309761047363,1.064378132163381,0.0251249253714334,0.020971528404343916,82.32324585508091,1.0933371076542353,13.84000015258789,0.08976380790896399,13.014499950408936,1,0
2024-01-17,56.018760681152344,56.43650460830921,54.706563019184806,56.312579806380306,474394000,-0.005835081614709914,0.054817537532084515,0.16369799824680387,52.6052433013916,48.9339608001709,1.0750252471123873,0.021979679403959666,0.021176549841487854,79.29428768661361,1.1544621231128722,14.789999961853027,0.06864160395890595,13.139999961853027,1,1
2024-01-18,57.07211685180664,57.56481575240513,56.07272766296372,57.225023275703855,491650000,0.018803632173331808,0.05072680515798256,0.200508814176505,53.55846099853515,49.17593215942383,1.0891193851680039,0.019668574215471295,0.020976805311190626,80.81428411049023,1.1850550255769656,14.130000114440918,-0.04462473624843866,13.218499946594239,1,1
2024-01-19,59.454654693603516,59.463648066531206,57.19003646845247,57.953569636409725,543501000,0.04174609201868873,0.0851665708382634,0.23944734435853832,54.707058334350585,49.45064468383789,1.1062961602243917,0.020596028697313532,0.021989484689551492,83.77723131711075,1.297670810530621,13.300000190734863,-0.058740263056175857,13.256999969482422,1,1
2024-01-22,59.61756134033203,60.29414976562131,59.03391842649556,60.01232052303933,452955000,0.0027400150176306592,0.09036752319938923,0.21502343884656172,55.76211395263672,49.72453811645508,1.121420450845448,0.02145435722277081,0.020026905553253163,83.9544708907807,1.0744194800929785,13.1899995803833,-0.00827072246421412,13.23299994468689,0,1
2024-01-23,59.83642578125,59.8734019281728,58.549210583878605,59.53360947543731,294654000,0.0036711404491800437,0.06191701904784397,0.14582902648625118,56.52364883422852,49.990437545776366,1.1306892199627114,0.015147872042253117,0.020013918902210322,92.45562162946456,0.6994046418095167,12.550000190734863,-0.04852156254805884,13.17799997329712,0,1
2024-01-24,61.32450866699219,62.810599654408506,59.901378913458146,60.26715642389318,560271000,0.024869180709127248,0.0947137694823188,0.15472328262780555,57.34534606933594,50.27858383178711,1.1405521337114726,0.015532116799485372,0.02000139986201299,96.99493420395525,1.2830218319651334,13.140000343322754,0.04701196363514493,13.183500003814697,0,1
2024-01-25,61.5793571472168,62.680685096135214,60.81282362309359,62.3119072339738,482777000,0.004155736193639958,0.07897447201956154,0.13370739983213498,58.07160186767578,50.544146423339846,1.1489283324974693,0.015559142672708064,0.02006591161603003,96.958876005752,1.0761627619914105,13.449999809265137,0.02359204397585213,13.206500005722045,1,0
2024-01-26,60.993709564208984,61.74525282231352,60.53599302202027,60.92275379769683,390309000,-0.009510453017684384,0.02588619643889789,0.11325740585990807,58.692122268676755,50.79230018615723,1.1555318828555932,0.01707545823552239,0.02052781831677932,92.65799966599612,0.8551106195805082,13.260000228881836,-0.014126363054103419,13.248000001907348,1,1
2024-01-29,62.42683792114258,62.45082152019551,60.86979110422985,61.19458949954275,348733000,0.023496330476914462,0.047121628554605666,0.1417474166155961,59.46714859008789,51.04841102600098,1.1649167406953944,0.016830045529021505,0.020608190630915492,91.6272728772087,0.7555692774347308,13.600000381469727,0.02564103670581619,13.304500007629395,1,1
2024-01-30,62.73564529418945,63.45420777642383,62.22195939324812,62.86157157548254,410735000,0.004946708552449275,0.04845241798930999,0.11336946632471223,60.10595779418945,51.32604721069336,1.171061499192692,0.015861104554941503,0.020487497180650842,91.21321722432411,0.8878412855762835,13.3100004196167,-0.02132352600873144,13.347500038146972,0,0
2024-01-31,61.489410400390625,62.23095765369269,60.66291599295292,61.40246175375336,453795000,-0.019864861323332095,0.002689002113231753,0.09765745712184049,60.65302276611328,51.566926879882814,1.1762000653518703,0.0179849805914402,0.019785710096835992,80.60556222383477,0.9764299730295365,14.350000381469727,0.07813673396435372,13.405000066757202,1,1
2024-02-01,62.988494873046875,63.15239614325578,61.612337231861346,62.06205926012063,369146000,0.024379555160716437,0.02288328087708469,0.10366494792198955,61.24466056823731,51.84142570495605,1.181384572962898,0.01838722549986138,0.019042684734661565,82.16892871103278,0.7901890063107706,13.880000114440918,-0.03275263097802583,13.397000074386597,1,1
2024-02-02,66.11959075927734,66.55931680667902,63.65109449153059,63.934921410632114,476578000,0.04970901261478278,0.08403950557675577,0.11210116516564139,61.911154174804686,52.156342010498044,1.1870302208376344,0.02001238123786934,0.02055794512043207,86.29393006808897,1.0019219457103945,13.850000381469727,-0.0021613640290952807,13.383000087738036,1,1
2024-02-05,69.2896499633789,69.45455008972388,67.16395031831868,68.1833239064927,680078000,0.04794432584501096,0.10993368030117767,0.1622355629045764,62.878363037109374,52.543953018188475,1.1966812435170906,0.022875260166836834,0.021707194101035644,87.48410399802542,1.3909922108256894,13.670000076293945,-0.012996411568089838,13.399000072479248,1,0
2024-02-06,68.18132019042969,69.71138308978904,66.25949848302591,69.58745829595591,683111000,-0.0159956035791059,0.08680352088041099,0.1394617793463626,63.712852478027344,52.93394027709961,1.2036295077317516,0.024761389521734588,0.01997898573360596,83.7044013987729,1.3914183602344699,13.0600004196167,-0.04462323725477424,13.39800009727478,0,1
2024-02-07,70.0561752319336,70.17710350841662,67.5587013332111,68.2772638618389,495575000,0.027498074784522375,0.1393209786166456,0.14238461513579503,64.58601913452148,53.38021141052246,1.2099243788643013,0.024910042335057524,0.020209497276188954,84.41403208073427,1.0387898368277748,12.829999923706055,-0.0176110634395672,13.40150008201599,0,0
2024-02-08,69.59844970703125,70.75074512715133,69.412566337875,70.03118381151026,414422000,-0.006533692759945309,0.10493908208644642,0.13022371345389883,65.38792839050294,53.808014450073244,1.2152079770788482,0.025584194862975203,0.02060891981311525,79.94094535621386,0.8796884998190939,12.789999961853027,-0.0031176899525243718,13.406500101089478,0,1
2024-02-09,72.08895111083984,72.14091368127717,70.1691190330097,70.48992214211897,436637000,0.035783863208047606,0.09028126585500584,0.1819079643770598,66.49745254516601,54.29404182434082,1.2247651917370097,0.025240603219019143,0.02121495092720954,82.36419274736389,0.9428675233308087,12.930000305175781,0.010946078478523358,13.431000137329102,0,1
2024-02-12,72.20386505126953,74.56542046599529,71.2064736279646,72.55564739281085,613710000,0.001594057600491361,0.04205844724906038,0.15661576744408023,67.47515525817872,54.77599182128906,1.2318381286152091,0.025575456846878453,0.021085150898314618,82.26852813987246,1.2889532083165005,13.930000305175781,0.07733951866959421,13.492500162124633,1,0
2024-02-13,72.08394622802734,73.40513741451034,69.57748237910234,70.35700477469595,602580000,-0.0016608366208240577,0.057238933284038174,0.14901099510494276,68.4099853515625,55.28292434692383,1.2374523627270653,0.025945183811740137,0.021000711087472302,80.2313751315143,1.2455647503811387,15.850000381469727,0.13783201968635694,13.593000173568726,1,1
2024-02-14,73.85487365722656,74.19066701109121,71.89407378756496,73.15730185072407,504917000,0.024567570476748513,0.054223605738062286,0.20109907017025797,69.64653167724609,55.825375366210935,1.2475783856421787,0.023095051376188058,0.020694409167224044,81.78336309239849,1.0404080553596313,14.380000114440918,-0.09274449411038432,13.57250018119812,1,0
2024-02-15,72.61361694335938,73.9298138493264,72.35577892403286,73.82388341395547,420122000,-0.016806700118777274,0.043322333313747796,0.152807621291982,70.60904388427734,56.36808387756348,1.252642258297204,0.02552042487431059,0.021773738676493803,79.0980146486933,0.8721103903989431,14.010000228881836,-0.02573017264356725,13.566500186920166,1,0
2024-02-16,72.5686264038086,74.35653464053262,72.45669533307102,74.05471723562285,495327000,-0.000619588190819309,0.00665393636025069,0.09753592801277855,71.25394744873047,56.88870536804199,1.2525148355504387,0.022628232992136052,0.020801075056725352,77.29412694713565,1.0333917770448902,14.239999771118164,0.016416812168366768,13.613500165939332,1,0
2024-02-20,69.40957641601562,71.91204456852859,67.69262359545532,71.90304738257117,704833000,-0.043531897244608375,-0.03869998695041843,0.0017307989389483414,71.26594009399415,57.36739288330078,1.2422725961935623,0.023851560852491394,0.024003403481784823,65.57223546761006,1.4328334846127029,15.420000076293945,0.082865191302115,13.725000190734864,1,0
2024-02-21,67.43077850341797,68.84591377259603,66.20752727493073,67.96444884340175,673755000,-0.028509004301329632,-0.0645520669732722,-0.011008025144063849,71.19088592529297,57.78465774536133,1.2320032462424306,0.025104376996195374,0.025343279251348428,63.40470256851443,1.3188370321992529,15.34000015258789,-0.005188062471480959,13.864500188827515,1,1
2024-02-22,78.49002838134766,78.52700071768926,74.17466516688725,74.97917375100998,865100000,0.16400893068984979,0.06276030943649924,0.12038700544944492,72.03427124023438,58.40491874694824,1.2333596687693071,0.05790385227543638,0.04338559099828292,74.43366396308838,1.6443266832917707,14.539999961853027,-0.05215125050698921,13.934500169754028,1,1
2024-02-23,78.76885223388672,82.34366290568272,77.5226123761237,80.74064650613892,829388000,0.003552347454690352,0.08476695624910957,0.13176159189547332,72.95131149291993,59.04832550048828,1.2354509780690848,0.05761622949775595,0.043392458934410356,71.90773182662653,1.5261742018544555,13.75,-0.054332872347019445,13.949500179290771,0,1
2024-02-26,79.04369354248047,80.59674521460998,78.45704646976243,79.6513162598183,503973000,0.0034892130683543687,0.08922681135841426,0.09647445724307202,73.64678573608398,59.67664154052734,1.2340973592836872,0.05715266400995467,0.0431305892970499,68.7764210066242,0.9177733879716986,13.739999771118164,-0.0007272893732244157,13.973500156402588,0,0
2024-02-27,78.65291595458984,79.4314469973946,77.1148623296948,79.3325008302499,391705000,-0.004943817404997719,0.13317095443967308,0.08931725329026441,74.29169082641602,60.28852737426758,1.23226912419369,0.05730443251096325,0.04326521288628174,70.73038997570411,0.7105445773052927,13.430000305175781,-0.022561824680231046,13.96500015258789,0,0
2024-02-28,77.61555480957031,78.88477556464643,77.07788148076835,77.57258181183745,393110000,-0.013189099633870494,0.15104046745709887,0.07673842611286164,74.84485168457032,60.87442939758301,1.2294957410728846,0.05767880869364488,0.0436193624525747,65.47839277150217,0.7142349713323077,13.84000015258789,0.030528655107632474,13.99150013923645,0,1
2024-02-29,79.06367492675781,79.9411369643908,78.30213934805526,79.04568817875618,507289000,0.01865760182659848,0.007308527684855237,0.0705275225803812,75.36573181152343,61.478500289916994,1.2258876104022998,0.05752940237189454,0.04300565812494866,68.62534447007306,0.9172275080921363,13.399999618530273,-0.03179194575191846,13.944000101089477,0,1
2024-03-01,82.22872924804688,82.24972013852617,79.38646508056598,79.95112232187887,479135000,0.04003171272042527,0.04392443099065124,0.1324147275598122,76.32724304199219,62.122146682739256,1.228663964749947,0.05759082107580094,0.0433556355670536,69.43671533446644,0.8577928620054255,13.109999656677246,-0.021641788814083185,13.905500078201294,0,1
2024-03-04,85.18492126464844,87.6414196546175,83.6678509917937,84.07859536447201,615616000,0.03595084155665429,0.07769408850900272,0.17385329564647378,77.58887252807617,62.83437126159668,1.2348157699398703,0.05772771107250383,0.04286987415605772,72.43888318138477,1.088585594316302,13.489999771118164,0.02898551673472971,13.887500047683716,0,1
2024-03-05,85.91551971435547,86.04844794548417,83.36995895717057,85.22191083370436,520639000,0.008576617068615233,0.09233737454767321,0.23780498528631333,79.23946685791016,63.59104949951172,1.2460789290561811,0.05382091286111287,0.04210519728157983,73.4147382255483,0.9338025551917398,14.460000038146973,0.07190513591449865,13.927000045776367,1,1
2024-03-06,88.64997100830078,89.67339555623481,86.98091470216241,87.97235961581464,582520000,0.031827210066779354,0.14216758774453653,0.3146811141118182,81.36138610839843,64.38484748840332,1.2636728870570493,0.05072755962554652,0.04181271306126174,74.25460377988108,1.0543011612389215,14.5,0.0027662490835065334,13.999000024795532,1,1
2024-03-07,92.61672973632812,92.71467403344542,89.55145830366479,90.10714445366249,608119000,0.04474630598193774,0.17141948969770815,0.17998084146874294,82.77405624389648,65.26117874145508,1.268350615789857,0.02030085703790872,0.04228130189842354,80.10244149316766,1.0895361661045515,14.4399995803833,-0.004137959973565475,14.079500007629395,1,0
2024-03-08,87.47863006591797,97.34506345152579,86.45720334881955,95.08433828640496,1142269000,-0.05547701462832777,0.06384509241331604,0.11057388275976754,83.64503402709961,66.02577339172363,1.266854286292761,0.030582120167468134,0.044918214924505415,69.45552361003814,1.9212742280886714,14.739999771118164,0.020775637081209553,14.17699999809265,1,0
2024-03-11,85.72563171386719,88.7469219574668,84.11853680206842,86.38026112101332,678364000,-0.020039161001147776,0.006347490156607627,0.0845347411276478,84.31322784423828,66.7525498199463,1.2630712695119355,0.03208928330788484,0.0451227728217839,72.10121397742027,1.118261894052745,15.220000267028809,0.032564484624427736,14.291499996185303,1,1
2024-03-12,91.86116790771484,91.90813847414768,86.10141744907258,87.99934858682109,668075000,0.0715717816385033,0.06920342463302265,0.16793086172101712,85.63405303955078,67.59993827819824,1.2667770891614667,0.0372109374367419,0.04713653957798825,79.7432016255686,1.0963879385921005,13.84000015258789,-0.09067017675620026,14.286999988555909,0,0
2024-03-13,90.83673095703125,91.45238079004136,88.38511175577527,91.00363657004534,635713000,-0.011152013130431349,0.024667350974381108,0.17034183650299317,86.95617065429687,68.42683799743652,1.2707904266678889,0.03703694201928162,0.04734041352937838,69.89218709859023,1.0404494479486814,13.75,-0.00650290112685159,14.181999969482423,0,0
2024-03-14,87.8943862915039,90.59486542464842,86.55114274535384,89.52646826118793,602318000,-0.0323915737007221,-0.0509880175889208,0.11169113215299697,87.83924179077148,69.22195426940918,1.2689506200432386,0.04009380549974147,0.04828862600481826,63.540344067480405,0.9779977381535182,14.399999618530273,0.04727269952947433,14.18299994468689,1,0
2024-03-15,87.78746795654297,89.4955039098344,86.20836469105882,86.8809817189237,642086000,-0.001216440997794055,0.003530438124057067,0.06760093168566295,88.39511566162109,70.02690483093262,1.2623021947783528,0.0389214974976059,0.047961450999607476,63.038870045904275,1.02411499685709,14.40999984741211,0.0006944603574132735,14.202999925613403,1,1
2024-03-18,88.40511322021484,92.3528823706334,87.03588315502401,90.33702166642148,668976000,0.007035688328288714,0.031256480153930566,0.03780237051064561,88.71713485717774,70.83563346862793,1.2524365282406809,0.03760326150733413,0.04789797976285579,64.4449110346988,1.0524296304022431,14.329999923706055,-0.005551694972461885,14.207499933242797,1,1
2024-03-19,89.34758758544922,90.49293740706634,84.96206166270107,86.65110342037197,672171000,0.010660858076010804,-0.02736281694993048,0.0399470070425505,89.0603416442871,71.6412451171875,1.2431434085017121,0.03763506560699644,0.046154823082712355,67.42641877547116,1.0601797856694637,13.819999694824219,-0.03558968817844477,14.127499914169311,0,1
2024-03-20,90.32102966308594,90.35901024319512,88.17323967680368,89.74634940187569,479063000,0.010895001241144397,-0.005677233080847666,0.018850075592564908,89.22744750976562,72.40324417114257,1.232368086972111,0.036515225720794485,0.045088747704583605,66.96051385325572,0.7673830449391056,13.039999961853027,-0.056439924037285816,14.012499904632568,0,1
2024-03-21,91.38341522216797,92.59573598079588,90.35399750860053,92.24793272927035,480372000,0.011762327810532325,0.03969569705046472,-0.013316325437869536,89.1041160583496,73.16876174926757,1.2177890390394852,0.03364864744724686,0.028531176249533406,64.7255870302451,0.7939441864700818,12.920000076293945,-0.009202445238506662,13.931499910354614,0,1
2024-03-22,94.2358169555664,94.72453954495887,90.78276394753543,91.0895899885777,586719000,0.031213560211815095,0.07345409486255527,0.07724385812348311,89.77983474731445,73.96714210510254,1.2137799594817804,0.02882885826655759,0.028970401680054315,64.60741132939721,0.9895556099762596,13.0600004196167,0.010835939821674634,13.896999931335449,0,1
2024-03-25,94.94841003417969,96.71141493346599,93.45725487677139,93.88801151365493,552136000,0.007561807194278236,0.0740149135680157,0.10758483939898,90.70211257934571,74.77034019470214,1.2130760986663587,0.027135272460561872,0.028940963171638866,64.5868297556991,0.9274612508656063,13.1899995803833,0.009953993613303291,13.869499921798706,0,0
2024-03-26,92.50879669189453,96.32064875325118,92.44983185631351,95.79694219210086,513648000,-0.02569409368105202,0.03538102361658102,0.007050082193928775,90.76687545776367,75.52698463439941,1.2017807396539848,0.019088674161781102,0.02984768342922421,56.29136222625241,0.854063129918697,13.239999771118164,0.003790765149775055,13.859999895095825,0,0
2024-03-27,90.19910430908203,93.1874159899472,89.07274096879794,93.05948982143728,586067000,-0.02496727300977719,-0.0013499110280154047,-0.007019480349318541,90.70311279296875,76.20401565551758,1.1902668384694417,0.020502786603599457,0.030410415218946347,45.8332007442521,0.9590914874405699,12.779999732971191,-0.0347432058987206,13.80699987411499,0,1
2024-03-28,90.3050308227539,91.24849853375163,89.14268488587938,89.9492288448454,435212000,0.0011743632543057547,-0.011800657666299008,0.02742660405244801,90.94417724609374,76.88974105834961,1.182786884105626,0.01718294668055391,0.03033845499654287,55.893637019082384,0.7164444658084166,13.010000228881836,0.017996909289228258,13.787499904632568,0,1
2024-04-01,90.31202697753906,92.17297617207028,89.15368416261286,90.24806771473163,452441000,7.747248100598014e-05,-0.04163798972398647,0.028757624291497086,91.19663314819336,77.55453926086426,1.1759032290997466,0.0171538322798587,0.029355621717266564,60.31466215701468,0.7464468620561197,13.649999618530273,0.04919288073705452,13.81449990272522,0,0
2024-04-02,89.40154266357422,90.04317879660557,87.57057538202243,88.39810360146309,433064000,-0.010081540016716573,-0.05841980259183588,0.011271174336684453,91.2962760925293,78.15347702026367,1.1681665304393043,0.017552670148930742,0.028604921292617304,42.7689364916732,0.7254020361186777,14.609999656677246,0.0703296750897886,13.870499897003175,1,0
2024-04-03,88.91382598876953,90.32303448482294,88.35014869042175,88.43410095294554,370067000,-0.005455349653640806,-0.038860852499230325,-0.004854765622685164,91.25289993286133,78.73940231323242,1.1589229439391613,0.017332117401518125,0.028627961408965105,44.16262630052542,0.6277961558688313,14.329999923706055,-0.019164937683158856,13.863999891281129,1,0
2024-04-04,85.85653686523438,90.58287298050408,85.83154944356146,90.35499714995936,434965000,-0.034384856230585736,-0.04814424131050277,-0.049429161896237694,90.80645065307617,79.2598045349121,1.1456809815002513,0.019805698375754296,0.028837313997772746,43.856562269280396,0.747244100913558,16.350000381469727,0.14096304734949738,13.956499910354614,1,1
2024-04-05,87.9583740234375,88.43110686367916,85.87754736667624,86.81701209960936,399678000,0.02448080524727314,-0.02598589223586345,-0.03747989928373363,90.46394653320313,79.79248184204101,1.1337402277107709,0.02134189596386677,0.02746078978875659,50.459907127544206,0.6991408682838461,16.030000686645508,-0.019571846321599473,14.035999965667724,1,0
2024-04-08,87.08385467529297,88.77989605626742,86.68307988880372,88.64996450448324,283220000,-0.009942422854605115,-0.03574465561545803,-0.07589430973624067,89.74875030517578,80.30257179260254,1.1176323286005072,0.017504067372912244,0.02454595860685206,46.49298597194389,0.5356733342128196,15.1899995803833,-0.05240181349224815,14.058499956130982,1,0
2024-04-09,85.30584716796875,87.58556628736338,82.97516956737525,87.39267436773328,501700000,-0.02041718885726662,-0.04581235819406304,-0.10155581186393525,88.78449401855468,80.78881454467773,1.098970129948561,0.017018813005317327,0.024562386732213635,39.727647177676594,0.9650219457377605,14.979999542236328,-0.013824887685854326,14.046499919891357,1,1
2024-04-10,86.98991394042969,87.35071040768491,83.66179013581636,83.87867062101493,431929000,0.019741516301279738,-0.02163794018472276,-0.05965792388204738,88.2326057434082,81.28007606506348,1.0855379327251038,0.018517014331338143,0.01863723361514065,41.8289035860928,0.8501246611612703,15.800000190734863,0.05473969783420429,14.144499921798706,1,1
2024-04-11,90.56489562988281,90.68782736368458,86.87698174129012,87.37069882551852,431637000,0.041096507945751704,0.0548398402330037,0.004055376420893708,88.26918487548828,81.83666107177734,1.0786019825279662,0.0223726515807325,0.02089400542002439,48.21253691635668,0.8669612729901545,14.90999984741211,-0.05632913497334324,14.202499914169312,1,0
2024-04-12,88.13626098632812,90.1241452492344,87.48063273280795,89.64840815742117,426805000,-0.026816512365673506,0.002022399400462227,-0.024016046688279502,88.0523078918457,82.3695980834961,1.0689903792244946,0.023989409211453545,0.02047122028828309,36.428758881777846,0.8726373334740005,17.309999465942383,0.16096577083110009,14.347999906539917,1,0
2024-04-15,85.95248413085938,90.56188189803133,85.88052615088108,89.04773715751944,443077000,-0.0247772804408789,-0.012991737086651689,-0.04827200753410088,87.61635360717773,82.82887786865234,1.057799596731435,0.024997066753396194,0.02122915997626567,31.214296274959153,0.924719713048606,19.229999542236328,0.11091855202373435,14.588999891281128,1,1
2024-04-16,87.3656997680664,88.06829858635284,86.01546379198004,86.38425134878223,370453000,0.016441824241582914,0.024146675386058414,-0.022771898949986435,87.41276931762695,83.25380004882813,1.0499553085427884,0.025753087017272008,0.02151512696787487,38.778931725057234,0.7980096557417025,18.399999618530273,-0.04316172352906522,14.792499876022339,1,0
2024-04-17,83.98760223388672,88.72492641813315,83.90264346955806,88.29016660250515,495400000,-0.03866617612115131,-0.034513331150079485,-0.0554044739398013,86.92014694213867,83.54775909423829,1.0403647911621001,0.028266485151338096,0.0229624662004349,37.05157460603835,1.0878763167634955,18.209999084472656,-0.010326116195473745,15.01199984550476,1,1
2024-04-18,84.62323760986328,86.14138561304675,82.35552028108327,84.92207255324703,447260000,0.007568204819164315,-0.06560663465347183,-0.014364651783089655,86.79681701660157,83.87659744262696,1.0348156656685088,0.02653435725664639,0.02286961147612977,38.411720916799865,0.9856046541095325,18.0,-0.011532075509642303,15.259999847412109,1,0
2024-04-19,76.15702056884766,84.27643922651326,75.56336143765269,83.10310538210794,875198000,-0.10004600722141177,-0.1359172749492824,-0.1341697545641901,85.61668167114257,83.99861434936524,1.0192630239714133,0.039320125666564384,0.031213498153430153,28.53642188128684,1.8482270959327507,18.709999084472656,0.039444393581814285,15.549499797821046,1,1
2024-04-22,79.47314453125,80.02783178093904,76.35690706369323,78.0599406532052,596341000,0.043543247065508384,-0.07538280789819674,-0.08739519136378149,84.85561065673828,84.19610824584962,1.007832932241511,0.043305888501979396,0.03214885778306364,35.96895894912237,1.2580638287952552,16.940000534057617,-0.09460174436266822,15.743499803543092,1,1
2024-04-23,82.37651062011719,82.72231614993429,80.21873169463018,80.7234441336971,438559000,0.0365326690669141,-0.05710695571825375,-0.03433922345420992,84.56267700195312,84.40185943603515,1.001905379419275,0.04522757650147542,0.03350977009261666,41.35178938414406,0.9364194791325587,15.6899995803833,-0.07378990048797274,15.868499803543092,0,0
2024-04-24,79.63206481933594,84.03457921776213,79.13834013698539,83.90264988256477,512208000,-0.033315878277939914,-0.05185928992735833,-0.08458278423096699,83.82689208984375,84.55042343139648,0.9914426053449655,0.04543514795146199,0.03378142698898602,41.69692336313613,1.093844381177671,15.970000267028809,0.017845805872141796,16.004999828338622,0,1
2024-04-25,82.58539581298828,83.27600032547527,78.17887846781115,78.82351130528671,424641000,0.03708720853029068,-0.024081349927427942,-0.08810808825424865,83.0289421081543,84.7604524230957,0.9795717192931169,0.04497061662691935,0.0348679831975721,42.991966077090396,0.9227459580795221,15.369999885559082,-0.03757046784203688,16.13449983596802,0,1
2024-04-26,87.68553161621094,88.28119623524096,83.33998364388893,83.77074038243197,551011000,0.06175590433412381,0.15137817841680468,-0.005114006029676044,82.98386917114257,85.03706558227539,0.975855276789316,0.049409740895142676,0.03782928451278781,50.706856715394245,1.1824709372257811,15.029999732971191,-0.022121025056567434,16.235499811172485,0,1
2024-04-29,87.70751190185547,87.94237235498613,85.21791179771557,87.54560070216142,388971000,0.0002506717498245159,0.10361194865477596,0.02041858113517847,83.15937194824218,85.33894348144531,0.9744598252065656,0.04860813719588284,0.03782951069562572,52.94292745139872,0.8404564991361451,14.670000076293945,-0.023952073391426465,16.28649983406067,0,0
2024-04-30,86.35327911376953,88.76891600613489,86.25133925368692,87.19080401105087,363709000,-0.015440328413389715,0.04827551523748541,-0.011588308191711305,83.0581298828125,85.61463653564454,0.9701393738701715,0.048682438602223155,0.037917806637830814,49.21352957221174,0.7918053117131058,15.649999618530273,0.06680296776684846,16.33849983215332,0,0
2024-05-01,82.99414825439453,85.9514784070707,81.20915281271795,85.02900264492887,559863000,-0.03889986453148331,0.04222022174969675,-0.011828578898176456,82.95878448486329,85.8863279724121,0.9659137425401493,0.04870307443739594,0.03884890479023441,40.597289348592,1.1941674109820963,15.390000343322754,-0.01661337262268492,16.391499853134157,0,1
2024-05-02,85.76859283447266,86.18835408667036,83.15306466582874,84.4013606664833,377898000,0.03342940000509276,0.03854430907726858,0.0135347601552398,83.07332000732421,86.2530842590332,0.9631344863893841,0.04982888384635543,0.038898238132053835,47.08444936317012,0.8109783747254966,14.680000305175781,-0.04613385460092079,16.307999849319458,0,1
2024-05-03,88.7389144897461,89.23063371341577,86.9909005732954,87.73947860212795,398341000,0.03463181051607034,0.01201318911021354,0.165209902211499,84.33150939941406,86.45806198120117,0.9754036519781175,0.03504281657483141,0.03928939473346857,53.36601194545635,0.8549722098241713,13.489999771118164,-0.08106270499449886,16.18099980354309,0,1
2024-05-06,92.08802795410156,92.16798466023728,89.00476895897276,89.3395790876885,376203000,0.03774120388572544,0.04994459376692717,0.15873139910666567,85.59299774169922,86.72444549560547,0.9869535314127367,0.03458031022798815,0.040018450395279646,55.449690001639404,0.799479003961661,13.489999771118164,0.0,16.095999813079835,0,0
2024-05-07,90.50292205810547,91.72922732116892,88.96079315014337,91.04661392300342,437342000,-0.017212942129525732,0.0480542602078704,0.09864961961624696,86.40563888549805,86.95363006591796,0.9936978918533419,0.03509968927540608,0.03992365744206985,57.84343548455241,0.9358065811718734,13.229999542236328,-0.01927355324634561,16.008499813079833,0,0
2024-05-08,90.36101531982422,91.14257199813075,89.36957035953105,89.43253836914545,325721000,-0.0015679796304272076,0.08876369262624029,0.13473153716193886,87.47853393554688,87.18779205322265,1.0033346627489632,0.03204940804165835,0.03975792640244624,56.9904944549128,0.7049751326694109,13.0,-0.017384697671535276,15.868499803543092,0,0
2024-05-09,88.69694519042969,91.0206307579062,88.18123739175036,90.47793776117966,378013000,-0.018415797161029146,0.03414247872305132,0.07400278605288513,88.08968887329101,87.40941986083985,1.0077825595174317,0.032254002056200784,0.03894916211892126,68.31303111570648,0.8229289734401188,12.6899995803833,-0.023846186124361513,15.75749979019165,0,1
2024-05-10,89.82730102539062,91.3494445724532,89.17666725781999,90.25406212026445,335325000,0.012744022159208557,0.012265042252351366,0.024425573634587305,88.30386581420899,87.6246923828125,1.0077509365559805,0.0262867422967242,0.03853445169646342,66.15215209687341,0.7373398857065456,12.550000190734863,-0.011032261172400193,15.519499826431275,0,1
2024-05-13,90.34801483154297,90.94667600491073,88.47906681215352,90.42696502755186,289680000,0.005796832368426097,-0.01889510679309858,0.030105778540864492,88.56791610717774,87.78707809448242,1.0088946805115773,0.026287221101154622,0.03803326650075903,63.43393215359031,0.6478988188170233,13.600000381469727,0.08366535257186958,15.237999868392944,0,1
2024-05-14,91.30447387695312,91.59930565354625,88.88383529778994,89.54846112262796,296507000,0.010586386952646576,0.008856640212489886,0.057336499713698696,89.06303558349609,87.90946914672851,1.0131222091085794,0.025504514744970404,0.03794839416286702,70.93232430089496,0.6686978212354695,13.420000076293945,-0.013235316185802093,14.988999891281129,0,1
2024-05-15,94.5766372680664,94.8085087048786,91.54734815808854,92.41985698865427,417735000,0.03583793052159767,0.04665310513965992,0.13955789965057663,90.22128448486328,88.08269149780273,1.0242793782830069,0.02157028725909167,0.03730414441711378,71.26096517333252,0.9504209418184987,12.449999809265137,-0.07228019832446109,14.700999927520751,0,0
2024-05-16,94.3057861328125,95.7649618311796,94.04992617640089,94.85647788998737,323952000,-0.002863827083280701,0.0632360103309173,0.09953752319122255,91.07500381469727,88.19580780029297,1.0326454974019155,0.02085930670200887,0.03736322619827546,64.16348705172,0.747533983799646,12.420000076293945,-0.0024096171430353364,14.42199993133545,0,0
2024-05-17,92.42684936523438,94.68657602211378,91.75423233246279,94.31579065007874,359691000,-0.019923875772924315,0.02893940160919417,0.0415593868450399,91.4437973022461,88.1920101928711,1.0368716746819073,0.020756182497582733,0.02866511982393837,59.35344406544491,0.8824920314275125,11.989999771118164,-0.034621602458483336,14.085999965667725,0,1
2024-05-20,94.72654724121094,95.14630855060346,93.38730659931326,93.69712933361367,318764000,0.02488127521137362,0.04846296200123379,0.028652142365612088,91.70764923095703,88.33696853637696,1.038157079085095,0.018753944391761944,0.02781070272511264,65.99583802519862,0.8096484007003183,12.149999618530273,0.01334444123990064,13.846499919891357,0,1
2024-05-21,95.33219909667969,95.3461911389766,93.12744211033531,93.54620449229954,328946000,0.006393686596921189,0.04411312007727619,0.0533604543229409,92.19057693481446,88.5290998840332,1.0413590226894607,0.017363026113325884,0.027057006690727827,76.34107670541448,0.8473053263684908,11.859999656677246,-0.023868310366918943,13.654999923706054,0,0
2024-05-22,94.89643859863281,95.96583473980165,93.19640167904086,95.40515417154504,548648000,-0.0045709686986760145,0.003381398829606974,0.050192256724383766,92.64411926269531,88.58980529785157,1.045765017218545,0.017521157494379214,0.02548266771602663,71.64935003363922,1.4066164412307662,12.289999961853027,0.03625635055846632,13.470999908447265,0,1
2024-05-23,103.74047088623047,106.26004537919088,101.46274907027386,101.97046583987779,835065000,0.09319667226926964,0.1000435407020619,0.16960590540635634,94.14847183227539,88.84788009643555,1.0596591807265021,0.031157561847843043,0.03117705190305004,77.82722553100433,2.0339199781766415,12.770000457763672,0.03905618367782915,13.340999937057495,0,1
2024-05-24,106.40895080566406,106.41494412748668,102.94190563238328,104.39008586204577,429494000,0.02572265092530812,0.15127748631978077,0.1845947678600124,95.80663681030273,89.21817138671875,1.073846676312453,0.03126736449872697,0.029118595422250027,77.25283915198574,1.0618071889430087,11.930000305175781,-0.06577917952048329,13.185999965667724,0,1
2024-05-28,113.8367691040039,114.87418576059461,109.8210372205208,110.18183370380233,652728000,0.06980445011534187,0.20174093133713455,0.2599808564278534,98.15551223754883,89.73915740966797,1.0937868715376877,0.034939948393964554,0.031899084713418256,86.32643374969653,1.5627419234164808,12.920000076293945,0.08298405245544349,13.098499965667724,0,1
2024-05-29,114.76021575927734,115.42683927273337,110.83843360106418,112.98622326682585,557442000,0.008112024458720946,0.20379280921543663,0.2568958659565188,100.50108642578125,90.26625946044922,1.1133848574928098,0.035053336244299564,0.0311978630194187,87.08261287402043,1.3043609498982025,14.279999732971191,0.10526313070017856,13.02999997138977,1,0
2024-05-30,110.43768310546875,115.75368367922725,109.60115714782083,114.58534422223099,484553000,-0.03766577663879267,0.16377057702416087,0.16770574949124128,102.08719100952149,90.68806137084961,1.1256960339251,0.039624277201714256,0.031087147282573058,80.57175667748236,1.143886342475869,14.470000267028809,0.01330535977664793,12.983999967575073,1,0
2024-05-31,109.57115936279297,112.65341931534381,106.879677688503,112.45652422078095,613263000,-0.007846268758175956,0.056204569217319866,0.16187101402751658,103.61372833251953,91.07306396484375,1.1376989399688666,0.03992234636846196,0.031157605516964188,77.97129789817535,1.408599775846167,12.920000076293945,-0.10711818674023643,12.895999956130982,1,1
2024-06-03,114.93513488769531,114.93513488769531,111.93982368190672,113.55691490102478,438392000,0.04895426457195806,0.08012656846511645,0.24352540064972983,105.86455688476562,91.5440983581543,1.1564323510029495,0.03900328037903717,0.03184358428366885,80.62950731920492,1.0023293608296073,13.109999656677246,0.014705849788028802,12.876999950408935,1,1
2024-06-04,116.37133026123047,116.53424034822847,113.98068096958718,115.65074383289046,403324000,0.012495703554343818,0.022264872564249583,0.22849754002859868,108.02903518676757,91.98680862426758,1.1743970336880216,0.03912272403838563,0.031327658760173176,80.85830173364823,0.9193004569446874,13.15999984741211,0.003813897181103032,12.860499954223632,1,1
2024-06-05,122.37094116210938,122.37993114467406,117.40174545593459,118.30423600418825,528402000,0.05155574734267421,0.0663185002962734,0.2836265429900422,110.73290939331055,92.53525924682617,1.1966563912458972,0.03979128747602969,0.031698552283388005,82.06281823604883,1.1920215618829764,12.630000114440918,-0.04027353640702469,12.830499982833862,0,0
2024-06-06,120.92975616455078,125.51616477932996,118.25326519915947,123.97803133753258,664696000,-0.011777183241970857,0.09500446554154918,0.27433397870732135,113.33624114990235,93.1036784362793,1.21731217341182,0.04046549897178375,0.03207062780796256,79.90526725510706,1.44426603162325,12.579999923706055,-0.00395884325271656,12.809499979019165,0,0
2024-06-07,120.81980895996094,121.62335628683404,117.95542832157363,119.70243576783463,412386000,-0.0009091823888260908,0.10266067880073626,0.16463524724560918,115.04417495727539,93.71609252929687,1.227581857633587,0.03319982410157377,0.03133675938810145,83.21213482039047,0.8927076792892905,12.220000267028809,-0.028616825028659476,12.78600001335144,0,1
2024-06-10,121.72130584716797,123.0305645078952,116.94400320335374,120.30210862140808,313434100,0.007461499028737828,0.05904348540682114,0.1439010057478063,116.57541046142578,94.34441802978516,1.23563654210705,0.03309818722557583,0.03138810011437028,82.64442725923531,0.6801141977151365,12.739999771118164,0.042553149977613725,12.795499992370605,0,0
2024-06-11,120.85173034667969,122.81078479761143,118.68277039590036,121.71130884876212,222551200,-0.007143987607067803,0.03850089257716327,0.061622982608253274,117.27690658569335,94.95521209716797,1.235076032115894,0.02708645972158173,0.03173579487441438,80.66471433165712,0.48645212986577785,12.850000381469727,0.008634270983343129,12.757999992370605,1,1
2024-06-12,125.13965606689453,126.81884668595569,122.51092635625676,123.00068806264866,299595000,0.03548087981789205,0.022625591324964445,0.09044458690622581,118.31485061645508,95.66997436523438,1.2366978396458068,0.028626183008022044,0.03203560826829121,83.2615386784089,0.6546334394155101,12.039999961853027,-0.06303505023896772,12.68899998664856,0,1
2024-06-13,129.5475311279297,129.7374419918796,127.09871503024357,129.32763594350715,260704500,0.03522364692035662,0.07126265062217252,0.17303738619915543,120.22583541870117,96.48264846801757,1.2460876367687406,0.02436982095976157,0.032016239310794455,81.45162835008574,0.5795989493499734,11.9399995803833,-0.008305679550378975,12.663499975204468,0,1
2024-06-14,131.8164520263672,132.7759808624214,128.2581700274141,129.89737910282292,309320400,0.01751419636239082,0.09101688838169308,0.20302142272602475,122.45036468505859,97.40184677124023,1.2571667657662362,0.022843912221873194,0.031695945269635595,81.26920868210836,0.6888022525488011,12.65999984741211,0.060301532021133974,12.675499963760377,0,0
2024-06-17,130.9168701171875,133.66554475885698,129.5175509456389,132.9259111616535,288504400,-0.006824504038386192,0.07554605338826548,0.1390500410958595,124.04853820800781,98.26101669311524,1.2624389852939453,0.021453702222302088,0.031013209622060948,75.04502285207602,0.6475814056333515,12.75,0.0071090168777756535,12.713499975204467,1,1
2024-06-18,135.5146484375,136.26428691629846,130.62700616579136,131.07678620278367,294335100,0.03511983074600611,0.12132981504491269,0.16450201379752727,125.96287002563477,99.22963256835938,1.2694078045573618,0.022524745605720868,0.031216560446690654,77.47248585588484,0.6624854035103285,12.300000190734863,-0.03529410268746169,12.721000003814698,0,0
2024-06-20,130.71697998046875,140.69216665961412,129.45759262565218,139.73263779444994,517768400,-0.03540331995359125,0.0445687968855597,0.06820278359470211,126.7974739074707,100.13785522460938,1.2662291760000626,0.023836040120574505,0.0333938994044577,76.51009040794881,1.1411369139207046,13.279999732971191,0.07967475829590032,12.792000007629394,1,0
2024-06-21,126.50899505615234,130.56704338903992,124.24009251378381,127.05873301556977,649445800,-0.03219157086512514,-0.023454990190254987,0.046136195660642976,127.35539779663085,100.92823684692382,1.2618411038903679,0.026352306254096965,0.034847407397589195,70.36300678303391,1.4156233492892885,13.199999809265137,-0.006024090761646117,12.8375,1,0
2024-06-24,118.05307006835938,124.40000776140424,117.98310411428992,123.18059459700767,476060900,-0.0668405039818688,-0.1044132332984864,-0.02289971251749323,127.0787239074707,101.47800033569337,1.252278557786802,0.03483195831151902,0.03432746907272287,53.48905390167123,1.0799439925580507,13.329999923706055,0.009848493660558288,12.86549997329712,1,1
2024-06-25,126.02923583984375,126.43904192857353,119.2625015362155,121.14159285282038,414192600,0.06756423841299286,-0.03733387662696708,0.035391749724446475,127.50951690673828,102.23585983276367,1.247209316919885,0.041202769619709215,0.03671766774181182,59.42756351431241,0.9412293356474687,12.84000015258789,-0.03675917283740937,12.910999965667724,0,1
2024-06-26,126.3390884399414,128.0582531537486,122.54091663746888,126.06921428451571,362975900,0.002458577154997643,-0.06770899015976417,0.0454057056321866,128.05825271606446,103.04359191894531,1.2427580437684649,0.041019211539135694,0.03383587940169883,54.357547937274994,0.8529224101714672,12.550000190734863,-0.022585666542580096,12.892499971389771,0,0
2024-06-27,123.93023681640625,126.34907621355548,122.86075284303976,124.04018440835473,252571700,-0.019066558523415877,-0.05191936935107089,-0.009664556292545479,127.93731079101562,103.77488265991211,1.232835032059616,0.040164495524571665,0.03427960579263913,53.22635451366733,0.6155424082151706,12.239999771118164,-0.024701228279307874,12.79049997329712,0,0
2024-06-28,123.48046112060547,127.6484495693471,122.69084094404647,124.5199608102888,315516700,-0.00362926520076845,-0.02393927747353164,-0.046832772145483204,127.3306037902832,104.56473983764648,1.217720275381399,0.0381825805222726,0.03289793447721136,52.84018731031117,0.7851174298701115,12.4399995803833,0.01633985400367921,12.688999938964844,0,1
2024-07-01,124.24009704589844,124.77983008392047,118.77273207553426,123.41049523168472,284885500,0.006151871465324588,0.05240886131937472,-0.057476550642959645,126.57296829223633,105.3570770263672,1.2013712971607928,0.03763202395924935,0.032733887115214466,52.69692195564031,0.739092492988317,12.220000267028809,-0.017684832859754307,12.653999948501587,0,0
2024-07-02,122.61087799072266,123.35052684202405,120.9716689903923,121.07161927076024,218374000,-0.013113472171338514,-0.027123530713659916,-0.06344478079127547,125.74236907958985,106.2861541748047,1.1830550277770544,0.037713422754417525,0.031444847768830816,51.853405902122155,0.5831825642049222,12.029999732971191,-0.015548324869538943,12.599999952316285,0,1
2024-07-03,128.21817016601562,128.21817016601562,121.30150730962696,121.60136576540062,215749000,0.04573242005262568,0.014873320278604663,-0.053842727377546584,125.01272125244141,107.2610546875,1.1654996458561782,0.0391189526738459,0.032783577100018405,53.155733159900066,0.5909742110533042,12.09000015258789,0.004987566163634494,12.546499967575073,0,0
2024-07-05,125.76936340332031,128.78791231292527,125.61943416430904,127.31861187118912,214176700,-0.019098749884861266,0.014840015109779836,-0.037849838466951224,124.51795959472656,108.12891174316407,1.1515695255538223,0.03802782623201053,0.03131859234551531,45.96500130857247,0.6130505906627933,12.479999542236328,0.03225801362500036,12.538999938964844,0,1
2024-07-08,128.13821411132812,130.70698288369695,126.97877711018438,127.42855719345991,237677300,0.01883487873283829,0.03772056686906411,0.012878286278794837,124.68088150024414,109.0990347290039,1.1428229572327995,0.037118476782438,0.031366301563989576,46.080090985430495,0.7246010396106524,12.369999885559082,-0.008814075377564845,12.528499937057495,0,1
2024-07-09,131.3166961669922,133.7555228326683,128.58800070420872,130.28719371816868,285366600,0.024805106561751833,0.05695905983137961,0.11235308061833904,126.00724411010742,110.07366073608398,1.1447538245523268,0.028596129118174045,0.031707003293273174,50.40635793616134,0.8871676388776495,12.510000228881836,0.01131773198205055,12.542999935150146,0,1
2024-07-10,134.84498596191406,135.03489683470838,132.35618048673416,133.96540518326054,248978600,0.026868554402518896,0.09977995567503473,0.06995004026901541,126.88881912231446,111.01684982299804,1.142969011682661,0.021734592945263833,0.0320921425896276,49.30427280838087,0.7818758414818053,12.850000381469727,0.02717826909410692,12.548499965667725,1,0
2024-07-11,127.33860778808594,136.0843835595481,126.98877797734232,135.6845824191085,374782700,-0.055666720718471785,-0.006859888709929596,0.007911402246816746,126.9887710571289,111.80947174072266,1.1357604063420121,0.02947600285742714,0.034825755575792844,46.67715325811723,1.1494670940501628,12.920000076293945,0.00544744690631771,12.551999950408936,1,1
2024-07-12,129.17771911621094,131.85642018701742,127.15868837162228,128.19818043978003,252680500,0.014442684430676422,0.02710004742538641,0.04234222764843465,127.51351928710938,112.66596054077148,1.1317838917368912,0.028815660022896906,0.0341096335844014,52.753155824393055,0.7805927504028264,12.460000038146973,-0.035603717912586985,12.572999954223633,0,0
2024-07-15,128.37808227539062,131.3266570475404,127.11868757874264,130.49705535546263,208326200,-0.006190207152527161,0.0018719487057474726,0.039663126541142235,128.0032814025879,113.5736392211914,1.1270509801424424,0.02890749180110178,0.03324179448736913,62.64999269035092,0.6488205828715778,13.119999885559082,0.0529694899993165,12.631999969482422,1,0
2024-07-16,126.29910278320312,128.97780386568002,124.51996185494663,128.3781021800115,214769500,-0.01619419339609518,-0.03820986614990918,0.016572795629288928,128.20918197631835,114.38424942016601,1.120863953089987,0.029601785704898888,0.03316542256233908,50.38648309994147,0.6788835540036656,13.1899995803833,0.0053353426398474735,12.658499956130981,1,0
2024-07-17,117.93313598632812,121.7912763806817,116.66375138152577,121.29151734126509,390086200,-0.06623932088603568,-0.1254169730891037,-0.03815111742979671,127.74140777587891,114.96813385009766,1.1111027334099013,0.036570798177365825,0.03618080970979541,40.218647889434585,1.2135734829573148,14.479999542236328,0.09780136488947022,12.744999933242799,1,1
2024-07-18,121.0316390991211,122.34101295266511,116.50382347473696,121.79127496540796,320979500,0.02627338861871853,-0.049529116098557924,-0.056049240584150284,127.02275466918945,115.54700607299804,1.0993167108885666,0.03410848244516259,0.03572104023349182,46.68040667104357,0.9944582058676379,15.930000305175781,0.1001381774018697,12.926499938964843,1,0
2024-07-19,117.8731689453125,121.54139851435873,117.31344125378135,120.29200089882109,217223800,-0.026096235474609264,-0.08751160996060503,-0.06278313131542301,126.23313522338867,116.09441101074219,1.087331716698303,0.03449452093747657,0.03536329285920468,43.95344004283343,0.7058656811669073,16.520000457763672,0.037037045906157084,13.088499975204467,1,1
2024-07-22,123.48046112060547,124.01020446831424,119.80223438238662,120.29199609290939,258068900,0.04757055592434689,-0.0381499790928409,-0.03634944519108052,125.76735992431641,116.75679992675781,1.0771737492224092,0.03782193865373401,0.036560432457804645,49.25838934622634,0.8955372993378194,14.90999984741211,-0.09745766136434542,13.173999977111816,1,0
2024-07-23,122.53092193603516,124.62991607602876,122.04116019537173,122.72083281792666,173911000,-0.0076897929919688135,-0.02983537304802697,-0.06690523358723843,124.8887825012207,117.43347946166992,1.0634853286620378,0.03653764978212072,0.03315101454626952,49.92089135514618,0.6368858187408333,14.720000267028809,-0.012743097406287318,13.243499994277954,1,0
2024-07-24,114.19493865966797,119.89218856658098,113.38533146913761,119.1125656978158,327776900,-0.0680316702482564,-0.03169759962198848,-0.15313915571231207,122.82377777099609,117.92083221435547,1.0415782815009997,0.03919542700462496,0.03298477173323105,36.836179038272384,1.2196628417854831,18.040000915527344,0.22554351822499452,13.503500032424927,1,0
2024-07-25,112.22589111328125,116.57379332567128,106.24877714220031,112.98552700492492,460067000,-0.017242861807168275,-0.07275575255680222,-0.11868134054013635,121.31250610351563,118.35838973999023,1.0249590786932385,0.03665188941363139,0.03306344770360041,37.17098350035715,1.6815411741328985,18.459999084472656,0.023281493771090345,13.798999977111816,1,1
2024-07-26,113.0055160522461,116.14400233469152,111.52623350707361,116.13401264402222,293399100,0.006946925805007664,-0.04129568193186328,-0.12519344028218982,119.69528579711914,118.79241058349609,1.007600445257304,0.036125250919073315,0.03300827883085767,35.220619256658935,1.0644294327830797,16.389999389648438,-0.11213433355830271,14.00649995803833,1,0
2024-07-29,111.53620910644531,116.22395093081532,111.24635559929368,113.63520299096253,248152100,-0.013002081642824126,-0.09672989480087868,-0.13118963042941334,118.0110984802246,119.13160202026367,0.9905944055058667,0.03605323638737847,0.03306804994877023,30.01410985645626,0.9114139741847069,16.600000381469727,0.012812751655983723,14.214499998092652,1,0
2024-07-30,103.68000030517578,111.93601308136988,102.49057150448816,111.46623842477169,486833300,-0.07043639786763689,-0.15384624005930625,-0.17909155314312752,115.74918823242187,119.31908630371093,0.9700810810585462,0.04034964045380501,0.03606287611516007,21.043819996129585,1.7241035482850282,17.690000534057617,0.06566265828551643,14.488000011444091,1,1
2024-07-31,116.96359252929688,118.28295597890576,110.82655264429766,112.84558326649312,473174200,0.12812106659935996,0.02424497882415122,-0.008221128429448776,115.65223388671875,119.8098211669922,0.9652984434850416,0.05793532297538956,0.04719602848166575,41.294851989809935,1.6033881452360537,16.360000610351562,-0.07518371303299154,14.70450005531311,1,0
2024-08-01,109.15736389160156,120.10209097077005,106.75851907796755,117.47335365334001,523462300,-0.06674067091210467,-0.027342417968259203,-0.0981088523290582,114.4648063659668,120.0984375,0.9530915534681023,0.06076062086096956,0.047989290753061006,34.730895435610094,1.685898132470057,18.59000015258789,0.13630803539367387,15.029500055313111,1,0
2024-08-02,107.21829223632812,108.66759790813096,101.32114215166182,103.7099895556254,482027500,-0.01776400222708774,-0.051211870164305506,-0.09039272299472767,113.39931869506836,120.33615936279297,0.942354478450561,0.06055172013527626,0.047972414599679714,34.13756878118774,1.4882575153643016,23.389999389648438,0.2582032919667483,15.575000047683716,1,0
2024-08-05,100.4015884399414,103.36016867781126,90.6462974352404,92.0156323292122,552842400,-0.06357780612063368,-0.09982964954347251,-0.18690303284600251,111.09143142700195,120.44626235961914,0.9223319117642168,0.05944417403846679,0.04917256681113923,31.873508188814526,1.627704587150102,38.56999969482422,0.648995327118046,16.885000038146973,1,1
2024-08-06,104.19976043701172,107.65809209854007,100.50154657010994,103.78995436151921,409012100,0.03782979986758184,0.005013118540760475,-0.1496043709570133,109.25831527709961,120.45544815063477,0.9070433671083714,0.06208568053686451,0.04975441962562522,39.73094153007665,1.1827048898253347,27.709999084472656,-0.2815660019776688,17.644999980926514,1,0
2024-08-07,98.8623275756836,108.74755983917498,98.64243239882663,107.75803154331864,411440400,-0.051223081885630406,-0.15475982365264052,-0.13426699347577686,107.72505416870118,120.30451568603516,0.8954364975778362,0.06068376323441453,0.049744838182897294,33.960079267383904,1.1624226396675832,27.850000381469727,0.005052374652567915,18.394999980926514,1,1
2024-08-08,104.9194107055664,105.44915405082541,97.47299667346623,101.95084088326249,391910000,0.061267858833748745,-0.0388242536732899,-0.06510512267030832,106.9944061279297,120.12616851806641,0.890683582502161,0.06496005997292455,0.051462455352438354,41.00499508522944,1.1045718935564277,23.790000915527344,-0.1457809483063327,18.938500022888185,1,0
2024-08-09,104.69952392578125,106.54863093775165,103.3801603016259,105.58909444979487,290844200,-0.0020957683454991827,-0.023491964458779657,-0.07350076718931764,106.1638069152832,119.92495468139649,0.8852520077854322,0.06484030301563645,0.05120835695203757,35.903982013204924,0.8153397836868967,20.3700008392334,-0.1437578791374391,19.334000062942504,1,1
2024-08-12,108.96746063232422,111.01647580125626,106.20879614847053,106.26876479464013,325559900,0.040763668701764066,0.08531610231950437,-0.023030623818939278,105.9069320678711,119.8955502319336,0.8833266277438818,0.06638401680506167,0.05241690786979183,40.30298620395937,0.8979055111918774,20.709999084472656,0.01669112573546916,19.713500022888184,1,1
2024-08-13,116.08403015136719,116.17399074467681,111.52623010948827,112.38581627538197,312646700,0.06530912510713227,0.11405275467537623,0.11963763319522469,107.14733505249023,120.02580764770508,0.8927024708468098,0.06431478058047195,0.05476993386513119,51.374547192211445,0.8508067476095895,18.1200008392334,-0.12506027811373066,19.96000008583069,0,1
2024-08-14,118.0230941772461,118.54284021234767,114.01502462748074,118.47287425328174,339246400,0.016703968869365315,0.19381261873380495,0.009058388384264315,107.25328521728515,120.0875668334961,0.8931256419408852,0.050320220523800425,0.05281921531859713,54.220021999511935,0.9296233155125553,16.190000534057617,-0.10651215318914042,20.045500135421754,0,1
2024-08-15,122.80079650878906,123.180610648127,117.41339446628129,118.70277375276062,318086700,0.04048108012121632,0.1704297201344649,0.12498865977320661,108.61762847900391,120.21615615844726,0.9035193933155186,0.04519690192715935,0.053265796184639065,56.73817563897331,0.8719858501564397,15.229999542236328,-0.05929592094835401,20.01050009727478,0,1
2024-08-16,124.51995849609375,124.93975424016854,121.12159565561768,121.88123149659879,302589900,0.0139995996457698,0.18930778123081704,0.16136860510359252,110.34779510498046,120.25913650512695,0.9175834644403593,0.04391047235086591,0.052903824735914054,58.90092714090132,0.8199100642984312,14.800000190734863,-0.028233707447526624,19.92450008392334,0,1
2024-08-19,129.9373779296875,129.9373779296875,123.36054573968913,124.22013208066615,318333600,0.04350643462319903,0.19244201136447092,0.29417651601611783,113.30137405395507,120.43928894042969,0.9407343322160836,0.034386751165428525,0.05273543768790292,68.62330364916659,0.8555841811683921,14.649999618530273,-0.01013517366699046,19.91150007247925,0,0
2024-08-20,127.18868255615234,129.81742012912812,125.82933728380516,128.33812230971984,300087400,-0.02115400062191919,0.09566046587377519,0.22062356019558527,115.60026626586914,120.56666641235351,0.9588078505090399,0.03720045867524832,0.052975982238359864,58.52643231361871,0.7930960377216647,15.880000114440918,0.08395908040535782,19.969500064849854,0,1
2024-08-21,128.4380645751953,129.28766098618868,126.59895509298427,127.25863301570179,257883600,0.009823059677431356,0.08824519023631172,0.2991608403804791,118.5578399658203,120.70100158691406,0.9822440444328002,0.0279299889775092,0.05025834475681126,68.0516431455386,0.6879098412147633,16.270000457763672,0.024559215397492062,19.88100004196167,0,0
2024-08-22,123.68036651611328,130.68699047324503,123.04067554756361,129.95734653679833,376189100,-0.03704274176676492,0.0071625757513817945,0.17881301166659647,120.433935546875,120.75757431030273,0.997319929906872,0.031541893885840146,0.050952800462225424,64.64000605760506,1.0148455952799627,17.549999237060547,0.07867232595473528,19.835500049591065,0,1
2024-08-23,129.30764770507812,129.53754784197983,125.15965381933411,125.79934477343178,323230300,0.04549858112064786,0.0384491712558237,0.2350356797872446,122.89474792480469,120.8409341430664,1.0169960104686606,0.03192389487050326,0.051710674737830364,76.26224656536097,0.868484013163554,15.859999656677246,-0.09629627657273676,19.809000062942506,0,0
2024-08-26,126.3990478515625,131.196729770517,124.31005885081005,129.50755712849073,331964700,-0.022493641367210437,-0.027231041094577746,0.15997057395010406,124.63790664672851,120.77796447753906,1.0319589933965752,0.03394925236900572,0.05195666619579354,70.50026131676313,0.8820210345328425,16.149999618530273,0.018284991685414864,19.786500024795533,0,1
2024-08-27,128.23817443847656,129.1377346219971,123.82029866993177,124.98974063480068,303134600,0.014550161715409793,0.008251456507232025,0.10470126055462625,125.85332107543945,120.70639892578124,1.0426400107654847,0.029119543558187643,0.04861140157806253,79.00137702556151,0.8255675026614773,15.430000305175781,-0.044582001879948985,19.67350001335144,0,0
2024-08-28,125.5494613647461,128.26815164825356,122.58089157173563,128.05824614963967,448101100,-0.02096655762220323,-0.022490242437109065,0.06377029207687923,126.60595779418945,120.59905075073242,1.0498089081635706,0.03061006339071517,0.040604939879061296,71.81816450697643,1.2245553376797336,17.110000610351562,0.10887882514248881,19.71100001335144,0,0
2024-08-29,117.5333251953125,124.37003270157089,116.65375204642187,121.30151255769351,453023300,-0.063848431385501,-0.04970102768898199,-0.042894439313344024,126.0792106628418,120.23942428588867,1.0485679835181854,0.035219293049266,0.04034279430057005,61.65152428617658,1.2500377509920146,15.649999618530273,-0.0853302711712346,19.56399998664856,0,1
2024-08-30,119.3124771118164,121.69132742002542,117.16351169383461,119.47239604079388,333751600,0.015137425181729336,-0.07729759817500104,-0.04182045550907165,125.55846252441407,120.01133422851562,1.0462217034045806,0.035285009894065626,0.04005788406042067,59.83652676244584,0.9401615070005428,15.0,-0.041533522963198455,19.144500017166138,0,0
2024-09-03,107.94795989990234,116.15400297350318,107.2383029304614,115.95410239434622,477155100,-0.09525003157267065,-0.14597489668852814,-0.16923088937260378,123.35952072143554,119.64011352539063,1.0310882954424443,0.041410140971449565,0.043441556480369986,42.84208077437899,1.3586051984607992,20.719999313354492,0.38133328755696616,18.25199999809265,1,0
2024-09-04,106.15882110595703,113.2154167588311,104.06983184638861,105.35921116658868,372470300,-0.016574086213434147,-0.1721745761681308,-0.16534381068780135,121.25653457641602,119.40222854614258,1.0155299113999103,0.04139147724499188,0.04294782237401042,39.534489316803594,1.0660818977324404,21.31999969482422,0.028957548327861904,17.932500028610228,1,1
2024-09-05,107.1583251953125,109.59715158582065,104.70950911519668,104.93939398764914,306850700,0.00941517698616745,-0.14648518575482927,-0.16568094085086738,119.12856063842773,119.02481033325195,1.0008716695694393,0.04136217107587697,0.041107117117325384,35.21632025833314,0.8916113927946457,19.899999618530273,-0.06660413211162819,17.534999990463255,1,0
2024-09-06,102.78044891357422,108.09788494505915,100.90134998938433,107.98793734308131,413638100,-0.04085428055878004,-0.12552079384483084,-0.16898330908338788,117.03856887817383,118.55363754272462,0.9872203949541002,0.04158274909777183,0.04005974600187933,30.437147327567686,1.1981197451223444,22.3799991607666,0.12462309496363155,17.46449990272522,1,1
2024-09-09,106.41869354248047,106.4986568208146,103.64003443897201,104.82945579489092,273912000,0.03539821695043943,-0.10806735289933034,-0.1770116042540829,114.74967346191406,118.2034066772461,0.970781440971812,0.039972969326840954,0.040838786047451045,28.13601084319147,0.7953477418536287,19.450000762939453,-0.13092039802055044,17.41849989891052,1,1
2024-09-10,108.04788970947266,109.34726610485653,104.89940661736314,107.7580285866342,268283700,0.015309304340800356,0.0009257220762945995,-0.14518430679668282,112.91455764770508,117.89475524902343,0.9577572590841813,0.04132316127230102,0.039941472599109074,31.827636411047607,0.7855372258418682,19.079999923706055,-0.019023178648836292,17.336999940872193,1,1
2024-09-11,116.8536605834961,117.13352442144715,107.36822866067497,109.33728046789619,441422400,0.08149877704877961,0.10074376642582106,-0.08877632502825661,111.77610626220704,117.74702651977539,0.9492902671596081,0.05091168879389448,0.041462422982987454,40.38174999724449,1.2685728070243756,17.690000534057617,-0.07285112134206173,17.315499925613402,1,1
2024-09-12,119.0927734375,120.7421209186122,115.33426173002456,116.79368208487448,366052700,0.019161683449394173,0.11137210497117356,-0.0514274442682644,111.13043746948242,117.67666442871094,0.9443710697357992,0.05136199750976267,0.04151453564567041,46.024779308662445,1.0479366428563075,17.06999969482422,-0.035048096128643014,17.359499883651733,0,0
2024-09-13,119.05278778076172,119.91244749081417,117.55338237388469,119.03279906427295,238358300,-0.00033575216685388654,0.15832134456690827,0.012927929869458232,111.28238372802734,117.49335678100586,0.947137666135839,0.0468785663924748,0.04047627282893977,40.161330392352205,0.6902501399963006,16.559999465942383,-0.029876991095463934,17.425999879837036,0,0
2024-09-16,116.73371124267578,118.1331578565614,114.31467227697621,116.74370941440674,248772300,-0.01947939717595326,0.09692862557157533,-0.021613547313445447,111.02450714111328,117.31264373779297,0.9463984750805344,0.04710209042872424,0.04052595128184999,40.62083136338377,0.7260653155921545,17.139999389648438,0.03502415111177348,17.542999839782716,0,0
2024-09-17,115.54417419433594,118.75290839853001,114.78448096424103,118.12315326201993,231925900,-0.010190175877017538,0.06937927714293957,0.07036922514772281,111.78412857055665,117.06076293945313,0.9549239707960413,0.03411489144985016,0.03907486897566942,37.52455981287304,0.6855418202386708,17.610000610351562,0.027421309068831112,17.690999889373778,0,0
2024-09-18,113.32505798339844,117.65333558843457,113.17511592459984,115.84405559100924,310318900,-0.01920578191337563,-0.030196765616737786,0.06750486490697538,112.50075225830078,116.70093017578125,0.9640090450765565,0.034329301067178866,0.039035201374911434,37.874146928731534,0.9158760633369265,18.229999542236328,0.03520720672322497,17.80849986076355,1,1
2024-09-19,117.82328033447266,119.61257171272585,117.20352335036759,117.30348218615993,293506400,0.03969309551761424,-0.01065969887495799,0.09952521299415262,113.5672477722168,116.36049606323242,0.9759948746738093,0.03586005493978566,0.04018750156753926,50.309196758807644,0.8617256318076401,16.329999923706055,-0.10422378860340853,17.81149983406067,0,0
2024-09-20,115.95401763916016,118.57298181753792,115.3442588328446,117.01359501507952,382462400,-0.01586496904521839,-0.026028539099042458,0.12817193216059297,114.8846046447754,116.1328042602539,0.9892519635306378,0.03264098947733352,0.039531631194771634,46.42554031831367,1.1218645350181395,16.149999618530273,-0.011022676424785383,17.741499853134155,0,1
2024-09-23,116.21391296386719,116.94361929782039,114.81446644323901,116.50379891378353,206228500,0.0022413654136228534,-0.004452854906051851,0.09204416155961015,115.86412658691407,115.87352813720703,0.9999188636917844,0.03173923827668124,0.03791951124947583,61.52083263771757,0.6154850087288604,15.890000343322754,-0.01609902670890473,17.742999887466432,0,1
2024-09-24,120.82209014892578,121.75172180406905,115.33426088161053,116.47380837806097,354966800,0.03965254303494059,0.045678771702611476,0.11822720900705574,117.14154663085938,115.72240829467773,1.0122632976369446,0.033154781286787505,0.038912170788063,68.94823019162129,1.0557677293625656,15.390000343322754,-0.031466330345934046,17.704999923706055,0,1
2024-09-25,123.46104431152344,124.89047778241,121.56179592255684,121.97162943795686,284692900,0.021841652957210744,0.08944170431935605,0.056544088520925184,117.8022850036621,115.66564712524413,1.0184725364144152,0.023022421939714804,0.03910439709327499,70.21043603535982,0.8490826889672896,15.40999984741211,0.0012995129072905787,17.70399990081787,0,1
2024-09-26,123.9908218383789,127.61937987933592,121.75171208350119,126.7497296956914,302582900,0.00429105010256281,0.052345695064659914,0.04112800684291229,118.29208984375,115.78680084228516,1.0216370862934312,0.022535087060690538,0.03883805210242242,79.0677852329345,0.92245608147534,15.369999885559082,-0.002595714617073419,17.616999864578247,0,0
2024-09-27,121.35187530517578,123.98082995705606,119.21272426875333,123.92085618310571,271009200,-0.02128340222345626,0.04655170882317616,0.01931149675090249,118.52199859619141,115.79320556640624,1.0235660893610914,0.023940013429686238,0.036227781815404383,71.0415227041208,0.8497769121287285,16.959999084472656,0.10344822451218505,17.682499837875366,0,1
2024-09-30,121.3918685913086,121.451842369324,118.10317169758383,118.26310431441512,226553700,0.00032956463204403263,0.044555384939592546,0.0399041313691213,118.9878143310547,115.86357955932617,1.0269647699787214,0.02273906432616246,0.03610120372541686,69.68380708175981,0.7225252884504744,16.729999542236328,-0.013561294495994303,17.768999814987183,0,0
2024-10-01,116.95361328125,122.39145893750027,115.74409392230913,121.72171877480598,302094500,-0.03656138884393423,-0.032017960150395375,0.012198270460122895,119.12875823974609,115.73304260253906,1.0293409346271911,0.025896898004745116,0.02962904860786184,50.16924891514559,0.9911070066307611,19.260000228881836,0.15122538887453651,17.69599986076355,1,1
2024-10-02,118.80289459228516,119.33268331688961,115.09436589368318,116.39385371455397,221845900,0.015812092154758872,-0.03772971260055591,0.04833738192032677,119.67654190063476,115.65848205566407,1.0347407278182752,0.02514046931787653,0.02930425274112506,49.50258415354473,0.7462676425253734,18.899999618530273,-0.018691620253031727,17.574999856948853,1,1
2024-10-03,122.80130767822266,124.31071133495183,120.29230036497337,120.872072316084,277118000,0.03365585577404895,-0.009593566221431926,0.04224994695121831,120.17434463500976,115.83060943603516,1.0375007540763508,0.02427269659162382,0.029945336445152647,55.66294566395532,0.9368827648180605,20.489999771118164,0.08412699389840173,17.604499864578248,1,1
2024-10-04,124.8704833984375,124.99043857930913,121.78171184810518,124.890479741768,243678100,0.016849785717565124,0.028995086268037706,0.07689656590446647,121.0659912109375,116.08350128173828,1.0429216027616754,0.023426074259236384,0.02776665112769875,62.38586512556665,0.8481976920300975,19.209999084472656,-0.06246953152482426,17.44599986076355,1,1
2024-10-07,127.66937255859375,130.58821322989388,124.9004663256647,124.94045138468705,346250200,0.02241433751181643,0.051712722113370635,0.09857218729299877,122.21153717041015,116.37677841186523,1.050136795657767,0.023771453912416324,0.027292781479352848,67.59500773205463,1.1902469519511936,22.639999389648438,0.17855286145995874,17.605499792099,1,1
2024-10-08,132.83731079101562,133.42707320550807,129.36868536610157,130.20834865989482,285722500,0.04047907598237832,0.13581194342040992,0.0994455618776322,123.41305923461914,116.80280044555664,1.0565933245080337,0.023888319351057584,0.028142241184926548,76.08228569470495,0.9792457882166458,21.420000076293945,-0.05388689691892423,17.722499799728393,1,0
2024-10-09,132.597412109375,134.46668122269037,131.32792651292905,134.0568400839603,246191600,-0.0018059585835642489,0.11611263820154116,0.07400202913234888,124.32669601440429,117.38114868164062,1.0591708925221142,0.02373190913465486,0.02277233759677274,72.28587047213512,0.8729685170820716,20.860000610351562,-0.026143765823892218,17.88099980354309,1,1
2024-10-10,134.75656127929688,134.94648840712318,130.94807393580103,131.8577168886846,242311300,0.016283494040900903,0.09735444863828868,0.08682690606689447,125.4032699584961,117.73700805664062,1.0651134424799331,0.02385899893247349,0.02269764663737974,78.11658822426124,0.8784821305290698,20.93000030517578,0.0033556899700895038,18.07399983406067,1,0
2024-10-11,134.74656677246094,135.72617401836632,133.60701929174726,133.9568713960576,170209500,-7.416712582342111e-05,0.07909061537393725,0.11037894085773448,126.74273910522462,118.24879211425781,1.071831152260393,0.02175564033524015,0.02269361118330442,77.9216877025637,0.6248006884170455,20.459999084472656,-0.022455863060207304,18.268999814987183,1,1
2024-10-14,138.01527404785156,139.54466630986312,136.24597143489578,136.4159022137037,232347700,0.02425818596855467,0.08103667529586689,0.13694002447980425,128.40507965087892,118.86473175048827,1.0802622254716985,0.02179949058489039,0.022164225241210856,76.9930951280682,0.8554748789533405,19.700000762939453,-0.037145569674535084,18.396999883651734,1,0
2024-10-15,131.54783630371094,138.5150744275185,128.68896947491228,137.8153397242487,377831000,-0.04686030433050681,-0.009707170971966828,0.12478642269362594,129.864501953125,119.48765670776368,1.0868444953334422,0.02448577621520478,0.0251232097340815,61.33370372698994,1.3547374810906283,20.639999389648438,0.047715664482478326,18.548499822616577,1,1
2024-10-16,135.6662139892578,136.56585120891066,131.52785532391937,133.92689807815486,264879700,0.031307072782547074,0.023143753947109102,0.14194367447733658,131.55083389282225,120.1169857788086,1.095189269360028,0.025225787703584027,0.024908588722289782,64.86763454025098,0.9575436908723873,19.579999923706055,-0.051356564791082526,18.615999841690062,1,1
2024-10-17,136.87570190429688,140.83413853249198,136.81572813387166,139.28475003463748,306435900,0.008915174084056288,0.015725695319635413,0.11461111035522098,132.9582733154297,120.87725326538086,1.0999445282192628,0.024239714821395874,0.02386297514421428,70.51516713990355,1.1051870750890787,19.110000610351562,-0.024004050826652468,18.75499987602234,1,1
2024-10-18,137.94529724121094,138.8449343829922,137.22558142668973,138.61502982502418,176090200,0.007814355082992996,0.023738864338944676,0.10470700110172748,134.26575469970703,121.53777099609376,1.1047245115596398,0.02417305888666296,0.023205722570548162,71.29628011914266,0.6596324309307959,18.030000686645508,-0.05651490786039204,18.8489999294281,0,1
2024-10-21,143.6530303955078,143.6530303955078,137.94528751258602,138.07524085271365,264554500,0.04137678680206358,0.040848785661951936,0.12519571073773683,135.86412048339844,122.31684112548828,1.110755634573751,0.02591246421001813,0.02423495107377469,83.26277541824336,0.9803096365836662,18.3700008392334,0.018857467534081795,18.97299995422363,0,0
2024-10-22,143.5330810546875,144.3627538949317,141.72380093133486,142.85335791004843,226311600,-0.0008349934595188735,0.09110940238732357,0.0805178168692291,136.93369750976564,123.00815353393554,1.113208300228556,0.024129491216273346,0.0233859839630822,82.19678345547796,0.8590776920403813,18.200000762939453,-0.009254222565459602,19.11349997520447,0,0
2024-10-23,139.50466918945312,142.37352650102258,137.40551088320953,141.97369118156848,285930000,-0.028066086477301466,0.028293375980104063,0.052091944859229855,137.62442321777343,123.47656631469727,1.1145792867856268,0.026620233245028095,0.024566436390402523,71.7295069455045,1.0851340468634605,19.239999771118164,0.05714280025176999,19.30499997138977,0,1
2024-10-24,140.35433959960938,141.293969386979,138.40511570705533,140.76418072009866,172354900,0.00609062345434741,0.025414574295624437,0.04153993146731105,138.1842010498047,123.92319122314453,1.1150794269087279,0.026351495981839522,0.024561542661145675,70.80311184622158,0.6706781692387912,19.079999923706055,-0.008316000484173136,19.49049997329712,0,1
2024-10-25,141.48388671875,144.0728716327459,140.74418981710016,140.8741279131319,205122100,0.008047824686881144,0.02565212115460147,0.04999993771764144,138.8579330444336,124.29685302734374,1.117147616069464,0.026323675438982806,0.02367464426936836,69.43193837742795,0.8085488980135708,20.329999923706055,0.06551362709634656,19.65900001525879,1,0
2024-10-28,140.4643096923828,143.08326638426843,139.99449475491215,142.9433224828564,173586700,-0.007206311969602308,-0.02219737860277482,0.017744671098375298,139.10283660888672,124.61574005126953,1.116254146961346,0.025665432300547908,0.02386190001557449,62.14585533436136,0.6914612079163477,19.799999237060547,-0.026069881388808724,19.8125,0,1
2024-10-29,141.19400024414062,142.20359433012132,138.8449258203989,140.23437413304583,157593600,0.0051948466721249975,-0.01629645788524292,0.0733281839631259,140.06745300292968,124.84087249755859,1.121967911636222,0.01907369352436751,0.021505481627096652,63.4796302747482,0.6463568662313014,19.34000015258789,-0.023232277888761477,19.816499996185303,0,0
2024-10-30,139.28475952148438,140.27437255912164,136.75576367804047,139.48467718743143,179418100,-0.013522109433509621,-0.001576360628260387,0.026672414787907828,140.42930755615234,125.08279403686524,1.1226908435924774,0.018034760109359223,0.02205864342343123,57.15639604705338,0.7423269793409811,20.350000381469727,0.05222338267389759,19.889000034332277,1,0
2024-10-31,132.70736694335938,137.55545044959692,132.05763071180766,137.54545990469654,270039600,-0.047222629386888926,-0.054483336091100676,-0.030453432588437024,140.0124740600586,125.16818008422851,1.118594789553072,0.023746026429946582,0.024434940275471988,47.331226927487165,1.1189040789840383,23.15999984741211,0.13808350925148427,20.022500038146973,1,1
2024-11-01,135.34632873535156,137.25557537634637,134.5166711244238,134.64660922766117,207127800,0.019885571183990924,-0.043379907957992625,-0.01884057345800505,139.75257720947266,125.40149932861328,1.1144410390441388,0.024637492328861192,0.02452709499716716,46.448516154183515,0.8647785419248051,21.8799991607666,-0.055267732948130144,20.15600004196167,1,1
2024-11-04,135.99606323242188,138.90491316378314,135.5162578090522,137.15560698724303,187528200,0.004800532848886929,-0.03181054653489135,-0.05330181439267001,138.98688049316405,125.53526763916015,1.1071540540517215,0.019780345001838694,0.024156762893442686,57.003456094435506,0.8097795431435859,21.979999542236328,0.004570401522182799,20.123000049591063,1,1
2024-11-05,139.8545379638672,140.31434706066804,137.27555894461494,137.39550649112996,160537400,0.028371959009218184,-0.009486679872780401,-0.025628538479005813,138.61902618408203,125.80437744140625,1.101861707861829,0.022481946559614052,0.023316911442653295,56.648667921702064,0.7124860204419429,20.489999771118164,-0.06778888999770039,20.076500034332277,1,1
2024-11-06,145.55230712890625,146.431963336867,141.90375943017108,142.9033632109471,242043900,0.040740681339286544,0.04499808614348155,0.04335079230387762,139.22378997802736,126.15066009521485,1.103631085821868,0.024204510070510214,0.024766755090942033,62.05561317558543,1.075212176515064,16.270000457763672,-0.20595409275225196,19.84700002670288,0,1
2024-11-07,148.8209991455078,148.8709671267726,146.1120664908763,146.33198051831096,207323300,0.022457163895771792,0.12142228855332404,0.060323461106021936,140.0704559326172,126.61609085083008,1.1062610999232165,0.024866924991008035,0.024953021613403625,64.24086167253151,0.9281888023808389,15.199999809265137,-0.06576525005492273,19.56050000190735,0,0
2024-11-08,147.5714569091797,149.71060760531262,146.20198985995728,148.71100419118065,175665800,-0.008396276355505439,0.09032478596248028,0.043026597103109854,140.67921295166016,127.21685348510742,1.1058221383232743,0.025268301424171077,0.025115751303203544,55.80909465188141,0.7854984056688522,14.9399995803833,-0.017105278430553206,19.28450002670288,0,0
2024-11-11,145.20240783691406,148.7909962143961,143.51309063046196,148.62105018654825,182325600,-0.016053572431175556,0.06769566990154874,0.03373168710904362,141.15302276611328,127.73465209960938,1.1050487901751207,0.025871800865668225,0.025094412334520512,52.320072002161425,0.8244990803016049,14.970000267028809,0.002008078145122605,19.048000001907347,0,1
2024-11-12,148.23118591308594,149.59064718789998,145.952091313065,146.72179022487757,198634700,0.02085900723887235,0.05989543186208901,0.049840543201391085,141.85674133300782,128.54031661987304,1.1035972608696374,0.026445208331686815,0.022466181869708047,62.47496395376484,0.9361825450083275,14.710000038146973,-0.017368084451840793,18.751500034332274,0,0
2024-11-13,146.2120361328125,149.2708209864044,145.84217239532995,149.01092951776798,191903300,-0.013621626028529121,0.0045325904956077245,0.049734634536663824,142.54946899414062,129.34138092041016,1.1021180381695324,0.026453050741896255,0.02206923779717509,58.10291797075191,0.9202831718733305,14.020000457763672,-0.04690683742990798,18.473500061035157,0,1
2024-11-14,146.70181274414062,148.94093020600926,145.49230097997514,147.5814687564354,194463300,0.0033497694463624494,-0.014239834522916883,0.10545342073401387,143.94891357421875,130.1322506713867,1.1061740101438975,0.019146284731599413,0.022038821789527922,57.34798509611459,0.9582884507701338,14.3100004196167,0.020684732695029018,18.233500051498414,0,0
2024-11-15,141.92369079589844,145.18240774117885,140.0244503789864,144.81254410002094,250132900,-0.03257029929531685,-0.03827139903319565,0.048596531003126664,144.60664978027344,130.9151155090332,1.1045832959624553,0.02300645702888706,0.02344737547189702,51.8584036405607,1.2105360471488475,16.139999389648438,0.1278825238553527,18.13899998664856,0,0
2024-11-18,140.0944366455078,141.4938908192372,137.0956258838966,139.4447004149215,221205300,-0.012888997884231257,-0.035178281596702776,0.030135970966171932,145.01648712158203,131.58863037109376,1.1020442017871932,0.02369279404569602,0.021686073343366107,48.63793813232647,1.0818874012559914,15.579999923706055,-0.03469637466662756,17.99949994087219,0,1
2024-11-19,146.95172119140625,147.07168399645053,140.9341184421503,141.26398946372595,227834900,0.04894758642878849,-0.008631548845800197,0.05074689267053101,145.72620544433593,132.36670700073242,1.1009279353268915,0.026807948949042436,0.02439711001137689,58.46019249951002,1.1138970024088855,16.350000381469727,0.04942236595213734,17.906999921798707,0,0
2024-11-20,145.83216857910156,147.5015047606034,142.67341754276418,147.3515703217148,309871700,-0.0076185062905554934,-0.0025980593920864603,0.0019227551642135854,145.75419158935546,132.94627716064454,1.0963390228162206,0.02390553691084198,0.023506874324054402,66.46604496912377,1.5061643058418823,17.15999984741211,0.049541250583724494,17.802999925613403,0,1
2024-11-21,146.6118621826172,152.8293979645091,140.64422730754492,149.290807835149,400946600,0.005346513126098795,-0.0006131523519775639,-0.014844255686864982,145.5332778930664,133.49665893554686,1.0901641962689936,0.022738936383132166,0.023501450846766175,64.82507052118206,1.846274293252456,16.8700008392334,-0.016899709251596895,17.692499971389772,0,0
2024-11-22,141.89373779296875,147.1016796207282,141.0440838257902,145.8721561256333,236406200,-0.032181054925635055,-0.00021105005627819473,-0.03847437190855407,144.96550598144532,133.95347793579103,1.0822078546622937,0.02472498948742649,0.024688271322152,57.01048153234823,1.0808156167542966,15.239999771118164,-0.0966212796103989,17.437999963760376,0,0
2024-11-25,135.96607971191406,141.99368792347047,135.7661620516237,141.93371415065735,344941900,-0.04177533253584087,-0.02946838598623347,-0.06361002040251218,144.0418731689453,134.3381253051758,1.072233759714344,0.027357329822484178,0.026401933544544537,45.59455844971275,1.517580913500454,14.600000381469727,-0.041994711237550164,17.178000020980836,0,1
2024-11-26,136.86570739746094,139.24476857370792,135.61620304064866,137.6453968958927,190287700,0.006616559714401005,-0.0686348803006408,-0.07667400382460032,142.90532531738282,134.76455596923827,1.0604073473888993,0.02613462030019996,0.026422232413030107,38.95798492753353,0.8311978002542328,14.100000381469727,-0.0342465744476691,16.916000032424925,0,0
2024-11-27,135.28634643554688,137.16560606875765,131.74775643225163,134.95647541996794,226370900,-0.01153949365364082,-0.07231478655434298,-0.07472496783603522,141.81275634765626,135.20378173828124,1.0488815810061307,0.026089921759923702,0.026377344090538754,32.023293736251574,0.9787761174734212,14.100000381469727,0.0,16.603500032424925,0,1
2024-11-29,138.19520568847656,139.29477581313424,135.99608069190262,136.7257870913165,141863200,0.02150149907637222,-0.0574077456546932,-0.05798569831240086,140.96209564208985,135.61122024536132,1.0394574680992266,0.027515821632443174,0.02446295389673345,38.07222947334585,0.6308655644067149,13.510000228881836,-0.041843981320970114,16.121000051498413,0,1
2024-12-02,138.57504272460938,140.39431322408433,137.76536630294407,138.77496038075373,171682800,0.0027485543672842727,-0.023388594309930344,-0.02359470820206322,140.62723083496093,136.0636407470703,1.0335401144849117,0.02589033307120181,0.024112617586635247,41.11972245950796,0.769538187799397,13.34000015258789,-0.012583277084667777,15.694000101089477,0,1
2024-12-03,140.20440673828125,140.48429454860658,137.8953246767264,138.2051993772479,164414000,0.011757990339645197,0.03117194402712342,0.0007849711623575395,140.6382278442383,136.5434506225586,1.0299888218952273,0.025920610862718366,0.024213404976120585,38.8255177122309,0.7407945751060059,13.300000190734863,-0.002998497855734139,15.260000133514405,0,1
2024-12-04,145.08245849609375,145.73219470186731,140.23437518220274,141.94370396224937,231224300,0.03479242822173445,0.06003513410975314,-0.012720250434343439,140.45130157470703,137.02865798950197,1.0249775750227903,0.023219442857256863,0.024623295940954713,48.54340391872906,1.0254889947478705,13.449999809265137,0.01127816664504766,14.908000135421753,0,0
2024-12-05,145.01248168945312,146.49199262942497,143.90284467102651,145.06246836220566,172621200,-0.00048232437860507016,0.07189295527719763,-0.0056207549927767,140.36933288574218,137.45968673706054,1.0211672688753275,0.023104002366068972,0.022884578656471154,47.79775606317269,0.7775520281030268,13.539999961853027,0.006691461253842901,14.77150011062622,0,0
2024-12-06,142.3933563232422,145.65228325014007,141.26372149336697,144.5526526293818,188505600,-0.018061378825443786,0.030378410118142574,-0.0287732915780069,139.94748229980468,137.8277374267578,1.0153796682193474,0.023645389271169635,0.022589284364386834,50.64878509826207,0.8527153506527116,12.770000457763672,-0.056868501200791455,14.650000143051148,0,0
2024-12-09,138.76454162597656,139.90416770148084,137.08509909525122,138.92449289189105,189308600,-0.02548443825586899,0.0013674821789071423,-0.022053095616931806,139.63456268310546,138.17599075317383,1.010555899921406,0.022796071639114564,0.023161327842431186,48.2499230942844,0.853713463439578,14.1899995803833,0.1111980479026784,14.612500143051147,0,0
2024-12-10,135.0257568359375,141.77354545828368,133.74616214517607,138.96445323342698,210020900,-0.026943372897930362,-0.03693642748341497,-0.006915863706366543,139.5405303955078,138.4486685180664,1.007886402152715,0.020261688826835874,0.023612465522824172,32.90274088152013,0.9412406109388165,14.180000305175781,-0.0007046705780979767,14.573000144958495,0,1
2024-12-11,139.26437377929688,140.1240927409604,135.16572567436427,137.31501545162718,184905200,0.03139117337819841,-0.04010191705535182,0.01752569308592511,139.7803970336914,138.89488372802734,1.0063754206195097,0.022608536542534825,0.024288841774716373,41.357231178358774,0.8312381199846569,13.579999923706055,-0.04231314305760081,14.51650013923645,0,0
2024-12-12,137.29501342773438,138.39465924672223,135.75552453494274,137.03510407678786,159211400,-0.014141164018613206,-0.053219337892898455,0.014847521905283045,139.98126373291015,139.26472610473633,1.0051451480085125,0.022795441953525775,0.024301259055289324,38.11188579728317,0.7210304308758629,13.920000076293945,0.02503683022813319,14.511500120162964,0,0
2024-12-13,134.20602416992188,139.55427778956917,132.4965775973186,138.89449032268433,231514900,-0.022498918064773,-0.05749799263621913,-0.028866280119349552,139.58234558105468,139.49282043457032,1.0006417903531197,0.022796854266253726,0.024638547188286366,39.765115804750174,1.0397523150515322,13.8100004196167,-0.00790227414327227,14.486500120162964,0,0
2024-12-16,131.95675659179688,134.35596424649526,130.37727237183418,134.13603509853905,237951100,-0.01675981083589173,-0.049059975656672195,-0.04775958212017328,138.92051696777344,139.6345458984375,0.9948864449977629,0.02311206866211802,0.02392205398806982,44.08271031257558,1.0715891176586352,14.6899995803833,0.06372187791657047,14.414000129699707,1,0
2024-12-17,130.3472900390625,131.54689392732612,126.81844751374322,129.04771280436398,259410300,-0.01219692416139928,-0.03464869893348976,-0.0703053272613533,137.93480529785157,139.68810424804687,0.9874484734427927,0.022455377575530077,0.023908046618909717,40.577019707943215,1.1582643816098317,15.869999885559082,0.0803267759620312,14.428500127792358,1,0
2024-12-18,128.86778259277344,136.6552244722092,128.23798405143236,133.8161583001621,277444500,-0.01135050407143623,-0.0746536311074053,-0.11176179444020717,136.31333770751954,139.60871368408203,0.9763956282555576,0.016977266285972768,0.02053239638516519,40.69450276014542,1.225217232517455,27.6200008392334,0.7403907396600702,14.992000150680543,1,1
2024-12-19,130.63717651367188,133.98608501684748,129.50755712091288,131.7168244915274,209719200,0.013730304699117735,-0.04849292591072052,-0.09913150239416102,134.8758071899414,139.56950897216797,0.9663701490619807,0.01853935684648671,0.02101198691607278,38.66813145180737,0.9470806720766952,24.09000015258789,-0.1278059587033482,15.338500165939331,1,1
2024-12-20,134.65586853027344,135.2356803497186,128.1779956829599,129.76747112979962,306528600,0.030762238773439643,0.0033518939491270494,-0.05433882586069638,134.10205841064453,139.5674951171875,0.9608401891718847,0.02229642508952601,0.022410302893252323,44.702016124540904,1.4144212517152295,18.360000610351562,-0.23785801186974165,15.41300015449524,1,1
2024-12-23,139.62423706054688,139.7441928628519,135.07572475974197,136.23534836132282,176053500,0.036896784258284576,0.05810600886826167,0.006195353831006223,134.18802795410156,139.6650485229492,0.9607846012529921,0.024640349761058822,0.023150294779192615,49.28065802139523,0.8238387088305845,16.780000686645508,-0.08605663786390261,15.490000200271606,1,1
2024-12-24,140.174072265625,141.85351466107915,138.60457919611483,139.9541431061549,105157000,0.00393796389977541,0.07538923305285139,0.03812839528048673,134.7028594970703,139.70822448730468,0.9641727249157819,0.02261664142045355,0.021025148450079946,43.18245592320715,0.521328307663073,14.270000457763672,-0.14958284422952606,15.473500204086303,0,0
2024-12-26,139.88417053222656,140.8038826879709,137.68489400548984,139.65425012018665,116205600,-0.0020681551781494,0.08548597421176463,0.004450504720697079,134.76483917236328,139.874951171875,0.963466568126036,0.02048488388267918,0.021008674650344505,42.920241945642694,0.5868802525018985,14.729999542236328,0.03223539381334706,15.505000162124634,0,0
2024-12-27,136.96511840820312,138.97446981750295,134.66588395063462,138.50462254046806,170582600,-0.020867637223834,0.048439058952479686,-0.0024028186552084163,134.73184967041016,139.90092926025392,0.963051856644727,0.021124305852649763,0.021408455769358528,42.56773329288619,0.8738136392095482,15.949999809265137,0.08282418906603617,15.597500133514405,1,1
2024-12-30,137.4449462890625,140.22403398735426,133.97608228188028,134.78581438230358,167734700,0.0035032852629626188,0.020712634281973452,0.02413395478462088,135.0557418823242,139.91231414794922,0.965288457308415,0.01959802518224739,0.02086532269233321,48.0227264932838,0.853569134974439,17.399999618530273,0.0909090800379102,15.792000102996827,1,0
2024-12-31,134.2460174560547,138.02479365615312,133.7861766339878,137.98479821279548,155659200,-0.023274255761140172,-0.03851924076877833,0.017348568753773996,135.28466796875,139.83832855224608,0.9674362484832278,0.02040325947052367,0.021482769145381154,48.812430426284976,0.7953620029613412,17.350000381469727,-0.002873519434293592,15.992500114440919,1,1
2025-01-02,138.2646942138672,138.8345148325783,134.58590691715995,135.95545329338754,198247200,0.02993516555623721,-0.013621478072917803,0.06074084219497,136.07640838623047,139.73056182861328,0.9738485740373333,0.021488386880164616,0.022430885812025073,48.467184912504486,1.004290368787724,17.93000030517578,0.03342938968033171,16.224000120162962,1,1
2025-01-03,144.4226837158203,144.85253555834646,139.68423069189672,139.96413776465596,229322500,0.044537685755323686,0.032444794620619,0.12070434370862793,137.63189849853515,139.74835388183592,0.9848552392603469,0.0236033190042114,0.023324978382516737,59.68488800113784,1.1622730248504867,16.1299991607666,-0.10039046925668937,16.358000087738038,0,1
2025-01-06,149.3810577392578,152.11017470884985,147.77159962141576,148.54133648113356,265377400,0.034332376991373925,0.0906503748936347,0.1434804526996516,139.50628662109375,139.94588165283204,0.9968588212347055,0.02467414990203022,0.02455171179136595,69.62257591356928,1.314120321080701,16.040000915527344,-0.005579556721748813,16.483000135421754,0,0
2025-01-07,140.09410095214844,153.07985197865167,139.96413864833562,152.97987862898157,351782200,-0.06216957442703086,0.019274296615566122,0.040386152354380034,140.05010986328125,139.9406768798828,1.0007819955272361,0.033489117852883075,0.028144894895268092,58.902034206016644,1.6743015921947897,17.81999969482422,0.11097248614080613,16.73550009727478,1,0
2025-01-08,140.06410217285156,143.90284057175748,137.51493447299714,142.5332942493383,227349900,-0.00021413306551087974,0.043338974422100884,0.00315034926288571,140.0940963745117,139.91228118896484,1.0012994941116091,0.03149406331920346,0.02752155352992241,61.01042634558506,1.0723601950757773,17.700000762939453,-0.006733946910202238,16.911000156402586,1,0
2025-01-10,135.86549377441406,139.87417502688794,134.17604480086774,137.40498271998055,207602500,-0.029976334644661762,-0.017352227574033097,-0.030737342659534983,139.66323852539062,139.82030487060547,0.998876655680588,0.03290870650095012,0.02769046473141846,57.46906848451209,0.9797748078908206,19.540000915527344,0.1039548063998117,17.179000186920167,1,0
2025-01-13,133.1863555908203,133.4462801889749,129.4675728747113,129.94742663109315,204808900,-0.019719047928696942,-0.07780168485935113,-0.047881149925131816,138.99345703125,139.66015197753907,0.9952263051640077,0.03334590896296202,0.027057779258260972,52.66905438312337,0.9620718707858339,19.190000534057617,-0.017911994118260277,17.459500217437743,1,0
2025-01-14,131.71682739257812,136.33532416409136,130.00739616366573,136.00543044799826,195590500,-0.011033624215658566,-0.11824946625771193,-0.03831844981131105,138.4686279296875,139.50879333496093,0.9925440871474246,0.03294865662269937,0.026992508712882834,46.74922119904799,0.910985436729396,18.709999084472656,-0.025013102460996528,17.69900016784668,1,1
2025-01-15,136.1953887939453,136.4053114797544,131.24699764678536,133.60622538989423,185217300,0.03400143694638924,-0.027829238573969683,-0.009091330957263555,138.3436721801758,139.57855377197265,0.9911527841604214,0.035006670360079366,0.02765243324308397,46.16591826490454,0.8720735970784684,16.1200008392334,-0.13842856076827315,17.814500188827516,0,0
2025-01-16,133.5262451171875,138.70454064615834,133.44626949753135,138.59457607585483,209235600,-0.019597900489832676,-0.04667760656899633,-0.0053615917440739125,138.27169494628907,139.54215209960938,0.9908955313200744,0.03475768561745999,0.027755998668761626,42.90288066755328,0.9918660909007219,16.600000381469727,0.029776644990494594,17.910000228881835,0,1
2025-01-17,137.66490173339844,138.45463626831489,135.41563868932835,136.6452315490251,201188800,0.03099507975064153,0.013244039446631328,-0.004338001713879325,138.2117156982422,139.5755288696289,0.9902288518450781,0.034860545215258956,0.028352453644090586,47.81065694441517,0.9670660819052032,15.970000267028809,-0.03795181325081021,17.915000247955323,0,1
2025-01-21,140.7838592529297,141.783531605571,137.04507916268696,139.11440825447346,197749000,0.022656156218898937,0.057044159128812666,-0.025195657422145135,137.84783325195312,139.59411529541015,0.9874902889727011,0.03235942795480516,0.028458599929447482,53.752446628488215,0.9690936701029685,15.0600004196167,-0.05698183044435312,17.287000226974488,0,1
2025-01-22,147.02183532714844,147.74158546149795,143.62293982675303,144.61262104889417,237651400,0.04430888673829947,0.11619629957343403,-0.01579331708995768,137.61191101074218,139.623505859375,0.9855927206794332,0.03373122394174281,0.02975449622599088,58.45395154223117,1.1567234464538763,15.100000381469727,0.0026560398896751103,16.837500238418578,0,1
2025-01-23,147.17178344726562,147.18177468068177,143.67292977388993,145.0024960002277,155915500,0.0010199037427571778,0.08059299768163863,0.0505209173477954,138.3196792602539,139.59052154541016,0.9908959270938548,0.026061248069106868,0.029208266349678127,62.05930177302855,0.7877640822009466,15.020000457763672,-0.005298008058610915,16.670500230789184,0,0
2025-01-24,142.5732879638672,148.92121448023644,141.8335400716498,148.32140487495408,234657600,-0.031245768554854614,0.06775479111795346,0.01791455306598877,138.57059783935546,139.49055816650392,0.993404855932612,0.028515329671346946,0.02924889734568203,53.97674747439467,1.1683123330205156,14.850000381469727,-0.011318247078086707,16.574000215530397,0,0
2025-01-27,118.38121032714844,128.3579371600633,116.66177248371496,124.75912547322825,818830900,-0.16968169831960267,-0.14007703607412403,-0.12868818241882574,136.8221694946289,138.9541342163086,0.9846570616001903,0.06133499994910022,0.048138073724615815,31.967342332823335,3.461767984771332,17.899999618530273,0.20538714873478559,16.755500173568727,1,1
2025-01-28,128.94773864746094,128.9577298793433,116.21190774010589,121.77008342453179,579666400,0.08925849204541603,-0.08407299436368054,-0.03182470850378549,136.39830780029297,138.5684652709961,0.9843387348884973,0.06898212414848529,0.05276271767419367,36.87050655965814,2.231988513429701,16.40999984741211,-0.08324021245093771,16.839500188827515,0,0
2025-01-29,123.65947723388672,126.8484347440811,120.01067894543576,126.45856310434583,467120600,-0.04101088913262885,-0.15890400253320547,-0.06117176004153757,135.59257278442382,138.11741409301757,0.9817196019403219,0.07011198799717676,0.05331786745178343,38.86782643657311,1.7014949310454146,16.559999465942383,0.009140744663317601,16.870000171661378,0,1
2025-01-30,124.60917663574219,124.9590604797062,118.06131881584726,123.05968123503551,392925500,0.007679956466735138,-0.153307966262487,-0.08507051715041769,134.4339515686035,137.6755613708496,0.9764547188334003,0.06901525786815235,0.053355603228063125,39.660262591644404,1.3748511192176616,15.84000015258789,-0.04347822080763086,16.792000198364256,0,0
2025-01-31,120.03067016601562,127.80812056780856,119.15096116009843,123.73945402173636,388161100,-0.03674293172733545,-0.1581124916159934,-0.1010705793406208,133.08439407348632,137.23770095825196,0.9697364000142418,0.06958569353549067,0.05370272395797726,39.45968000117008,1.305093967440795,16.43000030517578,0.03724748402174094,16.74600019454956,0,0
2025-02-03,116.62178802490234,118.53115837860842,112.97298217131676,114.71241004430098,371235700,-0.028400092546333577,-0.014862344263788962,-0.15285750720432822,130.9800827026367,136.76824798583985,0.9576790273441068,0.06838572628613439,0.053337915299286213,39.08001913252796,1.212913218899507,18.6200008392334,0.1332927871807601,16.780500221252442,1,1
2025-02-04,118.61112976074219,121.16028976109213,116.66176403787988,116.92168099297385,256550000,0.017058062387236506,-0.0801612265181223,-0.157494826536559,128.76280975341797,136.20143615722657,0.9453851103653438,0.06807254912681915,0.05228257145172208,41.41904573318582,0.8344966302014463,17.209999084472656,-0.07572511768043466,16.834500217437743,1,1
2025-02-05,124.78911590576172,124.95905839472358,120.72044926950534,121.72012173666313,262230800,0.0520860576699802,0.009135075589381758,-0.15122052701841981,126.5395378112793,135.78057510375976,0.9319413893672294,0.06886242636091532,0.05318957200908585,42.69432416623624,0.85341167222648,15.770000457763672,-0.08367220821110855,16.821000194549562,0,1
2025-02-06,128.63787841796875,128.72786055574414,125.169020482652,127.37829628086023,251483600,0.03084213301994665,0.03233069899822283,-0.1259338209755263,124.6861473083496,135.4210954284668,0.9207291294893735,0.07021748826638882,0.05221869480671405,46.91562655246912,0.8320147603419562,15.5,-0.01712114457363567,16.70500020980835,0,1
2025-02-07,129.79745483398438,130.32727996151158,124.95904429961287,129.17766285547097,228186300,0.009014268816280868,0.08136907554094486,-0.08960888334931738,123.40856399536133,135.1791697692871,0.9129258909193265,0.07008274098435337,0.0522842763716783,44.84203306734575,0.754832941008348,16.540000915527344,0.06709683325982874,16.647000217437743,0,1
2025-02-10,133.5262451171875,134.95576927734325,129.91742726932324,130.04737430419848,216989100,0.02872776117199205,0.14495110543730938,0.12793444794309417,124.92306747436524,135.1303730773926,0.9244632766818355,0.040926384284744564,0.05230392166021691,45.27959025571107,0.7166802969372137,15.8100004196167,-0.04413545680190001,16.46050019264221,0,0
2025-02-11,132.7565155029297,134.43595803743202,130.9770996135579,132.5365863252507,178902400,-0.0057646316166702904,0.11925850272837835,0.02953736835883425,125.3039451599121,135.04818923950197,0.927846170063718,0.03105599142527058,0.05211258150438428,40.011201567963084,0.5934248381715854,16.020000457763672,0.013282734508116123,16.302000188827513,0,0
2025-02-12,131.0970458984375,132.19669170682792,129.03772306980744,129.97741762356085,160278600,-0.012500099134159393,0.05054871930849636,0.06014556126970794,126.04770202636719,134.96440322875978,0.9339329409156939,0.027653371981423324,0.05213174127756801,38.977238246108186,0.5347810763387303,15.890000343322754,-0.008114863341212808,16.16100025177002,0,1
2025-02-13,135.24566650390625,136.455276767875,131.12702127315083,131.51689288233604,197430000,0.031645416393918824,0.05136735903298684,0.0853588006544388,127.1113510131836,134.90541244506835,0.9422257321583862,0.028810150858799767,0.05205617249358811,44.94411312178797,0.6573999895344772,15.100000381469727,-0.04971679954588537,16.110000228881837,0,1
2025-02-14,138.8045196533203,139.20438251414282,135.45561099221797,136.43528567888637,195479600,0.026313990247600838,0.06939323140701248,0.1564087700363448,128.98873596191407,134.9100019836426,0.9561095105280152,0.024337531766459884,0.05211151394611598,69.7010651977316,0.6523997156575367,14.770000457763672,-0.021854299031079605,16.018500232696532,0,1
2025-02-18,139.35433959960938,143.3930250185803,137.8848198127303,141.22373753647113,219176600,0.003961109823097164,0.04364755765660089,0.19492542482587338,131.26199111938476,134.89300064086913,0.9730822985311791,0.0196376272535655,0.05170471255366913,62.44323516414867,0.7292977246093736,15.350000381469727,0.03926878170143766,15.98750023841858,0,0
2025-02-19,139.1844024658203,141.31370984182348,137.17506616632772,139.46430955469114,167536000,-0.0012194606517265116,0.04841861763650135,0.17345145220838676,133.31931838989257,134.77503952026368,0.9891988818140748,0.020577443809458248,0.05147687616534992,71.1522913250661,0.560282871684484,15.270000457763672,-0.005211721284556381,15.998000240325927,0,1
2025-02-20,140.06410217285156,140.61392504988532,136.74518244514988,139.98412654948388,143903600,0.006320390010994714,0.06840013985792592,0.12240639863676273,134.84681701660156,134.67607192993165,1.0012678205134966,0.016402428781253323,0.05047684957783667,71.09716049192423,0.4889142652864997,15.65999984741211,0.025540234312838583,16.026000213623046,0,0
2025-02-21,134.38595581054688,141.41366694156105,133.98609294492073,139.99411868487,228217600,-0.040539626315509114,-0.006356659814564569,0.04468417439147698,135.42162475585937,134.51592391967773,1.006733038065608,0.02180531349413373,0.051233373840040994,69.02490458104029,0.7659642736436312,18.209999084472656,0.1628352019097845,16.185500144958496,1,0
2025-02-24,130.23733520507812,138.544611438826,130.03740375103862,136.51527743543022,251381100,-0.030870938711165197,-0.061721221107494784,0.0033889753204821016,135.46561279296876,134.34537979125977,1.0083384557284334,0.024400678277580187,0.05122264579431378,67.69753547853001,0.841346486524433,18.979999542236328,0.04228448635234905,16.392000102996825,1,0
2025-02-25,126.5885238647461,130.1573543264651,124.39924631174091,129.93742515974864,271428700,-0.028016630826993127,-0.09160687619446817,-0.051957734948306245,134.7718406677246,134.17663513183595,1.0044359849634314,0.02372322987680547,0.033830209039024076,59.94022629134351,1.0000535528423875,19.43000030517578,0.023709208313628327,16.4685001373291,1,1
2025-02-26,131.23699951171875,133.68619399137987,128.44792005609298,129.9474287481865,322553800,0.036721145843673364,-0.05709981013176546,-0.011445886369150782,134.61988906860353,134.01608764648438,1.0045054398522055,0.02714239636087174,0.028467429518363237,58.35276229994424,1.2475078418896517,19.100000381469727,-0.016984041097423352,16.603000164031982,1,0
2025-02-27,120.11064910888672,134.96577503505506,119.97069557287365,134.9557838016939,443175800,-0.0847805911764884,-0.14245943646103199,-0.08380354198112194,133.52124938964843,133.67240036010742,0.9988692432390547,0.03803670369836804,0.03318078215875512,40.70599700810671,1.7219986400830007,21.1299991607666,0.1062826564792283,16.831500148773195,1,1
2025-02-28,124.87908172607422,125.04902421361967,116.36187573271177,117.98134023479652,389091100,0.03970033175713383,-0.07074306260004692,-0.07665003283142247,132.48459091186524,133.48586151123047,0.9924990513000436,0.03904262815398658,0.034368985310655846,45.03031559829076,1.5129748532655933,19.6299991607666,-0.07098911782188544,17.021000099182128,1,0
2025-03-03,114.02263641357422,123.65947815441595,112.2432206852501,123.46954557652553,411381400,-0.08693565937899761,-0.12450115603157452,-0.17853801375950584,130.00640258789062,133.12717910766602,0.9765579309897982,0.04429909458007634,0.038793078462935504,32.7741368763604,1.592461039941108,22.780000686645508,0.16046875499488777,17.338500118255617,1,1
2025-03-04,115.9520034790039,119.27091565466138,110.07393231302608,110.61375634258967,398163300,0.016920912602227833,-0.08402436540856428,-0.16793403196373136,127.66616897583008,132.83927337646483,0.961057417214454,0.045211530588474554,0.038481882955579146,35.45594015557238,1.5333023178759364,23.510000228881836,0.032045633021612785,17.583000087738036,1,1
2025-03-05,117.26158142089844,118.2412561507128,114.47249437052442,117.54148848655969,284337900,0.011294138114066099,-0.10648992389964218,-0.15750917959579191,125.4738868713379,132.60714935302735,0.9462075573112634,0.04587346601523356,0.03837225922383421,37.952642371968395,1.0891403034626848,21.93000030517578,-0.06720544059225653,17.819000148773192,1,0
2025-03-06,110.53378295898438,115.31221606989396,110.18389912538346,113.49281250827367,321181900,-0.05737427706833764,-0.07973369739447833,-0.21083431625773852,122.52085494995117,132.2050814819336,0.9267484545720293,0.0468388819022808,0.03838030601986135,29.406878928798307,1.2165339615426338,24.8700008392334,0.1340629499838053,18.27400016784668,1,1
2025-03-07,112.6530990600586,113.44284126847423,107.52477413573757,111.21356818629886,341755500,0.01917346936239972,-0.09790256700344468,-0.16171970217726162,120.34756927490234,131.7650260925293,0.9133498686547576,0.04805812546879214,0.03788706797380493,27.671564255992408,1.2727019799069752,23.3700008392334,-0.06031362884530711,18.66750020980835,1,0
2025-03-10,106.94495391845703,111.81335349826479,105.42544763902806,109.86399541986671,366487400,-0.05067011195633764,-0.06207260871819831,-0.17884565320646162,118.01833114624023,131.1114404296875,0.9001375529050889,0.04911598172377373,0.038984300098781094,24.56855671590519,1.3305401557936378,27.860000610351562,0.1921266414154501,19.23350019454956,1,1
2025-03-11,108.724365234375,112.20322068732999,104.73566712840632,106.9549409312714,354865700,0.01663857200101959,-0.062333017350042264,-0.1411198905317682,116.23191528320312,130.4824462890625,0.8907858381633216,0.05016299862898129,0.03846045759589533,26.687057312195265,1.2568896536188745,26.920000076293945,-0.03374014764767641,19.78900017738342,1,1
2025-03-12,115.71273803710938,116.7325020716217,112.85341103244578,114.09312447156262,323857500,0.0642760506135831,-0.013208447003879686,-0.11829180438724629,114.67948913574219,129.99901763916014,0.8821565825524885,0.05387405570160529,0.04185719755990943,32.95612097537803,1.1183536613044316,24.229999542236328,-0.09992572535044164,20.199500131607056,1,0
2025-03-13,115.55277252197266,117.73225924433854,113.76319330991835,117.0024278677365,299033100,-0.0013824365221175583,0.04540683787915478,-0.03794731458642031,114.22370147705078,129.57077072143554,0.8815545422865513,0.04726336429275743,0.04184010957627613,35.7149247576459,1.0084689197303078,24.65999984741211,0.017746608060236646,20.638000106811525,1,1
2025-03-14,121.6413345336914,121.85128414551467,118.12216714928688,118.5820578648422,277593500,0.052690747948613614,0.07978684606662201,-0.02592705797985373,113.8999267578125,129.25469848632812,0.8812053108449301,0.04871850320939541,0.0430685267969132,43.66628106906139,0.9236796632536469,21.770000457763672,-0.1171938121464231,20.97150011062622,1,0
2025-03-17,119.50183868408203,122.86104771124882,118.00219206936818,122.711081524258,255501500,-0.017588559495923528,0.11741446702758251,0.048053636039725234,114.44784698486328,128.95981491088867,0.8874690698334735,0.0392219227395845,0.04253682616144986,44.65959646252151,0.8417636871866364,20.510000228881836,-0.0578778228014456,21.25850009918213,0,0
2025-03-18,115.4028091430664,118.99195980676369,114.51301940530757,117.97220343827061,299686900,-0.03430097466409632,0.06142545780143038,-0.004736393675482731,114.39292755126954,128.50257720947266,0.8901994810952085,0.04086030483697278,0.042896495107200276,37.96798983555476,0.9744119835608179,21.700000762939453,0.05802050320710772,21.576000118255614,1,1
2025-03-19,117.49231719970703,120.42162740294437,115.6527542355049,117.24237608211885,273426200,0.018106214850023505,0.015379284880692623,0.001967701407508571,114.41600112915039,127.9639698791504,0.8941266923588354,0.04112036797922246,0.04328496621978476,47.69364535081268,0.8739816943311784,19.899999618530273,-0.08294935857713559,21.807500076293945,0,1
2025-03-20,118.50206756591797,120.17167220516042,116.44255543913019,116.52253841801043,248829700,0.00859418207315299,0.02552336027579516,0.07208913323712429,115.21282958984375,127.34639007568359,0.9047200279597348,0.03565043881142558,0.04332622835427012,43.98448751899621,0.782243543708677,19.799999237060547,-0.005025144893802347,22.014500045776366,0,0
2025-03-21,117.6722640991211,117.9621966837067,115.39280254041711,116.91244866461768,266498500,-0.0070024387239934205,-0.03262929044461438,0.04455416744804008,115.71474609375,126.89795333862304,0.9118724380445206,0.035663440995017504,0.04262005896434966,54.2459152180296,0.8327778194863451,19.280000686645508,-0.02626255406322109,22.06800012588501,0,1
2025-03-24,121.38140106201172,122.19120779583362,119.31188140429414,119.8517551027078,228452500,0.03152091099195853,0.015728313460502852,0.13498951203029308,117.15839080810547,126.52429931640626,0.9259754169048671,0.030525199259749516,0.042965797975475034,56.06529885601373,0.7164550262235507,17.479999542236328,-0.09336105188294774,21.99300012588501,0,0
2025-03-25,120.66156768798828,121.26142480153007,118.89198043130345,120.5216012824151,167447200,-0.005930343262850357,0.045568722147851126,0.10979325956863928,118.3521110534668,126.22022079467773,0.937663635100037,0.03106852607218475,0.04256063696932526,53.8489136245823,0.533839145215666,17.149999618530273,-0.018878714665219953,21.879000091552733,0,0
2025-03-26,113.73320007324219,118.81199741904777,112.68344440410922,118.70203035263671,293463300,-0.05741983754646518,-0.03199457816527107,-0.017107347016819707,118.15415725708007,125.83115768432617,0.9389896702174078,0.03166575991654791,0.04330838013217521,53.60548906077455,0.9399503371904997,18.329999923706055,0.06880468404796991,21.84050006866455,0,0
2025-03-27,111.40375518798828,114.42304053099558,110.6339399022949,111.32377219977147,236902100,-0.020481661324519007,-0.05990032514817667,-0.03590582245177565,117.73925552368163,125.42489624023438,0.9387231646432305,0.032243918514664904,0.03937809907117354,48.59872504636288,0.7847095677838802,18.690000534057617,0.019639967913255507,21.7185001373291,0,0
2025-03-28,109.6441650390625,112.84341584506377,109.04430789656145,111.46373602695421,229872500,-0.015794711282008045,-0.06822422532208727,-0.09862740770330836,116.53953857421875,124.89387176513672,0.9331085418936462,0.02565895147289932,0.03814619569253834,53.32167494039516,0.7820471524362645,21.649999618530273,0.15837340823392898,21.819500160217284,0,0
2025-03-31,108.35446166992188,110.9338556226425,103.6255803841977,105.10522740758995,299212700,-0.011762626571884982,-0.10732236799140749,-0.0932820543759969,115.42480087280273,124.39043609619141,0.9279234360392826,0.025534092457899973,0.03309874296598029,49.53923970179256,1.0377495012675562,22.280000686645508,0.029099357007656312,21.794500160217286,1,1
2025-04-01,110.12405395507812,110.17403760023085,106.4449205320371,108.49443304563391,222614000,0.01633151286881862,-0.08733115220381105,-0.04574199906558718,114.89692535400391,123.839619140625,0.9277881032848923,0.025074043032140888,0.033081244446901116,41.99828369236846,0.7963270241442187,21.770000457763672,-0.02289049430718948,21.707500171661376,1,1
2025-04-02,110.39398193359375,111.95361956622256,106.76483994973236,107.26472214391917,220601200,0.002451126423530736,-0.02936010010707546,-0.060415314254530506,114.18709182739258,123.23182159423828,0.9266039432848197,0.023978632801748025,0.03295229203092064,42.636977612338484,0.7982265572113199,21.510000228881836,-0.011943051144452932,21.68650016784668,0,0
2025-04-03,101.7760238647461,105.60511590388697,101.57606639857329,103.48562015563714,338769400,-0.07806546985533769,-0.08642196402622038,-0.14114558542928246,112.5144874572754,122.32690536499024,0.9197852845337887,0.03234020145902747,0.03502549441224491,23.556034736657807,1.221919992936174,30.020000457763672,0.395629945993925,21.944000148773192,1,0
2025-04-04,94.28778076171875,100.10640942744341,92.08830207120735,98.88670323249266,532273800,-0.07357570888187526,-0.140056557244727,-0.19872553244751412,110.17603912353516,121.2692253112793,0.9085243089557994,0.0371007107380326,0.03788459016339654,20.619758778226924,1.8561036673939815,45.310001373291016,0.5093271379872046,23.041000175476075,1,1
2025-04-07,97.61698913574219,101.72602116602216,86.59958951154498,87.43938789235719,611041300,0.035309011911489385,-0.09909580435080789,-0.19578297596127348,107.7995979309082,120.3700993347168,0.8955679070360039,0.03771391473342748,0.03768557566188283,28.896783004184215,2.0436360041315447,46.97999954223633,0.03685716438600095,23.99700012207031,1,0
2025-04-08,96.27731323242188,105.82505852328022,94.43774279946976,103.78553826456235,476243400,-0.013723798645924323,-0.12573765880708154,-0.20208799639186048,105.36117248535156,119.92802139282226,0.8785367361331075,0.03744994179655382,0.03742662503390001,24.371970217697324,1.5611158784763357,52.33000183105469,0.11387829589075582,25.26750020980835,1,1
2025-04-09,114.30307006835938,115.07288532975399,97.50702445286697,98.86670469924479,612918300,0.18722746024727277,0.0354103372873813,0.005010586132722983,105.41815948486328,119.63512802124023,0.8811639292612046,0.0737856693102025,0.05530106047104523,46.405352127504905,1.9182527314372535,33.619998931884766,-0.35753873962348437,25.73700017929077,1,0
2025-04-10,107.5446548461914,110.83388059600858,99.12664053501021,109.34423379452805,437812400,-0.05912715396118473,0.056679665429958836,-0.03464066660306775,105.0322494506836,119.31283157348633,0.8803097543284174,0.07611530599672851,0.056903016323560145,42.128987163708786,1.341098619663257,40.720001220703125,0.21118389394369697,26.540000247955323,1,1
2025-04-11,110.90386962890625,111.52372632761113,107.45468536211307,108.4744417347206,313417300,0.031235534555567934,0.17622738315560937,0.011489025333860203,105.15821990966796,119.03872543334961,0.883395042469155,0.07655629000028573,0.056010414651176434,41.81250091663723,0.9548150930812598,37.560001373291016,-0.07760313734483593,27.32950029373169,1,0
2025-04-14,110.68392181396484,114.26308039077927,109.04430871921362,114.08312248391158,264705000,-0.0019832294010783125,0.13385920620899627,0.021498516149147218,105.39116592407227,118.8517904663086,0.8867444529912062,0.07640011765332518,0.05590802307659473,42.141735383443944,0.8052857997954637,30.889999389648438,-0.17758258093104407,27.84850025177002,1,1
2025-04-15,112.1735610961914,113.5932323217664,110.47396469045397,110.94385517244878,228966900,0.013458497474730935,0.16510896835472133,0.01861089441866448,105.59611663818359,118.76282592773437,0.8891344224365076,0.07635652232644911,0.0554930424341058,48.65655649717997,0.7041378863156343,30.1200008392334,-0.024927114458703215,28.269500255584717,1,0
2025-04-16,104.46538543701172,106.76484672728219,100.4263361362673,104.52537649088836,397016900,-0.06871651023515024,-0.08606667017311254,-0.05370398270576304,105.0032569885254,118.47991104125977,0.8862536784987859,0.07978952287567996,0.057363935174520944,44.530260615345526,1.1981693114398992,32.63999938964844,0.08366528818726215,28.906500244140624,1,0
2025-04-17,101.46607971191406,104.44538077133734,100.02642426353728,104.4253812132841,292517500,-0.02871100041942709,-0.056521406321595635,-0.003045355291575569,104.97226257324219,118.01345031738282,0.8894940558972901,0.07605541322477166,0.05752638957131811,43.676552135860696,0.8770158277045528,29.649999618530273,-0.09160538685752617,29.399000263214113,1,0
2025-04-21,96.88717651367188,99.41657935183265,95.01761424618036,98.74673137333838,288501100,-0.04512742791721891,-0.1263859697784705,0.02756874465549508,105.2322021484375,117.37843627929688,0.8965207365520023,0.07339412849066564,0.05818100172888599,41.56246049394275,0.8621303701104096,33.81999969482422,0.14064081382610993,30.126000213623048,1,1
2025-04-22,98.86669158935547,99.78647292005905,97.25707044682602,98.75671690551087,241004800,0.0204311359553786,-0.10676555393900411,0.0128020999692533,105.35717239379883,116.7598210144043,0.9023409892072484,0.0728599566380352,0.05783489583137329,41.74242927066991,0.7188485540194459,30.56999969482422,-0.09609698490025054,30.780500221252442,0,1
2025-04-23,102.68579864501953,104.77531016741209,101.99595878138034,104.4953697335839,247526000,0.038628854614927155,-0.08458109342749587,0.06656277784909737,105.99802093505859,116.14301208496094,0.9126508692362733,0.07336426528125237,0.0587974181353299,44.62567722476814,0.7295862682648027,28.450000762939453,-0.06934900075395489,31.3455002784729,0,1
2025-04-24,106.40492248535156,106.51489717654988,103.08570507328525,103.45562063709751,220815000,0.036218482880859604,0.018566313044518612,-0.06909829786972732,105.20820617675781,115.61598022460937,0.9099797966714275,0.040899917308766104,0.05825251515700344,53.46400646305014,0.6578990883532421,26.469999313354492,-0.0695958311594923,31.75250024795532,0,1
2025-04-25,110.98385620117188,111.8936379045766,105.70510100806126,106.82483233532861,251064700,0.04303310043246045,0.09380254481380379,0.031979286742787494,105.55212631225587,115.21371643066406,0.9161420148769998,0.03897115689647533,0.05890743811780449,63.06321546926236,0.746450568525368,24.84000015258789,-0.06157911609556577,32.06000022888183,0,0
2025-04-28,108.70439910888672,110.34401230383385,105.9950305600335,109.66417212829982,207708500,-0.02053863661173716,0.12196890259824333,-0.01983222521792205,105.33217926025391,114.68289108276367,0.9184646311736108,0.03836260341473127,0.05898975591628606,58.81980731325027,0.619587944045832,25.149999618530273,0.01247984959895776,32.23500022888184,0,1
2025-04-29,108.99431610107422,110.17403844763395,107.41469407982767,107.64463563001284,170444300,0.0026670217080828618,0.10243717422834386,-0.01526514136109558,105.16321868896485,114.08668701171875,0.9217834389227438,0.038381994215153606,0.058911708838821256,60.28793628013671,0.518385918847643,24.170000076293945,-0.038966185172991996,32.32950019836426,0,0
2025-04-30,108.89433288574219,108.89433288574219,104.05547701680861,104.44538450923935,235044600,-0.0009173250395856369,0.06046146908965766,-0.029233521503674198,104.83529586791992,113.47748687744141,0.9238422417756285,0.03805369366353084,0.05881505194323648,43.836848540318584,0.7135112353052924,24.700000762939453,0.021928038269446892,32.476000213623045,0,1
2025-05-01,111.58370208740234,114.91291927434723,111.27377757314032,113.05335693358144,236121500,0.024697053835501137,0.0486704889312215,0.0681404335092668,105.54712753295898,112.92547286987305,0.9346618158914745,0.030692805236976577,0.05905363748014459,55.07282983273075,0.7150957643640565,24.600000381469727,-0.004048598315015806,32.63050022125244,0,1
2025-05-02,114.47303009033203,115.37281962529518,113.34329900218786,114.15310576985596,190194800,0.025893817366504868,0.03143857141560846,0.12819013423350678,106.84782257080079,112.41365142822265,0.9504879631013881,0.02839758027753625,0.05612683532894764,54.53621812617753,0.5892636359356608,22.68000030517578,-0.07804878237889012,32.26350021362305,0,0
2025-05-05,113.7931900024414,114.64298826396649,112.63346720059009,112.88340831442672,133163200,-0.005938866887284733,0.046813109085469096,0.17449175522607896,108.53842391967774,112.00179611206055,0.9690775298914169,0.021404592563921368,0.05294351348047321,53.90605711148563,0.4397562674123454,23.639999389648438,0.042328001391321646,31.18000011444092,0,0
2025-05-06,113.51325988769531,114.7129742117387,110.7938992837595,111.4537475013017,158525600,-0.0024599900463295743,0.04146036186355362,0.14814461840368454,110.00308074951172,111.66731460571289,0.9850964997047039,0.02213909960329631,0.05269256128554184,51.73577083479548,0.5657878408379247,24.760000228881836,0.04737736328892761,30.069000148773192,0,1
2025-05-07,117.03242492675781,117.65228163619798,112.25355204144066,113.02337494499027,206758800,0.031002237470267424,0.07473384358352742,0.13971383064696186,111.43774337768555,111.47619262695312,0.9996550900388549,0.021317427463511136,0.05263484256628092,68.26504843624802,0.7752155738698194,23.549999237060547,-0.048869183385945925,28.630000019073485,0,1
2025-05-08,117.34235382080078,118.65204278244111,115.82270761670769,118.22214377270919,198428100,0.002648230985873523,0.051608358798561405,0.10279065178544666,112.53148651123047,111.19829971313476,1.0119892732311107,0.01991596789332924,0.03241687887778132,75.03157011428273,0.8066614129982964,22.479999542236328,-0.04543523267467309,28.073000049591066,0,0
2025-05-09,116.62252044677734,118.20215005190205,115.18285724943865,117.32235248570746,132972200,-0.006134471915594353,0.01877726443293337,0.05080616621740641,113.09535293579101,111.12853713989257,1.0176985664215352,0.01666018021845699,0.029176925121146533,85.42713182435106,0.576273774962855,21.899999618530273,-0.025800708875297285,27.131999969482422,0,1
2025-05-12,122.97102355957031,122.97102355957031,120.25166311897564,121.94126742822685,225023300,0.05443633946918691,0.08065362748800697,0.131242383635211,114.52201538085937,111.0903759765625,1.0308905193103395,0.02031386493468472,0.030717665844798958,87.40304447280982,0.994247921375416,18.389999389648438,-0.16027398584573105,26.173499870300294,0,1
2025-05-13,129.89938354492188,131.18908818741485,124.44067836400953,124.95056035306071,330430100,0.0563414029159095,0.14435426903815674,0.19179961113258104,116.61252212524414,111.40791091918945,1.0467167112560785,0.024132890699616837,0.03266383472782127,88.5115999959404,1.4390840663635183,18.219999313354492,-0.009244158887228515,25.539999866485594,0,1
2025-05-14,135.30810546875,135.40808800730593,131.6489642323906,133.16861033831793,281180800,0.0416377797663503,0.1561591204610997,0.24256333532730823,119.25389938354492,111.79503295898438,1.0667191218351988,0.02418683432003945,0.0334843626017253,89.03591421409217,1.210827100901555,18.6200008392334,0.021953981391520827,24.964999866485595,0,0
2025-05-15,134.79824829101562,136.26790331471523,132.62876117393418,134.25836692241,226632600,-0.0037681199952365185,0.1487603912980353,0.20804602974572006,121.57535400390626,112.14576629638673,1.084083314234069,0.02550122270134378,0.028182775664178074,86.13475924438137,1.0130965013301685,17.829999923706055,-0.0424275445714678,24.224499893188476,0,1
2025-05-16,135.36810302734375,136.31789147723805,133.42857277146337,136.18791721457987,226542500,0.004227463958566213,0.16073724447690418,0.18253271465360155,123.66486129760742,112.64245269775391,1.0978530592673545,0.025803582675331404,0.02651782406153003,92.6720421271742,1.0278505449932027,17.239999771118164,-0.03309030595134499,23.603999900817872,0,1
2025-05-19,135.53805541992188,135.83797251007488,132.35879696756518,132.35879696756518,193154600,0.0012554832990736564,0.10219506593164018,0.19109109619841003,125.83934783935547,113.10015182495117,1.1126364183323216,0.025179533128691187,0.022758175888887774,92.6437959407301,0.895740430204863,18.139999389648438,0.05220415490016572,22.81999988555908,0,0
2025-05-20,134.3483428955078,134.54829272140586,132.58874781513978,134.2583525069389,161514200,-0.00877770099864661,0.03424927223805807,0.18354756993522825,127.92285614013672,113.64821960449218,1.1256036969635053,0.02581880162138705,0.02346400744934345,89.50969864083078,0.7630750629292599,18.09000015258789,-0.0027562976153725494,22.195999908447266,0,0
2025-05-21,131.76895141601562,137.36762292180558,130.55922977564506,133.02864907239967,270608700,-0.019199280198776703,-0.02615626048767461,0.12591832134111836,129.3965087890625,114.109111328125,1.1339717510986307,0.02766988478407438,0.02404659499746829,81.43886848064855,1.2715593988160827,20.8700008392334,0.1536761007847649,21.816999912261963,0,1
2025-05-22,132.7987060546875,134.21836966107523,131.51900885300861,132.19884131725317,187344000,0.0078148503695743,-0.014833592139946172,0.1317201481869954,130.94214401245117,114.45083068847656,1.1440908137125039,0.027518149985293085,0.023422373794461937,80.2975793298915,0.8872855299792172,20.280000686645508,-0.02827025054444432,21.507499980926514,0,0
2025-05-23,131.25906372070312,132.64873565144939,129.12957588399638,129.96937433382988,198821300,-0.01159380523896325,-0.030354560747671955,0.12550357527734457,132.40579833984376,114.76495651245118,1.1537127914606815,0.027985350843153983,0.02271327747444225,78.07782850804367,0.953439058621037,22.290000915527344,0.09911243396581493,21.380000019073485,1,1
2025-05-27,135.4680633544922,135.6280293045703,133.27857708527512,134.1183754403962,192953600,0.03206635423474524,-0.0005164015760211749,0.10162589066251027,133.65550231933594,115.04149108886719,1.1618025901288935,0.02496890491841537,0.022193417126011604,81.33564418364378,0.9285859278953366,18.959999084472656,-0.14939442325168273,21.070499992370607,0,0
2025-05-28,134.7782440185547,137.2176717346689,134.75824445795843,135.9979578766118,304021100,-0.005092117794083917,0.0031998989625143803,0.0375587654112739,134.1433883666992,115.34701919555664,1.1629549623582005,0.01918885374072523,0.022418849840834268,77.553624600315,1.417534278868763,19.309999465942383,0.018459936622906348,20.82749996185303,0,1
2025-05-29,139.15721130371094,143.45620133736625,137.87751407348716,142.21648797143945,369241900,0.03249016424752793,0.05606980861803623,0.028446971610654126,134.5282989501953,115.82210723876953,1.1615079552374452,0.017314135263050746,0.02273382508225325,80.0717308479877,1.6694057049806281,19.18000030517578,-0.0067322198012426115,20.551499938964845,0,0
2025-05-30,135.09817504882812,139.58710766728817,132.88868890141003,138.6873257641086,333170900,-0.029168709381678815,0.017315447284506513,0.0022250048618213114,134.55829162597655,116.17422439575195,1.158245663578511,0.020054323986082558,0.024355350154198697,73.32162007397382,1.4739850221281863,18.56999969482422,-0.03180399377715093,20.249999904632567,0,1
2025-06-02,137.34764099121094,138.08745689917103,135.36809645457458,135.45808684638126,197663100,0.016650601990513936,0.04638595688495273,0.014623370791177592,134.7562454223633,116.55113586425782,1.1561984739411566,0.02069225817772103,0.024122145668820844,70.24217929569403,0.8730411925787097,18.360000610351562,-0.01130851308151537,20.033999919891357,0,1
2025-06-03,141.1867218017578,141.9665367692297,137.91748812723765,138.74729436292043,225578800,0.027951559872750442,0.04221407101909369,0.04167587003026818,135.32111206054688,117.02142501831055,1.1563789454740698,0.022296395980283566,0.024176595823980185,67.40677467556151,0.9764119384329998,17.690000534057617,-0.03649237766997637,19.736499977111816,0,1
2025-06-04,141.88656616210938,142.3564566649135,139.5071219355859,142.15650682982962,167120800,0.00495687095373043,0.05274087220320278,0.056109536627962475,136.07493438720704,117.4315283203125,1.1587598009968991,0.021818226322204443,0.024013722682780656,61.86874526490124,0.722034880874968,17.610000610351562,-0.004522324550077617,19.378999996185303,0,0
2025-06-05,139.95701599121094,143.96606551828813,138.79728569106723,142.13649493837005,231397900,-0.013599244967940627,0.005747490051050352,0.062139559336283234,136.89374084472655,117.81743728637696,1.1619140935138585,0.021170744998719973,0.024176491565983376,58.85379976064087,0.9944470116413456,18.479999542236328,0.04940368550432428,19.125500011444093,0,1
2025-06-06,141.6865997314453,143.23623746842864,141.47664251332282,142.47640682683559,153986200,0.012357963821856499,0.04876768083829375,0.06692756232954333,137.78253021240235,118.37650527954102,1.1639347680271084,0.021256684705861395,0.02413424603506134,60.42904009481838,0.6681458891048312,16.770000457763672,-0.0925324202830431,18.840000057220458,0,1
2025-06-09,142.59640502929688,144.96584183837217,141.9065651342004,143.15627066728982,185114500,0.0064212515479658006,0.03821517428480492,0.08637377859648354,138.91626434326173,119.0003582763672,1.1673600513087676,0.0202745303018335,0.023861266451867497,61.372455692816644,0.7942270267501181,17.15999984741211,0.0232557769232431,18.60300006866455,0,1
2025-06-10,143.92608642578125,144.25599524562207,141.4966510569608,142.65638139553192,155881900,0.009324789052088667,0.01940242388990243,0.062435550209027024,139.76206665039064,119.68599670410157,1.1677395058665294,0.018539016989908504,0.021490976535744173,65.36242816074372,0.6788749879010997,16.950000762939453,-0.012237708994171426,18.5310001373291,0,0
2025-06-11,142.80625915527344,144.96590375929992,141.84641202362192,144.5859620448177,167694000,-0.007780571947151982,0.006481889145962372,0.059564621836248,140.5648681640625,120.37503265380859,1.1677244447220103,0.018739843651219976,0.01849134306835711,68.5731599286182,0.7571478875608252,17.260000228881836,0.01828905321468688,18.483000183105467,0,1
2025-06-12,144.9759063720703,144.9759063720703,141.82643588786814,141.94641106631286,162365000,0.015192942029507384,0.03586022712269421,0.041813823472360845,141.14673767089843,121.07206970214844,1.1658075889685875,0.016707051232877367,0.016572716398367437,69.73425540027864,0.7532927240826057,18.020000457763672,0.04403245763636199,18.453000164031984,0,0
2025-06-13,141.94639587402344,143.556128789635,140.8265869783813,142.4563055840922,180820600,-0.02089664809731795,0.001833597129654807,0.050690698247553456,141.83155975341796,121.70311798095703,1.1653896967176343,0.014985732749109727,0.017394962527236085,66.52195512495406,0.8479286590588745,20.81999969482422,0.15538286159444614,18.60250015258789,1,1
2025-06-16,144.66595458984375,146.1556971839991,143.1761967394354,143.32618096280035,183133700,0.019159054367494432,0.014513336154033274,0.05328314010941848,142.56339111328126,122.56091659545899,1.163204348282129,0.015220497867366609,0.017778801991321303,64.90580893142308,0.867605991187958,19.110000610351562,-0.08213252207192667,18.696000194549562,1,0
2025-06-17,144.09603881835938,145.1958620737219,143.75609899624828,144.46598768948277,139108000,-0.003939529332248171,0.0011808310557084312,0.020606165930296072,142.8543228149414,123.5570817565918,1.1561807772084265,0.013149164100458448,0.01785076638568569,65.15903242510856,0.667578443514474,21.600000381469727,0.130298257016767,18.869000244140626,1,1
2025-06-18,145.455810546875,145.62578045463974,143.0962022725339,143.9860537050978,161494100,0.009436565638210936,0.01855346822523174,0.025155618895503107,143.21124725341798,124.51385818481445,1.15016311711144,0.013331603954448627,0.017670331536324448,61.363454924150034,0.7750129387498335,20.139999389648438,-0.06759263731651588,18.971500205993653,1,0
2025-06-20,143.8260955810547,146.17569581398777,142.6262828381709,145.42582047781178,242956200,-0.011204192941437152,-0.00793104743946016,0.027644770520734108,143.59815521240233,125.4648338317871,1.1445291148667753,0.01302692288693788,0.017198983034553472,67.25911621381047,1.1737389862419754,20.6200008392334,0.023833240522920462,18.959000205993654,1,1
2025-06-23,144.1460418701172,144.7559411184857,142.00639807778802,142.47632119978937,154308900,0.002224535733727162,0.015496314524575228,0.017358325652062634,143.84409942626954,126.06169326782226,1.1410611399663493,0.012588175619968247,0.01718816711550298,64.55421390781004,0.7514740374729186,19.829999923706055,-0.03831236097838653,18.93650016784668,1,1
2025-06-24,147.8754119873047,147.9354148301798,145.4758169849003,145.53580457152245,187566100,0.025872164568679912,0.022185298583625723,0.0370206174336809,144.37200012207032,126.86830841064453,1.13796740833629,0.014707062766721048,0.0174109668378113,64.38692373535542,0.9159446215311331,17.479999542236328,-0.11850733184624906,18.69600009918213,0,1
2025-06-25,154.28436279296875,154.4243389252029,149.23519867353343,149.24520677628502,269146500,0.0433402059174941,0.07070509403421066,0.07196941586075134,145.40782775878907,127.73591827392578,1.1383472223291684,0.01934492448625898,0.0184468541981886,71.40885462777932,1.290322750759378,16.760000228881836,-0.041189893147009715,18.586000156402587,0,1
2025-06-26,154.99423217773438,156.69394650127538,153.97439748110884,155.95406403411533,198145700,0.004601045575293838,0.06557607836357615,0.08534621027506173,146.62662506103516,128.62212448120118,1.1399798102578023,0.018668202614847147,0.018247406349013427,77.10858685193142,0.9746720451301396,16.59000015258789,-0.010143202504316884,18.450000190734862,0,1
2025-06-27,157.72377014160156,158.68361723049148,155.2341786737402,156.01404775885302,263234500,0.01761057766805907,0.09662832397973764,0.08793091271879883,147.9014114379883,129.53312866210936,1.1418037452317937,0.018781568058470727,0.017446459615312496,77.9051861103323,1.3295049753182375,16.31999969482422,-0.01627489181918751,18.307000160217285,0,1
2025-06-30,157.96376037597656,158.6336472456001,155.93409881773164,158.37368067249696,194580300,0.0015215857074653005,0.09585916010312534,0.11284093832272024,149.5031478881836,130.60309616088867,1.1447136575078751,0.015998631866330756,0.015378046982727841,77.37786435722103,1.0183993036081365,16.729999542236328,0.02512254013963844,18.21500015258789,0,0
2025-07-01,153.2745361328125,157.17388214393176,151.46483925954294,156.26402965591922,213143600,-0.02968544324345679,0.03651130416442272,0.05950661693261394,150.36400604248047,131.63926528930665,1.1422428233097626,0.020111636228013603,0.017362255957814956,64.87430187942653,1.111055364094236,16.829999923706055,0.005977309277102272,18.138500118255614,0,1
2025-07-02,157.22386169433594,157.57380961936815,152.94457434216997,152.9545671877056,171224100,0.025766351418616162,0.019052474587535784,0.09110467562904256,151.67678833007812,132.84599899291993,1.1417490137445674,0.020670143515851017,0.0172207808625225,71.04493222836555,0.9053673695794859,16.639999389648438,-0.011289396014196651,18.086000061035158,0,1
2025-07-03,159.3135223388672,160.95324924613055,157.74379112425564,158.34368228178877,143716100,0.013290989179453039,0.027867425132180434,0.09527093995001579,153.06255950927735,134.05493560791015,1.1417898103875976,0.020716145285158166,0.017306699761008022,70.97716161007301,0.764647063798233,16.3799991607666,-0.015625014328040088,18.02449998855591,0,0
2025-07-07,158.21371459960938,159.28352889047815,157.31385497697042,158.17371270193448,140139000,-0.006903417381724064,0.003106345083990547,0.10003482998289681,154.5013214111328,135.16549392700196,1.1430529858054854,0.020282495577509413,0.016970099546157053,75.22483833644475,0.7641668931900923,17.790000915527344,0.08608069761920256,17.99000005722046,0,1
2025-07-08,159.97340393066406,160.19336858156893,158.36367094336165,159.30351713245472,138133000,0.011122230051344939,0.012722181023699708,0.10980087871443689,156.0840576171875,136.2368635559082,1.1456815251265273,0.020109432592400632,0.01694906317772049,74.46469480495094,0.7564981550181278,16.809999465942383,-0.055087206247954934,17.992000007629393,0,1
2025-07-09,162.85293579101562,164.39267314506114,161.13322041798892,161.1932080055649,183656400,0.01800006619600092,0.06249178695868585,0.10128474776453555,157.5818099975586,137.27424514770507,1.147934267116187,0.01959499038356256,0.017152694853510037,77.91670943777417,1.006213018748358,15.9399995803833,-0.05175490262933857,17.930999994277954,0,1
2025-07-10,164.07273864746094,164.4726660794993,161.5831469026993,164.29270331195812,167704100,0.007490211033165828,0.043561307293419116,0.06344373258116254,158.5606475830078,138.38161193847657,1.1458216547838935,0.01567837357414938,0.01714340014182619,77.82431587402148,0.9158478461677552,15.779999732971191,-0.010037631845926431,17.87249994277954,0,1
2025-07-11,164.89259338378906,167.862101078866,163.44283738179527,163.6927958392512,193633300,0.0049968979800461,0.03501944444524252,0.06386277132367146,159.55048370361328,139.49957748413087,1.1437345301046762,0.015674158670938076,0.016809768673321648,82.26647359018489,1.0500125643632146,16.399999618530273,0.03929023422374556,17.829499912261962,0,0
2025-07-14,164.04273986816406,165.4625020418882,161.99307751467913,165.3425116109199,136975800,-0.005153982348054642,0.03684273062740595,0.04006352194656171,160.18238067626953,140.6025456237793,1.1392566184746147,0.015504521234431221,0.016925422103874873,79.98796755655846,0.7479253689780005,17.200000762939453,0.048780558720578515,17.788499927520753,0,1
2025-07-15,170.671630859375,172.37134531045626,169.17188012202328,171.1615549258278,230627400,0.040409535932759866,0.06687503463605604,0.08044801195636175,161.4531677246094,141.78430419921875,1.138723842786958,0.019230563875988777,0.0172822213268906,81.59647568148316,1.2423947378713098,17.3799991607666,0.010465022665288926,17.61649990081787,0,1
2025-07-16,171.34152221679688,171.72146396229547,168.87193138356372,171.03157616389174,158831500,0.00392503050477,0.052124245624127985,0.11787336983573926,163.2598663330078,142.92167404174805,1.1423030651412527,0.014205860761164781,0.01716467120748434,78.11471657872366,0.8612663863695728,17.15999984741211,-0.012658188951534366,17.5189998626709,0,1
2025-07-17,172.97125244140625,174.13106334471073,170.80161486292053,171.99141956059896,160841100,0.009511589505708296,0.05423517561357549,0.10015903805801019,164.83460540771483,144.10523529052733,1.1438488343285758,0.013264729097870822,0.016907592477046082,78.75882311012862,0.8670544396115457,16.520000457763672,-0.03729600205940298,17.264999866485596,0,0
2025-07-18,172.38134765625,174.22103817113316,171.23152964225835,173.61113894806013,146456400,-0.003410420962038696,0.045415953007851506,0.08202583889638038,166.14138793945312,145.28259704589843,1.143573912620552,0.013798684487688064,0.017144851232889106,75.17172923094338,0.7927231787649323,16.40999984741211,-0.006658632403358511,17.07849988937378,0,0
2025-07-21,171.35153198242188,173.35119970444802,170.97159023323564,172.72129949000853,123126100,-0.005974055127366262,0.04455419435283536,0.0830384231611041,167.45516967773438,146.36897918701172,1.144061881198074,0.013689864525937784,0.016863396320336434,72.38384715588363,0.6887807553942799,16.649999618530273,0.014625214707483014,16.879999828338622,0,0
2025-07-22,167.00225830078125,171.36153479867312,164.55266825003173,171.31154005146294,193114300,-0.02538216980801078,-0.021499604475081924,0.043937643367041535,168.1580551147461,147.36217727661133,1.1411208644067408,0.01720713997009456,0.018492162645103945,73.21614555108604,1.0687025519928042,16.5,-0.00900898630432001,16.71349983215332,0,1
2025-07-23,170.75161743164062,171.23153339032083,167.94208685699226,169.5018251648929,154082200,0.022450948681822958,-0.0034428594862712103,0.04850192968434497,168.9479232788086,148.4447592163086,1.1381198243086743,0.017648725252719044,0.018328831726895055,73.03375632447184,0.8606714672099633,15.369999885559082,-0.06848485542066174,16.60799984931946,0,1
2025-07-24,173.7111358642578,173.80111724784433,171.27153886755505,172.41134882841166,128984600,0.017332301017892293,0.004277493585832737,0.0587446598152217,169.9117630004883,149.45956146240235,1.1368410380571794,0.01807924620558036,0.01647147273766027,73.80957427695314,0.7498342828250444,15.390000343322754,0.0013012659669868754,16.539499855041505,0,0
2025-07-25,173.47117614746094,174.69097468726906,172.9312725713388,173.58115848322245,122316800,-0.0013813721014661606,0.0063221949823957235,0.05202527650047406,170.76962127685547,150.33099731445313,1.1359574826717214,0.01822541384187801,0.016553781940309258,75.97007986494384,0.7270979407883548,14.930000305175781,-0.02988954047337322,16.4564998626709,0,1
2025-07-28,176.7206268310547,176.97058528484683,173.94109004538618,173.99108478739527,140023500,0.01873193435220344,0.031333801259410876,0.0772840478833714,172.03740997314452,151.15924774169923,1.1381203104895168,0.018278043620789157,0.016597812809508485,77.12993843059822,0.8639933686063189,15.029999732971191,0.0066978851809362805,16.391999864578246,0,0
2025-07-29,175.4808349609375,179.35020236643535,174.99092613442062,177.93044011853775,154077500,-0.007015547037994785,0.05076923358057717,0.02817811066400977,172.5183303833008,151.97289947509765,1.1351914122791986,0.014609890058618537,0.016822779249271006,71.60454572034818,0.9627416437630663,15.979999542236328,0.0632069079270261,16.354499864578248,0,1
2025-07-30,179.24021911621094,179.86011122312902,176.01074478620916,176.48066791766442,174312200,0.021423331819171443,0.049713155355431304,0.04609914046065211,173.30820007324218,152.850341796875,1.1338424110529888,0.015752337246158335,0.01499411067148744,73.87475801376739,1.1025525372525036,15.479999542236328,-0.03128911228554565,16.28699984550476,0,0
2025-07-31,177.84043884277344,183.26954448460754,175.9007587673991,182.86960179799485,221685400,-0.007809521101566741,0.023771089619391894,0.028150263888599758,173.7951187133789,153.69638946533203,1.1307690396499546,0.01610413408988619,0.01477371541159352,70.01546418988025,1.3801697633450645,16.719999313354492,0.0801033467562382,16.290999841690063,1,0
2025-08-01,173.69113159179688,176.51065501732398,170.86160006411595,174.06106522140865,204529000,-0.02333162962246693,0.0012679653716589634,0.007598176678365265,173.92609710693358,154.48324523925783,1.1258573500159412,0.018081734188113544,0.01607191795957693,63.534361971413155,1.2496999923256693,20.3799991607666,0.21889952139464608,16.490999841690062,1,1
2025-08-04,179.9700927734375,180.17005649193501,174.49100755408614,175.1309006070304,148174600,0.03615015415062883,0.018387587236714076,0.05029754150024024,174.78795318603517,155.44726806640625,1.1244195884572683,0.020976296884090688,0.017306837667444643,63.17281702489714,0.9031497780199051,17.520000457763672,-0.14033360258957683,16.47749981880188,1,0
2025-08-05,178.23037719726562,180.23004490386853,175.87076869322405,179.59015184800575,156407600,-0.009666692667442134,0.015668618381831756,0.06723333570892098,175.9107650756836,156.3559014892578,1.1250663607844011,0.01892591051682151,0.01764224825352731,59.472093214521294,0.9480513127842084,17.850000381469727,0.0188356115915409,16.52949986457825,1,1
2025-08-06,179.3901824951172,179.87009845787975,176.22071111043454,176.30069964693718,137192300,0.00650733795265368,0.0008366614348369605,0.05059140987015809,176.77462158203124,157.31852386474608,1.1236732791493294,0.0181042213470298,0.017401419541549265,58.941501502114264,0.8434568955349208,16.770000457763672,-0.06050419611347535,16.570999908447266,1,1
2025-08-07,180.73997497558594,183.84945895635624,178.7703010091291,181.53984513179375,151878400,0.00752433863266444,0.016304144050026448,0.04046280093879906,177.47750549316407,158.22396209716797,1.1216853828004394,0.017626926935847848,0.017401679266774918,61.40209337381372,0.9383116020597603,16.56999969482422,-0.01192610360644697,16.610499906539918,0,1
2025-08-08,182.6696319580078,183.26953833968557,180.3700111699138,181.51982919208731,123396700,0.010676426079413437,0.051692336182781684,0.05302584564670054,178.39735107421876,159.18178985595702,1.1207145693967244,0.01762171241754858,0.017448045191407798,65.06919808558939,0.7792573327455278,15.149999618530273,-0.08569704903117736,16.547999906539918,0,0
2025-08-11,182.0297393798828,183.80944232526838,180.2200426409657,182.01974653412333,138323200,-0.0035030046935885517,0.01144438264549974,0.030042404466478212,178.92826232910156,160.03924041748047,1.1180274404099078,0.017137369931954045,0.017399942302974862,72.2008543636794,0.8731475711505384,16.25,0.07260728773380909,16.500499868392943,0,1
2025-08-12,183.1295623779297,184.44933506001817,179.4301803710301,182.9295986692803,145485700,0.0060419962243181136,0.027487935882229753,0.04358725224150439,179.6931350708008,160.9998681640625,1.1161073429432218,0.016774991811541497,0.015330108673360907,69.83973175307,0.9437198691467036,14.729999542236328,-0.09353848970853362,16.367999887466432,0,0
2025-08-13,181.55982971191406,183.93943921657484,179.3202115957667,182.58965738273272,179871700,-0.00857170543975927,0.012094570542375838,0.012941351037956572,179.9250961303711,161.88411193847656,1.1114438222248204,0.01605954423827571,0.01557067032517447,63.166716496766504,1.1588628639182048,14.489999771118164,-0.01629326399026665,16.234499883651733,0,1
2025-08-14,181.98974609375,182.98957985829236,179.43017409752198,179.72011917648817,129554000,0.0023679047425748667,0.006914746548641881,0.02333162962246682,180.34002685546875,162.7001724243164,1.1084193960480153,0.015730042679038745,0.015495558255624257,64.19997832891518,0.8431781896485127,14.829999923706055,0.023464469148273492,16.149999856948853,0,0
2025-08-15,180.42001342773438,181.86976944489334,178.01041021115256,181.84978375259033,156602200,-0.008625390714084524,-0.012315229992857168,0.03874050318096556,181.0129150390625,163.4708413696289,1.1073101081664385,0.01359799578049602,0.01564619317152445,56.53248878707486,1.0158624103105343,15.09000015258789,0.017532045193487944,16.08399987220764,0,1
2025-08-18,181.979736328125,182.90958965389834,180.55997422620712,180.56998232776263,132008000,0.008644955017783396,-0.0002746971562347378,0.011166541749897396,181.21387939453126,164.3112957763672,1.1028692734623007,0.007960983758107998,0.015575845494186329,61.347739947715006,0.8538625511433481,14.989999771118164,-0.006626930447881874,16.000999879837035,0,0
2025-08-19,175.61080932617188,182.46966985536903,175.46084035755914,182.39967416584764,185229200,-0.03499800104375028,-0.04105701424787522,-0.014697650940806883,180.95192260742186,164.98977996826173,1.0967462508419048,0.013724993129987262,0.01661590182522664,44.191971604619326,1.2011744752531568,15.569999694824219,0.038692457142231795,15.954499864578247,0,0
2025-08-20,175.370849609375,175.9707560164781,168.77195541250927,175.1408920976954,215142700,-0.0013664290809751733,-0.03408782720472525,-0.022405534293113205,180.54998931884765,165.64526885986328,1.0899797534911415,0.013444356825010604,0.015962529158213848,45.89563953385164,1.3680721194006618,15.6899995803833,0.007707121895382807,15.970499849319458,0,0
2025-08-21,174.95091247558594,176.87059152353538,173.78110877087863,174.8209444570093,140040900,-0.0023945663416949925,-0.03867708906268863,-0.03202978478215446,179.97108306884766,166.26576538085936,1.0824301843292514,0.013007571644312937,0.015533629612333231,52.38997035152634,0.8873874313441932,16.600000381469727,0.05799877791100583,16.030999851226806,1,1
2025-08-22,177.96043395996094,178.56032512128596,171.17155351749952,172.58132291943235,172789400,0.017202090813873028,-0.013632520145879456,-0.02577986251775788,179.50016326904296,166.96884887695313,1.0750518104207851,0.013911820402767288,0.015966805964211933,45.64747685517191,1.0776692301757662,14.220000267028809,-0.1433734975751969,15.995499849319458,0,1
2025-08-25,179.78012084960938,181.87977802218637,176.54066896263805,178.3203719824875,163012800,0.010225232930471728,-0.01208714510141684,-0.012358521953265256,179.27520141601562,167.6649331665039,1.0692468486417601,0.01447021016596506,0.015589637799028517,53.34485125285368,1.0094567211611805,14.789999961853027,0.040084365971908564,15.98349986076355,0,1
2025-08-26,181.7397918701172,182.35968393651802,178.7802771456414,180.03006938032237,168688200,0.01090037658917331,0.03490094127726273,-0.0075890014138972894,179.13622436523437,168.4608010864258,1.0633703699018489,0.01481584689250265,0.01562108579585987,54.90196952313524,1.039897307426921,14.619999885559082,-0.011494258061691465,15.915499877929687,0,0
2025-08-27,181.56982421875,182.45967569067753,179.07023971825097,181.94975068857377,235518900,-0.0009352252999643706,0.03534780508381363,5.504800732514248e-05,179.13722381591796,169.1988784790039,1.0587376549197833,0.014557383304824534,0.014932978527621538,51.82095113348641,1.4249989313365667,14.850000381469727,0.015731908188168164,15.883999919891357,0,0
2025-08-28,180.1400604248047,184.43934897141472,176.3806906932069,180.7899615720414,281787800,-0.00787445711365986,0.029660593796233536,-0.010163680694364352,178.95225524902344,169.91975891113282,1.0531574220430395,0.014739431488570475,0.014934944902482655,44.324816918534914,1.6745009029949876,14.430000305175781,-0.028282832693932725,15.769499969482421,0,0
2025-08-29,174.1510467529297,178.12038822306508,173.12121914292007,178.08040158317536,243257900,-0.03324642868305783,-0.0214058098323604,-0.03474651484446134,178.32535858154296,170.4936636352539,1.045935401816714,0.017889032989070203,0.015909100435337654,35.74527693483341,1.4290952942668673,15.359999656677246,0.06444901814505788,15.518499994277954,0,0
2025-09-02,170.75161743164062,172.351357635579,167.19221149694363,169.9717482776903,231164900,-0.019520005102879878,-0.050219698236388055,-0.06169983055827222,177.20254669189453,171.03217407226563,1.0360772623811807,0.01800151877008442,0.014060567711617405,29.32528434070626,1.3257329163025533,17.170000076293945,0.11783857161935951,15.500999975204468,1,0
2025-09-03,170.59165954589844,172.38137081666613,168.851958278929,171.03158891427162,164424900,-0.0009367869432114206,-0.061341174706450174,-0.02858109816549559,176.70063171386718,171.56108642578124,1.029957523557123,0.014903029199315894,0.013962538083068153,30.774600573009494,0.9408154753754524,16.350000381469727,-0.047757698962177964,15.425999975204467,1,1
2025-09-04,171.63148498535156,171.83144870716828,169.381858788342,170.54166973363456,141670100,0.006095406083867605,-0.054735632840757775,-0.021322612237738348,176.32669525146486,172.0362078857422,1.0249394439603796,0.015166950353648245,0.013949479791242482,32.22375208115223,0.8095786799402351,15.300000190734863,-0.06422019365362708,15.352499961853027,0,0
2025-09-05,166.9922637939453,169.0019244592772,164.04275681292185,168.00209055003162,224441400,-0.027030129068697395,-0.07298652281926832,-0.045490752628976616,175.53083038330078,172.29036590576172,1.0188081583117161,0.017106209137282315,0.014806366396382891,29.15243861703121,1.2565263354665894,15.180000305175781,-0.007843129677328364,15.282999992370605,0,1
2025-09-08,168.2820281982422,170.93159698121408,167.32219627229085,167.5221599855096,163769100,0.007723497933343371,-0.03370073659685746,-0.054385154870415064,174.5629898071289,172.55612182617188,1.0116302334551694,0.01599591252516211,0.014668044398285023,28.55353106190593,0.9066091154658334,15.109999656677246,-0.0046113733261696765,15.280999994277954,0,1
2025-09-09,170.7316131591797,170.95157781434446,166.71229229208453,169.0618925540675,157548400,0.014556426417988044,-0.00011715421945535098,-0.05033096900629519,173.65813903808595,172.81627868652345,1.0048714181207985,0.01651792475932775,0.015244163382294644,41.291909471130616,0.8675553100348177,15.039999961853027,-0.004632673488730754,15.220499992370605,0,1
2025-09-10,177.300537109375,179.26020289704138,175.44084555219968,176.61064931709572,226852000,0.03847514721289991,0.03932711353729168,-0.024426432511349905,173.2142135620117,173.2030142211914,1.0000646601958438,0.021129969457166824,0.01778051548525237,52.809329718596075,1.2218105122443212,15.350000381469727,0.02061173007998507,15.251500034332276,1,0
2025-09-11,177.1505584716797,180.26021784214308,176.4606317396978,179.66027757334626,151159300,-0.0008459006393353175,0.03215653285758835,-0.024339208159094294,172.77228698730468,173.68053466796874,0.9947705844964124,0.02113061493540355,0.017701750960453684,53.2277190301886,0.8204784910942037,14.710000038146973,-0.04169383240506963,15.262500047683716,0,1
2025-09-12,177.80047607421875,178.5803891806412,176.43061617633268,177.75047851465564,124911000,0.003668730192814884,0.06472283227209785,-0.01298758502172559,172.5383285522461,174.0920669555664,0.9910751912451194,0.0211051248128874,0.01771746571142564,49.74781748943326,0.6788606070006539,14.760000228881836,0.003399061224010902,15.259000062942505,0,0
2025-09-15,177.73049926757812,178.83038469078608,174.49084923140515,175.650725630949,147061600,-0.0003935692872465424,0.056146643646375116,0.02055372380119347,172.89627380371093,174.4604064941406,0.9910344546257708,0.017852501488996163,0.01762672605088492,46.579973581642804,0.8013211356502974,15.6899995803833,0.0630080851680257,15.289000034332275,1,0
2025-09-16,174.86080932617188,177.4805168617991,174.36086420825131,176.98057174387853,140737800,-0.016146299893558758,0.024185305173344718,0.024065317543339404,173.30719299316405,174.7933483886719,0.991497643307323,0.017423598267137436,0.017812906073474154,38.85995280279723,0.7650439362185609,16.360000610351562,0.04270242497685861,15.357500076293945,1,0
2025-09-17,170.27130126953125,173.18098551277336,168.39151800406466,172.62104942275718,211843800,-0.0262466362492908,-0.039645880122221366,-0.0018779246137821115,173.27515716552733,174.9993063354492,0.9901476799764171,0.019673946851745665,0.017046577304209224,33.993957797968406,1.1433023418361412,15.720000267028809,-0.03911982392701152,15.365000104904174,1,1
2025-09-18,176.2206573486328,177.08056354559588,172.94101865721873,173.96089569350613,191763300,0.034940451119733984,-0.005249213612812498,0.026738522734758963,173.73407440185548,175.26666076660158,0.9912556880011139,0.022570585592284042,0.018884932702427533,45.07787648605352,1.0415002972890148,15.699999809265137,-0.0012722937292578562,15.365500116348267,1,1
2025-09-19,176.6505889892578,178.06043774665943,175.16074718989944,175.7506939671915,237182100,0.0024397346321005653,-0.00646728912289829,0.05783696188004295,174.6999069213867,175.5182177734375,0.9953377440676439,0.02001164106994416,0.018878071792670308,53.64842712945558,1.2550696376773882,15.449999809265137,-0.01592356707243181,15.308000087738037,1,1
2025-09-22,183.58984375,184.52974299714734,174.69082690233378,175.28075846993005,269637000,0.039282375453410845,0.03296758016529555,0.09096524278709461,176.2306884765625,175.8921627807617,1.0019246206905918,0.022659024123232167,0.02047495005432406,66.98407622997215,1.391160629839969,16.100000381469727,0.04207123496628107,15.402000093460083,1,0
2025-09-23,178.410400390625,182.3999677661597,176.19065819152993,181.95002022927713,192559600,-0.028212036426306986,0.020299523250129736,0.04497577858815216,176.99856719970703,176.17951599121093,1.0046489582167824,0.025362974842623273,0.021420327319537698,59.130975881745606,0.9859735296586712,16.639999389648438,0.0335403102723042,15.494500064849854,1,0
2025-09-24,176.9505615234375,179.76025041106172,175.38072666046574,179.75025700209653,143564100,-0.008182476268150385,0.03922716396777459,-0.0019739115946478814,176.96356964111328,176.30509460449218,1.003734861083273,0.022599592042224913,0.02132628408011368,56.1514416026772,0.7398580982798894,16.18000030517578,-0.02764417676354103,15.572500085830688,1,1
2025-09-25,177.67050170898438,180.2402117285651,173.11100459099512,174.4608472798892,191586700,0.00406859508864299,0.00822743702222839,0.0029350358350002104,177.01556396484375,176.43167419433593,1.0033094384734154,0.022631830013772298,0.021357886517604015,63.58032333872166,0.9986476663017562,16.739999771118164,0.03461059674784095,15.66700005531311,1,1
2025-09-26,178.17044067382812,179.750269051669,174.91078879333958,178.15043859744398,148573700,0.00281385463560313,0.00860371705108065,0.002080785202481339,177.05256042480468,176.5356579589844,1.00292803432347,0.022620234255617704,0.021307036969189702,62.83366596786351,0.802296897701485,15.289999961853027,-0.08661886673181729,15.710000038146973,0,1
2025-09-29,181.83004760742188,183.97980553666213,180.30021674934378,180.41019002973698,193063500,0.020539921884648038,-0.009585476552692596,0.023066093645929486,177.46251525878907,176.72463195800782,1.0041753279811982,0.023486915146805346,0.020305219794753367,63.96545745486048,1.056864619361145,16.1200008392334,0.05428390316881204,15.74800009727478,1,1
2025-09-30,186.55950927734375,187.32942897828707,181.4600633204032,182.06000352373024,236981000,0.026010341701790507,0.04567619863458905,0.06690292694087918,178.63238525390625,177.02879150390626,1.0090583782241127,0.023545563127914164,0.020275977420820643,62.21634262678062,1.2952151027412009,16.280000686645508,0.00992554833016479,15.703500127792358,1,1
2025-10-01,187.21945190429688,188.11934700723293,183.87980694521147,185.21967144700423,173844900,0.0035374376225016935,0.05803253910273254,0.09953615499735635,180.32720031738282,177.43313537597658,1.0163107355076253,0.020609190507004334,0.020235955949010925,63.10855582700262,0.9477063361955613,16.290000915527344,0.0006142646474234237,15.70050015449524,1,1
2025-10-02,188.8692626953125,191.0290292282152,188.03935198339767,189.57919146332628,136805800,0.00881217616136909,0.06303106525061297,0.07177708639263458,181.5920608520508,177.79548828125,1.0213535934319948,0.018616995018023975,0.020253833083994952,64.04465144519324,0.7467797647967277,16.6299991607666,0.020871591536571144,15.767000102996827,1,0
2025-10-03,187.5994110107422,190.33911589327732,185.35966652947783,189.16924608680657,137596900,-0.006723442800848245,0.05292106985454126,0.061980104816690806,182.68694305419922,178.07325378417968,1.0259089401242212,0.01909190374805698,0.019036546150008063,62.15216335033991,0.7693335185142941,16.649999618530273,0.001202673407877164,15.84050006866455,1,0
2025-10-06,185.51962280273438,187.20943969833962,183.3098739831843,185.4796339074747,157678100,-0.011086325894108073,0.020291339324061797,0.010511360614055665,182.87992095947266,178.31422271728516,1.025604790086915,0.015743229697939936,0.019408240090403036,63.38519790293405,0.8831155491201699,16.3700008392334,-0.016816743886603813,15.903500127792359,1,0
2025-10-07,185.01968383789062,189.03924688644503,183.97980469837793,186.20955566811082,140088000,-0.002694803694029413,-0.008253803011263217,0.037045393277492566,183.5408493041992,178.48020385742188,1.028354099431778,0.01210043913587452,0.01934748411119162,70.64090484704097,0.7884529975627905,17.239999771118164,0.05314593080531016,16.013500118255614,1,1
2025-10-08,189.0892333984375,189.57918508139647,186.51950830089396,186.5495190429729,130168900,0.021995224919487466,0.009987111248976444,0.06859922777578875,184.7547164916992,178.75237182617187,1.0335791050166558,0.012559472902867038,0.018123228765389902,69.01031534823373,0.7531163656774484,16.299999237060547,-0.0545243936506532,16.061000061035156,1,1
2025-10-09,192.54885864257812,195.27855455286462,191.039014711271,192.20888438710807,182997200,0.018296257179543973,0.01948223810881089,0.08374128958088822,186.2425521850586,179.01854461669922,1.0403534035193218,0.013022172185747853,0.018391839911347258,71.55639600199444,1.0491018719302194,16.43000030517578,0.007975526024544655,16.147000074386597,1,0
2025-10-10,183.139892578125,195.59851591827854,182.03001384654092,193.4887469873255,268774400,-0.04886534322137259,-0.02377149484953245,0.027891562065529785,186.73949737548827,179.12453369140624,1.0425121200717318,0.022314420635737076,0.0219075562372738,49.42820799205758,1.479828098952228,21.65999984741211,0.3183201123002275,16.49200005531311,1,1
2025-10-13,188.29933166503906,190.08912842775598,185.93959015922437,187.9493639887039,153482800,0.02817212030804872,0.014983368445398382,0.035578740382803176,187.38642578125,179.41669769287108,1.0444202138979375,0.023098423721503347,0.022680782339402183,62.573115752494225,0.8435601502156018,19.030000686645508,-0.12142193810222157,16.65900011062622,1,0
2025-10-14,180.01022338867188,184.77970370013514,179.6802578066599,184.74970821605342,205641400,-0.044020911827305276,-0.027075283803900008,-0.035105612756171856,186.73149719238282,179.4175003051758,1.040765236806702,0.026028370984570615,0.02469513501059559,53.31455310280441,1.1104247351095615,20.809999465942383,0.09353645376092956,16.881500053405762,1,0
2025-10-15,179.8102569580078,184.84969686580231,177.2705272995106,184.77971248532194,214450500,-0.0011108615216387507,-0.049071944888991026,-0.03957492061282453,185.9905776977539,179.44909790039063,1.036453121659014,0.02593487280861752,0.023819758594231646,52.34442369517861,1.1571778082790443,20.639999389648438,-0.008169153323245748,17.127500009536742,1,1
2025-10-16,181.7900390625,183.2598789113643,179.75026972003684,182.20999112544493,179723300,0.011010395836064779,-0.05587578994716014,-0.037482137282617733,185.28265533447265,179.49709503173827,1.0322320553528255,0.02606192613524874,0.02270590943768927,53.841251046889646,0.9729498964094276,25.309999465942383,0.22625970030968534,17.607999992370605,1,1
2025-10-17,183.19989013671875,184.07979842608083,179.7302697995737,180.1602152773484,173135200,0.007755381326113531,0.0003276050769120964,-0.023451677435018747,184.84270324707032,179.54629333496095,1.029498854104598,0.026264520896301297,0.022744818881674136,51.52662435320742,0.953820193242916,20.780000686645508,-0.1789805956097521,17.874500036239624,1,0
2025-10-20,182.6199493408203,185.1796658652692,181.7100455780644,183.10990104163824,128544700,-0.0031656175965260047,-0.0301614576854774,-0.01563000947343085,184.5527359008789,179.54529968261718,1.0278895422331489,0.026080683758447964,0.02100345727840375,45.16209546402531,0.7368019248318132,18.229999542236328,-0.12271419923715232,17.980999994277955,1,0
2025-10-21,181.14010620117188,182.76991679751694,179.7802549646251,182.76991679751694,124240200,-0.008103403516373953,0.0062767702368793366,-0.020968458902556164,184.16477813720704,179.52750701904296,1.0258304211714597,0.026169609905025825,0.02004389795775241,42.68174050023732,0.7263509607721126,17.8700008392334,-0.01974759802757342,18.042500066757203,0,0
2025-10-22,180.2602081298828,183.4198648953589,176.74059027394597,181.12011433169937,162249600,-0.004857555235790012,0.0025023665473102863,-0.0466923743349823,183.28187561035156,179.47011993408202,1.0212389431603968,0.02479800096460413,0.01997781983780546,39.44077187884015,0.9434139773535897,18.600000381469727,0.04085056004214738,18.1635000705719,1,1
2025-10-23,182.13999938964844,183.0098989665471,179.7702492811968,180.4001849787377,111363700,0.010428209748937878,0.0019250797730898661,-0.05405827552710296,182.2409896850586,179.48172332763673,1.0153735227535392,0.024110009396899633,0.020077598508400723,43.40260157900327,0.6629968091361925,17.299999237060547,-0.06989253321222011,18.19150004386902,0,1
2025-10-24,186.23953247070312,187.44940625639555,183.47984116964938,183.81980015643103,131296700,0.0225075935807193,0.016591944087498867,0.016924984769530083,182.55095367431642,179.56671905517578,1.016619085289539,0.019983565842242576,0.020624162215153258,50.82948012447477,0.7857074722598796,16.3700008392334,-0.05375713519309755,18.245500087738037,0,1
2025-10-27,191.46897888183594,191.97891738858848,188.4093020699799,189.9691435897376,153452700,0.028079142713459238,0.04845598508244486,0.016833024253295248,182.8679183959961,179.7876983642578,1.0171325405451135,0.019969981150725857,0.021037504826377132,56.700602396459246,0.9293078368129026,15.789999961853027,-0.03543071763260408,18.229000043869018,0,1
2025-10-28,201.0079345703125,203.12769700573313,191.8889404255143,193.0288146936141,297986200,0.04981984937812545,0.10968210622045049,0.11664732583717252,184.96768951416016,180.16826232910157,1.0266385828614575,0.017966445472278877,0.023002075790925735,61.119405662198425,1.7718705028527841,16.420000076293945,0.03989867738840602,18.23600001335144,0,1
2025-10-29,207.01727294921875,212.1667169482571,204.7575264516481,207.95717223581016,308829600,0.029896025705414164,0.1484357812349617,0.15130958851565834,187.68839111328126,180.7963916015625,1.0381202271276921,0.01827179943391012,0.023718781230443152,62.88512612231631,1.765494235696444,16.920000076293945,0.03045066977325206,18.26749997138977,0,0
2025-10-30,202.8677215576172,206.13736677538768,201.38788833732997,205.12746791137428,178864400,-0.020044469393717956,0.11380104445716155,0.11594520031909239,189.79615936279296,181.34632904052734,1.0465949896365272,0.02128981682560584,0.0243632795125333,69.38493080317852,1.0103722160689348,16.90999984741211,-0.0005910300730935791,18.281500005722044,0,0
2025-10-31,202.4677734375,207.94716749796044,202.04782138155986,206.42733011185774,179802200,-0.0019714724306379994,0.08713639231965797,0.10517409855651105,191.7229476928711,181.89666625976562,1.054021228839195,0.02168481527254375,0.024277609966473313,65.35875971146388,1.0037050105758958,17.440000534057617,0.03134244183488977,18.321000051498412,0,1
2025-11-03,206.85728454589844,211.31678618801203,205.53742218982754,208.05714970598171,180267300,0.0216800483053341,0.08036970664349408,0.1327200850321364,194.1466812133789,182.47460327148437,1.0639654929104239,0.02139724444579457,0.024304285077759943,81.79021212518714,0.9999963942564388,17.170000076293945,-0.01548167714997506,18.36100001335144,0,0
2025-11-04,198.66818237304688,203.9476013046771,197.90825607143535,202.9777066091775,188919300,-0.039588173995557474,-0.011640098696935719,0.09676529698182113,195.8994888305664,182.85236450195313,1.0713533257508077,0.02651090713803078,0.026296617785935797,68.77737318880766,1.0339872009402467,19.0,0.10658124144289749,18.44900002479553,1,0
2025-11-05,195.18858337402344,202.89772869539195,194.6286320152979,198.7481902403631,171350300,-0.017514626436203384,-0.05713866000977075,0.08281569958792168,197.39232635498047,183.12134033203125,1.0779318565333424,0.02755900154178232,0.026349355058718778,62.95438766486809,0.9273778873178035,18.010000228881836,-0.05210525111148234,18.534500074386596,0,0
2025-11-06,188.05935668945312,197.59830279082226,186.35954634625867,196.39843756369172,223029800,-0.03652481390732354,-0.07299517515386633,0.03249894213045157,197.98426208496093,183.2511309814453,1.0803985821239346,0.030952483954718026,0.027387137151997615,54.23050212355346,1.1941400827749757,19.5,0.08273180189796547,18.68800005912781,1,1
2025-11-07,188.1293487548828,188.29934352754728,178.8903723972709,184.87970536775757,264942300,0.0003721807128440613,-0.07081830574406611,0.010147234902863511,198.1732437133789,183.41091674804687,1.0804877224708012,0.030235982386773972,0.024945193555997423,54.839281243482866,1.4200036113464454,19.079999923706055,-0.0215384654509716,18.559000062942506,1,1
2025-11-10,199.0281524658203,199.91805415635875,193.76872011438098,195.08858253564551,198897100,0.057932501138553194,-0.037847988274935296,0.03947988665385571,198.92916107177734,183.90845886230468,1.0816748848986817,0.03435394241675361,0.027379922093836637,63.48154886282483,1.053205247093152,17.600000381469727,-0.07756811049026757,18.487500047683717,0,0
2025-11-11,193.1387939453125,195.3985402959953,191.2789975702345,195.13857433756354,176483300,-0.02959058026486583,-0.02783227974246838,-0.03914840795624108,198.14224700927736,184.35620239257813,1.0747793914052453,0.03177077883510991,0.02623836925351545,59.02466460014521,0.9417896507748327,17.280000686645508,-0.018181800448205276,18.311000108718872,0,1
2025-11-12,193.7787322998047,195.86849924763862,191.1090271797132,195.69851973704638,154935300,0.003313360000960719,-0.0072230201677173644,-0.06394896648388115,196.81839294433593,184.81994384765625,1.0649196663893037,0.02970788571070802,0.026212977133463006,58.30006441952783,0.8401417753785118,17.510000228881836,0.013310158165333874,18.15450015068054,0,0
2025-11-13,186.8394775390625,191.4189763426968,183.82981362374773,191.02901978717685,207423100,-0.03581019794270368,-0.006486670867459354,-0.07900835034519005,195.21556854248047,185.12410369873047,1.0545118903596302,0.03091829121657476,0.027613969580049337,50.41119150367373,1.1163744583240156,20.0,0.1422044396670561,17.889000177383423,1,1
2025-11-14,190.14910888671875,190.98901295495202,180.56016596493993,182.8399142970662,186591900,0.017713769013105507,0.010736018304446038,-0.060842594066378264,193.98370208740235,185.58724060058594,1.0452426657115237,0.031938347312348174,0.02781735434718227,49.07093558619916,1.0006350232581325,19.829999923706055,-0.008500003814697288,17.84150013923645,1,0
2025-11-17,186.5795135498047,188.9792438771453,184.29976516169708,185.9495778546046,173628900,-0.018772611440638687,-0.06254712593060652,-0.09802783131668935,191.95592498779297,185.95319030761718,1.0322808910685837,0.030604796868512037,0.028193012274125365,38.91193606692747,0.9199969299683335,22.3799991607666,0.12859300286794828,18.049000120162965,1,0
2025-11-18,181.340087890625,184.7797126313021,179.6302689297591,183.3598703733926,213598900,-0.028081462747415187,-0.061089260286197655,-0.08722128664712026,190.22311553955078,186.1653598022461,1.021796513280532,0.02956085667462815,0.02889444140694308,30.03110002083777,1.1056093763611528,24.690000534057617,0.10321722340993555,18.390000104904175,1,1
2025-11-19,186.49952697753906,187.8393762025218,182.8099296469334,184.76970592228736,247246400,0.02845172927249262,-0.03756452132736432,-0.044516212199943395,189.35420989990234,186.34933959960938,1.0161249313077751,0.031544529504154345,0.029525530134276935,37.46746840772899,1.2522262475811676,23.65999984741211,-0.041717321359500015,18.643000078201293,1,0
2025-11-20,180.6201629638672,195.97847686300787,179.83025642841662,195.92847930218133,343504800,-0.031524819976513685,-0.033286940517670005,-0.03955768995780651,188.61029052734375,186.41873168945312,1.0117561085092106,0.03100853717715794,0.030381686038316653,34.56702563278962,1.6431506866515964,26.420000076293945,0.11665258861714323,19.099000120162962,1,0
2025-11-21,178.86036682128906,184.5397359279593,172.91100782704066,181.22010834266524,346926200,-0.009743076928405703,-0.059367841014469125,-0.04926919693784981,187.6833923339844,186.43992950439454,1.0066695092242057,0.031029555008647552,0.029978348925166584,29.46010293647474,1.5781280420681059,23.43000030517578,-0.11317183052550484,19.452000093460082,1,1
2025-11-24,182.52996826171875,183.4798609481747,176.4606271183833,179.47030653663683,256618300,0.020516571142315865,-0.021704126091018905,-0.0828937213137968,186.03357391357423,186.53591888427735,0.9973069799440891,0.024141249324919654,0.02963002395053226,37.319309567234995,1.140564911827197,20.520000457763672,-0.12419973578785137,19.688500118255615,1,0
2025-11-25,177.80047607421875,178.14043506786686,169.53138015579162,174.89079203873564,320600300,-0.02591077088622873,-0.01951919102708921,-0.07941603837205702,184.49974212646484,186.5947122192383,0.988772618109821,0.02380729043689372,0.027419270568364122,36.60039692702568,1.4178138502815183,18.559999465942383,-0.09551661540434953,19.795500087738038,0,1
2025-11-26,180.24020385742188,182.8899220695924,178.22043661727494,181.6100638206842,183852000,0.013721716820289664,-0.03356213938746888,-0.06986591501402062,183.14588928222656,186.7940902709961,0.9804693982369741,0.02457137844100829,0.026536583326320813,43.50497713973407,0.8361694070340844,17.190000534057617,-0.07381459974709137,19.809000110626222,0,0
2025-11-28,176.98056030273438,179.2703020816569,176.48061521713345,178.99033405428943,121332800,-0.01808499704797284,-0.02015058895645505,-0.05276677801813545,182.15999755859374,186.80928833007812,0.9751121006185226,0.022835685774292992,0.02648778450684207,41.20523184026088,0.5591437045192106,16.350000381469727,-0.04886562690464402,19.7810001373291,0,1
2025-12-01,179.90025329589844,180.2802164760195,173.66093259662904,174.7408159055669,188131000,0.016497252512760685,0.0058139569603388175,-0.05389904612661667,181.1351119995117,186.87428161621094,0.9692886063985737,0.022703079732959534,0.026970436180973393,32.73778736938006,0.8653124007006634,17.239999771118164,0.05443421216412436,19.771000099182128,0,1
2025-12-02,181.44007873535156,185.63961443898967,179.98023235974816,181.7400335835938,182632200,0.008559328912786102,-0.005971016906135995,-0.027545547293332584,180.6211685180664,186.83128631591796,0.9667608251256661,0.02254465845797825,0.026427401680597866,38.542898583730604,0.8395639431971936,16.59000015258789,-0.03770299461483784,19.742000102996826,0,0
2025-12-03,179.57028198242188,182.4299686383783,179.09033894604931,181.06012391136443,165138000,-0.010305312728931093,0.00995388734203595,-0.00975959551354455,180.4441879272461,186.85448394775392,0.9656936462798495,0.02095337430377922,0.025266111142819826,36.41231307837757,0.7633151491811769,16.079999923706055,-0.03074142400187263,19.596000099182127,0,1
2025-12-04,183.37008666992188,184.51002440204854,179.95027347354184,181.61017209543593,167364900,0.021160543078458716,0.01736506476088917,-0.016779883350557134,180.13124389648436,186.9828744506836,0.963356908624237,0.01992469075008339,0.025712940768664948,46.47023866446263,0.7743217336137792,15.779999732971191,-0.01865672836805088,19.484500074386595,0,0
2025-12-05,182.40013122558594,184.6500094505641,180.9002124089338,183.88004685245298,143971100,-0.00528960563825176,0.03062240798413729,0.009854759471537022,180.30924072265626,187.07746704101564,0.9638212638570979,0.017054091211552654,0.02447592470250328,41.72209049746318,0.6784978661200144,15.40999984741211,-0.023447394918898135,19.280000066757204,0,1
2025-12-08,185.5399627685547,187.98982714518382,182.39012406320575,182.6301165694494,204378100,0.0172139763380188,0.03134909133996655,0.03734531056810164,180.97720031738282,187.22485748291015,0.9666301940376821,0.01727664456408091,0.024821722411068635,48.879200120555744,0.9771248443735651,16.65999984741211,0.08111615914194314,19.159000062942503,0,0
2025-12-09,184.95999145507812,185.70995086836587,183.31008684903045,185.54995586495326,144719700,-0.0031258565800189597,0.019399863273101392,0.01331300945538505,181.22020263671874,187.28745635986328,0.9676045911399073,0.016327691100096346,0.020678470922951265,54.3387531932451,0.7009784171630407,16.93000030517578,0.016206510218282677,19.12550005912781,0,0
2025-12-10,183.77005004882812,185.46995496958337,182.03013874897007,184.9599880707457,162785400,-0.006433507035163322,0.023387879219443297,0.033574566876398704,181.8171600341797,187.23166717529296,0.971081242704291,0.013643033336123074,0.01976620420382058,46.384458257924905,0.7911076386081837,15.770000457763672,-0.06851741444195236,19.050000047683717,0,0
2025-12-11,180.92019653320312,181.31019006496976,176.61043233199788,180.27023782951787,182136600,-0.015507714749317336,-0.013360358721587473,0.003772702544872608,181.88515930175782,187.1056820678711,0.9720985343234014,0.014299237182848224,0.019932386092713,50.43211414863426,0.8793388353143932,14.850000381469727,-0.05833862077290075,18.91700005531311,0,0
2025-12-12,175.01052856445312,182.81010931847595,174.61054106596097,181.10019518559332,204274900,-0.03266450115570951,-0.04051314333756495,-0.011131345357430322,181.6881561279297,186.8285073852539,0.9724862584984183,0.016906666572216518,0.01967254947553387,45.047395644194054,0.9869705807975026,15.739999771118164,0.059932617291983625,18.70400004386902,0,1
2025-12-15,176.28045654296875,178.4103461991077,175.02053019793698,177.93037643785232,164775600,0.007256294743706926,-0.04990572428397211,-0.020121132052970947,181.32617645263673,186.60212829589844,0.9717261968475754,0.016076845755118672,0.01922464878575655,41.43130912879565,0.8003446460198171,16.5,0.04828464040237068,18.537500047683714,0,1
2025-12-16,177.71038818359375,178.48035080582065,174.8905333961456,176.25046044282257,148588100,0.008111685598434226,-0.039195521228411745,-0.020556045708059578,180.95320739746094,186.44594360351562,0.9705397923929352,0.016045036498012737,0.01904724336999477,49.86419281675691,0.726134959569345,16.479999542236328,-0.0012121489553740261,18.242500066757202,0,0
2025-12-17,170.93075561523438,176.12047730871902,170.30078481189744,176.0904801521757,222775500,-0.038149894542773066,-0.0698660877013546,-0.048112228102605625,180.0892547607422,186.1641650390625,0.9673679933136131,0.019662739799823758,0.019880481883350808,37.589876692879436,1.0862456112959928,17.6200008392334,0.06917483790429602,17.88900008201599,0,1
2025-12-18,174.1305694580078,176.14045512074784,171.8107030234881,174.52054772862792,176096000,0.018719942068098128,-0.037528298140828364,-0.05038726533704374,179.1653030395508,185.8649917602539,0.9639540041550967,0.01931761192459427,0.01918314574014057,46.19469971301895,0.8737951395095744,16.8700008392334,-0.04256526471497213,17.549500131607054,0,1
2025-12-19,180.98020935058594,181.4401759084778,176.3304518785618,176.6604358481607,324925900,0.03933622863520214,0.03411040944279131,-0.007784653801832464,179.02331085205077,185.63361877441406,0.9643905669349889,0.02386032127498057,0.020202661732061814,51.30500102886652,1.6197610651545182,14.90999984741211,-0.11618262562637516,16.974000120162962,0,1
2025-12-22,183.6800537109375,184.15002947616998,182.34012994783166,183.91003698180788,129064400,0.01491789831628254,0.04197627640115109,-0.010024304359364744,178.83731994628906,185.6444219970703,0.9633325796834947,0.023681033355067226,0.020310115148937238,52.63293450441127,0.6803317350176619,14.079999923706055,-0.05566733281020897,16.50650010108948,0,1
2025-12-23,189.19976806640625,189.31975669034466,182.89009670029142,182.96010023623109,174873600,0.030050700900573935,0.06465226934816415,0.022922668724051354,179.26129760742188,185.66243072509766,0.9655227334217461,0.025561154875012194,0.02088309336059048,60.42433528711778,0.9421012908547617,14.0,-0.005681812794001595,16.180500078201295,0,0
2025-12-24,188.59979248046875,188.899779295176,186.57989753660073,187.92983057380172,65528500,-0.0031711222062752453,0.10336955922085456,0.026281444829325373,179.74427185058593,185.8342221069336,0.96722912396166,0.02545415878723204,0.01987814992440705,56.082793029494795,0.379068408084205,13.470000267028809,-0.03785712378365658,15.926000118255615,0,1
2025-12-26,190.51968383789062,192.67957056140054,187.98982202804387,189.9097162518428,139740300,0.010179710869091751,0.09411968519309943,0.05305923544542335,180.7042205810547,186.04841064453126,0.9712752716082735,0.024675471103098753,0.019794521007489095,59.23986029504459,0.8188149849500441,13.600000381469727,0.0096510847708835,15.74650011062622,0,0
2025-12-29,188.20980834960938,188.749772392931,185.8999358866866,187.6998414610299,120006100,-0.012124077899723362,0.039946903724807914,0.07541991840962403,182.0241485595703,186.17680603027344,0.9776950869485435,0.021841588297525333,0.01950365242633845,53.096716759200106,0.7034549223646526,14.199999809265137,0.044117603747491074,15.639000082015992,0,0
2025-12-30,187.52984619140625,188.9797799436452,186.91987858592935,188.22982052336855,97687300,-0.003612788112190568,0.020959229936459378,0.0638152967665786,183.14908752441406,186.26340515136718,0.9832800349353527,0.022124377346566918,0.019302727742473054,52.97384076749381,0.5882186465948641,14.329999923706055,0.009154937759653814,15.493500089645385,0,0
2025-12-31,186.4899139404297,190.54969193131708,186.47991997410415,189.55975523635485,120100500,-0.005545422619901985,-0.014322713783800456,0.049403559615016635,184.02704010009765,186.3408044433594,0.9875831579123345,0.022428181012435683,0.019317971489568944,53.1583970243392,0.7370546871128427,14.949999809265137,0.04326586802930965,15.411500072479248,0,0
