Price,Open,High,Low,Close,Volume
Ticker,SPY,SPY,SPY,SPY,SPY
Date,,,,,
2015-01-02,170.91175939051038,171.325829928709,169.08983891329257,170.12501525878906,121465900
2015-01-05,169.0815244457335,169.24715009688967,166.7461737006491,167.05258178710938,169632600
2015-01-06,167.35901221336937,167.88074508876025,164.68412031268113,165.47914123535156,209151400
2015-01-07,166.8041993427242,167.88078543230242,166.3570086538022,167.54124450683594,125346700
2015-01-08,168.9490503774883,170.72956120963863,168.93249665478461,170.5142364501953,147217800
2015-01-09,170.92826385990315,170.9448302148578,168.53493734422247,169.14776611328125,158567300
2015-01-12,169.28030541730055,169.43765422966325,167.21822977118725,167.82276916503906,144396100
2015-01-13,169.0401406430063,170.1664129335598,166.05055106093315,167.35073852539062,214553300
2015-01-14,165.3383824493862,166.53919727619112,164.44400109008578,166.34043884277344,192991100
2015-01-15,166.97800648098297,167.2926913412039,164.70061965014108,164.81655883789062,176613900
2015-01-16,164.60957432299625,167.1354066580678,164.42738230955322,166.97805786132812,211879600
2015-01-20,167.61574767057863,167.88075887871344,165.76899662094755,167.3341827392578,130991100
2015-01-21,166.8704144645625,168.6592020890844,166.40665751815214,168.1788787841797,122942700
2015-01-22,168.93244722648654,170.81231775411237,167.55773045853948,170.67982482910156,174356000
2015-01-23,170.42310275064852,170.6798370329486,169.61152824256558,169.74403381347656,117516800
2015-01-26,169.52873956995722,170.23265179616268,168.81653784693114,170.1415557861328,92009700
2015-01-27,168.08779251462758,169.04014968220312,167.0691825456615,167.89732360839844,134044600
2015-01-28,169.0814856079298,169.18085844851225,165.55361076658596,165.74407958984375,168514300
2015-01-29,165.9428918715796,167.53292102009297,164.5350421112368,167.2761993408203,173585400
2015-01-30,166.10022536974702,167.4252432198437,164.90770045916094,165.17269897460938,197729700
2015-02-02,165.66956620390064,167.30928141641232,163.85593586689242,167.2181854248047,163107000
2015-02-03,168.11259167452923,169.64465729362138,167.7399308212552,169.63636779785156,124212900
2015-02-04,168.87449351685765,170.0835848102543,168.53495270967596,168.9904327392578,134306700
2015-02-05,169.65298840028913,170.84551362122258,169.57845873308844,170.69644165039062,97953200
2015-02-06,171.06082899905493,171.62397153579192,169.70267805759966,170.2244110107422,125672000
2015-02-09,169.57844839821885,170.29892707677755,169.05671548674957,169.46250915527344,87219000
2015-02-10,170.4976724628847,171.5245592115905,169.5038931575931,171.26783752441406,96164200
2015-02-11,171.10218898738265,171.7978242989837,170.4562401071207,171.3671875,91087800
2015-02-12,172.1621680750951,173.07312789150328,171.40028015429198,173.01515197753906,97545900
2015-02-13,173.13942875474757,173.77708816692638,172.88269445414045,173.72740173339844,93670400
2015-02-17,173.41274666261336,174.17464761829712,173.16431443405426,174.000732421875,76968200
2015-02-18,173.62804566701706,174.09180260672233,173.3630344806547,174.01727294921875,80652900
2015-02-19,173.42103254539876,174.25745051578036,173.28025007334028,173.89306640625,91462500
2015-02-20,173.4789416781696,175.01100730487258,172.85783604081865,174.9364776611328,140896400
2015-02-23,174.68803478245675,174.91163635253906,174.30708442736932,174.91163635253906,74411100
2015-02-24,174.83708910260347,175.60726665036412,174.5389578964423,175.40850830078125,72472300
2015-02-25,175.28434944784004,175.76467280547013,174.9199653395393,175.25950622558594,73061700
2015-02-26,175.16836842089657,175.3257172152652,174.4478772380732,175.05242919921875,72697900
2015-02-27,174.95306905161627,175.21808024610087,174.406505576743,174.45619201660156,108076000
2015-03-02,174.55556100577942,175.6155804872333,174.50587456702831,175.5576171875,87491400
2015-03-03,175.1270126646053,175.60733605528142,173.97589695405733,174.837158203125,110325800
2015-03-04,174.24086485392425,174.31540714911114,173.13115892432225,174.10008239746094,114497200
2015-03-05,174.42308135647423,174.57215333133064,173.78542178241264,174.29058837890625,76873000
2015-03-06,173.42929317901158,173.85993005329047,171.50801255821912,171.83926391601562,188128000
2015-03-09,172.0380244934855,172.90756247783182,171.88067567378718,172.5514678955078,89818900
2015-03-10,171.18501220122667,171.26781870995183,169.71090976336123,169.7523193359375,157121300
2015-03-11,170.00902304979164,170.1829381816836,169.2719782268706,169.35479736328125,110145700
2015-03-12,169.98419153228792,171.57422049665473,169.93450510159317,171.5079803466797,93993500
2015-03-13,171.23473822260718,172.19537229176393,169.42110719773703,170.45628356933594,162410900
2015-03-16,171.18500790795596,172.82472332214812,170.48108310109575,172.73362731933594,136099200
2015-03-17,171.99661322656053,172.60115264266457,171.4086275328932,172.22021484375,94510400
2015-03-18,171.74818903558065,174.96138067468297,171.11051682508818,174.29058837890625,228808500
2015-03-19,173.8764948644553,174.29884223735098,173.1063171416112,173.49554443359375,117917300
2015-03-20,174.4446784661776,175.5343837524502,174.26167316848532,175.02696228027344,177715100
2015-03-23,175.0352986782756,175.60926875940504,174.68592834472656,174.68592834472656,71784500
2015-03-24,174.56112214072957,175.0186226578226,173.63778191445252,173.70433044433594,77805300
2015-03-25,173.91226721956986,174.14518069744963,171.1172927921801,171.15887451171875,159521700
2015-03-26,170.49347509533237,171.66635670565452,169.7947217212742,170.7513427734375,153067200
2015-03-27,170.63488193095372,171.31698228652505,170.44355010937383,171.14230346679688,118939000
2015-03-30,172.17374153535073,173.52964087435808,172.15711392232274,173.2301788330078,96180400
2015-03-31,172.40667436163744,173.10542766496235,171.65802552080422,171.71624755859375,126768700
2015-04-01,171.6829788209666,171.7079329360202,170.11911991581752,171.1090087890625,137303600
2015-04-02,171.0424354464049,172.17373503850223,170.85943016732784,171.72454833984375,86900900
2015-04-06,170.83450255255133,173.39656416417543,170.701418168536,172.88082885742188,114368200
2015-04-07,172.90571548666466,173.6543640392882,172.3899803812054,172.42324829101562,81236300
2015-04-08,172.64791585986887,173.4464729378044,172.2569511284169,173.00559997558594,89351900
2015-04-09,172.8391895952683,174.00375698350715,172.34840853114136,173.77084350585938,85548900
2015-04-10,174.02045185284246,174.76078693025497,173.82081891959464,174.7191925048828,72722900
2015-04-13,174.57771094024756,175.209915487167,173.87897057107162,173.9288787841797,74436600
2015-04-14,173.72929738807832,174.44467827112047,173.10541915377996,174.2616729736328,75099900
2015-04-15,174.72748944644854,175.55100054245278,174.6443006097776,175.0435791015625,99529300
2015-04-16,174.71092204232482,175.5011655491069,174.51127636670884,174.99374389648438,68934900
2015-04-17,173.8041757701656,174.04540312484284,172.19872236546422,172.98065185546875,191113200
2015-04-20,173.903967892209,174.89385667427484,173.82079174730367,174.56112670898438,92189500
2015-04-21,175.2432242976131,175.4012754712299,174.05370263148143,174.35316467285156,72559800
2015-04-22,174.69421298498898,175.39296622825637,173.77087272447622,175.2099609375,78264600
2015-04-23,174.81069939027384,176.29969608187733,174.69424261211802,175.65086364746094,102585900
2015-04-24,176.06676766238417,176.32463531418654,175.6092543965239,176.05844116210938,61327400
2015-04-27,176.62411139539645,176.74888198105475,175.13511471141135,175.32644653320312,79358100
2015-04-28,175.30147471591496,175.93366677414596,174.1285805578068,175.88375854492188,86863500
2015-04-29,174.99367176429075,175.7589608327745,174.35316595144636,175.16004943847656,125684900
2015-04-30,174.58606924936552,174.9770339137259,172.7061082608666,173.4048614501953,161304900
2015-05-01,174.18680399234466,175.32643023772877,174.08698753309534,175.2848358154297,103399700
2015-05-04,175.7090757652785,176.36623466355326,175.60094549420802,175.78395080566406,70927200
2015-05-05,175.5426613898816,175.90035810451877,173.62943265820414,173.77084350585938,113326200
2015-05-06,174.3199083468614,174.62768423762452,171.99076022202962,173.05551147460938,135060200
2015-05-07,172.95566748495605,174.17015593221083,172.62293753129305,173.74591064453125,88244900
2015-05-08,175.41786522965143,176.23306228237632,175.3346764171398,176.03341674804688,155877300
2015-05-11,175.9919292469792,176.25811074241392,175.1184970193625,175.193359375,75708100
2015-05-12,174.361520342868,175.20999844593865,173.5379963581667,174.66929626464844,119727600
2015-05-13,175.07682369198315,175.70070176015165,174.4695859262921,174.70249938964844,94667900
2015-05-14,175.7174083707801,176.61579465109463,175.4429003940587,176.5242919921875,95934000
2015-05-15,176.71556091308594,176.85697176525187,176.23309363890243,176.71556091308594,76510100
2015-05-18,176.54929778319263,177.51422019528445,176.48274922152416,177.26467895507812,74549700
2015-05-19,177.38108188878502,177.6555898624759,176.9235685993002,177.20639038085938,72114600
2015-05-20,177.30619103184608,177.830252816043,176.7655016333957,177.08160400390625,76857500
2015-05-21,176.94020486820656,177.80531050170612,176.77382717194772,177.59735107421875,64764600
2015-05-22,177.2146469042835,177.6305656343087,177.10651666560295,177.17306518554688,57433500
2015-05-26,176.68234069195475,177.10658608628512,174.8523001010872,175.26821899414062,124308600
2015-05-27,175.7257225811501,177.16479831740622,175.31811751911465,176.931884765625,93214000
2015-05-28,176.62409580961238,176.84036903661448,176.04181197319468,176.73223876953125,74974600
2015-05-29,176.66565360922212,176.70723533026117,175.36798913054474,175.63417053222656,124919600
2015-06-01,176.2996734515906,176.63240343422953,175.2016416617787,175.9918975830078,93338800
2015-06-02,175.53434749428806,176.5075958167085,174.9104693881596,175.81716918945312,91531000
2015-06-03,176.34956854967123,176.9068982101551,175.7922388891874,176.28302001953125,87820900
2015-06-04,175.5759968848596,176.23314311090797,174.47796498168626,174.7940673828125,151882800
2015-06-05,174.6443383544263,175.16840021447948,173.8374546971027,174.49461364746094,121704700
2015-06-08,174.38645884786473,174.53619623751186,173.34666169944614,173.42152404785156,89063300
2015-06-09,173.3965606689453,173.93726277294067,172.7643686058993,173.3965606689453,105034700
2015-06-10,174.16181520768131,175.85877083412583,174.10359318232116,175.4761199951172,134551300
2015-06-11,175.9169953206503,176.424416715982,175.68408183028492,176.04177856445312,73876400
2015-06-12,175.21826032451227,175.9170008174416,174.4196906948547,174.69419860839844,135382400
2015-06-15,173.55463763657374,174.22842422198158,172.84757043126274,173.9456024169922,124384200
2015-06-16,173.795828110699,174.977048702538,173.6211493182285,174.89385986328125,85308200
2015-06-17,175.1766815185547,175.78393212058168,174.15352479896114,175.1766815185547,126708600
2015-06-18,175.77562588574565,177.46425543522668,175.20998233094872,176.99842834472656,165867900
2015-06-19,176.75597855978083,176.83120503412866,175.83650135806235,176.212646484375,130478700
2015-06-22,177.13212346748307,177.70051827906317,176.9064312901446,177.1154022216797,70696000
2015-06-23,177.32442296569923,177.57519070489957,176.84797574033792,177.24082946777344,68476800
2015-06-24,176.973377615689,177.34952289902554,175.92852252054377,175.95359802246094,92307300
2015-06-25,176.45511032865318,176.58048782172534,175.34338312329731,175.41860961914062,97107400
2015-06-26,175.77801604409242,176.02042951258704,174.83347592995116,175.38516235351562,104174800
2015-06-29,173.90563875410464,175.39351099709683,171.6320336459103,171.70726013183594,202621300
2015-06-30,173.2452980690375,173.29546181848747,171.5902514653302,172.06671142578125,182925100
2015-07-01,173.63812676525103,173.88889443964797,172.66014431421925,173.4458770751953,135979900
2015-07-02,173.9224046903697,174.08957895357244,172.86918259849284,173.28712463378906,104373700
2015-07-06,171.99982766856422,173.57128067258205,171.79921094792178,172.79391479492188,117975400
2015-07-07,172.99453457998248,174.0059469390205,170.6122604041344,173.8805694580078,173820200
2015-07-08,172.54315319146906,172.82735065650917,170.72928665813495,170.9633331298828,164020100
2015-07-09,173.06135838525742,173.32049305021542,171.163911539407,171.27256774902344,144113100
2015-07-10,173.27036398192914,173.84712590022323,171.3143987625998,173.42918395996094,129456900
2015-07-13,174.6913649093545,175.45200949545605,174.64956816725388,175.34335327148438,106069400
2015-07-14,175.3015169827052,176.41324374799498,175.24299900605055,176.1039581298828,81709600
2015-07-15,176.14578842406027,176.6055270618989,175.56902656518767,176.0454864501953,97914100
2015-07-16,177.09873890698512,177.4581756591797,176.8563381591246,177.4581756591797,106683300
2015-07-17,177.4498073198817,177.66714532106226,177.0402323261076,177.60862731933594,89030000
2015-07-20,177.8342602024447,178.19368407736846,177.3828886087727,177.7005157470703,70446800
2015-07-21,177.56683862252422,177.82597338603733,176.69752484210574,176.99844360351562,77965000
2015-07-22,176.31296470064828,177.01511678966472,176.27953496049258,176.68075561523438,88667900
2015-07-23,176.81452935695242,176.91483134859936,175.3266569594978,175.6860809326172,90509100
2015-07-24,175.78639671419378,175.84490195814018,173.52951260680743,173.86386108398438,117755000
2015-07-27,172.9778072233487,173.4876968857565,172.40939956881726,172.8524169921875,132361100
2015-07-28,173.6883023863461,175.11766940495826,172.86078552440136,174.97557067871094,123544800
2015-07-29,175.1009628370131,176.4049397326802,174.9588640988521,176.17926025390625,105791300
2015-07-30,175.6693676290362,176.38822831017677,175.05080893679738,176.22105407714844,91304400
2015-07-31,176.72260984193838,176.74768534385558,175.66940049768033,175.95359802246094,103266900
2015-08-03,175.92014564608382,175.97865089150653,174.40718494905138,175.36009216308594,113965700
2015-08-04,175.28484070143256,175.74457936960462,174.53255033866034,175.01736450195312,81820800
2015-08-05,175.91175866861994,176.6306193101824,175.30992125919204,175.59413146972656,85786800
2015-08-06,175.77802191913275,175.88669090895726,173.57128890569496,174.1564178466797,116030800
2015-08-07,173.99759323049022,174.14804620817122,172.9192958721393,173.82205200195312,117858000
2015-08-10,174.93378755052083,176.09566570104846,174.93378755052083,176.0120849609375,80270700
2015-08-11,174.67467215788415,175.09261413792316,173.66324695417575,174.4239044189453,126081400
2015-08-12,173.11989537119487,174.81673847505203,171.6570987123818,174.63284301757812,172123700
2015-08-13,174.47403258091833,175.15946346067116,173.87219518806353,174.41552734375,89383300
2015-08-14,174.2232668953725,175.12602299512452,174.08116816965813,175.05079650878906,72786500
2015-08-17,174.45729485573594,176.02874755859375,173.9975562639797,176.02874755859375,79072600
2015-08-18,175.75295212180188,176.10402184503204,175.284859157495,175.51890563964844,71692700
2015-08-19,174.77496910362504,175.54398079413636,173.32053921802657,174.13134765625,172946000
2015-08-20,172.6183941900729,174.10626663748775,170.43673651645807,170.49525451660156,194327900
2015-08-21,168.62285717821266,170.4701662267819,165.10379306833215,165.3629150390625,346588500
2015-08-24,156.71991719461926,165.07039133423086,152.4652573590027,158.40003967285156,507244300
2015-08-25,163.35678309850042,163.3735043476429,156.243415760208,156.53598022460938,369833100
2015-08-26,160.55659728431232,162.82183573989923,157.45546208959075,162.54600524902344,339257000
2015-08-27,164.68583548232655,166.6919515691399,163.17288779329004,166.5665740966797,274143900
2015-08-28,165.92290192031953,167.04298293263898,165.43808788038152,166.57489013671875,160414400
2015-08-31,165.5969474230745,166.44955250791443,164.67747010073978,165.22915649414062,163298800
2015-09-01,161.42590578259393,162.80512196514385,159.42814363445524,160.29747009277344,256000400
2015-09-02,162.6797172217289,163.38186937689952,160.84077523011493,163.34007263183594,160269300
2015-09-03,164.0505780006922,165.5468174006703,162.96393907885664,163.4571075439453,152087800
2015-09-04,161.2002023394496,162.04444041936074,160.16370179460242,160.9828643798828,207081000
2015-09-08,163.78310551299384,165.17903019862646,163.1394712911374,165.028564453125,116025700
2015-09-09,166.60838901088866,166.7337664970237,162.45404490926228,162.8218231201172,149347700
2015-09-10,162.62957308634384,164.85302736988268,162.37045111243074,163.70787048339844,158611100
2015-09-11,163.31497975651632,164.5186544606328,162.60447342977204,164.4517822265625,119691200
2015-09-14,164.62731608485382,164.6774670734092,163.35676910495962,163.84158325195312,79452000
2015-09-15,164.34315114862494,166.33255911859737,163.79983165905676,165.88954162597656,113806200
2015-09-16,166.19043492787617,167.51948720226258,165.84771948467198,167.3272247314453,99581600
2015-09-17,167.19350906595068,169.59249188964412,166.57495035938427,166.9510955810547,276046600
2015-09-18,164.44129193331497,166.93676131069327,163.81111992003463,164.2228240966797,223657500
2015-09-21,165.0547402764405,166.0966169997985,164.0212612353748,165.07154846191406,105726200
2015-09-22,162.90371869825682,163.39105340400803,161.79460947395006,162.92892456054688,153890900
2015-09-23,163.0969695152685,163.5674960438111,162.08869655112204,162.66845703125,92790600
2015-09-24,161.45005872283912,162.54235940310477,160.11409718094163,162.08023071289062,159378800
2015-09-25,163.5423204529536,163.8448036802758,161.16446868667677,162.03831481933594,155054800
2015-09-28,161.1392422662767,161.2484762241486,157.66069200620228,157.97157287597656,178515900
2015-09-29,158.19003749953106,159.4251760927764,157.06412004099744,158.06399536132812,159045600
2015-09-30,159.95450137417293,161.18124220471094,159.17309401717506,161.01319885253906,163452000
2015-10-01,161.39130504711446,161.73580226426947,159.49239074380048,161.43331909179688,131079000
2015-10-02,159.45031571346337,163.86991715670254,158.90415898325543,163.84471130371094,211003300
2015-10-05,165.07150392864102,166.98722628735067,164.96226998386578,166.76036071777344,126320800
2015-10-06,166.62593361163326,167.1888859175835,165.52523486261958,166.1890106201172,110274500
2015-10-07,167.12161520029284,167.90303517487249,165.92849104313925,167.55014038085938,124307300
2015-10-08,167.16364949767825,169.3482512350333,166.8611663774427,169.0625762939453,153055200
2015-10-09,169.20543567372633,169.64234582106246,168.53324945051236,169.16342163085938,107069200
2015-10-12,169.2390157491594,169.52469068762636,168.81050334145897,169.3230438232422,56395600
2015-10-13,168.5920681650384,169.86082309690977,168.08793808544954,168.2559814453125,88038700
2015-10-14,168.19715993141767,168.77692042315795,167.15528340331548,167.44935607910156,99106200
2015-10-15,168.11307693358663,170.02879867831186,167.7433739967306,170.02040100097656,134142200
2015-10-16,170.42375399346568,170.8102523905057,169.6591420581285,170.79345703125,114580100
2015-10-19,170.14649154385307,170.8774871826172,169.83561069902436,170.8774871826172,76523900
2015-10-20,170.44055678943275,171.27237577728562,170.18848537882585,170.6590118408203,78448500
2015-10-21,171.07914120680377,171.23037637356308,169.43228562818382,169.600341796875,102038000
2015-10-22,170.54977767333122,172.67555724966974,169.60032707126769,172.4654998779297,174911700
2015-10-23,174.13762397168986,174.72578226049242,173.33940823539433,174.3560791015625,144442300
2015-10-26,174.17962274859224,174.23843216186992,173.5578481430269,173.92755126953125,69033000
2015-10-27,173.2553463797978,173.9275326450187,172.9108491560002,173.59144592285156,77905800
2015-10-28,173.9274884368756,175.59113908425056,173.26371284200084,175.56593322753906,135906700
2015-10-29,175.0618423075851,175.83485200116365,174.94421067640764,175.46514892578125,90525500
2015-10-30,175.65838682947495,175.9776781596275,174.54929049565288,174.70892333984375,131076900
2015-11-02,175.0365954494891,176.96911282037263,174.91055334646418,176.77586364746094,86270800
2015-11-03,176.42297110123278,177.84296086237885,176.1961055695823,177.2884063720703,95246100
2015-11-04,177.58250317548837,177.7085324673243,176.21292504007855,176.75067138671875,96224500
2015-11-05,176.809481976939,177.2716107515993,175.68357755931885,176.57421875,78408700
2015-11-06,176.22976814859592,176.7171028750931,175.1542752421493,176.48182678222656,110471500
2015-11-09,175.86845501142494,176.0197030058444,173.88551264837628,174.83497619628906,131008700
2015-11-10,174.35605279823582,175.2719128750145,174.08718597286835,175.23829650878906,75874600
2015-11-11,175.50710100539192,175.55751271225728,174.48202022952364,174.5492401123047,67846000
2015-11-12,173.5074093102452,173.97793582652446,172.0958297614075,172.1126251220703,121315200
2015-11-13,171.70086426962504,171.9697309814071,170.0960232138523,170.18003845214844,153577100
2015-11-16,169.99524294799596,172.8268123328359,169.8775985069335,172.7679901123047,117645200
2015-11-17,173.07886013728063,173.96109075779063,172.1462049828163,172.64193725585938,121123700
2015-11-18,173.12088406326907,175.52394099502678,173.07888284412175,175.381103515625,121342500
2015-11-19,175.26344667430746,175.64995783774356,174.9357577226286,175.22984313964844,88220500
2015-11-20,175.98607034062815,176.5490225803326,175.4903380010073,175.86843872070312,94011500
2015-11-23,175.92724764453766,176.43137762573497,175.20464979935923,175.66677856445312,64931200
2015-11-24,174.65848977069672,176.30534511598827,174.27199140759203,175.90203857421875,98874400
2015-11-25,176.0280814705005,176.22974116741722,175.61636439712734,175.87684631347656,51980100
2015-11-27,175.96925727372445,176.2801509055882,175.49033312764547,176.0784912109375,37317800
2015-11-30,176.23811424503617,176.35574584659562,175.23823922133926,175.34747314453125,112822700
2015-12-01,175.97763978675954,177.13716041004395,175.70036255854447,177.01951599121094,97858400
2015-12-02,176.9691504800534,177.2884418239364,174.96100229166035,175.21307373046875,108441300
2015-12-03,175.46513794700394,175.73400473534974,172.03699985461813,172.7595977783203,166224200
2015-12-04,172.7595905214948,176.42299170763283,172.7595905214948,176.12890625,192913900
2015-12-07,175.80126785502924,176.22138273206616,174.09560247993033,175.06187438964844,102027100
2015-12-08,173.49898441928113,175.01138717844287,172.9024158662772,173.88548278808594,103372400
2015-12-09,173.24694565951123,175.33910918693573,171.55807593490235,172.53274536132812,162401500
2015-12-10,172.5998962164132,174.28875244447198,172.36463304496863,172.97799682617188,116128900
2015-12-11,170.86064169753504,171.52441723603533,169.3146099655293,169.62550354003906,211173300
2015-12-14,169.78521039920295,170.60863186087278,168.00391483485856,170.4825897216797,182385200
2015-12-15,171.9949700506764,173.17969668111772,170.45734858112394,172.27224731445312,154069600
2015-12-16,173.3981844884099,175.0954519293703,172.0790306373274,174.79296875,197017000
2015-12-17,175.10384751848963,175.17106742653414,172.11263212538444,172.1294403076172,173092500
2015-12-18,171.3873100077972,171.5225370211609,168.90233146446238,169.06292724609375,251393500
2015-12-21,170.23781010837587,170.63506931648848,169.12210010333064,170.4575653076172,99094300
2015-12-22,171.3450246180387,172.30013863391332,170.35610707732334,172.00430297851562,111026200
2015-12-23,173.01013512652764,174.17655668304212,172.9171593082955,174.13429260253906,110987200
2015-12-24,173.8807555169008,174.39634644809036,173.62718388075706,173.84693908691406,48539600
2015-12-28,173.15382558359133,173.49191243890718,172.3762154986154,173.4496612548828,65899900
2015-12-29,174.54849631704982,175.63039001787277,174.51469278141982,175.30075073242188,92640700
2015-12-30,175.05562110545048,175.14014928136507,173.91455521654785,174.05824279785156,63317700
2015-12-31,173.38204524222868,174.02441544079304,172.31704711914062,172.31704711914062,114877900
2016-01-04,169.46021686706806,169.91663552569267,167.85427165942514,169.90818786621094,222353500
2016-01-05,170.22932965082862,170.65194468263027,169.08827680327653,170.19552612304688,110845800
2016-01-06,167.64291008691177,169.0967066751727,167.01744815983184,168.0486297607422,152112600
2016-01-07,165.0988156154089,166.88225184359334,163.62811043242243,164.0169219970703,213436100
2016-01-08,164.98045866166842,165.53831360060605,161.92917760723282,162.216552734375,209817200
2016-01-11,163.13785340380966,163.4759531747563,160.44158027718976,162.3771514892578,187941300
2016-01-12,163.8224957637583,164.43951009387482,161.55727250549293,163.687255859375,172330500
2016-01-13,164.35503341887548,164.70158094597977,159.22449207445186,159.60484313964844,221168900
2016-01-14,160.21336724550912,163.34916367864253,158.615882880263,162.22500610351562,240795600
2016-01-15,157.86361173274562,159.5456111894306,156.80707422590876,158.74264526367188,324846400
2016-01-19,160.55990909796947,160.68668844906233,157.38183579391037,158.95396423339844,195244400
2016-01-20,156.3929383469813,158.48065791232142,153.0035699860845,156.91697692871094,286547800
2016-01-21,157.3902832034348,159.6385851905549,156.06326591928874,157.79598999023438,195772900
2016-01-22,160.40775875907423,161.23608060151886,159.6470568686722,161.03323364257812,168319600
2016-01-25,160.52607657353218,160.72047585810714,158.40455396249536,158.5989532470703,130371700
2016-01-26,159.2582478584521,161.04168381774744,158.92016099014072,160.76275634765625,141036800
2016-01-27,160.23874959702297,161.91230185213396,158.10876579230634,159.01316833496094,185681700
2016-01-28,160.55991190958068,160.76275887488137,158.1932651026348,159.84146118164062,143798800
2016-01-29,160.61062728231084,163.873215985602,160.49229558414746,163.73797607421875,210529300
2016-02-01,162.73210340075195,164.46482718772359,162.148892735642,163.6787567138672,136061600
2016-02-02,162.2503902851481,162.25883794392138,160.20492190938126,160.72897338867188,182564900
2016-02-03,161.78549596816256,162.0982269769642,158.14255631350596,161.69252014160156,205054900
2016-02-04,161.1938516205683,162.9181154950131,160.55992899218302,161.94610595703125,139531800
2016-02-05,161.43051462671764,162.00526495100985,158.22708506365447,158.8610076904297,180788300
2016-02-08,157.01836981803837,157.31419255920386,154.50803586041826,156.7225341796875,191526700
2016-02-09,154.98136821297294,158.0072930610037,154.84612832210112,156.73098754882812,184513100
2016-02-10,157.559341187404,159.19062903955063,156.46898716953467,156.5957794189453,148214100
2016-02-11,154.11922316074063,155.6068360996528,153.0626857426202,154.55874633789062,219058900
2016-02-12,156.33376755034035,157.7621956092723,155.48853743639367,157.74530029296875,127632400
2016-02-16,159.55411325306656,160.43314701268105,158.59055131203985,160.4077911376953,120250700
2016-02-17,161.57420294874984,163.3999032175602,161.44741068450003,163.0279998779297,136009500
2016-02-18,163.29841997201936,163.3575922577956,162.0474832862532,162.36021423339844,102343000
2016-02-19,161.58268273320937,162.43636073458765,160.97411585594455,162.2842254638672,114793000
2016-02-22,163.86479424035417,164.77764451261012,163.79717426864735,164.6339569091797,103640300
2016-02-23,163.97465273403023,164.24513257867517,162.43632763628713,162.55467224121094,111455300
2016-02-24,161.1262271415721,163.57738941039415,160.01897771192097,163.2984619140625,150812200
2016-02-25,163.74644156760178,165.2847667084691,162.98573955329348,165.27630615234375,110728300
2016-02-26,166.1468695024317,166.23983242237043,164.735324034117,164.8959197998047,129833700
2016-02-29,164.91286205285977,165.8595157337722,163.40835335404287,163.60275268554688,125918100
2016-03-01,164.82831369073514,167.5330602715892,164.35498690824195,167.4485321044922,141799700
2016-03-02,167.13578995688582,168.2514868844862,166.72162260122636,168.20077514648438,102415000
2016-03-03,168.023264053551,168.87695459773252,167.4485138509449,168.86004638671875,95172200
2016-03-04,169.05450494942514,170.18712333513,168.22618287991972,169.4095001220703,129293600
2016-03-07,168.48818575583124,169.95044329460436,168.4121181328031,169.5447235107422,100219000
2016-03-08,168.47125701607789,168.97838729951602,167.5330511599525,167.69363403320312,123974900
2016-03-09,168.50511021569557,168.86855304777137,167.71903934372293,168.5220184326172,94801200
2016-03-10,169.01221930118146,169.95042524378096,166.8315240589992,168.65721130371094,156838700
2016-03-11,170.11101524935322,171.4211245605465,168.64032304338957,171.3788604736328,137964500
2016-03-14,170.8717282412068,171.61552199450793,170.54208900241045,171.1591033935547,73612000
2016-03-15,170.19555358982376,171.1844713761723,169.93353429137107,170.88018798828125,93169100
2016-03-16,170.3983723918738,172.27478401520258,170.3561083126268,171.8690643310547,129303200
2016-03-17,171.78455764242833,173.46655716459603,171.38729849261688,172.9594268798828,134278500
2016-03-18,173.4606796292937,173.97892972183823,173.14633567541978,173.63909912109375,138372400
2016-03-21,173.37573686226835,174.11487558474272,173.14634406561157,173.88548278808594,72926700
2016-03-22,173.11236372451606,174.36126141225773,172.9509525979609,173.7920379638672,97471900
2016-03-23,173.40972122437373,173.59663195994312,172.47516754652673,172.6450958251953,81052500
2016-03-24,171.61709783714622,172.60262487660995,171.39620920983543,172.56863403320312,84360900
2016-03-28,172.98495254878787,173.19734996545483,172.2203270342706,172.6706085205078,62408200
2016-03-29,172.26274495323278,174.37822726148767,171.95689224557793,174.2677764892578,92922900
2016-03-30,175.27030893947753,175.75456819261893,174.66709471626987,175.0324249267578,86365300
2016-03-31,174.93897488037737,175.3637696250937,174.44621142086157,174.60763549804688,94584100
2016-04-01,173.61366503542266,175.9840146579442,173.2993080226713,175.79710388183594,114423500
2016-04-04,175.7206077316629,175.92451389007496,174.92199148251703,175.22784423828125,63497000
2016-04-05,173.88546041373525,175.2363044443393,173.22278172084626,173.4776611328125,99662200
2016-04-06,173.47770275458515,175.43176143021483,173.2992832342897,175.37228393554688,91839800
2016-04-07,174.28475606093028,174.64158202679974,172.54309532746632,173.27374267578125,113859000
2016-04-08,174.45466447692402,174.88796331849824,173.20576716362885,173.7410125732422,95040600
2016-04-11,174.37824339944453,175.07491300612878,173.23979659036752,173.333251953125,83757500
2016-04-12,173.50316446745788,175.22783007301945,173.0613743084662,174.9474639892578,115350600
2016-04-13,175.86499500274658,176.79954847085173,175.72905759580317,176.71458435058594,96336400
2016-04-14,176.7740697487607,177.2243510861963,176.37476170028683,176.72308349609375,65212900
2016-04-15,176.72312719696814,176.85906464361813,176.20487702485997,176.52772521972656,75761600
2016-04-18,176.52767550021161,177.80205953527738,175.86499683907383,177.76808166503906,82531000
2016-04-19,178.19294818120858,178.5837521831719,177.51327382909108,178.32887268066406,88316100
2016-04-20,178.3713025834669,179.19540538775044,177.89553456526323,178.49874877929688,81100300
2016-04-21,178.5157342471724,178.6261850260145,177.2668366964576,177.53871154785156,85695000
2016-04-22,177.18188552817682,177.81057343553908,176.63814878909537,177.53871154785156,99251700
2016-04-25,176.9354876391209,177.2753311847621,176.32378222067248,177.23284912109375,66166500
2016-04-26,177.59816239988538,178.00597464558777,177.02044783069846,177.4962158203125,75864200
2016-04-27,177.11394452979732,178.25239147981213,176.75711845428708,177.86158752441406,77329400
2016-04-28,177.10543869065773,178.2098947059655,175.83105439880347,176.24734497070312,97216200
2016-04-29,175.6271462783889,175.97548109221796,174.191337918119,175.29580688476562,142424100
2016-05-02,175.79709146933402,176.86756977751688,175.36380540824536,176.6891632080078,62188000
2016-05-03,175.4571893425305,175.6950733141479,174.40369392272203,175.15133666992188,106422100
2016-05-04,174.15734920959673,174.88799666851617,173.67307699165534,174.17433166503906,92243800
2016-05-05,174.6415743998323,174.9984003501184,173.7155251743014,174.14031982421875,67619200
2016-05-06,173.3672507919475,174.82005470435467,173.2143308873301,174.77757263183594,89315000
2016-05-09,174.650150382527,175.35529838319349,174.47173085218958,174.92201232910156,74374900
2016-05-10,175.6271225310977,177.11390398724373,175.5591538231721,177.09690856933594,77472200
2016-05-11,176.63815562661793,177.17338819499523,175.4402313232422,175.4402313232422,81727000
2016-05-12,176.1113770380545,176.28130528517482,174.4801669825997,175.49118041992188,89586300
2016-05-13,175.19392121627385,175.74614940978609,173.63917030129863,173.96200561523438,96474600
2016-05-16,174.131839446247,176.15385329050272,174.07236196897537,175.67808532714844,77486800
2016-05-17,175.40629205976282,175.69514944135705,173.51169772844298,174.0384521484375,114924900
2016-05-18,173.6900778878326,175.27031486213005,173.00191247323167,174.08938598632812,120062100
2016-05-19,173.36723352412886,173.77503285953244,172.27975998724793,173.48617553710938,115430500
2016-05-20,174.09786585989488,175.1003881365985,174.04689256787208,174.58213806152344,104990400
2016-05-23,174.59908943720788,174.87945545713322,174.1573123425107,174.34422302246094,58682600
2016-05-24,175.15987214221596,176.91852869488514,175.13438549336922,176.6041717529297,93537800
2016-05-25,177.28384338070174,178.21839703711953,176.60416917273494,177.80209350585938,76621400
2016-05-26,177.93800672836414,178.16739949712752,177.53869867165608,177.85304260253906,55280700
2016-05-27,178.014461617882,178.62616700810963,177.9634883293139,178.61767578125,64211200
2016-05-31,178.88953742072263,178.99998818828732,177.71709993028256,178.27783203125,109879400
2016-06-01,177.66615276960985,178.82159501256743,177.47075081370213,178.6431884765625,69936200
2016-06-02,178.24386014708955,179.2038873614953,177.76809215345386,179.18690490722656,63044700
2016-06-03,178.6262009729401,179.00002244512663,177.4452720296459,178.6516876220703,101757100
2016-06-06,179.00847386468456,179.91754069385723,178.8470498136199,179.5607147216797,64887000
2016-06-07,179.71363123818466,180.40179652627143,179.6881445951966,179.841064453125,60974800
2016-06-08,179.97707142017572,180.5547991331768,179.84963815598184,180.42735290527344,66170900
2016-06-09,179.696666493861,180.2998807295177,179.4248046010163,180.18093872070312,73786900
2016-06-10,178.80462126420403,179.14445189656794,177.9295321066371,178.47328186035156,113829200
2016-06-13,177.8700380378212,178.72811866843432,177.01195740720803,177.09690856933594,117751200
2016-06-14,176.71460305913646,177.34330391003104,175.7970449106847,176.7485809326172,125059300
2016-06-15,176.74861832704423,177.87008284476488,176.31533228903874,176.5022430419922,109124500
2016-06-16,176.5022198364116,177.1988894537725,174.66710339252674,177.02896118164062,149533100
2016-06-17,176.92480509140793,176.95042428447155,175.71211550560253,176.3697052001953,117055700
2016-06-20,178.3338816172478,179.00854191906885,177.4200871876243,177.5054931640625,82789600
2016-06-21,177.88976259288322,178.419243066188,177.44567504981978,178.0093231201172,72461700
2016-06-22,178.18868791520092,178.91459961774572,177.57380137521815,177.718994140625,95560500
2016-06-23,179.17933285228438,180.0845788252311,178.7181744809967,180.03334045410156,102731400
2016-06-24,173.90157441072643,180.06751041927396,173.12442435540223,173.56851196289062,333444400
2016-06-27,172.15941269714784,172.16796111424463,169.64862792193355,170.45994567871094,230775800
2016-06-28,172.06545337042272,173.55996672054923,171.75801010286608,173.5343475341797,159382400
2016-06-29,174.93489683982207,176.71976942477082,174.83242010763226,176.48919677734375,137328600
2016-06-30,176.95894904941898,178.9487756107237,176.40383620128068,178.8975372314453,165021900
2016-07-01,178.8975042330917,179.76006022892233,178.73524070789102,179.2732696533203,106055300
2016-07-05,178.4449384145037,178.5559636054388,177.3859770158948,177.98377990722656,109803700
2016-07-06,177.488433771584,179.17083009603255,176.83084414971785,179.05126953125,96021500
2016-07-07,179.23062137922298,179.89674645255874,178.1716599965484,178.9402618408203,85593800
2016-07-08,180.23836208364483,181.8524364233916,180.00777631193074,181.60476684570312,133971000
2016-07-11,182.06587444942394,182.81740527485772,181.86090794309075,182.24520874023438,73633900
2016-07-12,183.2102575647061,183.8678470947775,182.2708439503184,183.56893920898438,101275600
2016-07-13,183.98740732191362,183.99594270707593,183.05654212544937,183.54331970214844,87324100
2016-07-14,184.80725159441695,185.03783731031177,184.17529426872974,184.56813049316406,91230900
2016-07-15,185.13181569367885,185.32823384517283,183.87642314550487,184.3205108642578,107155400
2016-07-18,184.43998476978555,184.97801361793137,184.1837799358533,184.8157501220703,58725900
2016-07-19,184.39735919584626,184.66209952396133,184.14970267212968,184.62794494628906,54345700
2016-07-20,184.62794362235798,185.63566654552127,184.62794362235798,185.39654541015625,58159500
2016-07-21,185.28552597358498,185.50756329594216,184.2521708690835,184.69625854492188,67777300
2016-07-22,184.81584536954847,185.57591184888312,184.55110501612444,185.52467346191406,62787500
2016-07-25,185.31970569306034,185.37094407970042,184.44007863940362,185.0207977294922,55873100
2016-07-26,184.9183031594039,185.4648676161722,184.26071352151683,185.10618591308594,70080500
2016-07-27,185.4819125315626,185.55023470322453,184.1411143460512,184.90972900390625,84083900
2016-07-28,184.713312177542,185.4136047179644,184.25215377201522,185.1232452392578,65035700
2016-07-29,184.85851447376473,185.7808313323452,184.5766903659838,185.42214965820312,79519400
2016-08-01,185.48194981866922,185.87478609579406,184.81582479995802,185.26844787597656,73311400
2016-08-02,185.02076050196183,185.1744886620766,183.24443597726173,184.08135986328125,92295500
2016-08-03,184.02153633287236,184.67912577045664,183.72264152023993,184.6193389892578,53993600
2016-08-04,184.73034416705318,185.13172869961923,182.97109095510103,184.8157501220703,46585500
2016-08-05,184.81579320588517,186.37008030679934,184.81579320588517,186.32737731933594,71892200
2016-08-08,186.51527976931246,186.61776955629065,185.95164458098853,186.2163848876953,39906500
2016-08-09,186.28468736299476,186.82270330544242,186.00286328308303,186.32737731933594,51251700
2016-08-10,186.43842506927075,186.51528263734355,185.51609515902592,185.86624145507812,57941100
2016-08-11,186.39571254866664,186.97644455037576,186.13097225142164,186.72877502441406,72504300
2016-08-12,186.42133554357792,186.7800302458213,186.16514365786608,186.5665283203125,61313500
2016-08-15,186.93381525977938,187.45476067401378,186.9252798707726,187.1046142578125,49813500
2016-08-16,186.68609078081792,186.75439993028866,186.1395263671875,186.1395263671875,53213600
2016-08-17,186.1736606336789,186.62628362850955,185.33673681715914,186.48963928222656,75134300
2016-08-18,186.46402395322087,186.94226614398184,186.35301182180146,186.90811157226562,52989300
2016-08-19,186.43845427696948,186.8142198212472,185.95167657179212,186.63487243652344,75443000
2016-08-22,186.3956960351544,186.8568674414081,186.0284790182505,186.62628173828125,61368800
2016-08-23,187.24118104085886,187.5400889368396,186.94227314487813,187.00205993652344,53399200
2016-08-24,186.85688269140766,186.95082405730236,185.62710954919459,186.0455780029297,71728900
2016-08-25,185.66126030541366,186.33593365509222,185.50754518135895,185.91746520996094,69224800
2016-08-26,186.10532017594306,187.13012661013562,184.67912915843095,185.56729125976562,122506300
2016-08-29,185.69543934508937,186.7458651841872,185.66127173911343,186.4811248779297,70502200
2016-08-30,186.39574339822653,186.67756754452142,185.6186061802773,186.1737060546875,58114500
2016-08-31,185.8405984014118,185.96015894676873,184.86703023747037,185.64418029785156,85269500
2016-09-01,185.63562616037814,185.9430694148379,184.49125911421413,185.6527099609375,97844200
2016-09-02,186.50672308329246,186.91664309101938,185.9174557421788,186.48963928222656,79293900
2016-09-06,186.77150532691024,187.13018704315655,186.0541418944176,187.05332946777344,56702100
2016-09-07,186.89099887705433,187.2155258982362,186.42984055900882,187.0361785888672,76554900
2016-09-08,186.70316378265807,186.97645250829927,186.30177911132483,186.60922241210938,74102900
2016-09-09,185.2940362059573,185.3452745786899,182.1171267853134,182.1427459716797,221589100
2016-09-12,181.3826693697938,185.1573813091356,181.3143471996687,184.75599670410156,168110900
2016-09-13,183.4749893762381,183.7397296468542,181.47661472276025,182.10003662109375,182828800
2016-09-14,182.1512988394755,183.35545283875425,181.4766384818725,182.03173828125,134185500
2016-09-15,181.8694931310886,184.2350851766038,181.6901457728944,183.8507843017578,134427900
2016-09-16,183.23444578354756,183.4146990372313,182.45338327610466,183.14002990722656,155236400
2016-09-19,183.7924158425578,184.43615706862911,182.8482568055404,183.17442321777344,80250500
2016-09-20,184.03272644676736,184.18721803903782,183.14865629913766,183.1829833984375,69665300
2016-09-21,183.8868160593742,185.42320589187506,183.20015619075215,185.2429656982422,110284400
2016-09-22,186.25581721153242,186.71072668507645,186.00690967008302,186.41030883789062,76678700
2016-09-23,186.01547190385105,186.1528065132363,185.29448485000222,185.38890075683594,73630900
2016-09-26,184.55631536636452,184.73655556931107,183.68940216236516,183.88682556152344,89827300
2016-09-27,183.7237895396845,185.12284521063228,183.35470434395904,185.0284423828125,78494800
2016-09-28,185.25159980089904,186.10134311676984,184.29028355446454,185.94683837890625,87411000
2016-09-29,185.74079483696008,186.14420704939064,183.71515527343914,184.2644805908203,128070600
2016-09-30,185.0970361399101,186.35876986017539,184.84812865424877,185.6549530029297,117202900
2016-10-03,185.2430041443091,185.43182287784438,184.57350113816423,185.2086639404297,83512100
2016-10-04,185.3202256217932,185.54338452990322,183.6722496696497,184.2644805908203,119948100
2016-10-05,184.89104797224837,185.50904053514677,184.82238067670994,185.0798797607422,72816000
2016-10-06,184.85674888389272,185.43182287784438,184.31601509382048,185.2086639404297,62927400
2016-10-07,185.48327229860396,185.6549339708018,183.8438751706804,184.5734405517578,89788300
2016-10-10,185.53477478027344,185.99826261811654,185.3888616998979,185.53477478027344,51855000
2016-10-11,185.10567154445468,185.17433885601315,182.46203898573143,183.1916046142578,130367400
2016-10-12,183.32887728462163,183.95546137949307,182.83104926676788,183.431884765625,73866100
2016-10-13,182.10150448178726,183.32889802045077,181.28610162289814,182.83106994628906,101357000
2016-10-14,183.80959217962635,184.2730932454428,182.84827603859992,182.92552185058594,93346200
2016-10-17,182.89974523544126,183.15724433290873,182.11009094096957,182.29034423828125,58275700
2016-10-18,183.8867940911395,183.94686978285756,183.05422122815347,183.431884765625,76869700
2016-10-19,183.6980141682805,184.23016943203046,183.33752062539025,183.92117309570312,66519200
2016-10-20,183.56927400077927,184.13576951608,182.91695416606842,183.57786560058594,73639800
2016-10-21,183.57784146335862,183.74950317655933,182.61651229492608,183.66366577148438,89089100
2016-10-24,184.53916383483073,184.81383306288816,184.0928328877122,184.4447479248047,60146600
2016-10-25,184.26449104867996,184.52199017077416,183.66366849509308,183.82675170898438,66542300
2016-10-26,183.00274747656863,184.0413092406965,182.7624053880732,183.45765686035156,75705500
2016-10-27,184.17865090859547,184.21297801001447,182.8911685057367,182.96841430664062,77220200
2016-10-28,182.9426256506394,183.62069380502325,181.71523231518972,182.42762756347656,140623200
2016-10-31,182.76243263577368,182.9856046590172,182.2731960789508,182.436279296875,61272500
2016-11-01,182.7624168621641,182.81392716097056,179.90421738346265,181.11444091796875,122781800
2016-11-02,180.80546160019983,181.19171684432766,179.58664635288605,180.02439880371094,103330800
2016-11-03,180.23896863961014,180.4535490528735,178.9257375581942,179.2003936767578,88939300
2016-11-04,179.31197176920767,180.15312328493232,178.85706236092147,179.0029754638672,109122100
2016-11-07,179.00297657285438,182.98558836805617,179.00297657285438,182.9512481689453,109794900
2016-11-08,182.55646841125977,184.34177935304183,182.29039074487497,183.77528381347656,106772100
2016-11-09,182.28179972740537,186.34167134365006,182.25605112070207,185.7236785888672,258429000
2016-11-10,186.51328492689672,187.38018502161611,184.72797444040046,186.18711853027344,172113300
2016-11-11,185.46610840811684,185.99826353882025,184.81378879315955,185.7579345703125,100552700
2016-11-14,186.2815485129806,186.4875504259405,185.15714923575797,185.9038848876953,94580000
2016-11-15,186.29012286331468,187.3544464111328,186.08413405189424,187.3544464111328,91652600
2016-11-16,186.73642486988672,187.23425291532033,186.61626038284734,187.00250244140625,65617700
2016-11-17,187.15707310894592,188.02397342130527,187.04548708272935,187.96389770507812,69797200
2016-11-18,188.0325388341963,188.20420055273274,187.36303586708976,187.5432891845703,86265800
2016-11-21,188.11836682745806,188.9852670360542,187.9724537089983,188.9595184326172,72402600
2016-11-22,189.2685244721837,189.50885351454778,188.59903455460517,189.32861328125,67429000
2016-11-23,188.813556555466,189.48304626584118,188.61614628111087,189.43154907226562,56620200
2016-11-25,189.77489776013326,190.1697183342997,189.69763886784216,190.13539123535156,37872300
2016-11-28,189.82638699081997,190.1010430617208,189.13972716814772,189.2427215576172,76572500
2016-11-29,189.2770715262414,190.06672577916044,188.976653745513,189.61181640625,69886700
2016-11-30,190.22979271299056,190.39287588876715,189.0968020793508,189.15689086914062,113291800
2016-12-01,189.45731297095935,189.45731297095935,188.1011633438361,188.461669921875,79040500
2016-12-02,188.54749754901323,189.0453256308212,188.19558256234671,188.5560760498047,74840300
2016-12-05,189.38866909419724,190.0324103393807,189.19125877948673,189.6890869140625,67837800
2016-12-06,189.87795669760678,190.32428771733407,189.39729856726282,190.28994750976562,59877400
2016-12-07,190.13543546301042,192.8391437045344,190.01527094331936,192.77906799316406,110738100
2016-12-08,192.75325320241515,193.72314752940352,192.48716255301375,193.25106811523438,99714400
2016-12-09,193.47423503051934,194.43555083290312,193.43989483932248,194.4183807373047,88005800
2016-12-12,194.32404026579505,194.80471145046042,193.77471486598523,194.19529724121094,102016100
2016-12-13,194.85619858223612,195.98917643082981,194.83902848086277,195.49134826660156,110477500
2016-12-14,195.19088581163928,195.8947025964433,193.43990270388534,193.87765502929688,142501800
2016-12-15,194.1181060723161,195.53433212922295,193.8863554658744,194.67601013183594,124972600
2016-12-16,195.1326462584023,195.19308922448477,193.9757194067393,194.295166015625,156420200
2016-12-19,194.47650092007393,195.14130774183513,194.32972778329568,194.71824645996094,90341100
2016-12-20,195.25354568789194,195.61617718563676,195.02044237752733,195.46939086914062,89838800
2016-12-21,195.33989514643187,195.5125686620086,194.92547607421875,194.92547607421875,67909000
2016-12-22,194.77868992388466,194.8995626941334,194.1915842011451,194.5887451171875,56219100
2016-12-23,194.6319289979672,194.8823168095182,194.44199734064162,194.87368774414062,36697800
2016-12-27,195.14124108232025,195.75423378687208,195.1239697856156,195.35708618164062,42672500
2016-12-28,195.61614696434052,195.63340509079023,193.63036896881238,193.7425994873047,64095000
2016-12-29,193.81172395706275,194.16571325719877,193.25916075588654,193.69949340820312,48696100
2016-12-30,194.02752445361332,194.11386778589778,192.30076320106696,192.99147033691406,108998300
2017-01-03,194.29511733761686,194.97719522382684,193.29360609669342,194.46780395507812,91366500
2017-01-04,194.79596555681337,195.77159004486924,194.78733649178588,195.62481689453125,78744400
2017-01-05,195.35716033330948,195.62480625019472,194.67508218304283,195.46939086914062,78379000
2017-01-06,195.5815955454964,196.63492087370182,195.03766158158038,196.168701171875,71559900
2017-01-09,195.9097284180276,196.04787249931024,195.48666710940387,195.52120971679688,46939700
2017-01-10,195.53846784634868,196.37594822467557,195.1326778414214,195.52120971679688,63771900
2017-01-11,195.4348089025154,196.07371520996094,194.77000223421376,196.07371520996094,74650000
2017-01-12,195.5557341536737,195.77157933485879,194.2261336341972,195.58163452148438,72113200
2017-01-13,195.75429048254387,196.3327539353642,195.7197610532733,196.03057861328125,62717900
2017-01-17,195.39169026213537,195.79748025784545,194.9513708339613,195.3398895263672,61240800
2017-01-18,195.59022969275696,195.81471707374104,195.03766665164105,195.77154541015625,54793300
2017-01-19,195.84926336401224,195.98740742972183,194.6146353588587,195.04632568359375,66608800
2017-01-20,195.72838159242662,196.25504429133156,195.09811743607892,195.76292419433594,129168600
2017-01-23,195.7629293658233,195.8233591595471,194.49375878205151,195.25352478027344,75061600
2017-01-24,195.46939521414495,196.91988171493335,195.3571646758191,196.50546264648438,95555300
2017-01-25,197.455133515812,198.20628356933594,197.2910890998224,198.20628356933594,84437700
2017-01-26,198.05949900367568,198.32715804870278,197.72278110576516,197.9990692138672,59970700
2017-01-27,198.07678158622687,198.22355471171284,197.50694721141585,197.68826293945312,59711100
2017-01-30,196.99754148922224,197.02344185218226,195.47799644095304,196.46224975585938,79737300
2017-01-31,195.97009964421937,196.50540450565055,195.40027853400153,196.44496154785156,75880800
2017-02-01,196.44500397914956,197.36018538702106,195.93561254256352,196.522705078125,79117700
2017-02-02,196.52267617538791,196.93710832392662,195.8319822761067,196.65219116210938,69657600
2017-02-03,197.5587420330272,198.1890061402115,197.2479245108015,198.0076904296875,80563200
2017-02-06,197.6019163121953,197.99907719005563,197.3169991295408,197.65371704101562,57790100
2017-02-07,198.04221250519157,198.28395797807633,197.47237824447453,197.66232299804688,57931200
2017-02-08,197.66235464778478,198.05087327897783,197.11842065962912,197.92137145996094,51566200
2017-02-09,197.92136768733826,199.39774109255882,197.92136768733826,199.09556579589844,65955200
2017-02-10,199.44092147507035,200.10572823541386,199.11283262661516,199.88124084472656,66015900
2017-02-13,200.37339667221764,201.2281483174449,200.34749630486021,200.96913146972656,55182100
2017-02-14,200.7877651982782,201.78066066899103,200.44241827098554,201.7720184326172,71109000
2017-02-15,201.55619265961616,203.01530793966828,201.50439193296327,202.8253631591797,86785800
2017-02-16,202.85126855062055,203.03258427254195,201.90155779877912,202.65269470214844,84722400
2017-02-17,201.98791448623507,202.97216796875,201.9706431832733,202.97216796875,77204100
2017-02-21,203.34344305935187,204.35359698144185,203.3348008201812,204.18092346191406,88946100
2017-02-22,203.77512901838926,204.22407752457949,203.6110845674508,203.99960327148438,62115200
2017-02-23,204.5176154292191,204.53487355707574,203.3779466317962,204.13772583007812,74615900
2017-02-24,203.29167828013806,204.43996331647753,203.2485065990834,204.3968048095703,82381600
2017-02-27,204.31044224948636,204.88890583365063,204.0600676015317,204.7162322998047,56515400
2017-02-28,204.33629348744313,204.57803901152806,203.77510134384804,204.1636199951172,96961900
2017-03-01,205.82133986328705,207.48767158885056,205.80406855924141,207.0214385986328,149158200
2017-03-02,206.8314676509237,206.8401098889274,205.6659116708949,205.71771240234375,70246000
2017-03-03,205.63141431019505,206.01130398992763,205.2515246304625,205.84725952148438,81974300
2017-03-06,205.0528914316423,205.58818318512778,204.62983019715523,205.2342071533203,55391500
2017-03-07,204.9320181020003,205.28600730695996,204.4139844764914,204.62120056152344,65103700
2017-03-08,204.9147841981793,205.17380105820413,204.10320418470235,204.24134826660156,78168800
2017-03-09,204.36214588589857,204.82837869730452,203.53330804761677,204.5002899169922,90683900
2017-03-10,205.45866443820472,205.50183609925148,204.26719509884924,205.2169189453125,81991700
2017-03-13,205.15652745076886,205.3637435712909,204.82845172762308,205.32057189941406,57256800
2017-03-14,204.77658130224904,204.8283951986883,203.92184303604526,204.5348358154297,59880800
2017-03-15,205.10468061947526,206.72784026341827,204.87156418304605,206.30477905273438,96081800
2017-03-16,206.44298196694686,206.52068307653167,205.57097210860044,205.8990478515625,78344000
2017-03-17,206.1617387391192,206.35250986082218,205.5373992919922,205.5373992919922,89002100
2017-03-20,205.53744727849318,205.82360402785622,204.92178752226891,205.31199645996094,52537000
2017-03-21,205.9189845768959,206.04038320413133,202.5458228292919,202.67588806152344,131809300
2017-03-22,202.7105512985133,203.4389429554005,202.086211812194,203.1527862548828,97569200
2017-03-23,203.15278881772713,204.07195161988832,202.56314220179587,202.93600463867188,100410300
2017-03-24,203.23951955970136,203.81181976966536,202.00818693908641,202.78860473632812,112504900
2017-03-27,201.1150268384983,202.84063379234286,200.8375499495262,202.5804901123047,87454500
2017-03-28,202.27699348014863,204.47951500442747,202.16426146852515,204.05462646484375,93483900
2017-03-29,203.7684772006866,204.4795224816916,203.543013169195,204.24539184570312,61950400
2017-03-30,204.18466102851025,205.0951571260625,204.01123635075146,204.8957061767578,56737900
2017-03-31,204.55750925954803,205.08646309053063,204.36673815778684,204.4187774658203,73733100
2017-04-03,204.47084878902993,204.67028653720263,202.83196085683875,204.06329345703125,85546500
2017-04-04,203.77710698201065,204.28004781254936,203.39556474977752,204.19332885742188,56466200
2017-04-05,204.86972342901407,205.84959218884566,203.37824716313773,203.58636474609375,108800600
2017-04-06,203.72510777753564,204.67895025249734,203.2828595720796,204.15867614746094,69135800
2017-04-07,203.90720203952503,204.6442735716667,203.4649670591141,203.9505615234375,74412300
2017-04-10,204.08930688910144,204.86972467488317,203.54300650018013,204.07196044921875,67615300
2017-04-11,203.69040229352734,203.9331995071442,202.33767118010337,203.8291473388672,88045300
2017-04-12,203.55167752902952,203.7424486651146,202.7105538557787,202.93600463867188,81864400
2017-04-13,202.59780381684874,203.33487525261768,201.61793518066406,201.61793518066406,92880400
2017-04-17,202.13824092689617,203.40426635742188,201.93880318650014,203.40426635742188,68405400
2017-04-18,202.66720650587894,203.33490552214707,202.11223950353397,202.79727172851562,83225800
2017-04-19,203.36085593274427,203.73371827710147,202.19888296542337,202.42434692382812,68699900
2017-04-20,203.0400655952371,204.51420866175764,202.71922923042013,204.07196044921875,92572200
2017-04-21,203.99389845187585,204.0459245342356,203.02270963061275,203.4215850830078,110389800
2017-04-24,205.66748008040375,205.8669310518589,203.39558611710683,205.6588134765625,119209900
2017-04-25,206.30048655645427,207.20230286363807,206.21376759761978,206.85545349121094,76698300
2017-04-26,206.82077314115497,207.70525629530476,206.68204132265512,206.7253875732422,84702500
2017-04-27,207.0462916974978,207.20236999622202,206.36124610253788,206.8988800048828,57410300
2017-04-28,207.15895170561492,207.18496474801913,206.31782805066376,206.44790649414062,63532800
2017-05-01,206.96820068359375,207.3931024699073,206.55197873322894,206.96820068359375,66882500
2017-05-02,207.10694208293043,207.22834070095143,206.63869405097995,207.04624938964844,57375700
2017-05-03,207.04624635526116,207.1416319274124,206.11840367783955,206.79476928710938,73137700
2017-05-04,207.0982577994396,207.1762969261933,206.1877616262789,207.0375518798828,61462700
2017-05-05,207.41042618596828,207.87000757135223,206.96817800766829,207.8526611328125,62001300
2017-05-08,207.8960322946924,208.04344395192322,207.39309140042783,207.8179931640625,48385700
2017-05-09,208.07812731096178,208.2775650461545,207.28034990727892,207.62721252441406,51363200
2017-05-10,207.58383915389945,208.00006103515625,207.3757215975435,208.00006103515625,54293800
2017-05-11,207.54912124152753,207.73989232514825,206.49121368015895,207.57513427734375,62358300
2017-05-12,207.3237333551271,207.61855669018183,206.95953748862587,207.2283477783203,53912700
2017-05-15,207.653184642574,208.4943081301066,207.6358382072719,208.37290954589844,61918900
2017-05-16,208.6678149871021,208.69382803457566,207.7920115154225,208.18222045898438,51241800
2017-05-17,208.18217186348366,208.18217186348366,204.42746852090303,204.48817443847656,172174100
2017-05-18,204.4101667229153,206.16178687138375,204.1500230206345,205.31199645996094,107047700
2017-05-19,205.79759421876142,207.31508373590725,205.74556812377836,206.6473846435547,115011400
2017-05-22,207.15897568508672,207.8613676056722,207.08961638495092,207.6966094970703,61010600
2017-05-23,208.0694242360147,208.32090125928147,207.68788201550953,208.15614318847656,48341700
2017-05-24,208.39024461739544,208.74576051725538,208.0520486889865,208.64170837402344,46927700
2017-05-25,209.15339780863192,209.91648244236814,208.94529344049135,209.6389923095703,64071700
2017-05-26,209.44820194186562,209.76037169690403,209.37016281097016,209.5956268310547,46629900
2017-05-30,209.2747986333148,209.6650075591372,209.118720355569,209.41354370117188,35201900
2017-05-31,209.7083300899503,209.74302296652962,208.6677687273157,209.36148071289062,91796000
2017-06-01,209.82107816499718,211.0437441446966,209.53492145284687,211.02639770507812,68962000
2017-06-02,211.078392049241,211.88483597701514,210.78356877734706,211.72874450683594,88666100
2017-06-05,211.55533117436477,211.84148785882437,211.373226654634,211.5726776123047,44698800
2017-06-06,211.00905056561416,211.5640175484556,210.81827942481334,210.89633178710938,50375400
2017-06-07,211.23451871156217,211.51199559267457,210.56681970571725,211.2865447998047,54144300
2017-06-08,211.38191262013916,211.86750704489805,210.86162531849425,211.3905792236328,65950700
2017-06-09,211.65940983280444,212.4571740689785,209.80373768461638,211.06976318359375,132256400
2017-06-12,210.82695995956365,211.07842379247697,210.1766074041648,211.02639770507812,86108100
2017-06-13,211.56404473671435,212.1103451857091,211.21719528966076,212.05831909179688,60067000
2017-06-14,212.32709501261013,212.33576161637254,210.96568402890944,211.7894744873047,78602300
2017-06-15,210.43673838470633,211.50332610496415,210.15926150737687,211.38192749023438,66464900
2017-06-16,211.54135180896955,211.59363159818074,210.54799592602043,211.42807006835938,84553100
2017-06-19,212.2558499989103,213.24920581436186,212.1599992932098,213.18821716308594,65123800
2017-06-20,212.83101677185903,212.83972564003517,211.7331010624758,211.75051879882812,56906400
2017-06-21,212.14266238565773,212.25593086574634,211.22772590011513,211.69825744628906,55977600
2017-06-22,211.7069441054188,212.20361547108342,211.428100794464,211.6023712158203,44148100
2017-06-23,211.66340106152072,212.1862123944671,211.27999810643712,211.8551025390625,66986800
2017-06-26,212.52604032325613,212.9443053367406,211.78538762517763,211.9945068359375,56700500
2017-06-27,211.77663316835026,212.07290749838714,210.2691748047281,210.28660583496094,82247700
2017-06-28,211.30610569003233,212.3691725225431,211.0708333133998,212.16876220703125,70042600
2017-06-29,212.31688319202655,212.36916298537918,209.09283407414108,210.3040313720703,106949700
2017-06-30,211.11438810422226,211.48908210473473,210.50443504104103,210.69613647460938,86820700
2017-07-03,211.63717304352545,212.0728556209069,211.05335998535156,211.05335998535156,39153800
2017-07-05,211.41936071182323,211.75047047471907,210.60898409299267,211.54135131835938,54427600
2017-07-06,210.7745906369662,210.89658126955553,209.42397151445326,209.60696411132812,65400800
2017-07-07,210.18205453251846,211.1144085990406,209.61565904345244,210.96627807617188,57972300
2017-07-10,210.96625986011753,211.56750406312796,210.66127667726363,211.19281005859375,36663300
2017-07-11,211.1928196084974,211.34967228836572,209.86835382461976,211.03598022460938,50354600
2017-07-12,212.00319472965325,212.78741823519627,212.00319472965325,212.62185668945312,59610400
2017-07-13,212.63058514067592,213.09240773141693,212.4040216309671,212.9791259765625,39471600
2017-07-14,212.97910198976356,214.32972084467653,212.88325127629287,213.9724578857422,60262700
2017-07-17,213.89405504485327,214.27745792892873,213.77206442682748,213.9463348388672,33531900
2017-07-18,213.53679155799162,214.11189588275872,213.19695960171654,214.0596160888672,42742500
2017-07-19,214.37334130660176,215.22727576286687,214.36461914228397,215.21856689453125,51034300
2017-07-20,215.47126201698129,215.59325265641056,214.7654580819989,215.31442260742188,47135200
2017-07-21,214.73929301643605,215.14883582138162,214.5127295012009,215.12269592285156,82340800
2017-07-24,215.0441898319573,215.20975133035617,214.5997984120259,215.07034301757812,46622300
2017-07-25,215.81978142442844,215.9243543163771,215.3666809779153,215.59323120117188,54915600
2017-07-26,215.88081784904043,215.91566662126573,215.34057545565656,215.6019744873047,47575400
2017-07-27,216.06376597515103,216.09861474020028,214.0770406718503,215.40151977539062,70766600
2017-07-28,214.9223012003993,215.27956425631535,214.46920070097585,215.14886474609375,50088400
2017-07-31,215.54969735208638,215.64554809687291,214.81775346243472,215.02688598632812,65838700
2017-08-01,215.62809414341172,215.66294291021597,214.9832789416926,215.506103515625,55050400
2017-08-02,215.636811897246,215.75009366199518,214.67830457086475,215.6106719970703,47211200
2017-08-03,215.49739853466022,215.523538435843,214.91358524827461,215.1924285888672,40856000
2017-08-04,215.68036915918003,215.91562824584997,215.2011155263657,215.5845184326172,60191800
2017-08-07,215.6542264947249,215.98533630371094,215.54965360600968,215.98533630371094,31995000
2017-08-08,215.6716530032204,216.8915725839997,215.07913089231317,215.4538116455078,61719400
2017-08-09,214.7654501275264,215.49739393699232,214.4081870910078,215.4451141357422,62632600
2017-08-10,214.60859100217328,214.73930379736694,212.3517576759011,212.40403747558594,120479500
2017-08-11,212.6305838418946,213.31024777490836,212.3953114663189,212.71771240234375,74869900
2017-08-14,213.99862155965698,215.0442573617208,213.96377279451312,214.826416015625,73291900
2017-08-15,215.20983579521703,215.2272668271467,214.49532303787947,214.80029296875,55242700
2017-08-16,215.32308778635706,215.72392168942733,214.74798347603098,215.17495727539062,56715500
2017-08-17,214.56503005215566,214.87872214140077,211.82022094726562,211.82022094726562,128490400
2017-08-18,211.6546687551769,212.77873766471814,211.04471558130828,211.48912048339844,136748000
2017-08-21,211.42806712748012,211.91602954796898,210.72226339098884,211.6546173095703,65469700
2017-08-22,212.23847092416148,214.0247593074177,212.22103989377436,213.867919921875,63140100
2017-08-23,212.9007706538432,213.52815498491444,212.7526400890048,213.10118103027344,50203800
2017-08-24,213.4845359909229,213.64137539039606,212.39532917464268,212.60446166992188,50741700
2017-08-25,213.39744215995023,214.01611762108433,212.95305046543504,213.10118103027344,64445900
2017-08-28,213.63264400278635,213.65878389994307,212.691567817204,213.10983276367188,40565600
2017-08-29,211.79405416158866,213.61520450319526,211.6807724144142,213.3538055419922,51135700
2017-08-30,213.3363735483728,214.63471266572543,213.153380980378,214.3645782470703,62030800
2017-08-31,214.98331115606433,215.89824764955492,214.39949782874712,215.65426635742188,103803900
2017-09-01,216.02889356199628,216.3861565425385,215.81105222693105,215.9591827392578,62007000
2017-09-05,215.45383911614408,215.68040266648038,213.44098684159556,214.408203125,91398800
2017-09-06,215.0877958957615,215.47119873450276,214.55626255950273,215.14007568359375,57916900
2017-09-07,215.44510627811383,215.4625373098888,214.7044403314648,215.11398315429688,58034700
2017-09-08,214.82645079944174,215.32313553103205,214.6173315827576,214.86131286621094,63832800
2017-09-11,216.13346017862068,217.23138905249075,216.11604244435443,217.15296936035156,71364800
2017-09-12,217.5189463449708,217.91976697822463,217.33595376302054,217.88491821289062,56896000
2017-09-13,217.5974053751146,218.0243792795309,217.48412359933445,217.98951721191406,59228000
2017-09-14,217.66706393071823,218.1201776290177,217.492793522443,217.9197540283203,95446300
2017-09-15,217.775305111122,218.30071098989268,217.67022660776115,218.21315002441406,95432400
2017-09-18,218.58090443441534,219.02750136678264,218.2919252327785,218.67723083496094,46235200
2017-09-19,218.92246408474065,218.98376878842842,218.57219348699178,218.8961944580078,47108100
2017-09-20,218.98374103504872,219.0888195286627,217.97668981070967,218.9749755859375,59574100
2017-09-21,218.8173832406044,218.90494420812297,218.21315510826966,218.38829040527344,48211400
2017-09-22,218.09053414548032,218.59843580213592,218.06426452202962,218.4320526123047,51214000
2017-09-25,218.17812647379512,218.52841044011214,217.24114525807704,217.9854736328125,57064400
2017-09-26,218.41455262006244,218.65974469994075,217.88038129704904,218.1168212890625,54082000
2017-09-27,218.81736664054645,219.35153794116275,217.93291141052939,218.9662322998047,81001400
2017-09-28,218.68599089762515,219.3077364805443,218.5984299424583,219.2289276123047,44778800
2017-09-29,219.22019406231306,220.07837973679105,219.0363066763297,219.9995574951172,85578000
2017-10-02,220.22720123467553,220.9540252685547,220.05205261005767,220.9540252685547,59023000
2017-10-03,220.95405904154,221.45319528449488,220.87523680362833,221.4269256591797,66810200
2017-10-04,221.2780457190068,221.9348130334467,221.16420177534167,221.6896209716797,55953600
2017-10-05,222.02236175556584,223.02064748401895,221.72463046296645,223.00314331054688,63522800
2017-10-06,222.55653847553936,223.0381704971402,222.29384224736145,222.7491912841797,80646000
2017-10-09,222.97689996753897,223.03819130584384,222.11871433554268,222.3814239501953,35803100
2017-10-10,222.95062021490847,223.3446779380046,222.4076834727646,222.96812438964844,43057400
2017-10-11,222.8718100527529,223.31842041015625,222.70544021191907,223.31842041015625,47674300
2017-10-12,223.0031590161625,223.3534295777759,222.74920150132218,222.9856414794922,47065100
2017-10-13,223.42346325437066,223.5373071880049,222.9856184166564,223.257080078125,54800400
2017-10-16,223.4848119173923,223.74750818213673,223.14329341125787,223.5548553466797,38221700
2017-10-17,223.502293026835,223.75625053916676,223.28337058749773,223.71246337890625,31561000
2017-10-18,224.089014234462,224.13280139680816,223.7387436596247,223.931396484375,40888300
2017-10-19,223.15205150508817,224.02774137638139,222.73172410821817,223.99270629882812,61903800
2017-10-20,224.78958078944234,225.17488643668273,223.97518233287232,225.14859008789062,89176400
2017-10-23,225.47257490375944,225.49884452362673,224.19404880641378,224.27285766601562,63915300
2017-10-24,224.7020425263694,224.90343410797541,224.3079713662895,224.66700744628906,66935900
2017-10-25,224.3342187766771,224.44806273271078,222.42522132237863,223.5548553466797,103715300
2017-10-26,224.16788645434696,224.4393348526999,223.72127600558753,223.8438720703125,69798000
2017-10-27,224.58816442841805,225.8316557049051,223.8525882021322,225.67401123046875,85562500
2017-10-30,224.5881666867543,225.57770044809095,224.53562743605787,224.83335876464844,54285700
2017-10-31,225.20989389233412,225.43758178950736,224.88589294569937,225.18362426757812,60304800
2017-11-01,225.96296859219376,226.30447366503012,225.11354854836372,225.4813232421875,54202700
2017-11-02,225.41135195020658,225.7090833246354,224.34300914834495,225.5689697265625,56449500
2017-11-03,225.72656259486914,226.3658258047985,225.3149872971758,226.32205200195312,59589700
2017-11-06,226.1906720647358,226.80366563440188,226.12062863696988,226.6723175048828,49652600
2017-11-07,226.77737519000038,227.1101415701888,226.00676393565465,226.51467895507812,57502200
2017-11-08,226.33953582279315,226.99630315000863,226.05930868277113,226.89996337890625,50469600
2017-11-09,225.69153761889893,226.26949608312867,224.49182016688687,226.07684326171875,95085500
2017-11-10,225.69156988015266,226.181954091306,225.37630761644823,226.00680541992188,59984700
2017-11-13,225.32375542754016,226.44463737783502,225.2887203504871,226.21694946289062,50228600
2017-11-14,225.41133166696056,225.7966373460059,224.63195485854894,225.69155883789062,61315200
2017-11-15,224.7195226648228,225.2449419140767,223.8525982741104,224.56190490722656,80811500
2017-11-16,225.50762212937235,226.83868769595327,225.46384833002168,226.47088623046875,67777000
2017-11-17,226.12060583091156,226.44460675902482,225.72653475816674,225.8053436279297,75756800
2017-11-20,226.0505564728234,226.38329611732837,225.80533769698386,226.19064331054688,48075500
2017-11-21,226.96121057201015,227.85443101402626,226.15559115347804,227.67051696777344,69176800
2017-11-22,227.67938005238835,227.81072819609298,227.3028397991232,227.46922302246094,45033400
2017-11-24,227.95959003561677,228.0997036196381,227.81947645159548,227.99459838867188,27856500
2017-11-27,228.03843138162165,228.33616276857973,227.67939528218878,227.8808135986328,52274900
2017-11-28,228.34484305529307,230.2188050210911,228.248503296773,230.19253540039062,98971700
2017-11-29,230.3238603095176,230.85804484186974,229.605815174705,230.05239868164062,77512100
2017-11-30,230.97193141811024,232.97724165581693,230.89312254939045,232.06654357910156,127894400
2017-12-01,231.84757702897915,232.32919559859695,228.34481878034154,231.58485412597656,164390900
2017-12-04,233.2049960822589,233.6340756201483,231.2521978092026,231.3047637939453,94040600
2017-12-05,230.4728240966797,232.18916879696056,230.34147595807508,230.4728240966797,77994500
2017-12-06,230.56911029424256,230.94567721294945,230.05245652663484,230.51657104492188,75898600
2017-12-07,231.24339294433594,231.55862841900824,230.25385927562056,231.24339294433594,77218600
2017-12-08,232.19791301203568,232.5131485158571,231.20837925182036,232.50440979003906,76563900
2017-12-11,233.20492553710938,233.26623023081655,232.47811483320623,233.20492553710938,83077500
2017-12-12,233.99307158457145,234.08941136214892,233.23999115956917,233.6165313720703,85195800
2017-12-13,233.8616563331479,234.299501121718,233.5026203996494,233.59019470214844,102905400
2017-12-14,233.88795677530922,234.0018007111688,232.58318768507246,232.63572692871094,100666700
2017-12-15,233.64002443939074,235.03948485061713,233.58721663976172,234.572998046875,144610300
2017-12-18,235.97249439112693,236.4125773620688,235.86687877578615,236.06051635742188,83653600
2017-12-19,236.3069918222023,236.35098938068302,235.08354811421694,235.1539764404297,82382900
2017-12-20,236.12205182216493,236.17485961736992,234.73140178088948,235.03065490722656,76751500
2017-12-21,235.65561553749097,236.2277448756455,235.2683403826782,235.51478576660156,67032300
2017-12-22,235.53235195029438,235.56756610002768,234.91622520232934,235.45314025878906,78720900
2017-12-26,235.04828793137565,235.39156551824624,234.90748502759038,235.17152404785156,45244400
2017-12-27,235.33874224882416,235.6468056592384,235.01308519172568,235.2859344482422,57751000
2017-12-28,235.78759425902078,235.8139981547031,235.40031921533006,235.7699737548828,45116100
2017-12-29,236.35091589331208,236.36850953912682,234.68741653613384,234.8810272216797,96007400
2018-01-02,235.74364692993703,236.5974089834825,235.356371759636,236.56219482421875,86655700
2018-01-03,236.7293974037698,238.20809643270974,236.7293974037698,238.05845642089844,90070400
2018-01-04,238.70095378809887,239.5459053575724,238.1200411901714,239.06179809570312,80636400
2018-01-05,239.8539988745469,240.77816225162655,239.36110815870046,240.6549530029297,83524000
2018-01-08,240.55813184874282,241.25347040718765,240.26768893019437,241.0950469970703,57319200
2018-01-09,241.5174957036349,242.26564202295054,241.2358361946289,241.64073181152344,57254000
2018-01-10,240.88378200827157,241.53512299871895,240.21487423124526,241.27105712890625,69574300
2018-01-11,241.82557960963317,243.03140258789062,241.65834594076944,243.03140258789062,62361500
2018-01-12,243.29547378514889,244.78292946823333,242.99619373709777,244.61572265625,90816100
2018-01-16,245.87430929487635,246.5256233589057,243.084172029904,243.77951049804688,106555100
2018-01-17,244.7125295970506,246.49045508517855,243.7795558709453,246.10317993164062,113258800
2018-01-18,245.9887826104511,246.41124506409105,245.19661178881137,245.6895294189453,100728000
2018-01-19,246.2703511928904,246.80726623535156,245.6894654703297,246.80726623535156,140920100
2018-01-22,246.59604839071403,248.81405639648438,246.54321373437313,248.81405639648438,91322400
2018-01-23,248.85808626496785,249.63263651822,248.532429194971,249.34219360351562,97084700
2018-01-24,249.98466681779405,250.5831999422078,248.06591192799587,249.24533081054688,134816100
2018-01-25,250.10787806865525,250.20468339855188,248.55877790611441,249.35092163085938,84587300
2018-01-26,250.18724639010728,252.2820462776213,249.9319906670339,252.23802185058594,107743100
2018-01-29,251.66574349874924,252.10582629863956,250.40711313758834,250.56553649902344,90118300
2018-01-30,248.7348805420454,250.61842153870128,247.52024734225674,247.99554443359375,131796400
2018-01-31,248.8492659751229,249.3509400261391,247.04491011620485,248.11871337890625,108364800
2018-02-01,247.3881699088178,249.13969098680522,247.04489240641502,247.8370361328125,90102500
2018-02-02,246.51682600867105,246.64887236739563,242.40646675517465,242.44168090820312,173174800
2018-02-05,240.68136600719666,242.79375870651555,231.75647126237143,232.3021697998047,294681800
2018-02-06,228.79033186749533,237.38075985985745,227.6989347198052,236.87905883789062,355026800
2018-02-07,236.32458116857907,239.72200918170705,235.51481659510125,235.59405517578125,167376100
2018-02-08,235.89325141817721,236.03408117347925,226.72191170053435,226.7571258544922,246449500
2018-02-09,229.5472489990059,232.0205129539918,222.6115510503879,230.1633758544922,283565300
2018-02-12,232.21419932369602,235.0131478028692,230.30425401924134,233.5432586669922,143736000
2018-02-13,232.33734911294388,234.66978292825414,231.75643650715458,234.12408447265625,81223600
2018-02-14,232.63664543929073,237.6447915281146,232.62783518497517,237.28392028808594,120735700
2018-02-15,239.0266414316785,240.3204862790797,236.56216098587512,240.31167602539062,111200300
2018-02-16,239.68672275896623,242.32721978062207,239.64269835895715,240.3820343017578,160420100
2018-02-20,239.43147707891686,240.87496173674327,238.08482461668896,238.87696838378906,86369700
2018-02-21,239.31717078162166,241.79924577082676,237.59205264879805,237.68885803222656,98883700
2018-02-22,238.6129376757864,240.3292447538347,237.32790321531238,237.99681091308594,110511300
2018-02-23,239.22029018931661,241.7903594970703,238.7449930968572,241.7903594970703,92766400
2018-02-26,242.8641557031754,244.69491570673415,242.2744596276138,244.59808349609375,86491400
2018-02-27,244.7828723804004,245.49583131620943,241.48225097241271,241.5438690185547,99099200
2018-02-28,242.64411317159698,243.09300634693332,238.78019908798586,239.0970458984375,121907800
2018-03-01,238.88584580420968,240.43494648514266,234.124144749757,235.6204376220703,176855100
2018-03-02,233.94810912087289,237.3983716162241,233.08556364243586,236.83505249023438,139083200
2018-03-05,235.646854823385,240.18851464468656,235.54121233965114,239.5723876953125,97307400
2018-03-06,240.54929630838222,240.62853486564214,238.68334915728698,240.1796417236328,79213200
2018-03-07,238.01440522554475,240.44364413738393,237.82076770947924,240.09158325195312,87063500
2018-03-08,240.7693564135305,241.37667299607364,239.7747915704599,241.2534637451172,66901200
2018-03-09,242.66179293491425,245.451904296875,242.34491918655516,245.451904296875,113625300
2018-03-12,245.7423320590852,246.3672423323109,244.75652368007562,245.143798828125,71924800
2018-03-13,246.30553000667655,246.80723082834845,242.95210133216898,243.55941772460938,91968900
2018-03-14,244.51884067897245,244.70366796236553,241.75513423868796,242.3096160888672,105895100
2018-03-15,242.82012815022333,243.46263194836675,241.54387708563357,242.0455780029297,83433000
2018-03-16,242.57314090417057,243.35963871372323,242.2550251394784,242.30804443359375,100343700
2018-03-19,241.5569572533792,242.48482208147317,237.37708882052542,239.0295867919922,109208400
2018-03-20,239.4272659095059,240.0723701132613,238.7556520517941,239.4361114501953,59757300
2018-03-21,239.39185251338063,241.4861955710921,238.76443954354212,238.9765167236328,78709600
2018-03-22,236.74964866306775,237.5979844347918,232.72883860854253,233.0028076171875,148785900
2018-03-23,233.44471171750402,233.77167314036947,227.8420858844209,228.0364990234375,183534800
2018-03-26,231.6419474274861,234.55811720817164,229.2383066079222,234.27532958984375,141956100
2018-03-27,235.21202078562462,235.74221375579822,228.73455132957181,230.28985595703125,129941400
2018-03-28,230.42241304991515,232.09260187443158,228.50479184044528,229.60940551757812,146452300
2018-03-29,230.7493671899762,234.40786051928043,229.61824389857856,232.5432586669922,111601600
2018-04-02,232.013079812993,232.5256357361147,225.04960334539643,227.52394104003906,186286300
2018-04-03,228.76107132825462,230.9172793982048,226.96717978305338,230.44007873535156,119956900
2018-04-04,226.8877050146509,233.6125817882093,226.7551567344579,232.9056396484375,123715300
2018-04-05,234.6641421954918,235.62738914999005,233.5772194883386,234.7436981201172,82652600
2018-04-06,232.78187422548618,234.2752870709953,227.99225756873417,229.51220703125,179521200
2018-04-09,230.97036352715102,234.0367730552459,229.7066915895276,230.64340209960938,105442900
2018-04-10,233.53294049080034,235.09709034906356,232.3929988613385,234.3105926513672,103529000
2018-04-11,232.8260584961061,234.743679746807,232.75537508521705,233.08233642578125,91140200
2018-04-12,234.40792676354783,235.94554075892182,234.23117774352397,234.99998474121094,68890500
2018-04-13,236.3077423393593,236.42262644963864,233.30319923834267,234.3105926513672,85079200
2018-04-16,235.94548491535662,237.00592484828672,235.12365879979507,236.23709106445312,63405300
2018-04-17,238.00449228466618,239.36538401645197,237.49196335530033,238.7644805908203,64682000
2018-04-18,239.20627383092074,239.7453122945607,238.48164087524708,238.94117736816406,57303900
2018-04-19,238.28727897789233,238.49053762171857,236.58176177570866,237.61569213867188,77655900
2018-04-20,237.54494556112178,237.765868283229,234.71712393090704,235.60081481933594,99953100
2018-04-23,236.17520900721848,236.73193851944254,234.48735636327513,235.56546020507812,65558000
2018-04-24,236.59062968020774,236.8115524568593,230.89081125535256,232.39309692382812,112885500
2018-04-25,232.33124008188568,233.4093443478293,230.5108384969812,232.96749877929688,103840900
2018-04-26,233.99249306006067,236.16636486377158,233.55064766274774,235.335693359375,67731900
2018-04-27,235.94549734058813,236.24594904484874,234.6199608386747,235.55667114257812,57053600
2018-04-30,236.17522120754387,236.73195074852742,233.67436104218984,233.7450714111328,82182300
2018-05-01,233.17947437387755,234.26642370716084,231.62417002084163,234.16038513183594,74203400
2018-05-02,233.96603442039367,234.7790150265446,232.19865244584616,232.5874786376953,86368900
2018-05-03,231.75675913284152,232.72879744379082,228.92009223195615,232.0748748779297,136311500
2018-05-04,231.1028283116458,235.7598964903456,230.77586700224066,235.07943725585938,91222100
2018-05-07,235.84830724288375,236.84685543367848,235.15900236383027,235.87481689453125,55304900
2018-05-08,235.50365480335702,236.23710647767695,234.31066654300142,235.87481689453125,67499200
2018-05-09,236.5464000313064,238.4816854756761,236.02502557830903,238.15472412109375,59666100
2018-05-10,238.89699753938797,240.7085800870118,238.79095894501123,240.381591796875,72063900
2018-05-11,240.5053633128291,241.38020883675154,239.99280739335714,241.1151123046875,59871500
2018-05-14,241.5480810072303,242.20200368035574,240.68205416781768,241.22996520996094,54790600
2018-05-15,240.00161870440058,240.01928281464853,238.62306299805707,239.56861877441406,87036100
2018-05-16,239.6039959988271,241.03557113568027,239.57745937885377,240.57603454589844,53942600
2018-05-17,240.31087687124426,241.45084554749067,239.59508948497634,240.37274169921875,56536400
2018-05-18,240.02809795909218,240.39041443409954,239.4183491314095,239.77182006835938,64368000
2018-05-21,241.25649964856024,242.1136810367539,240.8676734332078,241.57461547851562,58025900
2018-05-22,242.09598816766902,242.35226611864655,240.57603851018774,240.9029998779297,52966400
2018-05-23,239.6304311661903,241.59222569863897,239.47134633634752,241.56568908691406,64694200
2018-05-24,241.16808183683872,241.44202385280352,239.2858159433283,241.07086181640625,76043800
2018-05-25,240.4965057373047,241.1239188105329,239.99279538347892,240.4965057373047,56374800
2018-05-29,238.87052932624067,239.63051766461524,236.61712790053178,237.73056030273438,115908600
2018-05-30,239.03842474054292,241.34484539501017,238.9677413237785,240.9029998779297,69678400
2018-05-31,240.49644336457965,240.79689499733175,238.82628179308952,239.42718505859375,93519900
2018-06-01,240.72628329573612,242.0783295298531,240.6555729092625,241.7778778076172,71258400
2018-06-04,242.59968964520834,243.1829289425689,242.36110278324185,242.92665100097656,45385200
2018-06-05,243.0592691049755,243.48345061625443,242.29046202737743,243.1034698486328,51135000
2018-06-06,243.71311960206987,245.24188759157823,243.09452518802559,245.13584899902344,62732200
2018-06-07,245.62196147743086,245.91356768567496,244.19920472830162,245.10940551757812,72969400
2018-06-08,244.6497961975385,245.88695788762942,244.48189279301522,245.8339385986328,72139700
2018-06-11,246.05494161200195,246.87676782782057,245.94005745897357,246.16098022460938,58892500
2018-06-12,246.57631904991064,246.84141558459777,245.83402178467537,246.4791259765625,72329000
2018-06-13,246.71769650737758,246.9739744526654,245.48935305247187,245.69261169433594,79070600
2018-06-14,246.55865067919098,246.8414113219372,245.71913338699366,246.31121826171875,77097600
2018-06-15,245.52649004573834,246.3342630036423,244.41691627211264,245.9969482421875,120041600
2018-06-18,244.54118038098923,245.61526732414296,244.06186400338112,245.49098205566406,52917600
2018-06-19,243.21856035900637,244.7719635729781,242.80135955511443,244.550048828125,97531500
2018-06-20,245.23361787913623,245.63307538812606,244.63001607421887,244.9673309326172,53785500
2018-06-21,244.95844618062125,244.97621670323363,242.93458411523488,243.43167114257812,71061400
2018-06-22,244.69208545289305,244.80748545823238,243.65351249404213,243.87542724609375,54898500
2018-06-25,242.72149328077796,242.88126540868595,238.86905624683794,240.55560302734375,137854200
2018-06-26,241.12375552974973,241.94038681511896,240.36923979992196,241.08824157714844,68547400
2018-06-27,241.67409485943062,243.1032131236618,238.94008943946332,239.09100341796875,105110700
2018-06-28,239.03774770937838,241.22138170301798,238.32760411321343,240.4580078125,76650500
2018-06-29,241.54984504086832,242.91684795157795,240.68881443395026,240.80421447753906,97592500
2018-07-02,239.23299268750813,241.47876893898498,238.99330741347623,241.3189697265625,63554800
2018-07-03,242.21556288601673,242.3132194849361,240.0408140877237,240.4668731689453,42187100
2018-07-05,241.59415332388662,242.49067046122133,240.52006646800746,242.42852783203125,56925900
2018-07-06,242.45514288201758,244.85180544036797,242.07342900196699,244.47900390625,66493700
2018-07-09,245.48207490630662,246.73367729241565,245.4377027939233,246.680419921875,50550400
2018-07-10,247.13311002010246,247.6657107616075,246.84016742213515,247.56805419921875,51966800
2018-07-11,246.01464605995807,246.8046754431278,245.45541664745787,245.75721740722656,77054700
2018-07-12,247.01776066717977,248.03856316228035,246.41415901137128,247.9853057861328,60124700
2018-07-13,247.80787755687993,248.48248025554878,247.3551626108833,248.18067932128906,48216000
2018-07-16,248.22494734588554,248.36694893113057,247.5148039736614,247.95863342285156,48201000
2018-07-17,247.18644318466008,249.35233366553481,247.13318580309817,248.96176147460938,52315500
2018-07-18,249.0416440665278,249.5919883944477,248.59781450024312,249.4854736328125,44593500
2018-07-19,248.819697275046,249.2013841515407,248.06518169158207,248.54452514648438,61412100
2018-07-20,248.34032306277456,248.9705803919926,248.1006649096072,248.26043701171875,82337700
2018-07-23,248.05639300091627,248.92628174548852,247.7101928839621,248.72213745117188,47047600
2018-07-24,250.1334320169862,250.81691968072434,249.10374434759734,249.9736328125,68026900
2018-07-25,249.72510289533034,252.42359393047738,249.6807307795288,252.1040496826172,78882900
2018-07-26,251.3850954364988,252.19284146729845,251.28743883843612,251.5093536376953,57919500
2018-07-27,251.83771215930585,251.9353687298182,248.8818197863248,249.80499267578125,76768700
2018-07-30,249.88494451840913,250.04471666945543,247.97645560936985,248.5001983642578,63742500
2018-07-31,249.2635247226231,250.33758454100294,248.88183784928523,249.72509765625,68570500
2018-08-01,249.92929457030976,250.4352667598153,248.65994855596927,249.30792236328125,53853300
2018-08-02,248.0030237661536,250.8346306288183,247.79885247470432,250.66600036621094,63426400
2018-08-03,250.7903410210577,251.7934002046504,250.61279835363666,251.74014282226562,53935400
2018-08-06,251.77561004901094,252.9739280194918,251.3850379245333,252.66326904296875,39400900
2018-08-07,253.32901985532757,253.8793641115752,253.19584933141965,253.49765014648438,43196600
2018-08-08,253.32898248823008,253.7905553568563,252.92952515383473,253.39109802246094,42114600
2018-08-09,253.4533443562018,253.84391659301082,252.9118852169773,253.04502868652344,35717000
2018-08-10,251.6069770580175,252.14843609399105,250.6394048223309,251.34954833984375,77076000
2018-08-13,251.62468830328046,252.23717515726742,250.11565722463394,250.40859985351562,65732900
2018-08-14,251.13656574397376,252.24613980123695,250.74599350868027,252.00645446777344,43842000
2018-08-15,250.65717361607437,250.79920231859953,248.68656938849597,250.12457275390625,102925400
2018-08-16,251.5625640299013,253.01833784391988,251.52705008367542,252.14842224121094,69967900
2018-08-17,251.94431742254338,253.47997770406536,251.53600174536825,253.03614807128906,65618500
2018-08-20,253.48883486661452,253.84389311563598,253.03612002281758,253.57760620117188,39807500
2018-08-21,254.09243143216798,255.0333479630859,253.61308790667158,254.1723175048828,67272000
2018-08-22,253.76396412235042,254.54510839160795,253.49765016371987,254.02139282226562,44993300
2018-08-23,253.84393049740228,254.70496109991126,253.36458689156945,253.6841583251953,49204900
2018-08-24,254.2609987165936,255.35282883511957,254.20774135366042,255.21080017089844,57487400
2018-08-27,256.4092022800655,257.3323753566109,256.2494301387038,257.2258605957031,57072400
2018-08-28,257.6873241910411,257.7938659959245,256.88843673418484,257.35003662109375,46943500
2018-08-29,257.5632380007903,258.9657278423069,257.323579730497,258.7349548339844,61485500
2018-08-30,258.2555538204787,258.62835549143284,257.0927225076336,257.68743896484375,61229500
2018-08-31,257.2790273013543,258.1400574341752,256.7908257895186,257.69622802734375,66140800
2018-09-04,257.27907009152085,257.6074995729283,256.2493824457125,257.25244140625,57594400
2018-09-05,256.89746499339486,257.10163637158024,255.54823269496327,256.5601501464844,72452400
2018-09-06,256.6666615444761,256.96846243268556,254.7581996132986,255.7878875732422,65909900
2018-09-07,254.7402444467094,256.2670181404752,254.50055931616805,255.29058837890625,73524800
2018-09-10,256.302706938244,256.56902094989783,255.53933303442906,255.734619140625,50210900
2018-09-11,255.08655922474992,257.0216493185275,254.7403863055744,256.57781982421875,50530500
2018-09-12,256.58672675418035,257.24358579269136,255.8499816506508,256.6399841308594,59810800
2018-09-13,257.7052406687176,258.34435641404013,257.4211832065274,258.1579284667969,51034200
2018-09-14,258.3619815635373,258.54838233623184,257.4210653538625,258.20220947265625,55079900
2018-09-17,258.1489805848816,258.18446743841525,256.56006349021055,256.8352355957031,68244000
2018-09-18,257.04837133519743,258.82368995702524,257.0217426394385,258.2289733886719,61930400
2018-09-19,258.2821745760306,258.9212902243807,258.1578892967261,258.50408935546875,49080600
2018-09-20,259.76456338411145,260.91850934003577,258.52181901409443,260.59893798828125,100360600
2018-09-21,261.34162902738257,261.45755140030644,260.20028346692595,260.36077880859375,105479700
2018-09-24,259.7813150054989,259.9239866684046,258.9163867572712,259.4959716796875,53409600
2018-09-25,259.9506646292709,260.05766154415363,259.0144144122169,259.2551574707031,44370000
2018-09-26,259.3978577222201,260.58377660882445,258.0603417149148,258.47943115234375,79739700
2018-09-27,258.9519611282964,260.2894768364136,258.67554339223165,259.2016296386719,59249500
2018-09-28,258.5774898512052,259.727761180098,258.54184235195396,259.2284240722656,70091400
2018-10-01,260.46784283610697,261.1990247523705,259.4602703458394,260.1290283203125,62078900
2018-10-02,259.97747802734375,260.69080911051776,259.6029887328202,259.97747802734375,47258200
2018-10-03,261.0295570381276,261.44864638205115,259.7633907390065,260.12005615234375,64694600
2018-10-04,259.63860706605675,259.69210553069195,256.4999125561794,258.08709716796875,111545900
2018-10-05,258.30997967842393,258.82714050010605,255.2158585929535,256.6425476074219,105951700
2018-10-08,255.95593872277664,256.9992130580816,254.5738498970342,256.6425476074219,87742200
2018-10-09,256.25919865326443,257.5699383979539,255.7063357693403,256.2680969238281,74339000
2018-10-10,255.75978424546548,255.83113366704777,247.77928885427428,248.15377807617188,214731000
2018-10-11,247.0659319900336,248.6887911916292,241.07385950184556,242.6878204345703,274840500
2018-10-12,246.7895195822303,247.07486285260504,242.86614485598972,246.05836486816406,183186500
2018-10-15,245.70169308385272,247.0303108944259,244.5870963501901,244.67626953125,102263700
2018-10-16,246.6378981861361,250.4007767416327,246.16531039841902,250.02626037597656,118255800
2018-10-17,250.06201262855035,250.69509596423816,247.4939773585941,250.07093811035156,110626000
2018-10-18,249.13465741512297,249.73209323984952,245.18453310681264,246.45962524414062,134557500
2018-10-19,247.11050119497793,249.0454254365446,245.63031381107194,246.32582092285156,139901600
2018-10-22,246.99461345512103,247.31560422320294,244.68517250087024,245.22018432617188,82415800
2018-10-23,241.59996419543393,245.09532381186685,239.51341546309573,243.9718017578125,146352700
2018-10-24,243.72213512158604,244.1055770269243,236.02698317460644,236.57981872558594,177806700
2018-10-25,238.4167212180317,242.3668457953821,237.3912975916812,240.82423400878906,138061500
2018-10-26,237.1149045911938,241.64461454374936,233.87811075097554,236.5887908935547,201574600
2018-10-29,239.68281095394798,240.97575372731768,231.70231665806764,235.27792358398438,160749100
2018-10-30,235.1085944648674,239.07654260883967,234.61815556268994,238.7644500732422,157116000
2018-10-31,241.33239894085352,243.6329410714347,240.85981117167606,241.3145751953125,128296300
2018-11-01,242.17955305340146,244.07883000085664,241.09170569068132,243.88265991210938,99495000
2018-11-02,244.98834016496485,245.41635506870088,240.38728199417207,242.4381561279297,122634100
2018-11-05,242.92862180330178,244.32856201793888,241.95669658761557,243.77572631835938,65622500
2018-11-06,243.71322916141185,245.47873267664912,243.65080522392796,245.3182373046875,60085900
2018-11-07,247.49396890905808,250.6505144215999,247.06595397473305,250.5702667236328,102752100
2018-11-08,249.76772655026718,250.75750254744202,248.97414786812354,250.11549377441406,65584900
2018-11-09,248.80466133719972,248.99190590980118,246.26337614744838,247.6722412109375,98812600
2018-11-12,247.1640550275417,247.4047981237727,242.52732176890174,243.0445098876953,99673600
2018-11-13,243.50817883431395,245.5055275101857,241.86749567744292,242.58975219726562,98176600
2018-11-14,244.46221684463413,244.86345524510767,239.37074780966623,240.93118286132812,125335900
2018-11-15,239.66505152031465,243.90944467046296,238.08679231174762,243.4457550048828,135101400
2018-11-16,242.34895568714353,244.98831260030425,241.83176766850784,244.0788116455078,126668000
2018-11-19,243.4724721125767,243.7667408556487,239.03193664286542,239.9503631591797,103061700
2018-11-20,236.6154365884777,238.07780018311473,234.64483769691037,235.509765625,136021300
2018-11-21,237.06129197420626,238.21156320405137,236.30338810882228,236.31228637695312,75563700
2018-11-23,234.67161536743865,236.13397913932772,234.57354393026174,234.73403930664062,42807900
2018-11-26,236.9900865351938,238.74669260755877,236.59774618925545,238.52377319335938,79981400
2018-11-27,237.48931889071778,239.326171875,236.8829848828991,239.326171875,75502400
2018-11-28,240.39616563776332,244.83670043945312,239.26371823907763,244.83670043945312,127629600
2018-11-29,244.06095703708348,245.70163980786214,242.91961131776668,244.30172729492188,82346400
2018-11-30,244.15013446131957,246.3525782564014,243.82914372770225,245.7908172607422,98204200
2018-12-03,249.9192635351074,250.02626043622743,247.44932769483242,249.04541015625,103176300
2018-12-04,248.2162465946637,248.64426156553154,240.6637375292736,240.975830078125,177986000
2018-12-06,237.11485424005295,240.7261366434541,234.01180724806255,240.61021423339844,204185400
2018-12-07,240.27137469945745,241.840735566678,234.18123028122503,235.0194091796875,161018900
2018-12-10,234.84108589571312,236.43719615217955,230.60561800382857,235.46527099609375,151445900
2018-12-11,238.66637314566984,238.85361777799955,234.04749080264142,235.5187530517578,121504400
2018-12-12,238.4969771011459,239.86124255957256,236.62444894734685,236.70469665527344,97976700
2018-12-13,237.64981305297454,238.51474108187907,235.50979307571671,236.6243896484375,96662700
2018-12-14,234.47542495361859,235.42952607242904,231.70232196988306,232.25515747070312,116961100
2018-12-17,231.30108550488026,232.4156821266384,226.06694412299714,227.69871520996094,165492300
2018-12-18,229.33941606115198,230.00817404669752,225.8440290168278,227.4490509033203,134515100
2018-12-19,227.52930839320615,231.30109978443372,222.3397532769953,224.0428466796875,214992800
2018-12-20,222.79445725954528,224.363804173707,218.14881323769646,220.39584350585938,252053400
2018-12-21,221.2972708382368,223.96101871006718,215.23432328750374,215.8800811767578,255345600
2018-12-24,214.391257590333,216.00565237267747,210.11312852383378,210.1759033203125,147311600
2018-12-26,211.6378306042303,220.79501342773438,209.6557098934448,220.79501342773438,218485400
2018-12-27,217.5572333476557,222.68739900328913,214.31948044557623,222.49009704589844,186267300
2018-12-28,223.84440983280513,225.4767323217771,221.0371572860196,222.20310974121094,153100200
2018-12-31,223.82647408811934,224.3915156531046,221.9519889312692,224.14935302734375,144299400
2019-01-02,220.61564101388458,225.30635670743422,220.58873557425875,224.38255310058594,126925200
2019-01-03,222.63360250759496,222.93855359314486,218.54381198522043,219.02813720703125,144140700
2019-01-04,222.0595916892461,227.01039710544208,221.68290190659857,226.36463928222656,142628800
2019-01-07,226.6336926865011,229.55753053557964,225.73680839944248,228.14942932128906,103139100
2019-01-08,230.33784464859812,230.77730922015044,227.80862422016872,230.29298400878906,102512600
2019-01-09,231.00153681805648,232.21233619521877,229.77280960690814,231.3692626953125,95006600
2019-01-10,229.83560729240676,232.43656660303958,229.15396638327567,232.18544006347656,96823900
2019-01-11,231.10916508585217,232.3020366626938,230.5261957013551,232.27513122558594,73858100
2019-01-14,230.3736765475915,231.66519206414895,229.97009505537687,230.85800170898438,70908200
2019-01-15,231.23474402227959,233.81777548974284,231.22576641958676,233.5038604736328,85208300
2019-01-16,233.93435413014328,234.95681551959413,233.72808822825598,234.06890869140625,77636700
2019-01-17,233.19887351536875,236.70569408072615,233.1540128821755,235.84466552734375,96118400
2019-01-18,237.65643902527586,239.45020783176548,235.8805980533848,238.9838104248047,127900300
2019-01-22,237.5129025266222,237.72814599602768,234.14060886200994,235.75498962402344,115531200
2019-01-23,236.78644235026223,237.4860110376435,233.78187434995297,236.24830627441406,86030300
2019-01-24,236.06896391865726,236.95689819455436,235.0554800443033,236.3739013671875,59204100
2019-01-25,238.22147999352148,239.1991081892339,236.47257163299076,238.37396240234375,96883400
2019-01-28,236.23035203624687,236.62495591897456,234.795331784632,236.56219482421875,85613700
2019-01-29,236.70572604449566,237.27074018486155,235.4142104107552,236.24830627441406,66136300
2019-01-30,237.7640257746446,240.83135465460592,237.0016686699602,239.98828125,92473700
2019-01-31,239.92554817971035,242.5803182688337,239.7102773173702,242.0959930419922,104012100
2019-02-01,242.29334754787808,243.23509271610658,241.42336846884933,242.21263122558594,85782500
2019-02-04,242.25743015243614,243.97946022939053,241.5847668579717,243.9166717529297,60744800
2019-02-05,244.3472313735373,245.24411593228007,243.84497821030092,244.93917846679688,79552800
2019-02-06,244.66108683574342,245.15436227457596,243.8808018390595,244.61622619628906,58347800
2019-02-07,243.00187466224952,243.54896103786973,240.62513634791188,242.2843780517578,95482000
2019-02-08,241.03771034218343,242.6789969406424,240.21256455574564,242.58035278320312,75788900
2019-02-11,243.23503672054903,243.49511346448097,242.18567003084087,242.71482849121094,68021400
2019-02-12,244.32926977124873,246.2127051877354,244.2575036888499,245.83602905273438,72270200
2019-02-13,246.6701756511055,247.4773663339985,246.2486387853758,246.63429260253906,65277200
2019-02-14,245.54900683698227,247.21722603270476,244.73283875879804,246.08714294433594,83234400
2019-02-15,247.86292170536063,248.80466660365042,247.65665584220744,248.76878356933594,97088700
2019-02-19,247.97056799727545,249.85400303103305,247.96159039611473,249.1992950439453,59120800
2019-02-20,249.16343253351516,250.1589883686266,248.6611795003781,249.70156860351562,76610800
2019-02-21,249.0647861823057,249.4235344355389,247.85398687824858,248.81365966796875,64214700
2019-02-22,249.43250603911778,250.55361153324364,248.79572578226137,250.3563232421875,78114600
2019-02-25,251.78240882266988,252.30258981698813,250.61644248870707,250.69715881347656,69030700
2019-02-26,250.3473357536427,251.39667512709303,250.14104249740362,250.5177459716797,56844100
2019-02-27,249.80023878389963,250.7599116821965,248.86749869411122,250.41014099121094,56921600
2019-02-28,250.19489793297214,250.63438995969776,249.62090607319368,249.9437713623047,69268300
2019-03-01,251.5222460706085,251.916877369195,250.06929782160273,251.5043182373047,78880500
2019-03-04,252.56260326501933,252.80475215233454,248.29342559486247,250.58944702148438,106494600
2019-03-05,250.7150393106737,250.91235494711546,249.70155569489256,250.24864196777344,59114600
2019-03-06,250.36520006972478,250.37417766968233,248.4099992301901,248.7328643798828,75039800
2019-03-07,248.2844846321337,248.4279894138157,245.80910241765017,246.6521759033203,94885100
2019-03-08,244.79568083107918,246.32934580769265,244.32931070032558,246.158935546875,85795800
2019-03-11,246.8763541383958,249.88987191839757,246.849448707172,249.7284393310547,65098900
2019-03-12,250.2845885402205,251.19045065167552,250.0962504574032,250.6702423095703,79667500
2019-03-13,251.5581602847145,253.26223526485666,251.39670028201837,252.3294677734375,80639200
2019-03-14,252.35638312195522,252.7779199246628,251.72858040500805,252.1680450439453,67518400
2019-03-15,252.72023115792376,254.22461004945322,252.53103603472826,253.4138641357422,81309000
2019-03-18,253.63003730487662,254.62997826920073,253.4048285956763,254.3326873779297,62199800
2019-03-19,255.39570823440198,256.16139589718296,253.50394946882147,254.39576721191406,90268100
2019-03-20,254.17957423403706,255.38668967995292,252.52204134600487,253.6300506591797,84609200
2019-03-21,252.81030916798105,256.9000796525872,252.76525093004852,256.4947204589844,79550400
2019-03-22,255.13438959623502,255.6568615948623,251.4950099280279,251.55807495117188,122659300
2019-03-25,251.21578825346356,252.4048967493941,250.1077790792835,251.3689422607422,85575200
2019-03-26,253.12557810981843,254.1975737908098,251.8373908599879,253.24269104003906,68125900
2019-03-27,253.23363752069528,253.8192020876901,250.36898967985053,251.91842651367188,72224700
2019-03-28,252.54906468905634,253.32376949182066,251.39599713964742,252.87335205078125,56238500
2019-03-29,254.38688466776097,254.7922440437999,253.26084058213502,254.46795654296875,82186800
2019-04-01,256.46773627787417,257.78294768431635,256.19746928226925,257.48565673828125,77617900
2019-04-02,257.67488146159405,257.8460423310676,256.81907711422633,257.61181640625,40070400
2019-04-03,258.82792742524794,259.224297037764,257.41360983019285,258.0171813964844,68243200
2019-04-04,258.34148420891455,258.9540454679294,257.64785109132174,258.7018127441406,48997500
2019-04-05,259.3684117534433,260.0079968724831,259.08013797058265,259.9539489746094,58621700
2019-04-08,259.5305518187939,260.2602259211894,258.87293241545575,260.1521301269531,53566300
2019-04-09,259.18822378928195,259.51251116404137,258.2693820694969,258.8188781738281,66142300
2019-04-10,259.233299875117,259.7918407148285,258.8189234377999,259.7017517089844,52601500
2019-04-11,260.1880907874931,260.1971079322782,259.0620473411593,259.62957763671875,55093100
2019-04-12,261.24218510316035,261.66557870970394,259.67474078975937,261.3863220214844,69727800
2019-04-15,261.45839504620494,261.55750121194006,260.4134229336511,261.2151794433594,49596700
2019-04-16,262.09798946467595,262.1520373726342,260.7917675426377,261.3863220214844,52153200
2019-04-17,262.5033465958171,262.5303705495719,260.3323306731585,260.7467346191406,58268300
2019-04-18,261.3321224461844,261.5303071574477,260.03491842542303,261.2600402832031,68708500
2019-04-22,260.49445510855935,261.63850560047865,260.404366115119,261.4853515625,40160100
2019-04-23,261.8547302286173,264.07080428337645,261.62053180568597,263.8365783691406,52246600
2019-04-24,263.7554418762262,264.08874637015623,263.1068396883929,263.2509765625,50392900
2019-04-25,263.1519017144585,263.7464560815874,261.89975542696516,263.0888366699219,57770900
2019-04-26,263.13393411556547,264.3860805896111,262.3592016461365,264.31402587890625,50916400
2019-04-29,264.40404516990714,265.2508321267672,264.3139561868012,264.72833251953125,57197700
2019-04-30,264.3860229636108,265.15173811806574,262.9717330802613,264.86346435546875,81111700
2019-05-01,265.4940832056484,265.70128514541994,262.86363299957645,262.8726501464844,71671900
2019-05-02,262.75547108216637,263.67434011390185,260.8096647395023,262.3050537109375,65030200
2019-05-03,263.7824341896292,265.15169309250166,262.4131477954623,264.8724365234375,56543700
2019-05-06,260.56648365013655,264.22387098797896,260.25118595039874,263.782470703125,107198100
2019-05-07,261.37735791561954,261.971912515122,257.46773599584094,259.37750244140625,144729900
2019-05-08,259.0170593261719,260.72864014867525,258.4225049894771,259.0170593261719,91568300
2019-05-09,256.9451804502703,258.8369119830217,255.20654798317443,258.2333679199219,103471100
2019-05-10,257.2965280885226,260.28730734891536,254.30574882812994,259.5306091308594,112429300
2019-05-13,254.41373494425858,255.3776071301468,252.1706379629067,253.00840759277344,127290500
2019-05-14,254.02640467494984,256.82801528908266,253.90030209434335,255.2965850830078,77003200
2019-05-15,253.66603371953337,257.43151607626385,253.45883184669495,256.79193115234375,73956400
2019-05-16,257.49465974223233,260.53046913612627,257.42260504214363,259.17022705078125,76749600
2019-05-17,256.8640914521032,259.98097268898067,256.8460571586275,257.4946594238281,100353000
2019-05-20,255.89119291392836,257.6027739491999,255.04440579803455,255.7921142578125,62877600
2019-05-21,257.48561696577354,258.47654081398997,257.2333843036183,258.09820556640625,46847100
2019-05-22,257.14333727037746,258.2603637668367,256.82803955212853,257.30548095703125,49482500
2019-05-23,255.08041703093522,255.12544778002413,252.74725790735332,254.1615753173828,98733800
2019-05-24,255.60287666150055,256.01728049453556,254.11650462748815,254.7380828857422,55268100
2019-05-28,255.01738417734387,255.97226710547216,252.35092019830472,252.36892700195312,70029400
2019-05-29,251.25185573751625,251.65721493237672,249.2700080360927,250.67530822753906,104972900
2019-05-30,251.43208584384718,252.2698834278174,250.26101114386478,251.3600311279297,62523800
2019-05-31,248.81060617412786,249.6393588730026,247.94578489099905,247.97280883789062,86862800
2019-06-03,248.00889429301378,249.12592095273772,246.00903939141855,247.34228515625,96428000
2019-06-04,249.63937693861942,252.84634716122832,249.18895946363162,252.7112274169922,77231900
2019-06-05,254.3327076460896,254.92726198471507,252.52204817390717,254.90023803710938,71169700
2019-06-06,255.1974670522824,257.2333347577995,254.5488649757681,256.5577087402344,69430400
2019-06-07,257.5758368060072,260.20628804022346,257.40467589566543,259.1252746582031,74272200
2019-06-10,260.67462905198147,261.98085084610926,260.2242115355655,260.3143005371094,60799100
2019-06-11,262.1339317774846,262.50327737561093,259.60258797515644,260.2511901855469,58641300
2019-06-12,260.0169567355007,260.5754698846852,259.2782656388976,259.791748046875,47096300
2019-06-13,260.7015648429283,261.22406438040923,259.99891485458375,260.86370849609375,48945200
2019-06-14,260.575439453125,261.1789832730312,259.80972450296343,260.575439453125,52324700
2019-06-17,260.80964973463296,261.4402450145919,260.50336923877353,260.6745300292969,39205700
2019-06-18,262.4942588214182,264.4580720370348,262.1339029176426,263.4040832519531,85434800
2019-06-19,263.539222658832,264.5301464856538,262.5663331233237,263.9986572265625,78674400
2019-06-20,266.68313673041985,266.92635222484796,264.06170421417744,266.5209655761719,116570000
2019-06-21,266.2512579710432,267.5094941837973,265.9163323811376,266.1335754394531,83309500
2019-06-24,266.34181358325094,266.6586172021475,265.65384032505415,265.8077392578125,47582700
2019-06-25,265.8620523837093,265.8892077691413,263.0920925696,263.2007141113281,82028700
2019-06-26,264.09684710879384,264.60376601063865,262.8295498541817,262.93817138671875,51584900
2019-06-27,263.69855113116637,264.3774633381139,263.3183757652805,263.87054443359375,40355200
2019-06-28,264.8481295807128,265.7261903530985,264.33217736910836,265.22833251953125,59350900
2019-07-01,268.5594798208704,268.77675044875934,266.4322166675855,267.63616943359375,78705600
2019-07-02,267.59093754948606,268.38753219550205,266.7490931451758,268.3332214355469,61504500
2019-07-03,269.01216125794673,270.496729182922,268.86732334148513,270.4786071777344,40898900
2019-07-05,269.24755717482327,270.33382786024254,267.9531044059566,270.1708679199219,51677300
2019-07-08,268.85833365921906,269.9898541670269,268.143204963281,268.68634033203125,45841800
2019-07-09,267.52763883202334,269.31994946484144,267.47332806284766,269.021240234375,41101300
2019-07-10,270.08936704826425,271.2571037412516,269.55529277783,270.3066101074219,58448500
2019-07-11,270.9493381022296,271.1846755452837,269.93550030905135,270.9402770996094,50826100
2019-07-12,271.42912776574457,272.225722572846,271.12135752209366,272.1532897949219,40326000
2019-07-15,272.587791549062,272.587791549062,271.7368860086016,272.2438049316406,33900000
2019-07-16,272.15325636311616,272.3614660428078,271.05795245040616,271.36572265625,36650100
2019-07-17,271.33859768577247,271.5015299968323,269.51910400390625,269.51910400390625,36036300
2019-07-18,269.0212274934216,270.88597081349883,268.5776803578232,270.5057678222656,51392600
2019-07-19,271.60117132788554,271.6283267183781,268.8312109975781,269.0032043457031,58678600
2019-07-22,269.40141995777003,270.2070757552025,268.88546764229045,269.6639404296875,43638100
2019-07-23,270.7863824595344,271.5920104980469,269.9535714155049,271.5920104980469,44564500
2019-07-24,270.8316412045889,272.8683776855469,270.7411140582117,272.8683776855469,47213200
2019-07-25,272.4157552597237,272.470066019694,270.75919420561445,271.5648498535156,55394100
2019-07-26,272.2529093648894,273.5835786563894,272.1261658014066,273.3844299316406,45084100
2019-07-29,273.2666775777019,273.384360106589,272.3343059738363,272.886474609375,38126500
2019-07-30,271.4833908656109,272.62397210504514,271.10318791079754,272.21661376953125,45849000
2019-07-31,272.46103201638994,272.6511473201297,267.21984978486825,269.23846435546875,104245200
2019-08-01,269.3923262613973,272.3523730664228,266.097326282711,266.8939208984375,142646600
2019-08-02,265.9978254506385,266.24222391598,263.32742621353003,264.8843994140625,116749700
2019-08-05,260.78381301761164,260.89243457546314,255.01758844653918,256.9185485839844,178745400
2019-08-06,258.81039579143163,260.73851093150165,257.33488880161246,260.521240234375,120711700
2019-08-07,257.4435115429368,261.4445797648899,255.30721432375586,260.6751403808594,140572300
2019-08-08,262.16868632785787,265.78955078125,261.61651775871724,265.78955078125,87713900
2019-08-09,264.8481257348083,265.4455717014162,262.19584907812833,263.9791259765625,93730000
2019-08-12,262.4764998896778,263.9701011986558,259.8151618664045,260.7656555175781,65527600
2019-08-13,260.4669862940816,266.26942736125375,260.1229996048397,264.8210754394531,94299800
2019-08-14,260.76576283980523,261.3722425156289,256.8642813504828,256.9909973144531,135622100
2019-08-15,257.8779789447643,258.5659520526638,255.62399959125736,257.6697692871094,99556600
2019-08-16,259.32641272187715,261.906257446476,257.7241619613219,261.4717712402344,83018300
2019-08-19,264.4951407782686,265.3007688833208,263.8162285844009,264.6218566894531,53571800
2019-08-20,264.11493390797597,264.6490081776248,262.46746133677397,262.59417724609375,51596400
2019-08-21,264.7576241289492,265.1015830539715,264.06965102889666,264.73046875,49524700
2019-08-22,265.4366093079304,266.0702441995334,262.87483148005776,264.6490478515625,51666400
2019-08-23,263.34556116445606,265.0111559870093,256.60168809011344,257.85089111328125,149161500
2019-08-26,260.0414222841468,260.7022399902344,258.51160484642605,260.7022399902344,72423800
2019-08-27,262.0962910754054,262.4674330108714,258.91897355776075,259.6793518066406,66668900
2019-08-28,259.0185294396297,261.67080579140867,258.2128739087133,261.50787353515625,59696700
2019-08-29,264.06973271239076,265.373246555172,263.0649281304495,264.84820556640625,57899400
2019-08-30,266.3326913580127,266.3507857356442,263.79809723940434,264.73046875,62901200
2019-09-03,263.02868486425206,263.94293446557975,261.85188719792905,263.18255615234375,69101400
2019-09-04,265.35508026239984,266.18786366543446,264.60373537433054,266.1697692871094,46887300
2019-09-05,268.65915054275484,270.50577188502655,266.133589357725,269.5915222167969,83258100
2019-09-06,269.90836229817734,270.4424366119935,269.2294500581553,269.7997131347656,49584300
2019-09-09,270.7864219040724,270.8769214356232,268.99408365421084,269.9355163574219,51260300
2019-09-10,269.17512757759675,269.93553364138535,267.91689118337393,269.8721618652344,57947100
2019-09-11,270.1799147938697,271.8726648838631,269.5281579417055,271.79119873046875,68821100
2019-09-12,272.6963885963586,273.7916924968806,271.9360102800866,272.73260498046875,72908700
2019-09-13,273.17608440665566,273.529131907989,272.18034127789525,272.5514831542969,62104800
2019-09-16,271.42001047769196,272.59680806233507,271.0669905398025,271.7096862792969,58191200
2019-09-17,271.5106135645232,272.48823513713944,271.33862023577393,272.3977355957031,41475500
2019-09-18,272.0083811981535,272.6691989062345,269.9716449420855,272.5605773925781,73375800
2019-09-19,272.94980824425716,273.9455514745746,272.20752441574757,272.5424499511719,76560500
2019-09-20,273.1463545293492,273.42829301296234,270.46365116105824,271.25482177734375,89565000
2019-09-23,270.59089610131656,271.9095320231954,270.33626621153167,271.19110107421875,43476800
2019-09-24,272.2824740494429,272.673507976676,268.09924360560893,269.0632019042969,94869400
2019-09-25,269.1450914601112,271.100289191612,267.6627701128638,270.6546936035156,71854000
2019-09-26,270.6637140924757,270.87285754850967,268.6812361680686,270.0907897949219,56179700
2019-09-27,270.8455384312587,270.95468931981696,267.0806514770453,268.6357116699219,84746600
2019-09-30,269.1541465618406,270.59098115887195,269.1086878271732,269.88165283203125,51662400
2019-10-01,270.7637324178549,271.4184990741899,266.4532014526551,266.67144775390625,88242400
2019-10-02,265.0891114666045,265.09821431351884,260.6694572690525,261.9607849121094,122539500
2019-10-03,261.733394388604,264.13421437759865,259.01430783890055,264.10693359375,85278800
2019-10-04,264.7617527412515,267.9355381538089,264.7071634101348,267.680908203125,65091200
2019-10-07,266.88058737396443,268.50841485168297,266.24399873388415,266.5259094238281,59610500
2019-10-08,264.67080858188825,265.4074176476115,262.35183047463295,262.3882141113281,95708100
2019-10-09,264.40709805869136,265.8166518828195,263.77961209760576,264.8799743652344,62359400
2019-10-10,264.7980929946163,267.55356355823847,264.63440826867793,266.67144775390625,55296300
2019-10-11,269.4269323090313,271.67314311799345,269.30873405810314,269.43603515625,98720400
2019-10-14,269.1177195999643,269.79069193177,268.79035015685406,269.13592529296875,40394800
2019-10-15,270.1817208062417,272.54615738895194,270.06349481421915,271.8004455566406,46754500
2019-10-16,271.33670236205063,272.0551335613163,270.9274904783572,271.3639831542969,48928200
2019-10-17,272.5279070629822,273.03716682784426,271.4730039064605,272.1641540527344,45736600
2019-10-18,271.62769763046424,272.2733615050628,270.1180958054572,270.9729309082031,64304000
2019-10-21,272.291601440597,273.01000492908065,271.8550809866698,272.8099365234375,39048600
2019-10-22,273.34640214246485,273.637415698397,271.8277254489955,271.9186706542969,48594700
2019-10-23,271.66409919775487,272.7644614867511,271.45492795580265,272.70989990234375,34352200
2019-10-24,273.64653848531685,273.792045273886,272.32790229380925,273.15545654296875,35453100
2019-10-25,272.58252524376513,274.8196608389771,272.527963668524,274.2740173339844,45205400
2019-10-28,275.4925768715583,276.32013101368767,275.4652960867663,275.8199462890625,42147000
2019-10-29,275.54713265499714,276.66570031313864,275.4198038269224,275.73809814453125,44284900
2019-10-30,275.93823170639735,276.9567515614426,274.62869824917215,276.58392333984375,49643900
2019-10-31,276.5747016616146,276.5747016616146,274.3921560881661,275.84716796875,69053800
2019-11-01,277.29315372520506,278.44807712573447,277.1294412864276,278.4026184082031,71141500
2019-11-04,279.95785230733685,280.09425629722296,279.148475713026,279.5213317871094,60606900
2019-11-05,279.72129600704636,280.02141242557303,278.9210225610841,279.2120361328125,42933200
2019-11-06,279.2120008688192,279.5484731268798,278.3298851708271,279.2756652832031,46487100
2019-11-07,280.61255157596486,281.59468781901455,279.7849972333301,280.25787353515625,54272300
2019-11-08,279.9122492128996,281.0035361826021,279.2120238547651,280.948974609375,49032100
2019-11-11,279.5666824717528,280.585202104894,279.4302507955533,280.41241455078125,35797300
2019-11-12,280.77625188241115,281.9038949929491,280.23060827155547,281.00360107421875,46484600
2019-11-13,280.0123894948594,281.49471081179036,279.78504028066976,281.0945739746094,53917700
2019-11-14,280.8125701165942,281.585562739211,280.17598142677315,281.5036926269531,51219900
2019-11-15,282.84045746173746,283.5861691680478,282.14933507162783,283.54071044921875,62023600
2019-11-18,283.30437394705217,283.9864215228647,282.8496755631772,283.7499694824219,49228000
2019-11-19,284.35010771793173,284.35921056429345,283.0223965204034,283.6680603027344,67804700
2019-11-20,283.07699087413437,283.5953536303308,281.05812918125986,282.6131896972656,79406200
2019-11-21,282.72229641818564,282.8314195597847,281.35820164303874,282.158447265625,54664700
2019-11-22,282.9041451712369,283.0405490915344,281.77650242667397,282.7859191894531,44850200
2019-11-25,283.71358367271534,284.9776306152344,283.71358367271534,284.9776306152344,48647200
2019-11-26,285.0139498893716,285.80512037479554,284.69565557558855,285.62322998046875,37569000
2019-11-27,286.1051946240128,286.8963928222656,285.88694836384724,286.8963928222656,44444600
2019-11-29,286.3325849809778,286.5781398116173,285.60507884056364,285.8324279785156,36592700
2019-12-02,286.08703031011913,286.15069472322455,282.9769099443492,283.4043273925781,75767800
2019-12-03,280.6852412775978,281.585562739211,279.30296850429954,281.5036926269531,73941700
2019-12-04,282.54947817999374,283.8408055521402,282.2039031007338,283.2406005859375,49080000
2019-12-05,283.94096278551194,283.95914072993565,282.4404359166549,283.7499694824219,40709000
2019-12-06,285.6596274218507,286.7418114894914,285.6505245759209,286.3416748046875,48927000
2019-12-09,285.95066612044394,286.62361071654885,285.3686389813186,285.44140625,34838500
2019-12-10,285.38671850519995,286.05055996108973,284.4682194740909,285.12298583984375,52649800
2019-12-11,285.577786637345,286.1870945138328,285.0412460235377,285.9324645996094,53429100
2019-12-12,285.94146949596734,289.1789180759951,285.70504533174443,288.3968505859375,96389600
2019-12-13,288.1604930993886,289.79742361331523,287.38750044719393,288.5697326660156,81503900
2019-12-16,290.2976466182981,291.14337897879915,288.5061338182906,290.5522766113281,82749700
2019-12-17,290.93420015250655,291.2342888479106,290.5340633902449,290.61590576171875,61097700
2019-12-18,291.00691966683615,291.23426882282587,290.5795021434722,290.6340637207031,48133000
2019-12-19,290.82506696890414,291.89817621634967,290.57043699126655,291.8254089355469,85310500
2019-12-20,292.858126711042,294.23807629310494,291.88030916260414,293.1048889160156,147142100
2019-12-23,293.8906778189208,293.9455076437393,293.40632910700657,293.55255126953125,52990000
2019-12-24,293.78099530759755,293.8266775283828,293.2600841233324,293.5616760253906,20270000
2019-12-26,293.9455230924072,295.13356776697475,293.9364033804754,295.1244201660156,30911200
2019-12-27,295.8554468523397,295.91027666961054,294.52120815038006,295.0512390136719,42528800
2019-12-30,295.1335775655158,295.2706521393171,292.94027282858093,293.42462158203125,49729100
2019-12-31,292.9219585916766,294.38415221906047,292.5746844676578,294.13739013671875,57077300
2020-01-02,295.6727822642302,296.90650931546975,294.7497669040605,296.8882141113281,59151200
2020-01-03,293.49768030977805,295.7640816777263,293.44285049264414,294.6400146484375,77709700
2020-01-06,292.88539410667613,295.84634385164514,292.7665868662051,295.76409912109375,55653900
2020-01-07,295.19752718117184,295.67275622250656,294.4847115081981,294.9325256347656,40496400
2020-01-08,295.12441496646585,297.7197956916485,294.87768074616207,296.5043640136719,68296000
2020-01-09,298.06710630868724,298.58801761539866,297.4822175666189,298.514892578125,48473300
2020-01-10,299.09965725356824,299.254999087536,297.18967781024986,297.6557312011719,53029300
2020-01-13,298.2772496807154,299.7120005705417,297.8477308070792,299.702880859375,47086800
2020-01-14,299.264238992548,300.31518120708546,298.6884979136288,299.2459716796875,62832800
2020-01-15,299.1545652539482,300.6807085322573,299.07232051640693,299.9222106933594,72056600
2020-01-16,301.3022553484258,302.41717529296875,301.0737883752738,302.41717529296875,54050300
2020-01-17,303.12990101469194,303.56853962375646,302.3531079591049,303.3583679199219,95846000
2020-01-21,302.3988627386086,303.56861245848097,302.32576558256864,302.764404296875,77742400
2020-01-22,303.62337862619233,304.27224473675494,302.6455614379162,302.8009033203125,48914900
2020-01-23,302.1521113343028,303.5594755373367,301.03719151691797,303.1482238769531,51963000
2020-01-24,303.8061154859915,303.88836021472963,299.1636529443787,300.45220947265625,87578400
2020-01-27,295.2066505448216,297.116630487524,294.86852399411237,295.63616943359375,84062500
2020-01-28,297.0617682289767,299.6114663707145,295.72752948381543,298.7341613769531,63834000
2020-01-29,300.0958426351734,300.32430953188833,298.2863747731424,298.4874267578125,53888900
2020-01-30,296.4220989348696,299.66634584075405,295.67274865407313,299.4561462402344,75491800
2020-01-31,298.8347496867189,298.9901194730198,293.1048090217675,294.0186767578125,113845600
2020-02-03,295.49912122993766,298.0670871911225,295.3803139687608,296.2027893066406,69083000
2020-02-04,299.81256511181664,301.5854705749679,299.4927058581297,300.71728515625,62573200
2020-02-05,303.65082382168174,304.4002020615823,302.1886577494263,304.19000244140625,65951100
2020-02-06,305.1494930421346,305.4053748205114,304.1350856388759,305.2134704589844,50359700
2020-02-07,304.153385374973,305.22259472273987,303.0384659191935,303.5867919921875,64139400
2020-02-10,302.7004442781708,305.9172489243438,302.6638817568983,305.853271484375,42070000
2020-02-11,307.2057455520756,307.99165832638704,305.8532114209266,306.3832702636719,54864500
2020-02-12,307.81803230663076,308.5674104828042,307.4524908196525,308.35723876953125,43992700
2020-02-13,306.93160682994335,308.9969568539677,306.6574576626084,308.02825927734375,54501900
2020-02-14,308.4394532632197,308.6405052446944,307.2422889745831,308.5216979980469,64582200
2020-02-18,307.5256935534764,308.5857836558874,306.3376485593272,307.72674560546875,57226200
2020-02-19,308.69532102540853,309.8741900599959,308.41202432199384,309.19793701171875,48814700
2020-02-20,308.6496697818951,309.4721730276708,304.9393691304808,307.927734375,74163400
2020-02-21,306.5751180835918,306.8858296734732,303.93402773606726,304.75653076171875,113788200
2020-02-24,295.3071862193686,304.82967088286625,293.5708154883239,294.6492004394531,161088400
2020-02-25,296.0383078861717,296.6505836333486,284.8434284508616,285.7207336425781,218913200
2020-02-26,287.11902020442307,290.71051448408997,283.93877764980203,284.66986083984375,194773800
2020-02-27,279.1500278323521,284.7246265399028,271.8847961425781,271.8847961425781,284353500
2020-02-28,263.833535145683,272.2319789613865,260.9457107535948,270.74237060546875,384975800
2020-03-02,272.5244912250123,282.53135414421934,269.0974871963839,282.4673767089844,238703600
2020-03-03,282.84209424548885,286.80827729307117,271.9396576937883,274.3796691894531,300139100
2020-03-04,279.753168952443,286.1319753809504,277.20347032348707,285.9126281738281,176613400
2020-03-05,278.7112581137789,281.9006460539317,274.16933653482243,276.4082946777344,186366800
2020-03-06,267.90034329272197,273.0454235323544,265.2318649017043,271.839111328125,228667200
2020-03-09,251.58775678015627,259.71205370103047,249.8971239127328,250.6099395751953,309417300
2020-03-10,260.1232493248857,263.66903167185677,249.94275235063745,263.5776672363281,276444100
2020-03-11,256.52265940769087,257.65584636432993,247.54847242990883,250.7287139892578,255316300
2020-03-12,233.95008393840715,243.6919149990877,226.34669951704333,226.7396697998047,392220700
2020-03-13,240.429398147559,248.09675988860485,227.1143558727971,246.122802734375,329566100
2020-03-16,220.40660915986865,234.7726107780124,216.91564173418007,219.19117736816406,297240000
2020-03-17,223.93413457519435,234.10550046036911,216.65062185131984,231.0257568359375,262070500
2020-03-18,215.90127325057983,226.9773468065231,208.38014496942634,219.32827758789062,327597100
2020-03-19,218.64279772577996,226.0725449069811,212.2183103648007,219.7942657470703,289322000
2020-03-20,222.94363004147445,224.72696071707477,210.0466734873275,210.32244873046875,347158800
2020-03-23,209.76168442600684,211.13134505091108,200.63361059089686,204.94485473632812,326025200
2020-03-24,215.48859069772814,224.38685570948732,214.91866545634184,223.51356506347656,235494500
2020-03-25,225.0946467428511,235.6475485646317,220.38813506232896,226.85958862304688,299430300
2020-03-26,229.3690894539827,241.57659857512195,228.93704492773614,240.1058349609375,257632800
2020-03-27,232.8162667433577,239.74734053233655,230.77554977075565,232.9541473388672,224341200
2020-03-30,235.05001734341474,241.23650788451303,233.0552652380832,240.51950073242188,171369500
2020-03-31,239.517575786038,242.06386477792154,235.52807082936067,236.93450927734375,194881100
2020-04-01,227.9534688676713,236.8517325396181,224.20296243005834,226.27125549316406,189554600
2020-04-02,225.38883620204277,232.27394638304975,224.83728566556516,231.4925994873047,177660400
2020-04-03,230.50897330571124,232.86224312191504,225.41638201331432,228.1465301513672,135561200
2020-04-06,237.01718131949536,245.4374352742941,228.12811933562622,243.47024536132812,188061200
2020-04-07,252.06517485811415,252.81895953411126,243.49786638414741,243.71847534179688,201427200
2020-04-08,246.31991721822396,253.7106259149399,243.82878088383262,251.89971923828125,153774500
2020-04-09,255.16304840288197,258.49072626492733,253.2234622639874,255.73300170898438,189999200
2020-04-13,254.75851254995277,255.09862729601355,249.49125052132217,253.3980255126953,114839100
2020-04-14,258.2885153744186,261.89192674380104,253.260262690421,260.87158203125,134143400
2020-04-15,255.15375686511658,261.00931813786013,253.21414357171278,255.3284149169922,121775000
2020-04-16,256.60616201804373,257.41509872043673,253.4899490997498,256.5602111816406,131798300
2020-04-17,262.33320155596977,264.0981299151268,259.5938511833449,263.491455078125,146684800
2020-04-20,259.78676762850023,263.629217542873,258.628542678586,258.8491516113281,100109300
2020-04-21,254.3816726761035,255.58587661831038,250.05202565489662,250.9896697998047,126385700
2020-04-22,255.87078031751207,258.30676376016356,254.54707081414418,256.5602111816406,92951600
2020-04-23,257.8380651634286,261.00945987704335,256.2385937703153,256.54193115234375,104709700
2020-04-24,258.0586753592096,260.78882372538203,256.00875672334155,260.1177673339844,85063200
2020-04-27,262.09409597915175,264.9897006956838,261.6344752923047,263.86822509765625,77896600
2020-04-28,267.5177371605155,267.86705353120357,262.3516027595808,262.65496826171875,105270000
2020-04-29,267.98647324976343,271.06593788395355,266.9569272587203,269.5307922363281,118745600
2020-04-30,268.1518891527446,269.6318823292637,265.28386059929,267.021240234375,122901700
2020-05-01,262.26881020124006,267.1867582133852,258.78487679464763,259.95233154296875,125180000
2020-05-04,258.06784244223917,260.9726488665371,256.58787713450204,260.6693115234375,80873200
2020-05-05,263.4914287350549,265.89063587333334,260.7980294956221,263.0777587890625,79569900
2020-05-06,264.7782435319276,265.16430912686474,260.86226703661674,261.2943115234375,73632600
2020-05-07,264.51171080796263,266.3777697134358,263.9417856328459,264.4473571777344,75250400
2020-05-08,267.5820163579853,269.2918202089729,266.4513391653479,268.822998046875,76452400
2020-05-11,266.89254797828886,270.2569749098558,266.4697047839562,268.87811279296875,79514200
2020-05-12,270.0639771433086,270.4776190002841,263.3810732615767,263.51898193359375,95870800
2020-05-13,262.95817645676516,263.9969236633219,256.43155730782263,258.8583679199219,144721100
2020-05-14,256.42238447612806,262.08488647615417,250.94368586031882,261.9562072753906,121977900
2020-05-15,259.5662538142252,263.2064428035135,258.61943606022,263.1604919433594,111146300
2020-05-18,269.383676574657,272.78488091937567,269.0619645324173,271.17620849609375,119703800
2020-05-19,270.5786370398511,272.2884121066228,268.37246389920466,268.3908386230469,95189300
2020-05-20,271.9299729869196,273.81440646458674,271.70016265778855,272.9503173828125,85861700
2020-05-21,272.82164175506375,273.63057861267043,269.97198802595636,271.0658874511719,78293900
2020-05-22,270.78092249867296,271.75531605411203,269.53994110545716,271.5806579589844,63958200
2020-05-26,277.54654029417327,277.7855520274972,271.59904750423533,274.92669677734375,88951400
2020-05-27,277.72116990088165,279.05408097269293,272.89515320041767,279.0173034667969,104817400
2020-05-28,280.0469129571108,282.0600540546706,277.8315376106127,278.5025939941406,90405200
2020-05-29,278.03375713092686,280.3318607230198,275.28523421175083,279.7435607910156,119090800
2020-06-01,279.10004699838373,281.4808786671015,278.5852740999053,280.8741760253906,55758300
2020-06-02,281.7934214913829,283.24583851794176,280.4605383804992,283.1998596191406,74267200
2020-06-03,285.18544991384636,287.92479945173847,284.9096887083299,286.9687805175781,92567600
2020-06-04,285.98518598186917,287.7225657388418,284.119127013096,286.2149963378906,75794400
2020-06-05,291.61095127500704,295.32466622909004,291.54659764607965,293.550537109375,150524700
2020-06-08,294.35949682860377,297.2918792842742,293.817147742069,297.0988464355469,73641200
2020-06-09,294.43300601196165,297.17235545339963,293.5689168610725,294.8834533691406,77479200
2020-06-10,295.46261387215606,296.3542792450485,292.52102986489626,293.238037109375,95000800
2020-06-11,286.306935800571,286.94121464894255,275.7816379696527,276.3331604003906,209243600
2020-06-12,283.34699827287557,284.1191577863785,274.4855245724636,279.6424560546875,194678900
2020-06-15,273.95230329940716,283.38372874328377,272.7756754665918,282.2530517578125,135782700
2020-06-16,290.0023281440216,290.149410155266,282.82305403498947,287.6858215332031,137627500
2020-06-17,288.7061896286449,289.000353646456,285.75540416445665,286.4908142089844,83398900
2020-06-18,284.9741181202328,287.079161339161,284.5144972868028,286.6011657714844,80828700
2020-06-19,290.0689386157883,290.26282089573067,283.01501607269654,284.9631652832031,135549600
2020-06-22,284.3630116638021,287.1882662143913,283.21814537378975,286.791259765625,74649400
2020-06-23,289.4411072237713,290.3736357062622,287.70532390749855,288.111572265625,68471200
2020-06-24,286.0711358531049,286.6897503140339,278.92490610868884,280.7622375488281,132813500
2020-06-25,280.18976894126644,284.03988623160495,278.16776915357684,283.7721252441406,89468000
2020-06-26,282.6733996882287,282.8857657278593,276.45045766240185,277.0321044921875,127961000
2020-06-29,278.28780803699664,281.24230815078425,275.99804720322345,281.10382080078125,79773300
2020-06-30,280.66989282570773,286.4035230684894,280.5129498778858,284.70465087890625,113394800
2020-07-01,285.8218387301167,287.9638703985175,285.3601954313995,286.6989440917969,72396500
2020-07-02,290.13361923832963,291.4816381800891,287.61306444434035,288.27783203125,69344200
2020-07-06,292.1001687186121,293.30967187564966,291.35230884827496,292.7279968261719,61713800
2020-07-07,291.18606512343126,293.16188333905677,289.33025046983744,289.70880126953125,82910000
2020-07-08,290.4751465955823,292.0355030043778,288.7116942101427,291.9247131347656,54638600
2020-07-09,292.534094306912,292.77415781586666,286.84664602686377,290.2628173828125,83354200
2020-07-10,290.1981838415168,293.49432348020605,288.76710100613167,293.2265625,57550400
2020-07-13,295.5717862583092,297.9538536311134,290.0320658619064,290.6875915527344,102997500
2020-07-14,289.2656052802528,295.2300554521404,288.06534428299244,294.4544982910156,93657000
2020-07-15,297.67676712600917,298.25844205749104,294.7776343489295,297.15972900390625,87196500
2020-07-16,295.2578960538468,296.6335843805212,294.6115840180191,296.1811828613281,54622500
2020-07-17,297.18755470615184,297.8246248415815,295.21170746259276,297.0398254394531,62774900
2020-07-20,296.7719656553359,300.18813689215324,296.02410586279206,299.4402770996094,56308800
2020-07-21,301.4069275614781,301.8500871049481,299.0894691350206,300.077392578125,57292200
2020-07-22,299.7173083426101,302.09940368262994,299.6065184526506,301.78546142578125,57792900
2020-07-23,301.42543801668506,302.12714499020143,296.81824597309316,298.1846923828125,75738000
2020-07-24,296.3289190669535,297.28911708214275,294.7593201869097,296.2642822265625,73766600
2020-07-27,296.95672110500396,298.6001703884858,296.16267985039116,298.42474365234375,48293000
2020-07-28,297.6953350650081,298.8125323008997,296.23655442203676,296.5320129394531,57495000
2020-07-29,297.4091253277657,300.7422051686178,297.37218596811334,300.1789855957031,48454200
2020-07-30,297.2059723944225,299.5234309444589,295.1193636875488,299.1079406738281,61861700
2020-07-31,300.8991548415424,301.57316433195354,296.67972751036586,301.4715881347656,84986800
2020-08-03,303.13343702102367,304.3336982264849,302.58870135537785,303.5673828125,53077900
2020-08-04,302.70874832852365,304.739990234375,302.70874832852365,304.739990234375,41917900
2020-08-05,306.0418016743555,306.89123771970355,305.7740406786033,306.6326904296875,42697700
2020-08-06,306.0510592360944,308.8024353334043,305.7279032834886,308.6824035644531,43679400
2020-08-07,307.71297454516787,309.1902388250722,306.8081434818142,308.9040222167969,57308300
2020-08-10,309.35638535667545,310.0119109096436,307.41747799040013,309.8272705078125,44282100
2020-08-11,311.00910310173,311.64617312266336,306.5403992490115,307.269775390625,69601100
2020-08-12,309.7073204785493,312.3294515588477,309.6796230021421,311.55389404296875,53774400
2020-08-13,310.7874764150394,312.30167990291056,310.06731402303166,310.9906005859375,41816100
2020-08-14,310.6028104674803,311.53533883580377,309.873406253352,310.99981689453125,47260400
2020-08-17,312.0154294004109,312.38473835012826,311.00905053743276,311.98773193359375,35481000
2020-08-18,312.3848317893029,313.08653872718406,310.78753558782734,312.6618347167969,38733900
2020-08-19,313.0404071033732,313.5574455048791,310.79682673507284,311.36004638671875,68054200
2020-08-20,309.63345783177203,312.80956678157935,309.50421232732066,312.3294677734375,42207800
2020-08-21,311.9969618049712,313.6588661029609,311.655322158755,313.4372863769531,55106600
2020-08-24,315.8748485901053,316.68734541310374,313.40968882300405,316.6134948730469,48588700
2020-08-25,317.17663880879144,317.8044669230327,316.0132886974553,317.72137451171875,38463400
2020-08-26,318.3123051250386,321.1744711148294,317.76756939870836,320.90673828125,50790200
2020-08-27,321.7746114341692,323.05796511433385,319.94649388256835,321.6083984375,58034100
2020-08-28,322.6332589850596,323.8150646592131,321.4422114288014,323.685791015625,48588900
2020-08-31,323.47340937924645,324.3505145899838,322.28236198411395,322.51318359375,66099200
2020-09-01,323.3441436011947,325.652359753579,322.4485546070109,325.5508117675781,54908700
2020-09-02,327.46208615275333,331.22908325949226,326.31719155514446,330.2596435546875,69540000
2020-09-03,328.57000776099846,329.04089295769626,316.30876246960275,318.89398193359375,148011100
2020-09-04,319.5771810982591,321.14675134230083,309.18096542994215,316.290283203125,139156300
2020-09-08,310.8798801569295,316.35499211221384,307.343704228668,307.64837646484375,114465300
2020-09-09,311.65542088332745,316.18876205705584,310.78752911291656,313.7236022949219,91462300
2020-09-10,315.5978714825398,316.2533971603592,307.3159885272084,308.2762145996094,90569500
2020-09-11,310.05812950649084,311.11990351849477,305.6078810919823,308.4331359863281,84680200
2020-09-14,311.6000162516437,314.2683283126777,308.58087891635495,312.49560546875,65605700
2020-09-15,314.9515989909545,315.7825515027897,312.5048945263648,314.0744934082031,52920900
2020-09-16,315.3117078985403,316.74279127603273,312.55106099803675,312.82806396484375,82096000
2020-09-17,307.9714762809404,311.79389633261354,307.44519615617884,310.0765686035156,91523300
2020-09-18,310.88219558209073,310.993428984105,304.02252899495534,306.5068359375,105877900
2020-09-21,301.91817103397455,303.2437490415965,298.2380498714508,303.0954284667969,99450800
2020-09-22,304.5786503731086,306.7385071760695,302.066507400489,306.18231201171875,63612100
2020-09-23,306.7384591067574,307.0165707899801,298.58102560551066,299.08160400390625,93112200
2020-09-24,297.76541710832953,302.93796870174026,296.4490890808035,299.8789367675781,76681300
2020-09-25,299.0259943751535,305.5148717009548,298.1546568746652,304.7269592285156,71069400
2020-09-28,308.8891253586317,310.5020659374077,307.8972472441894,309.7882995605469,64584600
2020-09-29,309.5843740782885,310.3259488282698,307.40595935248126,308.1011962890625,51304000
2020-09-30,308.7685789335807,313.5888989589638,308.57392054129775,310.4371643066406,104081100
2020-10-01,313.03270872151455,314.0060289873834,310.5484025217798,312.43017578125,88698700
2020-10-02,307.48010881582076,312.40238366370073,307.00733868479756,309.4638366699219,89431100
2020-10-05,311.5217825678193,315.1370091924181,311.475444751699,314.9516296386719,45713100
2020-10-06,315.0906571878008,317.1856469045774,309.9644445702148,310.4742736816406,90128900
2020-10-07,313.4313231405762,316.6850408176242,313.40351479672364,315.8785705566406,56999600
2020-10-08,317.8160439288391,318.74302668593697,316.8983117626096,318.6781311035156,45242500
2020-10-09,320.32801907426403,321.9873254041977,319.7069567408336,321.5238342285156,59528600
2020-10-12,324.0639055120079,328.17043242336644,323.57260577192744,326.696533203125,80388500
2020-10-13,326.55739883670304,326.73352777746965,323.6003223544785,324.56439208984375,73255500
2020-10-14,325.1390911694356,326.2329236603553,321.7926981363864,322.5249938964844,57727900
2020-10-15,318.6131625602973,322.6084550653457,318.07552513157503,322.1264343261719,60357700
2020-10-16,323.4798383039487,325.1391450693449,321.7556642567683,321.9317932128906,89501900
2020-10-19,323.1924415429291,323.82278285072874,316.1381183278607,317.03729248046875,68425600
2020-10-20,318.38139712826285,321.55168968171705,317.6212929886074,318.3072509765625,60051900
2020-10-21,318.2609093352829,320.43007341653833,317.39882234537475,317.7047424316406,63575000
2020-10-22,317.91790278181213,320.0314217004003,315.77657552045014,319.4474182128906,55399300
2020-10-23,320.6710851896819,320.7267018827422,318.0755452159894,320.53204345703125,49143900
2020-10-26,317.14850435705404,317.93644508302657,311.11383966511926,314.60858154296875,91473000
2020-10-27,314.95160893898276,315.285309087353,313.31083167503937,313.5240478515625,65994100
2020-10-28,307.8508925089764,313.5518292002192,302.3168058775529,302.80810546875,127094300
2020-10-29,303.03995915634096,309.05606864677685,301.3528436229615,305.88580322265625,90597700
2020-10-30,304.3098400497384,305.6168888814722,299.0445857878949,302.6968994140625,120287300
2020-11-02,306.089599609375,308.0918566976093,303.34571133877967,306.089599609375,86068300
2020-11-03,309.3248216610703,313.55185999385526,306.173086523715,311.49395751953125,93294200
2020-11-04,315.9712924400372,322.5343454427772,314.79403465889675,318.45562744140625,126959700
2020-11-05,323.7393687910326,326.4739785623512,323.3871109043666,324.6663513183594,82039700
2020-11-06,324.3789774456897,325.843625628691,322.2654584902254,324.5921936035156,74973000
2020-11-09,337.39377544488605,337.77384161254093,328.20737673340466,328.6708679199219,172304200
2020-11-10,327.6790159718678,329.2456185696468,324.9166263863297,328.1888732910156,85552000
2020-11-11,330.37658868596975,331.4518918826983,329.13443541283425,330.62689208984375,58649000
2020-11-12,329.6164387197169,330.67321239286036,325.6118956516911,327.41949462890625,67546200
2020-11-13,329.32910745648184,332.69405891618226,328.8099994489029,331.9524841308594,62892200
2020-11-16,334.62217047881086,336.2907277500925,333.33365115779196,336.0960693359375,74541100
2020-11-17,333.68591913167813,335.49354647121936,332.1749330059845,334.2884521484375,66111000
2020-11-18,334.55725327164475,335.1041695450707,330.2282326036911,330.26531982421875,70591300
2020-11-19,329.63500754078495,332.02661012404343,328.29087149861675,331.65582275390625,59940900
2020-11-20,331.39620780880034,331.60014506825297,329.3104974100037,329.3846435546875,70417300
2020-11-23,331.1922808117231,332.61984167212626,328.9582497650771,331.359130859375,63230600
2020-11-24,333.90841208983915,337.2455552842376,333.05560389471066,336.6986389160156,62415900
2020-11-25,336.61527900819095,336.64308736147257,335.08576299916234,336.1795959472656,45330900
2020-11-27,337.27323276830356,337.58840335197755,336.10522603114066,337.11566162109375,28514100
2020-11-30,336.33702679385095,336.60585962287183,332.9442959525929,335.6232604980469,83872700
2020-12-01,338.87697278160647,340.83289212462,338.2836904492131,339.2940979003906,74231400
2020-12-02,338.18174747696014,340.16547522877676,337.6070228786699,340.0079040527344,45927000
2020-12-03,339.90594329021474,341.30569594652076,338.81211070717654,339.91522216796875,62882000
2020-12-04,340.4993087607931,342.8445739746094,340.4066048284182,342.8445739746094,50749900
2020-12-07,342.07505805149833,342.63125318672655,340.8699921662204,342.13995361328125,48944300
2020-12-08,340.87005554580287,343.7066201446968,340.82371772977626,343.14117431640625,42458900
2020-12-09,343.7992759610222,343.95684714487703,339.22925900105616,340.06353759765625,74098300
2020-12-10,338.6916205245105,340.99979809475724,337.82025463669373,339.95233154296875,57735400
2020-12-11,338.255910570185,339.9615549854479,336.7356739717107,339.5536804199219,57698600
2020-12-14,341.7228478589244,342.7981226816186,337.8573183246596,338.033447265625,69216200
2020-12-15,340.5733606765333,342.60345458984375,339.2014446984404,342.60345458984375,63865300
2020-12-16,342.81672473642504,344.0588780721469,341.93607991779965,343.14117431640625,58420500
2020-12-17,344.78191409140845,345.2639348642844,343.956885989985,345.05999755859375,64119500
2020-12-18,345.3486616686292,345.51622300643726,341.6714602108719,343.6822814941406,136542300
2020-12-21,339.7629846416698,352.3212752668946,337.0260363965949,342.453369140625,96386700
2020-12-22,342.77910549977,342.890813003337,340.74967675872097,341.8760986328125,47949000
2020-12-23,342.84436581711367,344.0918139440392,341.8575780688017,342.18341064453125,46201400
2020-12-24,342.6581462095984,343.542544801245,342.0716817018129,343.5146179199219,26457900
2020-12-28,346.06537505500916,346.85667458893,345.4416652223988,346.4656982421875,39000400
2020-12-29,347.99251061970955,348.16939039029,345.21831647942554,345.8048095703125,53680500
2020-12-30,346.62395879952305,347.33147772383484,345.90714985399984,346.2981262207031,49455300
2020-12-31,346.1026197103733,348.78371400805713,345.59061740637577,348.0575866699219,78520700
2021-01-04,349.38880113928235,349.5191455225328,339.6233135802176,343.3191223144531,110210800
2021-01-05,342.67681712955124,346.7729211198693,342.63025338281886,345.6837158203125,66426200
2021-01-06,344.1755228387104,350.94342966039994,343.6262753129207,347.75030517578125,107997700
2021-01-07,350.12428175085216,353.6618195734626,349.94740201873657,352.9170837402344,68766800
2021-01-08,354.3041182519428,355.14195305315735,351.05516813608017,354.9278564453125,71677200
2021-01-11,351.7533887862446,354.29482021588973,351.632362830576,352.5353698730469,51034700
2021-01-12,352.7215992262628,353.6245779387695,350.3663089172504,352.60986328125,52547700
2021-01-13,352.53544554182605,354.55555668053626,351.7534642871781,353.5594787597656,45303600
2021-01-14,354.3041217359534,354.80683398556437,351.9861054675014,352.32122802734375,49989100
2021-01-15,350.7014344796534,351.5020240301078,347.8900242126763,349.75189208984375,107160000
2021-01-19,352.209459695014,353.0380043413137,350.72927849158293,352.498046875,51233300
2021-01-20,354.7882578373456,358.21411669110563,354.3972814506253,357.37628173828125,61836100
2021-01-21,357.93475983810305,358.36300987967786,356.7804109135132,357.7020263671875,47840100
2021-01-22,355.8495116892653,357.5996721065897,355.4678253506062,356.4360046386719,52860500
2021-01-25,357.1714317593944,358.1954363497445,352.3212455515999,357.8417053222656,70402000
2021-01-26,358.7912198692873,359.20083303759526,357.05037810890184,357.2831115722656,42665300
2021-01-27,353.95968803310404,354.05278710492604,346.31672868098127,348.55096435546875,123351100
2021-01-28,350.3663101277551,355.55161937828063,349.92879841681105,351.5486145019531,94198100
2021-01-29,349.6867018282273,350.6548810290884,342.83501362114134,344.5107116699219,126765100
2021-02-01,347.90858629226074,351.27856215518443,344.7992707610039,350.2452392578125,75817600
2021-02-02,353.4290158638977,356.75245638940856,350.32901877184787,355.1977844238281,64450700
2021-02-03,356.02635940269215,357.19934519602856,354.20173693182824,355.47711181640625,52427100
2021-02-04,356.5104075201895,359.56386931140645,355.5887921301405,359.517333984375,47142600
2021-02-05,361.3885499748435,361.63989189934597,359.47082842089645,360.932373046875,48669800
2021-02-08,362.384715387774,363.58562835972907,361.52827190518417,363.5390930175781,38365200
2021-02-09,362.7011552001997,363.89277790526904,362.29157040764335,363.2969665527344,35551100
2021-02-10,365.0378156036463,365.18676844469576,360.73690530404883,363.1387023925781,59154400
2021-02-11,364.21855249837824,364.63748409725014,361.29543496551975,363.72515869140625,42913300
2021-02-12,362.9245677029753,365.7639045862191,362.8500770853384,365.5218811035156,50593300
2021-02-16,366.75067579926497,366.94619235443565,364.48851345953494,365.205322265625,50972400
2021-02-17,363.455213196624,365.54049596951603,362.4404702799734,365.2891540527344,52290600
2021-02-18,362.68256763974955,364.479263411607,360.9603340863235,363.7345275878906,59712800
2021-02-19,364.9912762762247,365.27986352452217,362.645304567679,363.0921630859375,83241000
2021-02-22,360.3273348443789,362.71052376422216,360.02942912693527,360.2994079589844,67414200
2021-02-23,358.0930286391464,362.08674292738397,353.9410715012877,360.73687744140625,107284100
2021-02-24,359.64766215783163,365.1401946066292,358.6608745485557,364.7119445800781,72433900
2021-02-25,363.4459121163381,364.81438610383606,354.4810139951626,355.9239501953125,146670500
2021-02-26,357.8044726689712,358.9495032557424,352.1071613879296,354.09002685546875,152701600
2021-03-01,358.9588307931296,363.92072482785227,354.2855524299561,362.6732482910156,105348800
2021-03-02,362.89666276485025,363.1293962418053,359.34048841861335,359.84320068359375,79595300
2021-03-03,359.14505098556646,360.11320193136976,354.97445626184805,355.0768737792969,119940200
2021-03-04,354.89067292653556,357.47866839991167,346.1957524741158,350.682861328125,183433000
2021-03-05,354.1830824863514,358.18611506318695,346.90320141461257,357.1341552734375,152039600
2021-03-08,358.09302696069,360.9044370293171,355.07681030362994,355.3560791015625,123149200
2021-03-09,359.2008783576128,362.9804680067196,358.69816605856334,360.4297180175781,113633600
2021-03-10,362.77566580218155,364.3675549570112,361.3606563767608,362.6732482910156,109899400
2021-03-11,365.14026100475496,368.32403944461987,364.6840840161151,366.3504638671875,86245000
2021-03-12,364.99129202536955,366.98347596763745,364.18138400908146,366.8438415527344,64653600
2021-03-15,367.09516616349055,369.29218502366257,364.95402947649114,369.0315246582031,73427200
2021-03-16,369.6458655473601,370.35335586836266,367.79328809314734,368.56597900390625,73722500
2021-03-17,367.2813248264547,370.6233738852898,366.1362659817345,369.8227844238281,97959300
2021-03-18,367.23478757465904,369.3200702632121,363.76239416037566,364.4419860839844,115349100
2021-03-19,364.141257136667,365.71969051583625,361.59147356195604,363.7676696777344,113624500
2021-03-22,364.28136920712717,368.05466830965446,364.2253325103038,366.67236328125,73778600
2021-03-23,366.0373101003052,367.4849724644324,363.00186510857276,363.7864074707031,90686600
2021-03-24,365.1873437728255,366.8218139815274,361.8903850062456,361.93707275390625,97588600
2021-03-25,360.4987270317707,364.76700718739,358.55602665416086,363.97314453125,116128600
2021-03-26,365.12196135499164,370.2401983720078,364.5242270663124,369.8385925292969,114409100
2021-03-29,368.362923730932,370.557789685478,366.87789404327793,369.6518249511719,108107600
2021-03-30,368.381579616897,369.34358094645273,367.07398064220894,368.6711120605469,76262200
2021-03-31,369.2408018270159,371.7251997987825,369.21278347970974,370.1654357910156,112734200
2021-04-01,372.0987781059756,374.2189375105821,371.893300729822,374.1628723144531,99682900
2021-04-05,376.82474984617124,380.0750207457854,376.7500437520767,379.5332946777344,91684800
2021-04-06,378.9729228929124,380.3551993878055,378.6366742165215,379.30914306640625,62021000
2021-04-07,379.141055188101,380.0937075716996,378.6834126464064,379.7481384277344,55836300
2021-04-08,380.9996431984528,381.60672639186373,380.06566028462163,381.5506896972656,57863100
2021-04-09,381.4293518580536,384.49281512504706,381.3079295009663,384.3246765136719,61104600
2021-04-12,383.7268976917543,384.7355867285504,383.11981447960585,384.4647521972656,56704900
2021-04-13,384.36200222963515,386.2299681294225,383.979065799831,385.60418701171875,56551000
2021-04-14,385.57622623649513,386.6316316879288,383.74562736217496,384.287353515625,61659900
2021-04-15,386.42610852089956,388.68635987083064,386.3794207731198,388.4154968261719,60229800
2021-04-16,389.7043351328216,390.32076721988585,388.2846914947576,389.71368408203125,82037300
2021-04-19,388.77971032486425,389.2280038510843,386.472771544875,387.79901123046875,78498500
2021-04-20,386.5848990980943,387.68699217501296,383.4840687603821,384.95977783203125,81851800
2021-04-21,384.34336511048394,388.80780284580254,384.2032448539139,388.6023254394531,66793000
2021-04-22,388.43420402767475,389.26543407718646,383.9884358212958,385.05316162109375,97582800
2021-04-23,385.6134878217857,390.6383200253725,385.53878173639555,389.2279968261719,73209200
2021-04-26,389.8817967410728,390.61030221191777,389.29338299483373,390.0405578613281,52182400
2021-04-27,390.33944884314224,390.535605765326,388.8170522247635,389.9565124511719,51303100
2021-04-28,390.2274799515401,391.3482710819515,389.3775519031769,389.84454345703125,51238900
2021-04-29,392.5717326349584,392.94532012603673,388.94787411541165,392.3288879394531,78544300
2021-04-30,390.05926790428015,390.90919573054396,388.8544220293682,389.75103759765625,85527000
2021-05-03,391.7404249655094,392.12336135927444,390.0966345103683,390.5916442871094,68128300
2021-05-04,388.602249482538,389.0972592506833,384.4927306617044,388.18194580078125,101591200
2021-05-05,389.82580250833166,390.05929824240366,387.7430102993665,388.30340576171875,60162200
2021-05-06,388.3780814635263,391.53494810160834,386.37002400822354,391.4042053222656,74321400
2021-05-07,392.17016567934985,394.90672923888695,391.4883477759264,394.2529296875,67733800
2021-05-10,394.60789906840847,394.83204591381354,390.2275156127185,390.34893798828125,81852400
2021-05-11,385.82834392591514,387.85507086903533,382.9890279126543,386.86505126953125,116888000
2021-05-12,384.08181415543856,385.3520172707222,377.32910724736956,378.6460266113281,134811000
2021-05-13,380.1964417898234,385.1278705672436,380.14972554113865,383.19451904296875,106394000
2021-05-14,385.9310346899563,389.9284800362055,385.9030163453545,389.07855224609375,82201600
2021-05-17,387.9672597019787,388.9012428166916,386.07124661632497,388.0886535644531,65129200
2021-05-18,388.3500945443385,388.59293922934893,384.5861444411635,384.74493408203125,59810200
2021-05-19,380.0564000490199,383.9137261518179,378.5713418982046,383.73626708984375,106467100
2021-05-20,384.61416996928796,389.1253236094422,384.49277612741383,387.86444091796875,78022200
2021-05-21,389.34942453489305,390.5916376819598,387.0892020087102,387.5468444824219,76578700
2021-05-24,389.78844536691764,392.5717248506236,389.54560067622776,391.4976501464844,51376700
2021-05-25,392.58101863752853,392.93593669892675,390.0499329669356,390.6289978027344,57451400
2021-05-26,391.21739734846744,391.9085355463097,390.1806900517041,391.4042053222656,43088600
2021-05-27,392.43165081383626,392.9453300641983,391.3295292083679,391.6097412109375,56707700
2021-05-28,393.1788390804018,393.44035318988387,392.07674594064906,392.31024169921875,58520200
2021-06-01,394.6731442042603,394.81323593275704,391.5256265248219,391.964599609375,54216600
2021-06-02,392.61842198763014,393.42166217448545,391.60973290730567,392.5810546875,49097100
2021-06-03,390.26477509890356,392.2634837583409,388.79841505022597,391.1240234375,58138800
2021-06-04,392.9732978416649,395.0000532381176,391.1893871156072,394.701171875,55938800
2021-06-07,394.69188585185486,394.86934490806766,393.38431530836596,394.31829833984375,51555000
2021-06-08,395.17747595077844,395.27087993776814,392.57168428200526,394.40228271484375,47134300
2021-06-09,395.24292720536323,395.31766180851946,393.58978752250255,393.8139343261719,48436300
2021-06-10,395.0373870494079,396.5971509849046,393.7204677812437,395.64447021484375,51020100
2021-06-11,396.1956153911513,396.41041324763955,394.90671424062083,396.29833984375,45570800
2021-06-14,396.41041653956006,397.28836288118606,395.16823163226826,397.1856384277344,42358500
2021-06-15,397.3350079519186,397.3723467449024,395.5791155832376,396.4570617675781,51508500
2021-06-16,396.59721625461583,396.8213630595682,392.19816419002484,394.2435607910156,80386100
2021-06-17,393.832670472112,395.0935248680887,391.6378044633818,394.11285400390625,90949700
2021-06-18,390.82940868218697,391.52280806426444,388.5899013988071,388.7960510253906,118676300
2021-06-21,390.5576558078238,394.5494491775668,389.74243684552914,394.3620300292969,72822000
2021-06-22,394.352770816312,397.30443721316965,393.6312326641742,396.470458984375,57700300
2021-06-23,396.5453725429614,397.3512120232172,395.9081931498081,395.9925231933594,49445400
2021-06-24,398.1382519193238,398.75667208694006,397.8852332546115,398.33502197265625,45110300
2021-06-25,399.08471063989845,400.1997887962621,398.75674142988316,399.75,58129500
2021-06-28,400.2747165613677,400.7244767038043,399.0753085212979,400.5558166503906,53159600
2021-06-29,400.9400834258965,401.5772628150839,400.2373044711945,400.77142333984375,35970500
2021-06-30,400.3122760719077,401.78343362434913,400.28416605608436,401.1087646484375,64827900
2021-07-01,401.86778124712555,403.48886848690523,401.8021816752853,403.3295593261719,53441000
2021-07-02,404.4914967088667,406.7684938220398,403.4138793575893,406.41241455078125,57697700
2021-07-06,406.4685771019908,406.68410626099694,402.9359520976346,405.6720886230469,68710400
2021-07-07,406.35615449938257,407.38690265779184,404.3415272693066,407.10577392578125,63549500
2021-07-08,401.78341990828244,404.5476952865336,400.60274209170535,403.7886962890625,97595200
2021-07-09,405.2973539710542,408.39894982783824,403.59193664787284,408.0990905761719,76238600
2021-07-12,408.01477435650503,409.8139013313476,407.5837445402164,409.5608825683594,52889600
2021-07-13,408.77374227084334,410.27300986948524,407.9023031665115,408.1646728515625,52911300
2021-07-14,409.8606803722424,410.34795874869207,407.52746339505444,408.7737121582031,64130400
2021-07-15,407.4336919439351,408.1083607813638,405.4752849871555,407.3774719238281,55126400
2021-07-16,408.5582032401322,408.60504373099667,403.7886802665075,404.1822204589844,75874700
2021-07-19,399.35644496226297,404.24778712950507,395.40214130525,398.2132568359375,147987000
2021-07-20,398.8785584072042,405.1942176052661,398.0820699298473,403.9198303222656,99608200
2021-07-21,405.1193682371081,407.3307947672332,403.87311916349944,407.1902160644531,64724400
2021-07-22,407.3681167667281,408.2864248103382,406.3842377598322,408.04278564453125,47878500
2021-07-23,409.9731072389194,412.5780733348413,409.28908738037114,412.2407531738281,63766600
2021-07-26,411.6503882088871,413.26209560038063,411.6035477215418,413.2527160644531,43719200
2021-07-27,412.21265274876606,412.2407627628377,408.5394488652319,411.36932373046875,67397100
2021-07-28,411.9971110612924,412.57807039855686,409.77633422865034,411.20062255859375,52472400
2021-07-29,412.12833741336397,413.9836556005954,412.1189578762892,412.90606689453125,47435300
2021-07-30,410.33861945094543,412.3532469313262,410.20742030714354,410.9008483886719,68951200
2021-08-02,412.61549088677026,413.16834011828394,409.68255608198217,410.03863525390625,58783300
2021-08-03,410.8352668145335,413.4964534004576,408.642599597881,413.3746337890625,58053900
2021-08-04,412.09086705960937,413.3464954516936,411.1069878900075,411.34124755859375,46732200
2021-08-05,412.5031195904007,414.0304970317783,412.18452990878626,413.9461669921875,38969700
2021-08-06,414.2647578157139,415.0518667835452,413.983629086822,414.63018798828125,46930000
2021-08-09,414.60214843098646,414.920738167619,413.52455961081546,414.2929382324219,41222600
2021-08-10,414.74262797604996,415.52038600343246,414.05860812109773,414.8082275390625,43339300
2021-08-11,415.87647880877864,415.9326988371535,414.75202104898426,415.8389892578125,44034300
2021-08-12,415.68899640806853,417.2257532062454,414.78944749477773,417.0851745605469,38909400
2021-08-13,417.5349995492506,417.86296875743454,417.0477498031309,417.84423828125,39470300
2021-08-16,416.54171828206023,418.95926500085824,414.98623095911614,418.8280944824219,73740000
2021-08-17,416.269910044732,416.9445788047778,413.0933648884497,416.08251953125,92673900
2021-08-18,415.0706919850857,416.6355593375459,411.2850758848466,411.5286865234375,89351900
2021-08-19,408.8018064511608,413.36520830572493,408.66125638495504,412.165771484375,92812200
2021-08-20,412.5125882742713,415.7734648944083,412.02530981202267,415.44549560546875,72008700
2021-08-23,417.1320972978909,420.0088125987634,415.5203897980154,419.0998840332031,54973000
2021-08-24,419.7651672363281,420.2992860816183,419.24980746387826,419.7651672363281,38744700
2021-08-25,419.952627156467,421.1613864338086,419.57778881704434,420.6460266113281,40529700
2021-08-26,420.3648595615522,420.5991192042751,418.0691322205563,418.162841796875,57829600
2021-08-27,418.96864575668053,422.27639048792906,418.91242573488046,421.9015808105469,77235100
2021-08-30,422.57631070476276,424.544097540426,422.33267151100796,423.7569885253906,48357400
2021-08-31,423.66317759050685,424.00049768933224,422.52936913015344,423.1290588378906,59300200
2021-09-01,424.0661623524176,424.58152211457764,423.11974426960506,423.35400390625,48721400
2021-09-02,424.7783747777005,425.462394702092,423.45714682758916,424.65655517578125,42501000
2021-09-03,423.5227471397682,425.0688552215791,423.11979877975574,424.553466796875,47170500
2021-09-07,424.20669853552585,424.30040810634716,422.3607315153163,423.035400390625,51671500
2021-09-08,422.501380605156,423.2322696255754,420.5991646484169,422.5201110839844,56181900
2021-09-09,422.32328581858627,424.0755433312676,420.46793919543404,420.7115783691406,57970400
2021-09-10,422.64186111668704,423.0635112920505,417.27262011455633,417.3944396972656,89948200
2021-09-13,420.3929721292917,420.65534176904265,416.1481602138,418.462646484375,83738600
2021-09-14,419.90575326564493,420.1119029115105,415.314269621711,416.2044677734375,78197100
2021-09-15,416.62609222178327,420.17747647552517,415.52039355154807,419.68084716796875,78792200
2021-09-16,419.15608350800755,420.1305829932493,416.063839190952,419.0155334472656,77786700
2021-09-17,418.2427985470541,418.66579952568367,414.5766179390553,414.933837890625,118425000
2021-09-20,408.8048283528595,410.38408955076596,403.1457660287209,408.01519775390625,166445500
2021-09-21,410.3559031370975,411.6531636956014,407.10337084294684,407.6297912597656,92526100
2021-09-22,409.9046386502538,413.64601007748894,407.74255702757415,411.6061096191406,102350100
2021-09-23,413.4768249344985,418.21463714747955,413.2418148065021,416.6071472167969,76396000
2021-09-24,414.97152508235223,418.00786655031254,414.7553054165893,417.2934265136719,62094800
2021-09-27,416.25927810404113,417.42491899440677,415.4038379162627,416.0994873046875,61371100
2021-09-28,413.3264910581115,413.65551103539497,406.98121643473854,407.7144470214844,130436300
2021-09-29,409.09622503378733,410.83530568589765,407.8365742138815,408.4006042480469,82329200
2021-09-30,409.8764821735044,410.58151260645667,403.0705975741562,403.4090270996094,140506000
2021-10-01,405.1386734490561,409.8858665977476,401.61352150069314,408.20318603515625,129240100
2021-10-04,407.037558391636,407.9399892875987,400.79567536580527,402.9389953613281,128570000
2021-10-05,404.4430304326626,409.3782432393912,403.64401892844825,407.1315612792969,90682500
2021-10-06,403.5312059070278,409.0304489893108,401.90495407806975,408.8236389160156,113032200
2021-10-07,412.1043841974191,415.1970969045478,411.92577420062315,412.3581848144531,72437500
2021-10-08,413.1289992900791,413.5144193283019,410.9762985644965,411.6061096191406,74557400
2021-10-11,410.9480912711501,413.86222243707743,408.56038046823124,408.6261901855469,65233300
2021-10-12,409.54746158614824,409.9516721203581,406.83073074231044,407.620361328125,71181200
2021-10-13,408.6449718376633,409.9046225853422,405.6650597065649,409.0867919921875,72974000
2021-10-14,412.7529748558683,416.1183359496485,412.28295460047235,415.9679260253906,70236800
2021-10-15,418.0830234599393,419.50249383265776,417.4625932709582,419.1358642578125,66260200
2021-10-18,417.34977745930763,420.71510979062344,416.6917376412568,420.376708984375,62213200
2021-10-19,422.0030022074686,423.68565408047556,421.39195292020696,423.619873046875,46996800
2021-10-20,424.0805016742407,425.5845723051379,423.96770139728164,425.28375244140625,49571600
2021-10-21,424.682063831623,426.6185448638883,424.24965325713134,426.3929443359375,41305400
2021-10-22,425.96058146063757,427.40825194853414,424.0052810402493,425.951171875,58845100
2021-10-25,427.04163242690424,428.5644935725112,425.26497065295007,428.2354736328125,45214500
2021-10-26,429.78648871271434,430.9991201914676,428.24480866378605,428.6208190917969,56075100
2021-10-27,429.0814650009743,429.7488856725393,426.64673504629013,426.7219543457031,72438000
2021-10-28,428.15085513172806,430.9145766067055,428.1414742340312,430.8393859863281,51437900
2021-10-29,428.53625110147857,432.00500278448646,428.244840846289,431.7135925292969,70162400
2021-11-01,432.70065934906575,433.07669852419264,430.7265971184563,432.4562683105469,48433600
2021-11-02,432.62545072020157,434.51494135185385,432.4938312768331,434.2047119140625,48908400
2021-11-03,433.6407005054024,437.25986241274643,433.19888029300824,436.85565185546875,52509800
2021-11-04,437.4572266750685,438.99890684181076,437.1094162853852,438.914306640625,52847100
2021-11-05,441.1422252320449,442.43007618696566,438.92374331887703,440.43719482421875,66390600
2021-11-08,441.53708204527277,442.0353024166088,440.1270211428771,440.813232421875,50405200
2021-11-09,441.1798210293701,441.41483115793073,437.946079365355,439.35614013671875,51149100
2021-11-10,437.6641269728258,439.3562174087155,434.3364036223292,435.8216552734375,69429700
2021-11-11,437.3162154925545,437.39143479469317,435.94376444998505,435.9625549316406,34848500
2021-11-12,437.2315739636778,439.807275407171,436.28212400629286,439.2526550292969,53466700
2021-11-15,440.540545708173,440.70033651062397,438.27504490739136,439.403076171875,46980500
2021-11-16,439.1399514053057,442.2796835013746,439.0647607814874,441.1422424316406,48857500
2021-11-17,440.8790082432791,441.0576182388675,439.4501569663317,440.0705871582031,47858300
2021-11-18,441.1046072166389,441.8284567817868,438.3784954289363,441.56524658203125,50625600
2021-11-19,441.4524058684626,442.70267579983584,440.4089746825623,440.7756042480469,57315600
2021-11-22,442.6557009805207,445.1468026589416,439.3279494564215,439.5347595214844,72762000
2021-11-23,439.205682845372,440.9729634115955,436.6017812293338,440.1175231933594,73206500
2021-11-24,438.115291443818,441.4148429167893,437.2974607646824,441.2926330566406,61858800
2021-11-26,434.61837171536075,436.08483277035555,430.32237924723853,431.450439453125,112669600
2021-11-29,436.24463852719293,438.58533038960036,434.0449470141302,436.74285888671875,86268800
2021-11-30,434.29870556860726,436.2069866122317,428.0004228222706,428.2448425292969,148559600
2021-12-01,433.9603158081163,436.8086374124799,423.290850257439,423.4882507324219,131939200
2021-12-02,423.7045239141556,431.5444593337186,423.3096942265421,429.9745788574219,127637800
2021-12-03,431.638417799551,432.7006394884692,422.0030024782896,426.2331848144531,137331600
2021-12-06,428.78064745203505,433.1612393139571,426.36473665327475,431.2811584472656,98977500
2021-12-07,436.5642266881175,440.7662090115453,431.1495840464495,440.2021789550781,95484700
2021-12-08,440.5970473857132,441.81908870916527,438.83914733929845,441.36785888671875,72238800
2021-12-09,440.0800010576555,441.4712714729504,438.190538959741,438.387939453125,61272600
2021-12-10,441.0952068137605,442.665058357532,438.53829554873346,442.5146484375,77159800
2021-12-13,441.9976072567939,442.3454176220599,438.3126361887649,438.59466552734375,87724700
2021-12-14,435.323378332146,437.8144800719802,432.65366659136504,435.5771789550781,97264100
2021-12-15,435.63360291576834,442.6274781927471,433.11427244709614,442.3830871582031,116899300
2021-12-16,444.2350081870244,444.517008901416,436.930874118884,438.4819641113281,116568600
2021-12-17,435.39999504107936,438.4092618245341,432.1077368438548,433.815185546875,135511600
2021-12-20,428.7305989396733,429.59845850346267,425.5798363191293,429.2022705078125,107134800
2021-12-21,432.62657449075914,436.9659586009306,430.4568968299471,436.824462890625,69806300
2021-12-22,436.56976321936594,441.30533523820264,436.37164043974565,441.192138671875,58890200
2021-12-23,442.19209581442925,445.4371985113299,442.0883418877811,443.9372863769531,56439700
2021-12-27,445.3145747017814,450.26712634622396,445.26741905868244,450.219970703125,56808600
2021-12-28,450.65389822973356,451.6821388256294,449.0879451201847,449.85205078125,47274600
2021-12-29,449.9557881814939,451.4462575660911,448.9558468297353,450.4274597167969,54503000
2021-12-30,450.8519578886304,451.8613419081985,448.72002207295793,449.1822509765625,55329000
2021-12-31,448.69166600009044,449.84251679144165,447.7766221637112,448.0501708984375,65237400
2022-01-03,449.31432242601716,450.7765215542985,447.0031490248722,450.6444396972656,72668200
2022-01-04,452.06883419971206,452.7857840929789,448.63505185674353,450.4934387207031,71178700
2022-01-05,450.1255683158479,450.8991165177179,441.7486775164381,441.843017578125,104538900
2022-01-06,441.38079236108484,444.1447805813084,439.060147736231,441.4279479980469,86858900
2022-01-07,441.4373722231892,442.61655098349416,438.32432302285764,439.6827392578125,85111600
2022-01-10,436.4848285240226,439.35257058794156,430.73043032250024,439.1356201171875,119362000
2022-01-11,438.8715364116939,443.2297770827889,435.8716833675285,443.13543701171875,74303100
2022-01-12,444.87117806328797,446.38997545502053,442.3713245554861,444.3334655761719,67605400
2022-01-13,445.4371934481838,446.0881025089078,437.18294108680465,438.211181640625,91173100
2022-01-14,435.06038106331687,438.7394131797268,433.8434604749311,438.390380859375,95890900
2022-01-18,433.6925742478842,433.90011089418675,429.51357096718334,430.626708984375,109709100
2022-01-19,432.17374552013666,433.56987477528105,425.8816348637501,426.15521240234375,109357600
2022-01-20,428.04193941787696,432.749212360242,419.3160155840139,421.43853759765625,122379700
2022-01-21,420.31599511855075,422.6743531254501,413.137167164053,413.16546630859375,202271200
2022-01-24,407.5525363125253,415.4294573025682,396.9210694706066,414.9200439453125,251783900
2022-01-25,408.52413091783615,414.8067989622443,402.9489701470522,409.854248046875,167997300
2022-01-26,415.7501849161173,418.8820910132849,404.56212043743244,408.8260498046875,186391100
2022-01-27,413.4295686804275,416.5708886311564,405.11871802199556,406.8072814941406,149878300
2022-01-28,408.1657129140467,416.95767810367454,403.5810789597359,416.9105224609375,164457400
2022-01-31,416.24066741224294,424.7684964246404,414.891693794857,424.4194641113281,152251400
2022-02-01,425.14585473478627,427.9287283515847,421.6177608084225,427.2872619628906,123155400
2022-02-02,429.6927673307446,432.16432156191325,427.3815652994968,431.4379577636719,117361000
2022-02-03,425.40057576602374,427.30611843415994,420.45743842360054,421.2970275878906,118024400
2022-02-04,421.06124440475634,427.1269342906215,418.6840011085922,423.2781066894531,118454400
2022-02-07,424.0421998784849,425.4383293530502,420.5895604027736,421.919677734375,84472900
2022-02-08,421.4196471387826,426.3155998254575,419.995189934305,425.39111328125,81012000
2022-02-09,429.4287461643554,431.9380428436514,429.2306521284659,431.6173095703125,92589900
2022-02-10,425.76845767621467,431.7775484247765,421.86303233721947,423.8629150390625,140103700
2022-02-11,423.947877125735,426.0232149227556,414.0710725267029,415.50494384765625,153214600
2022-02-14,414.995546790282,416.58035643251037,410.67501887953995,414.1465148925781,123006300
2022-02-15,418.58959908256503,420.9951122132897,418.0707431602709,420.8253173828125,88482700
2022-02-16,418.77828888356663,422.67430043142383,416.9010453564432,421.2970275878906,84863600
2022-02-17,418.10854352626,421.2687487717077,411.693821753136,412.29754638671875,102259100
2022-02-18,412.5521783816633,413.80684068369413,407.35437806745165,409.6278381347656,132642900
2022-02-22,407.4205273459961,410.82598263729784,401.7321399493936,405.2319641113281,124391800
2022-02-23,408.1468368692283,408.71284849771104,397.477628508236,398.04364013671875,132578000
2022-02-24,387.73293471716227,404.46786365481387,387.3744884622656,404.0339050292969,213942900
2022-02-25,405.26956900150043,413.03329219005104,403.61871876539095,412.9483947753906,121804500
2022-02-28,407.5525830665725,413.3730235849013,406.29794921127944,411.8919677734375,145615000
2022-03-01,410.3919658423738,412.40129113186845,402.9112336256211,405.61865234375,137785900
2022-03-02,407.87329353346485,414.8068717900214,407.11863049118716,413.08056640625,117726500
2022-03-03,415.5143397383029,416.1180643570966,409.22222854392,411.0240173339844,105501700
2022-03-04,407.2884450363373,408.8166564833454,403.63771129325096,407.6846618652344,113978200
2022-03-07,407.09966398019566,407.807171236879,395.600310398485,395.6663513183594,137896600
2022-03-08,395.8456881080304,403.0056598874273,391.60064350287837,392.6666259765625,164772700
2022-03-09,401.052866089248,405.175270488169,398.86430336951577,403.1942443847656,116990800
2022-03-10,398.5813104458791,402.2697853678107,396.61916949340304,401.3736267089844,93972700
2022-03-11,403.8640420157582,404.4772092709991,395.7607282684723,396.2701416015625,95636300
2022-03-14,397.04364145545367,400.49625143515976,392.23258649023603,393.3740234375,95729200
2022-03-15,395.9871173439881,402.65655987964084,394.7136272071247,402.0245361328125,106219100
2022-03-16,405.5337497664183,410.995685192888,400.7321084005492,410.9390869140625,144954800
2022-03-17,409.02416595069127,416.08038330078125,408.64683443641115,416.08038330078125,102676900
2022-03-18,414.4678791360529,420.9593028336933,413.7297868077792,420.6375732421875,106345500
2022-03-21,420.46728690424806,422.47338269242965,417.00392141262006,420.5146179199219,88349800
2022-03-22,421.9055997031732,426.37201295183075,421.9055997031732,425.4352111816406,74650400
2022-03-23,422.8991946168003,424.39429439850414,419.8711071405114,419.9562683105469,79426100
2022-03-24,421.9813008840571,426.29630669485863,420.8647048360825,426.2868347167969,64736900
2022-03-25,426.92091553706297,428.6431408824674,424.3375775189563,428.36871337890625,77101300
2022-03-28,427.7724596050413,431.4156188964844,425.87991232408183,431.4156188964844,68529800
2022-03-29,435.30485728967426,437.24473588066155,432.61744319877937,436.7526550292969,86581500
2022-03-30,435.60762945908306,436.4214398536475,431.9455548784965,434.0557556152344,79666900
2022-03-31,433.2893334473063,434.11258705050625,426.9209002404847,427.3751220703125,121699900
2022-04-01,428.9553048993876,429.09724017093697,425.0093599604166,428.5862731933594,89048800
2022-04-04,428.78500420961205,432.36191762304253,427.96175071510544,432.2578125,59601000
2022-04-05,430.76271011439627,433.23247058270414,425.65283796639494,426.7978210449219,74214500
2022-04-06,422.8802663750546,424.8106439250677,419.64399762453365,422.5301208496094,106898000
2022-04-07,421.6500972677455,426.47609894481815,419.70077574327007,424.65924072265625,78097200
2022-04-08,423.90227693918933,426.4193687220367,421.981342273067,423.5237731933594,79272700
2022-04-11,420.24961995400275,421.0918174503352,415.7832355906516,416.2847595214844,89770500
2022-04-12,419.2749706687826,421.8015343492119,413.1904372386116,414.7423400878906,84363600
2022-04-13,414.49623018176845,420.24956105130474,414.3164358847849,419.4925537109375,74070400
2022-04-14,419.7197127519559,420.8363377308492,414.1650904269717,414.2691955566406,97869500
2022-04-18,413.341833148195,416.1238802748247,412.2062931005156,414.43951416015625,66002500
2022-04-19,414.33540185587515,421.8488175877449,414.1650795150678,421.1296691894531,77821000
2022-04-20,422.9086378808468,423.52370998577396,419.6534541721469,420.8173522949219,65224400
2022-04-21,424.441679554067,425.83270326471836,413.61630443070874,414.52471923828125,85417300
2022-04-22,413.43650465990896,414.5436288750389,402.58274261879126,403.1505126953125,132471800
2022-04-25,400.9077407495504,405.65802372987287,396.33722318186966,405.4877014160156,119647700
2022-04-26,402.95173179386785,403.1504700703284,393.71611977901205,393.7445068359375,103996300
2022-04-27,394.8232059633786,400.19806220831515,392.71303421926314,394.8515930175781,122030000
2022-04-28,399.6019274903522,406.5570449371299,395.1639015423122,404.8253479003906,105449100
2022-04-29,400.83211704855785,402.9896201658994,389.1172427381389,389.86480712890625,145491100
2022-05-02,389.93096400591037,393.57412309220445,383.259717889403,392.21148681640625,158312500
2022-05-03,392.71303964199615,396.4224162058567,391.1516650055243,394.0094299316406,100028200
2022-05-04,394.67183940897127,406.5759792490273,391.48290152050896,406.0082092285156,144247900
2022-05-05,401.740453562189,402.16628824210756,387.44227303458774,391.5774841308594,172929100
2022-05-06,389.01313791973797,392.5143334096191,383.9316525873715,389.240234375,151770800
2022-05-09,383.3355021930368,384.5751184962438,375.19754216123187,376.77783203125,155586100
2022-05-10,382.75818692997774,384.2627584402979,373.60773768353124,377.6483154296875,132497200
2022-05-11,376.6832006420824,382.3324561154293,370.9014529815829,371.6490173339844,142361000
2022-05-12,368.45061311196713,374.53514652082424,364.4573366484498,371.26104736328125,125090800
2022-05-13,375.3962141833524,381.5186058960115,374.35530738560897,380.1370544433594,104174400
2022-05-16,378.49055876588955,382.26618152652463,376.2384227760437,378.5946350097656,78622400
2022-05-17,384.68869959743125,386.6191062996921,380.9509064114928,386.3825378417969,83029700
2022-05-18,381.82140136948277,382.1052719010939,369.5671465773128,370.8067626953125,117674500
2022-05-19,367.7408392133795,372.9642879303813,366.31195684652164,368.53570556640625,98510700
2022-05-20,372.12210011344524,375.6990132327795,360.09497051983396,368.69659423828125,131432200
2022-05-23,371.72471605038334,376.3614806717681,369.406362617675,375.5950012207031,76414900
2022-05-24,371.4691925228241,373.92003788214953,366.1700541533183,372.7277526855469,91448800
2022-05-25,371.2326096418207,377.98901729728556,370.83519088442847,376.020751953125,91472900
2022-05-26,377.2509375219795,385.1712435361306,377.0427561590206,383.5341796875,82168300
2022-05-27,385.9944682150054,393.06313317262965,385.7957588445441,392.9495849609375,84768700
2022-05-31,391.33152767867176,394.08518796704755,388.0006542200998,390.7448425292969,95937000
2022-06-01,392.8644517588874,393.87694263717856,385.06713709140746,387.584228515625,86585800
2022-06-02,387.42343703743313,395.0125426179488,385.17130074310455,394.9652404785156,79609600
2022-06-03,390.2432399078514,391.7951425251517,387.50852412899536,388.4831848144531,71874300
2022-06-06,392.4954566785765,394.22712507510215,388.492707995611,389.6661071777344,57508900
2022-06-07,386.1742627730429,393.85799980122914,385.710569071012,393.4037780761719,59272400
2022-06-08,391.6910721501235,393.47954333395916,388.33181201108613,389.1266784667969,64350000
2022-06-09,387.34765697732666,389.61870798841755,379.8721008300781,379.8721008300781,86289800
2022-06-10,373.6645386433497,374.5161791416106,368.8101502618891,368.8574523925781,132893900
2022-06-13,359.442032834515,361.2967210051914,353.2439234260221,354.85260009765625,170004900
2022-06-14,356.60323107069917,357.6346658846879,350.679548775885,353.7833251953125,104011800
2022-06-15,357.0858572117837,363.2744957746672,352.12739188091416,358.8270263671875,125666800
2022-06-16,350.60392594515343,351.01081676127995,344.5193632718366,346.9512939453125,134473300
2022-06-17,347.3665849634016,351.0444787331084,344.19238154711957,347.6991882324219,111113900
2022-06-21,353.4299145965904,357.8395764065463,353.3538694431423,356.4520568847656,76811900
2022-06-22,352.2229054186672,359.9208378596493,351.8047441204501,355.8057861328125,90059400
2022-06-23,357.9441735497339,360.0254385770398,354.3803178822355,359.2936706542969,79292100
2022-06-24,362.46781975387455,370.7264623574381,362.4393100729595,370.7169494628906,98050300
2022-06-27,371.6387840560035,371.93339374615164,368.20799359853146,369.3009033203125,66009600
2022-06-28,370.859544492515,373.64409647087297,361.64102718888944,361.75506591796875,86548900
2022-06-29,362.3062847809654,363.29463974904866,359.63577158326706,361.46044921875,65676000
2022-06-30,357.56389907239446,361.7645084605366,354.0665767146873,358.5237731933594,112508300
2022-07-01,357.86802077080847,362.7528913914141,355.2450145074344,362.3157043457031,74839700
2022-07-05,357.2218760257325,363.01908682641243,354.3897883879628,363.00006103515625,81438000
2022-07-06,363.14252639295074,366.715894004098,360.7571393570924,364.2259521484375,70426200
2022-07-07,366.0031367080708,370.4793302796413,364.2449625145711,369.6810302734375,64525900
2022-07-08,368.04645446042775,371.2491967887842,366.516386504775,369.3769836425781,72397800
2022-07-11,366.6968987191373,367.6662567653329,364.46354395303933,365.1573181152344,58366900
2022-07-12,364.60614303529803,366.99155941529256,360.17745545859367,361.9261169433594,62219200
2022-07-13,356.48050078741414,362.96197129328345,356.0623395287953,360.02532958984375,84224600
2022-07-14,355.064490796516,360.234458871572,352.6220841639683,359.15106201171875,89704800
2022-07-15,363.5606860012762,366.12667298735175,361.6504796031944,366.01263427734375,79060400
2022-07-18,369.1013562443131,369.7761047012278,361.7645652536722,362.99053955078125,63203600
2022-07-19,366.91550902545094,373.3684709198661,366.25978635540963,372.7982482910156,78506000
2022-07-20,372.98828349436786,376.59016077722407,371.6197609648057,375.1741027832031,71843800
2022-07-21,374.59442084284586,379.0421048535145,372.1900078667484,378.9945983886719,64903900
2022-07-22,379.1182025989379,380.3156383047251,373.2544596880856,375.4783020019531,72197300
2022-07-25,376.10550632547137,376.78976766133366,373.6915803624673,375.9344482421875,53631500
2022-07-26,374.29024240597994,374.49932302499343,370.59335250949107,371.4866943359375,52946400
2022-07-27,374.78449853291994,382.8815960228277,374.4898888264092,381.1329345703125,82342100
2022-07-28,381.9407350618802,386.60698374585616,378.38636390787866,385.9132385253906,73966600
2022-07-29,387.3483007860886,392.5277822061919,386.5785103442153,391.5393981933594,87003700
2022-08-01,388.84030221771746,392.88885045045953,388.1275312754867,390.3798828125,69997500
2022-08-02,388.81185464934134,392.49926155328086,386.6260350117583,387.8044738769531,63435400
2022-08-03,389.9332356443753,395.0461841555904,389.6481388511842,393.87725830078125,67820600
2022-08-04,393.8012609389681,394.4855223283824,391.9670703405135,393.6112060546875,45656600
2022-08-05,389.3249878237103,393.5921004969027,389.267968469709,392.94586181640625,56814900
2022-08-08,394.63757214293867,396.8899240250277,391.3873233872075,392.48974609375,53886100
2022-08-09,391.75799267097744,392.26168307241494,389.85726979721653,390.9311828613281,44931800
2022-08-10,397.9923437821938,399.28485036063125,396.03460162898654,399.14227294921875,68665700
2022-08-11,401.993357133819,403.85608634972215,398.40099222133176,399.14227294921875,59489700
2022-08-12,401.0810440036907,406.0039093837423,400.1306825479558,405.8993835449219,61694500
2022-08-15,403.68498595264106,408.09467660080554,403.6279665910464,407.57196044921875,54048300
2022-08-16,406.4980871972697,410.29953275176706,405.69027421639345,408.37030029296875,59289000
2022-08-17,404.76845200711864,408.18024616058966,403.4664614502562,405.4717102050781,63563400
2022-08-18,405.6712159722093,407.33434826924736,404.37873850839094,406.6501159667969,49023200
2022-08-19,403.8845695793236,404.1506695923492,400.3112016877868,401.185546875,68016900
2022-08-22,396.3481983345936,396.51928542351556,391.92902375820364,392.8318786621094,77695600
2022-08-23,392.40421793285645,394.7991472328157,391.33030490584025,391.88153076171875,49105200
2022-08-24,391.6533655600833,394.50444934461694,390.96913329441026,393.1359558105469,49177800
2022-08-25,394.6280346959815,398.73360265745475,393.5351249523274,398.68609619140625,50942300
2022-08-26,398.5720522592657,399.1137361754967,385.13392912672487,385.1909484863281,103087000
2022-08-29,382.23539449766605,385.69469516399244,381.285033028505,382.64404296875,65370800
2022-08-30,383.8034109464827,384.0410012678557,376.34306905482566,378.443359375,85652400
2022-08-31,380.07799803546214,381.3229690519403,375.4307462340977,375.56378173828125,76029700
2022-09-01,373.38753471575,377.0844257808097,370.6789987050582,376.7423095703125,78740100
2022-09-02,380.41068976459894,381.6271512915678,370.954581494423,372.769775390625,99632100
2022-09-06,373.6155413307237,374.55638973388335,369.1393477426086,371.3631896972656,76637400
2022-09-07,371.04965728307343,378.8046111007957,370.831092685803,378.0348205566406,70964200
2022-09-08,375.7633523475096,380.96180059480923,374.5563749860969,380.5056457519531,80821700
2022-09-09,382.74852125573165,387.28176346215974,382.4824212375365,386.41693115234375,76706900
2022-09-12,388.48874399097315,391.2923218090903,388.1846213728781,390.5700378417969,69256300
2022-09-13,381.88367179340526,383.0906492168183,372.46561674955393,373.5870361328125,122947100
2022-09-14,374.8890521407821,376.5331877578143,371.7053357392143,375.0126037597656,85023700
2022-09-15,373.4539664457312,376.3050503313671,369.48146319239925,370.75494384765625,87633800
2022-09-16,366.57147330224217,368.58495903524056,364.6342868550473,367.926513671875,103084800
2022-09-19,364.77744712887517,370.7797546386719,364.701089599931,370.7797546386719,73278500
2022-09-20,367.44941174370973,368.4609306805626,363.7659614872204,366.5237731933594,77274900
2022-09-21,368.45132204995605,371.50498233585387,360.1206054997159,360.1301574707031,106746600
2022-09-22,359.35721571534805,360.9985532046951,356.36083780125125,357.10516357421875,89472600
2022-09-23,353.63161092219536,353.66978968711527,346.67503807204696,351.1219177246094,122346900
2022-09-26,349.6523393463072,353.27853570562985,346.42691809015844,347.64837646484375,92581200
2022-09-27,351.1886392749828,353.4597949219976,344.36564948559527,346.7608642578125,108294100
2022-09-28,347.7152275322068,355.27299311416255,346.01663630256644,353.5839538574219,110802200
2022-09-29,350.03404240715685,350.3203103402681,343.24923029563433,346.1979064941406,112952300
2022-09-30,345.2531217473703,349.17516668139064,340.71083940826395,340.84442138671875,153711200
2022-10-03,344.56611454293574,351.6944777642895,342.7816430249758,349.84320068359375,89756500
2022-10-04,355.3683901017397,360.7122815791371,349.8050362444443,360.68365478515625,103602800
2022-10-05,356.313047756302,362.1054145870555,353.98463866038963,359.84381103515625,88065700
2022-10-06,358.44114174816866,361.3993701215644,355.6355993235401,356.1318359375,82333500
2022-10-07,352.09525889115315,356.2176918591457,344.432509914981,346.1979064941406,107789500
2022-10-10,347.3144345542121,347.55300090951783,341.31212602246524,343.55462646484375,76042800
2022-10-11,341.8559778454328,346.4269166005978,339.44168789952687,341.37884521484375,92482800
2022-10-12,341.7891897787711,343.36372158176107,340.0046893387279,340.2528076171875,76991800
2022-10-13,333.2389867095814,350.7020596679561,332.1892890254387,349.23248291015625,147254500
2022-10-14,351.6944557677686,353.32627035722425,340.6345247152281,341.2738952636719,123737000
2022-10-17,347.36209613161253,351.1505302643893,340.9398806417008,350.0435791015625,93168200
2022-10-18,357.97352458781444,358.27889645424324,350.71155095897484,354.1564636230469,97162900
2022-10-19,352.11427858955096,354.8434919860376,348.8316042350714,351.6466979980469,79746900
2022-10-20,351.19826004641624,355.62606505287266,347.9346598802896,348.6980895996094,88283100
2022-10-21,348.42137072610865,357.65865261101857,346.913644240023,357.1719970703125,131038400
2022-10-24,358.69881886172783,362.6780890904026,356.0459332134546,361.5425109863281,85436900
2022-10-25,361.46614520779,367.63069061993605,361.351638036336,367.3157958984375,78846300
2022-10-26,364.1666701170704,369.8540823855379,363.9090290046154,364.5483703613281,104087300
2022-10-27,365.55042194011406,367.39214701251325,361.9814498519805,362.60174560546875,81971800
2022-10-28,362.49672013245373,371.7053735710983,362.31540741307015,371.2282409667969,100302000
2022-10-31,368.7663054799875,370.6366574184391,367.6402793522776,368.54681396484375,96631300
2022-11-01,372.29707747025043,372.5356437948338,365.76035435229414,366.93408203125,85407600
2022-11-02,366.34247921682703,370.85616501782636,357.6205086522629,357.7254638671875,126990400
2022-11-03,354.4809766440454,357.08613172387004,351.9235523083306,354.0420227050781,87100100
2022-11-04,359.75799240640606,361.5424637304622,353.0781357834755,359.1377258300781,103505200
2022-11-07,360.4354853214063,363.164698821556,358.3551942624768,362.57305908203125,68286900
2022-11-08,363.68004778364957,367.50666109536877,360.44510344190144,364.52935791015625,84641100
2022-11-09,362.5539523085774,363.7086341105511,356.5229895570527,357.01922607421875,78495500
2022-11-10,370.30264142200895,376.9729757332263,368.0028876550996,376.63897705078125,141455800
2022-11-11,377.4978037709963,381.085850591747,375.60834800694585,380.2842712402344,93839900
2022-11-14,378.51889318368023,381.8778966959395,376.7725713035823,377.04931640625,71903500
2022-11-15,382.8035164099832,383.91046764433503,376.44810606485254,380.2651672363281,93194500
2022-11-16,378.6334179598029,379.58768334395705,376.73443916433405,377.3642578125,68508500
2022-11-17,372.60241210724644,376.88708300619,372.2970693510568,376.20953369140625,74496300
2022-11-18,379.5495102867139,379.61631585385857,375.0644803868105,377.917724609375,92922500
2022-11-21,376.59127932303574,377.7173054097724,374.70182350827446,376.5435485839844,51243200
2022-11-22,378.49021994388283,381.7728946397623,377.07789693039774,381.61065673828125,60429000
2022-11-23,381.27670641341655,384.5021279345099,381.04769204993397,384.0154724121094,68261600
2022-11-25,383.45240227506304,384.4830250793276,383.175686313319,383.9295349121094,30545400
2022-11-28,380.83771815093434,382.47905555883773,377.03973194191514,377.80316162109375,67881600
2022-11-29,377.93671115122805,379.1295426207394,375.3124819183031,377.15423583984375,52310000
2022-11-30,377.4023849238339,389.0348815917969,375.4843314190897,389.0348815917969,144566700
2022-12-01,390.0750097932602,391.24876657686235,386.2388738341099,388.74859619140625,76398200
2022-12-02,383.8532600881966,389.20667504467707,383.74830487189024,388.3001403808594,85342700
2022-12-05,385.4754615098056,386.4106228219642,379.9598094992948,381.3148498535156,77289800
2022-12-06,381.1526671084108,381.69657620844976,373.7284840801718,375.81829833984375,77972200
2022-12-07,374.96901554376115,377.54554354532956,374.04337702250234,375.178955078125,65927900
2022-12-08,377.06843441190426,379.18687558828674,375.2839336975472,378.11810302734375,60737900
2022-12-09,376.8774796353652,379.43490324109257,375.16933686743675,375.29339599609375,81447700
2022-12-12,376.08549280299235,380.70416259765625,375.41752454941917,380.70416259765625,75405800
2022-12-13,391.4587178854205,391.71635903607296,380.8186654692543,383.5860290527344,123782500
2022-12-14,383.24246302501166,386.95456892239247,378.18486871743545,381.133544921875,108111300
2022-12-15,376.2668278226688,377.1733915827472,370.15001236187896,371.8104248046875,117705900
2022-12-16,369.2517350620785,370.59383534034583,365.2829507209457,367.42071533203125,119858000
2022-12-19,367.6125210258833,367.9480534682601,362.6371386607899,364.30517578125,79878100
2022-12-20,363.5477938735729,366.4237355185501,362.22485603598886,364.8036193847656,74427200
2022-12-21,367.40155201274337,371.38952801231983,366.86471190276114,370.2583312988281,78167400
2022-12-22,367.20980089104194,370.23912957543627,359.2722031883447,364.9761657714844,100120900
2022-12-23,363.9504836726347,367.2194748542559,362.3974795479765,367.07568359375,59857300
2022-12-27,366.96058546509136,367.3056844290648,363.9504190865602,365.6280517578125,51638200
2022-12-28,365.5609112966341,367.53575137567236,360.85397945187947,361.08404541015625,70911500
2022-12-29,363.93126597675223,368.45608223881914,363.40399242752494,367.5837097167969,66970900
2022-12-30,364.89952091921486,366.75926975895635,362.7808893302895,366.615478515625,84022200
2023-01-03,368.4751764259672,370.449987086223,362.2056162807152,365.0719909667969,74850700
2023-01-04,367.3344711039099,369.92283055639075,364.28597966385496,367.8905029296875,85934100
2023-01-05,365.93482035409846,366.0498533403474,363.09723275612134,363.69158935546875,76970500
2023-01-06,366.787997866155,373.15342943340613,363.7203443233328,372.03179931640625,104189600
2023-01-09,374.2271369047477,377.4194487549502,371.6388067821009,371.8209228515625,73978100
2023-01-10,371.2361840133922,374.4955791323068,370.2966990841329,374.428466796875,65358100
2023-01-11,376.01025589251583,379.24089274048094,375.1953998041472,379.1641845703125,68881100
2023-01-12,380.26666054687666,382.011376504994,376.19240927348505,380.5446472167969,90157700
2023-01-13,377.3427317250366,382.5961292686462,377.07431166109114,382.02093505859375,63903900
2023-01-17,382.00173599624947,383.6793685488554,380.6404441382468,381.3210754394531,62677300
2023-01-18,382.50979578083036,383.5738800387548,375.0994430292772,375.3007507324219,99632300
2023-01-19,373.2588930285292,374.9077675297641,371.2457571335137,372.5686950683594,86958900
2023-01-20,373.9682673467044,379.66263388423897,372.31939304197067,379.5092468261719,91806400
2023-01-23,380.31458203818664,385.99935386476415,379.3559346776604,384.0628967285156,84178800
2023-01-24,382.38518297842836,384.5613014945895,381.1964698645628,383.6506042480469,59524900
2023-01-25,379.57639153162364,384.12996598342204,377.2852105542449,383.79443359375,84800300
2023-01-26,386.45950819175505,388.1754951278568,383.4876955763573,388.01251220703125,72287400
2023-01-27,386.9674741429171,391.2813858949984,386.7565706203697,388.9039306640625,68346200
2023-01-30,386.14313857209555,388.3768032673917,383.7273577965346,384.0245361328125,74202000
2023-01-31,384.5421304079371,389.71881909207235,384.19700222601404,389.6708984375,86811800
2023-02-01,388.45348175657574,396.5636593442866,385.7117643976384,393.81231689453125,101459200
2023-02-02,397.704397771963,401.01174260046105,395.8062948752539,399.5450134277344,101654500
2023-02-03,394.56960600643197,399.72713273402843,394.09028239614366,395.2981872558594,94736800
2023-02-06,392.8440604283562,394.2820312874674,391.2239442533102,392.88238525390625,60295300
2023-02-07,391.96206429093394,399.2669510561357,390.71583467034515,398.0207214355469,90990700
2023-02-08,396.0459432619734,397.388043561494,392.97826035827575,393.6684875488281,76227500
2023-02-09,397.27298063541855,397.42636769460404,389.0286090516376,390.25567626953125,78694900
2023-02-10,389.0765392196659,391.5498653830581,388.26171250273467,391.1664123535156,70769700
2023-02-13,391.81836557198494,395.89261701235364,391.3582042890578,395.7583923339844,64913500
2023-02-14,394.2341337099117,397.8865778364983,391.6170451224685,395.5762634277344,88389300
2023-02-15,393.38091503799455,396.9374882356896,392.5373007553342,396.8608093261719,61555700
2023-02-16,391.8853732614953,395.8349948045501,391.2622584704852,391.3964538574219,76431500
2023-02-17,389.2682823043391,390.6583324559055,387.34139205761664,390.4186706542969,89257800
2023-02-21,386.39237880681736,387.44689668905306,382.3277236123021,382.5865478515625,82655900
2023-02-22,382.9987206737072,384.54215788611697,380.6021026620575,382.05926513671875,83742300
2023-02-23,384.95435986418846,385.56790810303414,379.8639456708509,384.0915832519531,96242400
2023-02-24,379.0683237378521,380.8226354035622,377.36193273433554,379.9886169433594,108194400
2023-02-27,383.33429643374495,384.69558849089844,380.34332149757034,381.2828063964844,80444700
2023-02-28,380.8034546692743,382.76866981415725,379.7680992642455,379.8735656738281,96438600
2023-03-01,379.058688324708,380.2857555557943,377.1126357022291,378.4163818359375,99706800
2023-03-02,376.4416013971857,382.20308082772186,376.1060690029621,381.3594665527344,85127800
2023-03-03,383.18086644105557,387.7248740903768,382.5289933624495,387.4756164550781,90120000
2023-03-06,388.3000821585358,390.60085911261217,387.3031100177366,387.74407958984375,72795900
2023-03-07,387.69614979307676,387.9358116155142,381.1869265041094,381.8004455566406,108310600
2023-03-08,381.91547162159134,383.1808636899206,380.1898891101756,382.4235534667969,74746600
2023-03-09,383.2096475110798,384.8777136423342,374.3805144113086,375.367919921875,111945300
2023-03-10,374.82148382483746,376.901761257044,368.4273229667233,369.9515686035156,189253000
2023-03-13,366.02116036617707,374.2463714168759,364.9091258748091,369.4243469238281,157790000
2023-03-14,374.3517676052174,377.1797888194533,371.0444227448801,375.5309143066406,149752400
2023-03-15,369.9324213189262,373.38352820078774,367.84254796683757,373.1822204589844,172996900
2023-03-16,370.82395451887174,380.0748950855989,370.31587262158683,379.7297668457031,143254200
2023-03-17,378.3979930571189,379.533507168689,373.9040108000652,375.28973388671875,140553400
2023-03-20,376.06916402579844,379.31215983644114,375.3666994576997,378.8983459472656,93055800
2023-03-21,382.2664102459138,384.35462710121084,380.66897882785537,383.87347412109375,91524200
2023-03-22,383.70029405624626,387.318544760657,377.29133237000224,377.3298034667969,111746600
2023-03-23,380.1974645439356,384.2391613901428,375.636143615093,378.349853515625,119351300
2023-03-24,377.06996076940004,380.9191845780308,374.7219318967555,380.83258056640625,107682400
2023-03-27,383.11314920669736,383.88301140436573,380.6496489086387,381.5445861816406,74010400
2023-03-28,380.8518079845922,381.54466943004763,378.8502245684134,380.688232421875,62871700
2023-03-29,384.8550396292689,386.46210360467114,383.65215710396006,386.2215270996094,77497900
2023-03-30,388.85822473969705,389.1084336951085,386.61606470017716,388.4829406738281,69840000
2023-03-31,389.40668731548556,394.25671700401034,389.30081840141827,393.9584045410156,112062600
2023-04-03,393.4387769608017,395.86377728046097,393.04422801384897,395.4596252441406,67391100
2023-04-04,396.10444095509297,396.3931504118375,391.88953544499236,393.2656555175781,66601500
2023-04-05,392.53424390704595,393.2944738697264,390.5807639021192,392.2359313964844,65200200
2023-04-06,391.43713711455257,394.04500709302937,390.38822726994033,393.76593017578125,63743300
2023-04-10,391.2832175790923,394.2471364215444,390.6673570273508,394.1701354980469,63681000
2023-04-11,394.7956849780574,395.6809900883233,393.50619840980073,394.2760314941406,59297900
2023-04-12,396.34489961567357,396.6336089865583,392.08189181419215,392.66888427734375,86420400
2023-04-13,393.75631259262076,398.2406615136449,392.6111662470231,397.8846130371094,85814800
2023-04-14,397.24953269593004,399.44358917464797,394.6031912280039,396.9127197265625,78161500
2023-04-17,396.8260563212096,398.3561190896004,395.5943060151768,398.3368835449219,66436400
2023-04-18,399.9150951800139,400.0498321097644,397.2206502574761,398.59674072265625,63560000
2023-04-19,396.68174813685937,399.43392897608123,396.62401213094887,398.5293884277344,55227300
2023-04-20,395.7098258250606,398.10598763661955,394.80525587274064,396.3545837402344,75840400
2023-04-21,396.65293468061344,397.12445524947367,394.70908702407195,396.6625671386719,73457400
2023-04-24,396.4604650046347,397.49977199704205,395.122874849699,397.07635498046875,64332100
2023-04-25,395.103601057788,395.6617550067555,390.71548786392196,390.7732238769531,97766700
2023-04-26,391.3891301301037,392.46690824121293,388.55994790481657,389.1180725097656,80447000
2023-04-27,391.65854499949717,397.1340685308111,391.40833604006144,396.8646240234375,92968400
2023-04-28,395.97928167060974,400.26155506482286,395.92154566069996,400.2519226074219,89433100
2023-05-01,399.8092778572073,401.8782298985706,399.6168049089298,399.8477783203125,62122300
2023-05-02,399.1356149746384,399.1837478908785,392.4476064659251,395.353759765625,103998500
2023-05-03,395.8541433677578,398.2695405891648,392.39946868953274,392.6400451660156,91531800
2023-05-04,391.59114772802405,391.91832822239473,388.5213894409254,389.8590087890625,94901900
2023-05-05,393.49657525587213,398.12526506376383,393.23676319139554,397.07635498046875,87891800
2023-05-08,397.4035003706773,397.6633124121759,395.7772009206819,397.1821594238281,50046800
2023-05-09,395.6328415851866,396.55664705489033,395.20942462672946,395.44036865234375,49220100
2023-05-10,398.27919887504333,398.914324338217,393.4580365761441,397.28802490234375,96142900
2023-05-11,396.4220067951342,396.8838949247763,394.5166301586064,396.59521484375,70157100
2023-05-12,397.8365674670435,398.04827596600416,393.6505304091499,396.0755310058594,70481500
2023-05-15,396.6818170861844,397.846199230762,394.76683736705866,397.4420471191406,54289400
2023-05-16,396.3353398421656,397.2591747577228,394.77640880213,394.7860412597656,57705500
2023-05-17,396.8068622851723,400.18453618231763,395.1613273420889,399.57830810546875,87287000
2023-05-18,399.26074988190857,403.850968255046,399.03943829896787,403.42755126953125,97177200
2023-05-19,404.33207636027197,404.8613328497813,401.61836671819003,402.8404846191406,103793300
2023-05-22,402.8597493463277,404.54378464321184,401.61836653322445,403.00408935546875,60745400
2023-05-23,401.358516825221,402.93671253841774,398.0866827611539,398.4812316894531,86383500
2023-05-24,396.8742131296412,397.2591296170941,394.4299479150844,395.5943298339844,89213700
2023-05-25,399.1067150856023,400.4732023013642,396.86455539773374,399.0201110839844,90961600
2023-05-26,399.6744966018046,404.90944304818487,399.5975250513779,404.1877136230469,93830000
2023-05-30,406.12200784767117,406.65126441099187,402.95601282370507,404.34173583984375,72216000
2023-05-31,402.51333285149997,403.41790279671176,400.5309849376734,402.09954833984375,110811800
2023-06-01,402.33038895041324,406.97834195434854,401.07940327996636,405.9197998046875,88865000
2023-06-02,408.49884845924817,412.579016016894,407.96959196903765,411.7899475097656,91426200
2023-06-05,412.1364602082128,413.4259468733951,410.29845201140193,411.0009460449219,65460200
2023-06-06,410.5870909976928,412.4250695118066,409.9327006351518,411.89581298828125,64022200
2023-06-07,412.29029915724993,413.4258129527148,410.04811019837797,410.4715270996094,85373300
2023-06-08,410.5389180982335,413.40660011091546,409.7690851631247,412.9543151855469,61952800
2023-06-09,413.75304850629004,415.7065283650919,412.70413856902655,413.6953125,85742800
2023-06-12,414.676947425857,417.52536518959647,413.95521786844915,417.4483642578125,76104300
2023-06-13,418.91104452208407,420.84525956412307,418.2470510492617,420.2005310058594,95899700
2023-06-14,420.53735216092747,422.5100677032549,417.2462527373111,420.700927734375,100612100
2023-06-15,419.8829487810575,427.1676119841462,419.7867416783568,425.9166259765625,110303100
2023-06-16,427.904413934663,428.474279953013,423.9926092848296,424.46588134765625,114165800
2023-06-20,422.52447850076925,423.41307214231983,420.1870344889163,422.263671875,76160400
2023-06-21,421.2784731312149,422.08014103507514,419.5108951805997,420.10009765625,76982300
2023-06-22,419.1438339963334,421.722718296799,418.80576994281824,421.6164855957031,70637200
2023-06-23,418.1586622892244,420.2159925909701,417.71436548656794,418.4291076660156,92074500
2023-06-26,417.8592449307871,419.7813378209466,416.4780427984246,416.7195129394531,72823600
2023-06-27,417.59844581995696,421.9062646558956,417.1444807996532,421.2881164550781,72813700
2023-06-28,420.2063349514927,422.514803688603,419.58818670737986,421.5006408691406,75636000
2023-06-29,421.0852585523664,423.32610840810986,420.679605245235,423.1618957519531,67882300
2023-06-30,426.3783009507995,429.1407051013052,426.0595438710738,428.155517578125,104964000
2023-07-03,427.8078209721531,428.92821645735074,427.5277073626863,428.64813232421875,32793400
2023-07-05,426.8322751907773,428.7447292814146,426.8226069528998,428.0106506347656,58418400
2023-07-06,424.42725571135543,425.0840474287703,422.1477622241082,424.6590576171875,80658300
2023-07-07,423.6641399688983,427.5373299461191,423.34538291856603,423.58685302734375,86134200
2023-07-10,423.2295437531058,424.83290904656155,422.659677750378,424.6590576171875,62443500
2023-07-11,425.4220646553444,427.85607282742535,424.44651594855435,427.36346435546875,64463800
2023-07-12,431.15943303446664,432.2122392972248,429.729919208418,430.8020324707031,91924500
2023-07-13,432.61791761555475,435.0133121303779,432.1832890285731,434.2212829589844,72425200
2023-07-14,435.1098740968055,435.9598242076378,433.18775178790105,433.9508056640625,69815800
2023-07-17,433.8058722872245,436.51032563863066,433.7575605810342,435.45751953125,52680200
2023-07-18,435.12913614001786,439.3403606896483,434.6944781535629,438.6932373046875,80668200
2023-07-19,439.4853035858035,440.85683741354967,438.61598753921226,439.6688232421875,65891700
2023-07-20,438.6739839174844,439.5722457578469,436.0371193951603,436.7518615722656,70591600
2023-07-21,438.47112777830426,438.6739839174844,436.74222281063936,436.7518615722656,71275600
2023-07-24,437.9012445599851,439.5142779903244,436.867745334165,438.70294189453125,54023400
2023-07-25,438.4324765430136,441.156237070321,438.3841648336445,439.9006042480469,55191200
2023-07-26,438.9637376866275,441.39774607749916,437.91093141721467,439.96826171875,71052900
2023-07-27,443.35849914141073,443.7641819600167,436.1433699333953,437.0513000488281,92194400
2023-07-28,440.3256151682766,442.16078225681895,437.05126606431355,441.33013916015625,80011800
2023-07-31,441.80343186125066,442.52784228350436,440.48981896786944,442.17047119140625,62040400
2023-08-01,440.70229523457317,441.6488687577706,439.94890960634154,440.9051513671875,55291500
2023-08-02,437.78533196247287,438.0461090832154,434.01840394785836,434.77178955078125,93933400
2023-08-03,432.75315569310766,435.4093273640729,432.1060027164115,433.5258483886719,64276100
2023-08-04,435.3416597654818,437.44727217935485,431.0434797536367,431.5650634765625,100128900
2023-08-07,433.40023969323573,435.4865451527169,432.7048045400754,435.3320007324219,58357500
2023-08-08,432.7917508600607,435.32238270202885,430.07762882885913,433.43890380859375,71361300
2023-08-09,433.7093468244431,433.87355948928627,429.77820586959297,430.541259765625,78789600
2023-08-10,432.89797658868093,436.2882265207825,429.52706313111736,430.6957702636719,93005500
2023-08-11,428.82196893936987,431.4588333292262,428.22312774254544,430.44464111328125,68690900
2023-08-14,429.5270522820505,432.8206787109375,429.2179634605814,432.8206787109375,47867400
2023-08-15,431.0435520209029,431.400952625637,427.20900461725313,427.7789001464844,75707500
2023-08-16,427.36350074460506,429.0248164729432,424.53347780183003,424.6397399902344,80107200
2023-08-17,426.1078556541094,426.3686327842003,420.8824384802807,421.4040222167969,95711300
2023-08-18,418.5835707351258,422.64028007485496,418.2358679509757,421.6067810058594,98852000
2023-08-21,422.62098028708044,425.0936318878785,420.46708574241853,424.34991455078125,68719000
2023-08-22,426.12723989880345,426.12723989880345,422.64042472251566,423.20062255859375,64994200
2023-08-23,424.2630351692306,428.5322402058597,424.1181589807745,427.9140625,68441000
2023-08-24,429.51743829068363,430.0293538199984,421.95457682823127,421.98358154296875,88517300
2023-08-25,423.7124409886771,426.2430431246683,420.15800790417546,424.95843505859375,102325100
2023-08-28,427.1509825528838,428.2714074691659,424.95844443108183,427.65325927734375,61595400
2023-08-29,427.5470082557006,434.1150135078099,427.3634885979469,433.83489990234375,83081900
2023-08-30,434.17297483140425,436.25928035352985,433.4678714194492,435.6217956542969,69053900
2023-08-31,436.2399468961714,437.3796788770793,434.8007943012341,434.98431396484375,66084600
2023-09-01,437.7080777747482,438.1910180232257,434.3371347964679,435.7956237792969,58944100
2023-09-05,435.35138309753785,435.6701107330132,433.8446116862524,433.9122009277344,55166200
2023-09-06,433.1008212089274,433.20708339429626,428.6674331394679,430.9952087402344,70758500
2023-09-07,427.9912839614794,430.3480346831722,427.6435811384425,429.67193603515625,70355400
2023-09-08,429.72025057240546,431.85483833340237,429.3628794853081,430.319091796875,61659700
2023-09-11,432.94628326819304,433.4581987746905,431.23668532604137,433.1491394042969,60180100
2023-09-12,431.70030728737913,433.2263855290798,430.19353604446763,430.7730407714844,67565400
2023-09-13,430.9951854819559,432.4343379531001,429.8940675950137,431.2752990722656,60199300
2023-09-14,433.74799281245487,435.6893927060478,432.4440481531944,434.99395751953125,83430800
2023-09-15,433.4072542770486,433.7368084981918,429.3168595859164,429.7530212402344,111848900
2023-09-18,429.4428320631367,431.3038771522312,428.96789063501143,430.0050354003906,55752200
2023-09-19,429.0841732913192,429.675454034148,426.42833506959016,429.1132507324219,66514600
2023-09-20,430.3733429544115,430.7901294710478,424.96470225740006,425.16827392578125,82562600
2023-09-21,422.31858757052555,422.5802845540439,417.98587113932,418.1409606933594,104095800
2023-09-22,419.16842775985725,420.7677463582612,416.78395900410345,417.2007751464844,100829700
2023-09-25,415.98915213200996,418.9939198820318,415.5529609010411,418.9551696777344,70874500
2023-09-26,415.91154478605614,416.6191352673673,411.96653779928545,412.8001403808594,96168400
2023-09-27,413.97300260416256,414.5352059296986,409.32043434886083,412.9649353027344,104705800
2023-09-28,412.4124874162186,417.0359784928409,411.8212066146307,415.3591003417969,92258300
2023-09-29,418.4123916323294,418.5868563011905,412.82928558629357,414.35107421875,115111300
2023-10-02,413.517407554199,415.43660735581716,411.4237431106989,414.18621826171875,83798600
2023-10-03,412.00536625897985,414.2444181473067,407.27523825202337,408.6419372558594,103760600
2023-10-04,409.1071941153402,412.3639860114544,407.64356048210016,411.6176452636719,87453000
2023-10-05,411.3268404794052,412.3058303467078,408.23484048426144,411.4625549316406,70142700
2023-10-06,409.01032450086836,417.8890032207543,407.6824051089105,416.34783935546875,113273300
2023-10-09,414.44797038266114,419.5852123041229,413.8954989431742,419.0133361816406,80374400
2023-10-10,419.64334789466267,423.79189736248946,419.245936455557,421.1942138671875,78607300
2023-10-11,422.2604472219357,423.1715503152822,419.8759785243393,422.9195556640625,62451700
2023-10-12,423.5302119190894,423.90821868639375,417.9858858829249,420.34124755859375,81154200
2023-10-13,421.8436685163455,423.045605313089,416.6773783738098,418.24761962890625,95143100
2023-10-16,420.49634324027045,423.7143850912576,420.25402134631616,422.6481628417969,75433200
2023-10-17,419.5173488593283,424.6836681484373,419.1684195342952,422.6287536621094,75324700
2023-10-18,420.85496751569167,421.81455273319096,415.91159504982164,416.9971923828125,93559800
2023-10-19,417.71448112410957,419.52704410810907,412.6547989345063,413.3332824707031,121323000
2023-10-20,412.89713777676974,413.4399364601398,408.1476049268172,408.2542419433594,123919900
2023-10-23,406.7227000782813,411.4140774521023,404.96829212836195,407.5466003417969,92035100
2023-10-24,409.66935030950145,411.7727171708306,407.8180076603951,410.6192626953125,78564200
2023-10-25,408.9326856001944,408.96176303970867,404.2122309968163,404.7259521484375,94223200
2023-10-26,403.65979204119725,404.5127401955018,398.95874174042217,399.8795471191406,115156800
2023-10-27,401.4692254760225,401.86663693380547,396.6421626745101,398.0670166015625,107367700
2023-10-30,400.8586106203213,403.88278344941796,399.55976867860994,402.8262634277344,86562700
2023-10-31,403.39809925222016,405.67593098866274,401.48860153022065,405.3560791015625,79665200
2023-11-01,406.32535052662286,410.4932751362608,405.7922246289102,409.6790771484375,98068100
2023-11-02,413.4786596174057,417.68539350879695,413.4592845158063,417.5303039550781,94938900
2023-11-03,419.8372765845697,422.89052683629586,419.71126445431895,421.33966064453125,100167800
2023-11-06,422.09559347526306,422.7547018208165,420.36056071301397,422.308837890625,67831700
2023-11-07,422.308896123232,424.1505365569555,421.1651439105342,423.51080322265625,64256100
2023-11-08,424.11175832141294,424.6351818841711,421.5140747704494,423.82098388671875,61746000
2023-11-09,424.9647429571584,425.0035227425126,420.08922765476564,420.5157165527344,83174400
2023-11-10,422.59001262842264,427.38796843360757,420.5060206531149,427.0777893066406,89462200
2023-11-13,425.74020750909324,427.7756878254619,424.95508691156584,426.67071533203125,52236100
2023-11-14,432.61240832792026,436.23753414765645,432.3894615518305,434.9483947753906,97176900
2023-11-15,436.28601873814944,437.51703289700214,435.01625437389265,435.8692321777344,77327600
2023-11-16,435.42335386000235,436.72219562577186,434.3571316402488,436.40234375,66665800
2023-11-17,436.41203399072475,437.55581582516845,435.4912285306581,436.9451599121094,83133200
2023-11-20,436.69314036041027,441.1518692274426,436.6834380187307,440.30859375,69936200
2023-11-21,439.2617056622207,440.1825406267048,438.0791737195552,439.34893798828125,49244600
2023-11-22,441.00647684513626,442.3634735504526,439.9499569252717,441.04522705078125,59394900
2023-11-24,441.09367216063396,441.51045868866237,440.7641179584505,441.31658935546875,29737400
2023-11-27,440.68658238826873,441.5007803874619,440.13408138085987,440.5218200683594,50506000
2023-11-28,440.13407696271906,442.25681906014256,439.57190319998205,440.9579772949219,62115000
2023-11-29,443.10979527762873,444.2438747206066,440.2504147680835,440.6477966308594,63146000
2023-11-30,441.4911150141487,442.73180192610516,439.41682540648986,442.3828430175781,79752700
2023-12-01,441.77216442546705,445.53300475365734,441.18091323402564,444.9999084472656,89183400
2023-12-04,441.60742053346644,445.01930211338146,440.3861087358581,442.6639404296875,72430900
2023-12-05,441.2778489374918,443.5362758597069,440.8998126034742,442.5766906738281,69793500
2023-12-06,444.718815610949,444.7478930540511,440.35702166378525,440.793212890625,69124700
2023-12-07,442.8771496276889,444.8060222628319,442.27619611806483,444.1566162109375,66995400
2023-12-08,443.4102939900714,446.59925845337557,443.167972091833,446.066162109375,83194400
2023-12-11,445.5717979195869,447.97564170163525,445.358553474564,447.8011474609375,65002200
2023-12-12,447.45223299144266,449.94330918636626,446.45386796122364,449.84637451171875,68327600
2023-12-13,450.22434675999136,456.3017983886153,449.86571511357835,456.0497741699219,93278000
2023-12-14,457.98836917003774,459.1806035101216,454.83818462019093,457.513427734375,119026000
2023-12-15,456.9158501916579,458.09346468799856,454.911024624647,456.7601318359375,141553700
2023-12-18,458.36593103885957,460.31236579340026,457.30512766166345,459.32940673828125,70375300
2023-12-19,459.8744287176748,462.2004326198957,459.79658439176796,462.12255859375,55761800
2023-12-20,461.26613266046417,463.15417688283,455.2905929826461,455.71881103515625,102921000
2023-12-21,458.7065536605437,460.31238616429494,456.28325178797456,460.0398864746094,86667500
2023-12-22,461.1687838422537,462.6480933014032,459.06666039020405,460.96441650390625,67160400
2023-12-26,461.373187704544,463.8159432234597,461.2953136791012,462.9108581542969,55387000
2023-12-27,462.70651395388256,463.893840449239,462.1712562282074,463.74786376953125,68000300
2023-12-28,464.1079178321579,464.75995685713684,463.5045277970175,463.9230041503906,77158100
2023-12-29,463.7283148554509,464.2538605283432,460.6237492048473,462.5799255371094,122283100
2024-01-02,459.51431341639926,460.9838811377681,457.8890273530107,459.9911804199219,123623700
2024-01-03,457.83071094737187,458.57036576687835,455.63125954765485,456.2346496582031,103585900
2024-01-04,455.75774684908487,458.346508982876,454.5412249647981,454.76507568359375,84232200
2024-01-05,454.96940287212124,457.84040614563645,453.93779478135224,455.3879089355469,86118900
2024-01-08,455.884242835596,462.0349842457667,455.7577198150965,461.8890075683594,74879100
2024-01-09,459.2320864754785,462.21012932199153,458.72602412321226,461.1882629394531,65931400
2024-01-10,461.4607928330298,464.66268658164086,461.1785514545196,463.7965087890625,67310600
2024-01-11,464.7989126874992,465.3147167416708,459.6116768106503,463.5921325683594,77940700
2024-01-12,465.04220480544996,465.7818595429952,462.502121615046,463.91326904296875,58026400
2024-01-16,462.53132242501596,463.8451421871986,460.39023221216354,462.21014404296875,85014900
2024-01-17,459.18345575970955,460.1274778564824,457.28566988777015,459.640869140625,68843900
2024-01-18,461.31477246365523,464.2830735453687,459.7673604180853,463.72833251953125,91856200
2024-01-19,464.8572992191645,469.79151871434675,463.7770421286305,469.50927734375,110834500
2024-01-22,471.04692192756045,472.2245065621204,469.8498539385585,470.5019226074219,75844900
2024-01-23,471.0469649925702,472.1174803762762,469.956966252641,471.8741760253906,49945300
2024-01-24,474.745184157241,475.6794645582401,471.8936642634199,472.3900146484375,81765000
2024-01-25,474.52132983790426,475.23178923650255,472.3900110425858,474.95928955078125,72525000
2024-01-26,474.53109852869903,476.0201200569098,473.509232074134,474.3559265136719,76641600
2024-01-29,474.66734997690736,478.2585246858996,474.12235058965683,478.1125183105469,61322800
2024-01-30,477.421527922976,478.4531359964777,476.983568210537,477.7427062988281,58618400
2024-01-31,475.5334936248827,475.98116532447904,469.9277517507619,469.9472351074219,126011100
2024-02-01,471.650290338421,476.12709572071725,470.84250337214485,476.097900390625,91891600
2024-02-02,476.5358520934283,482.7644369660315,476.19522009331433,481.1099853515625,99228200
2024-02-05,480.4774696836803,481.1392504253947,477.1004039249224,479.3582458496094,75757100
2024-02-06,480.30226806860526,481.08085985334736,478.8716372206463,480.7499694824219,55918600
2024-02-07,482.9981222525648,485.17811995237605,482.0930074037672,484.7596435546875,70556500
2024-02-08,484.7595848352,485.3532331832338,483.94208579679537,484.97369384765625,52343600
2024-02-09,485.47977226451565,488.2145108276318,485.13914022884614,487.7765808105469,63979400
2024-02-12,487.7473831666172,490.01496666720067,486.84226840178366,487.5624694824219,56502300
2024-02-13,481.2851887040555,483.7766228154562,477.57723287028176,480.84722900390625,113099200
2024-02-14,483.48468469887587,485.703619202311,481.1586808363787,485.2170104980469,68387800
2024-02-15,485.9177581862181,488.74982458371477,485.4408614304675,488.5649108886719,61683000
2024-02-16,488.26318443249403,489.4018321652925,485.39218120492103,486.1318359375,75532900
2024-02-20,484.3897857981468,485.06130820828355,481.20737545898015,483.45550537109375,71736700
2024-02-21,482.15139479243277,484.0491509708409,480.3411949189208,483.8934326171875,59293400
2024-02-22,490.51131764803023,494.87131264849836,489.54781221335594,493.9078369140625,76402500
2024-02-23,495.6304262293698,496.4674086571224,493.51856105397593,494.24847412109375,61321800
2024-02-26,494.6863927584272,495.12435246871587,492.3117399253592,492.4382629394531,50386700
2024-02-27,493.1292368818132,493.5769085410792,491.2314511932456,493.3530578613281,48854500
2024-02-28,491.7959655131677,493.2849870375032,491.4358798053579,492.7010803222656,56506600
2024-02-29,494.4626085780751,496.0878651256629,491.81545586381117,494.4723205566406,83924800
2024-03-01,495.3481852022985,499.5427199698066,494.93942084083443,499.114501953125,76844800
2024-03-04,498.31652584892447,500.42839094094944,498.28730081516426,498.5792541503906,49799300
2024-03-05,496.57441726330285,497.02211863397577,491.3871817921508,493.59637451171875,72855600
2024-03-06,496.8761572948693,498.3554668272533,494.8032290742474,496.09759521484375,68382400
2024-03-07,499.39680772832526,502.0731556685532,496.15597704493354,501.0220642089844,58652100
2024-03-08,501.6546849790431,504.3407152276024,497.4406368151398,498.01483154296875,86532500
2024-03-11,496.8080468189585,498.17054528765857,494.88106560592894,497.58660888671875,62557200
2024-03-12,499.69856102852447,503.5232988574305,497.1779014473905,502.93939208984375,73114400
2024-03-13,503.26048317387085,503.43565519442245,500.7106580961506,502.1510009765625,55104100
2024-03-14,503.1242146399968,503.2799627018452,498.11218023321516,501.1583557128906,110171800
2024-03-15,498.0880174407595,499.5426370968139,496.0476768950372,497.717041015625,107646300
2024-03-18,501.78800868482955,503.23282668542583,500.26507469946,500.6750793457031,88893300
2024-03-19,499.98192037379897,503.7404249038955,498.9763634054438,503.45733642578125,60755300
2024-03-20,503.51601611982346,508.2507627953458,502.84240721032234,508.11407470703125,69594600
2024-03-21,510.95488123336787,511.65774627628207,509.51000378121233,509.79315185546875,60256100
2024-03-22,509.7053331319063,510.19345378409866,508.592403744498,508.8267517089844,79070800
2024-03-25,507.4501546887545,508.57285588251494,507.26466648069925,507.4208984375,48512100
2024-03-26,508.84619067556724,509.1879108526766,506.0834709315648,506.48370361328125,65463700
2024-03-27,509.31480779780867,510.7791695687557,507.14752139258985,510.7400817871094,82999800
2024-03-28,510.77917463931885,512.1458765547503,510.35939807768415,510.6424865722656,96294900
2024-04-01,511.38445509453464,511.92137584867254,508.5923599199536,509.75408935546875,62477500
2024-04-02,505.927220028753,506.6496289689748,504.2090260168563,506.51300048828125,74230300
2024-04-03,505.41957743973774,508.5728771082824,505.3707772955882,507.0694274902344,59155800
2024-04-04,511.08182923475704,511.42348983220387,500.57746403679687,500.8800964355469,96858100
2024-04-05,502.2370828649808,508.0749863325785,501.7977623960231,506.11273193359375,74546500
2024-04-08,506.815618601476,507.8211160052217,505.5855452146359,506.3957824707031,48401800
2024-04-09,508.13361656448893,508.377676899054,502.12970850017103,506.9816589355469,68049200
2024-04-10,501.2803426609476,503.89666208515973,499.92341259541246,501.9051513671875,82652800
2024-04-11,503.42807581801776,507.13778061540546,499.9136311857634,505.6929626464844,70099000
2024-04-12,502.14918793409277,503.56474960986543,496.9848635757255,498.71282958984375,92561100
2024-04-15,502.89118522807627,503.0571295651305,491.61558034670605,492.4649353027344,92101400
2024-04-16,492.9432762462562,494.4662102656471,490.2781268160622,491.5667724609375,73484000
2024-04-17,494.0268584590965,494.1928325755386,487.26151394107353,488.65753173828125,75910300
2024-04-18,490.0535522630773,492.1524648158817,486.714794359639,487.6519775390625,74548100
2024-04-19,487.5739720999012,488.5697275309103,482.12652879623903,483.3956604003906,102212600
2024-04-22,486.00217973304706,490.44409539983275,483.65920663681294,487.8472900390625,67961000
2024-04-23,489.8583644626642,494.0659621350047,487.66182151013055,493.63641357421875,64633600
2024-04-24,494.52477110173174,495.31552414024065,491.1762707245871,493.402099609375,55928100
2024-04-25,487.32011244956163,492.2891769636512,485.67026231159537,491.5277099609375,69122400
2024-04-26,494.3197628446228,497.7658932650639,493.6852119906925,496.18438720703125,64306100
2024-04-29,497.9708448807049,498.6151676151332,495.198323588402,497.9415588378906,46415400
2024-04-30,496.47721220645434,497.45345338662946,490.0535583496094,490.0535583496094,77483600
2024-05-01,489.4678380773352,496.1160385437577,487.9937042701267,488.4623107910156,80242800
2024-05-02,492.17203084435516,493.8707109149056,487.68131503899394,493.0311279296875,62550200
2024-05-03,499.01553991038264,500.3724999161701,496.47730640185137,499.1424560546875,72756700
2024-05-06,501.54392863434595,504.3359642334882,501.1046081667102,504.29693603515625,47264700
2024-05-07,505.2634287213709,506.2494419365131,504.17981521335923,504.8534240722656,52561300
2024-05-08,503.01805278679507,505.439111907815,502.90090860900597,504.9021911621094,42047200
2024-05-09,505.0877400464436,507.8505196720802,504.4336750443816,507.8114318847656,43643700
2024-05-10,509.4124711158648,510.2227680798631,507.2452440275092,508.4655456542969,52233200
2024-05-13,510.1446047910038,510.2519770237958,507.3915974260266,508.5337829589844,36716400
2024-05-14,508.72912496798625,511.38453247311674,508.19220413260575,510.8670959472656,57535900
2024-05-15,513.336889820599,517.4859146210695,512.7023092523975,517.1930541992188,59504900
2024-05-16,517.290757880065,518.891807952925,515.9825682875961,516.1290283203125,50244800
2024-05-17,516.2461019816988,516.9392546781255,514.7915121402848,516.8709106445312,59187600
2024-05-20,516.9880819887991,518.930792527948,516.5975616577482,517.4664306640625,37764200
2024-05-21,516.7049349793422,518.8917055815594,516.4999028909981,518.7354736328125,33437000
2024-05-22,518.0425295031816,518.7551666672649,515.0649455262945,517.2420043945312,48390000
2024-05-23,520.2975559093766,520.4049281460258,512.2532779910508,513.4638671875,57211200
2024-05-24,515.3088952889863,517.6714419020187,514.3619699226733,516.8611450195312,41291100
2024-05-28,517.6715656559873,517.9058540671648,514.5866093486868,517.2224731445312,36269600
2024-05-29,513.1905812259436,514.7818595033491,512.8879487699058,513.6005859375,45190300
2024-05-30,512.058043918065,512.7218807717095,508.94383216366884,510.1933898925781,46377600
2024-05-31,511.15023176853157,514.9673092079909,506.0444490191236,514.8403930664062,90785800
2024-06-03,516.4511159966606,516.7342044816085,510.18360486685094,515.2600708007812,46835700
2024-06-04,513.9519821715993,516.5780734778808,512.4876203186922,515.8361206054688,34632700
2024-06-05,518.1595530381444,521.9864018010747,516.1679828855217,521.9668579101562,47610400
2024-06-06,522.2696187618435,522.6991673724779,520.0242754001383,521.9572143554688,30808500
2024-06-07,520.9808506310355,524.1341502130953,519.8874652579173,521.3225708007812,43224500
2024-06-10,520.5122904328304,523.255525898201,519.916797584573,522.933349609375,35686100
2024-06-11,521.3811694677967,524.2513211148034,519.4091430834137,524.1927490234375,36383400
2024-06-12,528.7615289974312,531.1923600659605,527.4631115100716,528.4979248046875,63251300
2024-06-13,530.2454535391702,530.4211698122318,526.7700371068663,529.5620727539062,44760900
2024-06-14,528.0293950539849,529.9135335983043,527.0238379218912,529.88427734375,40089900
2024-06-17,529.2008719569648,535.4976399183048,528.7420075865693,534.1015625,55839500
2024-06-18,534.1600786870761,535.5854122094039,533.7403021449248,535.45849609375,41376400
2024-06-20,536.3858757194955,537.0497124719363,532.2270793840357,534.0038452148438,70328200
2024-06-21,533.180367297688,534.4046057790133,531.8288032321234,533.2880859375,64338600
2024-06-24,533.111823139434,535.6778223121559,531.4370433131713,531.5545654296875,45528700
2024-06-25,532.7787868983022,533.9638712753774,531.2607431275164,533.6015014648438,37936200
2024-06-26,532.4848968900385,534.9823310545671,531.8385253727439,534.2673950195312,38550600
2024-06-27,534.1302285739343,535.6874858769653,533.3858821788883,535.109619140625,35041500
2024-06-28,535.8835010057983,538.939255622942,531.7603035552984,533.0040893554688,76144500
2024-07-01,534.3848928648134,534.6297405125247,531.339002473828,534.1008911132812,40297800
2024-07-02,532.4948105764632,537.6953735351562,532.4458529900177,537.6953735351562,40434800
2024-07-03,537.381917105902,540.457218430894,537.3427629954197,540.0948486328125,32789900
2024-07-05,540.3984429341523,543.6108134486142,539.7618150479054,543.2092895507812,41488400
2024-07-08,543.9927357696513,544.7860397915607,542.7684974779849,543.8360595703125,36110500
2024-07-09,544.795863484972,545.6968861634513,544.0711239537649,544.3649291992188,27289700
2024-07-10,545.5891764995068,550.0943497431794,545.2953712492263,549.7515869140625,38701200
2024-07-11,549.8690290838814,550.7407010140586,544.3746624818856,545.01123046875,53054200
2024-07-12,546.1376269625789,552.0531251206323,545.667538567234,548.448974609375,53084400
2024-07-15,550.447092907991,553.1991789293403,548.0965308512239,549.9573974609375,40584300
2024-07-16,551.2695891404957,553.5123721227574,550.5154392403327,553.2185668945312,36475300
2024-07-17,547.2835666023501,548.9583463886919,545.1386983611491,545.4619140625,57119000
2024-07-18,546.9994907975359,547.9886849352189,539.0859974733345,541.27001953125,56270400
2024-07-19,541.0350847426649,542.6609070533489,536.6180223784818,537.67578125,65509100
2024-07-22,541.6030366708314,543.826272604696,539.6638622867013,543.2190551757812,43346700
2024-07-23,543.111291105197,545.2659625762393,541.8773090500791,542.3670043945312,34439600
2024-07-24,537.5483785668235,537.8519873002513,529.1549928867055,530.0756225585938,74515300
2024-07-25,530.1930703849662,536.1771923025162,526.373482961852,527.3136596679688,61158300
2024-07-26,531.1040855758291,535.9128682273114,530.3303285661854,533.2195434570312,53763800
2024-07-29,534.7669398202207,535.7756811771844,531.5349026238763,533.5328979492188,39515800
2024-07-30,535.0019870020752,536.059745722708,527.4215123549488,530.8297729492188,46853600
2024-07-31,537.665950025587,542.0928156342903,536.2948387521341,539.458251953125,65663400
2024-08-01,541.182004821608,543.4345918031046,528.3127948091756,531.8190307617188,76428700
2024-08-02,524.7085367838448,525.9229716163323,517.705869778205,521.9172973632812,82789100
2024-08-05,501.0954398761734,512.7893664733926,499.75364959699385,506.7171325683594,146267400
2024-08-06,508.5192787931633,518.832292941033,507.19712508166475,511.3889465332031,84826300
2024-08-07,517.5785847252098,520.63433876445,507.3733501679388,507.97076416015625,70698300
2024-08-08,513.1126009988247,520.3405097902447,511.08531467340157,519.7137451171875,63276600
2024-08-09,518.8908555789227,523.4940026818011,517.6666175077982,522.0053100585938,45619600
2024-08-12,523.2004149594696,524.6890484241525,520.0075911785743,522.27978515625,42542100
2024-08-13,525.4725041133277,531.1040004577378,525.2276564461794,530.868896484375,52333100
2024-08-14,531.6622865517797,533.7288466275766,528.9885687226673,532.5437622070312,42446900
2024-08-15,538.1751988274788,541.9556326474029,537.5679813653051,541.671630859375,60846800
2024-08-16,540.0555939415091,543.5814362683599,539.8989177341498,542.8860473632812,44430700
2024-08-19,543.2972906137162,548.0767211914062,542.4452256331724,548.0767211914062,39121800
2024-08-20,547.6262846058479,549.2814571312036,545.8437865187526,547.185546875,33732300
2024-08-21,548.2335818085938,550.5253226989936,543.2974141481618,549.0660400390625,41514600
2024-08-22,550.9660160166799,551.5732334533072,543.5422179587766,544.7566528320312,56121500
2024-08-23,547.9985298599797,551.4851585059275,545.8046443878154,550.544921875,50639400
2024-08-26,551.5732410031779,552.2881770773529,547.528352675827,549.2324829101562,35788600
2024-08-27,547.9592265897197,550.4762675561165,546.8133563476018,549.986572265625,32693900
2024-08-28,549.6438836929623,550.0748179978751,543.6009999526875,546.7938232421875,41066000
2024-08-29,548.7623394799141,552.0628809883677,545.6968421488655,546.8427124023438,38715200
2024-08-30,549.212926690368,552.5722295246512,545.657733766081,552.0629272460938,62700100
2024-09-03,548.9191307501956,549.25214992284,538.1850458833093,540.7020874023438,60600100
2024-09-04,538.860671959339,543.003474698696,538.135932544414,539.59521484375,47224900
2024-09-05,539.5365467142444,542.3865472945482,535.8246177750381,538.2828979492188,44264300
2024-09-06,538.60608979078,540.231851947678,528.3224880929642,529.2235107421875,68493800
2024-09-09,533.4251264283236,536.4220593419303,531.495695817922,535.1488037109375,40445800
2024-09-10,537.0587275255268,537.8324845189911,532.1813804449696,537.4798583984375,36394600
2024-09-11,537.3916883108078,543.9144040618945,528.8318231688719,542.9937744140625,75248600
2024-09-12,543.5715745845557,547.8711135710835,541.3483388424467,547.5675048828125,51819600
2024-09-13,548.1747815451495,551.4263657909838,547.9201304028155,550.4273681640625,39310500
2024-09-16,550.1628688432331,551.5046291897925,548.3608236054457,551.240234375,36656100
2024-09-17,553.4536471249235,554.9031859740162,549.2324757022386,551.4655151367188,49321000
2024-09-18,552.1216967889254,556.9696926491016,549.2716961893568,549.8299560546875,59044900
2024-09-19,559.2418737919741,561.0733295553275,556.3722663136862,559.2124633789062,75315500
2024-09-20,557.8430941207945,559.2871857073619,555.2200568119598,558.245849609375,77503100
2024-09-23,559.3166610051752,560.2892222272916,558.0984411315784,559.6408081054688,44116900
2024-09-24,560.4364946014963,561.3010067117204,557.6071931426925,561.2420654296875,46805700
2024-09-25,561.0850037974096,561.8217999280521,558.8942225290759,560.0043334960938,38428600
2024-09-26,564.2678851150425,564.5920921622151,559.866775948692,562.2244873046875,48336000
2024-09-27,563.2952985697877,564.1106429805404,560.377555197848,561.4090576171875,42100900
2024-09-30,560.3775886747461,564.2678934162012,558.078818569817,563.6588134765625,63557400
2024-10-01,563.3051897855821,563.9535439565005,556.035444442894,558.6093139648438,72668800
2024-10-02,557.7154356390834,559.8668828892402,555.3183896615599,558.8451538085938,38097800
2024-10-03,557.3715020969081,559.7685478192003,555.5344286086627,557.8234252929688,40846500
2024-10-04,562.2735426407796,563.2657708110322,558.0983654622065,562.8924560546875,42939100
2024-10-07,561.2421538745174,561.8905680396737,556.6543868115797,557.8037719726562,49964700
2024-10-08,560.377637870892,563.67853004462,559.5033520489247,563.0792236328125,37398700
2024-10-09,563.0693978961492,567.5393423690588,562.4701514366566,566.9793701171875,37912200
2024-10-10,565.6334738441669,567.4116060358193,564.3759797176003,565.9871215820312,44138100
2024-10-11,565.9085213296812,570.1131999200273,565.7709716649979,569.3764038085938,42268000
2024-10-14,570.9874990099419,574.966246072679,570.5061351329805,574.032958984375,36217200
2024-10-15,574.2981924836022,574.6027324678581,568.3546560789198,569.5728759765625,54203600
2024-10-16,569.57286786976,572.5691599226542,568.767296964022,572.0484619140625,30725400
2024-10-17,575.594918349773,575.801242846272,571.9109378019983,572.0975952148438,34393700
2024-10-18,573.7873532764656,575.0841216421944,572.3235945792737,574.2982177734375,37416800
2024-10-21,573.5710785054149,574.5534731315854,570.3782959703608,573.35498046875,36439000
2024-10-22,570.8204209471064,574.2096946097226,570.1622332957213,573.0504760742188,34183800
2024-10-23,571.0267810694698,571.4688706983893,564.3071746074978,567.8143310546875,49314600
2024-10-24,569.7692598487698,569.84786821387,566.419320298971,569.0422973632812,34979900
2024-10-25,571.2723713678375,574.1704478252901,567.9027646254573,568.8458251953125,47268200
2024-10-28,572.3235609618828,572.4512770786239,570.299830137409,570.6043701171875,30174700
2024-10-29,569.6415300427301,572.6476553589258,568.2465463889694,571.5277709960938,42899700
2024-10-30,571.0562623128328,573.0505525749719,569.0914726763393,569.798828125,41435800
2024-10-31,565.4271221936206,565.4958970216722,558.4324763422399,558.6289672851562,60182500
2024-11-01,561.2619157859765,565.4174274277744,560.5742272972922,560.98681640625,45667500
2024-11-04,561.1241962515347,562.4209644478059,557.892139281839,559.7783203125,38217000
2024-11-05,560.6920242782184,566.5863933486033,560.4759261934032,566.547119140625,39478300
2024-11-06,578.8270097230293,581.508928254242,575.0840880526238,580.6345825195312,68182000
2024-11-07,582.6387786486675,586.1459356042433,582.5601702684252,585.1242065429688,47233200
2024-11-08,585.674356571417,589.0832980878612,585.674356571417,587.6588134765625,46444900
2024-11-11,589.2501914582232,589.6038391769904,586.4896646144927,588.2186889648438,37586800
2024-11-12,588.1401110548398,588.7393574916656,583.9059918696842,586.3914794921875,43006100
2024-11-13,586.8531544283672,588.6803942959151,584.4856094336134,586.6763305664062,47388600
2024-11-14,586.804130643577,587.2854945523371,582.2163632356335,582.9039916992188,38904100
2024-11-15,579.3378226480269,579.8094129170865,573.5810036102117,575.437744140625,75988800
2024-11-18,575.8994574754852,579.1119076957027,575.0350052053479,577.7955322265625,37001700
2024-11-19,574.4160398519082,580.6345552744816,573.7480186357969,579.9075927734375,49412000
2024-11-20,579.9862433981077,580.3889988810581,574.3374733314436,580.1041259765625,50032600
2024-11-21,582.953055915256,584.6427460672937,577.1077952881657,583.21826171875,46750300
2024-11-22,583.2084127301733,585.6546259064262,582.7074417987914,585.02587890625,38226400
2024-11-25,588.9653319760873,590.281707390563,584.7213793724078,587.0103759765625,42441400
2024-11-26,588.2579123147351,590.7433995936517,587.540783398016,590.0753784179688,45621300
2024-11-27,589.8887838542881,590.2718722436573,586.7647756879834,588.2874755859375,34000200
2024-11-29,589.1028810382705,592.7279205050064,588.8278416543462,591.9420166015625,30177400
2024-12-02,592.3545765627109,593.6808455477146,591.8633791521069,593.0029907226562,31746000
2024-12-03,592.7671496331845,593.5235527754064,591.735647195163,593.2779541015625,26906600
2024-12-04,594.9677449089698,597.2075737883222,594.2997236656325,596.9619750976562,42787600
2024-12-05,596.961947940629,597.7675188046404,595.6259055147337,595.9795532226562,28762200
2024-12-06,596.7458937244957,598.3472020292826,596.333304701608,597.109375,31241500
2024-12-09,596.9915028268559,597.1584931551176,593.445071963169,594.0344848632812,34742700
2024-12-10,594.7122615181331,595.1346840344664,591.5293123546073,592.1875,37234500
2024-12-11,595.115147903942,597.7184581352288,594.8400485801485,596.7655639648438,28677700
2024-12-12,595.9010008938557,596.4707466548862,593.6906127929688,593.6906127929688,31543800
2024-12-13,595.7242620650901,596.4413911194437,592.197438164754,593.5728149414062,35904700
2024-12-16,595.3312295236393,597.0799209921157,594.5551592425911,596.1072998046875,43695200
2024-12-17,593.5530906608857,594.5158183353977,592.2759894688432,593.6513061523438,55773500
2024-12-18,593.3467116570313,595.7339235020439,575.5752257128447,575.9583740234375,108248700
2024-12-19,580.948961299734,582.5601031255708,575.5359564813775,575.7815551757812,85919500
2024-12-20,573.451443984787,587.2315284125533,572.6036951737447,582.6973266601562,125716700
2024-12-23,582.4409930028329,586.7879087972127,579.2571372355378,586.1866455078125,57635800
2024-12-24,587.5370230202848,592.7415539521577,586.9554328723399,592.7020874023438,33160100
2024-12-26,590.9277996479015,593.8651696252028,589.5281209545966,592.7415161132812,41219100
2024-12-27,588.9958679237085,589.2324867459512,582.3128451341881,586.5020751953125,64969300
2024-12-30,579.4839049805771,583.278830614674,576.0536238226567,579.8091430664062,56578800
2024-12-31,581.4749602926895,582.194563069081,576.0634704063194,577.6997680664062,57052700
2025-01-02,580.9623534016539,582.6774635941151,572.1994566718678,576.2802734375,50204000
2025-01-03,579.1289967873591,584.1264484268344,578.044689478734,583.4857788085938,37888500
2025-01-06,587.7440676720806,591.1250155334773,585.1122021784661,586.8470458984375,47679400
2025-01-07,588.8776099950986,589.2029082453815,578.3897946667151,580.2133178710938,60393100
2025-01-08,580.2823528072307,582.1354760178072,576.8323983436472,581.06103515625,47304700
2025-01-10,577.5025797313914,577.5715860296085,570.2773736421228,572.1896362304688,73105000
2025-01-13,567.5372072518853,573.4316812597856,567.1231694250464,573.0768432617188,47910100
2025-01-14,576.0042498383493,576.635112947905,570.0801769152397,573.8652954101562,48420600
2025-01-15,581.8889752343268,585.4473419377294,580.7751281246863,584.303955078125,56900200
2025-01-16,585.6740294157521,585.8514484014332,582.4803673486446,583.1802368164062,43319700
2025-01-17,588.4242703969026,590.7899174222187,587.0935375428814,589.035400390625,58070600
2025-01-21,592.081028657774,594.4368685895419,590.1096265717592,594.427001953125,42532900
2025-01-22,597.2560928487167,599.1289493146973,596.7041025475482,597.7686767578125,48196000
2025-01-23,597.1377792345874,601.0313110351562,596.8618141810588,601.0313110351562,41152100
2025-01-24,601.0903888692611,602.0465502262632,598.1234189150732,599.2766723632812,34604700
2025-01-27,586.3048878621954,591.115114198888,586.1373355152499,590.7996826171875,70361100
2025-01-28,592.0319005940263,596.7139816946946,588.7100920787573,595.8761596679688,44433300
2025-01-29,595.0875580249451,595.4917292475947,590.651902189354,593.2048950195312,37177400
2025-01-30,595.3240359730432,597.9262410572588,592.130313990855,596.3885498046875,39281300
2025-01-31,598.8134358374799,601.2382822731704,592.4556515232641,593.2146606445312,66566900
2025-02-03,584.1954832564219,591.7065212004032,582.0466619706364,589.2225952148438,65857200
2025-02-04,589.281761222817,593.6878166788046,588.7396375989994,593.17529296875,33457800
2025-02-05,592.0515554519985,595.7282015036632,590.021013481686,595.580322265625,30653100
2025-02-06,597.3250923662002,597.7785366008171,594.0131505968404,597.650390625,35771500
2025-02-07,598.2121736064561,599.4344333824486,591.4699514014874,592.1796875,50788500
2025-02-10,595.3931329282537,596.8420848342793,594.1215398587573,596.2013549804688,26048700
2025-02-11,593.93424024475,597.1969087784863,593.8159609148958,596.65478515625,30056700
2025-02-12,590.6322360789388,595.9057140143801,589.9520997695843,594.7327270507812,45076100
2025-02-13,595.8366651794477,601.2186155981716,594.5749988790903,601.0115966796875,40921300
2025-02-14,601.2184922163688,602.253466271534,600.3609371281675,600.98193359375,26910400
2025-02-18,602.1451966252264,602.7464599609375,599.6809434502483,602.7464599609375,26749000
2025-02-19,601.3566689008733,604.4615919136522,600.8440849703791,604.1658935546875,31011100
2025-02-20,602.7957307474628,602.9337433637311,598.3404019341449,601.65234375,36554000
2025-02-21,601.4354715890964,601.5734842084402,590.8983224108222,591.3616333007812,76519800
2025-02-24,593.4118132885562,594.4073810554311,587.9608571639533,588.6705932617188,50737200
2025-02-25,588.6114660308307,589.3408752561445,581.129967827771,585.7430419921875,58266500
2025-02-26,587.4088964020577,591.0067297705009,583.3970853838995,586.0387573242188,43321600
2025-02-27,588.3157098294636,589.4690234968429,576.290203877955,576.6844482421875,74196700
2025-02-28,577.1871598716435,586.2161558854355,574.1117771132394,585.6838989257812,88744100
2025-03-03,587.6553155599406,588.798762606637,571.6081318173137,575.4227905273438,74249200
2025-03-04,571.4208567458912,577.0196322682823,564.0675042327628,568.611572265625,109648200
2025-03-05,568.4439889843314,576.5168836727693,564.8856223320056,574.722900390625,71230500
2025-03-06,567.2512250409341,571.8741654048467,561.9678818142961,564.5208740234375,80094900
2025-03-07,562.7368186254731,569.1340095542192,557.5421542389136,567.6849975585938,81158800
2025-03-10,559.4742288830657,561.396298293426,547.6458132504099,552.564453125,99326600
2025-03-11,551.4012894751355,555.9552243228402,544.1268096197261,547.9710083007812,88102100
2025-03-12,554.1316472627199,555.0582088315019,545.7729200294035,550.8788452148438,69588200
2025-03-13,550.5041922476157,551.1153221105548,541.8201680493273,543.5352783203125,74079400
2025-03-14,548.1583018697701,555.7679467233177,543.604366956188,554.7625122070312,62660300
2025-03-17,554.742702735982,561.5637976935186,554.3089918436672,559.0404052734375,49008700
2025-03-18,556.7239657249663,556.9408512500528,551.0660510727529,552.998046875,66041400
2025-03-19,554.7821274868575,562.7860150364035,553.5992742185309,559.0206298828125,66556000
2025-03-20,555.2750866351008,562.4115538615378,554.5554838320709,557.4041748046875,62958200
2025-03-21,552.9413897854555,558.4877939738346,551.7055567482902,557.5880737304688,83763000
2025-03-24,564.3307537296456,568.6314886589248,563.7375780431137,567.5736083984375,58766800
2025-03-25,568.7797068467552,569.8771119506348,567.1879685958952,568.9379272460938,38355700
2025-03-26,568.6710483477373,569.7981425644431,560.7617168790538,562.1458740234375,51848300
2025-03-27,560.7517966033342,564.4296669577193,558.5371935416607,560.6529541015625,42164200
2025-03-28,559.1204968505267,559.8521002775326,548.7790253468997,549.3623046875,71662700
2025-03-31,543.5984615291653,554.3551567474991,540.6719872727307,553.0501098632812,95328200
2025-04-01,551.1321177898429,556.5598868781194,547.4048260096515,554.6121826171875,54609600
2025-04-02,548.7592465118332,560.9890444564371,548.52197624234,558.1219482421875,76014500
2025-04-03,538.9318440966172,541.7594150841727,530.6171875,530.6171875,125986000
2025-04-04,517.7349353008444,519.910013527285,499.3358674214966,499.5533752441406,217965100
2025-04-07,483.6457288710085,517.2405945444942,476.3394695378794,498.66357421875,256611400
2025-04-08,515.9454154101668,519.0300496454024,483.61604333672847,490.85308837890625,165816600
2025-04-09,487.84750052411823,542.402099609375,487.46190618546177,542.402099609375,241867300
2025-04-10,526.1385878330984,527.4535310578508,503.5475844453038,518.6346435546875,162331200
2025-04-11,517.0823733080597,530.3502582115377,514.1756919605745,527.8884887695312,97866300
2025-04-14,537.883883195208,538.1113174755011,527.8093712828247,533.009765625,68034000
2025-04-15,533.5535570239268,537.0732068479572,530.7259857198238,531.5169067382812,56892900
2025-04-16,525.6541840661512,531.7938245981206,514.3932584360665,519.702392578125,83484800
2025-04-17,521.6599483491107,525.1499093262158,517.9721816819745,520.44384765625,79868100
2025-04-21,515.2533374613439,515.7872559194974,502.69729269891565,508.0558776855469,69368100
2025-04-22,514.2449494916972,523.3011070538847,513.305704354498,521.2743530273438,75948100
2025-04-23,534.3049123051696,539.2482437222484,527.8291602174767,529.3516845703125,90590700
2025-04-24,530.6369834977514,541.2256220112762,529.3814182452572,540.4940185546875,64150400
2025-04-25,540.4544620384363,544.8045575926888,537.5279880397045,544.3992309570312,61119600
2025-04-28,545.1407910444296,547.2762839575454,538.8429907853031,544.6068725585938,47613800
2025-04-29,542.6888178923871,549.1547344204944,542.3329124899421,548.0375366210938,47775100
2025-04-30,541.3640897959557,550.2126665027023,535.3826699025942,548.2550659179688,93101500
2025-05-01,554.0189932525213,557.6770710508032,551.5374308999284,552.1405029296875,63186100
2025-05-02,558.3295262045715,561.9381825044319,556.006184429092,560.3365478515625,60717300
2025-05-05,556.194064255589,560.2278400664005,555.3339293144951,557.1234130859375,38659200
2025-05-06,551.6066009560054,556.9651555946843,550.6476235760448,552.4667358398438,48264700
2025-05-07,553.8014947566288,557.4298834610689,549.738030089525,554.7901611328125,55588000
2025-05-08,558.8337754612519,563.8463212534109,555.333918196641,558.6558227539062,65130800
2025-05-09,560.0597310271954,561.0681900796083,556.3819209310694,557.9440307617188,37603400
2025-05-12,574.8797762427796,576.3924646775216,570.4999916854949,576.382568359375,78993600
2025-05-13,576.7978469712151,582.4036289948938,576.234360216526,580.1890258789062,67947200
2025-05-14,581.1479585868793,582.3046813078995,578.9036666864055,580.9304809570312,66283500
2025-05-15,578.9235156986,584.2721745648568,578.4687074145315,583.7680053710938,71268100
2025-05-16,584.5489982766968,587.7621640177526,582.6013544692614,587.465576171875,76052100
2025-05-19,581.4346564328234,588.7903364922698,581.4346564328234,588.108154296875,68168500
2025-05-20,586.3681289429425,587.317209981726,582.917632829089,586.1307983398438,60614500
2025-05-21,581.7708648204313,585.8639582409971,575.2258980125081,576.2540893554688,95197700
2025-05-22,576.0563267018498,579.971467292194,574.8204937262445,576.4815063476562,70860400
2025-05-23,569.4519785383726,575.215919785119,569.0762805285291,572.5465087890625,76029000
2025-05-27,579.4277528567243,584.6083553931982,571.8743267058999,584.4501953125,72588500
2025-05-28,584.8555180607121,586.051826179252,580.3373051792158,581.0689086914062,68445500
2025-05-29,586.3384441000501,586.4768718669775,579.4276761926377,583.362548828125,69973300
2025-05-30,582.2552747565533,584.430352826958,576.6297607292682,582.7100830078125,90601200
2025-06-02,581.0985818518681,586.0715425417425,578.429170462151,585.9924926757812,61630500
2025-06-03,585.6266079138771,590.3128764026674,585.1421107506463,589.3341064453125,63606200
2025-06-04,590.1942585782981,591.173028564345,588.7408877328025,589.1759033203125,57314200
2025-06-05,590.8566609128592,592.2111289512687,584.3512195951713,586.3285522460938,92278700
2025-06-06,591.8749474768216,594.0203968199735,590.0953601848463,592.3495483398438,66588700
2025-06-09,592.9229477814916,594.4356362447949,591.7069074945726,592.8834228515625,53016400
2025-06-10,593.4172416440205,596.6304070325093,592.3001042710282,596.244873046875,66247000
2025-06-11,597.3423765043648,598.2025114763902,592.4781545343917,594.54443359375,73658200
2025-06-12,593.2096852350186,596.9072875976562,592.7252483956809,596.9072875976562,64129000
2025-06-13,591.7168864341237,595.0288949944265,588.7310943639458,590.23388671875,89506000
2025-06-16,593.5952983788304,597.5993850121447,593.4172853343232,595.8494262695312,79984100
2025-06-17,593.4074309844862,594.9299553868199,589.9965201271316,590.7578125,82209400
2025-06-18,591.6574895866379,594.4059506456396,589.7097855095001,590.6688232421875,76605000
2025-06-20,593.3471688844512,594.4181022000307,587.8735769623825,589.2816772460938,94051400
2025-06-23,590.0351069773628,595.4888465716903,586.9116378864132,595.1021728515625,87426000
2025-06-24,599.2470472798032,602.737399696003,598.3347417480489,601.6764526367188,67735300
2025-06-25,602.7968833801484,603.4910078317407,600.4468221319722,602.0135498046875,62114800
2025-06-26,603.8679120398481,607.1599955272326,603.2531315625092,606.7236938476562,78548400
2025-06-27,607.7252035075089,611.2056913389495,605.692457719191,609.7380981445312,86258400
2025-06-30,612.1873024714439,614.0117925800773,609.8669572755672,612.6533203125,92502500
2025-07-01,611.1758893553448,613.625146088841,610.3429883405835,612.455078125,70030100
2025-07-02,612.0484833566157,615.2711481262035,611.4237773441516,615.2315063476562,66510400
2025-07-03,617.2147368961759,621.0125406459644,617.1948857443227,620.0804443359375,51065800
2025-07-07,618.1169852960921,618.7813935886118,612.6731706581298,615.4595336914062,74814500
2025-07-08,616.1238907210633,616.8775081543645,614.3093261623386,615.1224365234375,59024600
2025-07-09,617.5319680301938,619.4655183729625,615.6875662931247,618.8110961914062,66113300
2025-07-10,618.9499049744066,621.5974308254256,617.7699115690501,620.5562744140625,57529000
2025-07-11,617.5022136064131,619.6043777491163,616.3024294765994,618.3748168945312,63670200
2025-07-14,617.9186632768227,619.9018415613931,616.5701165685465,619.5548095703125,51898500
2025-07-15,622.2420420602726,622.5791484786782,616.8279435196437,616.9072875976562,74317300
2025-07-16,618.4937831556223,619.4754466932056,612.8516386863737,618.9697265625,88987500
2025-07-17,619.1482908768893,623.1146474859103,618.9301097920578,622.7576293945312,68885700
2025-07-18,624.007017899032,624.175571102461,621.1909387049365,622.301513671875,65621600
2025-07-21,623.4815063476562,626.2281670376054,623.0551302914085,623.4815063476562,63375000
2025-07-22,623.8087114591411,624.4334174667899,620.9232136557434,623.5707397460938,60046300
2025-07-23,626.238071576001,628.875732421875,624.4333721871909,628.875732421875,70511000
2025-07-24,629.2624631630094,630.7994747941685,628.6576082944551,629.083984375,71307100
2025-07-25,629.748350781943,632.2173979677802,629.5004535059064,631.7413940429688,56865400
2025-07-28,632.1182610848412,632.6735486135409,630.1945756243812,631.5828247070312,54917100
2025-07-29,632.9809077241022,633.2982235137306,629.0046860832861,629.9169311523438,60556300
2025-07-30,630.5713386132512,632.3165451544952,626.2281734095909,629.1236572265625,80418900
2025-07-31,634.0816044685715,634.4682782312485,625.4646925404661,626.763671875,103385200
2025-08-01,621.0322789916852,621.0719812920488,614.0812292944926,616.4907836914062,140103600
2025-08-04,620.4075271113948,625.9108344398344,620.3183179857707,625.8612670898438,73218000
2025-08-05,626.476110377079,627.2892207726588,621.7660617410078,622.688232421875,68051400
2025-08-06,623.7591559441935,628.1122469303318,622.8469108529321,627.4578247070312,64357500
2025-08-07,630.8886820702932,631.62244837055,623.8186464662513,626.9322509765625,74205800
2025-08-08,628.727047311219,632.2868791777582,628.4097315038053,631.82080078125,64051600
2025-08-11,632.0984361099556,633.5758942477272,629.3219380955197,630.5713500976562,58742300
2025-08-12,632.9214074238032,637.4430514601922,631.4340237207567,637.284423828125,64730800
2025-08-13,639.4857330110176,640.7549961752953,637.2745085703324,639.4659423828125,60092800
2025-08-14,637.3835851461316,640.1897994624859,636.9374184340268,639.5254516601562,59327500
2025-08-15,640.5566774831647,640.6558727131268,637.11589211782,638.0281372070312,68592500
2025-08-18,637.4530415771111,638.5834678311134,636.778768159409,637.8893432617188,43804900
2025-08-19,637.7108075589789,638.6924711313014,633.1098193903536,634.4286499023438,69750700
2025-08-20,634.0221086228163,634.2798709561484,627.6263466835007,632.742919921875,88890300
2025-08-21,630.9283690027011,632.604096553562,628.4791123479844,630.2044677734375,54805800
2025-08-22,632.3958993542917,641.0623787509013,631.8901792096084,639.8823852539062,84083200
2025-08-25,638.6230253017661,639.8625116828326,636.9472372936925,637.0662231445312,51274300
2025-08-26,636.7985773675441,640.0807351008626,636.1738713484165,639.733642578125,51581600
2025-08-27,639.148612992103,641.9250504526357,638.9998504138363,641.1912841796875,48341100
2025-08-28,641.7961735668325,644.0173236548059,639.9121904309055,643.4620361328125,61519500
2025-08-29,642.0242015644989,642.3911452321481,637.7306640961879,639.6245727539062,74522200
2025-09-02,632.13804448044,635.1028861742022,629.5797276837342,634.884765625,81983500
2025-09-03,637.2645539172183,638.7916398746721,635.0731807265284,638.3255615234375,70820900
2025-09-04,638.9999188744573,643.6901771181875,638.0975992987862,643.660400390625,65219200
2025-09-05,646.0004093954814,646.7243105506017,637.918995020256,641.7960815429688,85178900
2025-09-08,643.1646082412059,644.3743785857845,641.7862846718712,643.3728637695312,63133100
2025-09-09,643.5115612591451,645.3856792185645,641.7762803015634,644.8601684570312,66133900
2025-09-10,648.122479271532,649.0446498954948,645.1576374702139,646.724365234375,78034500
2025-09-11,648.6777603299006,652.7928793680376,648.0927566439484,652.0987548828125,69934400
2025-09-12,652.0689585463732,653.5662677492645,651.3748946038203,651.8805541992188,72780100
2025-09-15,654.0919191507668,655.4801077277403,653.7944544929727,655.3511962890625,63772400
2025-09-16,655.9064595692537,656.213910313041,653.6655188822047,654.4488525390625,61169000
2025-09-17,654.4587781451693,656.1543568928759,648.7967821934204,653.6357421875,101952200
2025-09-18,656.3229362038169,659.2977035594738,654.7165666735059,656.6898193359375,90459200
2025-09-19,658.5800832029405,660.7874850308027,656.6311583459587,659.9423217773438,97945600
2025-09-22,658.4507703315647,663.5119177999496,658.4209110544651,663.0645141601562,69452200
2025-09-23,662.9452156846509,663.5617612775759,658.2320617574377,659.4551391601562,81708900
2025-09-24,660.7477220570149,660.8471316064555,655.9350982101993,657.3569946289062,68082200
2025-09-25,654.2149171420698,655.6765652531099,650.7048739536411,654.3242797851562,89622100
2025-09-26,655.7760789419195,658.619871988132,654.1553026157394,658.072998046875,69179200
2025-09-29,660.5985670660314,661.5134019828115,658.112721358766,659.9224243164062,73499000
2025-09-30,659.1766647693167,662.8756347075731,657.8641309647478,662.4082641601562,86288000
2025-10-01,659.4153308150761,665.5802405756418,659.3059681646932,664.6654663085938,72545400
2025-10-02,666.6540464714482,666.7733621981591,663.004842335434,665.4309692382812,56896000
2025-10-03,666.1966948783695,668.8714672806448,664.377038831869,665.421142578125,70494400
2025-10-06,667.8174482099862,668.7024238148077,665.669704301124,667.8074951171875,54623300
2025-10-07,668.7322238208072,669.1796881705657,663.8898014056139,665.3316040039062,72020100
2025-10-08,666.4552183740389,669.398481470165,665.6299006256374,669.2990112304688,60702200
2025-10-09,669.7166839203261,670.1243359074817,665.4211353124821,667.3600463867188,66501900
2025-10-10,668.324542434099,670.1342452495495,649.14378031214,649.32275390625,159422600
2025-10-13,656.9095884512618,661.3642043859337,656.0345659370097,659.2860107421875,79560500
2025-10-14,653.4492417720955,662.0602448848334,649.4718888267987,658.4805908203125,88779600
2025-10-15,663.0446741742268,666.4353410824248,655.1993304017814,661.4039916992188,81702600
2025-10-16,663.0446615126489,664.9239754340409,653.3896149312258,656.899658203125,110563300
2025-10-17,655.7660892614911,661.9906565438909,654.4138037793879,660.62841796875,96500900
2025-10-20,663.5418206897375,668.4041493887289,663.4921159142255,667.499267578125,60493400
2025-10-21,667.6384328159621,669.1796448635298,666.1866772188026,667.4892578125,56249000
2025-10-22,668.1953369980629,668.1953369980629,659.5445816579371,664.0191040039062,80564000
2025-10-23,664.3372592841532,668.9012985038863,664.019063764971,667.9566650390625,65604500
2025-10-24,672.6300829996666,674.628651928334,671.8246714345047,673.4155883789062,74356500
2025-10-27,678.8645527756448,681.658640907831,678.2580209918731,681.3603515625,63339800
2025-10-28,683.1600908523567,685.0095454543999,680.9526890414517,683.1700439453125,61738100
2025-10-29,684.8205950917289,685.795087823854,679.0037407351697,683.4981689453125,85657100
2025-10-30,680.0279207971732,682.0563488815194,675.98095703125,675.98095703125,76335800
2025-10-31,681.1614729090464,681.2012852815519,675.3943230278239,678.1983642578125,87164100
2025-11-03,681.7878948104295,681.9171636388411,676.0903560257897,679.4711303710938,57315000
2025-11-04,672.2820616639051,676.1103005794487,670.7607556049009,671.4169921875,78427000
2025-11-05,671.1583975728993,677.0051112074705,670.3529860359731,673.7437133789062,74402400
2025-11-06,672.6399897028363,673.5448715272548,664.9338680034818,666.514892578125,85035300
2025-11-07,664.1284090392404,667.2805048704689,657.4663915648358,667.1710815429688,100592400
2025-11-10,673.4056760856186,678.317709828293,671.2082272333661,677.5819091796875,75842900
2025-11-11,676.1002762110339,679.6997756663966,674.8871520395073,679.1329956054688,58953400
2025-11-12,680.9128544582501,681.081935653801,677.0946296424269,679.5108642578125,62312500
2025-11-13,676.6471697129602,677.0051169124795,666.723693536663,668.2350463867188,103457800
2025-11-14,661.6128286383953,671.8345948923219,659.5147893727298,668.125732421875,96846700
2025-11-17,665.9083353081996,669.8956413839408,658.4209391867944,661.901123046875,90456100
2025-11-18,658.351356546523,661.3542775984923,652.1466953365565,656.3428344726562,114467500
2025-11-19,657.0389163187169,663.561773390439,655.020380360944,658.87841796875,94703000
2025-11-20,669.1001291109939,671.7351497651099,648.1991802397498,648.8355712890625,165293500
2025-11-21,651.3412595795126,660.7874729698119,647.1650267848305,655.2987670898438,123956200
2025-11-24,658.9380055466532,666.2662734630499,657.8442577670318,664.9437866210938,80437900
2025-11-25,664.8443455838128,672.3814460202411,660.7178178396566,671.1981811523438,81077100
2025-11-26,673.7934667684052,677.8404309302599,672.8885849296569,675.8318481445312,71879600
2025-11-28,677.0051081523229,679.7991961322198,676.6471609574353,679.5208129882812,49212000
2025-12-01,674.9667623359846,679.1230890446475,674.8971513739515,676.4185180664062,61201200
2025-12-02,678.0591325179204,679.9483994968172,675.4838303983408,677.67138671875,62953800
2025-12-03,676.7167950740063,681.0321891246488,675.8417725523884,680.0180053710938,57238500
2025-12-04,681.4199577792665,681.4895687361658,677.4824173401821,680.51513671875,61970300
2025-12-05,681.5890143183475,684.4925257185774,680.7040993957534,681.8078002929688,79241000
2025-12-08,682.7027235077143,682.7524282821314,677.7111260885928,679.7594604492188,55231500
2025-12-09,679.2821528162136,681.5094606319436,678.7253258622812,679.1727294921875,58310100
2025-12-10,678.6955405173951,685.0692222502689,677.4526176554032,683.6771850585938,85671300
2025-12-11,681.2609148661827,685.3476304583654,678.3076987410943,685.26806640625,86173700
2025-12-12,684.2737056052856,684.9797075791527,675.3246617594549,677.9000244140625,113160300
2025-12-15,681.8574988128718,681.8774049984522,675.4042533093998,676.8758544921875,90811000
2025-12-16,675.3843754405706,677.2239376857725,671.1584377196804,675.0264282226562,122030600
2025-12-17,676.0406154817738,676.5874893555698,667.3998140691156,667.5986938476562,110625200
2025-12-18,673.7635606688432,676.8857972779194,671.0788959983324,672.6399536132812,108650100
2025-12-19,674.747283458469,679.2350273728672,674.6275542880097,678.7363891601562,103599500
2025-12-22,682.0772531068674,683.4933686131409,678.7364013691785,682.96484375,69556700
2025-12-23,682.0572680421344,686.325640311278,682.0074163952171,686.0863037109375,64840000
2025-12-24,686.0763204450832,688.9484813838191,685.9267046355759,688.4996948242188,39445600
2025-12-26,688.758988861415,689.7761694005526,687.392725060237,688.4298706054688,41613300
2025-12-29,685.6674092439482,687.322922191004,684.2014421207446,685.9765625,62559500
2025-12-30,685.5777200962995,686.6846823672308,684.7100944386586,685.138916015625,47160700
2025-12-31,685.2685588951464,685.4879304984822,679.8533550408816,680.062744140625,74144800
