Date,Open,High,Low,Close,Volume,return_1d,return_5d,return_10d,sma_10,sma_50,sma_ratio,volatility_10,volatility_20,rsi_14,volume_ratio,vix,vix_change,target
2015-03-16,171.18500790795596,172.82472332214812,170.48108310109575,172.73362731933594,136099200,0.013360280432687333,0.0010556816818181325,-0.016085829332873502,172.1423568725586,170.5972052001953,1.0090573094122501,0.009845069793604153,0.00724199447875411,41.395889879798375,1.2854075306529233,15.609999656677246,-0.02437502145767212,0
2015-03-17,171.99661322656053,172.60115264266457,171.4086275328932,172.22021484375,94510400,-0.002972278667180306,0.014538213777972375,-0.014967890042771437,171.8806625366211,170.63910919189453,1.0072759014660018,0.009819265613745756,0.007252689632674026,40.4476556872472,0.885282744820132,15.65999984741211,0.0032030872411630273,1
2015-03-18,171.74818903558065,174.96138067468297,171.11051682508818,174.29058837890625,228808500,0.012021663873980293,0.029144677874328506,0.001094232574861076,171.89971313476562,170.78386932373047,1.0065336604414319,0.010623204901261337,0.007774773849086878,47.85661543745171,2.0041898098705047,13.970000267028809,-0.10791823734676353,0
2015-03-19,173.8764948644553,174.29884223735098,173.1063171416112,173.49554443359375,117917300,-0.0045615999848717115,0.011588755712104382,-0.0045615999848717115,171.82020874023436,170.9441973876953,1.0051245457051243,0.010718086889134964,0.007843463607857277,47.32718647498703,1.0210366330823184,14.069999694824219,0.007158155038223146,1
2015-03-20,174.4446784661776,175.5343837524502,174.26167316848532,175.02696228027344,177715100,0.008826842508718347,0.026814375012924163,0.018550465659674664,172.13897857666015,171.09391174316406,1.0061081474077516,0.009889135340368038,0.00798310756679956,48.55805869265426,1.5146763674993242,13.020000457763672,-0.0746268130657316,0
2015-03-23,175.0352986782756,175.60926875940504,174.68592834472656,174.68592834472656,71784500,-0.0019484651456200819,0.01130237959850966,0.012369992995430845,172.35242462158203,171.17734558105468,1.0068646878273442,0.00992201266421791,0.00799567689118448,49.58041324490302,0.6125091650900536,13.40999984741211,0.029953869119557996,0
2015-03-24,174.56112214072957,175.0186226578226,173.63778191445252,173.70433044433594,77805300,-0.005619215638557495,0.008617545866682619,0.02328104336870629,172.74762573242188,171.2684768676758,1.0086364338131466,0.008274243086766544,0.008059107957682363,48.91668643719488,0.6623752554823569,13.619999885559082,0.01565995828012623,0
2015-03-25,173.91226721956986,174.14518069744963,171.1172927921801,171.15887451171875,159521700,-0.01465395782653145,-0.01796834755287635,0.010652648620089522,172.92803344726562,171.33519897460937,1.0092965980264936,0.00981922732817106,0.008662993196383095,42.406404607955295,1.309840912517157,15.4399995803833,0.1336269978059188,0
2015-03-26,170.49347509533237,171.66635670565452,169.7947217212742,170.7513427734375,153067200,-0.0023810143613286483,-0.01581713045781763,-0.004411675606655452,172.8523696899414,171.4032110595703,1.0084546760904465,0.008958590028422888,0.008667392791546808,47.071854516780846,1.216696768016068,15.800000190734863,0.023316102340374956,0
2015-03-27,170.63488193095372,171.31698228652505,170.44355010937383,171.14230346679688,118939000,0.0022896493052948497,-0.022194630832111484,0.004024609026406889,172.9209716796875,171.49924835205078,1.0082899682727369,0.008754002019105346,0.008684903037826982,46.14048563741269,0.9413551916780779,15.069999694824219,-0.04620256247457,1
2015-03-30,172.17374153535073,173.52964087435808,172.15711392232274,173.2301788330078,96180400,0.012199645113553093,-0.008333524775080647,0.0028746661630274506,172.9706268310547,171.66752075195313,1.0075908714321355,0.008569357673712778,0.009035670164102836,59.91156669069998,0.7586213451322729,14.510000228881836,-0.037159885685645655,0
2015-03-31,172.40667436163744,173.10542766496235,171.65802552080422,171.71624755859375,126768700,-0.008739419912932589,-0.011445211991299664,-0.002926295763906017,172.92023010253905,171.76228454589844,1.0067415588917088,0.008998854747422869,0.00918769201162887,56.3272818853959,0.9934439238373268,15.289999961853027,0.053756011072874976,0
2015-04-01,171.6829788209666,171.7079329360202,170.11911991581752,171.1090087890625,137303600,-0.0035362918661732134,-0.00029134173029887744,-0.018254454353708538,172.6020721435547,171.83778106689454,1.0044477475902847,0.007920511313845502,0.009175878724937005,48.834433059360244,1.066472091747439,15.109999656677246,-0.01177242025015457,0
2015-04-02,171.0424354464049,172.17373503850223,170.85943016732784,171.72454833984375,86900900,0.0035973532611603964,0.0056995485399933266,-0.010207732420631999,172.4249725341797,171.9086944580078,1.0030032109649811,0.008025381211139177,0.009220412692295142,53.8020363036213,0.6723629688749848,14.670000076293945,-0.029119761110574238,1
2015-04-06,170.83450255255133,173.39656416417543,170.701418168536,172.88082885742188,114368200,0.0067333443515009694,0.010158361523761261,-0.012261730392229109,172.21035919189453,171.9527145385742,1.001498345949418,0.007763696907037068,0.008797002874742646,50.47308278139525,0.9108720707947574,14.739999771118164,0.004771621980925289,0
2015-04-07,172.90571548666466,173.6543640392882,172.3899803812054,172.42324829101562,81236300,-0.002646797620247554,-0.004658140674033806,-0.01295284671840169,171.98409118652344,172.006298828125,0.9998708905327719,0.007774252452244852,0.008773415875987529,50.654867953500734,0.6492158128332013,14.779999732971191,0.0027137016603897557,0
2015-04-08,172.64791585986887,173.4464729378044,172.2569511284169,173.00559997558594,89351900,0.0033774545506033427,0.007508622132871956,-0.004022527630500927,171.91421813964843,172.06357971191406,0.9991319396439635,0.007736222104039541,0.007919166661694697,45.41528792664722,0.7339482623887689,13.979999542236328,-0.054127212800296864,0
2015-04-09,172.8391895952683,174.00375698350717,172.34840853114136,173.77084350585938,85548900,0.004423229828291353,0.015556368046514057,0.01526049409703134,172.1754150390625,172.1810501098633,0.9999672724100753,0.00597607213917733,0.007914319823591509,50.984333160930454,0.7098811877614246,13.09000015258789,-0.06366233324683412,1
2015-04-10,174.02045185284246,174.76078693025497,173.82081891959464,174.7191925048828,72722900,0.005457469043081753,0.017438649243745052,0.0232375902115749,172.57220001220702,172.36055236816406,1.0012279355173501,0.005919636356169476,0.007520917752399635,48.85168847908217,0.608824531200992,12.579999923706055,-0.038961055992119964,0
2015-04-13,174.57771094024756,175.209915487167,173.87897057107162,173.9288787841797,74436600,-0.004523336614442264,0.006062268058780296,0.016282212293136755,172.85085754394532,172.49360595703126,1.0020711004615617,0.006302619016950954,0.007449397480799441,47.2670184754707,0.6469972489192245,13.9399995803833,0.10810808147259454,0
2015-04-14,173.72929738807832,174.44467827112047,173.10541915377996,174.2616729736328,75099900,0.0019133923692227217,0.010662278438893003,0.005954471371985015,172.95400695800782,172.67538543701173,1.001613556676251,0.005114000544521901,0.006869802802808505,52.11091461793635,0.6705386231430865,13.670000076293945,-0.019368688107373022,0
2015-04-15,174.72748944644854,175.55100054245278,174.6443006097776,175.0435791015625,99529300,0.004486965576463886,0.011779844850479781,0.019376917387117887,173.2867401123047,172.8318933105469,1.0026317295554967,0.004022407200381597,0.006875970760973088,66.98172610773298,0.8866728296785995,12.84000015258789,-0.06071689239749256,0
2015-04-16,174.71092204232482,175.5011655491069,174.51127636670884,174.99374389648438,68934900,-0.00028470170304972786,0.00703743140076174,0.022703276320248156,173.6752136230469,172.93904083251954,1.0042568340091598,0.0036453365457115115,0.0063530401626657705,69.14406350185635,0.6612039924942903,12.600000381469727,-0.018691570737231822,0
2015-04-17,173.8041757701656,174.04540312484284,172.19872236546422,172.98065185546875,191113200,-0.011503794342536344,-0.009950484686251482,0.007314641545244749,173.8008239746094,173.01884521484374,1.0045196161076826,0.005619876959635658,0.006801867157791913,57.23626360425727,1.770937093218201,13.890000343322754,0.10238094625379324,1
2015-04-20,173.903967892209,174.89385667427484,173.82079174730367,174.56112670898438,92189500,0.009136714635785692,0.0036350945813272695,0.009719399557878594,173.96885375976564,173.09613891601563,1.0050417926662907,0.005946410719952585,0.006823653108616545,55.45697172322064,0.8895153514113667,13.300000190734863,-0.04247661180739404,0
2015-04-21,175.2432242976131,175.4012754712299,174.05370263148143,174.35316467285156,72559800,-0.0011913421965905613,0.0005250247955130849,0.01119290119496319,174.1618453979492,173.1787139892578,1.0056769760327033,0.005864931393668873,0.006815017963720236,62.108211804898694,0.6998511076167757,13.25,-0.0037594127832941693,0
2015-04-22,174.69421298498898,175.39296622825637,173.77087272447622,175.2099609375,78264600,0.004914142317153258,0.0009505166472913995,0.0127415584364039,174.3822814941406,173.29366302490234,1.0062819288959333,0.005949899769868446,0.006770731626627717,68.408874836638,0.7547076656039247,12.710000038146973,-0.040754714102115286,0
2015-04-23,174.81069939027384,176.29969608187733,174.69424261211802,175.65086364746094,102585900,0.002516424908731052,0.0037551042474139873,0.010818961936719607,174.57028350830078,173.38132354736328,1.0068574857811181,0.005868067897480325,0.005768767217163003,67.90567952024205,1.017161405396664,12.479999542236328,-0.01809602637453467,0
2015-04-24,176.06676766238417,176.32463531418654,175.6092543965239,176.05844116210938,61327400,0.0023203843475911867,0.017792679548995105,0.00766514907736382,174.70420837402344,173.47514862060547,1.0070849327018359,0.0056899197335294315,0.005705807681856131,65.55338465812846,0.6370480271786826,12.289999961853027,-0.015224325909650949,0
2015-04-27,176.62411139539643,176.74888198105475,175.13511471141135,175.32644653320312,79358100,-0.004157679825372629,0.004384251171193565,0.008035282920196396,174.84396514892578,173.52137451171876,1.0076220617830438,0.00565311830841589,0.0058421442482972825,63.83846876700133,0.84164704172966,13.119999885559082,0.06753457496194426,0
2015-04-28,175.30147471591496,175.93366677414596,174.1285805578068,175.88375854492188,86863500,0.003178710472599544,0.00877869853949731,0.009308332369416084,175.00617370605468,173.5645016479492,1.0083062610408071,0.005694443196070376,0.0052704811093947455,63.7519411494521,0.9258210695317859,12.40999984741211,-0.054115857038112836,0
2015-04-29,174.99367176429075,175.7589608327745,174.35316595144636,175.16004943847656,125684900,-0.004114701166455181,-0.00028486678928740794,0.0006653790873785148,175.0178207397461,173.58768798828126,1.0082386761874573,0.0057487925757257405,0.004921007000852024,56.66412427186741,1.3403670711481825,13.390000343322754,0.07896861466239313,0
2015-04-30,174.58606924936552,174.9770339137259,172.7061082608666,173.4048614501953,161304900,-0.010020481233637413,-0.012786741554390857,-0.009079652854498299,174.8589324951172,173.57543975830077,1.0073944374768897,0.006581736388410286,0.005423843913821216,44.148051524539376,1.6984991325597762,14.550000190734863,0.0866318011702345,1
2015-05-01,174.18680399234466,175.32643023772877,174.08698753309534,175.2848358154297,103399700,0.010841532062665582,-0.004394025878982855,0.013320472175617493,175.08935089111327,173.60327514648438,1.008560182654244,0.006368453226247746,0.005853726719790857,55.503287208374836,1.0793961877787361,12.699999809265137,-0.12714779087410377,0
2015-05-04,175.7090757652785,176.36623466355326,175.60094549420802,175.78395080566406,70927200,0.0028474510525253738,0.0026094424515372694,0.007005134073855279,175.21163330078124,173.620224609375,1.0091660329030603,0.005798206149055225,0.005717820881629867,56.09601697235149,0.7575914072305892,12.850000381469727,0.011811068854911122,0
2015-05-05,175.5426613898816,175.90035810451877,173.62943265820414,173.77084350585938,113326200,-0.011452167792213586,-0.012013133313402813,-0.0033398944497785577,175.15340118408204,173.5974087524414,1.0089632238339432,0.006963541548452378,0.006309514724788641,45.36075020023138,1.1900704284255432,14.3100004196167,0.11361867663851255,0
2015-05-06,174.3199083468614,174.62768423762452,171.99076022202962,173.05551147460938,135060200,-0.004116525055746112,-0.012014942737307188,-0.012296386868433484,174.93795623779297,173.55034881591797,1.00799541707258,0.006793896102229235,0.006346318749047016,43.26185530260754,1.3850640557847926,15.149999618530273,0.05870015194144029,0
2015-05-07,172.95566748495605,174.17015593221083,172.62293753129305,173.74591064453125,88244900,0.0039894665245792105,0.0019667798900429023,-0.01084511037049618,174.7474609375,173.52007690429687,1.0070734410397943,0.006898963293070341,0.0063312511461454425,52.929815747350716,0.903716337309164,15.130000114440918,-0.0013200993130648708,1
2015-05-08,175.41786522965143,176.23306228237632,175.3346764171398,176.03341674804688,155877300,0.013165812622753847,0.0042706542704322725,-0.00014213697393505864,174.74495849609374,173.53969665527345,1.006945165077789,0.008217379224558266,0.006890154709682371,55.347218989477135,1.5311450192722516,12.859999656677246,-0.15003307604717442,0
2015-05-11,175.9919292469792,176.25811074241392,175.1184970193625,175.193359375,75708100,-0.004772147178448649,-0.0033597574065050706,-0.0007590820485711136,174.73164978027344,173.5544400024414,1.006782942446275,0.008254272019910837,0.006899724774414043,52.91755108615368,0.743198242627283,13.850000381469727,0.076982951105947,0
2015-05-12,174.361520342868,175.20999844593865,173.5379963581667,174.66929626464844,119727600,-0.002991341179946261,0.005170330883263352,-0.006904914304314502,174.6102035522461,173.53667358398437,1.0061861850068377,0.00821702135309838,0.006929636831413255,48.078147627855,1.1501281083764587,13.859999656677246,0.0007219693091775614,0
2015-05-13,175.07682369198315,175.70070176015165,174.4695859262921,174.70249938964844,94667900,0.00019009136528325143,0.009517107551242132,-0.0026121826883180876,174.56444854736327,173.53398040771484,1.005938134636383,0.008128341499959828,0.0068539561446069545,46.52830998094123,0.9115278429452852,13.760000228881836,-0.007214966109124976,1
2015-05-14,175.7174083707801,176.61579465109463,175.4429003940587,176.5242919921875,95934000,0.010427971030201544,0.015991060378627076,0.017989291164643317,174.8763916015625,173.58246459960938,1.0074542495115375,0.007962615433873716,0.007244207801790634,51.5453407949723,0.9118660208811749,12.739999771118164,-0.07412793901141956,0
2015-05-15,176.71556091308594,176.85697176525187,176.23309363890243,176.71556091308594,76510100,0.0010835274779457116,0.0038750833656509,0.008162286777407157,175.01946411132812,173.63096405029296,1.007996845888807,0.007303920975115318,0.006674444737907703,54.77949244569605,0.7691305518743248,12.380000114440918,-0.02825743038813644,0
2015-05-18,176.54929778319263,177.51422019528445,176.48274922152416,177.26467895507812,74549700,0.0031073553407232612,0.011823048473227127,0.008423568492046618,175.16753692626952,173.73947235107423,1.0082195747222578,0.0073123266416759555,0.0064232963328126405,54.753980210835074,0.7561273950469652,12.729999542236328,0.028271359011309283,0
2015-05-19,177.38108188878502,177.6555898624759,176.9235685993002,177.20639038085938,72114600,-0.00032882227052988267,0.014525129318474495,0.019770559926436393,175.51109161376954,173.83257080078124,1.0096559626614046,0.005949890231495943,0.006412191184627838,57.38302733353519,0.7315943376931991,12.850000381469727,0.009426617717876118,0
2015-05-20,177.30619103184608,177.830252816043,176.7655016333957,177.08160400390625,76857500,-0.0007041866644026396,0.013618034215707286,0.023264746063216712,175.91370086669923,173.97915649414062,1.011119403102887,0.005652079505732861,0.006346649528455542,65.03409764467321,0.7802674243946678,12.880000114440918,0.002334609500436402,0
2015-05-21,176.94020486820656,177.80531050170612,176.77382717194772,177.59735107421875,64764600,0.0029124824863293597,0.006078818217714499,0.02216708534549161,176.29884490966796,174.14400756835937,1.0123738816591936,0.005626870066660197,0.00635372031595857,60.64323025300259,0.6703686827983979,12.109999656677246,-0.05978264370513131,0
2015-05-22,177.2146469042835,177.6305656343087,177.10651666560295,177.17306518554688,57433500,-0.002389032753616682,0.002588930313193849,0.006474045999636191,176.41280975341797,174.2573092651367,1.0123696417520232,0.00424070425429647,0.006372687381531188,56.437668389752,0.5956860252827015,12.130000114440918,0.0016515655103792604,0
2015-05-26,176.68234069195475,177.10658608628512,174.8523001010872,175.26821899414062,124308600,-0.010751330567156936,-0.011262593161288748,0.00042729712705824596,176.42029571533203,174.3535479736328,1.0118537750778194,0.005363567181142586,0.00677518194174102,57.00972898838522,1.2599280887260453,14.0600004196167,0.15910966916464342,1
2015-05-27,175.7257225811501,177.16479831740622,175.31811751911465,176.931884765625,93214000,0.009492113179629058,-0.0015490728897777917,0.012953555944648754,176.64655456542968,174.43751312255858,1.012663798074896,0.0059915603608713735,0.007071426300592553,66.66679787959902,0.9417384335493433,13.270000457763672,-0.056187762324018786,0
2015-05-28,176.62409580961238,176.84036903661448,176.04181197319468,176.73223876953125,74974600,-0.0011283777164201592,-0.001972905296065086,0.011618261827816001,176.84952850341796,174.5277536010742,1.013303184476039,0.006033158720528476,0.007004046007069538,63.40570279385937,0.7773798318341409,13.3100004196167,0.0030143150318902023,0
2015-05-29,176.66565360922212,176.70723533026117,175.36798913054474,175.63417053222656,124919600,-0.006213174488988615,-0.011054109366596121,-0.0050424870702799884,176.76051635742186,174.55462524414062,1.0126372538693602,0.00546475295663112,0.0067510821879600905,47.99350313723626,1.3201404117335833,13.84000015258789,0.0398196631301424,0
2015-06-01,176.2996734515906,176.63240343422953,175.2016416617787,175.9918975830078,93338800,0.0020367736511479606,-0.006666744752099163,-0.004095074176484359,176.68815002441406,174.6045523071289,1.0119332382217625,0.005503465168895606,0.0063259292820183315,54.21770253563444,0.9916688756567872,13.970000267028809,0.009393071749107529,0
2015-06-02,175.53434749428806,176.5075958167085,174.9104693881596,175.81716918945312,91531000,-0.0009928206693281538,0.0031320578166589286,-0.00816581043757636,176.54339904785155,174.6203564453125,1.0110127057445408,0.005364384894498445,0.006300219610626411,56.295114836243506,0.9619335736056635,14.239999771118164,0.019327093695666653,0
2015-06-03,176.34956854967123,176.9068982101551,175.7922388891874,176.28302001953125,87820900,0.0026496321845346227,-0.003667313819401663,-0.005210705772763502,176.45106201171876,174.6522982788086,1.0102991128696097,0.005475399547024807,0.005709135100745255,58.275133137441934,0.9354802715762367,13.65999984741211,-0.04073033237559609,0
2015-06-04,175.5759968848596,176.23314311090795,174.47796498168626,174.7940673828125,151882800,-0.008446375814039175,-0.010966710998587148,-0.012917980012442709,176.22230834960936,174.67409301757812,1.0088634513870094,0.006025804770042291,0.005978466395057298,40.61392878664468,1.6035092429444333,14.710000038146973,0.07686677909691086,0
2015-06-05,174.6443383544263,175.16840021447948,173.8374546971027,174.49461364746094,121704700,-0.0017131802001937313,-0.006488241333178046,-0.01747062897048035,175.9120346069336,174.74080780029297,1.0067026518955962,0.005842717329083094,0.005939995835927591,38.091646021985355,1.2626017336813082,14.210000038146973,-0.03399048257670745,0
2015-06-08,174.38645884786473,174.53619623751186,173.34666169944614,173.42152404785156,89063300,-0.006149700424434745,-0.014605067451721299,-0.021174443947032606,175.53688049316406,174.79421142578124,1.0042488195766035,0.006007440898892995,0.0052574052194974295,30.489888810221345,0.9571419720703511,15.289999961853027,0.07600280934600834,0
2015-06-09,173.3965606689453,173.93726277294067,172.7643686058993,173.3965606689453,105034700,-0.0001439462549029935,-0.0137677596088438,-0.010678823211285549,175.34971466064454,174.83929656982423,1.0029193556645115,0.005196069616628471,0.005171463465907614,30.593403586879305,1.1112710460086148,14.470000267028809,-0.05362980358862224,1
2015-06-10,174.16181520768131,175.85877083412583,174.10359318232116,175.4761199951172,134551300,0.011993082897083784,-0.004577298620846548,-0.008227826049760356,175.20413818359376,174.8842153930664,1.0018293405714649,0.005787027454097279,0.00583482636850727,43.18010051892865,1.4124814282269536,13.220000267028809,-0.08638562383777126,0
2015-06-11,175.9169953206503,176.424416715982,175.68408183028492,176.04177856445312,73876400,0.0032235643764615407,0.007138178087635172,-0.003906815247095463,175.13509216308594,174.9707260131836,1.0009393922837695,0.005922542215871733,0.005872584731744894,43.42001993111888,0.7840904248479623,12.850000381469727,-0.027987887903593744,0
2015-06-12,175.21826032451227,175.9170008174416,174.4196906948547,174.69419860839844,135382400,-0.007654887192367843,0.0011437886635328187,-0.005351873846528354,175.0410949707031,175.0424298095703,0.9999923741982522,0.00609545739343061,0.00563432621973068,40.274217321597696,1.4074235441733485,13.779999732971191,0.07237348824071366,0
2015-06-15,173.55463763657374,174.22842422198158,172.84757043126274,173.9456024169922,124384200,-0.004285180603417316,0.003021991485878228,-0.011627212355332817,174.83646545410156,175.08685089111327,0.9985699358019328,0.006128593272116105,0.005682303609393639,44.29293614309172,1.2616903767455938,15.390000343322754,0.11683604075109955,1
2015-06-16,173.795828110699,174.977048702538,173.6211493182285,174.89385986328125,85308200,0.005451459727138452,0.008635114725225934,-0.005251531067349657,174.74413452148437,175.12711151123048,0.9978131484814585,0.006476145322045083,0.005789741423646322,40.62729819400547,0.8606272481788714,14.8100004196167,-0.03768680381853917,0
2015-06-17,175.1766815185547,175.78393212058168,174.15352479896114,175.1766815185547,126708600,0.0016171045426895958,-0.0017064343374518787,-0.006275922098759046,174.6335006713867,175.18218017578124,0.996867949103933,0.006428269715976381,0.005811856754234039,42.900439713803,1.2440342322809685,14.5,-0.020931830576188637,1
2015-06-18,175.77562588574563,177.46425543522668,175.20998233094872,176.99842834472656,165867900,0.010399482456110443,0.005434220149753699,0.01261118866858535,174.85393676757812,175.26203674316406,0.9976714867453926,0.00663507112983307,0.0063066227882847496,55.84065200406589,1.5603239046539434,13.1899995803833,-0.09034485652528956,0
2015-06-19,176.75597855978083,176.83120503412866,175.83650135806235,176.212646484375,130478700,-0.00443948495870905,0.00869203378287553,0.00984576429611228,175.02574005126954,175.31087280273437,0.998373559227067,0.006824740216465991,0.006341809318443971,50.911655094795236,1.1906163024626237,13.960000038146973,0.058377595319172526,1
2015-06-22,177.13212346748307,177.70051827906315,176.9064312901446,177.1154022216797,70696000,0.005123104131942835,0.018222937289835484,0.021299998337051207,175.39512786865234,175.3587969970703,1.0002071802054084,0.006432054754369595,0.0064378065716492044,55.05736727539026,0.6412199796040601,12.739999771118164,-0.08739256903259651,0
2015-06-23,177.32442296569923,177.57519070489957,176.84797574033792,177.24082946777344,68476800,0.0007081667913713119,0.01341939394743119,0.022170386678936227,175.77955474853516,175.4250360107422,1.0020209130113633,0.006404189596507004,0.005919318687362433,53.83288005480864,0.6372261796621641,12.109999656677246,-0.049450559321762344,0
2015-06-24,176.973377615689,177.34952289902554,175.92852252054377,175.95359802246094,92307300,-0.007262612396804147,0.004435045219326028,0.002721042768423665,175.82730255126953,175.45887451171876,1.0020997971209837,0.006020396095675422,0.0057749522371162,54.71625276647192,0.8593487656938609,13.260000228881836,0.0949628905703972,0
2015-06-25,176.45511032865318,176.58048782172534,175.34338312329731,175.41860961914062,97107400,-0.003040508459804414,-0.00892560877720927,-0.003539892350521434,175.76498565673828,175.4663751220703,1.0017018105859896,0.006006894094464024,0.005805806962460595,53.687588680555145,0.8948172283881478,14.010000228881836,0.05656108499654566,0
2015-06-26,175.77801604409242,176.02042951258704,174.83347592995116,175.38516235351562,104174800,-0.0001906711363043323,-0.004695940656749387,0.003955275851295292,175.83408203125,175.47420349121094,1.0020508914295034,0.005433061499937291,0.005639893395944029,58.545869409016234,0.969204857877127,14.020000457763672,0.0007137921997475427,0
2015-06-29,173.90563875410464,175.39351099709685,171.6320336459103,171.70726013183594,202621300,-0.020970429723503714,-0.030534566853055778,-0.012868059060155868,175.61024780273436,175.44873565673828,1.0009205660296812,0.00864637268186114,0.007294314872905356,44.42171455060313,1.79391952655419,18.850000381469727,0.344507829244143,0
2015-06-30,173.2452980690375,173.29546181848747,171.5902514653302,172.06671142578125,182925100,0.0020933960140609997,-0.02919258535140723,-0.016164938207150592,175.32753295898436,175.3988473510742,0.9995934158452757,0.008418952239012864,0.007331615705579232,37.29884345288375,1.5565624312874962,18.229999542236328,-0.03289129054039086,1
2015-07-01,173.63812676525103,173.88889443964797,172.66014431421925,173.4458770751953,135979900,0.008015296148720541,-0.014252172024044163,-0.009880335832118448,175.15445251464843,175.3807015991211,0.9987099545023499,0.00891859005496808,0.007568537255837767,40.88207392956486,1.1338594718652468,16.09000015258789,-0.11738888883076282,0
2015-07-02,173.9224046903697,174.08957895357244,172.86918259849284,173.28712463378906,104373700,-0.0009152851833855724,-0.012150848704019057,-0.020968003759385234,174.7833221435547,175.34224487304687,0.9968123897929057,0.007986891159776804,0.007351462261376256,44.60739364962035,0.8879004018123687,16.790000915527344,0.043505329788754876,0
2015-07-06,171.99982766856422,173.57128067258205,171.79921094792178,172.79391479492188,117975400,-0.0028462001427370653,-0.01477461105501443,-0.01940117101502281,174.4414489746094,175.28510589599608,0.9951869446233083,0.007950577158571474,0.0073664074470418854,45.49803344280521,1.005203695456222,17.010000228881836,0.013102995911753457,1
2015-07-07,172.99453457998248,174.0059469390205,170.6122604041344,173.8805694580078,173820200,0.006288732241384931,0.012657061352578935,-0.018263983386510474,174.1179656982422,175.24154846191405,0.9935883768801778,0.008073049704701064,0.007386134004202249,46.08142923063669,1.4294128702847964,16.09000015258789,-0.054085835621086376,0
2015-07-08,172.54315319146906,172.82735065650917,170.72928665813495,170.9633331298828,164020100,-0.016777241627504047,-0.006412502957461208,-0.03541789076896651,173.49021606445314,175.15428619384767,0.990499403893817,0.009271222167069812,0.008301646649883842,36.46422597957228,1.3168827728964303,19.65999984741211,0.2218769211291789,0
2015-07-09,173.06135838525742,173.32049305021542,171.163911539407,171.27256774902344,144113100,0.0018087774347830265,-0.012530187300039741,-0.02660377693919025,173.02211303710936,175.0620623779297,0.9883472791699642,0.009312449779312552,0.007779743211311648,29.62506868564455,1.1526293215921395,19.969999313354492,0.01576802992616444,1
2015-07-10,173.27036398192914,173.84712590022323,171.3143987625998,173.42918395996094,129456900,0.01259171996590669,0.0008197915827392599,-0.011341018284770521,172.82317047119142,175.02744506835938,0.9874061202441305,0.010479202056090509,0.008322115436058448,40.975718832770525,1.0128942507133698,16.829999923706055,-0.15723582862362107,1
2015-07-13,174.6913649093545,175.45200949545605,174.64956816725388,175.34335327148438,106069400,0.011037181100761906,0.01475421446170877,-0.00023838437339973595,172.8189895629883,175.06621490478517,0.9871635692642404,0.011165326407766648,0.008548157722092432,44.608420730093734,0.8395335722327865,13.899999618530273,-0.1740938988982823,0
2015-07-14,175.3015169827052,176.41324374799498,175.24299900605055,176.1039581298828,81709600,0.004337802626717124,0.012786872499931379,0.025605778082249397,173.25865936279297,175.0825973510742,0.9895824141526534,0.008401968988289207,0.008526383183133403,46.66971210750466,0.6578368550172322,13.369999885559082,-0.03812947823859225,0
2015-07-15,176.14578842406027,176.6055270618989,175.56902656518767,176.0454864501953,97914100,-0.00033202933260800815,0.02972656900910753,0.023123444339960386,173.6565368652344,175.08782806396485,0.9918252958269174,0.00845190426281116,0.008452779521353452,50.290053598745374,0.7843178876867127,13.229999542236328,-0.010471229956700912,1
2015-07-16,177.09873890698512,177.4581756591797,176.8563381591246,177.4581756591797,106683300,0.008024569317112373,0.03611557876110316,0.023132856494737508,174.05776672363282,175.16157470703126,0.9936983440275379,0.008452598936608746,0.00862256224882256,56.10005430789381,0.8614708424799871,12.109999656677246,-0.08465607893511407,0
2015-07-17,177.4498073198817,177.66714532106226,177.0402323261076,177.60862731933594,89030000,0.0008478147574626504,0.024098846941123186,0.024938394555738652,174.4899169921875,175.2526370239258,0.9956478827098381,0.008395772147732026,0.008315086082237556,56.60385054288467,0.7419373481702469,11.949999809265137,-0.013212209079121462,0
2015-07-20,177.8342602024447,178.19368407736846,177.3828886087727,177.7005157470703,70446800,0.0005173646636498219,0.01344312419950322,0.028395681398686756,174.98057708740234,175.33172912597655,0.9979972133947193,0.008223484232196158,0.008242921199284105,72.61845530140741,0.6021348251797982,12.25,0.025104618872233475,0
2015-07-21,177.56683862252422,177.82597338603733,176.69752484210574,176.99844360351562,77965000,-0.003950872852580667,0.005079303629127452,0.01793112453695289,175.29236450195313,175.35102966308594,0.9996654415930974,0.008381561886217885,0.008222036062733784,68.14308521029197,0.6643318835591897,12.220000267028809,-0.002448957793566686,0
2015-07-22,176.31296470064828,177.01511678966472,176.27953496049258,176.68075561523438,88667900,-0.0017948631740112297,0.003608551277562988,0.03344239013524586,175.86410675048828,175.38077758789063,1.0027558844774505,0.005550798715380028,0.008229723653918162,62.90880217841099,0.7490863350685001,12.119999885559082,-0.008183337093661147,0
2015-07-23,176.81452935695242,176.91483134859936,175.3266569594978,175.6860809326172,90509100,-0.0056297850841398045,-0.009985985260920982,0.025768943862984228,176.30545806884766,175.40111328125,1.0051558668624159,0.006230895379960265,0.008163027907223142,58.97432677422448,0.7652224537996893,12.640000343322754,0.04290432860343918,0
2015-07-24,175.78639671419378,175.84490195814018,173.52951260680743,173.86386108398438,117755000,-0.01037202172738838,-0.02108437124857998,0.002506366656973791,176.34892578125,175.38434051513673,1.005499836891253,0.0063553087771573225,0.00846374014315222,53.64059271258424,0.986962299682924,13.739999771118164,0.0870252688225992,0
2015-07-27,172.9778072233487,173.4876968857565,172.40939956881726,172.8524169921875,132361100,-0.005817448695150662,-0.027282412403255685,-0.014206049062151505,176.0998321533203,175.31090301513672,1.0045001715501716,0.005335171678316393,0.008549124268848796,46.483617071686595,1.0964319455333982,15.600000381469727,0.13537122571583526,1
2015-07-28,173.6883023863461,175.11766940495826,172.86078552440136,174.97557067871094,123544800,0.012283043092301105,-0.011428761087504347,-0.0064075076060451375,175.98699340820312,175.2761032104492,1.0040558306850327,0.0067035348171137045,0.0075760080590500985,64.51040769926936,1.058054344146767,13.4399995803833,-0.13846158642740525,1
2015-07-29,175.1009628370131,176.4049397326802,174.9588640988521,176.17926025390625,105791300,0.006879186451721919,-0.0028384266276303416,0.0007598820418992513,176.00037078857423,175.25439483642577,1.0042565320706778,0.00711357124393094,0.007688092566372908,66.66694309713387,0.936957958347731,12.5,-0.06994044715263992,0
2015-07-30,175.6693676290362,176.38822831017677,175.05080893679738,176.22105407714844,91304400,0.00023722328713349228,0.0030450513876305596,-0.006971341711565993,175.87665863037108,175.23468811035156,1.0036634899570527,0.0065537228639262115,0.0075206193172635,61.074445394040794,0.8249734629759271,12.130000114440918,-0.02959999084472653,0
2015-07-31,176.72260984193838,176.74768534385558,175.66940049768033,175.95359802246094,103266900,-0.0015177304215330256,0.012019386463913317,-0.009318405991051826,175.7111557006836,175.21212799072265,1.0028481345194744,0.006535113484876301,0.007529140824607917,52.7843957430277,0.9335264384757145,12.119999885559082,-0.0008244211696197823,0
2015-08-03,175.92014564608382,175.97865089150653,174.40718494905138,175.36009216308594,113965700,-0.0033730816877028946,0.014507608366342906,-0.013170606591348388,175.47711334228515,175.1673828125,1.0017681975080754,0.0065560314810503345,0.007543444309792693,46.55336730711583,1.0321135076080377,12.5600004196167,0.03630367476998697,0
2015-08-04,175.28484070143256,175.74457936960462,174.53255033866034,175.01736450195312,81820800,-0.001954422222897101,0.0002388551903564906,-0.011192635716053001,175.2790054321289,175.12426879882813,1.0008835818950859,0.006496657255003137,0.0074503409931811265,45.358556488266714,0.7732090503130488,13.0,0.03503181255440824,0
2015-08-05,175.91175866861994,176.6306193101824,175.30992125919204,175.59413146972656,85786800,0.0032954842476045076,-0.0033212126293209465,-0.0061502122385881375,175.17034301757812,175.13078704833984,1.0002258653084644,0.006634641958027675,0.006281724086585024,40.89780615088413,0.8418055090812212,12.510000228881836,-0.0376922900860126,0
2015-08-06,175.77802191913275,175.88669090895726,173.57128890569496,174.1564178466797,116030800,-0.008187708843189534,-0.011716172288725901,-0.008706797247780784,175.0173767089844,175.07527770996094,0.9996692793995022,0.006894459382926059,0.006631741412818729,35.02528394800244,1.154489545862286,13.770000457763672,0.10071944091358787,0
2015-08-07,173.99759323049022,174.14804620817122,172.9192958721393,173.82205200195312,117858000,-0.0019199168704820968,-0.012114250827855888,-0.0002404702263631986,175.01319580078126,175.0170739746094,0.9999778411686354,0.006066122642376125,0.006048362844703387,33.52292395674377,1.1794759299163644,13.390000343322754,-0.027596231068145682,1
2015-08-10,174.93378755052083,176.09566570104846,174.93378755052083,176.0120849609375,80270700,0.012599281470683454,0.0037180226687221207,0.018279570651839938,175.32916259765625,175.0246322631836,1.001739928434843,0.006851113489229924,0.006204684193125122,46.2799225621701,0.8138229672180834,12.229999542236328,-0.08663187239310921,0
2015-08-11,174.67467215788415,175.09261413792316,173.66324695417575,174.4239044189453,126081400,-0.009023133510091985,-0.003390864013388728,-0.0031528187485017067,175.27399597167968,174.99327239990234,1.00160419636668,0.006546798400358485,0.006451082010572097,42.232606405493605,1.2501539993551982,13.710000038146973,0.12101394532350218,0
2015-08-12,173.11989537119487,174.81673847505203,171.6570987123818,174.63284301757812,172123700,0.0011978782342296768,-0.005474490770861373,-0.008777521452295045,175.11935424804688,174.96958587646483,1.0008559680291396,0.006085139405772219,0.006461734329019844,46.16781128032023,1.646121591085963,13.609999656677246,-0.007293973828700451,0
2015-08-13,174.47403258091833,175.15946346067116,173.87219518806353,174.41552734375,89383300,-0.0012444146821010138,0.0014877975803246901,-0.010245806001182967,174.93880157470704,174.9322360229492,1.0000375319718486,0.006073356900682684,0.006151962066071045,52.27264726885051,0.8619563459048339,13.489999771118164,-0.00881703810331902,0
2015-08-14,174.2232668953725,175.12602299512452,174.08116816965813,175.05079650878906,72786500,0.003642274141034685,0.007068979411324339,-0.005130906806217306,174.84852142333983,174.93737060546874,0.9994921086225236,0.006242532685353833,0.00622378089627952,59.346128446746924,0.7074480492972804,12.829999923706055,-0.04892511924463905,1
2015-08-17,174.45729485573594,176.02874755859375,173.9975562639797,176.02874755859375,79072600,0.00558667009410363,9.466735002860993e-05,0.0038130419941040383,174.91538696289064,174.9680532836914,0.9996989946460948,0.006424176516397215,0.0063775784629898375,54.96046490568641,0.7653375345017276,13.020000457763672,0.014809083023184844,0
2015-08-18,175.75295212180188,176.10402184503204,175.284859157495,175.51890563964844,71692700,-0.002896355998758704,0.00627781624514645,0.002865665010569396,174.96554107666014,175.01000091552734,0.9997459582958996,0.0064692677035134045,0.006351445618175344,46.67222359778481,0.6960207973162122,13.789999961853027,0.059139744778596626,0
2015-08-19,174.77496910362504,175.54398079413636,173.32053921802657,174.13134765625,172946000,-0.007905461684265425,-0.0028717127469409798,-0.008330482352872703,174.8192626953125,175.02469665527343,0.9988262573003308,0.00685229497807743,0.00656541855199656,40.72694279117322,1.613037712658689,15.25,0.10587382466901651,0
2015-08-20,172.6183941900729,174.10626663748775,170.43673651645807,170.49525451660156,194327900,-0.02088132429105405,-0.02247662743593981,-0.021022270527528142,174.4531463623047,174.92507934570312,0.9973020850688553,0.00915769871782536,0.007914538923595862,31.353354142297448,1.7287648658660393,19.139999389648438,0.2550819271900615,0
2015-08-21,168.62285717821266,170.4701662267819,165.10379306833215,165.3629150390625,346588500,-0.030102535651743367,-0.05534325843093291,-0.048665499374012544,173.60723266601562,174.7115020751953,0.9936794693190583,0.012738092684299488,0.01002975923197069,23.93187014138283,2.798449368610199,28.030000686645508,0.4644723918750533,0
2015-08-24,156.71991719461926,165.07039133423086,152.4652573590027,158.40003967285156,507244300,-0.0421066317352119,-0.10014675517630556,-0.10006156845420355,171.84602813720704,174.38561889648437,0.9854369255025276,0.0157722301699476,0.013389738576263294,17.789942366743418,3.557253721579652,40.7400016784668,0.45344276419788976,0
2015-08-25,163.35678309850042,163.3735043476429,156.243415760208,156.53598022460938,369833100,-0.01176804912481133,-0.10815316644015671,-0.10255431590025232,170.05723571777344,174.0374264526367,0.9771302597608426,0.015770007049041263,0.012895800327457022,14.814683350602095,2.3874251922599345,36.02000045776367,-0.11585667712914927,1
2015-08-26,160.55659728431232,162.82183573989923,157.45546208959075,162.54600524902344,339257000,0.03839388884134132,-0.06653220435700646,-0.06921285572461333,168.84855194091796,173.79046936035155,0.9715639330647838,0.022021834027093446,0.016029160852629544,31.660924005992683,2.036575908491464,30.31999969482422,-0.15824543838146699,1
2015-08-27,164.68583548232655,166.6919515691399,163.17288779329004,166.5665740966797,274143900,0.02473495944423032,-0.023042755243016577,-0.04500145925426158,168.06365661621095,173.61826721191406,0.9680067617025385,0.02419230299180486,0.017251097701363002,39.73505587599212,1.5600820217929217,26.100000381469727,-0.13918203680176378,0
2015-08-28,165.92290192031953,167.04298293263898,165.43808788038152,166.57489013671875,160414400,4.992622369859312e-05,0.007329183193039102,-0.0484196961174338,167.2160659790039,173.4097964477539,0.964282695697552,0.024087207243788662,0.017260175057038085,35.76992632746315,0.8982704554261962,26.049999237060547,-0.0019157526313554607,0
2015-08-31,165.5969474230745,166.44955250791443,164.67747010073978,165.22915649414062,163298800,-0.008078850548684735,0.043113100447407904,-0.06135129184429566,166.1361068725586,173.19012664794923,0.9592700813151455,0.023825652819574935,0.01730338691310836,36.03338709026947,0.9019638210981107,28.43000030517578,0.09136280759383975,0
2015-09-01,161.42590578259393,162.80512196514383,159.42814363445524,160.29747009277344,256000400,-0.029847555395237202,0.024029554500931916,-0.08672248434664687,164.61396331787108,172.85376800537108,0.9523307777285829,0.024927386303541903,0.01832327412374068,30.957076737781804,1.3490956646456964,31.399999618530273,0.10446708693189133,1
2015-09-02,162.6797172217289,163.38186937689952,160.84077523011493,163.34007263183594,160269300,0.018980976663584004,0.004885185468544551,-0.06197204104637699,163.5348358154297,172.57575286865233,0.9476118927315142,0.026433227438468446,0.018985732569948045,36.31474534005504,0.8283457462125577,26.09000015258789,-0.1691082653010212,0
2015-09-03,164.0505780006922,165.5468174006703,162.96393907885664,163.4571075439453,152087800,0.0007165107142639293,-0.01866801049128597,-0.0412806033376778,162.83102111816407,172.32582305908204,0.9449020363148786,0.025966113056404883,0.018972907377671405,35.48854712816842,0.7788031191390652,25.610000610351562,-0.01839783593058797,0
2015-09-04,161.2002023394496,162.04444041936074,160.16370179460242,160.9828643798828,207081000,-0.015136956729748241,-0.03357064052238723,-0.026487502703644417,162.39301605224608,172.03710815429687,0.9439417913639818,0.02468812716309415,0.019162775130222017,31.84748787466306,1.0367259703132239,27.799999237060547,0.08551341563903692,1
2015-09-08,163.78310551299384,165.17903019862646,163.1394712911374,165.028564453125,116025700,0.025131246662969398,-0.0012140232709033638,0.041846736869280754,163.05586853027344,171.82997619628907,0.9489372700838149,0.021642610051754035,0.019912449134711935,38.33858086875574,0.5757158824403448,24.899999618530273,-0.10431653590350631,0
2015-09-09,166.60838901088866,166.7337664970237,162.45404490926228,162.8218231201172,149347700,-0.013371874986130794,0.015747928060765748,0.040155898257310696,163.68445281982423,171.6522674560547,0.9535816522885704,0.02178056052611076,0.020004890004895075,37.65282354779522,0.7368055143403506,26.229999542236328,0.053413652372760856,1
2015-09-10,162.62957308634384,164.85302736988268,162.37045111243074,163.70787048339844,158611100,0.005441821902630206,0.002251730672310215,0.007147916262814302,163.8006393432617,171.48509063720704,0.9551888081617398,0.018228343789652,0.02007687911294522,42.11648834960541,0.7851233983069054,24.3700008392334,-0.07091112220600326,0
2015-09-11,163.31497975651632,164.5186544606328,162.60447342977204,164.4517822265625,119691200,0.004544141591772188,0.006085233597748374,-0.012696376098182305,163.58916015625,171.30520874023438,0.954957303162422,0.016307212245351248,0.020145627834987214,48.821594005664686,0.5880591292955332,23.200000762939453,-0.04800984965131205,0
2015-09-14,164.62731608485382,164.6774670734092,163.35676910495962,163.84158325195312,79452000,-0.0037105038713944882,0.01775790785610809,-0.016408877007346168,163.31582946777343,171.11629791259764,0.9544142285686398,0.016319639521107005,0.020089970758208148,58.42165097108862,0.38972033401600936,24.25,0.04525858631599067,1
2015-09-15,164.34315114862494,166.33255911859737,163.79983165905676,165.88954162597656,113806200,0.012499625146286109,0.005217140291468247,0.003996783290843409,163.38186798095703,170.97821044921875,0.9555712833331013,0.016695638307842483,0.020305804718325226,64.39418310583451,0.5535160825841859,22.540000915527344,-0.0705154261638209,1
2015-09-16,166.19043492787617,167.51948720226258,165.84771948467198,167.3272247314453,99581600,0.008666508396956152,0.027670747845664367,0.043854432852891145,164.08484344482423,170.8471435546875,0.9604190039753361,0.012927909328530982,0.020465864484792196,58.56283838217114,0.48106961341788745,21.350000381469727,-0.05279505260524853,0
2015-09-17,167.19350906595068,169.59249188964412,166.57495035938427,166.9510955810547,276046600,-0.002247865826940587,0.019811051772157473,0.022107391597393944,164.4459457397461,170.76689880371094,0.9629849045204568,0.011970741115879027,0.020421723199202668,50.79204435448385,1.30115268087064,21.139999389648438,-0.00983611185335409,0
2015-09-18,164.44129193331497,166.93676131069327,163.81111992003463,164.2228240966797,223657500,-0.016341740525149362,-0.001392250827463748,0.004684510598772951,164.52251739501952,170.62590393066407,0.9642294259251237,0.01334999799924537,0.020223974317969233,45.64334468578212,1.0469783049636225,22.280000686645508,0.05392626915378673,1
2015-09-21,165.0547402764405,166.0966169997985,164.0212612353748,165.07154846191406,105726200,0.00516812671991751,0.007507039333656262,0.025398256502523697,164.93138580322267,170.45875122070314,0.9675735896344573,0.012193453688416064,0.019122682887018433,49.70259193332807,0.5244906966650609,20.139999389648438,-0.09605032455316631,0
2015-09-22,162.90371869825682,163.39105340400803,161.79460947395006,162.92892456054688,153890900,-0.01297997093582448,-0.01784691811437311,-0.012722887698477847,164.72142181396484,170.2104626464844,0.9677514487231028,0.010144916218531034,0.01669533973612587,55.5497486997327,0.8367677821765209,22.440000534057617,0.11420065611279684,0
2015-09-23,163.0969695152685,163.5674960438111,162.08869655112204,162.66845703125,92790600,-0.0015986573900208523,-0.027842257634240197,-0.0009419258790269724,164.70608520507812,169.9417526245117,0.969191400355851,0.009220740865789983,0.016421237958365448,48.395240154325286,0.5456377064912091,22.1299991607666,-0.013814677625364591,0
2015-09-24,161.45005872283912,162.54235940310477,160.11409718094163,162.08023071289062,159378800,-0.0036161055996638547,-0.029175399246177847,-0.009942342818959782,164.54332122802734,169.66244750976563,0.9698275820202131,0.009064245698544115,0.014042278960883803,46.78253601841016,0.9895304125037403,23.469999313354492,0.06055129703590434,0
2015-09-25,163.5423204529536,163.8448036802758,161.16446868667677,162.03831481933594,155054800,-0.0002586120057351815,-0.013302105169362477,-0.01467583612989709,164.30197448730468,169.35405029296874,0.9701685563650566,0.008865155781918667,0.012775492873881763,52.78268579667606,0.9996400633534916,23.6200008392334,0.006391202823493591,0
2015-09-28,161.1392422662767,161.2484762241486,157.66069200620228,157.97157287597656,178515900,-0.02509740951017403,-0.04301150411499066,-0.03582735383452529,163.71497344970703,168.96130920410155,0.9689494844760166,0.011623800482041122,0.013829700580460118,31.414924576630128,1.1442175004112567,27.6299991607666,0.16977130309294908,0
2015-09-29,158.19003749953106,159.4251760927764,157.06412004099744,158.06399536132812,159045600,0.0005850577016417446,-0.029859211385212747,-0.04717323459903422,162.9324188232422,168.56857879638673,0.9665645874611517,0.010331170571900656,0.01378324268522914,35.899659847026115,1.0208118846457719,26.829999923706055,-0.02895400873542231,1
2015-09-30,159.9545013741729,161.18124220471094,159.17309401717506,161.01319885253906,163452000,0.0186582876414656,-0.01017565549535493,-0.03773459990769612,162.30101623535157,168.24887390136718,0.9646484548270888,0.012106015084802075,0.01288657422881496,42.88422019679424,1.0812060476019199,24.5,-0.08684308350099357,0
2015-10-01,161.39130504711446,161.73580226426947,159.49239074380048,161.43331909179688,131079000,0.002609228574128153,-0.003991304912686622,-0.033050256244523624,161.74923858642578,167.94392517089844,0.9631145539907502,0.012270321028530694,0.012135674755810313,41.890511367829006,0.8755170034807878,22.549999237060547,-0.07959186787507977,1
2015-10-02,159.45031571346337,163.86991715670254,158.90415898325543,163.84471130371094,211003300,0.014937388548288855,0.011147958965069593,-0.0023024375268698716,161.7114273071289,167.7070977783203,0.9642491549217753,0.012556193384486778,0.012618743624412522,50.00766233115773,1.3821609761991345,20.940000534057617,-0.07139684068622598,1
2015-10-05,165.07150392864102,166.9872262873507,164.96226998386578,166.76036071777344,126320800,0.017795200045596316,0.05563524931600794,0.010230789446123323,161.88030853271485,167.5650277709961,0.9660745484072589,0.013731388965471427,0.012661489619736272,52.046138688549505,0.8499361223087475,19.540000915527344,-0.06685766871176824,0
2015-10-06,166.62593361163326,167.1888859175835,165.52523486261958,166.1890106201172,110274500,-0.0034261745129180454,0.051403327115802755,0.02000925292033595,162.20631713867186,167.4317596435547,0.9687906134654066,0.012952935378260097,0.011448895255526538,47.21206875157908,0.743408652156419,19.399999618530273,-0.007164856214813109,1
2015-10-07,167.12161520029284,167.90303517487249,165.92849104313925,167.55014038085938,124307300,0.008190251302798268,0.040598792986574095,0.0300100181602605,162.69448547363282,167.28325103759767,0.9725688881851448,0.013015554126614384,0.01109217612567175,51.39975255908811,0.845143256117181,18.399999618530273,-0.051546392766154026,1
2015-10-08,167.16364949767825,169.3482512350333,166.8611663774427,169.0625762939453,153055200,0.009026766015522325,0.047259495406956065,0.043079563438080504,163.3927200317383,167.14091735839844,0.9775746275304752,0.012911033704413983,0.011187934620083108,61.990029289152126,1.042564191640016,17.420000076293945,-0.05326084579096346,0
2015-10-09,169.20543567372633,169.64234582106246,168.53324945051236,169.16342163085938,107069200,0.0005964971025800292,0.03246189812797429,0.043971741001302966,164.10523071289063,166.99976470947266,0.982667436678024,0.012880267307941732,0.011169369915775707,60.52733027077063,0.7324707166869391,17.079999923706055,-0.019517804311067755,0
2015-10-12,169.2390157491594,169.52469068762636,168.81050334145897,169.3230438232422,56395600,0.0009435975629006332,0.015367459595544197,0.07185768135750381,165.2403778076172,166.86715362548827,0.9902510722899837,0.007942839260498111,0.011103987176521257,68.31965991170784,0.3888746152495701,16.170000076293945,-0.05327867982886125,0
2015-10-13,168.5920681650384,169.86082309690977,168.08793808544954,168.2559814453125,88038700,-0.006301932411772682,0.012437469947517155,0.064480124399525,166.25957641601562,166.7250714111328,0.9972080084226247,0.008811164343906584,0.010936666956004043,65.30147990412549,0.612510432015817,17.670000076293945,0.09276437804097948,0
2015-10-14,168.19715993141767,168.77692042315795,167.15528340331548,167.44935607910156,99106200,-0.004794036796089252,-0.0006015172624070919,0.03997285484935276,166.90319213867187,166.57371124267578,1.0019779885645705,0.008261122600105893,0.010838586286809882,64.52959301398903,0.6896242433613119,18.030000686645508,0.02037354888495657,1
2015-10-15,168.11307693358663,170.02879867831186,167.7433739967306,170.02040100097656,134142200,0.015354164280335869,0.005665504028318447,0.05319274829687881,167.76190032958985,166.4622366333008,1.0078075587747393,0.008981669918663348,0.011341533629788769,68.99985907574025,0.9818979533136188,16.049999237060547,-0.10981704793009306,0
2015-10-16,170.42375399346568,170.8102523905057,169.6591420581285,170.79345703125,114580100,0.004546842765469128,0.00963586208339784,0.042410558584698554,168.45677490234374,166.3949774169922,1.012390983894812,0.008310071913432302,0.010600779085226613,86.19555450644442,0.8735813131528958,15.050000190734863,-0.062305239492885245,0
2015-10-19,170.14649154385307,170.8774871826172,169.83561069902436,170.8774871826172,76523900,0.0004919986563174383,0.00918034146018365,0.02468887958219046,168.8684875488281,166.33608612060547,1.0152246063213635,0.006833391962108885,0.010579164852887958,86.18901054195709,0.590001343857726,14.979999542236328,-0.004651205821354698,0
2015-10-20,170.44055678943275,171.27237577728562,170.18848537882585,170.6590118408203,78448500,-0.0012785495936242786,0.014281990897832442,0.026897092677931944,169.31548767089845,166.22902465820312,1.018567533672544,0.0066592764808987995,0.010028996582406908,82.21103479200212,0.6229576306860265,15.75,0.051401901287956964,0
2015-10-21,171.07914120680377,171.23037637356308,169.43228562818382,169.600341796875,102038000,-0.006203423027743571,0.012845589664479462,0.012236345558143347,169.5205078125,166.1325534057617,1.0203930797263048,0.0068870084950321915,0.010176627390860895,76.15725808028087,0.8073170754864173,16.700000762939453,0.06031750875806052,1
2015-10-22,170.54977767333122,172.67555724966974,169.60032707126769,172.4654998779297,174911700,0.01689358671509167,0.014381208740585683,0.0201281895649561,169.86080017089844,166.08920654296875,1.0227082403873966,0.008199720717662737,0.01059120381241509,76.83070458547594,1.375436651283488,14.449999809265137,-0.1347305898732356,1
2015-10-23,174.13762397168986,174.72578226049242,173.33940823539433,174.3560791015625,144442300,0.010962071979444987,0.020859242105865095,0.030696100969359152,170.38006591796875,166.088017578125,1.0258420107749484,0.008642321580120148,0.010697051927119873,75.25158090917115,1.140596584739907,14.460000038146973,0.0006920573711997058,0
2015-10-26,174.17962274859224,174.23843216186992,173.5578481430269,173.92755126953125,69033000,-0.0024577739660091025,0.01784942029054104,0.027193625523858067,170.84051666259765,166.06555267333985,1.028753488681969,0.008800422841489255,0.008447993210024275,75.97302897551693,0.569751473124857,15.289999961853027,0.05739971794719434,0
2015-10-27,173.2553463797978,173.9275326450187,172.9108491560002,173.59144592285156,77905800,-0.0019324445392715495,0.01718300164990083,0.031710400020894536,171.37406311035156,166.016806640625,1.0322693622298336,0.008402092313963548,0.008533311242631566,71.77480473111136,0.6652567518426518,15.430000305175781,0.009156333791500382,1
2015-10-28,173.9274884368756,175.59113908425056,173.26371284200084,175.56593322753906,135906700,0.011374335262839042,0.03517440688774598,0.04847183254979681,172.18572082519532,166.0177471923828,1.037152495664605,0.0082561772762334,0.008049309290925531,72.68461548287652,1.1743519996267144,14.329999923706055,-0.07128971871120093,0
2015-10-29,175.0618423075851,175.83485200116365,174.94421067640764,175.46514892578125,90525500,-0.000574053860592616,0.017392748404606806,0.032024085890571596,172.73019561767578,166.04442321777344,1.0402649620525568,0.007489293036399377,0.008117070577627845,71.98139679457701,0.7961685616517119,14.609999656677246,0.019539409243679584,0
2015-10-30,175.65838682947495,175.9776781596275,174.54929049565288,174.70892333984375,131076900,-0.00430983355137593,0.002023699088092634,0.022925154023185623,173.12174224853516,166.12869659423828,1.0420941462712916,0.007826102213937876,0.007916440575737519,68.03609989504417,1.1948113080061316,15.069999694824219,0.03148528740291501,1
2015-11-02,175.0365954494891,176.96911282037263,174.91055334646418,176.77586364746094,86270800,0.0118307655276233,0.016376430054579005,0.03451816012802289,173.71157989501953,166.35695556640624,1.044209899751847,0.008340117508537229,0.007437307042260383,76.74043494710426,0.8010094091967414,14.149999618530273,-0.06104844690938638,0
2015-11-03,176.42297110123278,177.84296086237885,176.1961055695823,177.2884063720703,95246100,0.0028993931300005382,0.021296904519487514,0.03884585091488435,174.37451934814453,166.73472290039064,1.0458200686387202,0.008181141682045973,0.007284974094898011,81.46154912067388,0.8905567525969909,14.539999961853027,0.02756186246196246,0
2015-11-04,177.58250317548837,177.7085324673243,176.21292504007857,176.75067138671875,96224500,-0.0030331085735129104,0.006748109598484708,0.042159877238970855,175.0895523071289,167.1390167236328,1.0475683998826106,0.007800936627294256,0.007317639453421437,74.737607220134,0.9116740312341288,15.510000228881836,0.06671253573409142,0
2015-11-05,176.809481976939,177.2716107515993,175.68357755931885,176.57421875,78408700,-0.0009983138130925662,0.006320741360940296,0.023823424829768625,175.50042419433595,167.41958099365235,1.0482670136475254,0.006500708537542395,0.007204050366267649,72.22222222222223,0.7701116302239991,15.050000190734863,-0.02965828699927331,0
2015-11-06,176.22976814859592,176.7171028750931,175.1542752421493,176.48182678222656,110471500,-0.0005232472125743515,0.010147755526683344,0.01219199061838161,175.71299896240234,167.61788604736327,1.0482950424082527,0.005791075830814695,0.007221502066438398,71.53018444093247,1.0832149701472773,14.329999923706055,-0.04784054869793675,0
2015-11-09,175.86845501142494,176.0197030058444,173.88551264837628,174.83497619628906,131008700,-0.009331559039048587,-0.01097936907858943,0.005217258106230638,175.80374145507812,167.78308776855468,1.047803707710919,0.00662501666746528,0.007663414834733781,64.45625555957007,1.2392573690005126,16.520000457763672,0.1528262767423123,0
2015-11-10,174.35605279823582,175.2719128750145,174.08718597286835,175.23829650878906,75874600,0.0023068628559035353,-0.011563699540390382,0.009486933974093503,175.9684265136719,167.98327056884764,1.0475354237227543,0.006584726629216178,0.00743269740597491,70.44500048139865,0.7218776510115354,15.289999961853027,-0.07445523376681251,0
2015-11-11,175.50710100539192,175.55751271225728,174.48202022952364,174.5492401123047,67846000,-0.003932110789777177,-0.012455009404730766,-0.0057909475747592865,175.86675720214845,168.26830596923827,1.0451567583636296,0.005601582244331715,0.00739325157630534,58.97235756973682,0.6552366125505249,16.059999465942383,0.05035967992219903,0
2015-11-12,173.5074093102452,173.97793582652446,172.0958297614075,172.1126251220703,121315200,-0.01395947062655023,-0.02526752580027869,-0.019106493934752833,175.53150482177733,168.44375701904298,1.0420778301800349,0.00702261133788634,0.00753260774414674,40.77378076253562,1.1789285873069206,18.3700008392334,0.14383570673148016,0
2015-11-13,171.70086426962504,171.9697309814071,170.0960232138523,170.18003845214844,153577100,-0.011228616544260994,-0.03570785981184532,-0.025922458916913582,175.0786163330078,168.57821563720702,1.0385601465244485,0.007602721840432828,0.007917922940959006,36.284998531315374,1.464692756104929,20.079999923706055,0.09308650007356323,1
2015-11-16,169.99524294799596,172.8268123328359,169.8775985069335,172.7679901123047,117645200,0.01520713994246714,-0.011822497585744829,-0.022672063099909545,174.67782897949218,168.81391815185546,1.0347359441202109,0.00835263766235915,0.008632205680002327,47.41278467710387,1.1004253717466208,18.15999984741211,-0.09561753404327611,0
2015-11-17,173.07886013728063,173.96109075779063,172.1462049828163,172.64193725585938,121123700,-0.0007296077031594406,-0.014816163502248347,-0.02620853337955742,174.2131820678711,168.96618560791015,1.031053529681594,0.008180667318719729,0.008626837540545473,39.60579173071728,1.1107924792695698,18.84000015258789,0.03744495104016665,1
2015-11-18,173.12088406326907,175.52394099502678,173.07888284412175,175.381103515625,121342500,0.015866169618486747,0.004765780720586976,-0.007748586527839718,174.07622528076172,169.21737121582032,1.0287136836486155,0.01004568825567213,0.009107154794936753,49.7484256046829,1.1030351704526473,16.850000381469727,-0.10562631395970634,0
2015-11-19,175.26344667430746,175.64995783774356,174.9357577226286,175.22984313964844,88220500,-0.0008624667820218423,0.018111501206650393,-0.0076136574176493,173.94178771972656,169.44781066894532,1.026521304896416,0.010045380368163511,0.008386733463568611,51.61787160718026,0.8348421902171755,16.989999771118164,0.008308568930502691,0
2015-11-20,175.98607034062815,176.5490225803326,175.4903380010073,175.86843872070312,94011500,0.0036443311801961364,0.03342577848902151,-0.003475644335211636,173.8804489135742,169.67614379882812,1.024778410332868,0.010140391680329071,0.008075218251676657,46.90733069079964,0.9113904784432835,15.470000267028809,-0.08946436283496895,0
2015-11-23,175.92724764453766,176.43137762573497,175.20464979935923,175.66677856445312,64931200,-0.0011466534741362278,0.01677850422560412,0.0047576428141598015,173.96362915039063,169.91264770507811,1.0238415532923948,0.00964899549049538,0.008055558497995441,44.35354386516725,0.6307267838331967,15.619999885559082,0.00969616134073159,0
2015-11-24,174.65848977069672,176.30534511598827,174.27199140759205,175.90203857421875,98874400,0.0013392401892273753,0.018883600185323646,0.0037876541752184245,174.0300033569336,170.11289764404296,1.023026506321038,0.009633887011053836,0.008036152200094182,46.98150564339477,0.9507605000294966,15.930000305175781,0.01984637784173726,0
2015-11-25,176.0280814705005,176.22974116741722,175.61636439712734,175.87684631347656,51980100,-0.00014321755987811713,0.0028266602724813517,0.007605912236098522,174.1627639770508,170.2838900756836,1.022778865925856,0.009517517969090615,0.00763291616934718,47.492541211248046,0.5208492873181209,15.1899995803833,-0.04645327750257788,0
2015-11-27,175.96925727372445,176.2801509055882,175.49033312764547,176.0784912109375,37317800,0.0011465119012967762,0.004843056730997164,0.023042272965474897,174.5593505859375,170.46643798828126,1.0240100787343114,0.007991294535558878,0.007634424309335048,48.56107941090973,0.3841716479639607,15.119999885559082,-0.004608274967605519,0
2015-11-30,176.23811424503617,176.35574584659562,175.23823922133926,175.34747314453125,112822700,-0.004151660213458475,-0.002962245983198941,0.030364517127758228,175.0760940551758,170.68893096923827,1.0257026806660836,0.0068977276946459755,0.00762958468052136,51.956187731586375,1.1724806402950398,16.1299991607666,0.0667988943685216,1
2015-12-01,175.97763978675954,177.13716041004395,175.70036255854447,177.01951599121094,97858400,0.009535597044512345,0.00770058765699666,0.02460829622514349,175.5012466430664,170.92789031982423,1.0267560566896656,0.005952436852783953,0.007460993133048681,56.19852001002519,1.0108814604862433,14.670000076293945,-0.09051451707597413,0
2015-12-02,176.9691504800534,177.2884418239364,174.96100229166035,175.21307373046875,108441300,-0.010204763303227393,-0.003916753036715348,0.014892884750238311,175.75836029052735,171.17357330322267,1.0267844323094373,0.007148702173075217,0.007770739114992666,52.143405425591986,1.1126203742521144,15.90999984741211,0.08452622799381904,0
2015-12-03,175.46513794700394,175.73400473534974,172.03699985461813,172.7595977783203,166224200,-0.014002813259943347,-0.01772404156940688,-0.014947481141097563,175.49620971679687,171.37539611816408,1.024045537994214,0.006706615200977952,0.008322071928112346,52.08669221880346,1.6463585093274866,18.110000610351562,0.13827786197605163,1
2015-12-04,172.7595905214948,176.42299170763283,172.7595905214948,176.12890625,192913900,0.019502872865003296,0.00028632139403161894,0.005130764795783449,175.58611602783202,171.65636962890625,1.0228930997866335,0.009448221573368346,0.009513645566619114,67.55960397038515,1.8081718511172904,14.8100004196167,-0.18221977247469578,0
2015-12-07,175.80126785502924,176.22138273206616,174.0956024799303,175.06187438964844,102027100,-0.0060582438344163325,-0.0016287588852073043,-0.0045861800839409606,175.50545959472657,171.9168408203125,1.0208741549535854,0.009592460911555883,0.009607161171308491,57.43890804438445,0.9600941696311502,15.84000015258789,0.06954758297014618,0
2015-12-08,173.49898441928113,175.01138717844287,172.9024158662772,173.88548278808594,103372400,-0.006719861795516424,-0.017704450187744247,-0.010140197201337187,175.32733001708985,172.23511901855468,1.0179534291040961,0.00979915376011783,0.00949590475120156,53.775529774970146,0.9855691880297835,17.600000381469727,0.11111112449038019,0
2015-12-09,173.24694565951123,175.33910918693573,171.55807593490235,172.53274536132812,162401500,-0.007779473047824226,-0.015297536377130161,-0.019154372741786108,174.9904006958008,172.5244940185547,1.01429308163617,0.009982369033035938,0.0096211209951653,40.55713271105949,1.4870252522299794,19.610000610351562,0.11420455598387824,0
2015-12-10,172.5998962164132,174.28875244447198,172.36463304496863,172.97799682617188,116128900,0.002580678026720573,0.0012641789553817784,-0.016482268974381542,174.7005157470703,172.76378997802735,1.0112102528503761,0.010072015049581062,0.009617390718925825,42.67742399658623,1.0403346947785148,19.34000015258789,-0.01376850838144017,0
2015-12-11,170.86064169753504,171.52441723603533,169.3146099655293,169.62550354003906,211173300,-0.019381038904628944,-0.03692410773692034,-0.036648358504889345,174.05521697998046,172.9276336669922,1.0065205501808905,0.011444905689650516,0.010084515812556078,32.74474228265022,1.8185878266578832,24.389999389648438,0.2611168147475327,1
2015-12-14,169.78521039920295,170.60863186087278,168.00391483485856,170.4825897216797,182385200,0.005052814369027381,-0.02615809229699151,-0.02774424595695002,173.5687286376953,173.06039123535157,1.0029373411137874,0.011767265592350347,0.00984235297019279,36.17208670432243,1.5514250238112879,22.729999542236328,-0.06806067605383559,1
2015-12-15,171.9949700506764,173.17969668111772,170.45734858112394,172.27224731445312,154069600,0.010497597412704396,-0.009277574227394614,-0.02681777006436692,173.09400177001953,173.17062896728515,0.9995575046546715,0.011882210306403938,0.009513617021180136,41.05952797951842,1.2905704181929774,20.950000762939453,-0.07831055060029035,1
2015-12-16,173.3981844884099,175.0954519293703,172.0790306373274,174.79296875,197017000,0.014632196856094515,0.013100257484099043,-0.0023976805584439154,173.05199127197267,173.34270812988282,0.9983228780659621,0.012695823788496567,0.010064352728530962,47.62258578645476,1.599479767413493,17.860000610351562,-0.14749403532500582,0
2015-12-17,175.10384751848963,175.17106742653414,172.11263212538444,172.1294403076172,173092500,-0.015238189850716233,-0.004905574894634834,-0.003647597463798946,172.98897552490234,173.43429412841797,0.9974323497797621,0.012850475961898242,0.009995112712068443,42.182322361207184,1.3763369126137281,18.940000534057617,0.06047031840973682,0
2015-12-18,171.3873100077972,171.5225370211609,168.90233146446238,169.06292724609375,251393500,-0.01781515733765937,-0.003316578475550558,-0.040118224511521694,172.28237762451172,173.43430114746093,0.9933581562855333,0.011842686003078015,0.010687689583619984,38.6119335469393,1.8771660257766052,20.700000762939453,0.09292503586349055,1
2015-12-21,170.23781010837587,170.63506931648848,169.12210010333064,170.4575653076172,99094300,0.00824922461855504,-0.00014678574570781144,-0.026301038407615218,171.8219467163086,173.46018402099608,0.9905555426801046,0.012419670945659973,0.010857931858822912,37.98849695050762,0.7385398718764572,18.700000762939453,-0.09661835392686213,1
2015-12-22,171.3450246180387,172.30013863391332,170.35610707732334,172.00430297851562,111026200,0.009074033576081497,-0.0015553540405636168,-0.010818498355396944,171.63382873535156,173.51380920410156,0.9891652400614489,0.012833767273650766,0.011113216060191064,44.07003723392856,0.8134936866355075,16.600000381469727,-0.11229948105839693,1
2015-12-23,173.01013512652764,174.17655668304212,172.9171593082955,174.13429260253906,110987200,0.012383350806575377,-0.003768321759000548,0.009282569739772484,171.79398345947266,173.6313754272461,0.9894178574393466,0.013230278918796627,0.011502820643210612,52.57124493553907,0.8096152239221767,15.569999694824219,-0.062048232709396745,0
2015-12-24,173.8807555169008,174.39634644809036,173.62718388075706,173.84693908691406,48539600,-0.0016501833804837274,0.009977949014575715,0.005023426543755205,171.88087768554686,173.75932708740234,0.9891893607477508,0.013241884222001031,0.011505695912431205,45.175571878820726,0.3545253444252329,15.739999771118164,0.010918437997815555,0
2015-12-28,173.15382558359133,173.49191243890718,172.3762154986154,173.4496612548828,65899900,-0.002285216145408442,0.02594734446070235,0.022544709581015843,172.26329345703124,173.82791229248048,0.9909990356852665,0.01134632226623514,0.01150516583196406,46.49219610077275,0.47635003424629435,16.90999984741211,0.07433291571203293,1
2015-12-29,174.54849631704982,175.63039001787277,174.51469278141982,175.30075073242188,92640700,0.010672200015535926,0.028412851116724536,0.028261894769477935,172.74510955810547,173.9180581665039,0.9932557399687876,0.011633863960296245,0.01174533472526206,52.99146787730308,0.674563283828476,16.079999923706055,-0.04908337854497835,0
2015-12-30,175.05562110545048,175.14014928136507,173.91455521654785,174.05824279785156,63317700,-0.007087864309645031,0.011941211840453159,0.01036728498780426,172.9237091064453,173.9816732788086,0.993919105659664,0.011678762813406426,0.01162650396541433,53.23955710661132,0.46691955374083843,17.290000915527344,0.07524881825636309,0
2015-12-31,173.38204524222868,174.02441544079304,172.31704711914062,172.31704711914062,114877900,-0.010003523250163626,-0.010435885179413185,-0.014164881165217746,172.67611694335938,174.014833984375,0.9923068797621252,0.011089004904447888,0.011618001099991554,48.669628235479124,0.8451308413435736,18.209999084472656,0.053209839226735056,0
2016-01-04,169.46021686706806,169.91663552569267,167.85427165942514,169.90818786621094,222353500,-0.013979227785073323,-0.022656431234224783,-0.012904546935356254,172.45399169921876,174.02099090576172,0.9909953437318861,0.01091992083141656,0.011616588208524735,50.59146019089165,1.602714141241114,20.700000762939453,0.13673815506064346,0
2016-01-05,170.22932965082862,170.65194468263027,169.08827680327653,170.19552612304688,110845800,0.0016911383756397225,-0.01876126542013834,0.006699274024189128,172.56725158691407,173.97559143066405,0.9919049572864291,0.009244659014395775,0.01062084826511002,49.38470746377025,0.823323159193949,19.34000015258789,-0.06570051015584788,0
2016-01-06,167.64291008691177,169.0967066751727,167.01744815983184,168.0486297607422,152112600,-0.012614293755010553,-0.041369594490495265,-0.014132171502788449,172.32635803222655,173.84944244384766,0.9912390607055697,0.009696455481032554,0.010862228049593314,41.08363822375639,1.1092060744018741,20.59000015258789,0.06463288470205808,0
2016-01-07,165.0988156154089,166.88225184359334,163.62811043242243,164.0169219970703,213436100,-0.023991315903093002,-0.05768942992514914,-0.04643709978838717,171.52761993408203,173.65122985839844,0.9877708328006195,0.011248935920503949,0.011895775269572492,28.61524895819518,1.4963307888094228,24.989999771118164,0.21369594880635545,0
2016-01-08,164.98045866166842,165.53831360060605,161.92917760723282,162.216552734375,209817200,-0.01097672874709521,-0.058615758299189635,-0.06843993615528832,170.33584594726562,173.4237319946289,0.982194558888521,0.009617490869839991,0.011986648904895819,29.630333370331982,1.4469110447120581,27.010000228881836,0.08083235199138561,0
2016-01-11,163.13785340380966,163.4759531747563,160.44158027718976,162.3771514892578,187941300,0.0009900269249698557,-0.0443241521879052,-0.06597635631606935,169.1888671875,173.1599563598633,0.9770669313169003,0.009815559724574681,0.01195283490445481,34.39839169469546,1.264737319664386,24.299999237060547,-0.1003332457925521,1
2016-01-12,163.8224957637583,164.43951009387482,161.55727250549293,163.687255859375,172330500,0.008068280285135287,-0.03823996089630799,-0.05628379626041491,168.2126266479492,172.92439849853517,0.9727524172904619,0.010833129054735645,0.011552891020380944,34.13855009505451,1.1750427854999472,22.469999313354492,-0.07530864120008185,0
2016-01-13,164.35503341887548,164.70158094597977,159.22449207445186,159.60484313964844,221168900,-0.024940321091544204,-0.050246090272295096,-0.08953702438349276,166.64303588867188,172.62231689453125,0.9653620626033388,0.010697240190189899,0.012533023445192863,24.035482017753793,1.4883696359509306,25.219999313354492,0.12238540649912721,1
2016-01-14,160.21336724550912,163.34916367864253,158.615882880263,162.22500610351562,240795600,0.016416563008521345,-0.010925189131318347,-0.0679843511236573,165.45971221923827,172.33129974365235,0.9601257140482561,0.013459183757246109,0.01293726212981483,25.563550542181986,1.574502531804486,23.950000762939453,-0.05035680352864047,0
2016-01-15,157.86361173274562,159.5456111894306,156.80707422590876,158.74264526367188,324846400,-0.021466239536595655,-0.021415246546334532,-0.07877573393004678,164.1022720336914,171.96038452148437,0.9543027743880673,0.014216471840341067,0.012877546213348325,22.600299718605527,2.0388804404457357,27.020000457763672,0.12818369924959572,0
2016-01-19,160.55990909796947,160.68668844906233,157.38183579391037,158.95396423339844,195244400,0.0013312047898379475,-0.021081705304368703,-0.06447142877798262,163.00684967041016,171.60445037841797,0.9498987311281929,0.014334527403919549,0.012697330122143984,23.525700405869216,1.2169805096461639,26.049999237060547,-0.0358993783963617,0
2016-01-20,156.3929383469813,158.48065791232142,153.0035699860845,156.91697692871094,286547800,-0.01281495126284804,-0.04136106317574573,-0.07801937863358344,161.67899475097656,171.21130554199217,0.9443242911977114,0.014140653739902701,0.01245578141961728,16.65113817479049,1.7667286223578866,27.59000015258789,0.05911711940998576,1
2016-01-21,157.3902832034348,159.6385851905549,156.06326591928874,157.79598999023438,195772900,0.005601771578372716,-0.011333322434529003,-0.06100995756469374,160.6537307739258,170.83758880615235,0.9403886574178819,0.014644485758640682,0.012336198595457828,20.105411674946083,1.1721165757651648,26.690000534057617,-0.03262050067244582,1
2016-01-22,160.40775875907423,161.23608060151886,159.6470568686722,161.03323364257812,168319600,0.020515373378905855,-0.007346416496215369,-0.018191344637875084,160.35536193847656,170.56155395507812,0.9401612392714853,0.015374225577224343,0.013198736971995653,30.338618936711015,0.990757654757102,22.34000015258789,-0.16298240143978016,0
2016-01-25,160.52607657353218,160.72047585810714,158.40455396249536,158.5989532470703,130371700,-0.015116633631731102,-0.0009051884977907543,-0.02230105020927431,159.99360198974608,170.22876708984376,0.9398740572755501,0.01570317758899978,0.012918559668406887,30.31176583719663,0.7630367506822365,24.149999618530273,0.08102056640911481,1
2016-01-26,159.2582478584521,161.04168381774744,158.92016099014072,160.76275634765625,141036800,0.013643236958916782,0.011379345730578194,-0.009942255587039095,159.83216247558593,169.95303741455078,0.9404489905392045,0.016474387450087506,0.01353895681546016,34.58559700621676,0.8037023802729669,22.5,-0.06832296664983095,0
2016-01-27,160.23874959702297,161.91230185213396,158.10876579230634,159.01316833496094,185681700,-0.01088304314036359,0.013358601773231449,-0.028554987374396545,159.36475372314453,169.69104827880858,0.9391464979419683,0.01642108391012503,0.013623981464447016,35.0406025917752,1.0231921335055132,23.110000610351562,0.027111138237847276,1
2016-01-28,160.55991190958068,160.76275887488137,158.1932651026348,159.84146118164062,143798800,0.005208957568437977,0.012962757745192732,0.0014825241974967263,159.38841552734374,169.48427673339845,0.9404318713178588,0.014560942125478708,0.013361339411534744,42.266673072412246,0.7813841656774304,22.420000076293945,-0.029857226994124297,1
2016-01-29,160.61062728231084,163.873215985602,160.49229558414746,163.73797607421875,210529300,0.024377372827881105,0.016796175363676502,0.009326367167696192,159.53971252441406,169.30367645263672,0.9423286952014054,0.01571526415696668,0.014816362716961358,52.6147870207876,1.0999932912360135,20.200000762939453,-0.09901870231043552,0
2016-02-01,162.73210340075195,164.4648271877236,162.148892735642,163.6787567138672,136061600,-0.0003616715057276343,0.03202923703338323,0.031095056038636715,160.0333236694336,169.12441284179687,0.9462461449556233,0.0136366816880024,0.014731296589586078,52.24482019227632,0.7069948460806506,19.979999542236328,-0.010891149128407829,0
2016-02-02,162.2503902851481,162.25883794392138,160.20492190938126,160.72897338867188,182564900,-0.01802178477169114,-0.00021014170042787939,0.011166812755088795,160.21082458496093,168.8313702392578,0.9489399058831285,0.015206433879466972,0.01492407042013473,45.17109421390114,0.9585411873531509,21.979999542236328,0.10010010239350309,1
2016-02-03,161.78549596816256,162.0982269769642,158.14255631350596,161.69252014160156,205054900,0.005994854148664741,0.01684987372238611,0.03043356624860416,160.68837890625,168.56062377929686,0.95329724880851,0.014421251443108213,0.015020931439410062,53.79410482553296,1.0506387582417835,21.649999618530273,-0.015013645613228266,0
2016-02-04,161.1938516205683,162.9181154950131,160.55992899218302,161.94610595703125,139531800,0.0015683212507764388,0.013167076676050549,0.026300516046407152,161.1033905029297,168.28217712402343,0.9573407787813264,0.01439976548389375,0.014849723994645831,49.44542816538001,0.7172300196856617,21.84000015258789,0.008776006346669751,0
2016-02-05,161.43051462671764,162.00526495100985,158.22708506365447,158.8610076904297,180788300,-0.019050154051991397,-0.029785200114959554,-0.013489302195656139,160.88616790771485,167.94606170654296,0.9579633262781472,0.014394150716787148,0.014497004048302111,50.23913267316233,0.9371628937025731,23.3799991607666,0.07051277460711147,0
2016-02-08,157.01836981803837,157.31419255920386,154.50803586041826,156.7225341796875,191526700,-0.013461286327160926,-0.042499238592947686,-0.011831219746196386,160.69852600097656,167.56247161865235,0.9590364981408419,0.014225675815529122,0.014592852812694422,45.81744318874088,0.9975572629375883,26.0,0.11206163102135425,0
2016-02-09,154.98136821297294,158.0072930610037,154.84612832210112,156.73098754882812,184513100,5.393844085577193e-05,-0.024874083094999277,-0.025078997713309015,160.29534912109375,167.17955444335936,0.9588214877998255,0.013278514552616071,0.01458554027262353,49.62269208838954,0.961886030228133,26.540000915527344,0.020769265981820828,0
2016-02-10,157.559341187404,159.19062903955063,156.46898716953467,156.5957794189453,148214100,-0.0008626764368513395,-0.03152119045576629,-0.01520244481213906,160.0536102294922,166.78990020751954,0.9596121229783934,0.012945966500473222,0.014407432757311857,47.48942396264825,0.7775432458759963,26.290000915527344,-0.009419743458024432,0
2016-02-11,154.11922316074063,155.6068360996528,153.0626857426202,154.55874633789062,219058900,-0.013008224669995405,-0.0456161608547766,-0.03304971566636783,159.52533874511718,166.3741256713867,0.9588350237837049,0.013183531357069941,0.013638987061689601,35.74082438085405,1.1498372302378477,28.139999389648438,0.07036890109153449,1
2016-02-12,156.33376755034035,157.7621956092723,155.48853743639367,157.74530029296875,127632400,0.020617105343956332,-0.00702316706712014,-0.03659918074554469,158.9260711669922,165.98864135742187,0.9574514850373291,0.012333326477031543,0.013958281888739682,48.18024443827144,0.6904467536021041,25.399999618530273,-0.09737028537840331,1
2016-02-16,159.55411325306656,160.43314701268105,158.59055131203985,160.4077911376953,120250700,0.016878416281066455,0.023514531444358555,-0.019984056830844366,158.598974609375,165.6925357055664,0.9571884088442187,0.013944286242957068,0.013674056975821297,49.25906414606848,0.6886223978671556,24.110000610351562,-0.05078736328947053,1
2016-02-17,161.57420294874984,163.3999032175602,161.44741068450003,163.0279998779297,136009500,0.016334672534610073,0.04017720061350216,0.014303746491918012,158.8288772583008,165.49790374755858,0.9597032570307938,0.013770119461993332,0.014119959079018302,58.086441911468214,0.7923040032878319,22.309999465942383,-0.07465786390881946,0
2016-02-18,163.29841997201936,163.3575922577956,162.0474832862532,162.36021423339844,102343000,-0.004096140816493232,0.03681092067642111,0.0041294061791612435,158.89564666748046,165.22252990722657,0.9617068977015502,0.013774400917050084,0.013790002360970846,55.106141698378536,0.6299851523241778,21.639999389648438,-0.030031380203156988,0
2016-02-19,161.58268273320937,162.43636073458765,160.97411585594455,162.2842254638672,114793000,-0.00046802580231886104,0.04998409542665039,0.0020878520347111795,158.92945861816406,164.96697692871095,0.9634016551497094,0.01377186172255956,0.013768626542118688,46.512688553032774,0.7246847997058661,20.530000686645508,-0.05129384169640505,1
2016-02-22,163.86479424035417,164.77764451261012,163.79717426864735,164.6339569091797,103640300,0.014479111808902712,0.0436694887481095,0.03633962356577558,159.50675354003906,164.78194641113282,0.9679868275258013,0.012568008070130336,0.01339067747693276,52.06449944792779,0.6679142225071426,19.3799991607666,-0.05601565939678543,0
2016-02-23,163.97465273403023,164.24513257867517,162.43632763628713,162.55467224121094,111455300,-0.012629743626436651,0.013383895434809112,0.03721314290921751,160.0899673461914,164.58238494873046,0.9727041408232204,0.012444381751172883,0.013241994310320465,54.10021678385423,0.722683341864741,20.979999542236328,0.08255936278412279,0
2016-02-24,161.1262271415721,163.57738941039415,160.01897771192097,163.2984619140625,150812200,0.004575627772469559,0.0016589913164322123,0.04190284555687063,160.74671478271483,164.38879425048827,0.9778447218110025,0.012377947423936988,0.012949710512950673,53.64263440060083,0.9747867059027513,20.719999313354492,-0.012392766184689874,1
2016-02-25,163.74644156760178,165.2847667084691,162.98573955329348,165.27630615234375,110728300,0.012111836297160616,0.01796063113561397,0.055432699180066436,161.6147674560547,164.30181030273437,0.9836456893461571,0.012470060454095554,0.012872587480700318,57.00565465032074,0.7334682848260119,19.110000610351562,-0.0777026426813272,0
2016-02-26,166.1468695024317,166.23983242237043,164.735324034117,164.8959197998047,129833700,-0.002301517751663984,0.0160933345707035,0.06688184076826897,162.6484848022461,164.1900769042969,0.9906109301419637,0.011089571514416481,0.012883961013336085,64.32570269487105,0.8640194693316102,19.809999465942383,0.036629975574759666,0
2016-02-29,164.91286205285977,165.8595157337722,163.40835335404287,163.60275268554688,125918100,-0.00784232330204293,-0.006263618046923769,0.0371323417033631,163.2342300415039,164.01668701171874,0.9952294063215719,0.01072420220028078,0.011864870814519493,67.01514412808433,0.8622369442606624,20.549999237060547,0.037354860730328676,1
2016-03-01,164.82831369073514,167.5330602715892,164.35498690824195,167.4485321044922,141799700,0.02350681364351548,0.030105931720125323,0.043892761797044155,163.93830413818358,163.8697982788086,1.0004180505504647,0.011781655692159151,0.012972570637165101,72.27693254296743,0.9690839359338485,17.700000762939453,-0.13868606228370617,0
2016-03-02,167.13578995688582,168.2514868844862,166.72162260122636,168.20077514648438,102415000,0.004492383615060769,0.03002057199413044,0.03172936717881525,164.45558166503906,163.79122497558595,1.0040561189377035,0.01101531251447342,0.012166887114952403,73.51828132817704,0.7196312149130157,17.09000015258789,-0.03446330983379342,0
2016-03-03,168.023264053551,168.87695459773252,167.4485138509449,168.86004638671875,95172200,0.00391954935796357,0.021683327258485985,0.04003340463678229,165.1055648803711,163.78716735839845,1.0080494555418236,0.010714313605967685,0.012142943955098656,80.69669795562776,0.6955922927933678,16.700000762939453,-0.022820326867544316,0
2016-03-04,169.05450494942514,170.18712333513,168.22618287991972,169.4095001220703,129293600,0.0032539001801126233,0.02737229840341371,0.0439061445302924,165.8180923461914,163.7662060546875,1.012529363297448,0.010606565681252967,0.012143879705539241,78.2324633163565,0.9485268146874579,16.860000610351562,0.009580828748653625,0
2016-03-07,168.48818575583124,169.95044329460436,168.4121181328031,169.5447235107422,100219000,0.0007982042835521508,0.03631950396712513,0.029828394419697535,166.30916900634764,163.71701446533203,1.0158331407977423,0.010022044264337534,0.011068523469787876,75.19816054496886,0.75761951185291,17.350000381469727,0.029062856072337162,0
2016-03-08,168.47125701607789,168.97838729951602,167.5330511599525,167.69363403320312,123974900,-0.010918001098523034,0.0014637448631558136,0.03161374398618699,166.82306518554688,163.5882012939453,1.019774432789251,0.009736190596490285,0.010878588380578575,63.43708279243751,0.9617625850585534,18.670000076293945,0.07608067238050409,0
2016-03-09,168.50511021569557,168.86855304777137,167.71903934372293,168.5220184326172,94801200,0.0049398678977286,0.0019098799387402554,0.031987787621071684,167.34542083740234,163.4817028808594,1.0236339473375728,0.009742755619616525,0.010853265875189833,67.58341475818995,0.7619557114026394,18.34000015258789,-0.017675410945770076,0
2016-03-10,169.01221930118146,169.95042524378096,166.8315240589992,168.65721130371094,156838700,0.0008022267496623492,-0.001201202340921359,0.020456078854102833,167.68351135253906,163.38585388183594,1.0263037305164209,0.009236043424690595,0.010822858825971015,68.12480363277201,1.2562222423264302,18.049999237060547,-0.0158124816311096,1
2016-03-11,170.11101524935322,171.4211245605465,168.64032304338957,171.3788604736328,137964500,0.01613716454151981,0.011624851912929612,0.03931534923179947,168.33180541992186,163.30741607666016,1.030766449338119,0.010070293224942671,0.010398337754459051,68.7851450679613,1.142139727661211,16.5,-0.08587253753884172,0
2016-03-14,170.8717282412068,171.61552199450793,170.54208900241045,171.1591033935547,73612000,-0.001282288139101806,0.009521852696938726,0.04618718563086466,169.08744049072266,163.2494332885742,1.0357612708635175,0.009411871928161588,0.009830220369954025,76.73307505741045,0.6233353002735242,16.920000076293945,0.0254545500784209,0
2016-03-15,170.19555358982376,171.1844713761723,169.93353429137107,170.88018798828125,93169100,-0.0016295680436705373,0.019002235674892676,0.020493794962906042,169.43060607910155,163.22069610595702,1.0380460941614493,0.006779427210436794,0.009430422304644014,74.25631212044287,0.7980929189748831,16.84000015258789,-0.004728127857288822,1
2016-03-16,170.3983723918738,172.27478401520258,170.3561083126268,171.8690643310547,129303200,0.005786957250077718,0.019861178554396508,0.021808990959617303,169.79743499755858,163.2599136352539,1.040043640944895,0.006843279263842888,0.00893994070611056,72.51719030609533,1.1108107214206342,14.989999771118164,-0.10985750384244664,1
2016-03-17,171.78455764242833,173.46655716459605,171.38729849261688,172.9594268798828,134278500,0.0063441466506610755,0.02550863697387129,0.02427679359850332,170.207373046875,163.31519165039063,1.042201716367198,0.006953788513809732,0.008827440892658219,76.26658157178986,1.1379425408020474,14.4399995803833,-0.036691140702655,0
2016-03-18,173.4606796292937,173.97892972183823,173.14633567541978,173.63909912109375,138372400,0.003929662889568641,0.013188549866736343,0.02496671671881301,170.63033294677734,163.42700103759765,1.0440767551472263,0.0069660302093466735,0.008785837852816584,84.0541352137761,1.1610361612817979,14.020000457763672,-0.029085812660977983,0
2016-03-21,173.37573686226835,174.11487558474272,173.14634406561157,173.88548278808594,72926700,0.0014189411730383128,0.015928918418451676,0.02560244393019251,171.0644088745117,163.62437225341796,1.0454702225507748,0.006952023008928994,0.008397670503799155,78.90030691658446,0.6198908804978119,13.789999961853027,-0.016405170356701415,0
2016-03-22,173.11236372451606,174.36126141225773,172.9509525979609,173.7920379638672,97471900,-0.0005373929020436874,0.0170403018036569,0.03636634130939398,171.67424926757812,163.8558819580078,1.0477149017547869,0.0052944878915714925,0.007630807670704201,76.68178806259239,0.8334832254188702,14.170000076293945,0.02755620852009466,0
2016-03-23,173.40972122437373,173.59663195994312,172.47516754652673,172.6450958251953,81052500,-0.006599509115085778,0.004515248262746185,0.024466104969106617,172.08655700683593,164.06124084472657,1.0489165882251543,0.006155350670356209,0.007941123305978503,67.25914072012523,0.7143879554292074,14.9399995803833,0.05434011996778643,0
2016-03-24,171.61709783714622,172.60262487660995,171.39620920983543,172.56863403320312,84360900,-0.00044288423964045087,-0.002259448089817484,0.023191553442969415,172.47769927978516,164.23886840820313,1.0501637094278136,0.006204491037607856,0.00765887146318145,65.05445539514882,0.7522894153847964,14.739999771118164,-0.0133868684660301,0
2016-03-28,172.98495254878787,173.19734996545483,172.2203270342706,172.6706085205078,62408200,0.0005909213332768726,-0.0055776066881717545,0.007537382634620338,172.60687408447265,164.5001837158203,1.0492807374772113,0.003860570082877469,0.007596674430742659,64.94336550693853,0.5737755672954675,15.239999771118164,0.03392130310474695,1
2016-03-29,172.26274495323278,174.37822726148767,171.95689224557793,174.2677764892578,92922900,0.009249796374930286,0.0021985371926520614,0.018162475930685318,172.91774139404296,164.74103912353516,1.0496336693880892,0.004606679883559139,0.007349051608409301,82.2098153876978,0.8674828300099923,13.819999694824219,-0.09317585942389806,0
2016-03-30,175.27030893947753,175.75456819261893,174.66709471626987,175.0324249267578,86365300,0.004387778698416556,0.007137190963538265,0.024299112655244315,173.3329650878906,165.06683471679688,1.0500774754981874,0.004499057190123741,0.005602972630617496,82.09800941877435,0.8276808719364641,13.5600004196167,-0.018813262007877807,0
2016-03-31,174.93897488037737,175.3637696250937,174.44621142086157,174.60763549804688,94584100,-0.002426918491752028,0.011367479993979357,0.015934055251020318,173.60682220458983,165.37990814208985,1.0497455474182005,0.004563934580879665,0.005669291143213097,78.52266427153533,0.9098597762734671,13.949999809265137,0.028761016045710575,1
2016-04-01,173.61366503542266,175.9840146579442,173.2993080226713,175.79710388183594,114423500,0.006812235790240484,0.018708323599592402,0.01640660502375413,173.89058990478514,165.75751068115235,1.0490661279251317,0.004620149755032482,0.005760070058103486,74.82475874320126,1.0906081088454982,13.100000381469727,-0.06093185945643298,0
2016-04-04,175.7206077316629,175.92451389007496,174.92199148251703,175.22784423828125,63497000,-0.0032381628080592195,0.014809907370366027,0.009149696843794075,174.0494644165039,166.10614776611328,1.0478207264283514,0.004778462080358512,0.005869402789945018,71.99707639485828,0.6248024337942576,14.119999885559082,0.07786255529672892,0
2016-04-05,173.88546041373525,175.2363044443393,173.22278172084626,173.4776611328125,99662200,-0.009988042214847948,-0.0045339154051466934,-0.0023453461941411735,174.00868225097656,166.35503631591797,1.0460079003591083,0.005880869099411703,0.006426346659657493,62.11549246856326,0.9809321375989258,15.420000076293945,0.09206800292289019,1
2016-04-06,173.47770275458515,175.43176143021483,173.2992832342897,175.37228393554688,91839800,0.010921422333933117,0.0019416917118715293,0.009092740899949714,174.16670684814454,166.6905029296875,1.044850809056654,0.006848712562240826,0.006112630921313888,65.0671167807046,0.9184647723889526,14.09000015258789,-0.08625161589660046,0
2016-04-07,174.28475606093028,174.64158202679974,172.54309532746632,173.27374267578125,113859000,-0.011966208186790173,-0.007639372805552602,0.003641266770893159,174.2295715332031,166.94072265625,1.0436612994180077,0.007665554244698251,0.006847179375614592,51.243971578096826,1.1279241238995807,16.15999984741211,0.14691268079539554,0
2016-04-08,174.45466447692402,174.88796331849824,173.20576716362885,173.7410125732422,95040600,0.0026967149796912615,-0.011695820142610391,0.006793694268991457,174.34680938720703,167.23527954101561,1.0425241005708203,0.007691900971379149,0.006851380656371558,50.410241353851745,0.9712319816987695,15.359999656677246,-0.04950496276539118,0
2016-04-11,174.37824339944453,175.07491300612878,173.23979659036752,173.333251953125,83757500,-0.0023469451114502826,-0.010812164547204683,0.0038376156677439877,174.41307373046874,167.50511535644532,1.0412402830762721,0.007752563495558367,0.005963312242851373,47.80556603190118,0.8803108800938437,16.260000228881836,0.05859378856257624,1
2016-04-12,173.50316446745788,175.22783007301945,173.0613743084662,174.9474639892578,115350600,0.009312766119274896,0.00847257708483884,0.0039002477319258766,174.48104248046874,167.7293051147461,1.0402537729534125,0.00776056265020856,0.006252391692405208,54.09629611998174,1.1863404026409126,14.850000381469727,-0.08671585655377767,1
2016-04-13,175.86499500274658,176.79954847085173,175.72905759580317,176.71458435058594,96336400,0.010100862973564606,0.0076540054386950995,0.009610558869489694,174.64925842285157,167.99002166748048,1.0396406684710857,0.008278414383975854,0.0065257266382203576,63.81972354127501,0.9891749373091835,13.84000015258789,-0.06801348167924248,0
2016-04-14,176.7740697487607,177.2243510861963,176.37476170028685,176.72308349609375,65212900,4.80953257993022e-05,0.019906887027693942,0.012115438090738895,174.86080322265624,168.3099038696289,1.0389216510877555,0.008201623223540263,0.006462439751633187,64.1736702260574,0.6923831525326788,13.720000267028809,-0.008670511866767816,0
2016-04-15,176.72312719696814,176.85906464361813,176.20487702485997,176.52772521972656,75761600,-0.0011054485498014355,0.016039463597057102,0.004156048773031662,174.93386535644532,168.6066079711914,1.0375267462016375,0.00798266954065733,0.006377412444171281,63.07594580502057,0.8301704026833135,13.619999885559082,-0.007288657399667997,1
2016-04-18,176.5276755002116,177.80205953527738,175.86499683907385,177.76808166503906,82531000,0.007026411538292976,0.02558556804272838,0.014496768123811954,175.1878890991211,168.92304748535156,1.037086955907025,0.00811549231045852,0.006487876962110467,62.16051738761662,0.9328885634990097,13.350000381469727,-0.019823752302349784,0
2016-04-19,178.19294818120858,178.5837521831719,177.51327382909108,178.32887268066406,88316100,0.0031546215179487636,0.019328137798064304,0.027964474020303554,175.67301025390626,169.31240478515625,1.0375672738026556,0.007047696005488089,0.006502611759122197,61.616837305342855,0.9896725262977418,13.239999771118164,-0.008239745858303338,0
2016-04-20,178.3713025834669,179.19540538775044,177.89553456526323,178.49874877929688,81100300,0.0009526000814070734,0.010096305493220159,0.017827588109071035,175.98565673828125,169.74792907714843,1.0367470030123187,0.006448370889577201,0.006489185484306767,63.96333944415606,0.917225821745342,13.279999732971191,0.0030211452072894662,0
2016-04-21,178.5157342471724,178.6261850260145,177.2668366964576,177.53871154785156,85695000,-0.005378397540659163,0.004615288708313292,0.024614051766923772,176.4121536254883,170.16408355712892,1.0367179133090192,0.00507806910913649,0.006415712663259941,56.354429026676385,0.9666530909971992,13.949999809265137,0.050451813988406036,0
2016-04-22,177.18188552817682,177.81057343553908,176.63814878909537,177.53871154785156,99251700,0.0,0.005727068237392219,0.02185839093696096,176.79192352294922,170.58294219970702,1.036398606116039,0.00513457338705889,0.006409712954688113,58.79685080350515,1.1102503322723773,13.220000267028809,-0.05232971700483369,0
2016-04-25,176.9354876391209,177.2753311847621,176.32378222067248,177.23284912109375,66166500,-0.0017227928719949492,-0.0030108472732119917,0.022497686531741445,177.1818832397461,171.0364242553711,1.0359307031302254,0.005076948137956541,0.0064466212821431106,66.06111708626145,0.7385997675916489,14.079999923706055,0.06505292279169761,0
2016-04-26,177.59816239988538,178.00597464558777,177.02044783069846,177.4962158203125,75864200,0.0014859925827790388,-0.004669220681065012,0.014568669776265919,177.43675842285157,171.43144256591796,1.03503042246538,0.004426933103996687,0.00617218642769293,60.557316869681294,0.8549931920456225,13.960000038146973,-0.008522719191002448,0
2016-04-27,177.11394452979732,178.25239147981213,176.75711845428708,177.86158752441406,77329400,0.0020584760210968778,-0.0035695558609804,0.006490710305792069,177.55145874023438,171.78051849365235,1.0335948470594194,0.0032582217658831147,0.006125431234959425,77.55170486305198,0.8759662692031862,13.770000457763672,-0.013610285090552288,0
2016-04-28,177.1054386906577,178.2098947059655,175.83105439880347,176.24734497070312,97216200,-0.009075835744968619,-0.007273718311289978,-0.002691999912966314,177.5038848876953,172.0449053955078,1.0317299688685233,0.004490542542377029,0.006481025433206509,63.22902387675516,1.099599227807307,15.220000267028809,0.10530136245911392,0
2016-04-29,175.6271462783889,175.97548109221796,174.191337918119,175.29580688476562,142424100,-0.005398878979400612,-0.012633327365797697,-0.0069786110562947146,177.3806930541992,172.30361724853515,1.0294658689512057,0.004776457722207173,0.0064287992499205485,59.796481072435064,1.5858271971333453,15.699999809265137,0.03153742009296501,1
2016-05-02,175.79709146933402,176.86756977751688,175.36380540824536,176.6891632080078,62188000,0.007948600414373619,-0.0030676362524334477,-0.006069247341399575,177.2728012084961,172.59171600341796,1.0271223052500704,0.004947815422206764,0.0066271059064023155,58.89005196455942,0.6929399141379833,14.680000305175781,-0.06496812206885616,0
2016-05-03,175.4571893425305,175.6950733141479,174.40369392272203,175.15133666992188,106422100,-0.00870357021429502,-0.013210868409524013,-0.017818404630596474,176.95504760742188,172.8020635986328,1.0240331852658613,0.005353033687857018,0.006526223215501235,41.82955870413702,1.181376317324605,15.600000381469727,0.06267030362183146,0
2016-05-04,174.15734920959673,174.88799666851617,173.67307699165534,174.17433166503906,92243800,-0.005578061940366474,-0.02073104097796763,-0.02422659623012091,176.5226058959961,173.03445678710938,1.0201586965605256,0.005380456281590031,0.006172858020714463,37.90339517482811,1.0237554985469464,16.049999237060547,0.028846079781212453,0
2016-05-05,174.6415743998323,174.9984003501184,173.7155251743014,174.14031982421875,67619200,-0.0001952747026222612,-0.011954932693225118,-0.019141694191674108,176.18276672363282,173.2512939453125,1.016920351424594,0.0053148125339631475,0.0055323931573482595,38.49292561414553,0.7702261361482496,15.90999984741211,-0.008722703819522226,0
2016-05-06,173.3672507919475,174.82005470435467,173.2143308873301,174.77757263183594,89315000,0.0036594213692753286,-0.0029563414102105057,-0.015552320347167914,175.90665283203126,173.44131927490236,1.0142142228128546,0.005580878503109362,0.005558798417094571,34.696293427369355,1.0206835991693282,14.720000267028809,-0.07479570030145943,0
2016-05-09,174.650150382527,175.35529838319349,174.47173085218958,174.92201232910156,74374900,0.0008264200897782903,-0.010001467248027307,-0.013038422636953206,175.67556915283203,173.64184112548827,1.0117122003208547,0.00563022288896633,0.005524085278360825,31.78965019998826,0.8545308002038238,14.569999694824219,-0.010190256079042004,1
2016-05-10,175.6271225310977,177.11390398724373,175.5591538231721,177.09690856933594,77472200,0.012433519436893414,0.011107947769080084,-0.002249666276721074,175.63563842773436,173.91172424316406,1.0099125817541774,0.007103191034562856,0.00582297707887117,43.8294979964725,0.9099172288938847,13.630000114440918,-0.06451610158353138,0
2016-05-11,176.63815562661793,177.17338819499523,175.4402313232422,175.4402313232422,81727000,-0.009354636732380572,0.007268003534743661,-0.01361371072233064,175.39350280761718,174.07155822753907,1.007594259473165,0.0075991312750249475,0.005781918484758282,41.29683631779591,0.9681967730486204,14.6899995803833,0.07776958598990169,0
2016-05-12,176.1113770380545,176.28130528517482,174.4801669825997,175.49118041992188,89586300,0.0002904071449028045,0.007757310868997669,-0.004290359953546763,175.31788635253906,174.21736633300782,1.0063169363806572,0.007101137054656307,0.005783041371307424,41.54387716134107,1.046199455496032,14.40999984741211,-0.019060567799137118,0
2016-05-13,175.19392121627385,175.74614940978609,173.63917030129863,173.96200561523438,96474600,-0.00871368464801725,-0.0046663139001222875,-0.007608860093316738,175.18450622558595,174.31940551757813,1.0049627332392468,0.00742979980183427,0.006079128313611974,37.73136966261524,1.113178565774674,15.039999961853027,0.043719647544205875,1
2016-05-16,174.131839446247,176.15385329050272,174.07236196897537,175.67808532714844,77486800,0.009864681117264462,0.004322343357360703,-0.005722353666189894,175.0833984375,174.4447772216797,1.0036608789669224,0.00769857590169037,0.0062985097579043615,43.850529568840855,0.8966960898663371,14.680000305175781,-0.023936147446166123,0
2016-05-17,175.40629205976282,175.69514944135705,173.51169772844298,174.0384521484375,114924900,-0.009333168537541847,-0.017269959400228685,-0.0063538454381404375,174.97210998535155,174.5346517944336,1.0025064260100809,0.007774888499592443,0.0065245222258129,38.09517474297194,1.3097733853588578,15.569999694824219,0.06062666015985352,0
2016-05-18,173.6900778878326,175.27031486213005,173.00191247323167,174.08938598632812,120062100,0.000292658531846568,-0.0076997466699937345,-0.00048770492126415377,174.96361541748047,174.6625668334961,1.0017236010522583,0.007577210574777283,0.0065147416839418,42.55556584942686,1.338601349950163,15.949999809265137,0.024405916627425306,0
2016-05-19,173.36723352412886,173.77503285953244,172.27975998724793,173.48617553710938,115430500,-0.003464946732973817,-0.011425103404141712,-0.0037564206139605316,174.89820098876953,174.76184997558593,1.0007802104017705,0.0076556119460489975,0.0064644653008508616,43.60348465431763,1.2659771619498903,16.329999923706055,0.023824458870537413,1
2016-05-20,174.09786585989488,175.1003881365985,174.04689256787208,174.58213806152344,104990400,0.006317290245294593,0.0035647579716955313,-0.0011181902081005557,174.87865753173827,174.88034851074218,0.999990330651681,0.007853845940486178,0.0066737415902112735,42.39234154522195,1.1478637232166606,15.199999809265137,-0.06919780279977295,0
2016-05-23,174.59908943720788,174.87945545713322,174.1573123425107,174.34422302246094,58682600,-0.001362768503720857,-0.007592650513031152,-0.0033031251981801013,174.8208786010742,174.93965576171874,0.9993210392456339,0.007856155086641094,0.0066716583316342466,46.783931513762305,0.6442144601185739,15.819999694824219,0.040789466667043195,1
2016-05-24,175.15987214221596,176.91852869488514,175.13438549336922,176.6041717529297,93537800,0.012962567335412123,0.014742257086404642,-0.0027823004951740282,174.7716049194336,175.04855712890625,0.9984178549425649,0.007952644448656333,0.007338830532239371,58.783982065986045,1.0169872061979184,14.420000076293945,-0.08849555281523214,1
2016-05-25,177.28384338070174,178.21839703711953,176.60416917273494,177.80209350585938,76621400,0.0067830886498285725,0.02132644387534821,0.013462488990142463,175.0077911376953,175.1869952392578,0.9989770696088613,0.00752575915703011,0.007490716494741203,62.209986242154365,0.8333848615066816,13.899999618530273,-0.03606105790654868,0
2016-05-26,177.93800672836414,178.16739949712752,177.53869867165608,177.85304260253906,55280700,0.0002865494757406939,0.02517126826912852,0.013458580522198504,175.24397735595704,175.3066748046875,0.9996423556102453,0.007525820380102921,0.007179096952263559,60.67227371310448,0.6153018558328608,13.430000305175781,-0.033812901169287035,0
2016-05-27,178.014461617882,178.62616700810963,177.9634883293139,178.61767578125,64211200,0.004299241483429306,0.023115410113172086,0.026762568927337638,175.70954437255858,175.41983978271483,1.0016514927285454,0.006665701326430924,0.007088205639117287,62.29520180560505,0.7472276956672135,13.119999885559082,-0.023082681502041957,0
2016-05-31,178.88953742072263,178.99998818828732,177.71709993028256,178.27783203125,109879400,-0.0019026322479763769,0.022562313454356886,0.014798355180501321,175.96951904296876,175.51261444091796,1.0026032579111548,0.006280956618527727,0.006917444684602855,54.47528597582202,1.244145743162327,14.1899995803833,0.08155485549980424,0
2016-06-01,177.66615276960985,178.82159501256743,177.47075081370213,178.6431884765625,69936200,0.002049365538888015,0.011545688323180814,0.026458154915085297,176.42999267578125,175.6077685546875,1.004682162570944,0.005003552136272873,0.006576356641063205,63.45496338022391,0.8085778188601717,14.199999809265137,0.0007047377855924353,0
2016-06-02,178.24386014708955,179.2038873614953,177.76809215345386,179.18690490722656,63044700,0.003043588928863139,0.00778849885320132,0.029281043712215515,176.9397445678711,175.7156658935547,1.0069662466809186,0.004936178396644751,0.0064021854927935875,64.90779073217149,0.7414154251716351,13.630000114440918,-0.04014082411834319,0
2016-06-03,178.6262009729401,179.00002244512663,177.4452720296459,178.6516876220703,101757100,-0.0029869218703976186,0.004490477125634884,0.02977477639914894,177.4562957763672,175.83579772949219,1.0092159734695663,0.004869543457152168,0.006469769130839249,70.56639681369171,1.1731305782501895,13.470000267028809,-0.011738800151776196,1
2016-06-06,179.00847386468456,179.91754069385723,178.8470498136199,179.5607147216797,64887000,0.005088264833704725,0.005279650719364426,0.028517102124169025,177.95415344238282,175.97563934326172,1.0112431135724518,0.004789942596982327,0.00650499307903878,68.32419711193623,0.7587490830919525,13.649999618530273,0.0133629805444071,0
2016-06-07,179.71363123818466,180.40179652627145,179.6881445951966,179.841064453125,60974800,0.0015613088413011234,0.008768518239558709,0.03152866975096669,178.50383758544922,176.11904846191408,1.013540779060312,0.004590937801826249,0.00650383082805246,81.41646729144912,0.7186324171049338,14.050000190734863,0.02930407204272578,0
2016-06-08,179.97707142017572,180.5547991331768,179.84963815598184,180.42735290527344,66170900,0.003260036599156413,0.009987307346705832,0.021648306007699514,178.8861557006836,176.24223999023437,1.0150016006979696,0.0030439325099193273,0.00598837075515371,82.43473073156866,0.7851007767610483,14.079999923706055,0.0021352122821303166,0
2016-06-09,179.696666493861,180.2998807295177,179.4248046010163,180.18093872070312,73786900,-0.001365725210742741,0.005547469074211664,0.013379174383935766,179.12404022216796,176.34521026611327,1.0157578986798752,0.0027409387703755516,0.0055124393206095424,85.55920807357771,0.8796059285713052,14.640000343322754,0.0397727572905624,0
2016-06-10,178.80462126420403,179.14445189656794,177.9295321066371,178.47328186035156,113829200,-0.009477455675811486,-0.0009986234336401,0.0034873693963088925,179.18606414794922,176.42252319335938,1.015664331881032,0.00439517449012595,0.006020417786375725,69.4067401912288,1.3376176255128471,17.030000686645508,0.16325138574281683,0
2016-06-13,177.8700380378212,178.72811866843432,177.01195740720803,177.09690856933594,117751200,-0.0077119290723447476,-0.013721298426343842,-0.00851409137008663,179.03398742675782,176.44851928710938,1.0146528185676722,0.004818890198315066,0.0059402082040746285,62.32873716553858,1.3666210589342507,20.969999313354492,0.2313563398619609,0
2016-06-14,176.71460305913646,177.34330391003104,175.7970449106847,176.7485809326172,125059300,-0.0019668758733999425,-0.017195647334003916,-0.008577909441734421,178.88106231689454,176.4789340209961,1.013611416621616,0.004820500584693088,0.005579708872091352,50.78041507790957,1.4124464378982304,20.5,-0.02241293890053586,0
2016-06-15,176.74861832704423,177.87008284476488,176.31533228903874,176.5022430419922,109124500,-0.0013937191989049635,-0.021754516707574667,-0.011984478405406396,178.6669677734375,176.5394256591797,1.0120513709972363,0.004712094272554271,0.005120412694095835,42.170039027098376,1.2365257032237464,20.139999389648438,-0.017561005383003092,0
2016-06-16,176.5022198364116,177.1988894537725,174.66710339252674,177.02896118164062,149533100,0.002984200826972705,-0.017493401696326738,-0.012042976727028143,178.4511734008789,176.57255920410157,1.0106393326644025,0.004706192486125198,0.005144028833364618,45.30505371539447,1.6665814984979845,19.3700008392334,-0.03823230256952259,0
2016-06-17,176.92480509140793,176.95042428447155,175.71211550560253,176.3697052001953,117055700,-0.003724000734370736,-0.01178650741572751,-0.012773360566861403,178.2229751586914,176.63447845458984,1.0089931293029517,0.004742902197215211,0.005155778809874062,37.03724560276636,1.3034327830286505,19.40999984741211,0.002064997751455744,1
2016-06-20,178.3338816172478,179.00854191906885,177.4200871876243,177.5054931640625,82789600,0.0064398132467136104,0.0023071243762935456,-0.011445830792123912,178.0174530029297,176.70976806640624,1.0074001847822698,0.004958713064851062,0.005162701197976291,45.92081467655677,0.9334120218840458,18.3700008392334,-0.05358057786473247,0
2016-06-21,177.88976259288322,178.419243066188,177.44567504981978,178.0093231201172,72461700,0.0028383907848361645,0.007132969220163821,-0.010185334136994295,177.83427886962892,176.8032894897461,1.005831279400164,0.005051572947853929,0.005153677035120754,46.70043987780642,0.8106730218241125,18.479999542236328,0.005987953074449548,0
2016-06-22,178.18868791520092,178.91459961774572,177.57380137521815,177.718994140625,95560500,-0.0016309762567676689,0.006893686321840953,-0.015010799199999147,177.56344299316407,176.85872009277344,1.003984665839609,0.004823654832808438,0.004349078277846584,42.1518159138634,1.067885050531227,21.170000076293945,0.14556280306769365,1
2016-06-23,179.17933285228438,180.0845788252311,178.7181744809967,180.03334045410156,102731400,0.013022504007901725,0.016971117338130393,-0.0008191669310279037,177.5486831665039,176.92509521484374,1.0035245873452996,0.006663462656710814,0.005010330397727439,56.20630473046701,1.1315120602749682,17.25,-0.1851676930640893,0
2016-06-24,173.90157441072645,180.06751041927396,173.12442435540223,173.56851196289062,333444400,-0.03590906259309845,-0.015882507906474497,-0.02748181602498201,177.0582061767578,176.86200378417968,1.001109352989224,0.013021834075847637,0.009588515435199679,32.04512847148243,3.1847773015786904,25.760000228881836,0.49333334660184547,0
2016-06-27,172.15941269714784,172.16796111424463,169.64862792193355,170.45994567871094,230775800,-0.017909736328466708,-0.03969199690535541,-0.03747644690266594,176.3945098876953,176.74064819335936,0.9980415467001944,0.013831627324103094,0.010188522340340832,25.96441268895545,2.041763755724594,23.850000381469727,-0.07414595615067732,1
2016-06-28,172.06545337042272,173.55996672054923,171.75801010286608,173.5343475341797,159382400,0.01803591948376826,-0.02513899557338284,-0.018185342034869767,176.07308654785157,176.6559735107422,0.9967004401192514,0.015464146749439987,0.0111572803896785,34.336338418862695,1.3799005080568596,18.75,-0.21383649056174336,1
2016-06-29,174.93489683982207,176.71976942477082,174.83242010763226,176.48919677734375,137328600,0.01702746047195114,-0.006919898287901294,-7.391557423630513e-05,176.07178192138673,176.61917999267578,0.9969006872791972,0.016565886207279803,0.011872798754978115,42.530348873108984,1.1552602100200855,16.639999389648438,-0.11253336588541663,1
2016-06-30,176.95894904941898,178.9487756107237,176.40383620128068,178.8975372314453,165021900,0.013645823642904897,-0.00630884934863396,0.0105551997669322,176.25863952636718,176.62715576171874,0.9979135924271536,0.017105193681637383,0.012271173265847575,50.834744388802825,1.3311298663480984,15.630000114440918,-0.06069707405373037,0
2016-07-01,178.8975042330917,179.76006022892233,178.73524070789102,179.2732696533203,106055300,0.0021002660388158567,0.03286746902369808,0.01646294328058895,176.5489959716797,176.66184692382814,0.9993612035982103,0.017018461293518836,0.01225890752370522,54.45762769073446,0.854002227783584,14.770000457763672,-0.05502237046579883,0
2016-07-05,178.4449384145037,178.5559636054388,177.3859770158948,177.98377990722656,109803700,-0.007192872359540137,0.044138429110477384,0.0026944898134617645,176.5968246459961,176.67074829101563,0.9995815739405951,0.017148000118652425,0.012311049148374028,52.43601950500806,0.8684799806884402,15.579999923706055,0.05484085584551335,1
2016-07-06,177.488433771584,179.17083009603255,176.83084414971785,179.05126953125,96021500,0.005997679252456978,0.031791527587837765,0.005853324943153382,176.70101928710938,176.70711669921874,0.9999654942470724,0.017226780870763528,0.012387377283237272,54.86939301140242,0.7490889295560036,14.960000038146973,-0.03979460132189794,0
2016-07-07,179.23062137922298,179.89674645255874,178.1716599965484,178.9402618408203,85593800,-0.0006199771200746662,0.01388790423568409,0.006871903063039753,176.8231460571289,176.7359976196289,1.0004930995307904,0.017214421207021345,0.012361574730154298,53.71007403028151,0.6627188422640069,14.760000228881836,-0.013368971173472688,1
2016-07-08,180.23836208364483,181.8524364233916,180.00777631193074,181.60476684570312,133971000,0.014890472258574539,0.015132850100420203,0.008728529880287272,176.98028869628905,176.81086120605468,1.0009582414172902,0.017370970605262402,0.012816684728218496,59.42795556383618,1.0136668080810969,13.199999809265137,-0.10569108370094371,0
2016-07-11,182.06587444942392,182.81740527485772,181.86090794309075,182.2452087402344,73633900,0.0035265698453577077,0.01657770337240594,0.04999003954818071,177.84795837402345,176.9308184814453,1.0051836073582303,0.011565384105729255,0.012613602789111429,58.69093464857652,0.5657402312697022,13.539999961853027,0.025757587689451578,1
2016-07-12,183.2102575647061,183.8678470947775,182.2708439503184,183.5689392089844,101275600,0.007263458270866163,0.03138015893734303,0.07690365896855189,179.1588577270508,177.0962811279297,1.011646639816401,0.008321528142363198,0.012505593960193186,59.896761099512794,0.7830717703545359,13.550000190734863,0.0007385693434276419,0
2016-07-13,183.9874073219136,183.99594270707593,183.05654212544937,183.54331970214844,87324100,-0.00013956340841958514,0.025088066578128565,0.05767718212671036,180.15975494384764,177.2333642578125,1.0165115112399394,0.007719893877329881,0.012482730956987508,60.46661485956966,0.6851935657444411,13.039999961853027,-0.03763839274560021,1
2016-07-14,184.80725159441695,185.03783731031177,184.17529426872977,184.5681304931641,91230900,0.005583481832401649,0.03145110325897571,0.04577579740482696,180.9676483154297,177.42170013427733,1.0199859891911118,0.006615055580249022,0.012481489994354092,58.54530398178182,0.7209093941674872,12.819999694824219,-0.016871186171195762,0
2016-07-15,185.13181569367885,185.32823384517283,183.87642314550487,184.3205108642578,107155400,-0.0013416163898103406,0.014954145013506448,0.030313293948796227,181.50994567871095,177.62462371826172,1.0218737801050146,0.005981569608053581,0.012506674619967502,76.4611117495036,0.861164183868857,12.670000076293945,-0.011700438541416891,0
2016-07-18,184.43998476978555,184.97801361793137,184.1837799358533,184.8157501220703,58725900,0.0026868374848267873,0.014104850270713287,0.030916379667019322,182.06419372558594,177.83813232421875,1.0237635277998907,0.0059745641617545385,0.012431609254713585,90.5456118848267,0.4832835820158554,12.4399995803833,-0.018153156631860234,0
2016-07-19,184.39735919584624,184.66209952396133,184.14970267212968,184.62794494628903,54345700,-0.001016175167198874,0.005768981080720881,0.03733017156128349,182.72861022949218,178.0351397705078,1.0263626072079612,0.0050428179658574815,0.01241636993828061,87.43617575636446,0.4525332312450832,11.970000267028809,-0.037781296560141064,0
2016-07-20,184.627943622358,185.63566654552127,184.627943622358,185.39654541015625,58159500,0.0041629692844753485,0.01009693902788289,0.03543831828457833,183.3631378173828,178.2446304321289,1.0287161939904994,0.00498226365226534,0.01242436623852896,85.2614563852762,0.4871915723510207,11.770000457763672,-0.016708421453927036,0
2016-07-21,185.28552597358495,185.50756329594216,184.2521708690835,184.69625854492188,67777300,-0.003777237939817657,0.0006942046355209452,0.03216714139617127,183.93873748779296,178.39661743164064,1.0310662844169454,0.00535818660842876,0.012467565178166723,76.54513983478792,0.5744427786899005,12.739999771118164,0.08241285264476494,0
2016-07-22,184.81584536954847,185.57591184888312,184.55110501612444,185.5246734619141,62787500,0.004485282612212371,0.006532982097380735,0.021584822272542104,184.33072814941406,178.59830627441406,1.0320967314560767,0.003531050317601347,0.012213952406795134,77.47855061732334,0.5413149035815024,12.020000457763672,-0.05651486077627299,0
2016-07-25,185.3197056930603,185.3709440797004,184.4400786394036,185.0207977294922,55873100,-0.0027159499759223937,0.0011094704173559844,0.015229969602185811,184.60828704833983,178.78889862060547,1.0325489360504605,0.003800848927482164,0.008561542748948549,83.22655946051025,0.547173893957472,12.869999885559082,0.07071542391218455,0
2016-07-26,184.9183031594039,185.4648676161722,184.26071352151683,185.1061859130859,70080500,0.0004615058665922156,0.0025902956723913295,0.008374220119839793,184.76201171875,179.0117822265625,1.0321220727522271,0.003223402840559678,0.007020384717898172,81.51191102033346,0.744924018929949,13.050000190734863,0.013986037822560693,0
2016-07-27,185.4819125315626,185.55023470322453,184.1411143460512,184.90972900390625,84083900,-0.0010613200645379628,-0.002625811636203901,0.007444614731689558,184.89865264892578,179.19641510009765,1.0318211586188424,0.003267372601475584,0.006293927563415533,80.7933227019627,0.9310332666740152,12.829999923706055,-0.01685825776347516,0
2016-07-28,184.713312177542,185.4136047179644,184.2521537720152,185.1232452392578,65035700,0.0011547052526752477,0.0023118318568000618,0.003007641376712611,184.95416412353515,179.41811096191407,1.0308555983113445,0.002806595520823287,0.0053948907539221195,74.29282404724773,0.750142362304192,12.720000267028809,-0.008573628786544218,0
2016-07-29,184.85851447376473,185.7808313323452,184.5766903659838,185.42214965820312,79519400,0.001614623914781843,-0.0005526154650907777,0.005976756405349892,185.0643280029297,179.64476623535157,1.0301682140880075,0.0027694592834799745,0.004701715017037848,73.02041502290874,0.9647756561194287,11.869999885559082,-0.06682392795800418,0
2016-08-01,185.4819498186692,185.8747860957941,184.815824799958,185.26844787597656,73311400,-0.0008289289198183392,0.0013384989661888724,0.002449454408551377,185.1095977783203,179.8804116821289,1.0290703476120124,0.002697255440800166,0.00473745962977192,64.82929777891331,0.9074822718782791,12.4399995803833,0.04802019379272915,0
2016-08-02,185.02076050196183,185.1744886620766,183.24443597726173,184.08135986328125,92295500,-0.0064073943853082405,-0.005536422485015402,-0.002960467783827636,185.05493927001953,180.07039611816407,1.0276810806179633,0.0034199695758219987,0.004662903963105295,53.903532563571694,1.1549919609641237,13.369999885559082,0.07475886949725496,0
2016-08-03,184.02153633287236,184.67912577045664,183.72264152023993,184.6193389892578,53993600,0.0029225073433623017,-0.0015704420541458042,-0.00419213000533003,184.9772186279297,180.2758984375,1.0260784732245258,0.003259178608362613,0.004563226341218662,50.399761762953915,0.6939276765826334,12.859999656677246,-0.0381451184178907,0
2016-08-04,184.7303441670532,185.13172869961923,182.97109095510103,184.8157501220703,46585500,0.0010638708484593806,-0.0016610292067323895,0.0006469626298324371,184.98916778564453,180.4401300048828,1.0252107875373324,0.0030576157121183145,0.004536690410105975,53.89727037373253,0.6141123439804256,12.420000076293945,-0.03421458725738313,1
2016-08-05,184.81579320588517,186.37008030679937,184.81579320588517,186.3273773193359,71892200,0.008179103762894435,0.004881982345698255,0.00432666902166301,185.0694381713867,180.61063568115233,1.024687374989953,0.0037866393022908495,0.003669216854523683,60.255194573957745,0.9881501210993215,11.390000343322754,-0.08293073483446689,0
2016-08-08,186.51527976931249,186.61776955629065,185.95164458098853,186.2163848876953,39906500,-0.0005956850423025628,0.00511655936338018,0.006461906838987508,185.18899688720703,180.77790252685546,1.0244006280562763,0.003647192708235326,0.0036527617877511105,60.88980479946464,0.5615258971834847,11.5,0.009657563947461423,0
2016-08-09,186.28468736299476,186.8227033054424,186.00286328308303,186.3273773193359,51251700,0.0005960400944715616,0.01220122155617931,0.00659724795379546,185.31111602783204,180.9320965576172,1.024202557498251,0.003646667019090451,0.0033509624162102476,57.01388681293147,0.7474714608454985,11.65999984741211,0.013913030209748545,0
2016-08-10,186.43842506927075,186.51528263734355,185.51609515902592,185.86624145507812,57941100,-0.0024748690766331904,0.006753910357640613,0.0051728616786392845,185.40676727294922,181.08386474609375,1.0238723783199393,0.0037469822002347652,0.0034235417694432504,59.14551526717573,0.8635344192189246,12.050000190734863,0.03344771427328208,0
2016-08-11,186.39571254866664,186.97644455037576,186.13097225142164,186.7287750244141,72504300,0.004640614468681914,0.010350984161686672,0.008672761667943174,185.56732025146485,181.24557647705078,1.023844685527877,0.003967977695424787,0.0033576650238751025,59.362275648022646,1.0958720042997956,11.680000305175781,-0.03070538420767588,0
2016-08-12,186.42133554357792,186.7800302458213,186.16514365786608,186.5665283203125,61313500,-0.0008688896720946415,0.0012834989920280648,0.006171747357146096,185.68175811767577,181.3931689453125,1.0236425064808048,0.003993898407200551,0.0033450106907249345,62.69286575265593,0.9599855579818689,11.550000190734863,-0.011130146493515958,0
2016-08-15,186.93381525977935,187.45476067401376,186.9252798707726,187.1046142578125,49813500,0.0028841504547705288,0.004769877638065356,0.009910842363536787,185.86537475585936,181.56222747802735,1.023700674626019,0.004016489960914292,0.003351739275325457,65.2745996757757,0.785409903605237,11.8100004196167,0.022510841955691197,0
2016-08-16,186.68609078081792,186.75439993028863,186.1395263671875,186.1395263671875,53213600,-0.005158012240655929,-0.0010081768704685024,0.011180743696346473,186.07119140625,181.6938037109375,1.0240921132471674,0.0037727146485714426,0.0035784988079775085,58.41139832348134,0.8397687975114478,12.640000343322754,0.07027941525957981,0
2016-08-17,186.1736606336789,186.62628362850955,185.3367368171591,186.48963928222656,75134300,0.0018809165461635136,0.0033540131993206046,0.010130576261447644,186.2582214355469,181.82677520751952,1.024371802354025,0.0037315401316429385,0.003487899692405046,59.174248012458065,1.1700299794263724,12.1899995803833,-0.035601325214929425,0
2016-08-18,186.46402395322087,186.94226614398184,186.35301182180143,186.9081115722656,52989300,0.0022439439083570267,0.0009604119548691781,0.011321337325489234,186.46745758056642,181.95639038085938,1.0247920240133626,0.0037518711580630157,0.0033755213896698804,59.819390331453754,0.8347886664165471,11.430000305175781,-0.062346128086053776,0
2016-08-19,186.43845427696948,186.8142198212472,185.95167657179212,186.63487243652344,75443000,-0.0014618901953675767,0.00036632571140304826,0.0016502948821124352,186.49820709228516,182.0854690551758,1.0242344326541082,0.0028766232990375456,0.0032757957580909804,58.8890432987236,1.1767911815299799,11.34000015258789,-0.007874028887570272,0
2016-08-22,186.3956960351544,186.8568674414081,186.0284790182505,186.62628173828125,61368800,-4.602943774678625e-05,-0.0025564977188224924,0.002201185737942035,186.53919677734376,182.24852905273437,1.0235429484501786,0.002865626582391621,0.0031997931146420457,69.55373807670337,0.9531704876679895,12.270000457763672,0.08201060781851455,0
2016-08-23,187.2411810408589,187.5400889368396,186.94227314487813,187.00205993652344,53399200,0.002013533114104238,0.004633801246676006,0.003620952684968204,186.6066650390625,182.44663208007813,1.0228013688800706,0.002920627192921955,0.0032191811734811554,68.7754601463045,0.8402732974769394,12.380000114440918,0.008964926860100197,0
2016-08-24,186.8568826914077,186.95082405730236,185.6271095491946,186.0455780029297,71728900,-0.0051148203068908105,-0.0023811579077851475,0.0009648688564829477,186.62459869384764,182.63257202148438,1.0218582404451582,0.003300488848896487,0.0034434095536338746,58.654205446916116,1.1397833059625422,13.449999809265137,0.08642969991382277,0
2016-08-25,185.6612603054137,186.33593365509225,185.50754518135895,185.91746520996097,69224800,-0.0006886097178117057,-0.005300178542126055,-0.004344856942091857,186.54346771240233,182.82087646484376,1.020361959309797,0.0028909458065231024,0.0034443319747629268,46.418018709932475,1.0963438391276863,13.630000114440918,0.01338292250768558,0
2016-08-26,186.10532017594304,187.1301266101356,184.67912915843095,185.5672912597656,122506300,-0.0018834914180865248,-0.005720159168651318,-0.0053559288986250175,186.44354400634765,182.99164306640625,1.0188637081021712,0.002925595723062365,0.0034585580699607256,44.555537637298386,1.8763165129570223,13.649999618530273,0.0014673150345880792,0
2016-08-29,185.69543934508937,186.7458651841872,185.66127173911343,186.4811248779297,70502200,0.0049245403754094585,-0.0007777943117096564,-0.0033323036011485563,186.38119506835938,183.19387145996095,1.0173986366628813,0.003244202176272818,0.0036176770927973338,51.13653283041363,1.0821454790984366,12.9399995803833,-0.05201465626292967,0
2016-08-30,186.39574339822653,186.67756754452145,185.6186061802773,186.1737060546875,58114500,-0.0016485251439973814,-0.004429651107143551,0.00018362401670968254,186.38461303710938,183.36723571777344,1.0164553787786825,0.0028267317341107373,0.003292977614493718,52.32569413024808,0.9160351909338611,13.119999885559082,0.013910379521855365,0
2016-08-31,185.8405984014118,185.96015894676873,184.86703023747037,185.64418029785156,85269500,-0.0028442564100883416,-0.0021575234917532438,-0.004533543995414724,186.30006713867186,183.51993286132813,1.015148949947821,0.002875962279348795,0.0033284677283696683,41.36078564830552,1.3117348344865372,13.420000076293945,0.022865868395705258,0
2016-09-01,185.63562616037817,185.9430694148379,184.49125911421413,185.6527099609375,97844200,4.594629937892947e-05,-0.001424047217535307,-0.006716678055156078,186.17452697753907,183.67860717773436,1.0135885165842398,0.0027272997804984414,0.0033236632309717887,42.53836224726268,1.4480833920518967,13.479999542236328,0.00447089907610132,0
2016-09-02,186.50672308329248,186.91664309101935,185.9174557421788,186.48963928222656,79293900,0.0045080371919437034,0.0049704234846528195,-0.0007781672974661591,186.16000366210938,183.80773315429687,1.0127974512684834,0.0031546923490248695,0.002940965000161044,45.212180825914544,1.167148268892495,11.979999542236328,-0.11127596817048191,0
2016-09-06,186.77150532691024,187.13018704315655,186.0541418944176,187.05332946777344,56702100,0.003022635400639073,0.003068431672204497,0.002288250751794285,186.20270843505858,184.07742950439453,1.0115455704503593,0.0033033917053966523,0.0030097945586023598,57.5886057503453,0.8244228327006329,12.020000457763672,0.00333897471250455,0
2016-09-07,186.89099887705433,187.2155258982362,186.4298405590088,187.0361785888672,76554900,-9.168978149198814e-05,0.004632622685860621,0.0001824506765077949,186.20612030029298,184.40895416259767,1.009745547041662,0.00324389341732464,0.0030093036078849547,54.80438025131183,1.0929685502903606,11.9399995803833,-0.006655646783166214,0
2016-09-08,186.70316378265807,186.97645250829927,186.30177911132483,186.60922241210935,74102900,-0.0022827464717205537,0.0051983429413702265,0.003029603902602762,186.26248474121093,184.67045166015626,1.0086209410695786,0.0028445452254349307,0.0030006294000024694,47.376513446908845,1.0458949980864822,12.510000228881836,0.047738749458166696,0
2016-09-09,185.2940362059573,185.3452745786899,182.1171267853134,182.1427459716797,221589100,-0.02393491802117831,-0.018906074627169867,-0.020303198701737912,185.8850128173828,184.78352264404296,1.0059609761605297,0.008201797005329824,0.006040365333315501,27.28874543300101,2.82980521464509,17.5,0.3988808696899744,1
2016-09-12,181.3826693697938,185.1573813091356,181.3143471996687,184.75599670410156,168110900,0.014347267679977627,-0.009296187095420239,-0.00437196959742403,185.80388336181642,184.9006918334961,1.0048847385013229,0.009700514936946457,0.00697373514215353,42.51545198192051,2.009807007076728,15.15999984741211,-0.13371429443359373,0
2016-09-13,183.4749893762381,183.7397296468542,181.47661472276025,182.10003662109375,182828800,-0.01437550136606125,-0.026480645176289563,-0.02349346755444437,185.36577453613282,184.95722717285156,1.0022088748275808,0.010417897749032956,0.0075792122189496545,33.41051637936472,2.0247705160114404,17.850000381469727,0.1774406702594271,0
2016-09-14,182.1512988394755,183.35545283875425,181.4766384818725,182.03173828125,134185500,-0.00037505945144789,-0.02675653633096131,-0.0222478665823026,184.95157775878906,185.03818634033203,0.999531942118241,0.010434860246450987,0.007527256293419734,35.54749009123651,1.4222904307615518,18.139999389648438,0.016246442688021556,1
2016-09-15,181.8694931310886,184.2350851766038,181.6901457728944,183.8507843017578,134427900,0.009993015710794806,-0.014781895957209357,-0.00966039438034838,184.7722381591797,185.1341766357422,0.9980449937275783,0.011114061003842978,0.007904751657992674,43.366344392527886,1.381449169290901,16.299999237060547,-0.10143330840671827,0
2016-09-16,183.23444578354756,183.4146990372313,182.45338327610463,183.14002990722656,155236400,-0.003865930717840582,0.005475287693872399,-0.01353430313104298,184.5209701538086,185.2181719970703,0.9962357805622187,0.011145307586164563,0.007903767755300427,42.385215523968,1.515659427217028,15.369999885559082,-0.05705517760927059,0
2016-09-19,183.7924158425578,184.43615706862911,182.8482568055404,183.17442321777344,80250500,0.000187797886482155,-0.008560336414201064,-0.01777694502071503,184.18944854736327,185.24956512451172,0.9942773599687755,0.010977387379099143,0.007907168487871522,39.020393852863506,0.7816957510059825,15.529999732971191,0.010409879544790224,0
2016-09-20,184.03272644676736,184.18721803903784,183.14865629913768,183.1829833984375,69665300,4.6732401356441855e-05,0.005946988245790985,-0.020691137016102923,183.8024139404297,185.26832061767578,0.9920876560420107,0.010873853566872108,0.00790772630835175,39.86849722934414,0.6758576049393807,15.920000076293945,0.02511270766442819,1
2016-09-21,183.8868160593742,185.42320589187503,183.20015619075215,185.2429656982422,110284400,0.011245489409483334,0.01764103033521902,-0.00958751886482212,183.6230926513672,185.30180114746094,0.99094067901284,0.011661476674095787,0.008344201168030127,48.76852320200828,1.0411933782818634,13.300000190734863,-0.1645728563444202,1
2016-09-22,186.2558172115324,186.71072668507645,186.00690967008305,186.41030883789065,76678700,0.006301686734761391,0.013921749346099244,-0.0010659364614864497,183.60320129394532,185.35914093017578,0.9905268246959996,0.01186272023603141,0.008397836705399776,52.1709207677321,0.7222349273759182,12.020000457763672,-0.09624058004622238,0
2016-09-23,186.01547190385105,186.1528065132363,185.29448485000225,185.3889007568359,73630900,-0.005479354051942442,0.012279515574768363,0.017822037149154202,183.92781677246094,185.37555633544923,0.9921902348313468,0.008763462375503484,0.008490280097675962,46.8788020913557,0.6920916454242497,12.289999961853027,0.0224625202834301,0
2016-09-26,184.55631536636452,184.7365555693111,183.68940216236516,183.88682556152344,89827300,-0.00810229301312193,0.003889202057991703,-0.004704427234208608,183.8408996582031,185.36688262939452,0.9917677691422242,0.008038276789736816,0.0086706886309823,41.47490124162774,0.8574989669943662,14.5,0.1798209963390236,1
2016-09-27,183.7237895396845,185.12284521063228,183.35470434395904,185.0284423828125,78494800,0.006208257811852302,0.010074401836555946,0.016081302431652178,184.133740234375,185.3711364746094,0.9933247631547867,0.006576502472188091,0.008716953663276478,44.903219308880914,0.7464702574898632,13.100000381469727,-0.09655169782967399,0
2016-09-28,185.25159980089904,186.10134311676984,184.29028355446457,185.94683837890625,87411000,0.0049635395740599275,0.0037997269046676774,0.021507788337477685,184.52525024414064,185.39751434326172,0.995295168318675,0.006613494088067316,0.008790376524357879,48.359425311335116,0.8198410327571564,12.390000343322754,-0.05419847461617522,0
2016-09-29,185.74079483696008,186.14420704939064,183.7151552734391,184.2644805908203,128070600,-0.009047520263064546,-0.011511317482642225,0.002250174186820386,184.56661987304688,185.374873046875,0.9956398989758243,0.006841524116385731,0.009002014054599387,56.09573259263933,1.177557768399185,14.020000457763672,0.1315577134200292,1
2016-09-30,185.0970361399101,186.3587698601754,184.84812865424877,185.6549530029297,117202900,0.007546068605577272,0.0014351034231696591,0.01373224137277429,184.8181121826172,185.39404693603515,0.9968934560578601,0.007028682216805532,0.009173276030166422,52.77787208039108,1.0681275349174282,13.289999961853027,-0.05206850728071133,0
2016-10-03,185.2430041443091,185.4318228778444,184.57350113816423,185.2086639404297,83512100,-0.002403862947265134,0.007188325617508706,0.011105484526285458,185.02153625488282,185.38772674560548,0.9980247317492319,0.007124936326465648,0.00912619706629919,61.125291201535994,0.7596266452971142,13.569999694824219,0.021068452503753887,0
2016-10-04,185.3202256217932,185.5433845299032,183.6722496696497,184.2644805908203,119948100,-0.005097943743674227,-0.004128888413877485,0.005903917341658627,185.1296859741211,185.37260040283203,0.9986895882768917,0.007392395743435912,0.009150976027175645,57.519231658624534,1.0605429765434593,13.630000114440918,0.004421549076348397,0
2016-10-05,184.89104797224837,185.50904053514677,184.8223806767099,185.0798797607422,72816000,0.004425156532107621,-0.004662400424348401,-0.000880389368013379,185.1133773803711,185.37207427978515,0.9986044451386804,0.0065715226965106215,0.00922251813764733,54.439337323501185,0.6448818591153306,12.989999771118164,-0.04695527057587301,0
2016-10-06,184.85674888389272,185.4318228778444,184.31601509382048,185.2086639404297,62927400,0.0006958302536936856,0.005124065943593603,-0.006446236288927376,184.993212890625,185.37805297851563,0.9979240256238141,0.006196102143514029,0.009216006904435766,57.799537447214874,0.5600768920420315,12.84000015258789,-0.011547314947901732,0
2016-10-07,185.48327229860396,185.6549339708018,183.8438751706804,184.5734405517578,89788300,-0.0034297714542996793,-0.005825389701048289,-0.004398646314579979,184.9116668701172,185.36705688476562,0.997543306657064,0.006050016647500956,0.007417630065689439,55.046198757025564,0.8489424042326333,13.479999542236328,0.04984418863261819,1
2016-10-10,185.53477478027344,185.99826261811657,185.3888616998979,185.53477478027344,51855000,0.005208410406404296,0.001760775294770367,0.00896175793843712,185.0764617919922,185.36930938720704,0.9984201937409005,0.005622192652354861,0.006786626299009656,57.93726896602864,0.5187985304360053,13.380000114440918,-0.007418355429618995,0
2016-10-11,185.10567154445468,185.17433885601315,182.46203898573145,183.1916046142578,130367400,-0.012629277550748164,-0.00582247850004769,-0.009927326549906246,184.8927780151367,185.32777252197266,0.997652836912048,0.006700885011610913,0.006597398625935622,43.20653766779255,1.339450384918579,15.359999656677246,0.14798202730202759,0
2016-10-12,183.32887728462163,183.95546137949307,182.83104926676788,183.431884765625,73866100,0.0013116329859828024,-0.008904236361335416,-0.013525121670294293,184.6412826538086,185.31478302001952,0.9963656414494565,0.006435417516469845,0.006598832466320867,39.49112209408742,0.7832012227787553,15.90999984741211,0.035807304884656554,0
2016-10-13,182.1015044817873,183.32889802045077,181.28610162289817,182.83106994628903,101357000,-0.0032754110339303644,-0.012837379977566177,-0.007779093615520649,184.49794158935546,185.27901763916014,0.9957843253933596,0.005904463218682336,0.006241332497514902,40.699065412263934,1.09386505497385,16.690000534057617,0.04902581358430247,0
2016-10-14,183.80959217962635,184.2730932454428,182.84827603859992,182.9255218505859,93346200,0.0005166075127418512,-0.008928254770814603,-0.014701633908472678,184.2249984741211,185.24121307373048,0.994514100924156,0.005178938833921687,0.00618472821107948,46.105803465463936,1.0422173840227769,16.1200008392334,-0.03415216756051487,0
2016-10-17,182.8997452354413,183.15724433290873,182.11009094096957,182.29034423828125,58275700,-0.003472329098087701,-0.017486913414665906,-0.015756928645017876,183.93316650390625,185.16047241210939,0.9933716635510006,0.005211315611888745,0.006231594171592522,38.43350444627216,0.6587336234175606,16.209999084472656,0.005583017404082069,1
2016-10-18,183.8867940911395,183.94686978285756,183.05422122815347,183.431884765625,76869700,0.006262210607554719,0.0013116329859828024,-0.004518482468925611,183.84990692138672,185.10478240966796,0.9932207289733661,0.005582901681221915,0.006398525058495382,39.5727101337416,0.8653917165241716,15.279999732971191,-0.057371955831403976,0
2016-10-19,183.6980141682805,184.2301694320305,183.33752062539023,183.92117309570312,66519200,0.0026674115609905957,0.0026674115609905957,-0.0062605760633568375,183.73403625488282,185.05665832519531,0.9928528803973738,0.0054385558067059645,0.0058774990937253396,48.42032687347028,0.7677812401963013,14.40999984741211,-0.056937166280297546,0
2016-10-20,183.56927400077927,184.13576951608,182.9169541660684,183.5778656005859,73639800,-0.0018666012691130884,0.004084621145171052,-0.00880519466609997,183.57095642089843,185.01089080810547,0.9922170290574918,0.005430319727292364,0.005671777301169845,39.42338472822647,0.8514622695913311,13.75,-0.04580151661352294,0
2016-10-21,183.57784146335865,183.74950317655933,182.61651229492608,183.6636657714844,89089100,0.0004673775382331158,0.004035215608139131,-0.004929066595680043,183.4799789428711,184.94958862304688,0.9920539986538113,0.005365716999630863,0.005565678102250283,41.83297332264347,1.0209710301557366,13.34000015258789,-0.029818170720880666,0
2016-10-24,184.53916383483073,184.81383306288816,184.0928328877122,184.4447479248047,60146600,0.004252785383757507,0.011818528817452378,-0.00587505418733314,183.37097625732423,184.9071530151367,0.9916921723537286,0.005260611368153954,0.0053535514956126705,50.96963230466184,0.7012124140849652,13.020000457763672,-0.02398798284587278,0
2016-10-25,184.26449104867996,184.52199017077416,183.66366849509308,183.8267517089844,66542300,-0.0033505763800454336,0.0021526625202805683,0.003467119009432862,183.4344909667969,184.84159576416016,0.9923875100106871,0.0033810585515424933,0.005210424588347156,43.11335769618458,0.7812189893989054,13.460000038146973,0.03379412940964488,0
2016-10-26,183.00274747656863,184.0413092406965,182.7624053880732,183.45765686035156,75705500,-0.002007840780525516,-0.002520189641843862,0.00014049953616024347,183.43706817626952,184.78795837402345,0.9926895117536846,0.0034387578361890947,0.005070166492529016,40.6248570289472,0.8949460500223129,14.239999771118164,0.057949459937637116,0
2016-10-27,184.17865090859547,184.21297801001447,182.8911685057367,182.96841430664065,77220200,-0.0026667873234820227,-0.003319851725867906,0.0007512090827448414,183.4508026123047,184.71753387451173,0.9931423334015081,0.00337882826427539,0.0047020926297640896,41.26999145150197,0.9411389897322027,15.359999656677246,0.07865167862085842,0
2016-10-28,182.9426256506394,183.62069380502325,181.71523231518972,182.42762756347656,140623200,-0.0029556289549396153,-0.006729900564795055,-0.0027218415564561615,183.40101318359376,184.62792419433595,0.9933546833931212,0.0035050545449570114,0.004347847122470038,32.28947057145453,1.6897613689951947,16.190000534057617,0.05403651666226161,0
2016-10-31,182.76243263577368,182.9856046590172,182.2731960789508,182.436279296875,61272500,4.7425565491421295e-05,-0.010889269824850278,0.0008005638433761231,183.4156066894531,184.54395233154298,0.9938857620212732,0.0033192119681399214,0.0043367924907189315,44.13340949870705,0.7462358007698691,17.059999465942383,0.05373680686758586,0
2016-11-01,182.7624168621641,182.81392716097056,179.90421738346265,181.11444091796875,122781800,-0.0072454798135586085,-0.014754712063397069,-0.012633811458772848,183.1838623046875,184.43371551513673,0.9932232932196898,0.00327424530533216,0.004474640307557562,34.589565111512584,1.4927796747616577,18.559999465942383,0.08792497344413852,0
2016-11-02,180.80546160019983,181.1917168443277,179.58664635288605,180.02439880371094,103330800,-0.0060185267874444115,-0.01871417151726751,-0.021187197897897803,182.79418487548827,184.29416229248048,0.9918609607687318,0.0032670067116351885,0.004435572311863077,32.47648771416401,1.2334148879293747,19.31999969482422,0.04094828937233741,0
2016-11-03,180.23896863961016,180.4535490528735,178.9257375581942,179.2003936767578,88939300,-0.004577185828303021,-0.020593831149282038,-0.02384531440926685,182.35643768310547,184.15725860595703,0.9902212873036691,0.003353618858787741,0.00446267088865789,28.683964208129552,1.0454003404101366,22.079999923706055,0.14285715696057877,0
2016-11-04,179.31197176920767,180.15312328493232,178.85706236092147,179.0029754638672,109122100,-0.0011016617142411977,-0.018772661495133236,-0.02537622391472938,181.89036865234374,184.01896881103517,0.9884327133640378,0.003239022351001975,0.00444379975369337,30.196799367594878,1.2682205129441833,22.510000228881836,0.01947465156981787,1
2016-11-07,179.00297657285438,182.98558836805617,179.00297657285438,182.9512481689453,109794900,0.02205702276650201,0.002822732814191653,-0.00809727450991582,181.74101867675782,183.96664794921875,0.9879019958385322,0.008315912906031103,0.006773271105559249,47.836301015116156,1.2344762738492387,18.709999084472656,-0.16881390962997522,0
2016-11-08,182.55646841125977,184.34177935304183,182.29039074487497,183.77528381347656,106772100,0.004504126934243624,0.014691500479042219,-0.00027998044370236563,181.73587188720703,183.9125311279297,0.9881647040178649,0.008416679135193795,0.006245221759345002,49.362459741143056,1.216627646735518,18.739999771118164,0.0016034574085257436,1
2016-11-09,182.28179972740537,186.3416713436501,182.25605112070207,185.7236785888672,258429000,0.010602050150378961,0.03165837421498874,0.012351742452703984,181.96247406005858,183.90353057861327,0.9894452460349861,0.009005837966134246,0.00666540093984413,58.223609574445774,2.664522777618252,14.380000114440918,-0.2326574018104749,0
2016-11-10,186.51328492689672,187.38018502161611,184.7279744404005,186.18711853027344,172113300,0.0024953196325179228,0.03898833428970194,0.01759158396726601,182.2843444824219,183.91438934326172,0.9911369367744387,0.008902813867735056,0.0066115848299898045,59.39882356284268,1.7121158848749234,14.739999771118164,0.025034746440350863,0
2016-11-11,185.46610840811684,185.99826353882025,184.81378879315957,185.7579345703125,100552700,-0.002305121661202114,0.03773657442810974,0.018255496995251752,182.61737518310548,183.91649383544922,0.9929363667974985,0.008866664182175066,0.006650871644471388,55.0227439060689,0.9966864904979323,14.170000076293945,-0.038670264835491186,0
2016-11-14,186.2815485129806,186.4875504259405,185.15714923575797,185.9038848876953,94580000,0.0007857016590995247,0.016138926344046567,0.019007215035215408,182.9641357421875,183.9047787475586,0.9948851627903466,0.008853089609741837,0.006574988174902773,58.24235840911032,0.920914989118296,14.479999542236328,0.021877167556336508,1
2016-11-15,186.29012286331468,187.3544464111328,186.08413405189424,187.3544464111328,91652600,0.007802749922702246,0.019475756061347882,0.03445338461989511,183.5881362915039,183.91080108642578,0.9982455364610682,0.008388893885284928,0.006648465251095943,64.24075338035269,0.8860344533399844,13.369999885559082,-0.07665743727681185,0
2016-11-16,186.73642486988672,187.23425291532033,186.61626038284737,187.00250244140625,65617700,-0.0018784927524712058,0.006885626336154749,0.0387619882863981,184.28594665527345,183.91012756347655,1.0020434931821098,0.007962406735909583,0.0066689900832707745,64.89195114312545,0.6346234426723787,13.720000267028809,0.026178039227042982,1
2016-11-17,187.15707310894592,188.02397342130527,187.04548708272935,187.96389770507812,69797200,0.005141082344462866,0.009542975845108215,0.04890337486717766,185.16229705810548,183.93722106933595,1.0066602941027782,0.007393906819881317,0.006702641816143092,69.82175850807293,0.6763022938662008,13.350000381469727,-0.026967921163110087,0
2016-11-18,188.0325388341963,188.20420055273271,187.36303586708976,187.5432891845703,86265800,-0.0022377090794731824,0.009611188983058128,0.04771045675956964,186.01632843017578,184.04523193359375,1.0107098482034744,0.007502760619770591,0.006745411885983604,67.76092980704021,0.837020237528548,12.850000381469727,-0.03745318245039286,1
2016-11-21,188.1183668274581,188.9852670360542,187.9724537089983,188.9595184326172,72402600,0.007551479203572464,0.016436630933064134,0.03284082685308376,186.61715545654297,184.12930236816408,1.0135114457958705,0.00462300824446836,0.006866643815713137,77.10530228183589,0.6983559708931054,12.420000076293945,-0.03346305777514691,0
2016-11-22,189.2685244721837,189.50885351454775,188.59903455460517,189.32861328125,67429000,0.0019533011710359816,0.010537069751656913,0.03021804321308963,187.1724884033203,184.27387390136718,1.0157299265521742,0.004616251100002835,0.006782243958239167,83.8321931299277,0.6501053339557135,12.40999984741211,-0.0008051714026091616,0
2016-11-23,188.813556555466,189.4830462658412,188.61614628111087,189.4315490722656,56620200,0.0005436885066214536,0.012989380351316138,0.019964446706908223,187.54327545166015,184.4218701171875,1.0169253534436518,0.003796678059875407,0.006736685588767146,89.26161056518391,0.5509631847544685,12.430000305175781,0.0016116404520216676,0
2016-11-25,189.77489776013329,190.1697183342997,189.69763886784216,190.13539123535156,37872300,0.003715548790753198,0.01155271600975527,0.02120593914468971,187.93810272216797,184.54756225585936,1.0183721769329466,0.0038343167991817533,0.006673559989053366,91.12185036884728,0.3757230207546336,12.34000015258789,-0.007240559161564519,0
2016-11-28,189.82638699081997,190.1010430617208,189.13972716814772,189.2427215576172,76572500,-0.00469491593298077,0.009061547232299905,0.01875982845828661,188.28658142089844,184.6696160888672,1.0195861420445618,0.004197182440252752,0.006751643802277024,80.01575339673516,0.7845871015919518,13.149999618530273,0.06564015039922944,0
2016-11-29,189.2770715262414,190.06672577916044,188.976653745513,189.61181640625,69886700,0.0019503780414638072,0.0034520514184386286,0.019945422446629557,188.6573745727539,184.79836395263672,1.0208822769724641,0.004179929110785018,0.006738195168074653,79.10888693055473,0.7129358624284033,12.899999618530273,-0.019011407395610358,0
2016-11-30,190.22979271299056,190.39287588876715,189.0968020793508,189.15689086914065,113291800,-0.0023992467649518456,-0.0009070071825554304,0.009620505371153776,188.83761901855468,184.91784210205077,1.0211973970274901,0.003832720268629817,0.006471906889372059,70.11991522771397,1.161346246360792,13.329999923706055,0.03333335797608128,0
2016-12-01,189.45731297095935,189.45731297095935,188.1011633438361,188.461669921875,79040500,-0.0036753667501683296,-0.00511994519994452,0.007802930235791594,188.98353576660156,184.98221618652343,1.0216308338313098,0.004018438375089952,0.006335169586114757,62.977182306493596,0.8204531532153874,14.069999694824219,0.05551386161691929,0
2016-12-02,188.54749754901323,189.0453256308212,188.19558256234671,188.5560760498047,74840300,0.0005009301253078302,-0.008306266262612771,0.0031504898119090186,189.04275360107422,185.0251315307617,1.021713926303274,0.00371604823016766,0.00614340258869523,66.59853908887662,0.782580930898454,14.119999885559082,0.0035536739032948628,1
2016-12-05,189.38866909419724,190.0324103393807,189.19125877948673,189.6890869140625,67837800,0.006008880159123375,0.0023586923331653242,0.011441612967448833,189.25733337402343,185.11113525390624,1.022398426299045,0.003990107904644434,0.006125729596896435,70.0999703443459,0.7250072006108896,12.140000343322754,-0.14022659761218048,0
2016-12-06,189.8779566976068,190.32428771733407,189.3972985672628,190.2899475097656,59877400,0.003167607612425849,0.0035764179488828596,0.0070408153459748934,189.39037628173827,185.2391976928711,1.0224098281603977,0.003406185270135081,0.004161239082140081,67.13413146133652,0.6574690569581457,11.789999961853027,-0.028830343622043952,1
2016-12-07,190.1354354630104,192.8391437045344,190.01527094331936,192.7790679931641,110738100,0.013080672499900414,0.019149062491882862,0.018224686972108106,189.73542175292968,185.39421020507814,1.023416111770963,0.005202454086427462,0.004824479724960292,76.98468477844042,1.213290658164502,12.220000267028809,0.03647161209220218,0
2016-12-08,192.75325320241515,193.72314752940352,192.48716255301375,193.2510681152344,99714400,0.0024483992322603676,0.02541311554410397,0.02016305658521378,190.11737365722655,185.54029479980468,1.0246689209066984,0.005185380878473685,0.004423201981107082,75.8819276172493,1.196546787072849,12.640000343322754,0.034369890926038815,1
2016-12-09,193.47423503051937,194.43555083290312,193.43989483932248,194.4183807373047,88005800,0.006040394153859152,0.031090510633831503,0.022525998311653694,190.54567260742186,185.74337280273437,1.0258544880079663,0.005320682089558444,0.004514285270252686,81.36239736497004,1.112170552246013,11.75,-0.07041141765418613,0
2016-12-12,194.32404026579505,194.8047114504604,193.77471486598523,194.19529724121097,102016100,-0.0011474403564504243,0.02375577003641749,0.02617049492223611,191.04093017578126,185.9141796875,1.0275758981746241,0.0049090673471789215,0.0044609225598878895,76.80182713457332,1.2880342573141856,12.640000343322754,0.0757447100700217,1
2016-12-13,194.85619858223612,195.9891764308298,194.83902848086277,195.49134826660156,110477500,0.006673956804323478,0.027334080569700214,0.03100825661494877,191.6288833618164,186.11983337402344,1.0295994784001448,0.005064668434155591,0.004553726106544455,78.81254485451814,1.3810064687391774,12.720000267028809,0.00632910771622841,0
2016-12-14,195.19088581163928,195.8947025964433,193.43990270388537,193.87765502929688,142501800,-0.008254550657167736,0.005698684237708473,0.024956871190180863,192.10095977783203,186.31209686279297,1.0310707839829756,0.006016280738734887,0.004971063259798746,68.21384547298007,1.726451723113353,13.1899995803833,0.036949630777348696,0
2016-12-15,194.1181060723161,195.53433212922295,193.8863554658744,194.6760101318359,124972600,0.004117829372437987,0.007373527248769607,0.03297402709281427,192.72239379882814,186.50401947021484,1.033341771111836,0.005621521007648373,0.004922918716829617,68.45809348947996,1.4615307429642272,12.789999961853027,-0.030325976592536774,0
2016-12-16,195.1326462584023,195.19308922448477,193.9757194067393,194.295166015625,156420200,-0.001956297111046168,-0.0006337606619930547,0.03043704602923758,193.29630279541016,186.68574951171874,1.035410058351971,0.0058063662768080785,0.00494218606531822,71.43049459119779,1.7411135922115042,12.199999809265137,-0.04612980096541075,0
2016-12-19,194.47650092007393,195.1413077418351,194.32972778329568,194.71824645996097,90341100,0.002177514001053149,0.0026929036190843636,0.02651264565460698,193.79921875,186.8886456298828,1.0369769554315407,0.005712731394276281,0.004856341655638422,71.56073833070285,1.003311364739499,11.710000038146973,-0.04016391629334615,0
2016-12-20,195.25354568789191,195.61617718563676,195.02044237752733,195.46939086914065,89838800,0.003857596413462616,-0.00011231902411845684,0.027218691408327,194.3171630859375,187.08733795166015,1.0386441178405426,0.005724037296104737,0.004697339123083667,76.00265497405378,0.988165341056613,11.449999809265137,-0.02220326456318089,0
2016-12-21,195.33989514643187,195.5125686620086,194.92547607421875,194.92547607421875,67909000,-0.0027826085327397054,0.00540454775339394,0.01113403080219677,194.53180389404298,187.32201538085937,1.0384887408910524,0.00462046762661051,0.004802382313990786,76.96200984760162,0.7467554121183441,11.270000457763672,-0.01572046764191315,0
2016-12-22,194.77868992388463,194.8995626941334,194.1915842011451,194.5887451171875,56219100,-0.001727485620725333,-0.00044825766970113534,0.006921964338926445,194.6655715942383,187.5451525878906,1.0379664251946517,0.0046751965635180946,0.004852001499914233,74.66501466711097,0.6183448089716207,11.430000305175781,0.014196969025133344,0
2016-12-23,194.6319289979672,194.8823168095182,194.4419973406416,194.87368774414065,36697800,0.0014643325171841415,0.0029775405141532207,0.0023418928041127884,194.7111022949219,187.78600494384764,1.0368776009327478,0.0043035712256904715,0.00482036917684194,72.77717147936534,0.4038940582906894,11.4399995803833,0.0008748272038969773,0
2016-12-27,195.14124108232025,195.75423378687208,195.1239697856156,195.35708618164065,42672500,0.0024805731502073325,0.0032808415918590406,0.005982580201139509,194.82728118896483,188.03463623046875,1.0361244348098215,0.004326261910032554,0.004617975977210479,72.49328073521787,0.478579226717579,11.989999771118164,0.04807694151300268,0
2016-12-28,195.61614696434052,195.63340509079023,193.6303689688124,193.7425994873047,64095000,-0.008264285293622997,-0.008834075627687343,-0.008945402417052328,194.65240631103515,188.2636813354492,1.0339349837964895,0.004570051381202542,0.005115401720633375,54.6372507549319,0.7211783510799054,12.949999809265137,0.08006672697854822,0
2016-12-29,193.81172395706275,194.16571325719875,193.25916075588657,193.69949340820312,48696100,-0.00022249148723940682,-0.0062894942760013395,-0.0009189383947666441,194.63459014892578,188.46903350830078,1.0327138974814845,0.0037668970480379525,0.00506010066296058,52.251098433085836,0.5685768193915869,13.369999885559082,0.03243243880154001,0
2016-12-30,194.02752445361332,194.11386778589775,192.30076320106696,192.9914703369141,108998300,-0.003655265477627956,-0.008208464365765278,-0.008653042528357968,194.4661361694336,188.650439453125,1.0308278991194912,0.003601516134842432,0.005059083343081082,42.49062070383279,1.2507911520866992,14.039999961853027,0.05011219760873842,1
2017-01-03,194.2951173376169,194.97719522382684,193.29360609669345,194.46780395507812,91366500,0.007649735066460384,-0.002082804475868616,0.0008885344035747256,194.48339996337893,188.86823822021483,1.0297305772324565,0.004456942152076571,0.005255780618655891,51.26698932008654,1.038612173644374,12.850000381469727,-0.08475780510089415,1
2017-01-04,194.79596555681337,195.77159004486924,194.78733649178588,195.62481689453125,78744400,0.005949637502567828,0.0013704683977608934,0.004655806279339592,194.57405700683597,189.10746124267578,1.0289073510280224,0.0047990183143615025,0.005253156049946249,50.62867541891331,0.889615192883702,11.850000381469727,-0.07782100936292924,0
2017-01-05,195.35716033330948,195.62480625019472,194.67508218304283,195.46939086914065,78379000,-0.0007945107776095028,0.008912812083690103,0.0,194.57405700683597,189.3279541015625,1.0277090772472999,0.00465809255754045,0.00526383509106147,58.69155140809883,0.8763284923150613,11.670000076293945,-0.015189898681965852,0
2017-01-06,195.5815955454964,196.63492087370184,195.0376615815804,196.168701171875,71559900,0.0035775949350684844,0.012747621174559631,0.006377950808148292,194.6983795166016,189.57479309082032,1.0270267283020411,0.004668657935456746,0.004527217555375511,58.239851484731716,0.818002294090411,11.319999694824219,-0.029991463511701788,0
2017-01-09,195.9097284180276,196.04787249931024,195.48666710940387,195.52120971679688,46939700,-0.003300686863960123,0.013108037238467096,0.004791976016124799,194.79162597656253,189.81606414794922,1.026212543448036,0.00478263093462024,0.004604361216676202,56.57438257260868,0.5532565259699849,11.5600004196167,0.021201478026736664,0
2017-01-10,195.53846784634868,196.37594822467557,195.1326778414214,195.52120971679688,63771900,0.0,0.00541686459297952,0.0033227778472915137,194.85637817382815,190.06712005615233,1.025197720238308,0.004771837250238592,0.004422848272875815,54.51035986539961,0.7625402415722952,11.489999771118164,-0.006055419200482692,0
2017-01-11,195.4348089025154,196.07371520996097,194.77000223421376,196.07371520996097,74650000,0.0028258084837158304,0.0022946900222364786,0.0036683032201554333,194.92804107666015,190.34004180908204,1.0241042253851138,0.004790241778172277,0.004443965518212265,53.472057846298426,0.9074602103314071,11.260000228881836,-0.020017366998950403,0
2017-01-12,195.5557341536737,195.7715793348588,194.2261336341972,195.5816345214844,72113200,-0.0025096718749355595,0.0005742262348322758,0.009492156289046871,195.11194458007813,190.6029489135742,1.0236564842894873,0.0038997491327561755,0.004241291863121287,53.792451432421835,0.8975516571825932,11.539999961853027,0.02486676085964845,0
2017-01-13,195.7542904825439,196.3327539353642,195.7197610532733,196.03057861328125,62717900,0.0022954307182023737,-0.0007041008976897967,0.01203454466535736,195.34505310058594,190.90127166748047,1.0232779037786917,0.0038967749773159586,0.0037883568037767167,58.22676807778572,0.8213971159771148,11.229999542236328,-0.02686312137274227,0
2017-01-17,195.39169026213537,195.79748025784545,194.9513708339613,195.3398895263672,61240800,-0.0035233742194712425,-0.00092736839492924,0.01216851286408338,195.57989501953125,191.2075814819336,1.0228668419092513,0.003878682685566898,0.0037958738817018916,52.54232492964554,0.8369824416388678,11.869999885559082,0.05699023770354539,0
2017-01-18,195.59022969275696,195.81471707374104,195.03766665164105,195.77154541015625,54793300,0.002209768239532117,0.0012803505753773425,0.006704150654055274,195.71026916503905,191.53900451660155,1.0217776251837831,0.0031979812820632494,0.003786939141998977,52.27298592793913,0.8047516703392847,12.479999542236328,0.05139003054409175,0
2017-01-19,195.84926336401224,195.98740742972183,194.6146353588587,195.04632568359375,66608800,-0.0037044184589906104,-0.00523981261469475,-0.0029571463381835583,195.6524200439453,191.85987152099608,1.0197672837622753,0.00286826622926798,0.0038679663521256095,57.922691606533284,0.9956383051870985,12.779999732971191,0.024038477703429928,0
2017-01-20,195.72838159242664,196.25504429133156,195.09811743607892,195.7629241943359,129168600,0.003673991336317961,0.0009269258501445332,0.0015016843501178823,195.68177337646483,192.1161050415039,1.0185599657779374,0.0031185111797318713,0.00385876382860468,61.590626633867906,1.8756215777376393,11.539999961853027,-0.09702658818678078,0
2017-01-23,195.7629293658233,195.8233591595471,194.49375878205151,195.25352478027344,75061600,-0.002602124054689625,-0.0039639419446939606,-0.004665251827302042,195.5902557373047,192.34566986083985,1.0168685153079466,0.002973733588096036,0.003851916687327818,62.996328492928804,1.0843178563958078,11.770000457763672,0.01993071894895504,1
2017-01-24,195.46939521414495,196.91988171493335,195.3571646758191,196.5054626464844,95555300,0.006411857955546774,0.005966897610842903,0.005033995703653593,195.68868103027344,192.5613055419922,1.0162409341766705,0.003486098194362401,0.004073274958782638,62.016946468166275,1.3422284926310757,11.069999694824219,-0.059473299550954706,1
2017-01-25,197.455133515812,198.2062835693359,197.2910890998224,198.2062835693359,84437700,0.008655336599528995,0.012436629409440902,0.01373290323043852,195.95718841552736,192.80168884277344,1.0163665556650137,0.004320624943823149,0.004461892780392111,64.3063840438649,1.1475862012727218,10.8100004196167,-0.02348683670958751,0
2017-01-26,198.05949900367568,198.3271580487028,197.72278110576516,197.9990692138672,59970700,-0.0010454479632894254,0.015138678054686494,0.00981954160375098,196.14972381591798,193.04651153564453,1.016074946164984,0.004349352330725894,0.004464052231726367,63.939360816594274,0.805587490690079,10.630000114440918,-0.016651276428180206,0
2017-01-27,198.07678158622687,198.22355471171284,197.50694721141585,197.68826293945312,59711100,-0.0015697360378919,0.009835053052261955,0.01077109526731812,196.36038665771486,193.28219909667968,1.0159258719914268,0.004274930210120258,0.00398305430075657,58.74783030337114,0.8044689982679513,10.579999923706055,-0.004703686754145675,0
2017-01-30,196.99754148922224,197.02344185218223,195.47799644095304,196.46224975585935,79737300,-0.006201749994481309,0.006190541128239024,0.002202060237906478,196.40355377197267,193.46435516357423,1.0151924555089922,0.00481668212371986,0.0042932323983339345,55.07907853168566,1.0522722803831805,11.880000114440918,0.12287336484965561,0
2017-01-31,195.97009964421937,196.50540450565055,195.40027853400153,196.44496154785156,75880800,-8.799760783184674e-05,-0.00030788507259815745,0.005657175419540694,196.5140609741211,193.65320434570313,1.0147730921266391,0.0046384162045914525,0.004174479569917834,54.97648174848876,1.0237502011085338,11.989999771118164,0.009259230270842744,0
2017-02-01,196.44500397914956,197.36018538702103,195.93561254256352,196.522705078125,79117700,0.000395752223222523,-0.00849407224076204,0.003836919540043615,196.58917694091798,193.82438049316406,1.0142644410404884,0.004602667396390848,0.003860037857789906,52.549221415365736,1.0763143623104348,11.8100004196167,-0.015012456625316362,0
2017-02-02,196.52267617538791,196.93710832392665,195.8319822761067,196.65219116210935,69657600,0.0006588861268363999,-0.006802446380710148,0.008233251628234406,196.74976348876953,194.00655853271485,1.0141397537114298,0.004372170800285773,0.003644547723422712,56.33929313628737,0.9535129971954172,11.930000305175781,0.010160870558459933,1
2017-02-03,197.5587420330272,198.1890061402115,197.2479245108015,198.0076904296875,80563200,0.0068928765022544525,0.0016158141383042501,0.011466758808339028,196.9742401123047,194.18752197265624,1.0143506550335446,0.004710321888969829,0.003921422121239513,60.572369473193056,1.1011489368478034,10.970000267028809,-0.08046940600080965,0
2017-02-06,197.6019163121953,197.99907719005563,197.3169991295408,197.6537170410156,57790100,-0.0017876749529462943,0.006064611835794764,0.012292696193030084,197.2142593383789,194.35402404785157,1.0147166250070703,0.004644807261101083,0.003894216829335992,62.83512126747232,0.7973867725505426,11.369999885559082,0.03646304546887791,0
2017-02-07,198.04221250519157,198.28395797807633,197.47237824447453,197.66232299804688,57931200,4.354057773414688e-05,0.006196959395666557,0.005887166371774999,197.32994537353517,194.5186395263672,1.0144526295989589,0.004277807713403884,0.003798275849960184,61.00491301861129,0.7933179173843536,11.289999961853027,-0.007036053167217893,0
2017-02-08,197.6623546477848,198.05087327897783,197.11842065962912,197.92137145996097,51566200,0.001310560646991199,0.007117072713201056,-0.0014374524573297354,197.30145416259765,194.6743591308594,1.0134948179280885,0.0032463781142930692,0.00379956433437688,67.69381886887447,0.7121060247545853,11.449999809265137,0.014171820013527237,1
2017-02-09,197.92136768733823,199.3977410925588,197.92136768733823,199.09556579589844,65955200,0.005932630353539192,0.012424853338018016,0.005537887558687782,197.41110382080078,194.871416015625,1.0130326338110673,0.0037420405843975393,0.003954950701697025,69.41639167045994,0.9163127840979542,10.880000114440918,-0.04978163356500542,0
2017-02-10,199.44092147507035,200.10572823541384,199.11283262661516,199.88124084472656,66015900,0.0039462207291625084,0.009462008323885662,0.011093111309016246,197.63040161132812,195.07680450439454,1.013090213946354,0.003799534935481833,0.003936388935745838,76.12077073335423,0.9210572027114415,10.850000381469727,-0.0027573283690845996,1
2017-02-13,200.37339667221764,201.2281483174449,200.3474963048602,200.96913146972656,55182100,0.005442684968346212,0.01677385317283453,0.02294019191711305,198.08108978271486,195.31304931640625,1.0141723273278294,0.003012424005247694,0.004048214077101394,75.67020658596977,0.7739722396064028,11.069999694824219,0.0202764336976633,0
2017-02-14,200.7877651982782,201.78066066899103,200.4424182709855,201.7720184326172,71109000,0.003995076044857937,0.02079149618519316,0.02711729963849452,198.6137954711914,195.5792562866211,1.0155156494721669,0.002932236510264295,0.003928692771754395,72.86804712882149,0.9905047550050724,10.739999771118164,-0.029810292032830477,1
2017-02-15,201.55619265961616,203.01530793966828,201.50439193296327,202.8253631591797,86785800,0.0052204697893443175,0.024777474322477566,0.032070890122080975,199.2440612792969,195.8646420288086,1.0172538504932975,0.0029109186278804154,0.004008996849235024,77.92200454808666,1.182524201599135,11.970000267028809,0.11452518827964431,0
2017-02-16,202.85126855062057,203.03258427254195,201.90155779877912,202.65269470214844,84722400,-0.0008513159022214278,0.017866439626769814,0.030513280856822922,199.84411163330077,196.1239141845703,1.0189686069860375,0.0030891338767788778,0.0038512644772728637,79.18771160819517,1.1403363371972708,11.760000228881836,-0.017543862444632907,0
2017-02-17,201.98791448623507,202.97216796875,201.9706431832733,202.97216796875,77204100,0.0015764570368586028,0.01546381796991425,0.025072145068150142,200.34055938720704,196.37755859375,1.0201805176815308,0.0027905502795374706,0.0038295332583209722,92.84093282562944,1.0767994811552664,11.489999771118164,-0.022959222152102332,1
2017-02-21,203.34344305935187,204.35359698144185,203.3348008201812,204.1809234619141,88946100,0.00595527704739407,0.015981518995972444,0.03302344382192435,200.99328002929687,196.605595703125,1.02231718944967,0.0025366062680014455,0.003787650028437362,94.00811094213289,1.2286734821090322,11.569999694824219,0.00696256965184161,0
2017-02-22,203.7751290183893,204.22407752457949,203.6110845674508,203.9996032714844,62115200,-0.0008880368809944805,0.01104010782154674,0.032061144366395844,201.62700805664062,196.82056640625,1.02442042383147,0.0026807516815952077,0.003715994998550655,92.03894989704848,0.8783261644483163,11.739999771118164,0.014693178978214982,0
2017-02-23,204.5176154292191,204.53487355707577,203.3779466317962,204.13772583007812,74615900,0.0006770726823910334,0.006470407105192644,0.03140820177357506,202.24864349365234,197.01495330810548,1.0265649388417846,0.0027363257719605094,0.003361688422857022,92.04667395768669,1.062467463527825,11.710000038146973,-0.0025553435737702968,0
2017-02-24,203.2916782801381,204.43996331647753,203.2485065990834,204.3968048095703,82381600,0.0012691381685512315,0.008606399781583507,0.026626605130454895,202.77876739501954,197.21898345947267,1.0281909167059944,0.002593728525100451,0.003309580540518519,90.92942282766127,1.1546217786618462,11.470000267028809,-0.020495283547082077,0
2017-02-27,204.31044224948636,204.88890583365065,204.0600676015317,204.7162322998047,56515400,0.001562781231007948,0.00859262798692284,0.024189320791910163,203.26226654052735,197.4034811401367,1.029679240541009,0.0025691721076669363,0.003224891312863937,95.44445033549536,0.7938711306869932,12.09000015258789,0.054054042818229675,0
2017-02-28,204.33629348744313,204.5780390115281,203.77510134384804,204.1636199951172,96961900,-0.002699406385509362,-8.474575637884563e-05,0.01589541887367818,203.58171539306642,197.60920043945313,1.0302238708538434,0.002778022379989602,0.0028426283475897957,89.09614442309493,1.3457422512733017,12.920000076293945,0.06865177115224363,1
2017-03-01,205.82133986328705,207.48767158885056,205.8040685592414,207.0214385986328,149158200,0.013997687754478294,0.014812947077778915,0.026016591432219238,204.10665740966797,197.85610900878908,1.0315913844267566,0.004804890946229131,0.0038744503170146604,91.69267294172914,1.9700021422512974,12.539999961853027,-0.02941177338985901,0
2017-03-02,206.8314676509237,206.8401098889274,205.6659116708949,205.71771240234375,70246000,-0.006297541960456954,0.00773980686735376,0.014260293673893809,204.39589233398436,198.08455993652345,1.0318618089137457,0.0054406021222267184,0.004339045450532809,79.98399891667968,0.9332392999682282,11.8100004196167,-0.05821367978126024,0
2017-03-03,205.63141431019503,206.01130398992763,205.2515246304625,205.8472595214844,81974300,0.0006297324504915824,0.007096269010983036,0.015763742120632696,204.71534881591796,198.3071401977539,1.0323145632163004,0.005391530526100765,0.004339629897006559,78.71958466345728,1.0802154624923193,10.960000038146973,-0.07197293406170036,0
2017-03-06,205.0528914316423,205.58818318512775,204.62983019715523,205.2342071533203,55391500,-0.0029781905748427207,0.002530209000510819,0.011144578132104233,204.941552734375,198.5024365234375,1.0324384744273767,0.0055807673804409855,0.004350664821479795,71.51506661206733,0.7422307900054945,11.239999771118164,0.02554742080261274,0
2017-03-07,204.9320181020003,205.28600730695996,204.4139844764914,204.62120056152344,65103700,-0.002986863643734239,0.0022412443824084693,0.0021563086900793227,204.98558044433594,198.6963510131836,1.0316524656798305,0.005434927294253411,0.004410603297971737,64.65334040663082,0.8681177988904059,11.449999809265137,0.01868327779566159,0
2017-03-08,204.9147841981793,205.17380105820413,204.10320418470235,204.24134826660156,78168800,-0.0018563682251862001,-0.01342899726158897,0.0011850267904465195,205.00975494384767,198.88940307617187,1.030772639331276,0.005465573391369436,0.0044692012079924626,57.824451939291684,1.0284561218320167,11.859999656677246,0.03580784753204491,0
2017-03-09,204.36214588589857,204.82837869730452,203.53330804761677,204.5002899169922,90683900,0.0012678218812609554,-0.005917927392516065,0.001776075859764692,205.04601135253907,199.0819351196289,1.0299578976330843,0.005475305699431759,0.004469381211139623,60.113020208668054,1.1631830183609035,12.300000190734863,0.03709954020191675,0
2017-03-10,205.45866443820472,205.50183609925148,204.26719509884924,205.2169189453125,81991700,0.0035042934590028274,-0.003062176186543364,0.0040123627984609556,205.12802276611328,199.27913177490234,1.0293502432448252,0.00556903375654889,0.004378861175669715,61.774951095117125,1.04098367680279,11.65999984741211,-0.0520325474307588,0
2017-03-13,205.1565274507689,205.3637435712909,204.82845172762308,205.3205718994141,57256800,0.0005050897101188667,0.00042081067913435355,0.0029520844186130546,205.1884567260742,199.51069122314453,1.0284584523672435,0.005554825684281308,0.0043461746019410295,56.76205686472622,0.7310089201861151,11.350000381469727,-0.026586575471627127,0
2017-03-14,204.77658130224904,204.8283951986883,203.9218430360453,204.5348358154297,59880800,-0.0038268746122981367,-0.0004220713487006478,0.001818227068668632,205.22557830810547,199.72739807128906,1.02752842268968,0.00563354814401682,0.004381129825746601,52.963240176457774,0.7622237874671488,12.300000190734863,0.08370042091065732,1
2017-03-15,205.1046806194753,206.72784026341827,204.87156418304605,206.3047790527344,96081800,0.00865350506307827,0.010102904253449063,-0.0034617648816934743,205.15391235351564,199.99366424560546,1.0258020579170601,0.004266370602518259,0.0046693185512891745,60.16153128452288,1.2038923536412645,11.630000114440918,-0.05447155007352211,0
2017-03-16,206.4429819669469,206.52068307653167,205.57097210860044,205.8990478515625,78344000,-0.0019666592457763254,0.006839882403775865,0.0008814770838210251,205.1720458984375,200.22228912353515,1.0247213074856436,0.0037871518673079857,0.004613504262820392,56.94860274158225,0.9868592804092297,11.210000038146973,-0.03611350577481365,0
2017-03-17,206.1617387391192,206.35250986082215,205.5373992919922,205.5373992919922,89002100,-0.0017564362892588115,0.0015616663008428677,-0.0015052919830582656,205.14105987548828,200.42054077148438,1.0235530703880604,0.0038246716155415166,0.004634558225020255,53.78351776599778,1.118100118855007,11.279999732971191,0.006244397376093946,0
2017-03-20,205.5374472784932,205.82360402785625,204.92178752226891,205.31199645996097,52537000,-0.0010966511827417147,-4.176609958661537e-05,0.0003790270039270016,205.14883880615236,200.6173928833008,1.0225875027968663,0.003714448703454013,0.004646999712843166,55.45563149333239,0.6703898353195542,11.34000015258789,0.005319186262151998,0
2017-03-21,205.9189845768959,206.04038320413133,202.5458228292919,202.67588806152344,131809300,-0.012839524450056206,-0.009088660845938956,-0.009506896131298515,204.95430755615234,200.74753662109376,1.0209555295465407,0.005490066043365935,0.005350630585725792,28.911192862728726,1.637158999214952,12.470000267028809,0.09964727506489868,0
2017-03-22,202.7105512985133,203.4389429554005,202.086211812194,203.1527862548828,97569200,0.0023530090230299283,-0.015278331468249196,-0.005329782734776245,204.84545135498047,200.90016815185547,1.0196380283770736,0.005572847425701068,0.005382661802775411,36.46641300164751,1.185765904168499,12.8100004196167,0.02726544870146186,0
2017-03-23,203.15278881772713,204.07195161988832,202.56314220179587,202.93600463867188,100410300,-0.001067086601209355,-0.014390757236656837,-0.007649305920080951,204.68902282714845,201.04846405029298,1.0181078666482364,0.005538414730880222,0.005381931548947523,34.779160936009234,1.201462211398206,13.119999885559082,0.024199801388582465,0
2017-03-24,203.23951955970136,203.81181976966536,202.0081869390864,202.78860473632812,112504900,-0.0007263368696264205,-0.013373695323248946,-0.011832914271710182,204.44619140625,201.18276184082032,1.0162212186350825,0.005334858877321072,0.005370157070565455,36.5592750436495,1.3223490289914455,12.960000038146973,-0.012195110427418387,0
2017-03-27,201.1150268384983,202.84063379234289,200.8375499495262,202.5804901123047,87454500,-0.0010262638982798666,-0.013304173135294417,-0.013345383571460978,204.17218322753905,201.3227389526367,1.0141536136937452,0.005303100638956489,0.005352004218392864,38.262119664240956,1.0095578681520623,12.5,-0.03549382999945916,1
2017-03-28,202.27699348014863,204.47951500442747,202.16426146852515,204.05462646484375,93483900,0.007276793296935091,0.006802676018875076,-0.002347812042244324,204.12416229248046,201.48321990966798,1.0131075053495597,0.005855839812866067,0.005596580200851267,49.04608447963781,1.08133083508675,11.529999732971191,-0.0776000213623047,0
2017-03-29,203.7684772006866,204.4795224816916,203.543013169195,204.24539184570312,61950400,0.000934874078398984,0.005378245659153791,-0.009982256428993641,203.91822357177733,201.6613299560547,1.0111915041729342,0.0050029032488688825,0.004537620224506992,48.688654051160164,0.754643754717635,11.420000076293945,-0.009540300019495351,0
2017-03-30,204.18466102851025,205.0951571260625,204.01123635075143,204.8957061767578,56737900,0.003183985328520711,0.009656746428881258,-0.004872978701329522,203.81788940429686,201.84381317138673,1.0097802167026737,0.005154194160412574,0.004411729790401726,48.3361392360041,0.696881627928571,11.539999961853027,0.010507870819386644,0
2017-03-31,204.55750925954803,205.08646309053063,204.36673815778684,204.4187774658203,73733100,-0.0023276657175337334,0.008038778764772214,-0.005442424736447737,203.70602722167968,202.03126220703126,1.0082896329823066,0.005173088052013808,0.00443229066532955,45.50268012869478,0.9102314702910125,12.369999885559082,0.07192373712735933,0
2017-04-03,204.47084878902993,204.67028653720263,202.83196085683875,204.06329345703125,85546500,-0.001738998800384195,0.007319576252898585,-0.00608197779214148,203.5811569213867,202.19726959228515,1.0068442434059177,0.00518483262442064,0.0044020099998059135,47.54293874162972,1.036769809385314,12.380000114440918,0.0008084259478053912,0
2017-04-04,203.77710698201065,204.28004781254936,203.39556474977752,204.19332885742188,56466200,0.0006372307247799469,0.0006797316727440439,0.007487031685968537,203.73290100097657,202.37606567382812,1.0067045246809732,0.0028952734962715467,0.004358962832787914,36.730035980881674,0.6879355433993551,11.789999961853027,-0.04765752400112433,0
2017-04-05,204.86972342901407,205.8495921888457,203.37824716313773,203.58636474609375,108800600,-0.0029724972638647262,-0.003226643664534845,0.0021342483123365508,203.77625885009766,202.5176837158203,1.006214643142193,0.0030531265295524455,0.004389727836585891,35.823905300649486,1.3012519876723798,12.890000343322754,0.09329943893374204,0
2017-04-06,203.72510777753564,204.67895025249737,203.2828595720796,204.15867614746097,69135800,0.0028111479964829655,-0.0035970984607214262,0.006024911700444946,203.89852600097657,202.6367315673828,1.0062268791242035,0.003117473342001165,0.004429375426862761,41.761582254705864,0.8376559523226798,12.390000343322754,-0.03878975847033306,0
2017-04-07,203.90720203952503,204.6442735716667,203.4649670591141,203.9505615234375,74412300,-0.0010193768295849726,-0.0022904742322955585,0.005729891916856911,204.0147216796875,202.75576141357422,1.0062092453370304,0.0031327206546258863,0.004351842009227274,41.848043577968994,0.9057453837443387,12.869999885559082,0.038740882077134886,0
2017-04-10,204.08930688910144,204.86972467488317,203.54300650018013,204.07196044921875,67615300,0.0005952370264363793,4.24720783471777e-05,0.007362359208861857,204.16386871337892,202.88343536376954,1.0063111773877131,0.003082132960948778,0.00435276682071614,61.96158924812707,0.8178564924955967,14.050000190734863,0.09168611621355272,0
2017-04-11,203.69040229352737,203.9331995071442,202.33767118010337,203.8291473388672,88045300,-0.0011898406317901733,-0.001783513303752371,-0.0011049939414895515,204.14132080078124,203.03077331542968,1.0054698480787747,0.002089377655131696,0.004279503211606564,56.03725374825657,1.0471358799419899,15.069999694824219,0.0725978284870048,0
2017-04-12,203.55167752902952,203.7424486651146,202.7105538557787,202.93600463867188,81864400,-0.0043818203228337405,-0.003194517020985055,-0.006410853117412962,204.01038208007813,203.16059417724608,1.0041828382431814,0.0024411846554453637,0.003835515521915253,50.0,0.9819272014359883,15.770000457763672,0.04644995203150981,0
2017-04-13,202.5978038168487,203.33487525261768,201.6179351806641,201.6179351806641,92880400,-0.006495000531594242,-0.012444932611934356,-0.01599726542471358,203.68260498046877,203.26249877929686,1.0020668160811506,0.00266498495415562,0.0040354713819359634,42.141673375656524,1.1044309392961567,15.960000038146973,0.012048165812814648,1
2017-04-17,202.13824092689617,203.40426635742188,201.93880318650017,203.40426635742188,68405400,0.008859981504904857,-0.002678566618963929,-0.004962905663439154,203.58115386962893,203.3975402832031,1.0009027325805915,0.004222521906884385,0.004595904940323854,54.5629423527801,0.8234854436060229,14.65999984741211,-0.08145364584133163,0
2017-04-18,202.66720650587897,203.33490552214707,202.11223950353397,202.7972717285156,83225800,-0.0029841784529713866,-0.0062462707659455274,-0.006204063979699637,203.45455169677734,203.4933319091797,0.9998094276011971,0.004281414772340751,0.004627823899098695,42.29530698342395,0.9837265591502387,14.420000076293945,-0.016371062320340357,0
2017-04-19,203.36085593274427,203.73371827710147,202.19888296542337,202.42434692382812,68699900,-0.0018389044463413828,-0.006892048725021471,-0.008663269968182674,203.27765350341798,203.58874450683595,0.9984719636433166,0.0042726096307009855,0.0036470935938411058,39.084856134189394,0.8434909994652358,14.930000305175781,0.03536756076168546,1
2017-04-20,203.0400655952371,204.51420866175764,202.71922923042013,204.07196044921875,92572200,0.008139403932525102,0.005597606065860239,0.002385207397020972,203.32621307373046,203.71693725585936,0.9980820240703002,0.005038847142983415,0.004054946707698082,45.58981388745018,1.1400902653667295,14.149999618530273,-0.05224384934373416,0
2017-04-21,203.99389845187585,204.0459245342356,203.02270963061275,203.4215850830078,110389800,-0.0031869903380125075,0.008945880239907833,-0.003610383248766613,203.25250396728515,203.8269415283203,0.9971817387989638,0.005057024402757617,0.004117951312280713,44.75855608454066,1.3512226941194228,14.630000114440918,0.03392229744529862,1
2017-04-24,205.66748008040375,205.8669310518589,203.39558611710683,205.6588134765625,119209900,0.010997989189012403,0.011084069963306131,0.008375813924536235,203.42332916259767,203.9582064819336,0.997377515087223,0.006182880719897993,0.004772495373333399,57.00138468914131,1.4532213730631216,10.84000015258789,-0.25905672810706337,1
2017-04-25,206.30048655645427,207.20230286363807,206.21376759761975,206.85545349121097,76698300,0.005818569087411518,0.02001102740735128,0.013639762345914574,203.7016784667969,204.09769073486328,0.9980596925587912,0.006376423542109661,0.00488524308424537,60.68189248860276,0.9411565339982848,10.760000228881836,-0.00738006665866664,0
2017-04-26,206.82077314115497,207.70525629530476,206.68204132265512,206.7253875732422,84702500,-0.0006287768379976688,0.021247644933899856,0.014209156404701995,203.99130249023438,204.2128158569336,0.9989152817575642,0.006353786626678644,0.004670521515374472,63.09669779789524,1.0450054654516832,10.850000381469727,0.008364326270766664,0
2017-04-27,207.0462916974978,207.202369996222,206.36124610253788,206.8988800048828,57410300,0.0008392410515092319,0.013852562348307007,0.019527709601195875,204.38759002685546,204.3153530883789,1.0003535560954409,0.00602938128495774,0.004670275011680987,61.82630708279756,0.7102809380880378,10.359999656677246,-0.045161355535925374,0
2017-04-28,207.15895170561492,207.18496474801913,206.31782805066376,206.44790649414065,63532800,-0.0021796807731947476,0.014877090894252598,0.023956059807618724,204.87058715820314,204.3878039550781,1.0023620939888915,0.005487729405173346,0.0046714652090533056,60.556862805806404,0.7827384758450875,10.819999694824219,0.0444015495551191,0
2017-05-01,206.96820068359375,207.3931024699073,206.55197873322896,206.96820068359375,66882500,0.0025202202254730466,0.006366793549455574,0.017521433497905692,205.22698059082032,204.47411407470702,1.0036819649250968,0.005001036400763939,0.004648870660261281,61.84366521653406,0.827499625424421,10.109999656677246,-0.0656192290362636,0
2017-05-02,207.10694208293043,207.22834070095143,206.63869405097995,207.04624938964844,57375700,0.0003771048199525673,0.0009223633953918675,0.02095184824192775,205.6518783569336,204.555595703125,1.0053593383746864,0.004754389173382673,0.0046160774554163606,63.33547541580863,0.722467826806774,10.59000015258789,0.04747779547090514,0
2017-05-03,207.04624635526116,207.1416319274124,206.11840367783955,206.79476928710935,73137700,-0.0012146083461083146,0.00033562260872566085,0.021590398732647564,206.08892059326172,204.6078726196289,1.0072384701266415,0.004700925930561516,0.004636688520761628,66.89397907158195,0.9113749690108436,10.680000305175781,0.008498597855628676,0
2017-05-04,207.0982577994396,207.1762969261933,206.1877616262789,207.0375518798828,61462700,0.001174026759044322,0.0006702398533851017,0.014532086741049444,206.38547973632814,204.66863159179687,1.008388428315461,0.0042043871268707305,0.004558544437576823,76.19375621325493,0.7891675905958878,10.460000038146973,-0.020599275350412838,0
2017-05-05,207.41042618596828,207.87000757135223,206.96817800766829,207.8526611328125,62001300,0.003937011646093058,0.006804402439952728,0.02178272304778539,206.8285873413086,204.74293029785156,1.010186710918042,0.003925357597138618,0.0045908652664127785,73.72724372330437,0.799746150415553,10.569999694824219,0.010516219529262294,0
2017-05-08,207.8960322946924,208.0434439519232,207.39309140042783,207.8179931640625,48385700,-0.00016679107479811162,0.004105908432609384,0.01049884345338814,207.04450531005858,204.8113540649414,1.010903454329046,0.002440544787795114,0.004575970543566961,78.52132698135327,0.634775554626871,9.770000457763672,-0.07568583350596314,0
2017-05-09,208.07812731096175,208.2775650461545,207.28034990727892,207.6272125244141,51363200,-0.0009180179095358287,0.0028059582652584236,0.0037309097738431607,207.1216812133789,204.8695736694336,1.0109928844171814,0.0018309106280417274,0.004594611132332122,80.18060121333149,0.6810985318175592,9.960000038146973,0.019447243754458388,0
2017-05-10,207.58383915389945,208.00006103515625,207.3757215975435,208.00006103515625,54293800,0.001795759362219096,0.005828444076230399,0.006166022842561958,207.2491485595703,204.9463024902344,1.0112363386963064,0.0018438557248814868,0.004572477195696592,76.74073643185388,0.736439605090369,10.210000038146973,0.025100401510290693,0
2017-05-11,207.54912124152753,207.73989232514825,206.49121368015895,207.57513427734375,62358300,-0.002042916505397896,0.0025965453734346777,0.003268525535010003,207.3167739868164,204.95737640380858,1.0115116500045322,0.002021825674532247,0.0044553727625889486,79.17089072878198,0.8571657144710865,10.600000381469727,0.0381978787331656,0
2017-05-12,207.3237333551271,207.61855669018183,206.95953748862587,207.2283477783203,53912700,-0.0016706553038289274,-0.0030036341660945043,0.00378033033820957,207.3948181152344,204.98758911132813,1.0117432914565325,0.001957039895361421,0.0041396526467559185,65.00827300025388,0.7614677894846862,10.399999618530273,-0.018867995824705996,1
2017-05-15,207.653184642574,208.4943081301066,207.6358382072719,208.37290954589844,61918900,0.00552319110705124,0.0026702037363908193,0.00678707578103821,207.53528900146483,205.0381021118164,1.0121791357992895,0.0024820569465037173,0.0038815774705942825,64.6562599478876,0.8785726346437901,10.420000076293945,0.0019231210093542117,0
2017-05-16,208.6678149871021,208.6938280345757,207.7920115154225,208.1822204589844,51241800,-0.0009151337730495257,0.002673098231307458,0.0054865570986419865,207.64888610839844,205.0970623779297,1.0124420296462684,0.002532667779075365,0.003790281305920976,63.90786648448224,0.7439555733004247,10.649999618530273,0.022072892567399194,0
2017-05-17,208.1821718634837,208.1821718634837,204.42746852090303,204.48817443847656,172174100,-0.017744291574772753,-0.016884065221914102,-0.01115402897560891,207.41822662353516,205.09440185546876,1.0113305129103622,0.006341924368896887,0.005683375244353178,36.23711591667762,2.3250680171195044,15.59000015258789,0.4638498320189939,0
2017-05-18,204.4101667229153,206.16178687138375,204.1500230206345,205.31199645996097,107047700,0.004028702509309534,-0.010902740471597006,-0.008334504558491718,207.24567108154298,205.11581481933592,1.0103836764809335,0.006517612024583862,0.005463503694757497,43.7798191507673,1.4315977462248906,14.65999984741211,-0.05965364310925958,1
2017-05-19,205.79759421876145,207.31508373590725,205.74556812377836,206.6473846435547,115011400,0.0065041897532478465,-0.0028034925771213137,-0.005798706077126736,207.1251434326172,205.15875671386718,1.0095847077173143,0.006771305173894329,0.005565169731992007,48.38720070203753,1.5333613355133349,12.039999961853027,-0.17871759296242995,1
2017-05-22,207.15897568508672,207.8613676056722,207.08961638495092,207.6966094970703,61010600,0.005077368171513275,-0.003245623676810805,-0.0005840864168886739,207.11300506591797,205.20835052490236,1.0092815644984412,0.0070042574708229334,0.005135101993796051,52.97862645779523,0.8462399491789431,10.930000305175781,-0.09219266280682037,0
2017-05-23,208.0694242360147,208.32090125928147,207.68788201550953,208.15614318847656,48341700,0.0022125237986263535,-0.00012526175602478595,0.002547501638304084,207.16589813232423,205.2650619506836,1.0092603980608124,0.007030375433324703,0.005000278168194188,56.11844207713919,0.6839683540641275,10.720000267028809,-0.019213177702065543,0
2017-05-24,208.39024461739544,208.74576051725535,208.0520486889865,208.64170837402344,46927700,0.0023326968789347813,0.020311853959048998,0.0030848420701123924,207.23006286621094,205.34719940185548,1.009169170409141,0.007045299249550149,0.005014363506275336,57.055609991812226,0.6821924790008014,10.020000457763672,-0.06529848804370886,0
2017-05-25,209.15339780863192,209.91648244236816,208.94529344049135,209.6389923095703,64071700,0.004779887699918106,0.021075221731883476,0.009942703587362267,207.4364486694336,205.41388366699218,1.0098462916251576,0.007119879304161271,0.005106073695599465,57.732951625538874,0.9269283852169913,9.989999771118164,-0.0029940803667591886,0
2017-05-26,209.4482019418656,209.76037169690403,209.37016281097016,209.5956268310547,46629900,-0.00020685788477547984,0.01426701911851147,0.011423529059193971,207.67317657470704,205.48781524658204,1.0106349922768054,0.007073474347811419,0.005067020780062062,57.689510098096584,0.6829472481070069,9.8100004196167,-0.018017953516060725,0
2017-05-30,209.2747986333148,209.6650075591372,209.118720355569,209.41354370117188,35201900,-0.0008687353483266547,0.008266549021956004,0.0049940952379139425,207.77723999023436,205.56533813476562,1.0107600915384802,0.006922500663032006,0.005062044530157133,57.73295162553874,0.5278166475930723,10.380000114440918,0.05810394194116553,0
2017-05-31,209.7083300899503,209.7430229665296,208.6677687273157,209.36148071289065,91796000,-0.0002486132814576436,0.005790545049264795,0.005664557959398797,207.895166015625,205.64632781982422,1.0109354648810995,0.006910345100348895,0.005065425325257896,56.06188665708252,1.3417635224376607,10.40999984741211,0.0028901476532217085,1
2017-06-01,209.8210781649972,211.0437441446966,209.53492145284687,211.02639770507812,68962000,0.007952355832210989,0.01142959070666616,0.03197360084296075,208.54898834228516,205.8133380126953,1.0132919001071792,0.003017952837836955,0.0053046825830503665,63.83900928792576,1.0110891831476436,9.890000343322754,-0.04995192235460266,0
2017-06-02,211.078392049241,211.88483597701511,210.78356877734703,211.7287445068359,88666100,0.003328241439913837,0.009968337351000445,0.031253644002854575,209.19066314697267,205.98485717773437,1.0155633089400944,0.0030035504863795263,0.005329641432642977,67.54555665015253,1.2745640549795823,9.75,-0.01415574706398015,0
2017-06-05,211.55533117436477,211.84148785882437,211.373226654634,211.5726776123047,44698800,-0.0007371077313792496,0.009432690992372761,0.023834286493611412,209.68319244384764,206.15759063720702,1.017101489184771,0.002960569760187097,0.005302695010484425,63.51664926325573,0.6506309251579678,10.069999694824219,0.03282048152043271,0
2017-06-06,211.00905056561416,211.5640175484556,210.81827942481337,210.89633178710935,50375400,-0.003196754102789745,0.0070806694721397,0.015405751195395334,210.00316467285157,206.31974517822266,1.0178529664790303,0.0032586310087357327,0.00537755577657731,61.013227860484406,0.7321986125473354,10.449999809265137,0.03773586156474562,0
2017-06-07,211.23451871156217,211.51199559267457,210.56681970571725,211.2865447998047,54144300,0.0018502598380385482,0.009194929651620054,0.015038718355257386,210.3162048339844,206.49386627197265,1.018510663929249,0.0032522665605143565,0.005368000010466837,87.69242222741124,0.7853915999073967,10.390000343322754,-0.005741575793062337,0
2017-06-08,211.38191262013916,211.86750704489805,210.86162531849425,211.3905792236328,65950700,0.0004923854660348059,0.001725762854861701,0.013175078324615619,210.59109191894532,206.64058532714844,1.0191177671392215,0.003251888081496721,0.0053643061806102985,86.62489013433971,0.9486294894636719,10.15999984741211,-0.022136716873013107,0
2017-06-09,211.65940983280444,212.4571740689785,209.8037376846164,211.06976318359375,132256400,-0.0015176458724760478,-0.0031123847863787635,0.006824927263104907,210.73416900634766,206.77707275390625,1.019137016496751,0.0031130426036967696,0.005350807474571348,80.35738601250665,1.8113099430694144,10.699999809265137,0.053149603342816265,0
2017-06-12,210.82695995956365,211.07842379247697,210.1766074041648,211.02639770507812,86108100,-0.00020545566480734134,-0.002581996472283632,0.006826339345222587,210.87724609375,206.89968658447265,1.0192245796740411,0.0031129980114347013,0.005324462564090162,76.51949882727551,1.153850173851846,11.460000038146973,0.0710280600401274,0
2017-06-13,211.56404473671435,212.1103451857091,211.21719528966076,212.05831909179688,60067000,0.0048900109083078735,0.00550975588262248,0.012629438115039138,211.1417236328125,207.0524774169922,1.0197498057827379,0.003319466969321921,0.005297478605205383,78.48142431066496,0.8058988787222612,10.420000076293945,-0.09075043266938687,0
2017-06-14,212.32709501261013,212.33576161637257,210.96568402890944,211.7894744873047,78602300,-0.0012677861714814886,0.0023803204694199387,0.011597137000304736,211.3845230102539,207.20700103759765,1.0201611043629661,0.00338593875059896,0.005304387012520703,73.72568684099168,1.035573545374646,10.640000343322754,0.02111326923397261,0
2017-06-15,210.43673838470633,211.50332610496417,210.15926150737687,211.3819274902344,66464900,-0.0019243024142576726,-4.0927715086347405e-05,0.0016847645082449514,211.42007598876953,207.3507730102539,1.0196252124814331,0.002511761407120189,0.003106097395997324,64.41888940784452,0.9412061419439841,10.899999618530273,0.024436021317488565,0
2017-06-16,211.54135180896955,211.5936315981807,210.54799592602043,211.42807006835935,84553100,0.00021829008124196747,0.0016975756231552008,-0.0014200926717669038,211.39000854492187,207.5076071166992,1.0187096824167958,0.0022570516510022703,0.003070054946610281,65.15240601902217,1.2167314223219938,10.380000114440918,-0.04770637819154999,1
2017-06-19,212.2558499989103,213.24920581436183,212.1599992932098,213.1882171630859,65123800,0.00832503978377841,0.01024430820749278,0.00763586096755664,211.5515625,207.68819793701172,1.0186017530190135,0.0034790358687720405,0.003248889791569549,74.75270013628287,0.9720315438070786,10.369999885559082,-0.0009634131764529874,0
2017-06-20,212.83101677185903,212.83972564003517,211.7331010624758,211.75051879882812,56906400,-0.006743798430276171,-0.0014514888842229734,0.004050269648981031,211.63698120117186,207.84419708251954,1.0182482078975075,0.004060262478505799,0.003629165704465481,63.25710492357407,0.8519890209082139,10.859999656677246,0.04725166601019182,0
2017-06-21,212.14266238565773,212.2559308657463,211.22772590011513,211.69825744628903,55977600,-0.00024680625500017594,-0.0004306967626057645,0.001948598510494115,211.67815246582032,207.99672302246094,1.0176994588658104,0.004031762627647202,0.00362662858655891,54.54097302292182,0.8333198733055345,10.75,-0.010128882150526874,0
2017-06-22,211.7069441054188,212.20361547108345,211.428100794464,211.6023712158203,44148100,-0.0004529382132162363,0.001042869313395256,0.0010018989160507363,211.69933166503907,208.1521875,1.017041109236669,0.004035278217940392,0.0036201847198954655,49.069592921626715,0.6585806193683992,10.479999542236328,-0.025116321652434603,0
2017-06-23,211.66340106152072,212.1862123944671,211.27999810643712,211.8551025390625,66986800,0.001194369050734334,0.0020197529616814425,0.00372075726822918,211.77786560058593,208.3305694580078,1.0165472410100285,0.00400494317000173,0.0034946868966405325,52.05013635084815,0.9971095985798362,10.020000457763672,-0.04389304432874974,0
2017-06-26,212.52604032325613,212.9443053367406,211.78538762517763,211.9945068359375,56700500,0.000658017178742698,-0.005599325999500415,0.004587620986699292,211.8746765136719,208.5381008911133,1.0159998370000538,0.0040002557560864516,0.0034904152096545374,58.64566815626385,0.8377175220741053,9.899999618530273,-0.01197613111289031,0
2017-06-27,211.77663316835023,212.0729074983871,210.2691748047281,210.28660583496097,82247700,-0.008056345546247012,-0.0069133854885991,-0.008354839670633107,211.69750518798827,208.67574768066407,1.0144806358233271,0.004475742721548954,0.003982256273566338,43.4803890356882,1.174349770406415,11.0600004196167,0.1171718026044366,1
2017-06-28,211.30610569003233,212.3691725225431,211.0708333133998,212.16876220703125,70042600,0.00895043393085837,0.002222525430383371,0.0017908714332699471,211.73543395996094,208.86317749023436,1.0137518566184835,0.005429414167370803,0.004431705025379263,54.11875491635541,1.0158590833560917,10.029999732971191,-0.09312844914712981,0
2017-06-29,212.31688319202655,212.3691629853792,209.09283407414108,210.3040313720703,106949700,-0.00878890377435182,-0.00613575280981038,-0.005099282284734996,211.62764434814454,209.02077117919922,1.0124718378668232,0.0061171448959198476,0.004563988178919024,46.516467695605456,1.5095545757028217,11.4399995803833,0.1405782537338538,0
2017-06-30,211.11438810422223,211.4890821047347,210.50443504104103,210.69613647460935,86820700,0.0018644678372585766,-0.0054705600694203715,-0.003461856287641174,211.55445098876953,209.15325469970702,1.0114805590403555,0.0061604477494408925,0.004516570519890499,48.543754642437925,1.2270393941905764,11.180000305175781,-0.02272721020491575,0
2017-07-03,211.63717304352545,212.0728556209069,211.05335998535156,211.05335998535156,39153800,0.0016954440490428713,-0.004439486968944362,-0.010013954833635208,211.3409652709961,209.3058901977539,1.0097229708696656,0.005440203142739551,0.004535045358997376,45.288420679126645,0.5555385686189197,11.220000267028809,0.0035778140215712018,0
2017-07-05,211.41936071182323,211.75047047471907,210.60898409299267,211.54135131835935,54427600,0.0023121704058237658,0.005966835017457761,-0.0009878015017639186,211.3200485229492,209.42354095458984,1.009055847111145,0.005120835088008274,0.004505094796020962,48.86013943857243,0.7700391070632875,11.069999694824219,-0.013369034637671362,0
2017-07-06,210.7745906369662,210.89658126955553,209.42397151445329,209.60696411132812,65400800,-0.009144250970204215,-0.012074341524429322,-0.009878651625139123,211.1109191894531,209.4785711669922,1.0077924343925357,0.005869868542038077,0.004938257836638005,42.84909854527905,0.9179777282238064,12.539999961853027,0.13279135569589107,1
2017-07-07,210.1820545325185,211.1144085990406,209.61565904345244,210.96627807617188,57972300,0.006485061078990606,0.003148996715759189,-0.0030060775594979994,211.04730987548828,209.56338897705078,1.0070810121256437,0.006330603997031833,0.005170779604199949,48.31756747741866,0.8182918014140911,11.1899995803833,-0.10765553314006848,0
2017-07-10,210.96625986011753,211.56750406312796,210.66127667726363,211.19281005859375,36663300,0.001073782902593079,0.002357298013598186,-0.003126157796207174,210.9810806274414,209.649267578125,1.0063525766853447,0.006327591434942233,0.005165528635069173,41.81561011634677,0.554950813850816,11.109999656677246,-0.007149233843252278,0
2017-07-11,211.1928196084974,211.34967228836572,209.86835382461976,211.03598022460935,50354600,-0.0007425907820484134,-8.234770933479574e-05,-0.004521469096696706,210.8852279663086,209.74102905273438,1.0054552936959538,0.006319648472802537,0.005168277582305224,46.725140636844884,0.7833855905689925,10.890000343322754,-0.019801919005665303,1
2017-07-12,212.00319472965325,212.78741823519627,212.00319472965325,212.62185668945312,59610400,0.007514720774892902,0.005107773796281023,0.01110508605728766,211.1187530517578,209.85410217285155,1.0060263338472393,0.006149175457676283,0.0053293949602248635,53.711299877739215,0.927711077754615,10.300000190734863,-0.05417815739093634,0
2017-07-13,212.63058514067592,213.09240773141693,212.4040216309671,212.9791259765625,39471600,0.0016803036746648736,0.01608802398112741,0.0038194301606968573,211.19978942871094,209.97275970458983,1.0058437567132394,0.005518187734210428,0.005328997613531781,55.41839468940032,0.6335850850453576,9.899999618530273,-0.03883500629100978,0
2017-07-14,212.97910198976356,214.32972084467653,212.88325127629287,213.9724578857422,60262700,0.0046639871613005646,0.014249575036276108,0.017443443617025434,211.56663208007814,210.1163134765625,1.0069024559755442,0.0045926891919705745,0.0053879832292373885,57.87410555703726,0.9721561371543412,9.510000228881836,-0.03939387926020299,0
2017-07-17,213.89405504485327,214.27745792892873,213.77206442682748,213.9463348388672,33531900,-0.00012208602515073608,0.013037966489055641,0.015425998875159719,211.89165191650392,210.25448913574218,1.007786577054746,0.004629538118920433,0.005389866163825904,57.3202122898762,0.5641525669464192,9.819999694824219,0.03259720909374075,0
2017-07-18,213.5367915579916,214.11189588275872,213.19695960171657,214.0596160888672,42742500,0.0005294844152639033,0.014327584618697431,0.014244057065588844,212.19227752685546,210.37862823486327,1.0086208818224989,0.004639905398730065,0.005074945133048698,66.07293754858898,0.7329139358331427,9.890000343322754,0.007128375832377021,1
2017-07-19,214.37334130660176,215.22727576286687,214.36461914228397,215.21856689453125,51034300,0.005414149697357873,0.012212809376746181,0.01738296344074053,212.55999908447265,210.52663970947265,1.0096584421705779,0.00480650200762687,0.004923263661488451,63.84519471883182,0.8795229985019382,9.789999961853027,-0.010111261678291239,0
2017-07-20,215.47126201698129,215.59325265641056,214.7654580819989,215.31442260742188,47135200,0.0004453877482495372,0.010964908509937032,0.027229336202123422,213.13074493408203,210.68038391113282,1.0116307032361531,0.0030189424447769385,0.004917768910538884,77.09763403946293,0.8185630948656506,9.579999923706055,-0.021450463632813332,0
2017-07-21,214.73929301643605,215.1488358213816,214.5127295012009,215.12269592285156,82340800,-0.0008904498001041095,0.005375635950882973,0.019701811515008938,213.54638671875,210.82283660888672,1.0129186674160728,0.002888015230296436,0.0049248786176331145,74.4704792721421,1.3840536847592024,9.359999656677246,-0.022964537451029665,0
2017-07-24,215.0441898319573,215.20975133035617,214.5997984120259,215.07034301757812,46622300,-0.0002433630029079481,0.0052536921446093565,0.018360156095790225,213.93414001464845,210.9727407836914,1.0140368808783375,0.0029618472706447276,0.004929875984110554,72.98091914248751,0.7973131427988022,9.430000305175781,0.007478702036981089,0
2017-07-25,215.81978142442844,215.9243543163771,215.3666809779153,215.59323120117188,54915600,0.0024312426169841306,0.007164429892595914,0.02159466348682426,214.38986511230468,211.14003845214845,1.0153918067079104,0.0028229383563790887,0.004943776909809064,73.0883733871249,0.9405768808506018,9.430000305175781,0.0,0
2017-07-26,215.88081784904043,215.91566662126573,215.34057545565656,215.6019744873047,47575400,4.055454841545014e-05,0.001781480093961063,0.014016046347503197,214.68787689208983,211.28461975097656,1.0161074532785415,0.002152247029902419,0.004486078306564897,93.76510768367008,0.8397920581140044,9.600000381469727,0.018027579087207313,0
2017-07-27,216.06376597515103,216.09861474020028,214.0770406718503,215.40151977539065,70766600,-0.0009297443234956848,0.0004045115367286023,0.011373855478657324,214.93011627197265,211.4290057373047,1.0165592725674453,0.002268893430221109,0.004123835046389296,88.97252449626461,1.2483610835208154,10.109999656677246,0.0531249223897885,0
2017-07-28,214.9223012003993,215.27956425631535,214.46920070097585,215.14886474609375,50088400,-0.0011729491489212984,0.00012164603613729064,0.005497935911825458,215.04775695800782,211.64221954345703,1.0160910116228086,0.0019939949288326755,0.003499630226662098,84.60304410265137,0.9302410235095332,10.289999961853027,0.01780418509281545,0
2017-07-31,215.5496973520864,215.64554809687291,214.81775346243472,215.02688598632812,65838700,-0.0005669505154469734,-0.00020205961751984525,0.005050570968064161,215.15581207275392,211.83651733398438,1.0156691338233073,0.0020155073387063795,0.003515526970991715,85.1220114840658,1.2470527757700287,10.260000228881836,-0.002915425955530182,0
2017-08-01,215.62809414341172,215.66294291021595,214.9832789416926,215.506103515625,55050400,0.002228640047028163,-0.00040412996763139475,0.006757404564143865,215.3004608154297,212.0136917114258,1.0155026266344984,0.0020880493053379206,0.0035229032467574317,81.52300077380794,1.0272461773377892,10.09000015258789,-0.016569207846155454,0
2017-08-02,215.636811897246,215.7500936619952,214.67830457086475,215.6106719970703,47211200,0.0004852228300704642,4.034058494273296e-05,0.0018218925448527656,215.33967132568358,212.17197296142578,1.0149298624132308,0.001264604367019523,0.00351213241496794,80.44271063176289,0.8869375881208617,10.279999732971191,0.01883048340039606,0
2017-08-03,215.49739853466025,215.523538435843,214.9135852482746,215.1924285888672,40856000,-0.0019398084720444464,-0.0009707043234490342,-0.0005665854478179577,215.3274719238281,212.3126986694336,1.0141996841135181,0.0014244071295254055,0.0026959863787581547,66.27912658918581,0.7856589171883271,10.4399995803833,0.015564187895738879,0
2017-08-04,215.68036915918003,215.91562824584997,215.2011155263657,215.5845184326172,60191800,0.0018220429330211285,0.0020248941914593477,0.0021467865479487536,215.3736541748047,212.45155487060546,1.0137541911895112,0.0015038505753932664,0.0024124493951496306,69.91467260248562,1.1550205576573376,10.029999732971191,-0.03927201761410959,0
2017-08-07,215.6542264947249,215.98533630371097,215.54965360600968,215.98533630371097,31995000,0.0018592145391880255,0.004457351056294412,0.004254390788124951,215.46515350341798,212.5784817504883,1.013579322465563,0.001577737665826068,0.002418623706484566,71.88048295040831,0.6167143763359012,9.930000305175781,-0.009970032946928886,0
2017-08-08,215.6716530032204,216.8915725839997,215.07913089231317,215.4538116455078,61719400,-0.0024609293727966275,-0.0002426468172553875,-0.0006466787240364535,215.45121154785156,212.69564544677735,1.0129554420133333,0.0016438725813930273,0.0025169910625358655,53.11737943585073,1.1767729604993593,10.960000038146973,0.10372605249914524,0
2017-08-09,214.7654501275264,215.49739393699232,214.4081870910078,215.4451141357422,62632600,-4.036832627463127e-05,-0.0007678555972886469,-0.0007275459880898838,215.4355255126953,212.81627685546874,1.012307557936489,0.001643502736094579,0.0020098742372295277,51.772829448218445,1.1907537616598909,11.109999656677246,0.013686096533594094,0
2017-08-10,214.60859100217328,214.73930379736697,212.3517576759011,212.4040374755859,120479500,-0.014115319682952876,-0.01295766366672968,-0.013915789930035616,215.13577728271486,212.87712799072267,1.0106101078744854,0.004754116327795019,0.003849807271044044,29.200229746578373,2.126752541482482,16.040000915527344,0.4437445014579371,0
2017-08-11,212.6305838418946,213.31024777490836,212.3953114663189,212.71771240234375,74869900,0.0014767842009306698,-0.013297828856711158,-0.011299861361662833,214.89266204833984,212.91095428466798,1.009307683441324,0.004840620588077197,0.003704214753295741,32.69267035453889,1.3048111380514509,15.510000228881836,-0.03304243493729775,1
2017-08-14,213.99862155965695,215.0442573617208,213.96377279451312,214.826416015625,73291900,0.009913154807215774,-0.005365735970410235,-0.0009323018830114105,214.87261505126952,212.97290771484376,1.0089199483484037,0.005976191054017785,0.0043510002966655765,45.42606561912951,1.2345380393015584,12.329999923706055,-0.2050290301900941,0
2017-08-15,215.20983579521703,215.2272668271467,214.49532303787947,214.80029296875,55242700,-0.00012160072005806821,-0.003033219378977936,-0.0032751301952049783,214.80203399658203,213.03746002197266,1.0082829281499477,0.00592139945301345,0.004350953678025153,45.22798737854031,0.9208208606737283,12.039999961853027,-0.023519867286897922,0
2017-08-16,215.32308778635704,215.72392168942733,214.74798347603095,215.17495727539065,56715500,0.0017442448586193482,-0.001253947491152263,-0.002020840237841215,214.75846252441406,213.1230325317383,1.0076736426525472,0.005953535019786223,0.004193196877176189,48.67878727478523,0.9409153035211058,11.739999771118164,-0.02491695944230643,0
2017-08-17,214.5650300521557,214.87872214140077,211.8202209472656,211.8202209472656,128490400,-0.015590737744780925,-0.002748613139651024,-0.015670661201767078,214.4212417602539,213.1337060546875,1.006040976480914,0.007707063634109257,0.005448485308145304,35.745929854183174,1.9969071270122383,15.550000190734863,0.3245315582534989,0
2017-08-18,211.6546687551769,212.77873766471816,211.04471558130828,211.48912048339844,136748000,-0.0015631201893118174,-0.005775691666998983,-0.018996716364393262,214.01170196533204,213.13567687988282,1.004110175725967,0.0076162391173939074,0.00545112549401868,35.116977421040616,2.039034779135754,14.260000228881836,-0.08295819588617415,0
2017-08-21,211.42806712748012,211.91602954796895,210.72226339098884,211.6546173095703,65469700,0.000782531157128119,-0.014764472474483759,-0.02005098618385348,213.57863006591796,213.14737396240236,1.002023276644223,0.007564787268867987,0.005461823755797204,33.35790418948507,0.9626844476637003,13.1899995803833,-0.07503510738600017,1
2017-08-22,212.23847092416148,214.0247593074177,212.22103989377436,213.867919921875,63140100,0.010457143059002805,-0.004340650722532535,-0.007360703955621495,213.4200408935547,213.20420440673828,1.0010123462969083,0.008519589830592903,0.005980820350606065,43.63040949239815,0.9228491174776005,11.350000381469727,-0.13949956462850044,0
2017-08-23,212.9007706538432,213.52815498491444,212.7526400890048,213.10118103027344,50203800,-0.0035851047313765205,-0.00963762824157599,-0.010879490652974111,213.1856475830078,213.22506164550782,0.9998151527677102,0.008562465137631387,0.006022061348291131,42.546563583601355,0.7323667601846708,12.25,0.07929511791027188,0
2017-08-24,213.4845359909229,213.6413753903961,212.39532917464268,212.60446166992188,50741700,-0.0023309085287566145,0.003702388370426357,0.0009435987974522053,213.2056900024414,213.24136138916015,0.9998327182565035,0.007281129777950143,0.006034654276480526,39.457378987201146,0.7511854201482527,12.229999542236328,-0.0016326904296875,0
2017-08-25,213.39744215995023,214.01611762108433,212.95305046543504,213.10118103027344,64445900,0.002336354357053594,0.007622427778744889,0.001802711319141892,213.24403686523436,213.27574645996094,0.9998513211405755,0.0073039879733816605,0.0060691384697205775,39.86541987925322,0.9440311390427341,11.279999732971191,-0.07767782868546402,0
2017-08-28,213.63264400278635,213.65878389994307,212.691567817204,213.10983276367188,40565600,4.059918089893699e-05,0.0068754250325337996,-0.007990559465593239,213.07237854003907,213.3093817138672,0.9988889228784787,0.006464864894355405,0.006070097878935423,41.449330541278066,0.6054291106577155,11.319999694824219,0.0035460959929021207,0
2017-08-29,211.79405416158863,213.6152045031953,211.6807724144142,213.3538055419922,51135700,0.0011448217811276251,-0.0024038873154543783,-0.006734103602774155,212.92772979736327,213.3126934814453,0.9981953081281798,0.006491610996178523,0.006049917039541896,42.499797522551674,0.7654206155852382,11.699999809265137,0.033568915608245486,0
2017-08-30,213.3363735483728,214.63471266572543,213.153380980378,214.3645782470703,62030800,0.004737542424005037,0.00592862606715161,-0.0037661400684428914,212.84669189453126,213.36497467041016,0.9975709097677372,0.006680857911304534,0.006159510781945966,58.229698292647996,0.9183177074774643,11.220000267028809,-0.0410256025693454,1
2017-08-31,214.98331115606433,215.89824764955492,214.39949782874712,215.65426635742188,103803900,0.0060163303139808555,0.014344970296225279,0.018100469317850365,213.23009643554687,213.4440948486328,0.9989974029816205,0.004263209485069128,0.006301391635964244,61.39312895755085,1.468319959228069,10.59000015258789,-0.05614974148371832,0
2017-09-01,216.02889356199628,216.3861565425385,215.81105222693105,215.9591827392578,62007000,0.0014139130515997689,0.013411477567448982,0.021136133365357912,213.6771026611328,213.53123107910156,1.0006831393295215,0.004102915792298306,0.006296269294259431,55.11010153157802,0.8759726701951666,10.130000114440918,-0.043437207886589335,0
2017-09-05,215.45383911614408,215.6804026664804,213.44098684159556,214.408203125,91398800,-0.007181818316706723,0.0060924939243323095,0.013009807442103893,213.95246124267578,213.58229309082031,1.0017331406386674,0.005050848816180897,0.006485464403036187,48.44513183945939,1.2391941092222944,12.229999542236328,0.20730497572272832,0
2017-09-06,215.0877958957615,215.47119873450276,214.55626255950273,215.14007568359375,57916900,0.003413454093298185,0.0083723378500975,0.005948324377884617,214.07967681884764,213.64520446777342,1.0020336162103736,0.004018299478882268,0.00651759837612902,49.865484784363645,0.7872725255999604,11.630000114440918,-0.0490596443379504,0
2017-09-07,215.44510627811383,215.4625373098888,214.7044403314648,215.11398315429688,58034700,-0.00012128158463253769,0.003495936284598322,0.00944528845073589,214.28095703125,213.74175201416017,1.0025226939145429,0.0037582845335823655,0.006517615493120413,67.08910464681799,0.7913467520491978,11.550000190734863,-0.0068787551950854064,0
2017-09-08,214.82645079944177,215.32313553103205,214.6173315827576,214.86131286621097,63832800,-0.0011745879295288475,-0.0036769663990634527,0.010615257923387134,214.50664215087892,213.79560302734376,1.0033257892747411,0.0036628054928082533,0.005630450160656873,67.63958418471617,0.9053746942207347,12.119999885559082,0.04935062211353536,1
2017-09-11,216.13346017862068,217.23138905249075,216.11604244435443,217.15296936035156,71364800,0.010665747423630245,0.005527834500721696,0.019013448496573604,214.9118209838867,213.93258178710937,1.00457732613049,0.004765693707385603,0.006064750487115014,73.52789080823024,1.014727416635249,10.729999542236328,-0.11468649805673115,0
2017-09-12,217.5189463449708,217.91976697822463,217.33595376302057,217.88491821289065,56896000,0.003370660114366153,0.01621540145021294,0.022406687609361153,215.3893295288086,214.076357421875,1.006133195289502,0.004737946396883876,0.0057286460929689646,69.68460721709631,0.8185386575942997,10.579999923706055,-0.013979461782811065,0
2017-09-13,217.5974053751146,218.0243792795309,217.48412359933445,217.9895172119141,59228000,0.00048006534771372067,0.0132445873660052,0.021727813376215988,215.85290069580077,214.21508056640624,1.0076456808039096,0.004759454574381354,0.0057255578993736485,75.61682787032085,0.849652420461463,10.5,-0.0075614295163465295,0
2017-09-14,217.66706393071823,218.1201776290177,217.492793522443,217.9197540283203,95446300,-0.00032002999266222965,0.013043182190582758,0.016584716609067796,216.2084182739258,214.34264862060547,1.008704612289376,0.004723944280258806,0.005725350645783429,79.15907017235462,1.3322107620980628,10.4399995803833,-0.0057143256777808515,0
2017-09-15,217.775305111122,218.30071098989268,217.67022660776115,218.2131500244141,95432400,0.00134634878513884,0.015600003153151354,0.01186567606666844,216.464306640625,214.51477233886717,1.009088112116951,0.004468975365939783,0.004262489554574825,78.68353910169702,1.3634730011489147,10.170000076293945,-0.02586202250397429,0
2017-09-18,218.58090443441537,219.02750136678264,218.2919252327785,218.67723083496097,46235200,0.002126731640576862,0.007019298327346268,0.012585934347532968,216.73611145019532,214.66899139404296,1.0096293369747007,0.0044786314729369486,0.004202525476637724,79.72002339383263,0.7062420698951318,10.149999618530273,-0.001966613334673628,0
2017-09-19,218.92246408474065,218.9837687884284,218.57219348699175,218.8961944580078,47108100,0.0010013096572094593,0.004641332008712418,0.020931994520710262,217.1849105834961,214.82305908203125,1.0109944040065222,0.0033767319445300002,0.004200348101582261,79.66572906151278,0.7298102161284338,10.180000305175781,0.002955732785520304,0
2017-09-20,218.98374103504872,219.0888195286627,217.97668981070967,218.9749755859375,59574100,0.00035990177044764593,0.004520668638691605,0.017825130395434652,217.56840057373046,214.98183898925782,1.012031535299137,0.0033806970686222778,0.003663919829881964,77.41213785044609,0.9254929984989154,9.779999732971191,-0.03929278587557794,0
2017-09-21,218.8173832406044,218.90494420812297,218.2131551082697,218.38829040527344,48211400,-0.0026792339128898224,0.002150040867301195,0.01522126643263344,217.8958312988281,215.09716766357423,1.0130111598662759,0.0036277368996295283,0.0036069786777663407,67.73864610620397,0.7501325841457135,9.670000076293945,-0.01124740896529941,0
2017-09-22,218.09053414548032,218.59843580213592,218.0642645220296,218.4320526123047,51214000,0.0002003871496500942,0.001003159469839865,0.016618811913883924,218.2529052734375,215.20622619628907,1.0141570210629947,0.0035393367594436587,0.003518699258835863,66.60702720870941,0.7965580678295309,9.59000015258789,-0.008273001352106957,0
2017-09-25,218.17812647379512,218.52841044011217,217.24114525807704,217.9854736328125,57064400,-0.0020444754977642088,-0.0031633709623410944,0.003833722720500532,218.3361557006836,215.28648651123046,1.0141656322181376,0.0017976686990255877,0.0035902738901266926,78.20812698229352,0.8926767278771568,10.210000038146973,0.06465066482733817,0
2017-09-26,218.41455262006244,218.65974469994077,217.88038129704904,218.1168212890625,54082000,0.00060255233553419,-0.0035604692483350853,0.0010643374404888384,218.35934600830078,215.36989624023437,1.013880536789282,0.0014699516618773042,0.0035834109514905166,75.9283675085992,0.8371714527351917,10.170000076293945,-0.003917723967049813,0
2017-09-27,218.81736664054645,219.35153794116275,217.9329114105294,218.9662322998047,81001400,0.0038942939188375547,-3.992824344156709e-05,0.004480559892892089,218.45701751708984,215.46802856445314,1.0138720763936566,0.0018997986360926131,0.003634849342643975,79.34535225674466,1.22554567991267,9.869999885559082,-0.029498543607109462,0
2017-09-28,218.68599089762515,219.3077364805443,218.5984299424583,219.2289276123047,44778800,0.001199706958195934,0.0038492778411847173,0.00600759481315416,218.5879348754883,215.5482357788086,1.0141021757181023,0.0018922350238880616,0.0035439804680701724,83.22052310520561,0.6864592363664516,9.550000190734863,-0.03242144868637886,0
2017-09-29,219.22019406231303,220.07837973679105,219.0363066763297,219.9995574951172,85578000,0.0035151833802486987,0.0071761669776306825,0.008186525287331436,218.7665756225586,215.6419384765625,1.0144899325616836,0.0021000685334860336,0.003403780661279785,78.16929906683144,1.3304984565126492,9.510000228881836,-0.004188477597292017,0
2017-10-02,220.22720123467553,220.9540252685547,220.05205261005767,220.9540252685547,59023000,0.004338498605656049,0.013618116777554645,0.010411666660037566,218.99425506591797,215.75856506347657,1.0149968090559438,0.0023543374283576195,0.0034842139674787307,79.09017017005392,0.9197760579127147,9.449999809265137,-0.006309192236870653,0
2017-10-03,220.95405904154,221.45319528449488,220.87523680362833,221.4269256591797,66810200,0.0021402660125797723,0.015175832613709472,0.011561330280035254,219.24732818603516,215.8856967163086,1.0155713487315652,0.002379734203246752,0.0028825947697757267,80.45477896444464,1.0614629031265082,9.510000228881836,0.006349250881240609,0
2017-10-04,221.2780457190068,221.9348130334467,221.16420177534167,221.6896209716797,55953600,0.0011863747451579254,0.012437482452299697,0.012397057602030914,219.51879272460937,216.00762451171875,1.0162548346190443,0.0023634367574489642,0.002852353040443555,82.29619288145696,0.890364725303158,9.630000114440918,0.012618284192532636,1
2017-10-05,222.02236175556584,223.02064748401895,221.72463046296645,223.00314331054688,63522800,0.005925051128284453,0.01721586534837538,0.021131411838562597,219.98027801513672,216.15564788818358,1.0176938708949748,0.0023461165243150025,0.0029881660895972996,84.93019902125067,1.0064155370274328,9.1899995803833,-0.045690605278166374,0
2017-10-06,222.55653847553936,223.0381704971402,222.29384224736145,222.7491912841797,80646000,-0.001138782272739225,0.012498360543854892,0.019764217843694754,220.41199188232423,216.30260131835936,1.0189983409303367,0.0024995314372181074,0.002986296036265459,80.63286024546686,1.2609108793550194,9.649999618530273,0.05005441340050498,0
2017-10-09,222.97689996753897,223.03819130584384,222.11871433554268,222.3814239501953,35803100,-0.00165103779665432,0.006460161474341586,0.02016625348525558,220.8515869140625,216.44725250244142,1.0203483036199381,0.002431637268330074,0.002240470024159434,75.64480273055936,0.5757936096946242,10.329999923706055,0.07046635565352988,0
2017-10-10,222.95062021490847,223.3446779380046,222.4076834727646,222.96812438964844,43057400,0.00263826190619465,0.006960304063657441,0.022241765086777443,221.3367172241211,216.60607727050783,1.0218398302264873,0.0023863248337524625,0.0022087590534653674,77.33866536291022,0.700251152613716,10.079999923706055,-0.02420135545463864,0
2017-10-11,222.8718100527529,223.31842041015625,222.70544021191907,223.31842041015625,47674300,0.0015710587397490539,0.0073472065644635265,0.019876069769482196,221.77193603515624,216.76232360839845,1.0231110847280274,0.0023156071150202376,0.0022046534213254433,84.88269905533063,0.7826901047555996,9.850000381469727,-0.022817415077099112,0
2017-10-12,223.0031590161625,223.3534295777759,222.74920150132215,222.9856414794922,47065100,-0.001490154417413736,-7.848244107622193e-05,0.01713603176416134,222.147607421875,216.90982299804688,1.0241472901108553,0.0025588046843868554,0.0022621864960979195,80.95260814909162,0.8046448931742785,9.90999984741211,0.0060913161034243934,0
2017-10-13,223.42346325437063,223.5373071880049,222.9856184166564,223.257080078125,54800400,0.0012172918257509213,0.0022800926504704666,0.01480695061434445,222.47335968017578,217.07111602783203,1.024886975988326,0.002479994964303222,0.0022617873096999375,86.70726835363418,0.9706029020637825,9.609999656677246,-0.030272471781440546,0
2017-10-16,223.4848119173923,223.74750818213673,223.14329341125787,223.5548553466797,38221700,0.0013337774929713664,0.0052766610431775884,0.011770910599903539,222.7334426879883,217.23052276611327,1.0253321671918079,0.0022672289619026153,0.002250606953753183,87.00838014932657,0.6818060599552368,9.90999984741211,0.03121750275260582,0
2017-10-17,223.502293026835,223.75625053916676,223.28337058749773,223.71246337890625,31561000,0.0007050083165589527,0.0033383201804981777,0.010321859967673763,222.96199645996094,217.3850653076172,1.0256546195777154,0.002244523350155392,0.002252307038871064,85.65791675933208,0.5709077625167697,10.3100004196167,0.04036332778643237,0
2017-10-18,224.089014234462,224.13280139680816,223.7387436596247,223.931396484375,40888300,0.0009786361571546554,0.002744852274581433,0.010112225835695376,223.18617401123046,217.55461700439454,1.0258857158923094,0.002243873248221552,0.002245974049187281,85.56298452072404,0.7523444581841285,10.069999694824219,-0.023278439866581846,0
2017-10-19,223.15205150508817,224.0277413763814,222.73172410821817,223.99270629882812,61903800,0.00027378838079727963,0.004516276530875052,0.0044374396413919825,223.2851303100586,217.72556884765626,1.025534720114992,0.0014334496095275066,0.0020733505670762257,83.8279434233964,1.1248596623829226,10.050000190734863,-0.0019860481326166024,1
2017-10-20,224.7895807894423,225.17488643668273,223.97518233287232,225.14859008789065,89176400,0.005160363514339128,0.008472340537212686,0.010771750909074562,223.5250701904297,217.98045989990234,1.0254362721001389,0.0019512580583622915,0.0022294653177360566,84.36161728787042,1.5664058256207978,9.970000267028809,-0.0079601912624645,0
2017-10-23,225.47257490375944,225.49884452362673,224.19404880641375,224.2728576660156,63915300,-0.0038895754200957144,0.0032117500567028223,0.008505358416285302,223.7142135620117,218.2115628051758,1.0252170448077895,0.0023799036214425897,0.0024150778224640026,71.87027295774135,1.1159735813286265,11.069999694824219,0.11033093263128113,0
2017-10-24,224.7020425263694,224.9034341079754,224.3079713662895,224.66700744628903,66935900,0.0017574564500373313,0.00426683454719301,0.007619398787567011,223.88410186767578,218.40837463378907,1.0250710497849178,0.0023219535371765436,0.0024081617126702694,72.42734783388224,1.1557445654965632,11.15999984741211,0.008130095308852558,0
2017-10-25,224.3342187766771,224.4480627327108,222.42522132237863,223.5548553466797,103715300,-0.004950224388755586,-0.001681502208296104,0.0010587345911241552,223.90774536132812,218.58346588134765,1.0243581071354713,0.0029105625357640184,0.0027323713642656497,54.28582265937443,1.7563527577274896,11.229999542236328,0.006272374173952322,0
2017-10-26,224.16788645434696,224.4393348526999,223.72127600558753,223.8438720703125,69798000,0.001292822395579929,-0.0006644601557563856,0.0038488154893114856,223.99356842041016,218.75684417724608,1.0239385618441317,0.0028734120008718734,0.0027327352446472226,58.45764985770495,1.1574648339504445,11.300000190734863,0.0062333616519982815,1
2017-10-27,224.58816442841805,225.8316557049051,223.8525882021322,225.67401123046875,85562500,0.008175962751311605,0.0023336639255568947,0.010825776058246417,224.23526153564453,219.03391998291016,1.0237467400169808,0.0037922685894222125,0.0031249852359101515,70.75008125671916,1.4189068120047352,9.800000190734863,-0.1327433605912578,0
2017-10-30,224.5881666867543,225.57770044809095,224.5356274360579,224.83335876464844,54285700,-0.0037250743283939736,0.0024991927443469564,0.005718969583488054,224.3631118774414,219.30080474853514,1.0230838511272726,0.004081602499934039,0.003227922030258916,61.39023481177778,0.9037849763688707,10.5,0.07142855057563491,0
2017-10-31,225.20989389233412,225.43758178950736,224.88589294569937,225.18362426757812,60304800,0.001557889384627975,0.0022994779124949627,0.006576123951485657,224.5102279663086,219.5713848876953,1.0224931089319285,0.004093446860805929,0.003218525897832062,61.39009090604131,1.0094615679356245,10.180000305175781,-0.030476161411830405,0
2017-11-01,225.96296859219376,226.30447366503012,225.11354854836372,225.4813232421875,54202700,0.0013220276366794348,0.008617428114098935,0.006921435681399135,224.66522064208985,219.80365295410155,1.022117774762385,0.004097824949511443,0.0032194227722761237,65.30575576596614,0.9086481137899342,10.199999809265137,0.00196458776913655,0
2017-11-02,225.41135195020655,225.7090833246354,224.34300914834495,225.5689697265625,56449500,0.00038870839994520345,0.007706700390297527,0.00703711943919938,224.82284698486328,220.05300872802735,1.0216758602138958,0.004096665498736103,0.0029902367788266736,64.50558540480293,0.9519571873488576,9.930000305175781,-0.026470540111589225,0
2017-11-03,225.7265625948691,226.3658258047985,225.3149872971758,226.32205200195312,59589700,0.0033385898614668452,0.0028715790885756043,0.005211944314660766,224.94019317626953,220.32736053466797,1.0209362678807008,0.003913117022835244,0.003022496456416751,66.42395393529702,1.0230773872920238,9.140000343322754,-0.07955689200142912,0
2017-11-06,226.1906720647358,226.80366563440188,226.12062863696988,226.6723175048828,49652600,0.001547641954601442,0.008179207704490876,0.010698841865387276,225.18013916015624,220.59878326416015,1.0207678203306774,0.0035961884602896035,0.0029701340789917404,67.17464792224087,0.8424544971140869,9.399999618530273,0.028446309129240177,0
2017-11-07,226.7773751900004,227.1101415701888,226.00676393565465,226.51467895507812,57502200,-0.0006954468527075042,0.005910974618289044,0.008224044686360177,225.36490631103516,220.86688018798827,1.020365326477281,0.0036276487818532833,0.002964544094525284,65.09696772973868,0.9638275126524759,9.890000343322754,0.05212773879549304,0
2017-11-08,226.33953582279315,226.99630315000863,226.05930868277113,226.89996337890625,50469600,0.0017009247506849512,0.006291608175436281,0.014963253770709173,225.6994171142578,221.13780334472656,1.0206279238580491,0.0030078585345049845,0.0029664783639323975,66.37041313963428,0.8439728913156809,9.779999732971191,-0.011122407131747947,0
2017-11-09,225.69153761889893,226.26949608312867,224.49182016688687,226.07684326171875,95085500,-0.003627678492891362,0.0022515221653576223,0.009975574362405704,225.92271423339844,221.37204864501953,1.020556640353797,0.003418243856228143,0.003089294344367868,55.430385306163075,1.528680104972513,10.5,0.07361966121547847,0
2017-11-10,225.69156988015263,226.181954091306,225.37630761644823,226.00680541992188,59984700,-0.00030979661953167703,-0.001392911469486502,0.0014746677636410244,225.95599365234375,221.57909942626952,1.0197531907901387,0.002313052518712229,0.0030945249772254568,61.19954900615803,0.9603658390150793,11.289999961853027,0.07523809160505013,0
2017-11-13,225.32375542754016,226.44463737783505,225.2887203504871,226.21694946289065,50228600,0.0009298128991219734,-0.0020089265729695827,0.006153849703817826,226.09435272216797,221.7842547607422,1.0194337418861201,0.0018731755169098432,0.00309091508178849,60.25481307986671,0.7965131320893607,11.5,0.018600534885431896,0
2017-11-14,225.41133166696056,225.7966373460059,224.63195485854897,225.69155883789065,61315200,-0.002322507779578098,-0.003633848901027359,0.0022556461286411533,226.14514617919923,222.009921875,1.0186263040375625,0.002049805313313157,0.0031587177659177144,65.32701708146271,0.9499117056734944,11.59000015258789,0.007826100225033938,0
2017-11-15,224.7195226648228,225.2449419140767,223.8525982741104,224.56190490722656,80811500,-0.0050052998724489095,-0.010304358083016996,-0.00407758089113841,226.05320434570314,222.19835845947264,1.0173486695084364,0.002581828925064918,0.0033811059593040356,54.59628093603668,1.2143983403580838,13.130000114440918,0.13287316148215633,1
2017-11-16,225.50762212937235,226.83868769595327,225.46384833002168,226.47088623046875,67777000,0.00850091347430837,0.001742960327404397,0.003998406806572596,226.14339599609374,222.4254965209961,1.0167152576177196,0.0038312356031870824,0.0038635225687451303,55.049993231090525,1.0140468461605041,11.760000228881836,-0.10434119372568007,0
2017-11-17,226.12060583091156,226.4446067590248,225.7265347581667,225.8053436279297,75756800,-0.0029387556767971335,-0.0008913970161998908,-0.0022830668485587235,226.09172515869142,222.64437713623047,1.0154836518523511,0.003811510678201063,0.003779201905988513,56.29952095950501,1.1449305928296298,11.430000305175781,-0.028061217456067378,0
2017-11-20,226.0505564728234,226.38329611732837,225.80533769698383,226.19064331054688,48075500,0.0017063355385071866,-0.0001162872738149634,-0.0021249802341900548,226.0435577392578,222.82513061523437,1.0144437349375142,0.00382001826475067,0.003669764044696089,56.497076138533885,0.735378641109357,10.649999618530273,-0.06824152806822803,1
2017-11-21,226.96121057201017,227.85443101402623,226.15559115347804,227.67051696777344,69176800,0.006542594492711995,0.008768418899105734,0.005102706888698183,226.15914154052734,223.02084259033202,1.0140717742509837,0.004363994990220218,0.003908908781366677,62.25483245496392,1.056340619794308,9.729999542236328,-0.08638498678377493,0
2017-11-22,227.67938005238835,227.81072819609295,227.3028397991232,227.46922302246097,45033400,-0.0008841458612797171,0.012946622074814895,0.002508857361973593,226.2160675048828,223.21043670654296,1.0134654581689269,0.004362679172379169,0.0037013625973559687,60.50373389247549,0.7199225809937683,9.880000114440918,0.015416297971388548,0
2017-11-24,227.95959003561677,228.0997036196381,227.81947645159548,227.99459838867188,27856500,0.0023096547270442525,0.006728070806648834,0.00848275789454922,226.40784301757813,223.41193359375,1.0134098003434133,0.004174907856652132,0.0037143677894845065,59.483811798093065,0.4607728193907507,9.670000076293945,-0.02125506434357527,0
2017-11-27,228.03843138162165,228.33616276857973,227.6793952821888,227.8808135986328,52274900,-0.0004990679202192538,0.009191412113448427,0.008291821899915952,226.59524383544922,223.60528686523438,1.0133715844206175,0.004181188887281504,0.0033073558225127017,57.04135193957241,0.8891550264102085,9.869999885559082,0.02068250338026756,1
2017-11-28,228.34484305529307,230.2188050210911,228.248503296773,230.19253540039065,98971700,0.010144433685538301,0.017692562483008656,0.017574217789335655,226.99280242919923,223.83559295654297,1.0141050376794598,0.0051156187313498,0.0037947662236767505,67.12940721642167,1.6217966911130934,10.029999732971191,0.016210724343189487,0
2017-11-29,230.3238603095176,230.85804484186977,229.605815174705,230.05239868164065,77512100,-0.0006087804650409812,0.010461968223159923,0.019322122042155332,227.42888641357422,224.05871704101563,1.0150414561730337,0.0049910171893874,0.0038144470624342196,65.02539651139799,1.2524915641702752,10.699999809265137,0.06679961058139239,1
2017-11-30,230.97193141811024,232.97724165581693,230.89312254939043,232.06654357910156,127894400,0.00875515712508701,0.02021073662429762,0.033419019468041045,228.17935028076172,224.32054840087892,1.0172021774527173,0.004758968520138225,0.004183812739161493,75.63780858492771,1.950474684581928,11.279999732971191,0.05420560131261243,0
2017-12-01,231.84757702897917,232.32919559859695,228.3448187803415,231.58485412597656,164390900,-0.0020756522922090737,0.01574710875906038,0.02258112722844019,228.6907470703125,224.58447967529298,1.0182838431264547,0.004649393517822582,0.004252399565813528,73.06306772370475,2.3164094567719133,11.430000305175781,0.0132979233825814,0
2017-12-04,233.2049960822589,233.6340756201483,231.2521978092026,231.3047637939453,94040600,-0.001209450130442824,0.01502517979132345,0.024354694524312492,229.24068908691407,224.8419338989258,1.0195637669170987,0.004463605673019495,0.004260676120749046,70.91516510206199,1.2937119383853672,11.680000305175781,0.021872265382774758,0
2017-12-05,230.4728240966797,232.18916879696056,230.34147595807508,230.4728240966797,77994500,-0.0035967253056955473,0.0012176272171533498,0.018931732645782517,229.66890716552734,225.09168090820313,1.0203349419172487,0.004855390286378688,0.004385558581350669,69.17179697088721,1.052449127363691,11.329999923706055,-0.02996578530178895,0
2017-12-06,230.56911029424256,230.94567721294945,230.05245652663484,230.51657104492188,75898600,0.0001898139115257269,0.002017681041107444,0.01250075817920382,229.9535125732422,225.3396759033203,1.0204750302024106,0.004586860694952046,0.004373688408029056,76.15453389041039,1.0116112185088548,11.020000457763672,-0.027360941573685515,0
2017-12-07,231.2433929443359,231.55862841900824,230.25385927562056,231.2433929443359,77218600,0.0031530136689061905,-0.0035470456967662267,0.016592002521159888,230.3309295654297,225.58521911621094,1.0210373288986367,0.004555463856509616,0.004399918191303387,73.39128847991893,1.0111793521865873,10.15999984741211,-0.0780399795487926,1
2017-12-08,232.19791301203568,232.5131485158571,231.20837925182036,232.50440979003903,76563900,0.005453201622961368,0.003970707270702034,0.019780343189004457,230.78191070556642,225.85072875976562,1.0218338102023397,0.004711357889505271,0.004370277362695299,81.02299643295262,1.0149139415110073,9.579999923706055,-0.05708660752133654,0
2017-12-11,233.20492553710935,233.26623023081655,232.47811483320623,233.20492553710935,83077500,0.0030129138096903763,0.008214970206392946,0.02336358140204786,231.31432189941407,226.11483612060547,1.0229948899772119,0.004637118774336875,0.004364541491499436,81.56131307278046,1.0846554111350253,9.34000015258789,-0.025052168374686046,0
2017-12-12,233.99307158457145,234.08941136214892,233.23999115956917,233.6165313720703,85195800,0.0017649963182080342,0.013640251460067532,0.014874487418647497,231.65672149658204,226.3680862426758,1.023362989640848,0.0037360205449885812,0.0043620093323409655,79.60017379784775,1.087488277332372,9.920000076293945,0.06209849188764216,0
2017-12-13,233.8616563331479,234.299501121718,233.5026203996494,233.59019470214844,102905400,-0.00011273461585614708,0.013333634294896646,0.015378218357130047,232.0105010986328,226.61135162353514,1.0238255914208003,0.0037083392629395514,0.004284192826959401,81.0113332405646,1.279578599306751,10.180000305175781,0.026209700290543703,0
2017-12-14,233.8879567753092,234.0018007111688,232.5831876850725,232.63572692871097,100666700,-0.0040860780764129245,0.006021075744681692,0.0024526730171055,232.06741943359376,226.8302737426758,1.0230883894133953,0.003103804444388653,0.004212461992150265,72.53408328159678,1.236477768955935,10.489999771118164,0.030451813030375918,1
2017-12-15,233.64002443939071,235.03948485061713,233.58721663976172,234.572998046875,144610300,0.008327487543466239,0.00889698504516101,0.012903019639069147,232.3662338256836,227.06167083740235,1.023361772018668,0.0038834545806744713,0.0041980442629883765,77.60459217391865,1.696194197822094,9.420000076293945,-0.10200187971121033,1
2017-12-18,235.97249439112693,236.4125773620688,235.86687877578615,236.06051635742188,83653600,0.006341387640233176,0.01224498502223148,0.020560547415759967,232.84180908203126,227.3278973388672,1.0242553237315382,0.004073001956577953,0.004163217056266342,75.97071773953923,0.9766845141804927,9.529999732971191,0.01167724583719143,0
2017-12-19,236.3069918222023,236.35098938068305,235.08354811421697,235.1539764404297,82382900,-0.003840286088418021,0.006581062818327599,0.020311081630111527,233.30992431640624,227.58334838867188,1.0251625436055822,0.004111036196899683,0.004379177853170698,71.1443232857792,0.9429634232236115,10.029999732971191,0.05246589863692619,0
2017-12-20,236.1220518221649,236.17485961736992,234.73140178088948,235.03065490722656,76751500,-0.0005244288660131158,0.006166612459546306,0.019582470109817063,233.7613327026367,227.82459899902344,1.0260583524768487,0.004152370422869355,0.004273284631320476,64.56869009584673,0.8747139000662034,9.720000267028809,-0.030907225742323297,0
2017-12-21,235.65561553749097,236.2277448756455,235.2683403826782,235.51478576660156,67032300,0.0020598626147985133,0.012375824108791678,0.018471415627835164,234.18847198486327,228.06852630615234,1.0268338020060501,0.0041314868135205254,0.004233706054553861,69.31108945040125,0.7544890020652344,9.619999885559082,-0.010288104806842169,0
2017-12-22,235.5323519502944,235.56756610002768,234.91622520232937,235.45314025878903,78720900,-0.0002617479306527004,0.0037521036915688644,0.01268247114716159,234.48334503173828,228.31787628173828,1.0270038809505742,0.003968129970153722,0.004254742047232958,70.83171145105074,0.8613934532110421,9.899999618530273,0.029106001694605865,0
2017-12-26,235.04828793137565,235.39156551824624,234.9074850275904,235.17152404785156,45244400,-0.0011960605436306393,-0.0037659508811048736,0.008432920128992993,234.6800048828125,228.5561651611328,1.0267935879890284,0.003985682403936102,0.004275809200314139,74.97566783677351,0.4969927939757677,10.25,0.035353575248085356,0
2017-12-27,235.33874224882416,235.6468056592384,235.01308519172568,235.2859344482422,57751000,0.00048649767804098687,0.0005611557576443715,0.007145911577263631,234.8469451904297,228.79078674316406,1.0264702898813147,0.00397345889061785,0.0037741364476927865,75.1622527165558,0.6490678114638451,10.470000267028809,0.021463440685737467,0
2017-12-28,235.7875942590208,235.8139981547031,235.4003192153301,235.7699737548828,45116100,0.0020572386010906385,0.003145627313799082,0.009331637637931767,235.06492309570314,229.0319369506836,1.0263412440437012,0.003982209177572107,0.0037575914049747896,74.50924340866001,0.5164655068350308,10.180000305175781,-0.02769818094143406,0
2017-12-29,236.35091589331208,236.3685095391268,234.68741653613384,234.8810272216797,96007400,-0.0037703975576097726,-0.0026909501365657285,0.009651571246650281,235.289453125,229.2509295654297,1.0263402358761073,0.003938987592037226,0.0034711225241116947,63.40848203524789,1.1194743260482354,11.039999961853027,0.08447933505856575,1
2018-01-02,235.74364692993703,236.5974089834825,235.356371759636,236.56219482421875,86655700,0.007157528313056938,0.004710298466228835,0.008480075686061017,235.48837280273438,229.5023193359375,1.026082758048448,0.003706628118124421,0.0037016711999521973,67.0540652826353,1.0583981791130401,9.770000457763672,-0.11503618736210486,1
2018-01-03,236.7293974037698,238.20809643270977,236.7293974037698,238.05845642089844,90070400,0.006325024156085046,0.01227585858762148,0.008463677426052252,235.68816680908202,229.76051666259767,1.0257992549485302,0.0037039376040233054,0.0038383209690757217,70.32420310658583,1.1027785132390684,9.149999618530273,-0.06345965303826762,0
2018-01-04,238.70095378809887,239.5459053575724,238.1200411901714,239.06179809570312,80636400,0.004214686131673195,0.016047978627857784,0.0166181398011076,236.07894897460938,230.05629547119142,1.0261790423560573,0.003437010348524016,0.0036927458585979105,72.98089555682317,0.9856790236941462,9.220000267028809,0.007650344417148736,1
2018-01-05,239.8539988745469,240.77816225162655,239.3611081587005,240.6549530029297,83524000,0.0066641969562564185,0.020719259413098712,0.023930061795229163,236.6413787841797,230.3760543823242,1.027196074777189,0.0036741507747112736,0.0038222071180865212,81.9660066030689,1.0162400820350692,9.220000267028809,0.0,0
2018-01-08,240.5581318487428,241.25347040718765,240.26768893019437,241.0950469970703,57319200,0.0018287344126894922,0.026456031161366855,0.023693889164134507,237.19940490722655,230.72685821533204,1.0280528532393651,0.0036770700725923386,0.0038155880820061596,79.5217170886959,0.7059512943462636,9.520000457763672,0.03253798069916325,0
2018-01-09,241.5174957036349,242.26564202295057,241.2358361946289,241.64073181152344,57254000,0.002263359705020118,0.02146808365165187,0.026279503199377885,237.8181640625,231.08279541015625,1.0291469931389263,0.003562667268069531,0.0037336186279487153,77.612923003508,0.7136342291154265,10.079999923706055,0.05882347048478298,0
2018-01-10,240.88378200827157,241.53512299871895,240.2148742312453,241.27105712890625,69574300,-0.0015298525204994196,0.013495007723345775,0.02593652911741806,238.42811737060546,231.394736328125,1.03039559652086,0.0036035461505355974,0.00380218257827712,81.96805499070996,0.8745586231373647,9.819999694824219,-0.025793673695410413,1
2018-01-11,241.82557960963317,243.03140258789065,241.65834594076944,243.03140258789065,62361500,0.007296131910442538,0.016604930289189745,0.03291938448344567,239.20266418457032,231.75869720458985,1.0321194719756694,0.0038039774061953266,0.004002396285475502,85.70323533056701,0.7953065797410852,9.880000114440918,0.006110022554106864,1
2018-01-12,243.29547378514889,244.78292946823333,242.99619373709777,244.61572265625,90816100,0.00651899323087024,0.016458292687921983,0.03751855573671836,240.08723907470704,232.14733917236327,1.0342019853884632,0.003908668063597701,0.004093136704107482,86.98153896138521,1.1671905133487563,10.15999984741211,0.0283400536161873,0
2018-01-16,245.87430929487635,246.5256233589057,243.084172029904,243.77951049804688,106555100,-0.003418472652218729,0.011134461426779874,0.037885066246618804,240.97708740234376,232.51330291748047,1.0364012913612393,0.0038348522531608687,0.004040557946778707,81.83041031869102,1.364309464864823,11.65999984741211,0.14763779749288775,1
2018-01-17,244.7125295970506,246.49045508517855,243.7795558709453,246.10317993164065,113258800,0.009531848795850228,0.018467284412951868,0.04033182527119972,241.93118591308593,232.92398712158203,1.0386701211103788,0.0041324586675626435,0.0041420319607911,86.14649376230463,1.4798440646465871,11.90999984741211,0.021440823608199766,0
2018-01-18,245.9887826104511,246.41124506409105,245.19661178881137,245.6895294189453,100728000,-0.0016808011696973768,0.018313312597948217,0.03205545861624337,242.6942932128906,233.31133666992187,1.0402164621612164,0.00439270173621298,0.00412971657555429,83.73286417402684,1.301597146844472,12.220000267028809,0.026028583004898964,0
2018-01-19,246.2703511928904,246.80726623535156,245.6894654703297,246.80726623535156,140920100,0.0045493872655040235,0.015536525762737119,0.03239943897915354,243.46884002685547,233.71403564453124,1.0417382052191373,0.004402819079104995,0.003925322550826832,84.37496435808423,1.75459560036586,11.270000457763672,-0.07774139022143589,1
2018-01-22,246.59604839071403,248.8140563964844,246.54321373437313,248.8140563964844,91322400,0.008131001131948867,0.017162975848997952,0.03390374181683842,244.28475036621094,234.16002319335936,1.0432384957721457,0.004552842837964369,0.004057523202023822,90.5687889808963,1.126833207464568,11.029999732971191,-0.021295538158310312,0
2018-01-23,248.85808626496785,249.63263651822,248.532429194971,249.3421936035156,97084700,0.0021226180493179037,0.022818501415906578,0.03420703456651886,245.10946502685547,234.60886779785156,1.0447578871487997,0.004542876600127346,0.004056894982771592,89.8899436668551,1.1761281055023547,11.100000381469727,0.006346387143536081,0
2018-01-24,249.98466681779405,250.5831999422078,248.06591192799587,249.24533081054688,134816100,-0.00038847333284774965,0.012767615923447329,0.03147068353093263,245.86992492675782,235.07223754882813,1.0459334861935232,0.00469020802192191,0.0040621302840487825,88.25965567807623,1.5795531347485556,11.470000267028809,0.03333332187778648,0
2018-01-25,250.10787806865525,250.20468339855188,248.5587779061144,249.35092163085935,84587300,0.0004236421198706708,0.014902516279685196,0.03348874331675922,246.67791137695312,235.53911987304687,1.0472906220839662,0.004512654843253957,0.003992599400972187,87.49154879459121,0.9687277286577911,11.579999923706055,0.00959020524118448,1
2018-01-26,250.18724639010728,252.2820462776213,249.9319906670339,252.2380218505859,107743100,0.011578462196344397,0.022004034557295604,0.03788242656981633,247.59857330322265,236.05954132080078,1.0488818707257443,0.0050982890933068,0.004385063752636069,88.56942524997966,1.199577565783786,11.079999923706055,-0.04317789320329979,0
2018-01-29,251.66574349874924,252.10582629863956,250.4071131375883,250.56553649902344,90118300,-0.006630583840184001,0.00703931332459784,0.024323104738179557,248.1935546875,236.55702087402344,1.0491912426462011,0.005929066037693114,0.004931165286756438,79.14308735723299,0.978827035273901,13.84000015258789,0.24909749529661251,0
2018-01-30,248.7348805420454,250.61842153870128,247.5202473422567,247.99554443359375,131796400,-0.010256765959670178,-0.00540080742236182,0.017294455661730712,248.6151580810547,237.02569366455077,1.048895392888949,0.006978907117405507,0.005575233278197462,67.38894256503704,1.404224155882941,14.789999961853027,0.06864160395890595,0
2018-01-31,248.8492659751229,249.3509400261391,247.04491011620485,248.11871337890625,108364800,0.0004966578959868517,-0.004520114491119442,0.008189790346575077,248.81671142578125,237.45865020751953,1.047831743372312,0.006420282881518391,0.005495523526904205,68.99376648529324,1.1413723351647918,13.539999961853027,-0.08451656546477693,0
2018-02-01,247.3881699088178,249.1396909868052,247.04489240641504,247.8370361328125,90102500,-0.0011352519213800871,-0.006071305003187533,0.008740733554848834,249.03146209716797,237.8992840576172,1.0467936592732858,0.006398816687629782,0.00546834859709337,64.52081700401123,0.9490052336555105,13.470000267028809,-0.005169844536294876,0
2018-02-02,246.51682600867105,246.64887236739563,242.40646675517465,242.44168090820312,173174800,-0.021769769800337957,-0.038837685415189616,-0.01768823662989516,248.59490356445312,238.2243048095703,1.0435329164384497,0.009423722766990252,0.007595002728417794,44.6605856649253,1.7392078974742413,17.309999465942383,0.2850778858789582,0
2018-02-05,240.68136600719663,242.79375870651555,231.75647126237143,232.3021697998047,294681800,-0.041822474874844695,-0.0728885821825298,-0.06636235442570049,246.94371490478517,238.31693786621094,1.0361987574857865,0.015123960899360855,0.012039242586817938,30.652946559796163,2.675788335975009,37.31999969482422,1.1559792516603906,1
2018-02-06,228.79033186749533,237.38075985985745,227.6989347198052,236.87905883789065,355026800,0.019702308601035723,-0.044825344024193914,-0.04998405839583986,245.69740142822266,238.50513458251953,1.0301556059088308,0.017153844315908415,0.012943935301273862,35.5489013558184,2.839888494396383,29.979999542236328,-0.196677390477199,0
2018-02-07,236.32458116857907,239.72200918170705,235.51481659510125,235.59405517578125,167376100,-0.005424724618602994,-0.050478490850459856,-0.05477043678359639,244.3322738647461,238.65712371826172,1.023779512876322,0.017077816632040718,0.012962290384204852,34.60412727238031,1.2823745244519154,27.729999542236328,-0.07505003450150693,0
2018-02-08,235.8932514181772,236.03408117347925,226.72191170053435,226.7571258544922,246449500,-0.03750913542659495,-0.0850555292592503,-0.09061043620209741,242.07289428710936,238.6346499633789,1.0144079844408935,0.019640370184894406,0.015298735589126353,25.25009719095533,1.7683844367215944,33.459999084472656,0.20663539981343337,1
2018-02-09,229.5472489990059,232.0205129539918,222.6115510503879,230.1633758544922,283565300,0.015021578647921974,-0.05064436530763017,-0.08751514079495004,239.8654296875,238.63406677246093,1.0051600466425157,0.020072045969680187,0.01566510486714522,27.746448563385414,1.8851017521093651,29.059999465942383,-0.1315002910616373,1
2018-02-12,232.214199323696,235.0131478028692,230.30425401924137,233.5432586669922,143736000,0.014684711674705087,0.005342562526458705,-0.06793543146384617,238.16320190429687,238.70388397216797,0.9977349255534772,0.021429565320596578,0.016017676539313075,32.35020072106167,0.9390189396192516,25.610000610351562,-0.11871985268389751,0
2018-02-13,232.33734911294388,234.66978292825416,231.75643650715455,234.12408447265625,81223600,0.002487015934346637,-0.011630299355080531,-0.05593431120957859,236.77605590820312,238.74503479003906,0.9917527965196532,0.021579641271293616,0.016048235618152995,33.287991603066814,0.5350563641942607,24.969999313354492,-0.024990288236790614,1
2018-02-14,232.63664543929073,237.6447915281146,232.62783518497517,237.2839202880859,120735700,0.013496415042249632,0.007172783332940247,-0.043667778795363765,235.69257659912108,238.85901611328126,0.9867434792050787,0.022360263294931074,0.016220363900621548,37.506962754201744,0.7933864670613786,19.260000228881836,-0.22867437891433284,1
2018-02-15,239.0266414316785,240.3204862790797,236.56216098587512,240.31167602539065,111200300,0.012760054426059542,0.05977563051137058,-0.030364146637829825,234.9400405883789,239.03915435791015,0.9828517056942324,0.02299643368144166,0.016539363411463514,37.688440786284055,0.7282211386833168,19.1299991607666,-0.006749795772083567,0
2018-02-16,239.68672275896623,242.32721978062207,239.64269835895715,240.3820343017578,160420100,0.0002927792670370799,0.04439741296515298,-0.008495431143398013,234.73407592773438,239.23733856201173,0.9811765894849642,0.022015680112707308,0.016491863815758546,39.127957212059144,1.0438832850456818,19.459999084472656,0.017250388822956486,0
2018-02-20,239.43147707891688,240.87496173674327,238.08482461668896,238.87696838378903,86369700,-0.006261141446533558,0.022838208849359942,0.028302785934588792,235.3915557861328,239.40454650878905,0.9832376169075431,0.016900762799078185,0.016377479791360512,40.03837325407527,0.5629307356523939,20.600000381469727,0.058581775469182196,0
2018-02-21,239.31717078162168,241.79924577082676,237.59205264879805,237.68885803222656,98883700,-0.00497373338083229,0.015226001065202777,0.0034186187597533557,235.4725357055664,239.53345581054688,0.9830465431593307,0.01595390084133769,0.016362456684058554,38.86495093144087,0.644115457153578,20.020000457763672,-0.02815533558085659,0
2018-02-22,238.6129376757864,240.3292447538347,237.3279032153124,237.9968109130859,110511300,0.0012956134478023795,0.0030043781480619813,0.01019871123450855,235.7128112792969,239.64330383300782,0.9835985713314574,0.01581957201152685,0.016376929442266045,39.500338489201695,0.7255999055306431,18.719999313354492,-0.06493512061359841,1
2018-02-23,239.2202901893166,241.7903594970703,238.7449930968572,241.7903594970703,92766400,0.015939493346277533,0.0061531902907765446,0.06629663163143462,237.21613464355468,239.81501251220703,0.9891629892498074,0.008775311896498519,0.016866794204426702,49.280433766022725,0.6074585604788507,16.489999771118164,-0.11912391154018309,1
2018-02-26,242.8641557031754,244.69491570673415,242.2744596276138,244.59808349609375,86491400,0.011612224758934087,0.01753895296951935,0.06271505007263656,238.65960540771485,240.0346435546875,0.9942715012857742,0.008467156638120785,0.016868163315839617,66.21034492886214,0.5703366755198535,15.800000190734863,-0.04184351667437969,0
2018-02-27,244.7828723804004,245.49583131620943,241.48225097241271,241.5438690185547,99099200,-0.012486665610312642,0.011164327196587998,0.03425750928212623,239.45966644287108,240.19371704101562,0.9969439225672202,0.009689542648160233,0.017013937458357765,56.40709768092622,0.6515450453675595,18.59000015258789,0.17658227393497672,0
2018-02-28,242.64411317159696,243.09300634693332,238.78019908798584,239.0970458984375,121907800,-0.01012993262904649,0.005924500954184397,0.02124070847722659,239.95696258544922,240.32294342041016,0.9984771290258346,0.010602415125352514,0.017010600584684624,54.66253811114929,0.8041181406811968,19.850000381469727,0.06777838722644836,0
2018-03-01,238.88584580420968,240.43494648514263,234.124144749757,235.6204376220703,176855100,-0.014540573946881685,-0.009984895519811965,-0.0070105157736604085,239.79061431884764,240.34389221191407,0.9976979739823029,0.010970569932301538,0.01723981666126543,63.76078848318759,1.1407882745441162,22.469999313354492,0.13198986808738677,1
2018-03-02,233.94810912087289,237.3983716162241,233.08556364243583,236.8350524902344,139083200,0.005154963976903737,-0.02049422903850706,-0.014467143638867253,239.44295196533204,240.3593829345703,0.9961872469547497,0.010172278761000136,0.01732201620169055,61.11452586818295,0.8831919198307775,19.59000015258789,-0.12817086109366038,1
2018-03-05,235.646854823385,240.18851464468656,235.5412123396511,239.5723876953125,97307400,0.011557981710460519,-0.020546750526201585,-0.0033681660478376285,239.3619873046875,240.44775115966797,0.9954844083600537,0.01097395446199992,0.01693123249528268,60.26382411448622,0.6331633140409978,18.729999542236328,-0.04389997976788962,0
2018-03-06,240.54929630838225,240.62853486564217,238.68334915728695,240.1796417236328,79213200,0.002534741312060662,-0.005647948343566078,0.005453323309725144,239.49225463867188,240.55073089599608,0.9955997795002259,0.010792574287426797,0.013852893089547565,60.29954712378184,0.5542830860782043,18.360000610351562,-0.01975434815416921,0
2018-03-07,238.01440522554475,240.44364413738393,237.82076770947924,240.09158325195312,87063500,-0.00036663586908425305,0.004159555170489604,0.010108699413250655,239.73252716064454,240.64226684570312,0.9962195349263315,0.01062541686029996,0.01319616442312405,55.3326072604583,0.6722379252881517,17.760000228881836,-0.03267975825291858,0
2018-03-08,240.7693564135305,241.37667299607364,239.7747915704599,241.2534637451172,66901200,0.004839322051305661,0.023907205079052307,0.013683598614355308,240.05819244384764,240.75827331542968,0.9970921835335443,0.010693132426532146,0.013142569027240753,51.925194372235175,0.5374057408041406,16.540000915527344,-0.06869365414593254,1
2018-03-09,242.66179293491425,245.451904296875,242.34491918655516,245.451904296875,113625300,0.01740261253282327,0.03638334662051723,0.01514346894318197,240.42434692382812,240.96388092041016,0.9977609341511219,0.010921572796217973,0.009966893320054723,58.86724394041373,0.9641684960716761,14.640000343322754,-0.114873063303214,0
2018-03-12,245.7423320590852,246.3672423323109,244.7565236800756,245.143798828125,71924800,-0.0012552580092324295,0.023255648058649436,0.002231069533461749,240.47891845703126,241.16103820800782,0.9971715176048122,0.0103483304958981,0.009681393600476365,61.439717003467884,0.6705278175659573,15.779999732971191,0.07786880894223391,0
2018-03-13,246.30553000667655,246.80723082834845,242.95210133216895,243.55941772460935,91968900,-0.006463068252550386,0.014071867110475367,0.008344441588371776,240.68047332763672,241.31682708740234,0.9973629946678557,0.009676730956951832,0.009514714756377551,60.56352259279693,0.8785920654076962,16.350000381469727,0.03612171471128467,0
2018-03-14,244.51884067897245,244.70366796236553,241.75513423868796,242.3096160888672,105895100,-0.0051314034473316505,0.009238278188979487,0.013436260487276419,241.0017303466797,241.4653988647461,0.9980797724218611,0.00916052977231292,0.009651807327739003,57.50606818676741,0.9998483162752482,17.229999542236328,0.05382257738439855,0
2018-03-15,242.82012815022333,243.46263194836675,241.54387708563357,242.0455780029297,83433000,-0.0010896723382231022,0.003283328021558951,0.027269028296964315,241.6442443847656,241.57506652832032,1.000286361740222,0.007378352571603201,0.009261815413739797,50.506400397224276,0.801885473189126,16.59000015258789,-0.03714448094322875,0
2018-03-16,242.57314090417057,243.35963871372323,242.2550251394784,242.30804443359375,100343700,0.0010843677989476053,-0.012808455783984263,0.02310887635007086,242.19154357910156,241.66005828857422,1.0021993096181938,0.00734118279139062,0.008842311661248633,44.94562369414018,0.9694743737391694,15.800000190734863,-0.0476190448816719,0
2018-03-19,241.5569572533792,242.48482208147317,237.37708882052544,239.0295867919922,109208400,-0.013530122985661142,-0.02494132858086129,-0.0022657072818034196,242.13726348876952,241.6594140625,1.0019773673130976,0.008079775024691293,0.009379234234071615,44.505085537066066,1.0818859804652377,19.020000457763672,0.20379748279477994,0
2018-03-20,239.4272659095059,240.0723701132613,238.7556520517941,239.4361114501953,59757300,0.0017007294521949046,-0.016929364969480387,-0.0030957256331203276,242.0629104614258,241.63503723144532,1.0017707416725772,0.00805269751480031,0.009278665007015293,50.81357637498105,0.5999006444956755,18.200000762939453,-0.04311249606145551,0
2018-03-21,239.39185251338063,241.4861955710921,238.76443954354212,238.9765167236328,78709600,-0.001919487932621644,-0.013755538963059366,-0.004644338269660042,241.95140380859374,241.59266662597656,1.0014848844032693,0.008069489038760407,0.009214677199205306,59.41610426795123,0.7982451701155205,17.860000610351562,-0.018681326282152133,0
2018-03-22,236.74964866306777,237.5979844347918,232.72883860854253,233.0028076171875,148785900,-0.024997054892023862,-0.037359783476948016,-0.03419911987935831,241.12633819580077,241.41990814208984,0.9987839861735168,0.01091601022923704,0.010805042393329918,41.51409036049313,1.480206038738514,23.34000015258789,0.30683087093850103,0
2018-03-23,233.444711717504,233.77167314036947,227.8420858844209,228.0364990234375,183534800,-0.02131437232254041,-0.05889835578309688,-0.07095241458128387,239.38479766845703,241.15521697998048,0.9926585900413242,0.009481989386358514,0.010940638395567569,26.750616895178254,1.7470280453825142,24.8700008392334,0.06555272821949254,1
2018-03-26,231.6419474274861,234.55811720817164,229.2383066079222,234.27532958984375,141956100,0.027358912249240586,-0.01988982730529365,-0.04433507716791707,238.2979507446289,240.98009552001952,0.9888698493143065,0.01449717537524798,0.012493807878064558,40.301911571940224,1.3164967481980094,21.030000686645508,-0.15440289597940582,0
2018-03-27,235.21202078562465,235.74221375579825,228.7345513295718,230.28985595703125,129941400,-0.017011921997036716,-0.03819914814756986,-0.05448182579653682,236.9709945678711,240.69357818603515,0.9845339304595537,0.015035343301582349,0.01273092675482507,35.72758507911567,1.188081442407129,22.5,0.06990010772029942,0
2018-03-28,230.42241304991515,232.0926018744316,228.50479184044528,229.60940551757812,146452300,-0.002954756459529362,-0.03919678525102699,-0.052413151307339145,235.7009735107422,240.4101760864258,0.9804118001477996,0.01505677133720635,0.01259925492658295,32.80384888398139,1.3241856702484973,22.8700008392334,0.016444481743706607,1
2018-03-29,230.7493671899762,234.40786051928043,229.61824389857856,232.5432586669922,111601600,0.012777582620366434,-0.0019722893251583606,-0.03925838849996455,234.75074157714843,240.1389776611328,0.9775620095643621,0.016087584792575875,0.012642839286279609,30.196601136075813,1.039747069313195,19.969999313354492,-0.12680373500047992,0
2018-04-02,232.013079812993,232.5256357361147,225.04960334539643,227.52394104003903,186286300,-0.02158444693570305,-0.002247701510913802,-0.06101367137072666,233.27233123779297,239.77566589355467,0.9728774201021351,0.01688747290727089,0.013395744062634381,26.382918497666168,1.6982129347341446,23.6200008392334,0.18277424393490338,1
2018-04-03,228.76107132825464,230.9172793982048,226.96717978305335,230.44007873535156,119956900,0.01281683888729468,-0.01637069878935493,-0.03593491572286145,232.41338043212892,239.4483221435547,0.9706202087847241,0.01764592221598372,0.013465174622038292,33.02141682737751,1.0823703205233444,21.100000381469727,-0.10668926199096018,1
2018-04-04,226.8877050146509,233.6125817882093,226.7551567344579,232.9056396484375,123715300,0.010699358057057129,0.01135865789891466,-0.027274381304493445,231.7603332519531,239.13015380859375,0.9691807141873892,0.018163192672382606,0.013726499879923306,38.20099653208673,1.094311724573247,20.059999465942383,-0.04928914202488288,1
2018-04-05,234.6641421954918,235.62738914999005,233.5772194883386,234.7436981201172,82652600,0.00789185901403755,0.02236098556575028,-0.01771227843449874,231.33705139160156,238.8381838989258,0.9685932442423082,0.018467261378923305,0.013884021272377306,41.18657203519066,0.7325245978497777,18.940000534057617,-0.05583245073292675,0
2018-04-06,232.78187422548615,234.2752870709953,227.99225756873415,229.51220703125,179521200,-0.022285970318957182,-0.01303435607257375,-0.014980937876389877,230.9879913330078,238.44352142333983,0.9687325113895829,0.018102431708784263,0.014587154027313663,36.20952999905937,1.515413288605079,21.489999771118164,0.1346356475795858,0
2018-04-09,230.97036352715105,234.0367730552459,229.7066915895276,230.64340209960935,105442900,0.004928692390663736,0.01371047391896818,0.011431955355111434,231.248681640625,238.06937103271486,0.9713499919687166,0.01673924013382327,0.013949052830743273,40.52333675548038,0.8931720929854333,21.770000457763672,0.013029348051544432,1
2018-04-10,233.5329404908003,235.09709034906356,232.3929988613385,234.3105926513672,103529000,0.015899828559474916,0.016796183794316022,0.0001505197392537294,231.25220794677733,237.71082244873048,0.9728299518069012,0.015062619609627896,0.014576240454551921,44.60553151989929,0.8653766303339547,20.469999313354492,-0.05971525572226477,0
2018-04-11,232.8260584961061,234.743679746807,232.75537508521705,233.08233642578125,91140200,-0.005242000422121196,0.0007586625107509626,0.012125937797585973,231.53145599365234,237.36115844726564,0.9754395264509611,0.013997586175952256,0.014559799454679263,43.895309603467986,0.762085262721503,20.239999771118164,-0.011235933070416815,1
2018-04-12,234.40792676354783,235.94554075892185,234.23117774352397,234.99998474121097,68890500,0.008227342941709015,0.001091772103558819,0.023477170769557798,232.0705139160156,237.10124725341797,0.9787823413175663,0.014066870159274861,0.014718730848696154,52.258239943795495,0.5850923558480572,18.489999771118164,-0.08646245157063659,0
2018-04-13,236.3077423393593,236.42262644963864,233.30319923834267,234.3105926513672,85079200,-0.00293358355151796,0.02090688631417259,0.007600022441011101,232.24724731445312,236.82508483886718,0.9806699635406918,0.013651886143357274,0.014722279803890393,57.85383705893924,0.7220794590226238,17.40999984741211,-0.05840994792185128,1
2018-04-16,235.94548491535664,237.00592484828672,235.12365879979507,236.23709106445312,63405300,0.008221986002794113,0.024252542730131887,0.038295530503670294,233.11856231689453,236.5930859375,0.9853143484441328,0.01125489864667164,0.014874444335673037,52.75292259543775,0.5466994957851613,16.559999465942383,-0.048822538134374205,1
2018-04-17,238.00449228466616,239.36538401645197,237.49196335530033,238.7644805908203,64682000,0.010698529663479617,0.019008478827417408,0.036123932525768954,233.9510025024414,236.51954193115233,0.9891402655030569,0.011085462681264332,0.014800620117321635,62.39979459930115,0.5686228692905849,15.25,-0.07910625049454578,0
2018-04-18,239.2062738309207,239.7453122945607,238.48164087524708,238.9411773681641,57303900,0.0007400463289453096,0.025136357530243014,0.025914090053109184,234.55455627441407,236.65232208251953,0.9911356635352432,0.010822087643257906,0.01479653544911035,63.858235920872346,0.5043054457321106,15.600000381469727,0.022950844686539407,0
2018-04-19,238.28727897789233,238.49053762171857,236.58176177570863,237.61569213867188,77655900,-0.005547328610714497,0.01113067049915517,0.012234594758258943,234.84175567626954,236.66705474853515,0.9922874813555903,0.010927877866193586,0.014843478862169034,57.910766001699066,0.6837311167747354,15.960000038146973,0.02307690050475042,0
2018-04-20,237.54494556112175,237.765868283229,234.71712393090704,235.6008148193359,99953100,-0.008479563370587861,0.005506461117993355,0.026528470388753167,235.45061645507812,236.66718994140626,0.9948595600149335,0.008136709439956154,0.013813839108753584,63.8988638834243,0.8993843300075741,16.8799991607666,0.057644055164203234,0
2018-04-23,236.17520900721848,236.73193851944256,234.48735636327513,235.56546020507812,65558000,-0.00015006151097096687,-0.0028430372908365698,0.02134055455591599,235.942822265625,236.84335662841798,0.9961977638908158,0.00813727408344193,0.012817807659344921,59.79056914057326,0.6229606289889738,16.34000015258789,-0.03199046416031859,0
2018-04-24,236.59062968020777,236.8115524568593,230.89081125535256,232.39309692382812,112885500,-0.013467013706033981,-0.02668480525757544,-0.00818356398591047,235.7510726928711,236.88795104980468,0.9952007759284702,0.007917271115213328,0.011720965589571468,49.04667679306501,1.0877106583947,18.020000457763672,0.1028151951950691,0
2018-04-25,232.33124008188568,233.4093443478293,230.5108384969812,232.96749877929688,103840900,0.0024716820898385006,-0.02500062423172411,-0.0004926913306488867,235.73958892822264,236.87643585205078,0.9952006753236604,0.007810716509422754,0.011052799584756067,46.53333071259629,1.0133030984420697,17.84000015258789,-0.009988917902509331,1
2018-04-26,233.99249306006067,236.1663648637716,233.55064766274776,235.335693359375,67731900,0.010165343202322097,-0.009595320741553892,0.0014285474040933721,235.77315979003907,236.90066802978515,0.9952405864908566,0.008058257051035252,0.011216574571385796,62.79609030704066,0.6873431436730129,16.239999771118164,-0.08968611927044345,0
2018-04-27,235.94549734058813,236.24594904484871,234.6199608386747,235.55667114257812,57053600,0.0009389896621661009,-0.00018736640105265767,0.005318062991138461,235.89776763916015,236.866123046875,0.9959118028561509,0.007985149227180275,0.010886081286077157,61.245892753364025,0.595460735938855,15.40999984741211,-0.05110837040663996,0
2018-04-30,236.17522120754387,236.73195074852745,233.67436104218984,233.7450714111328,82182300,-0.007690717153787552,-0.007727740698320162,-0.010548807734177545,235.64856567382813,236.73479095458984,0.9954116364714214,0.007873209466467938,0.009775828661872224,48.585428485932916,0.9069992046044869,15.930000305175781,0.03374435190867309,0
2018-05-01,233.17947437387755,234.26642370716084,231.62417002084163,234.1603851318359,74203400,0.0017767806533666164,0.007604736248198574,-0.01928299991519511,235.1881561279297,236.6103579711914,0.9939892663387336,0.006833014960803855,0.009401476939225328,52.81090384497549,0.8401526086533905,15.489999771118164,-0.027620874176295995,0
2018-05-02,233.96603442039367,234.7790150265446,232.19865244584616,232.5874786376953,86368900,-0.006717218598931818,-0.0016312152707685934,-0.026591058102467202,234.55278625488282,236.48456817626953,0.9918312558984956,0.006916363968388586,0.009245816046520545,43.59447646859583,0.9990154881759974,15.970000267028809,0.030987766494718016,0
2018-05-03,231.75675913284152,232.7287974437908,228.92009223195615,232.0748748779297,136311500,-0.002203918124776272,-0.013856030230254168,-0.023318397917543976,233.9987045288086,236.3722885131836,0.9899582814918567,0.00684222665997384,0.009064503023843627,44.00761685392523,1.5292365815482152,15.899999618530273,-0.004383259068758805,1
2018-05-04,231.1028283116458,235.7598964903456,230.77586700224063,235.07943725585935,91222100,0.012946521589250137,-0.0020259833202936894,-0.0022129701201430985,233.94656677246093,236.31394104003905,0.9899820795287866,0.007966809863881456,0.007972111619282076,47.06666542942946,1.0767226294986763,14.770000457763672,-0.07106913131303927,0
2018-05-07,235.84830724288375,236.84685543367848,235.15900236383027,235.87481689453125,55304900,0.0033834504963792256,0.009111402736926344,0.0013132514808571472,233.97750244140624,236.1956301879883,0.9906089382567466,0.008046882378500686,0.007941801216206525,41.97347619511823,0.6726853903549719,14.75,-0.00135412709165883,0
2018-05-08,235.50365480335705,236.23710647767695,234.31066654300145,235.87481689453125,67499200,0.0,0.007321613182904807,0.014982028368270894,234.32567443847657,236.02116485595704,0.992816362810025,0.006488916971730657,0.007143487710918752,41.39823561892441,0.839400143868672,14.710000038146973,-0.0027118618205442813,1
2018-05-09,236.5464000313064,238.4816854756761,236.02502557830903,238.15472412109375,59666100,0.009665750912196458,0.023936135840186834,0.022265875579112526,234.84439697265626,235.9533819580078,0.9952999826654364,0.006987387197849712,0.007304475895472827,51.435241463145104,0.7568007117207516,13.420000076293945,-0.08769544245463712,1
2018-05-10,238.89699753938797,240.7085800870118,238.79095894501123,240.381591796875,72063900,0.00935050809510285,0.0357932625120001,0.02144127975434018,235.34898681640624,235.97907287597656,0.9973299070468784,0.006888574116023194,0.007366194134312309,62.58733027093187,0.9122176626465944,13.229999542236328,-0.014158012889526561,0
2018-05-11,240.5053633128291,241.3802088367515,239.9928073933571,241.1151123046875,59871500,0.003051483694443302,0.025675044654198897,0.02359704412168795,235.9048309326172,236.0889663696289,0.9992200591165136,0.006879866007137819,0.0073125795804029866,64.09356806725819,0.7701683837655351,12.649999618530273,-0.04383975387560857,0
2018-05-14,241.5480810072303,242.20200368035577,240.68205416781768,241.22996520996097,54790600,0.0004763405502692386,0.022703349115154703,0.0320216112093461,236.6533203125,236.17686462402344,1.0020173681670093,0.0059806651678579225,0.007138521524527878,76.56731823457375,0.7087362590880621,12.930000305175781,0.02213444229953576,0
2018-05-15,240.00161870440056,240.01928281464853,238.6230629980571,239.5686187744141,87036100,-0.006886982030200439,0.015660009527572738,0.023096279242679207,237.19414367675782,236.17678924560548,1.0043075970098585,0.006779564171138286,0.0069712592777646815,68.62825307943987,1.1097981113587712,14.630000114440918,0.13147716698696743,0
2018-05-16,239.6039959988271,241.03557113568027,239.57745937885375,240.57603454589844,53942600,0.0042051240961278324,0.010166963656675243,0.0343464573200305,237.9929992675781,236.18471710205077,1.007656220045542,0.005999147035004192,0.007028440891603764,66.01840130822244,0.689299756827176,13.420000076293945,-0.08270676887778083,0
2018-05-17,240.31087687124423,241.45084554749067,239.5950894849763,240.37274169921875,56536400,-0.0008450253453691214,-3.68168693372084e-05,0.0357551278467938,238.82278594970703,236.1903402709961,1.0111454417470696,0.005872182583485536,0.006897706280039817,64.7374466535305,0.7323261157139873,13.430000305175781,0.0007451735339034649,0
2018-05-18,240.02809795909215,240.3904144340995,239.4183491314095,239.77182006835935,64368000,-0.0024999574686024317,-0.0055711656705726975,0.01996083905625845,239.29202423095703,236.16070739746092,1.0132592625928498,0.005102489803896493,0.00660692326296615,69.91801203646638,0.8534394599338362,13.420000076293945,-0.0007446186637822816,1
2018-05-21,241.25649964856024,242.1136810367539,240.8676734332078,241.5746154785156,58025900,0.0075187960355069805,0.0014287207986563022,0.024164506660891094,239.86200408935548,236.08316162109375,1.0160064040243864,0.005387576446214117,0.006763542771131058,72.4450927877149,0.7732120074464391,13.079999923706055,-0.025335331643439485,0
2018-05-22,242.09598816766905,242.35226611864655,240.57603851018777,240.9029998779297,52966400,-0.0027801580031724393,0.005569932783108245,0.02131716751113255,240.3648223876953,235.99834564208984,1.0185021498084041,0.005593199912260223,0.0059046014580395705,76.62656959984365,0.7351409749794967,13.220000267028809,0.010703390224721554,0
2018-05-23,239.6304311661903,241.59222569863897,239.47134633634752,241.5656890869141,64694200,0.0027508549470958155,0.004113687146284795,0.014322474510671368,240.70591888427734,235.95847106933593,1.0201198447905961,0.004947617737188899,0.005906561905838156,80.10058208299381,0.9229901140608465,12.579999923706055,-0.04841152272280502,0
2018-05-24,241.16808183683872,241.44202385280352,239.2858159433283,241.07086181640625,76043800,-0.002048417026350946,0.0029043231451804097,0.002867399347757482,240.77484588623048,235.9336959838867,1.020519111872322,0.004173662322015888,0.0056240772856885266,72.59988396561326,1.0785196539889264,12.529999732971191,-0.003974577983950622,0
2018-05-25,240.4965057373047,241.1239188105329,239.99279538347892,240.4965057373047,56374800,-0.0023825197071679627,0.003022397163848334,-0.0025656067820465367,240.71298522949218,235.90271453857423,1.0203909086011445,0.004128283944479002,0.0056815473834619015,67.72880149562812,0.7999417654518435,13.220000267028809,0.0550678809866183,0
2018-05-29,238.87052932624067,239.63051766461524,236.61712790053176,237.7305603027344,115908600,-0.011500979717316673,-0.015912496303333912,-0.014506510019104635,240.36304473876953,235.81116485595703,1.0193030719541756,0.005427452920469189,0.0060426014824914815,55.87247414755505,1.60627339724275,17.020000457763672,0.28744327639782363,1
2018-05-30,239.03842474054292,241.34484539501017,238.9677413237785,240.9029998779297,69678400,0.01334468555980095,0.0,0.005569932783108245,240.4964828491211,235.84863311767577,1.0197069182466971,0.006777255667841198,0.006657065007327105,58.231877036705264,0.9686475858080139,14.9399995803833,-0.12220921395049544,0
2018-05-31,240.49644336457965,240.79689499733175,238.82628179308952,239.42718505859375,93519900,-0.00612617866977061,-0.008852681175060884,-0.004775411189536061,240.38159790039063,235.84845458984375,1.0192205766979916,0.006947907686712466,0.006620150573504566,47.0065967050932,1.2936545773973045,15.430000305175781,0.03279790753380385,1
2018-06-01,240.72628329573612,242.0783295298531,240.6555729092625,241.7778778076172,71258400,0.009817985992059297,0.002932813969650949,0.005845654954323765,240.52211151123046,235.90448181152342,1.0195741499451303,0.0076631385812999985,0.006811920925453001,51.887252367375275,1.0321531769406067,13.460000038146973,-0.12767337835813253,0
2018-06-04,242.59968964520831,243.1829289425689,242.36110278324185,242.92665100097656,45385200,0.0047513577494193715,0.0101047009237063,0.013157638506967828,240.83759460449218,236.10295867919922,1.0200532680817695,0.00767928401459785,0.006354483796556799,54.56271860786891,0.679961247548476,12.739999771118164,-0.05349184732453616,0
2018-06-05,243.0592691049755,243.48345061625443,242.29046202737743,243.1034698486328,51135000,0.0007278692845253953,0.022600836590198403,0.006328704558170806,240.9904800415039,236.40429809570313,1.0193997401178558,0.007365490265878571,0.00634436364091507,60.33074804497968,0.7685053333984588,12.399999618530273,-0.026687610572700193,1
2018-06-06,243.71311960206987,245.24188759157823,243.0945251880256,245.13584899902344,62732200,0.008360140444132913,0.017570761357221132,0.017570761357221132,241.41376495361328,236.6215084838867,1.0202528354266363,0.007625995369190002,0.0065114930004419435,62.572998044409744,0.946188455789526,11.640000343322754,-0.061290266015153305,0
2018-06-07,245.6219614774309,245.91356768567496,244.1992047283016,245.10940551757812,72969400,-0.00010787276342194563,0.02373256177068539,0.01466978379280115,241.76813659667968,236.91789947509767,1.0204722274354447,0.007638690782847152,0.00626380126255756,63.189264427709766,1.0896636925537218,12.130000114440918,0.04209619902625272,0
2018-06-08,244.6497961975385,245.88695788762945,244.4818927930152,245.8339385986328,72139700,0.0029559578895992367,0.016775979786881168,0.019757994584405747,242.24444427490235,237.24239013671874,1.021084149992339,0.007544936619468111,0.005997313018671845,66.76459343792182,1.0772126834182845,12.180000305175781,0.004122027226969083,0
2018-06-11,246.05494161200195,246.87676782782057,245.94005745897357,246.16098022460935,58892500,0.0013303355421176999,0.013314015610497165,0.023553250680041105,242.8108917236328,237.5147445678711,1.0222981826471338,0.007396069072702606,0.005980753492972736,63.810715834822105,0.880044584641894,12.350000381469727,0.013957312974918867,0
2018-06-12,246.57631904991064,246.84141558459777,245.83402178467537,246.4791259765625,72329000,0.0012924296599032825,0.013885676457154217,0.03680034095190532,243.6857482910156,237.89384826660157,1.0243465733419186,0.005628122264331217,0.00597939538453393,67.15636059075003,1.0668493694210606,12.34000015258789,-0.0008097351071211234,0
2018-06-13,246.7176965073776,246.9739744526654,245.48935305247187,245.6926116943359,79070600,-0.003190997530157502,0.0022712414262782143,0.019881910224585075,244.16470947265626,238.19889892578124,1.0250455001000398,0.00483096874209336,0.005773320090609653,62.60150176958312,1.1731795416963717,12.9399995803833,0.04862231931736094,0
2018-06-14,246.55865067919095,246.8414113219372,245.7191333869937,246.31121826171875,77097600,0.0025178069585276575,0.004903168614043496,0.02875209513673349,244.85311279296874,238.46701049804688,1.0267798144556106,0.00390345319126387,0.005740540285404343,65.88130730657039,1.1245881122522656,12.119999885559082,-0.06336937568895418,0
2018-06-15,245.5264900457383,246.3342630036423,244.41691627211264,245.9969482421875,120041600,-0.001275906236626656,0.0006630884428890926,0.01745019218808519,245.27501983642577,238.69207550048827,1.0275792328762252,0.003217927812778724,0.005749398346433674,66.93650917448866,1.6734837496912098,11.979999542236328,-0.011551183551541389,0
2018-06-18,244.54118038098923,245.61526732414296,244.06186400338112,245.4909820556641,52917600,-0.0020567986316044617,-0.002721788678018422,0.010555988995531118,245.53145294189454,239.01165100097657,1.0272781762462757,0.003229291302236921,0.00573533562536847,77.7585414549428,0.7436525281959959,12.3100004196167,0.027545984139392576,0
2018-06-19,243.21856035900635,244.7719635729781,242.80135955511443,244.550048828125,97531500,-0.0038328626968697765,-0.007826533548406567,0.005950466196113613,245.67611083984374,239.28978393554686,1.0266886734538447,0.003583321931995323,0.0056374293954178515,65.52340919689229,1.3335941320025946,13.350000381469727,0.0844841532414351,0
2018-06-20,245.23361787913623,245.6330753881261,244.63001607421887,244.9673309326172,53785500,0.001706325991312596,-0.002951984419543918,-0.0006874476625690074,245.6592590332031,239.50291870117186,1.025704656817617,0.002406663917442986,0.005583709221870674,75.91662800242679,0.7350228612055096,12.789999961853027,-0.041947595776401614,0
2018-06-21,244.95844618062125,244.97621670323363,242.93458411523488,243.43167114257812,71061400,-0.006268835049117127,-0.01169068603315071,-0.006844838823941712,245.49148559570312,239.7099053955078,1.024119070885519,0.003105622061325319,0.005782938372117831,58.375021829471976,0.9669055014083873,14.640000343322754,0.14464428357994286,0
2018-06-22,244.69208545289305,244.8074854582324,243.65351249404213,243.87542724609375,54898500,0.0018229185275391302,-0.00862417607719701,-0.007966806225794043,245.2956344604492,239.88741424560547,1.0225448268382542,0.00297610708401801,0.0057613983161018505,55.17419286119655,0.7578858520933613,13.770000457763672,-0.05942622029758937,0
2018-06-25,242.72149328077796,242.88126540868595,238.8690562468379,240.55560302734375,137854200,-0.013612786889758977,-0.020104115381318843,-0.02277118490571084,244.73509674072267,240.012314453125,1.0196772498876097,0.00491197123004399,0.00655885556656966,39.65237092498242,1.8017721526266908,17.329999923706055,0.2585329954680733,0
2018-06-26,241.12375552974973,241.94038681511896,240.36923979992196,241.08824157714844,68547400,0.0022142013867127996,-0.014155823184519578,-0.02187156570786719,244.19600830078124,240.1093374633789,1.0170200412885886,0.004994619051892594,0.0059810234766679,31.281208101051547,0.9245386033448122,15.920000076293945,-0.08136179189956849,0
2018-06-27,241.67409485943065,243.1032131236618,238.94008943946332,239.09100341796875,105110700,-0.00828426200346466,-0.02398820892678477,-0.026869380527324016,243.53584747314454,240.11586791992187,1.014243038508239,0.005353934223838793,0.0055151385182729855,26.458264693664233,1.3846042282509679,17.90999984741211,0.1249999850239587,1
2018-06-28,239.0377477093784,241.221381703018,238.32760411321345,240.4580078125,76650500,0.005717506618772683,-0.012215597568388858,-0.02376347488566033,242.95052642822264,240.1462045288086,1.0116775607797608,0.0057795763820430715,0.005499578984609846,29.977733904818493,1.0210479026860444,16.850000381469727,-0.05918478363893154,0
2018-06-29,241.54984504086832,242.91684795157795,240.68881443395023,240.80421447753903,97592500,0.0014397801436871749,-0.01259336704495273,-0.021108935707349286,242.4312530517578,240.20997497558594,1.0092472349509949,0.0059001320238019905,0.005029771433626874,30.077553517374994,1.2776039628665194,16.09000015258789,-0.045103870129143964,0
2018-07-02,239.23299268750813,241.47876893898496,238.99330741347623,241.3189697265625,63554800,0.0021376504981041045,0.0031733482388767165,-0.016994564501581544,242.01405181884766,240.32433807373047,1.0070309722213768,0.006051908485370838,0.004927551056103799,31.08538023209256,0.8222303957495128,15.600000381469727,-0.03045368343513366,0
2018-07-03,242.21556288601673,242.3132194849361,240.0408140877237,240.4668731689453,42187100,-0.003530996997802127,-0.002577348460208073,-0.01669668715563999,241.6057342529297,240.4223663330078,1.004922037570676,0.006040808521017558,0.0049716927769952995,30.93664138794027,0.5489665569981034,16.139999389648438,0.03461532019064184,1
2018-07-05,241.59415332388664,242.49067046122133,240.52006646800743,242.42852783203125,56925900,0.008157691898408537,0.01395922208008793,-0.010363843582409271,241.3518539428711,240.62307495117187,1.0030287161438989,0.006744468496668086,0.004952802794559914,37.10008415545438,0.7435666338810234,14.970000267028809,-0.0724906547003974,1
2018-07-06,242.4551428820176,244.85180544036797,242.073429001967,244.47900390625,66493700,0.00845806429035223,0.016722238241636767,0.0043023685404453005,241.4565872192383,240.85330505371093,1.0025047701354683,0.007071122657085256,0.005347126024755698,45.47840378745044,0.8722302344560569,13.369999885559082,-0.10688045109749944,1
2018-07-09,245.48207490630665,246.73367729241565,245.4377027939233,246.680419921875,50550400,0.00900451973564631,0.02440241943890098,0.011501743769169348,241.7370864868164,241.08019958496095,1.0027247650490847,0.007572728491809885,0.005690022014843638,53.21801204953562,0.6726183942044837,12.6899995803833,-0.050860157890520896,0
2018-07-10,247.1331100201025,247.6657107616075,246.84016742213515,247.56805419921875,51966800,0.003598316711252769,0.0258955376766985,0.02915106147445634,242.4383316040039,241.32042724609374,1.0046324481133548,0.005516187946003875,0.005736411984195908,58.18879929517403,0.6946656299733325,12.640000343322754,-0.00394005033206124,0
2018-07-11,246.01464605995807,246.8046754431278,245.45541664745787,245.75721740722656,77054700,-0.007314501048406696,0.02200030369490613,0.019366252785845806,242.9052291870117,241.56067016601563,1.0055661338415398,0.006398561078732182,0.0059759413352453,51.99252964968492,1.0267847208295329,13.630000114440918,0.07832276457501397,1
2018-07-12,247.01776066717977,248.03856316228035,246.41415901137128,247.9853057861328,60124700,0.009066217474354987,0.022921303873740584,0.03720048952496735,243.79465942382814,241.83716857910156,1.0080942514181244,0.005624096008925981,0.006266897105722582,61.099048558407176,0.8114284241320084,12.579999923706055,-0.07703596345699171,0
2018-07-13,247.80787755687993,248.4824802555488,247.3551626108833,248.18067932128903,48216000,0.0007878431931152008,0.015141076967323253,0.032116507905242564,244.56692657470703,242.14903259277344,1.0099851482206819,0.005641042625687621,0.0062492506471876945,60.62225595454564,0.6636452382910475,12.180000305175781,-0.03179647225406612,0
2018-07-16,248.2249473458855,248.36694893113057,247.5148039736614,247.95863342285156,48201000,-0.0008946945388524918,0.005181657714792953,0.029710522138639117,245.2823684692383,242.46670776367188,1.011612566242747,0.005767959310888783,0.006244460105511064,71.56122148776058,0.6979457147058383,12.829999923706055,0.05336614139936113,0
2018-07-17,247.18644318466008,249.3523336655348,247.13318580309817,248.96176147460935,52315500,0.004045545976401277,0.005629592557483409,0.03167091156035884,246.04664764404296,242.74435424804688,1.0136039967076707,0.005769766981634994,0.006266335148032138,72.31982116424913,0.7578536295358878,12.0600004196167,-0.06001555016899285,0
2018-07-18,249.0416440665278,249.5919883944477,248.59781450024312,249.4854736328125,44593500,0.002103584723618601,0.015170485184197613,0.03750454416035498,246.9485076904297,243.0165673828125,1.016179721201573,0.005302345271247117,0.006179275086543037,82.1522968758261,0.6717482944747126,12.100000381469727,0.0033167463069041503,0
2018-07-19,248.819697275046,249.2013841515407,248.06518169158207,248.5445251464844,61412100,-0.003771556205765192,0.002255050389291524,0.025228042958255648,247.560107421875,243.26996154785155,1.0176353292725766,0.00552555941349539,0.006267912565058331,75.69044918220358,0.9198169056296531,12.869999885559082,0.06363632064578728,0
2018-07-20,248.34032306277456,248.9705803919926,248.1006649096072,248.26043701171875,82337700,-0.0011430070109097468,0.00032136945812144546,0.015467312305144976,247.93825073242186,243.47207580566408,1.0183436844327176,0.005201508389389414,0.0060676753911992525,73.78190097132564,1.2229088383920335,12.859999656677246,-0.0007770185680464614,0
2018-07-23,248.05639300091627,248.92628174548852,247.7101928839621,248.72213745117188,47047600,0.0018597423133970281,0.0030791588813861015,0.008276771743551903,248.14242248535157,243.63888671875,1.0184844703046125,0.004507982553198281,0.0060679437905063706,73.69286695146519,0.7028655670031629,12.619999885559082,-0.01866250214039078,1
2018-07-24,250.1334320169862,250.8169196807243,249.10374434759737,249.9736328125,68026900,0.005031700733006961,0.004064364470661275,0.009716837744119688,248.3829803466797,243.81605712890624,1.0187310190786938,0.004626873974598255,0.005051558728953242,79.66672285409278,1.072210429506596,12.40999984741211,-0.016640256739405612,1
2018-07-25,249.7251028953303,252.42359393047735,249.6807307795288,252.1040496826172,78882900,0.008522566344888016,0.01049590588051097,0.025825619049363535,249.01766357421874,244.03353881835938,1.0204239334478085,0.004160317870333471,0.0052625062796241295,79.8786561708088,1.23327275072406,12.289999961853027,-0.00966961217039064,0
2018-07-26,251.3850954364988,252.19284146729845,251.28743883843612,251.5093536376953,57919500,-0.0023589309480374077,0.011928762017443528,0.014210712366166112,249.370068359375,244.272353515625,1.0208689799331871,0.0037208715711174968,0.00478322989340303,73.85501459546396,0.9402105654801762,12.140000343322754,-0.01220501375068006,0
2018-07-27,251.83771215930585,251.9353687298182,248.8818197863248,249.80499267578125,76768700,-0.006776531120068152,0.006221513514815813,0.006544882377364392,249.53249969482422,244.45693267822264,1.0207626225241178,0.004541652439016233,0.00514908712397044,60.972248418237044,1.2460711653892476,13.029999732971191,0.0733113150312188,0
2018-07-30,249.88494451840913,250.04471666945545,247.97645560936985,248.5001983642578,63742500,-0.00522325153531622,-0.00089231738352058,0.002184093910869045,249.58665618896484,244.61948181152343,1.0203057186641764,0.004898722525976723,0.00539170818994414,53.18014524063616,1.0638626345840267,14.260000228881836,0.09439758412260324,0
2018-07-31,249.2635247226231,250.33758454100297,248.88183784928523,249.72509765625,68570500,0.004929168266484485,-0.0009942454868286932,0.0030660780078008987,249.6629898071289,244.81854736328125,1.0197878898311534,0.004982467542962313,0.0054425782162932776,64.10075102350682,1.1396717646260064,12.829999923706055,-0.10028052470009752,0
2018-08-01,249.92929457030976,250.4352667598153,248.6599485559693,249.30792236328125,53853300,-0.0016705381112434026,-0.0110911638383282,-0.0007116697695697116,249.64523468017578,244.97321350097656,1.0190715593449182,0.004975065591852018,0.005363291529153095,55.39454440219322,0.8864712286108711,13.149999618530273,0.024941519620195196,1
2018-08-02,248.0030237661536,250.8346306288183,247.79885247470432,250.66600036621097,63426400,0.005447392084679814,-0.00335316861693824,0.008535594250069334,249.85738220214844,245.1684735107422,1.0191252514006488,0.005064248229118017,0.005227259582468838,59.25870344727248,1.0384964638686525,12.1899995803833,-0.0730038073000544,0
2018-08-03,250.7903410210577,251.7934002046504,250.61279835363663,251.7401428222656,53935400,0.004285154167239957,0.007746643194581626,0.014016352554726996,250.20535278320312,245.3719625854492,1.0196982171346114,0.005116126602452958,0.005021936322196366,63.24648265997595,0.8922713758702725,11.640000343322754,-0.04511888892478966,0
2018-08-06,251.77561004901096,252.9739280194918,251.3850379245333,252.66326904296875,39400900,0.0036669806029103746,0.01675278613906217,0.015845519953247456,250.5994659423828,245.60381072998047,1.0203403000855495,0.005165668639958174,0.004734415042536836,63.039322979937594,0.6578896617338871,11.270000457763672,-0.031786930811503855,0
2018-08-07,253.32901985532757,253.8793641115752,253.19584933141965,253.4976501464844,43196600,0.0033023442888082677,0.01510682156355525,0.014097556187566695,250.95186767578124,245.86383361816405,1.0206945201445086,0.005065448690480111,0.004727012173258323,63.83098698232828,0.7265877359829858,10.930000305175781,-0.030168601488713476,0
2018-08-08,253.32898248823008,253.7905553568563,252.92952515383473,253.39109802246097,42114600,-0.0004203278569322455,0.01637804214352201,0.005105226756428882,251.08057250976563,246.17704437255858,1.0199187058635173,0.004418854268638136,0.004306498890545098,67.72716161143728,0.729834501977885,10.850000381469727,-0.007319297481462206,0
2018-08-09,253.4533443562018,253.8439165930108,252.9118852169773,253.04502868652344,35717000,-0.0013657517514954476,0.009490829697034409,0.00610583672780729,251.23414001464843,246.41988494873047,1.0195367961758428,0.004357742993043084,0.003965109747879105,67.42146359784554,0.6323391449568045,11.270000457763672,0.03870968309008038,0
2018-08-10,251.6069770580175,252.14843609399105,250.6394048223309,251.34954833984375,77076000,-0.006700310831951106,-0.0015515780599902884,0.006183045612972116,251.3885955810547,246.65833221435548,1.0191773913503495,0.004343416469628586,0.0043251627082358905,58.77812783572423,1.3305728440985911,13.15999984741211,0.16770180238515042,0
2018-08-13,251.6246883032805,252.23717515726744,250.1156572246339,250.4085998535156,65732900,-0.003743585347748102,-0.008923612830599947,0.007679677931123452,251.57943572998047,246.83094665527344,1.0192378189973839,0.004142606480533767,0.004424263708186204,51.48401042024566,1.117839449250704,14.779999732971191,0.12310029668257583,1
2018-08-14,251.13656574397376,252.24613980123695,250.74599350868027,252.00645446777344,43842000,0.00638098937174103,-0.005882483241360537,0.009135472697517022,251.8075714111328,247.01254272460938,1.0194120858545606,0.004325834218398212,0.004551724607075019,49.65447049061301,0.7509782913111288,13.3100004196167,-0.0994586833499882,0
2018-08-15,250.65717361607437,250.79920231859953,248.68656938849597,250.12457275390625,102925400,-0.0074675933116142845,-0.012891239250501063,0.003275669633293843,251.8892364501953,247.15296478271483,1.019163321272089,0.0050406718753324455,0.004878692861810631,45.506801215574356,1.6791414249227667,14.640000343322754,0.09992485963755926,1
2018-08-16,251.5625640299013,253.01833784391988,251.52705008367545,252.14842224121097,69967900,0.008091366094189922,-0.003543268365976071,0.005913932774425978,252.0374786376953,247.2932162475586,1.0191847656079145,0.005395289066286049,0.0050945633869429454,57.449281210984175,1.1335563737646972,13.449999809265137,-0.08128418757861378,0
2018-08-17,251.94431742254335,253.47997770406536,251.53600174536825,253.03614807128903,65618500,0.0035206479667315715,0.006710176097730169,0.005148186675727917,252.16707916259764,247.45175109863283,1.0190555453458292,0.005342472877641911,0.005110911108808625,64.81158906146283,1.0776869602563055,12.640000343322754,-0.060223009474275835,0
2018-08-20,253.48883486661452,253.843893115636,253.0361200228176,253.57760620117188,39807500,0.002139844974759386,0.012655341507879836,0.003618797309424604,252.25851287841797,247.6066244506836,1.0187874150703948,0.005263977412179007,0.00511387325820119,63.16761725155094,0.6576896279912838,12.489999771118164,-0.011867133554614995,0
2018-08-21,254.092431432168,255.0333479630859,253.6130879066716,254.1723175048828,67272000,0.0023452832157391246,0.008594474461710133,0.0026614343683601938,252.32597961425782,247.76685119628905,1.0184008812960894,0.0052132718404708685,0.005036534124541682,66.42682020687516,1.1121448241629301,12.859999656677246,0.029623690339424025,0
2018-08-22,253.7639641223504,254.54510839160795,253.49765016371987,254.0213928222656,44993300,-0.0005937888283774617,0.015579517140018817,0.002487438606658454,252.38900909423828,247.91769653320313,1.0180354715438247,0.005216141551351761,0.004706887549170484,62.33681279039858,0.7652696799480287,12.25,-0.04743387814637445,0
2018-08-23,253.84393049740228,254.7049610999113,253.36458689156945,253.6841583251953,49204900,-0.001327583056385473,0.006090603583135845,0.0025257545741539378,252.45292205810546,248.0775274658203,1.0176372065498274,0.005214832962710565,0.00468076963759048,57.55708908257678,0.8431514857822745,12.40999984741211,0.013061212033641523,1
2018-08-24,254.2609987165936,255.35282883511957,254.2077413536604,255.21080017089844,57487400,0.006017884032577747,0.008594234919339305,0.01536207984680349,252.83904724121095,248.2555191040039,1.018462945572166,0.004866749404433466,0.004513760404296632,59.459324705463665,1.0016229848808897,11.989999771118164,-0.03384368101999047,1
2018-08-27,256.4092022800655,257.3323753566109,256.2494301387038,257.2258605957031,57072400,0.007895670651302034,0.014387131613021742,0.027224547184783177,253.5207733154297,248.48009735107422,1.0202860350510632,0.004855504813593744,0.004502659536836353,62.72740153313049,1.0002042560082243,12.15999984741211,0.014178488702180525,0
2018-08-28,257.6873241910411,257.7938659959245,256.88843673418484,257.35003662109375,46943500,0.0004827509376508221,0.012502223481319463,0.02120414798345438,254.0551315307617,248.71727844238282,1.0214615290172349,0.004714918897528802,0.004446149034308663,63.4988205252537,0.8385853401952629,12.5,0.027960539214994196,1
2018-08-29,257.5632380007903,258.9657278423069,257.323579730497,258.7349548339844,61485500,0.005381457220966723,0.01855576791918767,0.03442437496354955,254.91616973876953,249.0009765625,1.0237557027202453,0.003375153511108957,0.00445988658058654,68.11747706497788,1.0909227044478713,12.25,-0.020000000000000018,0
2018-08-30,258.2555538204787,258.62835549143284,257.0927225076336,257.68743896484375,61229500,-0.004048605917251313,0.01578057008398881,0.021967286863821878,255.4700714111328,249.25537872314453,1.0249330334206794,0.0036688940528725703,0.004562931587498886,71.04926021499266,1.0885019971143706,13.529999732971191,0.10448977412009719,0
2018-08-31,257.2790273013543,258.1400574341752,256.7908257895186,257.69622802734375,66140800,3.41074541130304e-05,0.009738725221585476,0.01841665703329398,255.9360794067383,249.54066986083984,1.0256287263693928,0.0036930630142810767,0.004519884206744493,75.80103895205872,1.1631926949427758,12.859999656677246,-0.04951959272114581,0
2018-09-04,257.27907009152085,257.6074995729283,256.2493824457125,257.25244140625,57594400,-0.001722130837889746,0.00010333646269211627,0.014491954791002959,256.3035629272461,249.80821014404296,1.02600135831988,0.0038557236582178528,0.004524427538559572,70.22561079637376,0.996941290979288,13.15999984741211,0.023328164754584213,0
2018-09-05,256.89746499339486,257.10163637158024,255.54823269496327,256.5601501464844,72452400,-0.002691096947345817,-0.0030693077995258555,0.009394542509751025,256.54234619140624,250.12830108642578,1.0256430203104616,0.004049346645117046,0.004556017229696011,77.31781945556341,1.2231577882899647,13.90999984741211,0.05699088211976577,0
2018-09-06,256.6666615444761,256.96846243268556,254.7581996132986,255.7878875732422,65909900,-0.0030100643954302786,-0.011390294220713804,0.006954118042383106,256.71899566650393,250.42229400634767,1.0251443334354116,0.004219733909918647,0.004623161999085574,67.28552171959466,1.090796221215332,14.649999618530273,0.053199121440381525,0
2018-09-07,254.7402444467094,256.2670181404752,254.50055931616805,255.29058837890625,73524800,-0.001944185860612846,-0.009301386965410052,0.006332401929692644,256.879638671875,250.7462857055664,1.0244603940953707,0.004257014109857583,0.004637111091321865,61.119783003659364,1.1799072600801905,14.880000114440918,0.015699692962430234,0
2018-09-10,256.302706938244,256.56902094989783,255.53933303442903,255.734619140625,50210900,0.0017393150469757757,-0.007612097785578031,0.002052495307313773,256.93202056884763,251.0518179321289,1.0234222667063435,0.0038521589638264332,0.004325521325550843,60.74247900321905,0.8235237870852758,14.15999984741211,-0.04838711434753651,0
2018-09-11,255.08655922474992,257.0216493185275,254.7403863055744,256.57781982421875,50530500,0.0032971706624127517,-0.00262241080529102,-0.002519345333255374,256.8672164916992,251.3672900390625,1.0218800403655623,0.003016886954500657,0.004215030304364437,61.69066642145339,0.8392282597728725,13.220000267028809,-0.06638415187236713,0
2018-09-12,256.58672675418035,257.24358579269136,255.8499816506508,256.6399841308594,59810800,0.00024228246495816563,0.00031117063320018623,-0.002759092244777106,256.7962112426758,251.67371032714843,1.0203537386120651,0.0030113673127987427,0.004039760353407511,62.8370230960497,0.9803584267695081,13.140000343322754,-0.006051431323006673,1
2018-09-13,257.7052406687176,258.34435641404013,257.4211832065274,258.1579284667969,51034200,0.005914683719601133,0.009265649425546307,-0.0022301832682706246,256.738508605957,252.02753143310548,1.0186923116933435,0.003125170722946935,0.003668770026301686,69.65614336187073,0.8736555469779749,12.369999885559082,-0.05859972889231746,0
2018-09-14,258.3619815635373,258.54838233623184,257.4210653538625,258.20220947265625,55079900,0.00017152680966403544,0.011405125086039414,0.001997654638815183,256.7899856567383,252.34300506591796,1.0176227614855369,0.0028206512416756035,0.0033428477961070075,65.11160752138649,0.9550850002050454,12.069999694824219,-0.024252238763970202,0
2018-09-17,258.1489805848816,258.18446743841525,256.56006349021055,256.8352355957031,68244000,-0.005294198991344756,0.004303744478462379,-0.0033411138309299426,256.7038864135742,252.59012969970703,1.016286292416722,0.0033159205467738866,0.0035915518761303602,47.88842991566917,1.1806628313520964,13.680000305175781,0.1333886206345103,1
2018-09-18,257.04837133519743,258.82368995702524,257.0217426394385,258.2289733886719,61930400,0.005426583271318286,0.006435293454376989,0.00379600666599611,256.8015396118164,252.82110076904297,1.015744092683188,0.0037274216954374224,0.003730911530663247,54.17777558581115,1.0513147078283225,12.789999961853027,-0.06505850317752004,0
2018-09-19,258.2821745760306,258.9212902243807,258.1578892967261,258.50408935546875,49080600,0.0010653954247914488,0.00726350272706866,0.007576933549011677,256.99593353271484,253.03982147216797,1.0156343457623804,0.0035688619415155964,0.0037160498465857385,48.77321804447875,0.8462463493356366,11.75,-0.08131352345229803,1
2018-09-20,259.76456338411145,260.91850934003577,258.52181901409443,260.59893798828125,100360600,0.008103734985529965,0.009455489265743466,0.01880874993997317,257.47703857421874,253.33665588378906,1.0163434015341584,0.003971810009481276,0.004033341116204084,63.921656753617434,1.6515812940611723,11.800000190734863,0.004255335381690539,0
2018-09-21,261.34162902738257,261.45755140030644,260.20028346692595,260.36077880859375,105479700,-0.0009138915972797257,0.00835999560323697,0.01986046748484993,257.9840576171875,253.58416534423827,1.0173508163136937,0.003873969599450851,0.004020267811586281,62.46737224484667,1.6590046792935715,11.680000305175781,-0.010169481662661628,0
2018-09-24,259.7813150054989,259.9239866684046,258.9163867572712,259.4959716796875,53409600,-0.003321572215537194,0.01035970036515077,0.01470803034685808,258.3601928710938,253.81047119140624,1.0179256657864855,0.004223061941372744,0.003986598118155198,60.09951697723364,0.842738806448223,12.199999809265137,0.04452050432386789,0
2018-09-25,259.9506646292709,260.05766154415363,259.0144144122169,259.2551574707031,44370000,-0.0009280075040302149,0.003973930843487183,0.010434797709009347,258.6279266357422,254.03640167236327,1.0180742796432014,0.004231206056566314,0.0036377024642686062,62.645919968839856,0.7071919363861966,12.420000076293945,0.01803280905477811,0
2018-09-26,259.3978577222201,260.58377660882445,258.0603417149148,258.47943115234375,79739700,-0.0029921345670703703,-9.538805821784901e-05,0.007167421817429798,258.81187133789064,254.22675506591796,1.0180355378834294,0.004418981708466115,0.0037156537197213864,62.62556276885857,1.2385612443191623,12.890000343322754,0.03784221128354881,0
2018-09-27,258.9519611282964,260.2894768364136,258.67554339223165,259.2016296386719,59249500,0.0027940269100270587,-0.005361911143598741,0.00404287862888264,258.91624145507814,254.42107818603515,1.0176682030478468,0.004111091224791709,0.003568829675863495,67.96692527905745,0.9218970046418878,12.40999984741211,-0.03723820660402799,0
2018-09-28,258.5774898512052,259.727761180098,258.54184235195396,259.2284240722656,70091400,0.00010337293647078027,-0.00434917556134895,0.003974460953317438,259.01886291503905,254.6347561645508,1.017217236234849,0.004111589067889292,0.0034332238169302127,66.68999198192287,1.083124891200972,12.119999885559082,-0.023368248623588994,0
2018-10-01,260.46784283610697,261.1990247523705,259.4602703458394,260.1290283203125,62078900,0.0034741724456721634,0.0024395624969717478,0.012824535998613218,259.3482421875,254.87212799072265,1.017562195725616,0.0036728543699335557,0.0035044384445537253,66.87167977358666,0.962327646436294,12.0,-0.009900980750178201,0
2018-10-02,259.97747802734375,260.69080911051776,259.6029887328202,259.97747802734375,47258200,-0.000582596621174214,0.0027861376556115314,0.006771140417462407,259.52309265136716,255.0972348022461,1.017349689629337,0.003400765593642506,0.003475971503589065,65.72278850439207,0.7384982255677636,12.050000190734863,0.004166682561238533,0
2018-10-03,261.0295570381276,261.44864638205115,259.7633907390065,260.12005615234375,64694600,0.0005484249100415894,0.006347216846949166,0.006251223340041134,259.6846893310547,255.30016326904297,1.0171740041442558,0.0033981886454620795,0.0033923107188501456,60.619654660953955,1.0171401637087742,11.609999656677246,-0.03651456656373575,0
2018-10-04,259.63860706605675,259.69210553069195,256.4999125561794,258.08709716796875,111545900,-0.00781546419159762,-0.00429986675722982,-0.009638722397347088,259.4335052490234,255.41982421875,1.0157140544691472,0.0032319612895102185,0.0038126569573541614,49.48733561304983,1.6930082941483506,14.220000267028809,0.22480626076939414,0
2018-10-05,258.30997967842393,258.82714050010605,255.2158585929535,256.6425476074219,105951700,-0.0055971397888470165,-0.009975281353108434,-0.014281072664578898,259.0616821289062,255.52248809814452,1.013850812337904,0.0035478676780150184,0.0040157037631396,49.14773340820249,1.569479149407796,14.819999694824219,0.042194051795244825,0
2018-10-08,255.95593872277664,256.9992130580816,254.5738498970342,256.6425476074219,87742200,0.0,-0.013402889848177613,-0.010996024538630578,258.7763397216797,255.65923919677735,1.0121924031953453,0.0035065192390527173,0.004001056548586316,41.99640343152047,1.2645861906153741,15.6899995803833,0.05870444692808752,0
2018-10-09,256.25919865326443,257.5699383979539,255.7063357693403,256.2680969238281,74339000,-0.0014590358733757025,-0.014268086342177244,-0.011521701539197182,258.4776336669922,255.81459716796874,1.010410025575182,0.0035076537762894484,0.003947317959115721,38.83125158151148,1.0533401242615166,15.949999809265137,0.016571079403144617,0
2018-10-10,255.75978424546548,255.83113366704777,247.77928885427428,248.15377807617188,214731000,-0.031663398390428976,-0.04600290440181831,-0.03994767796469689,257.445068359375,255.7831707763672,1.0064972905682712,0.010306693432003515,0.008092482060263657,11.18047424584249,2.7416940546450417,22.959999084472656,0.439498392415999,0
2018-10-11,247.0659319900336,248.6887911916292,241.07385950184556,242.6878204345703,274840500,-0.022026493749064624,-0.05966697639044016,-0.06371028309938431,255.79368743896484,255.65076873779296,1.0005590388085963,0.011412761484034929,0.009070817829090196,8.430866279190795,3.070470659038394,24.979999542236328,0.0879791175222544,1
2018-10-12,246.7895195822303,247.07486285260504,242.86614485598972,246.0583648681641,183186500,0.01388839550150589,-0.04124095103454195,-0.050804842297811015,254.4766815185547,255.55861602783204,0.9957663939252218,0.013018745617487452,0.009814893045441643,21.725832913278225,1.9098598568333607,21.309999465942383,-0.14691753977371724,0
2018-10-15,245.70169308385272,247.0303108944259,244.5870963501901,244.67626953125,102263700,-0.005616941076783122,-0.04662624411941363,-0.05940420755362441,252.93140563964843,255.4173385620117,0.990267172399654,0.012664261634788879,0.009820235944298128,20.73021144149064,1.0475993545603677,21.299999237060547,-0.0004692740090311842,1
2018-10-16,246.6378981861361,250.4007767416327,246.16531039841905,250.02626037597656,118255800,0.02186558939686334,-0.02435666640825318,-0.03827722973110981,251.93628387451173,255.36459838867188,0.9865748246397797,0.015426017610714222,0.011110814398070637,35.66218698706825,1.1774542656129872,17.6200008392334,-0.1727698840206624,0
2018-10-17,250.06201262855035,250.69509596423816,247.4939773585941,250.07093811035156,110626000,0.0001786921674060693,0.007725693515700627,-0.03863261522635819,250.9313720703125,255.2960641479492,0.9829034102339028,0.0154149093072736,0.011101578796128924,34.1486945478878,1.0687394953518101,17.399999618530273,-0.012485880262460669,0
2018-10-18,249.13465741512297,249.73209323984952,245.18453310681264,246.45962524414065,134557500,-0.014441153752209779,0.015541796876400005,-0.045052511541329276,249.76862487792968,255.15743469238282,0.9788804515104571,0.01574437949537006,0.011208701317587512,30.286295562334033,1.2788136388160605,20.059999465942383,0.1528735578005025,0
2018-10-19,247.11050119497793,249.0454254365446,245.63031381107191,246.32582092285156,139901600,-0.0005429056428879475,0.001086961846758383,-0.04019881652808199,248.73695220947266,255.02305053710938,0.9753508621499216,0.015785857997986926,0.011212163158501607,28.172460836929844,1.308204804927995,19.889999389648438,-0.008474580300092738,0
2018-10-22,246.99461345512103,247.31560422320297,244.68517250087024,245.22018432617188,82415800,-0.0044885127857788865,0.002222997742951982,-0.04450689641190142,247.59471588134767,254.90046325683593,0.9713388226833977,0.01572375357540669,0.01121856575146331,27.347266308645388,0.7603496476561111,19.639999389648438,-0.0125691306018898,0
2018-10-23,241.59996419543393,245.09532381186685,239.51341546309573,243.9718017578125,146352700,-0.0050908638364730585,-0.024215290862086514,-0.04798215350883306,246.3650863647461,254.77172729492187,0.9670032423949291,0.015689397507426425,0.011221305636224407,26.025998950690663,1.289552106768539,20.709999084472656,0.054480637885772065,0
2018-10-24,243.72213512158604,244.1055770269243,236.02698317460644,236.5798187255859,177806700,-0.03029851392237748,-0.05394916933055327,-0.046640270562527064,245.2076904296875,254.46319458007812,0.963627336496878,0.015433525771384309,0.012777090726094543,22.453197830654247,1.5018160478116966,25.229999542236328,0.21825208390050332,1
2018-10-25,238.4167212180317,242.3668457953821,237.3912975916812,240.82423400878903,138061500,0.017940732671396287,-0.022865372897363012,-0.007678945002036919,245.02133178710938,254.27718780517577,0.9635993456669887,0.015609773980457473,0.013641746218054423,31.095563716256123,1.1285521910072223,24.219999313354492,-0.04003171808192241,0
2018-10-26,237.1149045911938,241.64461454374936,233.8781107509755,236.5887908935547,201574600,-0.01758727950559902,-0.0395290676097918,-0.038485072351363114,244.07437438964843,253.96599517822267,0.9610513967366666,0.015523301682640532,0.01396008298393397,28.23698161348412,1.563694202788598,24.15999984741211,-0.0024772695145908186,0
2018-10-29,239.682810953948,240.97575372731768,231.70231665806764,235.2779235839844,160749100,-0.005540699137179583,-0.040544218533671295,-0.0384113504970095,243.13453979492186,253.61083068847657,0.9586914688733335,0.015522333268914725,0.01383520454527641,27.674507678175587,1.201029745881603,24.700000762939453,0.022351031412989997,1
2018-10-30,235.1085944648674,239.07654260883967,234.6181555626899,238.7644500732422,157116000,0.014818757476891875,-0.02134407192573662,-0.04504250987796021,242.00835876464845,253.31456756591797,0.9553669222030533,0.014342820161902829,0.014501689750969817,38.92288200673766,1.1276082885338292,23.350000381469727,-0.05465588420123868,1
2018-10-31,241.33239894085352,243.6329410714347,240.85981117167609,241.3145751953125,128296300,0.010680505918230443,0.020013357416671873,-0.03501551592202623,241.13272247314453,253.05741271972656,0.9528775303658494,0.01508894329571539,0.014847193105168847,48.260208758710355,0.9002256979327296,21.229999542236328,-0.09079232567875262,1
2018-11-01,242.17955305340143,244.07883000085664,241.09170569068132,243.88265991210935,99495000,0.010642062190890478,0.012699826144609183,-0.01045593301328196,240.8750259399414,252.85463806152345,0.9526225335891714,0.015144490620649396,0.015144644042049843,47.18634673604216,0.7010977699319781,19.34000015258789,-0.08902493784271404,0
2018-11-02,244.98834016496485,245.41635506870088,240.38728199417207,242.4381561279297,122634100,-0.005922945832640303,0.02472376316850422,-0.015782611747143904,240.48625946044922,252.6297180175781,0.9519317891322511,0.015223907221720524,0.015148080049651893,47.11030362921607,0.8590993817885707,19.510000228881836,0.008790076264358015,1
2018-11-05,242.92862180330175,244.32856201793888,241.95669658761557,243.77572631835935,65622500,0.005517160383466502,0.036118147444214266,-0.005890453152466502,240.34181365966796,252.40101654052734,0.952222051059279,0.015332961883652468,0.015250363879038787,40.996926117364836,0.4633006214748319,19.959999084472656,0.02306503589501041,1
2018-11-06,243.71322916141185,245.47873267664912,243.65080522392796,245.3182373046875,60085900,0.006327582362789075,0.027448756418448905,0.005518816261444792,240.47645721435546,252.16286407470704,0.953655321519154,0.015376881363618353,0.015376066648923357,43.43752041076464,0.42635691368340745,19.90999984741211,-0.002504971911518883,1
2018-11-07,247.49396890905808,250.6505144215999,247.06595397473305,250.5702667236328,102752100,0.021409045966779283,0.03835529420810602,0.059136269836586264,241.87550201416016,252.0272686767578,0.959719570362769,0.012170075222994523,0.014557501536154547,55.42990356199414,0.759272382901624,16.360000610351562,-0.17830232366988052,0
2018-11-08,249.7677265502672,250.757502547442,248.9741478681235,250.1154937744141,65584900,-0.001814951770476081,0.025556691338986193,0.03858108302043206,242.80462799072265,251.85487945556642,0.964065609987753,0.01157431898679242,0.013573438221727607,54.96383253600763,0.5252384108312438,16.719999313354492,0.02200480987605502,0
2018-11-09,248.80466133719972,248.9919059098012,246.2633761474484,247.6722412109375,98812600,-0.00976849745134234,0.02158936186697402,0.046846895305236336,243.91297302246093,251.65457550048828,0.9692371876703179,0.010140300257602493,0.013476298006673278,53.103047164586755,0.8190141553683925,17.360000610351562,0.03827759110527551,0
2018-11-12,247.1640550275417,247.4047981237727,242.52732176890177,243.0445098876953,99673600,-0.018684901063663606,-0.002999545695985706,0.03301026371451532,244.68963165283202,251.36154113769533,0.9734569200416843,0.012240288337506327,0.014087025717378354,48.91898363008467,0.8270383566568893,20.450000762939453,0.177995394236643,0
2018-11-13,243.50817883431395,245.5055275101857,241.86749567744292,242.5897521972656,98176600,-0.0018710881008578983,-0.011122226938362956,0.016021238182024167,245.07216186523436,251.06828735351561,0.9761175513184649,0.011620410921474074,0.013091320645503475,58.358136804814926,0.8214600782974454,20.020000457763672,-0.021026909004084215,0
2018-11-14,244.46221684463413,244.86345524510767,239.37074780966623,240.93118286132812,125335900,-0.0068369307479599906,-0.03846858603114367,-0.001588765758032129,245.03382263183593,250.7557080078125,0.9771814351847244,0.011426802801306611,0.013139936244447365,50.160262639575336,1.0422922197666948,21.25,0.061438537168431395,1
2018-11-15,239.66505152031465,243.90944467046296,238.0867923117476,243.4457550048828,135101400,0.010436889545351935,-0.026666635756467327,-0.001791455396558228,244.9901321411133,250.5088653564453,0.9779699085400451,0.01140553564327371,0.013055320249196685,60.83389908309968,1.1232480038131838,19.979999542236328,-0.059764727424172825,0
2018-11-16,242.34895568714353,244.98831260030423,241.83176766850784,244.0788116455078,126668000,0.0026004012294742473,-0.014508810304539654,0.006767315606510227,245.1541976928711,250.28462982177734,0.9795016092975445,0.01124105852331542,0.013074111143418103,64.20961969881593,1.0589574041515346,18.139999389648438,-0.09209210183905447,0
2018-11-19,243.4724721125767,243.7667408556487,239.03193664286545,239.9503631591797,103061700,-0.016914407516553043,-0.012730782233860594,-0.015692141366790202,244.77166137695312,249.96894470214843,0.9792082839274768,0.012362170134946246,0.013565797378265214,51.87585200174552,0.8542342081588382,20.100000381469727,0.10804856988803202,0
2018-11-20,236.6154365884777,238.07780018311473,234.64483769691037,235.509765625,136021300,-0.01850631720542073,-0.02918501918625316,-0.03998264371802607,243.7908142089844,249.54758361816405,0.9769311755068397,0.013085617086295988,0.014099981319950359,41.336223505866116,1.1322701483183135,22.479999542236328,0.1184079161988838,0
2018-11-21,237.06129197420623,238.21156320405137,236.30338810882228,236.31228637695312,75563700,0.003407590126139226,-0.019171019830311775,-0.056902123835808394,242.3650161743164,249.14102966308593,0.9728024986573558,0.010100193577816705,0.012411105710250845,38.07247696629163,0.6569651677709157,20.799999237060547,-0.07473311118264614,0
2018-11-23,234.67161536743865,236.13397913932772,234.57354393026176,234.73403930664065,42807900,-0.0066786500799832504,-0.035785038429063665,-0.06149740760021205,240.82687072753907,248.6725518798828,0.9684497501110076,0.010003874458233435,0.011742686956415718,37.91269799089608,0.3882568182275792,21.520000457763672,0.03461544457272181,1
2018-11-26,236.9900865351938,238.74669260755877,236.59774618925545,238.52377319335935,79981400,0.01614479901557031,-0.022759199844910816,-0.03693780123621759,239.91202392578126,248.27898315429687,0.9663001711936453,0.012130458007712163,0.01168961914135268,42.34873166498313,0.7677452796682569,18.899999618530273,-0.12174724830399308,0
2018-11-27,237.48931889071775,239.326171875,236.8829848828991,239.326171875,75502400,0.0033640197406661354,-0.0026013350259679324,-0.01529900023009556,239.54019012451172,247.92880187988283,0.9661652390050461,0.011058633026410112,0.011617904582340568,41.07810813070488,0.7556688500131588,19.020000457763672,0.006349250881240609,1
2018-11-28,240.39616563776332,244.83670043945312,239.26371823907763,244.83670043945312,127629600,0.023025181580772935,0.03960317649546785,0.009262337843357837,239.76488494873047,247.66095642089843,0.9681174150892455,0.013495991938934658,0.012261784201972247,41.52821523345289,1.2965171952617598,18.489999771118164,-0.027865440267598407,0
2018-11-29,244.06095703708348,245.70163980786216,242.91961131776668,244.30172729492188,82346400,-0.0021850202341847647,0.033808825772285056,0.013989656272653361,240.10193939208983,247.3769091796875,0.9705915567798071,0.013274032366010088,0.012081449677197332,41.430024458588825,0.8565005093982548,18.790000915527344,0.01622504857343432,1
2018-11-30,244.15013446131957,246.3525782564014,243.82914372770225,245.7908172607422,98204200,0.006095290370266904,0.04710342814685564,0.009632791731416068,240.3364456176758,247.08074676513672,0.9727040603699011,0.013016646965822342,0.011925994420503336,47.146350528997054,1.022126638155896,18.06999969482422,-0.03831831748917813,1
2018-12-03,249.9192635351074,250.02626043622743,247.4493276948324,249.04541015625,103176300,0.013241311989516946,0.044111481308662936,0.02034833944519332,240.83310546875,246.85443939208983,0.9756077551687217,0.013581492362659223,0.012154100142803149,59.49747369976804,1.0848624610458584,16.440000534057617,-0.09020471434946853,0
2018-12-04,248.2162465946637,248.6442615655315,240.6637375292736,240.975830078125,177986000,-0.032402042956994004,0.0068929285510261895,0.004273662708587089,240.93565216064454,246.4840365600586,0.977489883414571,0.01654942023656024,0.014256345757849294,47.94178863763029,1.7670735441879333,20.739999771118164,0.26155712271131226,0
2018-12-06,237.11485424005295,240.7261366434541,234.01180724806255,240.61021423339844,204185400,-0.0015172303571193702,-0.017262470040106948,0.021657057807614732,241.44569702148436,246.1111376953125,0.9810433582262174,0.015192089175659921,0.014166810207502363,49.57671440225473,1.891856808628151,21.190000534057617,0.021697240496892922,0
2018-12-07,240.27137469945745,241.840735566678,234.18123028122503,235.0194091796875,161018900,-0.02323594229581505,-0.03799530284953212,-0.0054710536514520625,241.3164093017578,245.64193725585938,0.9823909223220458,0.017173546530305353,0.013987296189851799,39.72150883751194,1.4526896911105194,23.229999542236328,0.09627177710070955,0
2018-12-10,234.84108589571312,236.43719615217955,230.60561800382857,235.46527099609375,151445900,0.001897127637085383,-0.04200948749722733,0.003115149773816439,241.38953247070313,245.1672100830078,0.9845914239060531,0.017039599580797742,0.014029879587066143,39.44496487557332,1.3153771886488692,22.639999389648438,-0.025398199062172333,0
2018-12-11,238.66637314566984,238.85361777799957,234.04749080264145,235.5187530517578,121504400,0.0002271335192567392,-0.05431401886108089,-0.012598409380206732,241.08903045654296,244.69301666259764,0.9852713973810534,0.01612894743075812,0.013950869101924668,43.96699138515534,1.0450233960654358,21.760000228881836,-0.03886922192979203,1
2018-12-12,238.4969771011459,239.86124255957256,236.62444894734685,236.70469665527344,97976700,0.005035452965628684,-0.017724322897723188,-0.01095356683804627,240.8268829345703,244.2245300292969,0.9860880187001732,0.016189459213343162,0.013496188790490433,51.784897828383045,0.8432839761481513,21.459999084472656,-0.013786817153199848,0
2018-12-13,237.64981305297457,238.51474108187907,235.50979307571671,236.6243896484375,96662700,-0.00033927086353036096,-0.016565483712568274,-0.033541992586387126,240.00565185546876,243.75746826171874,0.9846084042757545,0.013857896963590402,0.013496727287453353,50.476476672350664,0.8325167874568907,20.649999618530273,-0.03774461791699035,0
2018-12-14,234.4754249536186,235.42952607242904,231.70232196988303,232.25515747070312,116961100,-0.018464842885494215,-0.011761801795999394,-0.049310211424236416,238.80099487304688,243.20017028808593,0.9819112979656719,0.014643926806060614,0.013995506764672913,46.51275710624263,1.0109847612941,21.6299991607666,0.04745760582760128,0
2018-12-17,231.30108550488023,232.4156821266384,226.0669441229971,227.69871520996097,165492300,-0.019618260840200796,-0.032983869567167035,-0.07360772160820228,236.99178466796874,242.59240264892577,0.9769134650557787,0.014746872775435498,0.014230979077140589,35.09308743675773,1.4119320980073213,24.520000457763672,0.13361079099064765,0
2018-12-18,229.339416061152,230.00817404669752,225.8440290168278,227.4490509033203,134515100,-0.0010964677881929452,-0.03426352272960653,-0.08671655197090455,234.83214874267577,242.00853271484374,0.9703465663310978,0.013110521692046366,0.014175009316031613,33.39148462027906,1.1438147782477144,25.579999923706055,0.043229993725663274,0
2018-12-19,227.52930839320615,231.30109978443372,222.3397532769953,224.0428466796875,214992800,-0.014975680092332633,-0.05349217888154589,-0.07026838912826971,233.13885040283202,241.35653869628905,0.9659520792855015,0.01055653927440505,0.014084252196304733,19.104390850837305,1.7450894885478725,25.579999923706055,0.0,0
2018-12-20,222.79445725954528,224.363804173707,218.1488132376965,220.39584350585935,252053400,-0.016278150487180065,-0.06858357317556985,-0.08401293682374844,231.11741333007814,240.6390936279297,0.9604316981322505,0.010703246787301108,0.013966197441113526,17.487218565640404,1.9538973272393954,28.3799991607666,0.10946048652899609,0
2018-12-21,221.2972708382368,223.9610187100672,215.23432328750377,215.8800811767578,255345600,-0.02048932619267607,-0.07050468317807268,-0.0814372228648419,229.20348052978517,239.9936196899414,0.9550398915850492,0.010316613503576638,0.01438548437193965,12.41472402989595,1.8504722372747042,30.110000610351562,0.06095847430385293,0
2018-12-24,214.391257590333,216.00565237267747,210.11312852383375,210.1759033203125,147311600,-0.026422900275708483,-0.07695612982923805,-0.10740168844772346,226.67454376220704,239.34338134765625,0.9470683604697336,0.0110348185473056,0.015203411049111451,3.9897826999479094,1.0286073466945866,36.06999969482422,0.19794084900893893,1
2018-12-26,211.6378306042303,220.7950134277344,209.6557098934448,220.7950134277344,218485400,0.05052486959572211,-0.02925506810935996,-0.06251620914784528,225.2021697998047,238.83811431884766,0.9429071672336223,0.022426539786134656,0.01918884796856846,27.471543253028997,1.455212977823803,30.40999984741211,-0.15691710272524007,1
2018-12-27,217.5572333476557,222.68739900328913,214.31948044557623,222.49009704589844,186267300,0.007677182522597192,-0.006930592325534168,-0.060052038722647416,223.78070983886718,238.39439086914064,0.9386995600987307,0.022588728552596173,0.01929612643694118,30.35507500512827,1.1964904109317143,29.959999084472656,-0.014797789056146593,0
2018-12-28,223.84440983280513,225.4767323217771,221.0371572860196,222.20310974121097,153100200,-0.0012898879927598639,0.008200092191410047,-0.06094587260701578,222.33858184814454,237.8379278564453,0.9348323198575128,0.02256448826245734,0.01827841093724838,34.299623645120576,0.9754613182147858,28.34000015258789,-0.05407206212914606,1
2018-12-31,223.82647408811937,224.3915156531046,221.9519889312692,224.14935302734375,144299400,0.008758848102528694,0.0383049320970712,-0.034900428182663035,221.5280014038086,237.31949615478516,0.9334589234898889,0.022541575488034253,0.01851928347717715,36.62915522079561,0.9015938126789547,25.420000076293945,-0.10303458223613671,0
2019-01-02,220.61564101388456,225.30635670743425,220.58873557425875,224.3825531005859,126925200,0.0010403780786898409,0.06759409406996664,-0.01456381563820952,221.1963851928711,236.87795471191407,0.9337989491756861,0.02181703122931458,0.01840648512175495,36.89715818017816,0.7859861658602516,23.219999313354492,-0.08654605650419012,0
2019-01-03,222.63360250759496,222.9385535931449,218.54381198522043,219.02813720703125,144140700,-0.02386288871200426,-0.008002337522361902,-0.037023296702471065,220.3542938232422,236.33200103759765,0.9323929592936777,0.022956725004760557,0.018406145443340217,31.059679330159483,0.88141387295527,25.450000762939453,0.09603796363173966,1
2019-01-04,222.0595916892461,227.01039710544208,221.68290190659857,226.36463928222656,142628800,0.03349570593416806,0.017414448048574727,0.010363163283041654,220.5864730834961,235.95489013671875,0.9348671390352716,0.02527234539250209,0.019350637130584367,40.486141591412725,0.8817001904205309,21.3799991607666,-0.15992147269793522,1
2019-01-07,226.6336926865011,229.55753053557964,225.73680839944248,228.14942932128903,103139100,0.007884579697261085,0.026760739698933333,0.03518027242298505,221.36183166503906,235.6384426879883,0.9394130649477553,0.024548050711606848,0.019500809249153893,46.001089667508694,0.6581386535529555,21.399999618530273,0.0009354751425985075,1
2019-01-08,230.33784464859812,230.77730922015044,227.80862422016872,230.29298400878903,102512600,0.009395397980511033,0.027408649181761557,0.06676346772461272,222.8031219482422,235.51270599365233,0.9460344018731937,0.023044819760343054,0.019031973930082397,52.65139582770616,0.6665838036858724,20.469999313354492,-0.043457958960452236,0
2019-01-09,231.00153681805648,232.21233619521877,229.77280960690817,231.3692626953125,95006600,0.004673519217947231,0.031137490407262547,0.10083629493292046,224.92245788574218,235.32360656738283,0.9558006575143052,0.019968316523663123,0.019063128163755567,53.939965727826696,0.6293242752261187,19.979999542236328,-0.0239374590891408,0
2019-01-10,229.83560729240676,232.4365666030396,229.15396638327567,232.18544006347656,96823900,0.003527596356819762,0.060071290493644014,0.051588242229348324,226.0615005493164,235.23553955078125,0.9610006250799343,0.013949730849757279,0.01908590513357926,58.63307525227051,0.6466479031456364,19.5,-0.024024001663345507,0
2019-01-11,231.10916508585217,232.3020366626938,230.5261957013551,232.2751312255859,73858100,0.00038629107012400077,0.026110491294491833,0.043979639137237125,227.04000396728514,235.17548370361328,0.9654067694123206,0.013992277519175148,0.019042672439236616,63.622419465413685,0.49727355990878236,18.190000534057617,-0.06717945979191708,0
2019-01-14,230.3736765475915,231.66519206414895,229.97009505537687,230.8580017089844,70908200,-0.0061010815455107,0.011871922694494552,0.03895036382638106,227.9054931640625,235.01735473632812,0.9697389940404845,0.014289260850871706,0.019079303805344706,68.48973431930897,0.48158778177183026,19.06999969482422,0.048378182239134926,1
2019-01-15,231.2347440222796,233.81777548974284,231.22576641958676,233.5038604736328,85208300,0.011460979238587354,0.01394257180115055,0.04173336804210148,228.8409439086914,234.86114044189452,0.9743669960817015,0.01441592267982225,0.018814259091721082,81.14961020734764,0.5850180084919588,18.600000381469727,-0.024646005289767015,0
2019-01-16,233.93435413014328,234.95681551959413,233.728088228256,234.06890869140625,77636700,0.002419866706389051,0.01166812723801125,0.04316893384521814,229.80957946777343,234.66486541748046,0.9793097021956431,0.014389009167677314,0.01821377951095529,74.2304302727324,0.5496094202131632,19.040000915527344,0.023655942206107117,1
2019-01-17,233.19887351536877,236.70569408072615,233.1540128821755,235.84466552734375,96118400,0.0075864703512529275,0.015759926474574915,0.07677793608963146,231.4912322998047,234.53299560546876,0.9870305527893358,0.010436994468193779,0.018251163601284294,74.30610520773124,0.6898213026636681,18.059999465942383,-0.051470661894021164,1
2019-01-18,237.65643902527583,239.45020783176548,235.8805980533848,238.9838104248047,127900300,0.013310222177134623,0.028882468664728878,0.05574709540585454,232.7531494140625,234.43715728759764,0.9928168047547631,0.005739933409511533,0.017962535783716514,77.6691994162936,0.9475255084899642,17.799999237060547,-0.01439646935605643,0
2019-01-22,237.5129025266222,237.72814599602768,234.1406088620099,235.75498962402344,115531200,-0.013510625657201958,0.021212121212121016,0.03333587256983206,233.51370544433593,234.2458923339844,0.9968742807724265,0.008195607117477724,0.017813125716072895,68.35964863579647,0.901479103271306,20.799999237060547,0.1685393330665903,0
2019-01-23,236.78644235026223,237.4860110376435,233.78187434995297,236.2483062744141,86030300,0.002092497177588415,0.011753320888205021,0.025859764209741565,234.10923767089844,233.959453125,1.0006402158318364,0.00791412120038164,0.016903421274013865,68.61791934694581,0.7187663062278841,19.520000457763672,-0.06153840510802655,0
2019-01-24,236.0689639186573,236.95689819455436,235.0554800443033,236.3739013671875,59204100,0.00053162325162881,0.00984749614405267,0.021630525220048602,234.60970153808594,233.68462127685547,1.0039586698353355,0.007901021099525297,0.015293220381150552,82.55871769109255,0.513540037388677,18.889999389648438,-0.03227464412607961,1
2019-01-25,238.22147999352148,239.1991081892339,236.47257163299076,238.37396240234375,96883400,0.008461429216964689,0.01072441841898164,0.026653360939322246,235.22855377197266,233.4986557006836,1.0074085997030602,0.008145456569081479,0.011189524391520178,78.18927977638936,0.8871607402294414,17.420000076293945,-0.0778189179910741,0
2019-01-28,236.23035203624687,236.62495591897456,234.795331784632,236.56219482421875,85613700,-0.007600526332095736,-0.010132969242901413,0.018456834255188737,235.65726013183593,233.36900939941407,1.0098052896496874,0.00876182415949712,0.011436630163882753,69.72216359688517,0.8218379230180125,18.8700008392334,0.08323770129672337,0
2019-01-29,236.7057260444957,237.27074018486155,235.4142104107552,236.2483062744141,66136300,-0.0013268753700814706,0.002092497177588415,0.02334900469347656,236.1962905883789,233.24218048095702,1.0126654196995173,0.008402218993632552,0.011437385981665932,65.27120426714771,0.6625206554673309,19.1299991607666,0.013778394804977001,1
2019-01-30,237.7640257746446,240.83135465460592,237.0016686699602,239.98828125,92473700,0.015830695400803174,0.015830695400803174,0.02777007953193733,236.84473266601563,233.22332244873047,1.0155276504050372,0.009020044423785446,0.01172619378332938,69.44528594955757,0.951043040714779,17.65999984741211,-0.07684262299233602,1
2019-01-31,239.92554817971035,242.5803182688337,239.7102773173702,242.0959930419922,104012100,0.008782561302635328,0.024207798076302467,0.034293680418567396,237.6474411010742,233.19632720947266,1.0190874099299312,0.009214180600112047,0.011768967615274389,71.12785007280118,1.0824634522456291,16.56999969482422,-0.06172141347711391,0
2019-02-01,242.29334754787808,243.23509271610655,241.42336846884933,242.2126312255859,85782500,0.0004817848578497763,0.016103557555346537,0.027000677263585793,238.28423767089845,233.15900360107423,1.021981712010544,0.00913038677727701,0.009852346673582804,71.16098443494822,0.9207053548060293,16.139999389648438,-0.02595053187056462,1
2019-02-04,242.25743015243617,243.97946022939053,241.5847668579717,243.9166717529297,60744800,0.0070353082691079205,0.031088978245978005,0.020640985342716744,238.77752380371095,233.2383297729492,1.0237490726166405,0.008515492668996268,0.007277040650848102,77.47155142250917,0.6819418629316479,15.729999542236328,-0.025402717652831308,0
2019-02-05,244.3472313735373,245.24411593228007,243.84497821030092,244.93917846679688,79552800,0.0041920329041833515,0.03678702433653802,0.038956498258722716,239.6959426879883,233.42691802978516,1.0268564770126607,0.0065213797587763064,0.007213615725756209,75.82003614822294,0.9050694620629397,15.569999694824219,-0.010171637130852895,0
2019-02-06,244.66108683574345,245.15436227457596,243.8808018390595,244.61622619628903,58347800,-0.0013184998517973279,0.019284045546657413,0.03542002079860507,240.5327346801758,233.59299682617188,1.0297086725556592,0.006709887796196244,0.00715673073148633,74.07824124744577,0.6809279080802524,15.380000114440918,-0.012202927688332643,0
2019-02-07,243.00187466224952,243.54896103786973,240.62513634791188,242.2843780517578,95482000,-0.009532679744065908,0.0007781417916030708,0.025004776967271214,241.1237823486328,233.7440036010742,1.0315720558981847,0.007861677591631698,0.007673035287803944,64.33706452873137,1.113980784350648,16.3700008392334,0.06436935743992156,0
2019-02-08,241.03771034218343,242.6789969406424,240.21256455574564,242.58035278320312,75788900,0.0012216005580933942,0.0015181766357788007,0.01764618223595882,241.54442138671874,233.8251351928711,1.033013072728389,0.007580057898658305,0.007671504082721664,59.16779139553248,0.895207787133295,15.720000267028809,-0.03970681361522943,0
2019-02-11,243.23503672054903,243.49511346448097,242.18567003084087,242.71482849121097,68021400,0.0005543553155271663,-0.0049272698462207165,0.02600852461469616,242.15968475341796,233.89290832519532,1.0353442799416939,0.006863993406883602,0.007669481361612554,71.06392883004047,0.8062383691515511,15.970000267028809,0.015903307617898044,1
2019-02-12,244.32926977124873,246.2127051877354,244.2575036888499,245.8360290527344,72270200,0.012859538005674187,0.0036615236139494467,0.04058324450878259,243.11845703125,233.91289489746094,1.039354658655413,0.007408464863619541,0.007757025916391998,75.03500209175854,0.8559073282435787,15.430000305175781,-0.03381339717118825,0
2019-02-13,246.6701756511055,247.4773663339985,246.2486387853758,246.63429260253903,65277200,0.0032471381549747935,0.008249928623420999,0.027693066169409253,243.7830581665039,233.9595462036133,1.0419880792311902,0.006137349648046544,0.007508795012734409,75.88223022319326,0.7823213673857469,15.649999618530273,0.014257894297040163,0
2019-02-14,245.54900683698227,247.21722603270476,244.73283875879804,246.0871429443359,83234400,-0.002218465455186669,0.01569546052930293,0.01648581561468232,244.1821731567383,233.96547271728517,1.0436675562457824,0.005918389915327779,0.007591222297290488,70.99579578182593,0.9941964476346978,16.219999313354492,0.036421706627348005,1
2019-02-15,247.86292170536063,248.8046666036504,247.65665584220744,248.7687835693359,97088700,0.010897117959578262,0.02551084914804891,0.027067755758963363,244.8377883911133,233.95994018554688,1.046494490453962,0.0065701051691616505,0.007741796564559284,81.72476342382893,1.1590080267364493,14.90999984741211,-0.08076445877921923,0
2019-02-19,247.97056799727545,249.85400303103305,247.96159039611473,249.1992950439453,59120800,0.0017305687169926198,0.026716400448393518,0.02165749168784381,245.36605072021484,234.1244094848633,1.0480156736330322,0.006392365620582778,0.007328459735144392,83.45663420164263,0.7359758017617742,14.880000114440918,-0.002012054545821984,0
2019-02-20,249.16343253351516,250.1589883686266,248.6611795003781,249.7015686035156,76610800,0.0020155496807554574,0.015724056256831265,0.019443153874072028,245.84228973388673,234.30623657226562,1.049234938558979,0.006352543509416738,0.006341363959456184,80.1333199527387,0.9773805925063975,14.020000457763672,-0.05779567540746344,0
2019-02-21,249.0647861823057,249.4235344355389,247.85398687824855,248.81365966796875,64214700,-0.0035558804877060535,0.008836431635003139,0.017159260188698733,246.26203308105468,234.58212158203125,1.049790288451028,0.006517538166737928,0.006502794704027287,72.54646297557662,0.8307956417536565,14.460000038146973,0.03138370656326539,1
2019-02-22,249.43250603911775,250.55361153324364,248.79572578226137,250.3563232421875,78114600,0.0062000758972693415,0.01734824601875795,0.03331599525870099,247.06922760009766,234.87994262695312,1.051895810416235,0.005280380487934352,0.006530707916186586,74.94482464003991,0.9984158702347973,13.510000228881836,-0.0656984651977136,0
2019-02-25,251.78240882266988,252.30258981698813,250.6164424887071,250.69715881347656,69030700,0.0013614018886167756,0.007751676944640407,0.03346027795386841,247.880908203125,235.1835107421875,1.053989318472487,0.005274462375504217,0.006404108015977463,72.6617450266822,0.8983003063077987,14.850000381469727,0.0991857979190276,0
2019-02-26,250.3473357536427,251.39667512709303,250.1410424974036,250.5177459716797,56844100,-0.0007156556645716572,0.005290749026805486,0.032148499244871065,248.66119995117188,235.45977172851562,1.0560665973883534,0.0053627151991847795,0.006002627627345208,69.75817652583994,0.7538262976092871,15.170000076293945,0.021548800444713967,0
2019-02-27,249.80023878389963,250.7599116821965,248.8674986941112,250.41014099121097,56921600,-0.0004295303713968135,0.002837676958371338,0.018606353007334597,249.11861114501954,235.73548675537108,1.0567717850793354,0.004223750250450007,0.00597275148980242,70.83877567596677,0.7594945153681903,14.699999809265137,-0.030982219160517688,0
2019-02-28,250.19489793297217,250.63438995969776,249.62090607319368,249.9437713623047,69268300,-0.001862423091414045,0.004542000209490249,0.013418566918830699,249.4495590209961,236.08925903320312,1.0565900373549566,0.004343743299995809,0.005225229966336469,81.81792827170057,0.9387675943622146,14.779999732971191,0.005442171751297131,1
2019-03-01,251.5222460706085,251.916877369195,250.06929782160273,251.5043182373047,78880500,0.00624359177463929,0.0045854443788369,0.022013239814784313,249.99127655029298,236.56537109375,1.0567534690071876,0.004396922277523679,0.005081857884816287,83.54657932624758,1.0875592721561222,13.569999694824219,-0.08186739242272834,0
2019-03-04,252.56260326501933,252.80475215233457,248.29342559486247,250.5894470214844,106494600,-0.0036375964525470206,-0.0004296490335269354,0.007318697410605868,250.1733428955078,237.02817901611328,1.0554582325779118,0.003511463392917049,0.005224704053734557,77.96135578747547,1.4476171523192716,14.630000114440918,0.0781135183091417,0
2019-03-05,250.7150393106737,250.91235494711543,249.70155569489256,250.24864196777344,59114600,-0.0013600135910022404,-0.0010741913825804694,0.004210874367213124,250.2782775878906,237.552294921875,1.0535712890932116,0.003549901319355071,0.005110714337410911,69.52335430244948,0.8044561032285492,14.739999771118164,0.007518773466629547,0
2019-03-06,250.3652000697248,250.37417766968233,248.4099992301901,248.7328643798828,75039800,-0.006057086168267056,-0.006698117754691979,-0.003879447890737575,250.18140716552733,238.11903533935546,1.0506568985926772,0.004033228812282724,0.005314670864238237,58.73068270114636,1.024318273352973,15.739999771118164,0.0678426062094939,0
2019-03-07,248.2844846321337,248.4279894138157,245.80910241765017,246.6521759033203,94885100,-0.008365153039787798,-0.01316934381298529,-0.008687158765852465,249.9652587890625,238.7344772338867,1.0470429813293078,0.0046874932637426,0.0056821351342986395,52.084698549099464,1.2636999459946474,16.59000015258789,0.05400256631702249,0
2019-03-08,244.7956808310792,246.32934580769265,244.3293107003256,246.158935546875,85795800,-0.0019997405441039007,-0.02125364179785616,-0.016765654811330966,249.54552001953124,239.45413787841798,1.0421432773328692,0.003978375700148592,0.005217685502462287,38.51654113833549,1.1500647981979828,16.049999237060547,-0.03254978363837502,1
2019-03-11,246.8763541383958,249.88987191839755,246.849448707172,249.7284393310547,65098900,0.014500809309438978,-0.0034359295679194934,-0.0038641023576283517,249.44864807128906,240.03280639648438,1.0392273115336228,0.006479108935805182,0.00605156062394022,51.82432062758567,0.8789269187595877,14.329999923706055,-0.10716507134672604,0
2019-03-12,250.2845885402205,251.19045065167552,250.0962504574032,250.6702423095703,79667500,0.00377130847026641,0.00168472579304213,0.0006087246925328138,249.46389770507812,240.5964093017578,1.03685627906524,0.006606494360476867,0.006068658668478803,53.241439032883726,1.0672330355092179,13.770000457763672,-0.03907881848735939,1
2019-03-13,251.5581602847145,253.26223526485663,251.39670028201837,252.3294677734375,80639200,0.0066191561015771505,0.01445970319411316,0.007664732644729,249.65583038330078,241.19893646240234,1.0350619038580076,0.006914867874165519,0.005603578398132058,61.18732945552005,1.0742283286705048,13.40999984741211,-0.026143834305291547,0
2019-03-14,252.3563831219552,252.7779199246628,251.72858040500805,252.1680450439453,67518400,-0.0006397299963281089,0.022362945392328637,0.008899096262800832,249.87825775146484,241.75931030273438,1.0335827705603717,0.006873535323085706,0.005600597977377744,56.32050030395978,0.898100011898245,13.5,0.006711420851004624,0
2019-03-15,252.72023115792376,254.2246100494532,252.53103603472823,253.4138641357422,81309000,0.004940432050301036,0.029472538028121553,0.007592497464141923,250.0692123413086,242.3399365234375,1.031894354388112,0.006772742557710338,0.005604437807685295,58.91477681262756,1.0829232254461187,12.880000114440918,-0.04592591744882091,0
2019-03-18,253.63003730487665,254.62997826920073,253.4048285956763,254.3326873779297,62199800,0.0036257812701807612,0.018437019264639476,0.01493774139708437,250.44353637695312,243.04602752685548,1.0304366581316793,0.006634741364655283,0.005181469935808719,61.9392265404437,0.8481200309142108,13.100000381469727,0.017080765921899888,0
2019-03-19,255.395708234402,256.16139589718296,253.50394946882147,254.3957672119141,90268100,0.0002480209470310246,0.014862254362617344,0.016572018978927128,250.85824890136718,243.60665008544922,1.0297676554124213,0.006576860372028799,0.005182869270692017,62.50826056058793,1.2052490790372037,13.5600004196167,0.0351145057062483,0
2019-03-20,254.17957423403703,255.38668967995292,252.52204134600487,253.6300506591797,84609200,-0.003009942190180248,0.005154304399000997,0.019688537304895615,251.34796752929688,244.11626251220704,1.029624019893915,0.006241399163479672,0.0052546722175796775,61.3554490963923,1.1236919493105353,13.90999984741211,0.025811166442818223,1
2019-03-21,252.81030916798105,256.9000796525872,252.76525093004852,256.4947204589844,79550400,0.011294678183281004,0.017157905214695512,0.03990455190438702,252.33222198486328,244.64029724121093,1.0314417732090484,0.005697119393141061,0.005642596816903507,64.22947033726848,1.045855573264674,13.630000114440918,-0.020129384330890843,0
2019-03-22,255.13438959623505,255.6568615948623,251.4950099280279,251.55807495117188,122659300,-0.019246577469425596,-0.00732315570381048,0.021933550339344743,252.87213592529298,245.04407348632813,1.0319455285230623,0.009216749505988666,0.0071919023481093565,52.24664383687688,1.566735209062183,16.479999542236328,0.20909753513324247,0
2019-03-25,251.21578825346356,252.4048967493941,250.1077790792835,251.3689422607422,85575200,-0.0007518450380350483,-0.011653024814633706,0.006569147407007092,253.03618621826172,245.42774353027343,1.0310007441642381,0.008158107338656474,0.0071904558592352725,52.616845613950034,1.0816288844226467,16.329999923706055,-0.009101918852961188,1
2019-03-26,253.12557810981843,254.1975737908098,251.8373908599879,253.24269104003903,68125900,0.007454177761361036,-0.004532607537115707,0.010262282059359196,253.2934310913086,245.8470947265625,1.0302884863171888,0.008392666167430073,0.007368057477762599,60.36097747028305,0.8549823508874004,14.680000305175781,-0.10104100589339193,0
2019-03-27,253.23363752069528,253.8192020876901,250.36898967985053,251.91842651367188,72224700,-0.005229230983640809,-0.006748506894428852,-0.0016289863542006122,253.25232696533203,246.26830322265624,1.0283594098439919,0.008355885160329288,0.007479542999347722,62.53445687252537,0.8978010960490808,15.149999618530273,0.032016301334052644,0
2019-03-28,252.5490646890563,253.32376949182063,251.39599713964745,252.87335205078125,56238500,0.0037906140901429186,-0.014118685958614985,0.002796972180646451,253.32285766601564,246.65569305419922,1.027030248234941,0.008442936299506746,0.0074992409979793605,65.63762901765344,0.704789696311379,14.430000305175781,-0.04752470834876099,1
2019-03-29,254.38688466776097,254.7922440437999,253.26084058213505,254.46795654296875,82186800,0.00630594121229211,0.011567434646499342,0.0041595688176789825,253.4282669067383,247.06367401123046,1.0257609416721396,0.008536640696599184,0.007501718901416486,62.15642271815372,1.0278484102809353,13.710000038146973,-0.049896067345927775,1
2019-04-01,256.46773627787417,257.78294768431635,256.19746928226925,257.48565673828125,77617900,0.011858861273965404,0.02433361266720957,0.012397027660335125,253.74356384277343,247.49649383544923,1.0252410444710285,0.009244797613047119,0.007832604091820877,65.79852673711108,0.9885589860080476,13.399999618530273,-0.022611263220579714,0
2019-04-02,257.67488146159405,257.8460423310676,256.81907711422633,257.61181640625,40070400,0.0004899677503085176,0.017252720496166996,0.012641913148094597,254.06516876220704,247.86905395507813,1.0249975328031544,0.009242137741162601,0.007809338460354583,63.18167487354603,0.5166108321264267,13.359999656677246,-0.0029850718650553665,0
2019-04-03,258.82792742524794,259.224297037764,257.41360983019285,258.0171813964844,68243200,0.0015735496759787804,0.024209244902065663,0.0172973617515062,254.5038818359375,248.31429779052735,1.0249264102006383,0.009117700258576241,0.007605465458657747,64.4204819304303,0.8837026596532316,13.739999771118164,0.028443123069318066,0
2019-04-04,258.34148420891455,258.9540454679294,257.64785109132174,258.7018127441406,48997500,0.0026534331704222147,0.023048931989436916,0.008604825398381477,254.72459106445314,248.76336791992188,1.0239634283551355,0.008501697125812311,0.007214714740457345,63.40793989174633,0.6539121925947071,13.579999923706055,-0.011644821694133722,0
2019-04-05,259.3684117534433,260.0079968724831,259.08013797058265,259.9539489746094,58621700,0.004840075209318728,0.02155867680225687,0.033375490033731525,255.56417846679688,249.2349688720703,1.0253945488603378,0.004744818047156102,0.00715643397245946,64.0161652255895,0.796803580972306,12.819999694824219,-0.05596467107154646,0
2019-04-08,259.5305518187939,260.2602259211894,258.87293241545575,260.1521301269531,53566300,0.000762370231825571,0.010355813300242156,0.03494142031715364,256.44249725341797,249.6705322265625,1.027123605523099,0.004623813894845526,0.006607934810533241,64.25697620543096,0.7338407235070612,13.180000305175781,0.02808117152271894,0
2019-04-09,259.18822378928195,259.51251116404137,258.2693820694969,258.8188781738281,66142300,-0.005124893470887071,0.004685583854098452,0.022019143418861686,257.0001159667969,250.11566589355468,1.0275250654478083,0.005099981963674933,0.006784279869352856,62.499935672501756,0.9146011535963496,14.279999732971191,0.08345974220982688,0
2019-04-10,259.233299875117,259.7918407148285,258.8189234377999,259.7017517089844,52601500,0.0034111635958922193,0.006528907506788917,0.030896212329629247,257.7784484863281,250.5847348022461,1.0287077091497974,0.004384736198652586,0.006697298554492228,58.54132326788846,0.7417405630482299,13.300000190734863,-0.06862742020741086,0
2019-04-11,260.1880907874931,260.1971079322782,259.0620473411593,259.62957763671875,55093100,-0.0002779113802301447,0.0035862326697173597,0.026717823492056647,258.4540710449219,250.97756072998047,1.0297895568559818,0.00449634545548943,0.006691807952866889,79.01508419724657,0.783740929658764,13.020000457763672,-0.021052611199678495,1
2019-04-12,261.24218510316035,261.66557870970394,259.67474078975937,261.3863220214844,69727800,0.006766349199333943,0.005510103049116921,0.02718757038215691,259.1459075927734,251.36336730957032,1.0309613145563028,0.004540093176554153,0.006753666438056525,82.36264955116178,1.0001695450598271,12.010000228881836,-0.07757297952163933,0
2019-04-15,261.45839504620494,261.55750121194006,260.4134229336511,261.2151794433594,49596700,-0.000654749555376255,0.004086260281195742,0.014484390130006242,259.51885986328125,251.74341827392578,1.0308863748759258,0.0032847265861918468,0.006752972549752112,78.94002789400295,0.7178998007188885,12.319999694824219,0.025811778520777207,0
2019-04-16,262.09798946467595,262.1520373726342,260.7917675426377,261.3863220214844,52153200,0.0006551785332296056,0.009919847677926752,0.014651911810140028,259.8963104248047,252.09281127929688,1.0309548658127432,0.003279807114216132,0.006750064267593361,87.50840252825427,0.7763194089676583,12.180000305175781,-0.011363587103598194,0
2019-04-17,262.5033465958171,262.5303705495719,260.3323306731585,260.7467346191406,58268300,-0.002446904632948499,0.0040237807534206915,0.010578959152576228,260.1692657470703,252.40896240234375,1.030744959572222,0.0035032126239660246,0.006731950232882615,81.99080928396238,0.8846889609627009,12.600000381469727,0.03448276402057804,0
2019-04-18,261.3321224461844,261.5303071574477,260.03491842542303,261.2600402832031,68708500,0.0019685986281372525,0.006279957242644185,0.009888711300189534,260.4250885009766,252.74183868408204,1.030399596113164,0.0034751488262459757,0.006321432461543856,80.2558992498661,1.0518602457343693,12.09000015258789,-0.040476207415983234,0
2019-04-22,260.49445510855935,261.63850560047865,260.404366115119,261.4853515625,40160100,0.0008624023752450416,0.0003788627509264675,0.005891053372842681,260.57822875976564,253.12585815429688,1.0294413643071032,0.0032024360956062923,0.004177274994777444,73.71733622873688,0.6562538911869701,12.420000076293945,0.027295278704807746,1
2019-04-23,261.8547302286173,264.07080428337645,261.62053180568597,263.8365783691406,52246600,0.008991810793954391,0.010035400436404052,0.014162667975809118,260.94667358398436,253.5509826660156,1.0291684569320347,0.004164041299004071,0.004407968648967218,79.20483604468359,0.8776582386394656,12.279999732971191,-0.011272169280415079,0
2019-04-24,263.7554418762262,264.08874637015623,263.1068396883929,263.2509765625,50392900,-0.002219562618119175,0.007133711230927986,0.017124324237643762,261.38988342285154,253.9617056274414,1.0292492042335988,0.0037364317031853868,0.004358414235263639,74.14711207855439,0.8593180078065716,13.140000343322754,0.07003262451565884,0
2019-04-25,263.1519017144585,263.7464560815874,261.89975542696516,263.0888366699219,57770900,-0.0006159137363717093,0.008982287176873882,0.013042210684558686,261.7285919189453,254.30676177978515,1.0291845568211317,0.003749182762792904,0.0040711353697763155,71.26563627971929,0.9974221433244113,13.25,0.008371358736922963,0
2019-04-26,263.13393411556547,264.3860805896111,262.3592016461365,264.31402587890625,50916400,0.0046569410716637005,0.01168944777162495,0.018042814246465033,262.19703674316406,254.6603564453125,1.0295950276794263,0.003841620011120503,0.004093725541423662,71.1903723677224,0.8831357281497996,12.729999542236328,-0.039245317567069615,0
2019-04-29,264.40404516990714,265.2508321267672,264.3139561868012,264.72833251953125,57197700,0.0015674788322237454,0.012402151545594764,0.01278571300977327,262.53123779296874,255.0331802368164,1.029400321751036,0.003423314497894689,0.0039805333873818745,71.78314618167028,1.0140600110097306,13.109999656677246,0.029850756331933237,0
2019-04-30,264.3860229636108,265.15173811806574,262.9717330802613,264.86346435546875,81111700,0.0005104547543188787,0.0038921289560214234,0.013966588465049279,262.8960662841797,255.35507385253905,1.0295313984479328,0.0033696851905191997,0.003238833535302933,82.47724924984013,1.4335921910718648,13.119999885559082,0.0007627939850283205,0
2019-05-01,265.4940832056484,265.70128514541994,262.86363299957645,262.8726501464844,71671900,-0.007516379104339332,-0.0014371320515340624,0.005686327094337473,263.04469909667966,255.62854095458985,1.0290114637215224,0.004401376244910952,0.003804951720635953,65.2244754425038,1.2323352977329638,14.800000190734863,0.12804880486507653,0
2019-05-02,262.75547108216637,263.67434011390185,260.8096647395023,262.3050537109375,65030200,-0.00215920688299287,-0.0029791570364794406,0.005976370496347805,263.2005310058594,255.88061065673827,1.028606780053924,0.004380312072764792,0.0038673133079069684,62.26243027464934,1.1212342193838092,14.420000076293945,-0.02567568307727497,1
2019-05-03,263.7824341896292,265.15169309250166,262.4131477954623,264.8724365234375,56543700,0.009787774868147414,0.0021126788208625236,0.013826822641222147,263.5617706298828,256.2017861938477,1.028727295564077,0.00526032831016412,0.00434387702942032,64.8726554993399,0.9686108564167769,12.869999885559082,-0.10748961043925498,0
2019-05-06,260.56648365013655,264.22387098797896,260.25118595039874,263.782470703125,107198100,-0.004115059440003455,-0.0035729527225291102,0.008784886521935542,263.79148254394534,256.4703091430664,1.0285458906543252,0.00554331677149104,0.004408697718040626,60.15646693790822,1.7629847070700475,15.4399995803833,0.19968917775266748,0
2019-05-07,261.37735791561954,261.971912515122,257.46773599584094,259.37750244140625,144729900,-0.0166992455942091,-0.020712414705487237,-0.016900901138490187,263.3455749511719,256.643916015625,1.0261126740878552,0.007104259387525093,0.005885729581235084,44.04706997371938,2.2142455813163626,19.31999969482422,0.2512953510290572,0
2019-05-08,259.0170593261719,260.72864014867525,258.4225049894771,259.0170593261719,91568300,-0.0013896467960470282,-0.014667143265623128,-0.016083196695465762,262.92218322753905,256.8139022827148,1.0237848531194387,0.007102106614405474,0.005777241595804317,44.7880573517836,1.3741901233409932,19.399999618530273,0.004140782865927672,0
2019-05-09,256.9451804502703,258.8369119830217,255.20654798317443,258.2333679199219,103471100,-0.0030256362584332175,-0.015522711947070111,-0.01845562438702708,262.43663635253904,256.9703668212891,1.0212719839990403,0.007105988944221056,0.005759651766417868,41.02610967947419,1.495725763685503,19.100000381469727,-0.015463878503069517,1
2019-05-10,257.2965280885226,260.28730734891536,254.3057488281299,259.5306091308594,112429300,0.005023522797951374,-0.02016754730198378,-0.018097476031174953,261.9582946777344,257.1621035766602,1.0186504583465754,0.0071440627434060395,0.005879891895329307,44.55069361614519,1.5605499727148429,16.040000915527344,-0.16020939292289793,0
2019-05-13,254.41373494425855,255.3776071301468,252.1706379629067,253.00840759277344,127290500,-0.02513076033662509,-0.04084449994585604,-0.04427151720110323,260.7863021850586,257.1921853637695,1.0139744402272783,0.010115765638079852,0.007919411843983397,25.509272265066613,1.6989554581515907,20.549999237060547,0.28117194913420174,1
2019-05-14,254.02640467494984,256.82801528908266,253.90030209434337,255.2965850830078,77003200,0.009043879260792309,-0.015733505489051947,-0.036120041304078865,259.8296142578125,257.286328125,1.0098850418961123,0.010911363617438849,0.008269380854585274,33.29558570665928,1.0093071951109618,18.059999465942383,-0.12116787657235606,1
2019-05-15,253.66603371953337,257.43151607626385,253.45883184669495,256.79193115234375,73956400,0.005857289743416372,-0.008590662636726587,-0.023131805422710094,259.22154235839844,257.4171939086914,1.0070094325181211,0.011196333647106947,0.00840855097515406,37.47754494652056,0.9557154364795963,16.440000534057617,-0.08970094018772068,1
2019-05-16,257.49465974223233,260.53046913612627,257.42260504214363,259.17022705078125,76749600,0.009261567868448894,0.0036279553583868918,-0.011951072294668186,258.90805969238284,257.62594116210937,1.0049766670409432,0.011777506640844454,0.008694422093126845,40.21926459955458,0.9801072313135357,15.289999961853027,-0.06995137073275715,0
2019-05-17,256.8640914521032,259.98097268898067,256.8460571586275,257.4946594238281,100353000,-0.006465123891814972,-0.007844738290598618,-0.027854076462035082,258.1702819824219,257.84279083251954,1.0012701194741376,0.011209898705873748,0.008784343882719474,36.87498754127989,1.256146374542611,15.960000038146973,0.043819494961774064,0
2019-05-20,255.89119291392836,257.6027739491999,255.04440579803455,255.7921142578125,62877600,-0.006611963020224376,0.011002427514264834,-0.030291461081601856,257.3712463378906,258.03545440673827,0.9974259038535044,0.011270979742479216,0.008873424278640027,34.426458830839636,0.7760228422057514,16.309999465942383,0.021929788656569915,1
2019-05-21,257.48561696577354,258.47654081398997,257.2333843036183,258.09820556640625,46847100,0.00901549023622139,0.010973983386763697,-0.004932181330140617,257.2433166503906,258.2028497314453,0.9962838013521047,0.010721695604108206,0.008874837874006914,41.89109481545061,0.5801105126308773,14.949999809265137,-0.08338440841258887,0
2019-05-22,257.14333727037746,258.2603637668367,256.82803955212853,257.30548095703125,49482500,-0.0030714068996928745,0.001999867372712849,-0.0066079754499308585,257.07215881347656,258.3355545043945,0.9951094780842625,0.010751357846206951,0.008882730246559537,41.57317877354172,0.6130904174088562,14.75,-0.013377913833897748,0
2019-05-23,255.0804170309352,255.12544778002413,252.74725790735332,254.1615753173828,98733800,-0.01221857236757995,-0.019325721902528015,-0.015767879400472085,256.6649795532227,258.37219665527346,0.9933924117062465,0.01135679988279789,0.009221611202194354,32.29092505367365,1.1930409228824732,16.920000076293945,0.1471186492402674,0
2019-05-24,255.60287666150057,256.01728049453556,254.11650462748815,254.7380828857422,55268100,0.0022682719354389924,-0.010705373634754545,-0.01846613107088546,256.18572692871095,258.42359741210936,0.9913403013277086,0.011212658333266961,0.00915035839685329,34.78794909238363,0.6660758510158729,15.850000381469727,-0.06323875236403576,0
2019-05-28,255.01738417734387,255.97226710547216,252.35092019830472,252.36892700195312,70029400,-0.00930036002842849,-0.013382692683047925,-0.0025275072749739724,256.1217788696289,258.4026986694336,0.9911730031785673,0.008290199932255837,0.009261661211539311,37.34543887644808,0.8374992390925942,17.5,0.10410091979930125,0
2019-05-29,251.25185573751625,251.65721493237672,249.2700080360927,250.67530822753903,104972900,-0.006710884713635901,-0.02875997267232988,-0.018101600747876034,255.65965118408204,258.3295510864258,0.989664752285926,0.007817158196095705,0.009285142592588691,35.630093150673375,1.2377371954572043,17.899999618530273,0.02285712105887283,0
2019-05-30,251.4320858438472,252.2698834278174,250.2610111438648,251.3600311279297,62523800,0.0027315131483518496,-0.023106580578803992,-0.0211529233026857,255.11646118164063,258.2688363647461,0.9877942099887984,0.0075344419128749365,0.009288580356704098,38.11914431653518,0.7412167390757345,17.299999237060547,-0.03351957509812453,0
2019-05-31,248.81060617412783,249.6393588730026,247.94578489099905,247.97280883789065,86862800,-0.013475580325318703,-0.0243497329278195,-0.04320487866338363,253.99671936035156,258.1556915283203,0.9838896747023201,0.007141970857622911,0.009624842552482847,31.368052856587695,1.016598424557305,18.709999084472656,0.08150288494762292,0
2019-06-03,248.00889429301375,249.12592095273772,246.00903939141855,247.34228515625,96428000,-0.002542712987748774,-0.029032948845773565,-0.039427513915415324,252.98148193359376,257.97264282226564,0.9806523636224844,0.007122650679173127,0.009162515347388371,38.72386737627032,1.1028059978428333,18.860000610351562,0.008017185099885582,1
2019-06-04,249.63937693861945,252.84634716122832,249.1889594636316,252.7112274169922,77231900,0.02170652809061968,0.0013563492903245766,-0.01204449499844662,252.67339324951172,257.995705871582,0.9793705379549245,0.010697478033986437,0.010737104392091133,45.416872694695144,0.8986675193500244,16.969999313354492,-0.1002121546040522,1
2019-06-05,254.3327076460896,254.92726198471507,252.52204817390717,254.90023803710935,71169700,0.008662102758517864,0.016854192139799107,-0.012390506637885546,252.35359649658204,258.0663317871094,0.9778633064957887,0.010660649870456089,0.010413232334770359,46.72704251618601,0.8651541499189485,16.09000015258789,-0.05185616949754901,1
2019-06-06,255.1974670522824,257.2333347577995,254.5488649757681,256.5577087402344,69430400,0.0065024290125759165,0.02067821836662387,-0.0029061651310946512,252.27881927490233,258.1326321411133,0.9773224608696089,0.010900616124235306,0.010539225613369275,45.364260286331,0.8555224593066981,15.930000305175781,-0.009944055058717649,1
2019-06-07,257.5758368060072,260.20628804022346,257.40467589566543,259.1252746582031,74272200,0.010007751981322865,0.044974551333179624,0.019529700091848845,252.7751892089844,258.2767691040039,0.9786988976433877,0.010442642818511254,0.010770305818153603,52.80463505940795,0.9319484473486055,16.299999237060547,0.023226548951449155,0
2019-06-10,260.67462905198147,261.98085084610926,260.2242115355655,260.3143005371094,60799100,0.004588614061189711,0.05244560335756887,0.02189000399232932,253.3328109741211,258.42558807373047,0.9802930617762341,0.010475366355275476,0.010760547859539815,57.91796644149702,0.7884303908105003,15.9399995803833,-0.02208586954156,0
2019-06-11,262.1339317774846,262.50327737561093,259.60258797515644,260.2511901855469,58641300,-0.000242439049381038,0.029836279320163195,0.031233097026769574,254.12103729248048,258.541252746582,0.9829032488736559,0.009734220580597822,0.008965669774443089,54.09102559493227,0.7958739789179502,15.989999771118164,0.003136774909103357,0
2019-06-12,260.0169567355007,260.5754698846852,259.2782656388976,259.791748046875,47096300,-0.001765379587099325,0.019189899732669158,0.036367522129706176,255.03268127441407,258.5873745727539,0.9862534151011316,0.009294820935291699,0.00880824382915014,54.78492223840623,0.652427167788567,15.90999984741211,-0.00500312225460775,0
2019-06-13,260.7015648429283,261.22406438040923,259.99891485458375,260.86370849609375,48945200,0.004126229787042135,0.01678374731752541,0.03780902367619121,255.98304901123046,258.6524124145508,0.9896797274055885,0.009290515964215275,0.008765471019706532,64.0163435880711,0.689993555434366,15.819999694824219,-0.005656829255251683,0
2019-06-14,260.575439453125,261.1789832730312,259.80972450296343,260.575439453125,52324700,-0.0011050561407358606,0.005596384979561275,0.0508226312162845,257.2433120727539,258.7035775756836,0.9943554491336615,0.007365113240130509,0.008543933177416108,62.35678759763635,0.7505570219333169,15.279999732971191,-0.03413400583248416,0
2019-06-17,260.80964973463296,261.4402450145919,260.50336923877353,260.6745300292969,39205700,0.0003802759629987218,0.0013838252122309047,0.053902004117996505,258.57653656005857,258.7430319213867,0.9993565223376577,0.007085471733960729,0.008394251096003998,69.45108319658769,0.5881696817857056,15.350000381469727,0.0045811943535238875,1
2019-06-18,262.4942588214182,264.4580720370348,262.1339029176426,263.4040832519531,85434800,0.01047111592509431,0.012114807483333268,0.042312547583479354,259.6458221435547,258.8120346069336,1.0032215949226913,0.004672208588541583,0.008485363310149508,78.4303273911565,1.2603794188344217,15.149999618530273,-0.013029365340009424,0
2019-06-19,263.539222658832,264.5301464856538,262.5663331233237,263.9986572265625,78674400,0.002257269391077177,0.0161933903263487,0.0356940395957126,260.5556640625,258.88896514892576,1.0064378909028258,0.004418998294608811,0.008302987673568072,78.34311427447088,1.134023337924235,14.329999923706055,-0.05412539376048964,1
2019-06-20,266.68313673041985,266.92635222484796,264.06170421417744,266.5209655761719,116570000,0.009554246889387441,0.02168663902193524,0.038834369408971225,261.55198974609374,259.04300689697266,1.0096855841783792,0.0047413207763135345,0.008442850255424553,93.27443659344434,1.6027614189188957,14.75,0.029309147140966996,0
2019-06-21,266.2512579710432,267.5094941837973,265.9163323811376,266.1335754394531,83309500,-0.001453507178623914,0.021330237408380137,0.027045994608184243,262.25281982421876,259.17164337158204,1.0118885554474768,0.004458115521498878,0.007822827380231576,94.3447807005541,1.1577274497839132,15.399999618530273,0.044067770747815205,0
2019-06-24,266.34181358325094,266.6586172021475,265.65384032505415,265.8077392578125,47582700,-0.0012243332360548642,0.019692024487159232,0.021103100019355336,262.8021636962891,259.2952066040039,1.013524959208525,0.004559585013960679,0.007863227546431269,90.56001920508707,0.6647927411769768,15.260000228881836,-0.009090869682878533,0
2019-06-25,265.8620523837093,265.8892077691413,263.0920925696,263.2007141113281,82028700,-0.009807935441472515,-0.0007720804404937054,0.011333373436941407,263.0971160888672,259.3314944458008,1.0145204949021471,0.005909195806741438,0.007902876602909384,75.05785629528089,1.1365218844892786,16.280000686645508,0.06684144446034601,0
2019-06-26,264.09684710879384,264.60376601063865,262.8295498541817,262.93817138671875,51584900,-0.0009975000466690975,-0.004017012249170837,0.012111329029881324,263.41175842285156,259.36595428466796,1.0155988250244405,0.005872071478616106,0.007666081023852265,71.03306741245234,0.7421667873640194,16.209999084472656,-0.004299852531964188,0
2019-06-27,263.69855113116637,264.3774633381139,263.3183757652805,263.87054443359375,40355200,0.0035459782881950286,-0.009944512758493063,0.011526463204999837,263.7124420166016,259.41563873291017,1.0165633934202223,0.005842958143668869,0.0076699925667663964,67.53286291277374,0.5900109470575442,15.819999694824219,-0.024059186408098787,1
2019-06-28,264.8481295807128,265.7261903530985,264.33217736910836,265.22833251953125,59350900,0.0051456599252184265,-0.0034014607830940013,0.017856222659247356,264.1777313232422,259.505270690918,1.018005262936988,0.005907467999094476,0.006703108531547074,67.93276951552801,0.8855464596732584,15.079999923706055,-0.04677621905139906,1
2019-07-01,268.5594798208704,268.77675044875934,266.4322166675855,267.63616943359375,78705600,0.009078354831813407,0.006878769522989048,0.026706250908036466,264.8738952636719,259.63279327392576,1.0201865947812552,0.006304325838163967,0.006665301351177811,73.01191529017963,1.1900629705668622,14.0600004196167,-0.06763922475131423,0
2019-07-02,267.59093754948606,268.38753219550205,266.7490931451758,268.3332214355469,61504500,0.0026044760819448065,0.019500354858641433,0.018713218575578727,265.36680908203124,259.7697506713867,1.0215462285203674,0.005680900198654014,0.005197127189139363,76.22722698147048,0.9411655428850106,12.930000305175781,-0.08036984926859081,1
2019-07-03,269.01216125794673,270.496729182922,268.86732334148513,270.4786071777344,40898900,0.007995229702494333,0.028677600331849407,0.024545389810868734,266.0148040771484,259.9025912475586,1.0235173216251927,0.006004873730478337,0.0051610130716481335,77.69742683580803,0.6406895822481916,12.569999694824219,-0.027842273925349992,0
2019-07-05,269.24755717482327,270.33382786024254,267.9531044059566,270.1708679199219,51677300,-0.001137758216901319,0.023876569853038987,0.013694616241013424,266.3797943115234,260.04098907470706,1.0243761772302569,0.005531420279574797,0.005169555813584165,77.61036753173994,0.8209509755616909,13.279999732971191,0.056483695734640404,0
2019-07-08,268.85833365921906,269.9898541670269,268.143204963281,268.68634033203125,45841800,-0.00549477299058998,0.01303785225224896,0.009592043726023292,266.63507080078125,260.1529391479492,1.02491661894754,0.005896595615528483,0.005162766476782978,71.35123968958557,0.7450731655386311,13.960000038146973,0.0512048432868184,0
2019-07-09,267.52763883202334,269.31994946484144,267.47332806284766,269.021240234375,41101300,0.0012464344183999998,0.005175200361418053,0.012089568894928515,266.9564208984375,260.2470834350586,1.0257806442048107,0.005845945896684471,0.005122570984430755,67.1597153208048,0.678892567988486,14.09000015258789,0.009312329089232074,0
2019-07-10,270.08936704826425,271.2571037412516,269.55529277783,270.3066101074219,58448500,0.0047779493988171495,0.007354246564468037,0.026998011840834613,267.66701049804686,260.35864898681643,1.0280703619398506,0.00443982335783346,0.005147446012095004,68.48963877493698,0.9655794711710136,13.029999732971191,-0.0752306890090424,0
2019-07-11,270.9493381022296,271.1846755452837,269.93550030905135,270.9402770996094,50826100,0.002344252668980973,0.0017068629814838143,0.030433412047737418,268.46722106933595,260.48018524169925,1.0306627385888318,0.004254465599890314,0.005074522310607329,64.56650143238807,0.8370771791513085,12.930000305175781,-0.007674553326533884,0
2019-07-12,271.42912776574457,272.225722572846,271.12135752209366,272.1532897949219,40326000,0.0044770482568987635,0.007337659645775041,0.031389427641904,269.2954956054688,260.66579803466794,1.0331063669874063,0.004277609480300901,0.005082439313206685,68.81742176499544,0.6688940465759321,12.390000343322754,-0.041763337131312306,0
2019-07-15,272.587791549062,272.587791549062,271.7368860086016,272.2438049316406,33900000,0.00033258880238773436,0.013240213831537506,0.02645069003551037,269.9970428466797,260.86457305908203,1.0350084707957998,0.004293072664814993,0.00504425728468966,70.41933328815003,0.5710306547447594,12.680000305175781,0.023405968831091695,0
2019-07-16,272.15325636311616,272.3614660428078,271.05795245040616,271.36572265625,36650100,-0.00322535264158208,0.00871485991155363,0.013935161419135644,270.3699981689453,260.99443878173827,1.0359224488880683,0.003989604654284519,0.005175617976378439,79.09674809303094,0.6186865447100672,12.859999656677246,0.014195532111145992,0
2019-07-17,271.33859768577247,271.5015299968323,269.51910400390625,269.51910400390625,36036300,-0.006804907540525762,-0.0029133808573998943,0.004419439985906548,270.48858642578125,261.1091714477539,1.0359214305879105,0.004715438383340717,0.0051331867386704665,71.07264867062236,0.6347924342376736,13.970000267028809,0.0863142021761425,0
2019-07-18,269.0212274934216,270.88597081349883,268.5776803578232,270.5057678222656,51392600,0.003660830730370268,-0.0016037086918014865,0.00010041697868334865,270.4913024902344,261.3317367553711,1.0350495728095874,0.004104574135279766,0.005158499817726721,71.17287665523413,0.9275881608629761,13.529999732971191,-0.03149610061898722,0
2019-07-19,271.60117132788554,271.6283267183781,268.8312109975781,269.0032043457031,58678600,-0.005554644873782322,-0.011574673418765058,-0.00432194478704806,270.3745361328125,261.5314596557617,1.0338126682300113,0.004464579206683462,0.00497859806558309,61.93527097151437,1.1174752987408583,14.449999809265137,0.0679970505876657,0
2019-07-22,269.40141995777003,270.2070757552025,268.88546764229045,269.6639404296875,43638100,0.002456238711324943,-0.009476301958830313,0.003638443608440234,270.4722961425781,261.760071105957,1.0332832467526893,0.004158716381153408,0.004975630259835913,57.207631328887366,0.8636692042507279,13.529999732971191,-0.06366782618945466,1
2019-07-23,270.7863824595344,271.5920104980469,269.9535714155049,271.5920104980469,44564500,0.0071498994833611995,0.000833885133250778,0.009556012236922928,270.7293731689453,262.0012991333008,1.0333130944942523,0.0046827791272885414,0.005156805959713875,60.65113309926588,0.8846463940453587,12.609999656677246,-0.0679970505876657,0
2019-07-24,270.8316412045889,272.8683776855469,270.7411140582117,272.8683776855469,47213200,0.004699575606658568,0.012426850757087937,0.009477265750574615,270.9855499267578,262.39849853515625,1.0327252306683876,0.004675742068041638,0.004524857990564764,58.281232815289215,0.9707714982218465,12.069999694824219,-0.04282315436599449,0
2019-07-25,272.4157552597237,272.470066019694,270.75919420561445,271.5648498535156,55394100,-0.004777130435881571,0.003915192048495886,0.0023052045291760415,271.0480072021484,262.7238638305664,1.031684001788853,0.004973243421757155,0.004723090230698571,54.51869086765038,1.1345395961673874,12.739999771118164,0.05550953547921389,1
2019-07-26,272.2529093648894,273.5835786563894,272.1261658014066,273.3844299316406,45084100,0.0067003519752519836,0.016286889952088046,0.004523701101120103,271.17112121582034,263.05571380615237,1.0308505270318828,0.005226867797404556,0.00484175527436069,64.90541485206609,0.9189279808811877,12.15999984741211,-0.04552589749812441,0
2019-07-29,273.2666775777019,273.384360106589,272.3343059738363,272.886474609375,38126500,-0.0018214472652672287,0.011950185755472686,0.002360640227959454,271.2353881835937,263.33003875732425,1.0300206898672688,0.005277017647500711,0.004837772417980995,62.13747422166683,0.7942953814660522,12.829999923706055,0.05509869117609689,0
2019-07-30,271.4833908656109,272.62397210504514,271.10318791079754,272.21661376953125,45849000,-0.0024547234918939065,0.002299785145884803,0.0031355880357781807,271.3204772949219,263.6244778442383,1.0291930381943923,0.005226033761568451,0.004558067465922785,56.238897738577755,0.989029301036562,13.9399995803833,0.08651595193124617,0
2019-07-31,272.46103201638994,272.6511473201297,267.21984978486825,269.23846435546875,104245200,-0.010940366103385224,-0.013302799543379984,-0.0010412606908689614,271.29241333007815,263.8934048461914,1.0280378681240603,0.00596442130839744,0.005240233412744423,45.17946581237218,2.149624463419749,16.1200008392334,0.15638460003383692,0
2019-08-01,269.3923262613973,272.3523730664228,266.097326282711,266.8939208984375,142646600,-0.008708055376277168,-0.017200049850330967,-0.013352199300242895,270.9312286376953,264.069319152832,1.0259852583665425,0.006369354409586747,0.005260375906612976,35.999831028661774,2.6622114387491544,17.8700008392334,0.10856078839281391,0
2019-08-02,265.9978254506385,266.24222391598,263.32742621353003,264.8843994140625,116749700,-0.007529289080884238,-0.031091860351021294,-0.01531136010687606,270.51934814453125,264.22089752197263,1.0238378216167965,0.006543286181211226,0.005480858439851961,32.22558157704265,2.0541644530458587,17.610000610351562,-0.014549536467340696,0
2019-08-05,260.78381301761164,260.89243457546314,255.0175884465392,256.9185485839844,178745400,-0.030072933127428314,-0.05851490458897979,-0.04726398281280908,269.24480895996095,264.2760369873047,1.0188014472643805,0.010948434012258722,0.008481863586962336,24.006531791970986,2.8157397839771856,24.59000015258789,0.39636566157376074,1
2019-08-06,258.81039579143163,260.73851093150165,257.33488880161246,260.521240234375,120711700,0.014022699685355411,-0.042963481814001225,-0.04076250344540788,268.1377319335937,264.39170013427736,1.0141684924202004,0.011950110522886947,0.009205520145972758,34.773169063982834,1.7893469761151262,20.170000076293945,-0.17974786697302148,0
2019-08-07,257.4435115429368,261.4445797648899,255.30721432375583,260.6751403808594,140572300,0.0005907393437323272,-0.03180572283796501,-0.04468541722609931,266.918408203125,264.55782440185544,1.0089227517901111,0.01168201872809177,0.00910072765981499,32.881415018737826,1.9641917096313473,19.489999771118164,-0.03371345079839605,1
2019-08-08,262.16868632785787,265.78955078125,261.61651775871724,265.78955078125,87713900,0.01961986245761005,-0.00413786163982266,-0.021266740063674905,266.34087829589845,264.8601092529297,1.0055907590129198,0.013945718771095088,0.010258277295946156,45.02917682733983,1.1948186325935326,16.90999984741211,-0.13237557485912876,0
2019-08-09,264.8481257348083,265.4455717014162,262.19584907812833,263.9791259765625,93730000,-0.006811497289363033,-0.003417617041632126,-0.03440321732086171,265.4003479003906,265.1124911499023,1.0010857909758977,0.013654230450021631,0.010256890664535542,41.508828484534654,1.2319587151221323,17.969999313354492,0.0626847708756546,0
2019-08-12,262.4764998896778,263.9701011986558,259.8151618664045,260.7656555175781,65527600,-0.012173199100862564,0.014974033423422295,-0.04441707530264116,264.1882659912109,265.3683480834961,0.9955530412695871,0.013910371796916551,0.010518848331966944,34.427106013569514,0.8437376772028292,21.09000015258789,0.17362275784366643,1
2019-08-13,260.4669862940816,266.26942736125375,260.1229996048397,264.8210754394531,94299800,0.015551971036314782,0.01650473950304332,-0.027167843386441737,263.44871215820314,265.71792388916015,0.9914600727803986,0.015293440458704123,0.01122713690447439,39.28149855945266,1.1707576643198492,17.520000457763672,-0.16927452200071014,0
2019-08-14,260.76576283980523,261.3722425156289,256.8642813504828,256.9909973144531,135622100,-0.029567428166381804,-0.01413308173930028,-0.04548929169661886,262.2239654541016,265.8035192871094,0.9865330833744855,0.01740469583308335,0.012863949798350776,33.46355483223104,1.5857550840248933,22.100000381469727,0.26141551392919693,0
2019-08-15,257.8779789447643,258.5659520526638,255.62399959125736,257.6697692871094,99556600,0.0026412286023611564,-0.030549664086769734,-0.0345611154434583,261.3015502929687,265.85890991210937,0.9828579767341735,0.017470275701525838,0.012841092280739555,31.695232651389773,1.1321812120416064,21.18000030517578,-0.041628962009672255,1
2019-08-16,259.32641272187715,261.906257446476,257.7241619613219,261.4717712402344,83018300,0.014755327967436616,-0.009498306834119674,-0.0128834623004489,260.9602874755859,265.9571911621094,0.9812116240787123,0.018283527243694937,0.01336655829417656,37.65419996237214,0.9312158712405609,18.469999313354492,-0.12795094205730695,1
2019-08-19,264.4951407782686,265.3007688833208,263.8162285844009,264.6218566894531,53571800,0.012047516388774993,0.014787994853927566,0.029983464206558175,261.7306182861328,266.0671228027344,0.9837014642360878,0.01552178834262969,0.013678105499205898,42.2040001077622,0.597585287737074,16.8799991607666,-0.08608555558733899,0
2019-08-20,264.11493390797597,264.6490081776248,262.46746133677397,262.59417724609375,51596400,-0.007662554668486643,-0.008409067101868617,0.00795688293919472,261.9379119873047,266.11272033691404,0.9843118797766458,0.015334911150156625,0.01362283106290597,43.04392055525949,0.5733015188050185,17.5,0.036729909363647284,1
2019-08-21,264.7576241289492,265.1015830539715,264.06965102889666,264.73046875,49524700,0.008135334630456015,0.030115729797635327,0.015557019987466392,262.34344482421875,266.20230590820313,0.9855040283335672,0.015502723613394902,0.013727637981411477,47.725105221745444,0.5495765432985157,15.800000190734863,-0.09714284624372205,0
2019-08-22,265.4366093079304,266.0702441995334,262.87483148005776,264.6490478515625,51666400,-0.00030756149385435805,0.02708613658390191,-0.004290999876914503,262.22939453125,266.29945190429686,0.9847162382650734,0.014159259001919201,0.01370652004298736,49.74206633229829,0.5745313426349696,16.68000030517578,0.05569620910238671,0
2019-08-23,263.34556116445606,265.0111559870093,256.60168809011344,257.85089111328125,149161500,-0.025687440757747315,-0.013848072814048984,-0.023214846403519562,261.6165710449219,266.23919555664065,0.9826373254244027,0.016225420344806302,0.014607726191878088,51.048640930325156,1.5679461462797262,19.8700008392334,0.19124703091688589,1
2019-08-26,260.0414222841468,260.7022399902344,258.51160484642605,260.7022399902344,72423800,0.011058130784975528,-0.014812142686379093,-0.00024318972227332925,261.6102294921875,266.2417315673828,0.9826041468107597,0.016305969938357905,0.014934246329857199,50.20707714330605,0.7478194390636578,19.31999969482422,-0.02767997590232607,0
2019-08-27,262.0962910754054,262.4674330108714,258.91897355776075,259.6793518066406,66668900,-0.003923588012255119,-0.01110011451899584,-0.019415840013035757,261.09605712890624,266.22182800292967,0.9807462411610853,0.015392349580628142,0.014939307269573494,48.88295505117935,0.6810758069698998,20.309999465942383,0.051242224987373186,1
2019-08-28,259.0185294396297,261.67080579140867,258.2128739087133,261.50787353515625,59696700,0.007041459845745335,-0.01217311792654674,0.01757600954081795,261.54774475097656,266.18390380859375,0.9825828722500406,0.012060872412669366,0.014929741857724691,44.81468395524209,0.6240494349740608,19.350000381469727,-0.04726731214751967,1
2019-08-29,264.06973271239076,265.373246555172,263.0649281304495,264.84820556640625,57899400,0.012773351662778598,0.0007525351648174361,0.027859055018977674,262.2655883789063,266.2008947753906,0.9852167799818825,0.012553991340803212,0.015143624106189165,51.01488941632632,0.6333143191226264,17.8799991607666,-0.07596905383582586,0
2019-08-30,266.3326913580127,266.3507857356442,263.79809723940434,264.73046875,62901200,-0.00044454451241027204,0.026680449336498047,0.012462903717325613,262.5914581298828,266.1650848388672,0.9865736457839773,0.011849130298326151,0.015047557094551148,54.99086103003375,0.7089022733746626,18.979999542236328,0.06152127701904009,0
2019-09-03,263.02868486425206,263.94293446557975,261.85188719792905,263.18255615234375,69101400,-0.005847126720868845,0.009513981016052275,-0.005439084114652215,262.44752807617186,266.106064453125,0.9862515858686957,0.011388469927812212,0.01337469976374852,47.7984718751717,0.8300645449197265,19.65999984741211,0.035827203455014445,1
2019-09-04,265.35508026239984,266.18786366543446,264.60373537433054,266.1697692871094,46887300,0.01135034623281217,0.024993968274002576,0.013616417844881212,262.8050872802734,266.1133050537109,0.9875683864331031,0.011641590200968218,0.01325360829126949,64.17774098907148,0.5893547651774975,17.329999923706055,-0.11851474780213478,1
2019-09-05,268.65915054275484,270.50577188502655,266.133589357725,269.5915222167969,83258100,0.012855528029543262,0.030911683737713025,0.018362274239719145,263.29119262695315,266.2411212158203,0.9889200865163278,0.012033452953233572,0.013507342592502542,66.97610103998457,1.0856264716875625,16.270000457763672,-0.061165578223251416,0
2019-09-06,269.90836229817734,270.4424366119935,269.2294500581553,269.7997131347656,49584300,0.0007722457896925938,0.018695643256370298,0.019462247550167122,263.80625915527344,266.37835205078125,0.9903442119988134,0.012016406378470531,0.012837329836902679,63.2107641901103,0.66302631088945,15.0,-0.07805780098535009,0
2019-09-09,270.7864219040724,270.8769214356232,268.99408365421084,269.9355163574219,51260300,0.0005033482840970382,0.01966168696787718,0.046866718947391695,265.0147216796875,266.4996514892578,0.9944280234466643,0.007202364843534995,0.012711813133399683,59.320493330192924,0.7054687823633287,15.270000457763672,0.018000030517578036,0
2019-09-10,269.17512757759675,269.93553364138535,267.91689118337393,269.8721618652344,57947100,-0.0002347023209188226,0.025418119691102747,0.035173928215359807,265.9317138671875,266.5925280761719,0.9975212575770481,0.006960961795504291,0.012325531056820395,63.71087268725861,0.8016775336647054,15.199999809265137,-0.004584194263265062,1
2019-09-11,270.1799147938697,271.8726648838631,269.5281579417055,271.79119873046875,68821100,0.007110910780759427,0.0211197141524202,0.046641547891904445,267.1428985595703,266.6756286621094,1.0017522032283384,0.0065165350673033005,0.011968868439999955,63.41137108236511,0.9691970115635664,14.609999656677246,-0.038815799999435296,0
2019-09-12,272.6963885963586,273.7916924968806,271.9360102800866,272.73260498046875,72908700,0.0034637113136748443,0.011651266841936847,0.042923110855411784,268.26537170410154,266.7636163330078,1.0056295359604777,0.006464881021378871,0.009499663683926868,64.86841484854403,1.0741977260371254,14.220000267028809,-0.02669400402553701,0
2019-09-13,273.17608440665566,273.529131907989,272.18034127789525,272.5514831542969,62104800,-0.000664100378408583,0.010199306691466736,0.02908563254720309,269.03569946289065,266.80507385253907,1.008360506710545,0.005860103102988877,0.009535285618175848,85.73895985767004,0.9409802498814017,13.739999771118164,-0.03375530850189912,0
2019-09-16,271.42001047769196,272.59680806233507,271.0669905398025,271.7096862792969,58191200,-0.0030885793218136115,0.00657256942626927,0.026363484196780362,269.73362121582034,266.8358502197266,1.0108597513928792,0.006082527113318856,0.009191792616394542,79.6583661964419,0.8985842918073395,14.670000076293945,0.06768561285791774,0
2019-09-17,271.5106135645232,272.48823513713944,271.33862023577393,272.3977355957031,41475500,0.002532295870008028,0.009358407747628084,0.03501440056697813,270.65513916015624,266.910078125,1.0140311713273051,0.005314885189019172,0.008883407724199864,84.89799131142544,0.6464996538014657,14.4399995803833,-0.015678288664927487,0
2019-09-18,272.0083811981535,272.6691989062345,269.9716449420855,272.5605773925781,73375800,0.0005978089227463013,0.0028307710687582865,0.024010270296981773,271.2942199707031,266.9808648681641,1.016156045882423,0.004577809630175684,0.008623869179592243,83.37864614533893,1.124655537283668,13.949999809265137,-0.033933503141082344,0
2019-09-19,272.94980824425716,273.9455514745746,272.20752441574757,272.5424499511719,76560500,-6.650793588591775e-05,-0.0006972214756298944,0.010945921852846485,271.5893127441406,267.02558166503906,1.017090988251554,0.002754453761312529,0.008505951217678892,79.06923117720441,1.1496485456049805,14.050000190734863,0.0071684862248750925,0
2019-09-20,273.1463545293492,273.42829301296234,270.46365116105824,271.25482177734375,89565000,-0.004724505023194769,-0.004757491545988257,0.005393292030118957,271.7348236083984,267.03187255859376,1.0176119464869224,0.003316595821924457,0.008611754749537277,72.64734172602427,1.3077162192291008,15.319999694824219,0.09039142255149901,0
2019-09-23,270.59089610131656,271.9095320231954,270.33626621153167,271.19110107421875,43476800,-0.00023491085875448903,-0.001908600360110313,0.004651424657785119,271.8603820800781,267.0126287841797,1.0181555206507358,0.0033257796710459133,0.005859358440439563,80.99271548832684,0.6878653317489749,14.90999984741211,-0.026762392661836998,0
2019-09-24,272.2824740494429,272.673507976676,268.09924360560893,269.0632019042969,94869400,-0.00784649334544174,-0.012241414871213996,-0.0029975672753586036,271.77948608398435,266.94901672363284,1.0180951007785595,0.004247976688168467,0.005937475950714632,61.99526322980927,1.4747835981947117,17.049999237060547,0.1435277942018136,1
2019-09-25,269.1450914601112,271.100289191612,267.6627701128638,270.6546936035156,71854000,0.005914936297326978,-0.006992514498226132,-0.004181537637207189,271.66583557128905,266.93479614257814,1.0177235770573123,0.004027510944426099,0.005863178908172391,55.19610299732722,1.1125161081351909,15.960000038146973,-0.0639295746444557,0
2019-09-26,270.6637140924757,270.87285754850967,268.6812361680686,270.0907897949219,56179700,-0.0020834806191087907,-0.008995516686260197,-0.009686466294472118,271.4016540527344,266.94622985839845,1.0166903432076912,0.00381061719560738,0.0058122638568656165,51.374795322986095,0.8722055273719987,16.06999969482422,0.00689220904851684,0
2019-09-27,270.8455384312587,270.95468931981696,267.0806514770453,268.6357116699219,84746600,-0.005387366692899187,-0.0096555338270512,-0.014367089252485199,271.01007690429685,266.90882873535156,1.0153657268977483,0.004053946028558537,0.005382799943364191,44.54113883491661,1.2888542409340105,17.219999313354492,0.0715618942357954,0
2019-09-30,269.1541465618406,270.59098115887195,269.1086878271732,269.88165283203125,51662400,0.00463803250269379,-0.004828507414146754,-0.006727892083267628,270.8272735595703,266.9263977050781,1.0146140504949315,0.004423981663677797,0.005444356309998396,50.036258158085566,0.7924714111502267,16.239999771118164,-0.056910544791736295,0
2019-10-01,270.7637324178549,271.4184990741899,266.4532014526551,266.67144775390625,88242400,-0.011894862227344372,-0.008889190842385597,-0.02102178944062849,270.2546447753906,266.8665478515625,1.0126958472356478,0.005489261581979427,0.005984539774889013,32.197386125837795,1.3340035420277543,18.559999465942383,0.14285712607891754,0
2019-10-02,265.0891114666045,265.09821431351884,260.6694572690525,261.9607849121094,122539500,-0.017664668945525985,-0.032121773229405126,-0.03888967576261593,269.1946655273438,266.6739233398437,1.0094525259760312,0.007245671729365251,0.006730942357778221,20.323059616034598,1.7522875353418992,20.559999465942383,0.10775862379037249,1
2019-10-03,261.733394388604,264.13421437759865,259.01430783890055,264.10693359375,85278800,0.00819263342168064,-0.022154980574181637,-0.030951201763003033,268.3511138916016,266.49869445800783,1.0069509512508537,0.008149917949378957,0.0063009836611732555,29.007751726272573,1.2177085124920046,19.1200008392334,-0.07003884553082507,1
2019-10-04,264.7617527412515,267.9355381538089,264.7071634101348,267.680908203125,65091200,0.013532301332431107,-0.003554268570107544,-0.013175484036749618,267.9937225341797,266.421015625,1.005903088784082,0.009653927939412475,0.007087650759600029,41.18262319214221,0.9192693320513606,17.040000915527344,-0.10878660211342595,0
2019-10-07,266.88058737396443,268.50841485168297,266.24399873388415,266.5259094238281,59610500,-0.0043148343565108105,-0.012434129452629672,-0.017202598580525974,267.52720336914064,266.2838452148437,1.0046692962289685,0.009690835921759204,0.007138101199900242,37.4063368887353,0.8369316694056375,17.860000610351562,0.04812204523281527,0
2019-10-08,264.67080858188825,265.4074176476115,262.35183047463295,262.3882141113281,95708100,-0.015524551896079486,-0.016061838185732036,-0.024808252283205157,266.8597045898438,266.0738800048828,1.0029534074706865,0.010502839139013108,0.007876270490215317,31.360746894277952,1.3090417449130183,20.280000686645508,0.13549831990998507,1
2019-10-09,264.40709805869136,265.8166518828195,263.77961209760576,264.8799743652344,62359400,0.009496464093654122,0.011143612407881642,-0.02133611341224584,266.2822326660156,265.92714721679687,1.001335273412042,0.010874616628967854,0.008028152845830158,37.126696554185145,0.8567026672545678,18.639999389648438,-0.08086791131506321,1
2019-10-10,264.7980929946163,267.55356355823847,264.63440826867793,266.67144775390625,55296300,0.006763340237271764,0.00971013568352963,-0.012659972758093385,265.94029846191404,265.8758068847656,1.0002425627886347,0.011230245709754656,0.008163027989051932,42.42791830775157,0.7689718429698928,17.56999969482422,-0.05740341898393164,1
2019-10-11,269.4269323090313,271.67314311799345,269.30873405810314,269.43603515625,98720400,0.010367016887743441,0.006556787949154597,0.002979214793718432,266.02033081054685,265.92664916992186,1.0003522837629002,0.011676294864185569,0.008556600711874494,47.33805210771099,1.3387600449822636,15.579999923706055,-0.11326122969167607,0
2019-10-14,269.1177195999643,269.79069193177,268.79035015685406,269.13592529296875,40394800,-0.0011138445646560191,0.009792728499765424,-0.0027631650067246882,265.9457580566406,266.0116796875,0.9997521852012782,0.011583390891012457,0.008537012782964516,50.11677583058831,0.5544900913660613,14.569999694824219,-0.06482671590678579,1
2019-10-15,270.1817208062417,272.54615738895194,270.06349481421915,271.8004455566406,46754500,0.009900277195515228,0.03587139566154063,0.01923339692319659,266.4586578369141,266.30931762695315,1.0005607772619136,0.011185403768545632,0.008826154935639296,51.77850708484763,0.639471304555244,13.539999961853027,-0.07069318836959781,0
2019-10-16,271.33670236205063,272.0551335613163,270.9274904783572,271.3639831542969,48928200,-0.0016058193041217361,0.024479044913081616,0.03589544230958985,267.3989776611328,266.52617248535154,1.0032747447188484,0.008992023993213676,0.008831097728111354,51.98417982794897,0.6805799121389502,13.680000305175781,0.01033975950643895,0
2019-10-17,272.5279070629822,273.03716682784426,271.4730039064605,272.1641540527344,45736600,0.0029486997100220957,0.020597279330395235,0.030507417390934544,268.20469970703124,266.7559527587891,1.0054309826388472,0.00884413484485171,0.008858881662048776,55.61340614610199,0.6501226071143824,13.789999961853027,0.008040910396444056,0
2019-10-18,271.62769763046424,272.2733615050628,270.1180958054572,270.9729309082031,64304000,-0.004376855389635281,0.00570412102101292,0.01229830968213852,268.5339019775391,266.8596203613281,1.0062740163309234,0.008279772836406442,0.008849525947973072,51.73914439095658,0.9307592902236694,14.25,0.03335750829727768,1
2019-10-21,272.291601440597,273.01000492908065,271.8550809866698,272.8099365234375,39048600,0.006779295662771245,0.013651136415435472,0.023577546787830528,269.1623046875,267.03623657226564,1.0079617213848018,0.008193500040732646,0.008978389260963487,60.23054403264888,0.5670206909710661,14.0,-0.01754385964912286,0
2019-10-22,273.34640214246485,273.637415698397,271.8277254489955,271.9186706542969,48594700,-0.0032669846285604542,0.0004349702128489952,0.03632196886299588,270.1153503417969,267.259296875,1.0106864513234601,0.005782142464047111,0.008815648782997842,69.0171019871502,0.7301705336994301,14.460000038146973,0.03285714558192665,0
2019-10-23,271.66409919775487,272.7644614867511,271.45492795580265,272.70989990234375,34352200,0.0029098011039219163,0.004959820873802423,0.029560277464814932,270.8983428955078,267.4170733642578,1.0130181274047079,0.005396762443936227,0.008744990314065566,67.32619229662919,0.5311310612223473,14.010000228881836,-0.031120318677592684,0
2019-10-24,273.64653848531685,273.792045273886,272.32790229380925,273.15545654296875,35453100,0.0016338117566856436,0.0036422962960886984,0.024314597020698603,271.54674377441404,267.7403625488281,1.0142166880979395,0.005233278755298656,0.008728587181687907,62.61529503433183,0.5570785489851962,13.710000038146973,-0.02141328949562815,0
2019-10-25,272.58252524376513,274.8196608389771,272.527963668524,274.2740173339844,45205400,0.004094960449159801,0.012182347567770702,0.01795595817363016,272.0305419921875,268.07244750976565,1.0147650178867327,0.004499018957058394,0.00864332916246725,67.8844138133129,0.733091587959955,12.649999618530273,-0.07731585825436416,1
2019-10-28,275.4925768715583,276.32013101368767,275.4652960867663,275.8199462890625,42147000,0.00563643968212868,0.011033358256606007,0.024835112550722682,272.6989440917969,268.3594110107422,1.0161706014509064,0.00452121153302337,0.008667841076106545,85.21718535209104,0.6888083233579761,13.109999656677246,0.03636364047577878,0
2019-10-29,275.54713265499714,276.66570031313864,275.4198038269224,275.73809814453125,44284900,-0.0002967448352900748,0.014046212718839657,0.01448729261582482,273.09270935058595,268.58173583984376,1.016795533384415,0.0037405516621370517,0.008121722653193868,82.5875185240139,0.750713548185205,13.199999809265137,0.0068650003771777435,0
2019-10-30,275.93823170639735,276.9567515614426,274.62869824917215,276.58392333984375,49643900,0.0030674948474807007,0.01420565750963676,0.019235935900081547,273.6147033691406,268.86153076171877,1.0176788869495592,0.003606481395655852,0.006721863727924829,81.53967754589979,0.8969795808630239,12.329999923706055,-0.06590908319168498,0
2019-10-31,276.5747016616146,276.5747016616146,274.3921560881661,275.84716796875,69053800,-0.002663767879915735,0.009854137493159776,0.013532325477740859,273.9830047607422,269.08386474609375,1.0182067401896104,0.003855507344703109,0.006696766202514713,73.42143873278064,1.2662434229563075,13.220000267028809,0.07218169901295868,1
2019-11-01,277.29315372520506,278.44807712573447,277.1294412864276,278.4026184082031,71141500,0.009264008248736522,0.015052833346555605,0.02741855976203378,274.72597351074216,269.35893615722654,1.0199252247951516,0.004013368785576738,0.006376935486873036,79.0641313524037,1.2973291066169956,12.300000190734863,-0.06959153235332838,0
2019-11-04,279.95785230733685,280.09425629722296,279.148475713026,279.5213317871094,60606900,0.004018329228735684,0.0134195715278973,0.024600992724820747,275.39711303710936,269.79234497070314,1.0207743776681835,0.0037916080804299944,0.00621380782509236,76.81608893260523,1.1042180243434134,12.829999923706055,0.04308940851646659,0
2019-11-05,279.72129600704636,280.02141242557303,278.9210225610841,279.2120361328125,42933200,-0.0011065189633986394,0.012598686984706564,0.02682186354091165,276.12644958496094,270.1625408935547,1.0220752613285349,0.0034789707044364654,0.004668954840201706,77.50068974957279,0.821719963474179,13.100000381469727,0.021044462928233587,0
2019-11-06,279.2120008688192,279.5484731268798,278.3298851708271,279.2756652832031,46487100,0.00022788827900077635,0.009732098347784213,0.0240760067133996,276.78302612304685,270.5544671630859,1.023021460430023,0.003559650538775965,0.004458222018322617,76.27608665256436,0.9034628847256952,12.619999885559082,-0.036641258162833146,0
2019-11-07,280.61255157596486,281.59468781901455,279.7849972333301,280.25787353515625,54272300,0.003516984736056772,0.015989671378123127,0.02600137329151342,277.49326782226564,270.9294671630859,1.024226972163307,0.003565151143753496,0.004358916960239363,84.84482691483976,1.0558165155426744,12.729999542236328,0.008716296170740545,0
2019-11-08,279.9122492128996,281.0035361826021,279.2120238547651,280.948974609375,49032100,0.002465947041919714,0.009146308377884216,0.024336819580188296,278.1607635498047,271.2514825439453,1.02547186448922,0.003525020483452097,0.003946624606851357,83.41870745912567,1.0023173123428772,12.069999694824219,-0.051846022870803976,0
2019-11-11,279.5666824717528,280.585202104894,279.4302507955533,280.41241455078125,35797300,-0.0019098131941566177,0.003187888230121061,0.01665023985214531,278.62001037597656,271.56512145996095,1.0259786267031932,0.00356578763459946,0.003984587777321269,85.92145171074199,0.7352256003503059,12.6899995803833,0.05136701750083272,0
2019-11-12,280.77625188241115,281.9038949929491,280.23060827155547,281.00360107421875,46484600,0.002108275143183569,0.006416503264759177,0.019096029765634848,279.1465606689453,271.9215423583984,1.0265702314273584,0.0034997626886567896,0.003533208195628921,85.67913876854405,0.9549922270750073,12.680000305175781,-0.0007879649754265472,0
2019-11-13,280.0123894948594,281.49471081179036,279.78504028066976,281.0945739746094,53917700,0.00032374282764657814,0.0065129508851469176,0.016308433911479847,279.5976257324219,272.22003845214846,1.0271015584386167,0.0035055138141604175,0.0034646647316465564,85.22848839886142,1.1020515241284872,13.0,0.025236568385065494,0
2019-11-14,280.8125701165942,281.585562739211,280.17598142677315,281.5036926269531,51219900,0.0014554484156663605,0.004445259917525979,0.020506009540920633,280.1632781982422,272.4582818603516,1.0282795453501385,0.00317175248573771,0.0034539719166786793,84.23597623011469,1.0410758265257776,13.050000190734863,0.0038461685180664062,1
2019-11-15,282.84045746173746,283.5861691680478,282.14933507162783,283.54071044921875,62023600,0.0072362028478434315,0.009224934326410139,0.01845561679840957,280.6770874023438,272.7331018066406,1.029127324637459,0.0026859443195555244,0.0033543692290692205,84.93658789867321,1.2635960606287178,12.050000190734863,-0.07662835137044455,0
2019-11-18,283.30437394705217,283.9864215228647,282.8496755631772,283.7499694824219,49228000,0.0007380211218050992,0.011902308023656438,0.01512813948143732,281.099951171875,273.00939086914065,1.029634732625781,0.0025880108238945337,0.003195635999018021,85.84058473560482,0.9926208756066263,12.460000038146973,0.03402488306409768,0
2019-11-19,284.35010771793173,284.35921056429345,283.0223965204034,283.6680603027344,67804700,-0.00028866674360139566,0.00948193979838674,0.01595928396081847,281.54555358886716,273.2853088378906,1.030225718265289,0.0025079763977916445,0.0030021554195667583,84.01525120230703,1.3412209328316433,12.859999656677246,0.032102698018110276,0
2019-11-20,283.07699087413437,283.5953536303308,281.05812918125986,282.6131896972656,79406200,-0.0037186795169783515,0.005402508135192274,0.01195064529048051,281.8793060302734,273.5017486572266,1.0306307269119008,0.0030066260630235934,0.0032649370821824057,81.52472820445736,1.503701392008205,12.779999732971191,-0.006220834046796964,0
2019-11-21,282.72229641818564,282.8314195597847,281.35820164303874,282.158447265625,54664700,-0.0016090630169375286,0.0023259184721939885,0.006781517701875961,282.0693634033203,273.69026550292966,1.0306152573055287,0.003003305897048449,0.0033524616437700934,71.75883199496477,1.016682122030794,13.130000114440918,0.02738657189223237,0
2019-11-22,282.9041451712369,283.0405490915344,281.77650242667397,282.7859191894531,44850200,0.002223828242283288,-0.002662020767916551,0.006538356591734074,282.2530578613281,273.8949542236328,1.03051572695593,0.002988247758043829,0.0033057775140983656,70.05436616549811,0.8344226360642367,12.34000015258789,-0.06016755178731126,1
2019-11-25,283.71358367271534,284.9776306152344,283.71358367271534,284.9776306152344,48647200,0.007750426301505131,0.00432655952369565,0.016280363591485658,282.70957946777344,274.1603131103516,1.031183457081845,0.00357123455741594,0.0034733849270119567,78.76538172250932,0.8996247618353698,11.869999885559082,-0.0380875414276427,0
2019-11-26,285.0139498893716,285.80512037479554,284.69565557558855,285.62322998046875,37569000,0.0022654387428255873,0.0068924561885741475,0.01643974984160379,283.1715423583984,274.42482299804686,1.0318729161042908,0.0035739573589847694,0.0034453229275780498,79.93081277718778,0.6990986746265924,11.539999961853027,-0.027801173284553227,0
2019-11-27,286.1051946240128,286.8963928222656,285.88694836384724,286.8963928222656,44444600,0.0044574905265371,0.015155708513067578,0.02064009548679624,283.75172424316406,274.71153930664065,1.032907918463638,0.003643483340333024,0.00348668181313332,80.46678263402774,0.8310628256988741,11.75,0.018197577022630362,0
2019-11-29,286.3325849809778,286.5781398116173,285.60507884056364,285.8324279785156,36592700,-0.0037085333603658066,0.013020984303305116,0.015377188523416407,284.1845977783203,274.9773388671875,1.0334837006898954,0.004077391204368174,0.0035646297879439195,71.67043592486763,0.7056575229468814,12.619999885559082,0.0740425434518368,0
2019-12-02,286.08703031011913,286.15069472322455,282.9769099443492,283.4043273925781,75767800,-0.008494839452296121,0.002186842275943457,-0.00048099991152783517,284.17095947265625,275.2203289794922,1.0325216909897343,0.004630362911765264,0.0038072985947586514,61.36823771965018,1.4546256692345898,14.90999984741211,0.1814580017923335,0
2019-12-03,280.6852412775978,281.585562739211,279.30296850429954,281.5036926269531,73941700,-0.006706442287284453,-0.01219021289769806,-0.007916395055710845,283.9463317871094,275.42658081054685,1.0309329293908016,0.005069291442613335,0.004089436351680243,51.72820366796385,1.401625992835077,15.960000038146973,0.07042254872437903,1
2019-12-04,282.54947817999374,283.8408055521402,282.2039031007338,283.2406005859375,49080000,0.0061701071938906615,-0.008341861390945615,-0.0015069011165398383,283.90358581542966,275.7101287841797,1.0297176497192224,0.00552979766979189,0.004271606132382046,56.658693770725264,0.9249632078357274,14.800000190734863,-0.07268169452628592,0
2019-12-05,283.94096278551194,283.95914072993565,282.4404359166549,283.7499694824219,40709000,0.0017983611651388731,-0.010967106657883252,0.004022387583445752,284.0172637939453,275.9720343017578,1.0291523360783381,0.0054065975694937065,0.0042764153325015606,56.92665868660177,0.7714031497177564,14.520000457763672,-0.0189189006326147,1
2019-12-06,285.6596274218507,286.7418114894914,285.6505245759209,286.3416748046875,48927000,0.009133764232620134,0.0017816271924546712,0.014825810035467013,284.4355865478516,276.29705200195315,1.0294557415177956,0.005995070118907221,0.004633501269765159,58.35141037306642,0.9318470100218263,13.619999885559082,-0.061983508528291376,0
2019-12-09,285.95066612044394,286.62361071654885,285.3686389813186,285.44140625,34838500,-0.003144036072644907,0.007187889035300765,0.009390450090861258,284.7011352539063,276.6331658935547,1.0291648665274504,0.00616000556927655,0.004714571154723963,54.84363174940531,0.6726134900721527,15.859999656677246,0.16446400807192196,0
2019-12-10,285.38671850519995,286.05055996108973,284.4682194740909,285.12298583984375,52649800,-0.0011155368603998905,0.012857000841146604,0.0005100583659691793,284.7156707763672,276.93799255371096,1.0280845475585938,0.005693170135762991,0.004693806984735444,54.110672141239846,1.0002176170242434,15.680000305175781,-0.011349265788015539,0
2019-12-11,285.577786637345,286.1870945138328,285.0412460235377,285.9324645996094,53429100,0.0028390512163769532,0.009503807039327183,0.001082666207373073,284.74659423828126,277.323212890625,1.0267679768681464,0.0057206209815204795,0.0047069944315714625,59.50997810622329,1.008370769626523,14.989999771118164,-0.04400513524415284,1
2019-12-12,285.94146949596734,289.1789180759951,285.70504533174443,288.3968505859375,96389600,0.008618769434869833,0.016376675253892747,0.005229963851798747,284.8966400146484,277.85193420410155,1.0253541722886552,0.00620204909178778,0.005011008113950938,66.0278122765421,1.7490666026240826,13.9399995803833,-0.07004671159221365,0
2019-12-13,288.1604930993886,289.79742361331523,287.38750044719393,288.5697326660156,81503900,0.0005994589737261524,0.0077811162585672555,0.009576606499335893,285.1703704833984,278.34119018554685,1.0245352845308275,0.006021206773966128,0.00501322113578681,65.21528304068028,1.4394040340061034,12.630000114440918,-0.09397413955347922,1
2019-12-16,290.2976466182981,291.14337897879915,288.5061338182906,290.5522766113281,82749700,0.006870242166412632,0.017905147078948414,0.025221736324613442,285.8851654052734,278.7986175537109,1.0254181599383192,0.005248487644312673,0.004990848411132997,64.82821769158087,1.4351400207458698,12.140000343322754,-0.03879649775758176,0
2019-12-17,290.93420015250655,291.2342888479106,290.5340633902449,290.61590576171875,61097700,0.00021899381114032224,0.01926508978466024,0.032369781901373074,286.79638671875,279.28041748046877,1.0269119092061185,0.00426197087692808,0.004994910667498487,63.70450539803379,1.0488307457338577,12.289999961853027,0.012355816662952268,0
2019-12-18,291.00691966683615,291.23426882282587,290.5795021434722,290.6340637207031,48133000,6.248095381011787e-05,0.016443040588893565,0.026103119113117357,287.5357330322266,279.84533447265625,1.0274808889491125,0.004226352752582659,0.0049899876148363186,61.018785087087956,0.8404637925516116,12.579999923706055,0.023596416822877053,0
2019-12-19,290.82506696890414,291.89817621634967,290.57043699126655,291.8254089355469,85310500,0.004099124512770835,0.011888334919897936,0.028459701574083507,288.34327697753906,280.3842431640625,1.02838616651086,0.004241179371126112,0.004887446070395212,67.53581672125644,1.481991116617564,12.5,-0.00635929445081318,0
2019-12-20,292.858126711042,294.23807629310494,291.88030916260414,293.1048889160156,147142100,0.004384402253168274,0.015715980356293624,0.023619384485130457,289.01959838867185,280.9129119873047,1.028858361632496,0.0036847992985186524,0.004862947693300122,80.42987118415611,2.366060176088388,12.510000228881836,0.0008000183105467684,0
2019-12-23,293.8906778189208,293.9455076437393,293.40632910700657,293.55255126953125,52990000,0.0015273111109515014,0.010326109618533863,0.028416147208955467,289.830712890625,281.39524230957034,1.0299773034960364,0.0031723211170131675,0.004863122166055148,91.58726313239306,0.8465445159962806,12.609999656677246,0.00799355922988254,0
2019-12-24,293.78099530759755,293.8266775283828,293.2600841233324,293.5616760253906,20270000,3.108389220241037e-05,0.010136300888111682,0.02959666741946565,290.67458190917966,281.8837573242188,1.0311859919436572,0.0030322830977587405,0.004675504235450892,90.4479882507433,0.33133483559163823,12.670000076293945,0.004758161875518141,1
2019-12-26,293.9455230924072,295.13356776697475,293.9364033804754,295.1244201660156,30911200,0.00532339289577366,0.015450206998542715,0.03214729596822008,291.5937774658203,282.35023681640627,1.0327378533612654,0.0031248096245806174,0.004751397982404252,91.17648358544011,0.508041110780301,12.649999618530273,-0.0015785680854961681,0
2019-12-27,295.8554468523397,295.91027666961054,294.52120815038006,295.0512390136719,42528800,-0.0002479671194358657,0.011053972612910634,0.023073720861426228,292.25921630859375,282.82398193359376,1.0333608002775923,0.002626234188305259,0.004721376064871473,88.5607430166541,0.7000843894636714,13.430000305175781,0.061660135191065724,0
2019-12-30,295.1335775655158,295.2706521393171,292.94027282858093,293.42462158203125,49729100,-0.0055129998337856145,0.0010908472635788868,0.01682397135403857,292.7447052001953,283.2491912841797,1.0335235340760034,0.003595184069792086,0.004840143893810068,83.20900827705276,0.8098552355531743,14.819999694824219,0.10349957990043723,0
2019-12-31,292.9219585916766,294.38415221906047,292.5746844676578,294.13739013671875,57077300,0.0024291368285473958,0.001992279967107269,0.01233896208697205,293.10321655273435,283.71248046875,1.033099481800973,0.003125866328470068,0.004254938524489623,86.30740789907125,0.9438882494575859,13.779999732971191,-0.07017543746753518,1
2020-01-02,295.6727822642302,296.90650931546975,294.7497669040605,296.8882141113281,59151200,0.009352173735310387,0.011331649726818549,0.021582811626119858,293.73044738769534,284.1940460205078,1.033555950593347,0.00400718954777273,0.004062364792757472,88.15912550276788,0.990295220018123,12.470000267028809,-0.09506527513262342,0
2020-01-03,293.49768030977805,295.7640816777263,293.44285049264414,294.6400146484375,77709700,-0.007572545342091619,-0.001641360336449349,0.0137834873051359,294.13104248046875,284.64847290039063,1.0333132634911286,0.005041821876215183,0.004570043108553948,72.07756328348931,1.2705477682679347,14.020000457763672,0.12429832859211132,0
2020-01-06,292.88539410667613,295.84634385164514,292.7665868662051,295.76409912109375,55653900,0.003815111379211311,0.0024160552919720857,0.013496734913911457,294.52491149902346,285.10955688476565,1.0330236373593862,0.005025584745409227,0.0045879290842014975,73.83761964564867,0.8989542091247392,13.850000381469727,-0.01212553999595678,0
2020-01-07,295.19752718117184,295.67275622250656,294.4847115081981,294.9325256347656,40496400,-0.002811610634283479,0.005138982695468197,0.006235435804258005,294.7076751708984,285.54509826660154,1.032088020280923,0.005058365400186901,0.004395593032715397,65.71176488617805,0.6586057540425522,13.789999961853027,-0.004332160141813035,1
2020-01-08,295.12441496646585,297.7197956916485,294.87768074616207,296.5043640136719,68296000,0.005329484686449115,0.008047171003499276,0.010055483188188497,295.0028564453125,285.9897052001953,1.031515649274186,0.005271440041055396,0.0043335267457774215,69.0594582634481,1.0813010253962299,13.449999809265137,-0.024655558631502927,1
2020-01-09,298.06710630868724,298.58801761539866,297.4822175666189,298.514892578125,48473300,0.006780772253188294,0.005479094115157013,0.016872831017308743,295.49817810058596,286.44360412597655,1.0316103199519415,0.005556106029026338,0.004402340017544372,72.5941558043862,0.7700026011830419,12.539999961853027,-0.0676579821796911,0
2020-01-10,299.09965725356824,299.254999087536,297.18967781024986,297.6557312011719,53029300,-0.0028781189760181958,0.010235257951411336,0.008577097868527117,295.7513092041016,286.8819567871094,1.0309163828785997,0.005565247591166063,0.004549129880437931,67.03996517941876,0.8426426340056634,12.5600004196167,0.0015949328408704222,1
2020-01-13,298.2772496807154,299.7120005705417,297.8477308070792,299.702880859375,47086800,0.006877575143411363,0.013317308456252563,0.015765539101795012,296.2164733886719,287.3443359375,1.030876326210591,0.005855056734068005,0.004431353699324814,68.45544889140801,0.7787190350702892,12.319999694824219,-0.01910833732279482,0
2020-01-14,299.264238992548,300.31518120708546,298.6884979136288,299.2459716796875,62832800,-0.001524540499501903,0.014625196172033839,0.01983933749754807,296.7986083984375,287.81231201171875,1.031222765711124,0.005439207314087098,0.004490079240194184,65.91700992754835,1.055420281441825,12.390000343322754,0.005681870960430491,0
2020-01-15,299.1545652539482,300.6807085322573,299.07232051640693,299.9222106933594,72056600,0.002259809914486377,0.011527137858685643,0.019667069711714502,297.37709045410156,288.2427038574219,1.0316899143480072,0.005437916284386956,0.0043331760215657225,67.14261744414432,1.2213234560677817,12.420000076293945,0.0024212858869983034,1
2020-01-16,301.3022553484258,302.41717529296875,301.0737883752738,302.41717529296875,54050300,0.00831870568652282,0.013072321722851665,0.018623040319031947,297.92998657226565,288.70062072753905,1.0319686387284799,0.005289678755195936,0.00456964553794437,68.71469003983066,0.9216300774736188,12.319999694824219,-0.008051560455349493,0
2020-01-17,303.12990101469194,303.56853962375646,302.3531079591049,303.3583679199219,95846000,0.0031122327164168073,0.019158497959160137,0.02958984807914522,298.80182189941405,289.18354736328126,1.0332601028787092,0.0041233277457893396,0.004552365094233446,70.40857944866966,1.5704204011448737,12.100000381469727,-0.017857087565263163,0
2020-01-21,302.3988627386086,303.56861245848097,302.32576558256864,302.764404296875,77742400,-0.001957960240621004,0.010215195225088625,0.02366854258709461,299.50185241699216,289.6533221435547,1.0340010955184433,0.004381382618225031,0.004617212745762114,74.17203478986127,1.2817429319187004,12.850000381469727,0.06198346912026298,0
2020-01-22,303.62337862619233,304.27224473675494,302.6455614379162,302.8009033203125,48914900,0.00012055255809295673,0.011879630728764523,0.02667856883065789,300.2886901855469,290.1041827392578,1.0351063791984096,0.004085657194606508,0.004592489896263982,73.23513909032278,0.8775185092828964,12.90999984741211,0.004669219000873026,0
2020-01-23,302.1521113343028,303.5594755373367,301.03719151691797,303.1482238769531,51963000,0.0011470261575581286,0.010756166327714922,0.02240729199849123,300.953076171875,290.54816772460936,1.0358113029200988,0.0039932152945185775,0.004593761897722633,69.27387529597475,0.9330600393780318,12.979999542236328,0.005422129794854458,0
2020-01-24,303.8061154859915,303.88836021472963,299.1636529443787,300.45220947265625,87578400,-0.008893386772376943,-0.006497533807095834,0.006489850063424285,301.1468078613281,290.9489636230469,1.0350502854909411,0.004964612925331659,0.005155308488187676,67.41487964828991,1.4829628031658566,14.5600004196167,0.12172580378289855,0
2020-01-27,295.2066505448216,297.116630487524,294.86852399411237,295.63616943359375,84062500,-0.01602930478532827,-0.025455696308224418,-0.00678489125483428,300.9448516845703,291.2416149902344,1.0333167933252303,0.007230322371490333,0.0063282082161700975,49.68612981287586,1.3621315834098084,18.229999542236328,0.25206037203646203,1
2020-01-28,297.0617682289767,299.6114663707145,295.72752948381543,298.7341613769531,63834000,0.010479069422712373,-0.013311482006220343,-0.003232266168560538,300.8479797363281,291.59440673828124,1.0317343981373153,0.007720410801733062,0.006737976640240142,58.39368351260953,1.0168018242349237,16.280000686645508,-0.10696647858234709,0
2020-01-29,300.0958426351734,300.32430953188833,298.2863747731424,298.4874267578125,53888900,-0.0008259337265057454,-0.014245256586758126,-0.0025348542458808465,300.7721252441406,291.93408142089845,1.0302741077034436,0.007711221899331037,0.006592571885540683,54.65055529552542,0.8555533955041807,16.389999389648438,0.006756676803653994,0
2020-01-30,296.4220989348696,299.66634584075405,295.67274865407313,299.4561462402344,75491800,0.003245428100419945,-0.01217911683433559,-0.0015539511130154837,300.72551879882815,292.25239013671876,1.028992504246571,0.007752725096619592,0.006605205454381943,52.320770986863785,1.1812590960962421,15.489999771118164,-0.054911510191921864,0
2020-01-31,298.8347496867189,298.9901194730198,293.1048090217675,294.0186767578125,113845600,-0.018157815595675753,-0.02141283209777578,-0.027771235304410724,299.8856689453125,292.45776428222655,1.0253982132473594,0.008972492558678907,0.00755267464957661,42.684105136638586,1.7082999275388742,18.84000015258789,0.216268588183969,1
2020-02-03,295.49912122993766,298.0670871911225,295.3803139687608,296.2027893066406,69083000,0.007428482343069698,0.0019166121457074858,-0.02358787285923858,299.17011108398435,292.70845886230467,1.022075386023331,0.00938170713134527,0.007553846956554653,42.998184391136114,1.0433718295345227,17.969999313354492,-0.046178388120336256,1
2020-02-04,299.81256511181664,301.5854705749679,299.4927058581297,300.71728515625,62573200,0.015241233413692878,0.006638423172482533,-0.006761426084348043,298.96539916992185,293.0705407714844,1.0201141280966681,0.01091213013770904,0.008235660510966475,52.53222797404954,0.9401408651738368,16.049999237060547,-0.106844749563629,1
2020-02-05,303.65082382168174,304.4002020615823,302.1886577494263,304.19000244140625,65951100,0.011548113316306008,0.0191049108685597,0.004587499924411764,299.10430908203125,293.511171875,1.0190559601915707,0.01157693565263518,0.008519489525820734,56.70020113012323,0.9722999389871693,15.149999618530273,-0.05607474525307843,0
2020-02-06,305.1494930421346,305.4053748205114,304.1350856388759,305.2134704589844,50359700,0.0033645682282910094,0.019225934384833998,0.0068126626493763,299.3108337402344,293.9597229003906,1.0182035511091327,0.011611503816831407,0.008485248956433034,54.6026914209075,0.7523876797725731,14.960000038146973,-0.012541226743722711,0
2020-02-07,304.153385374973,305.22259472273987,303.0384659191935,303.5867919921875,64139400,-0.0053296417892390036,0.0325425423305894,0.01043288223785388,299.6242919921875,294.3319061279297,1.017981013115029,0.011334368812299442,0.008519321414564985,50.36768787450373,0.9471755658906394,15.470000267028809,0.03409092430356764,1
2020-02-10,302.7004442781708,305.9172489243438,302.6638817568983,305.853271484375,42070000,0.007465672262335632,0.03258065935275112,0.03455971598588925,300.6460021972656,294.7365069580078,1.0200500959322958,0.009708454406735754,0.008592994663900632,54.71802597673803,0.6263350748237418,15.039999961853027,-0.02779575292524339,0
2020-02-11,307.2057455520756,307.99165832638704,305.8532114209266,306.3832702636719,54864500,0.0017328530661930852,0.018841567768470346,0.025605069241032785,301.4109130859375,295.1262445068359,1.0212948482084454,0.00939329854586735,0.008496681988202578,55.390545570767706,0.8121167472314841,15.180000305175781,0.009308533489218451,1
2020-02-12,307.81803230663076,308.5674104828042,307.4524908196525,308.35723876953125,43992700,0.006442807742604861,0.01369945196975264,0.03306608964714264,302.39789428710935,295.57674072265627,1.0230774368367959,0.00938243330085053,0.008551910353752863,57.472430775965854,0.6603983463283265,13.739999771118164,-0.09486169335363148,0
2020-02-13,306.93160682994335,308.9969568539677,306.6574576626084,308.02825927734375,54501900,-0.0010668777989459866,0.009222361038411675,0.028625603931443422,303.25510559082034,296.06921936035155,1.0242709669245378,0.009483680457060481,0.00856941772186121,61.65981877993015,0.8290817752653673,14.149999618530273,0.02983987294337087,0
2020-02-14,308.4394532632197,308.6405052446944,307.2422889745831,308.5216979980469,64582200,0.0016019267902911416,0.016255338295436683,0.04932687066060337,304.7054077148438,296.6095794677734,1.027294560956518,0.0060550891613383685,0.008412920775818518,72.87486767527811,0.9746158789066686,13.680000305175781,-0.03321550007245233,0
2020-02-18,307.5256935534764,308.5857836558874,306.3376485593272,307.72674560546875,57226200,-0.0025766498685066974,0.006125401608429337,0.038905630584383344,305.85780334472656,297.09930236816405,1.0294800455832407,0.00639732092535252,0.008435079707238467,67.38556592518995,0.8895273005709177,14.829999923706055,0.08406429772484536,0
2020-02-19,308.69532102540853,309.8741900599959,308.41202432199384,309.19793701171875,48814700,0.0047808369836537246,0.009186750783176212,0.028201411339099813,306.70586853027345,297.60826171875,1.0305690667288028,0.005036938199709758,0.008455823967055513,69.77081399226658,0.7762302107983247,14.380000114440918,-0.030343884799743148,0
2020-02-20,308.6496697818951,309.4721730276708,304.9393691304808,307.927734375,74163400,-0.004108056635159896,-0.0013928792339856777,0.012287491053601274,307.0796417236328,298.03998291015625,1.0303303560992403,0.00440836279798599,0.008533740647387785,65.46578937105483,1.1561059659098438,15.5600004196167,0.08205843503372323,0
2020-02-21,306.5751180835918,306.8858296734732,303.93402773606726,304.75653076171875,113788200,-0.01029853195821362,-0.010621520646517002,-0.0014971151062843635,307.03394775390626,298.4262854003906,1.028843512701862,0.005623422523078821,0.00889080717867116,71.37151145416512,1.692255137040034,17.079999923706055,0.09768634081610128,0
2020-02-24,295.3071862193686,304.82967088286625,293.5708154883239,294.6492004394531,161088400,-0.0331652624375367,-0.04496441465417311,-0.029439988130196326,306.1401885986328,298.6168096923828,1.025194090426457,0.011884191960159104,0.011488989113403123,47.649290465099526,2.27153591562533,25.030000686645508,0.46545672122078363,0
2020-02-25,296.0383078861717,296.6505836333486,284.8434284508616,285.7207336425781,218913200,-0.03030202282428962,-0.07151153507828067,-0.06582417034184107,304.12693481445314,298.61257507324217,1.0184666025530185,0.014025552578412046,0.012841163244395264,29.98275298808352,2.818917491500137,27.850000381469727,0.11266478695419302,0
2020-02-26,287.11902020442307,290.71051448408997,283.93877764980203,284.66986083984375,194773800,-0.0036779718060256927,-0.07932807187825897,-0.07087008832153818,301.9555938720703,298.5380352783203,1.0114476488416757,0.013766228648707165,0.012525131333525556,22.14371570420694,2.3130743271869285,27.559999465942383,-0.010412959122266252,0
2020-02-27,279.1500278323521,284.7246265399028,271.8847961425781,271.8847961425781,284353500,-0.044911901314549585,-0.11704999001008509,-0.1182798327436475,298.308349609375,298.20433654785154,1.0003487979508534,0.017237278502015424,0.015718286813217203,14.391550331789148,2.970406249110443,39.15999984741211,0.4208998768597427,0
2020-02-28,263.833535145683,272.2319789613865,260.9457107535948,270.74237060546875,384975800,-0.004201873563059677,-0.11161093109714126,-0.12104697393463304,294.5797607421875,297.8081384277344,0.9891595384109011,0.017036149347340122,0.015612068849496404,14.542024569791451,3.4619184145395328,40.11000061035156,0.024259467993900774,1
2020-03-02,272.5244912250123,282.53135414421934,269.0974871963839,282.4673767089844,238703600,0.043306875378592125,-0.041343481374801705,-0.08444891058919113,291.9743286132813,297.64516784667967,0.9809476522853564,0.02442493333010502,0.018625680408846487,29.034790949527064,2.0324553619037866,33.41999816894531,-0.16679138218910172,0
2020-03-03,282.84209424548885,286.80827729307117,271.9396576937883,274.3796691894531,300139100,-0.02863235965073485,-0.03969282980811639,-0.10836586969521766,288.6396209716797,297.3200799560547,0.970804329846615,0.025101409249521953,0.01941049490633141,24.73299267934449,2.326682596022457,36.81999969482422,0.10173553896356191,1
2020-03-04,279.753168952443,286.1319753809504,277.20347032348707,285.9126281738281,176613400,0.04203284820061404,0.004365644224920473,-0.07530874579220781,286.31109008789065,297.20182434082034,0.9633557624449822,0.03000818524880159,0.021584790806416662,34.60373723075145,1.3111538956653097,31.989999771118164,-0.13117870623950623,0
2020-03-05,278.7112581137789,281.9006460539317,274.16933653482243,276.4082946777344,186366800,-0.03324209062327721,0.016637556050703495,-0.1023598597289086,283.1591461181641,296.8678924560547,0.9538220646750476,0.03104971180940924,0.022381288323544742,30.734841365789663,1.3243659774153242,39.619998931884766,0.23851201048320303,0
2020-03-06,267.90034329272197,273.0454235323544,265.2318649017043,271.839111328125,228667200,-0.016530558009977936,0.00405086473980254,-0.10801218714269667,279.8674041748047,296.4336236572266,0.9441149108591749,0.03111195275065886,0.022453519113966067,28.707799189772786,1.5281471348310476,41.939998626708984,0.05855627858074386,0
2020-03-09,251.58775678015627,259.71205370103047,249.8971239127328,250.6099395751953,309417300,-0.07809461872211942,-0.1127827131931437,-0.14946336456564513,275.4634780883789,295.5745889282227,0.9319592698656258,0.037306803573955674,0.027700764369290625,23.20349882962391,1.9111536790168324,54.459999084472656,0.29852171835290564,1
2020-03-10,260.1232493248857,263.66903167185677,249.94275235063745,263.5776672363281,276444100,0.051744666165732145,-0.03936881323982666,-0.07749898344426709,273.2491714477539,294.9436538696289,0.9264453323974062,0.04235237227234626,0.030706876599038542,30.68110857354357,1.592241078911067,47.29999923706055,-0.13147263987842284,0
2020-03-11,256.52265940769087,257.65584636432993,247.54847242990883,250.7287139892578,255316300,-0.04874826225527573,-0.12305827276429115,-0.11922985717719281,269.8550567626953,294.0572033691406,0.917695787319097,0.04428740161248837,0.0320022869165,27.94105618265013,1.3902929333901612,53.900001525878906,0.13953493436099507,0
2020-03-12,233.95008393840715,243.6919149990877,226.34669951704333,226.7396697998047,392220700,-0.09567729123550206,-0.17969296086370545,-0.16604505652128865,265.34054412841795,292.72350433349607,0.9064545217596156,0.05092586426329179,0.03707269652589095,24.075307316526064,1.950827613089432,75.47000122070312,0.40018551176604067,1
2020-03-13,240.429398147559,248.09675988860485,227.1143558727971,246.122802734375,329566100,0.08548628897485933,-0.09460120903172387,-0.09093356099393057,262.8785873413086,291.7632125854492,0.9009997696824746,0.06040707613816381,0.04326834497712271,34.81120330087366,1.5342449746679223,57.83000183105469,-0.2337352471753954,0
2020-03-16,220.40660915986865,234.7726107780124,216.91564173418007,219.1911773681641,297240000,-0.10942352787716514,-0.1253691783346209,-0.224012415444391,256.55096740722655,290.20927185058594,0.8840205751224642,0.0651605505122665,0.048475200230184805,31.285344181451194,1.3126679835447503,82.69000244140625,0.4298806817087415,1
2020-03-17,223.93413457519435,234.10550046036911,216.65062185131984,231.0257568359375,262070500,0.053992042973041166,-0.123500259872943,-0.15800701444676168,252.215576171875,288.9369866943359,0.8729085848697238,0.06947771507520077,0.050878845642454054,35.77312792408796,1.1072693145972923,75.91000366210938,-0.08199296866753814,0
2020-03-18,215.90127325057983,226.9773468065231,208.3801449694263,219.32827758789065,327597100,-0.050632792673216076,-0.12523669866831633,-0.2328835596077825,245.55714111328126,287.40827026367185,0.8543843950210763,0.06719057951063677,0.05136701866744051,35.9806911040658,1.3071418517827273,76.44999694824219,0.00711359847295534,0
2020-03-19,218.64279772577996,226.0725449069811,212.2183103648007,219.7942657470703,289322000,0.002124615048749945,-0.030631622860113894,-0.20482029671602509,239.89573822021484,285.90550506591796,0.8390735189408292,0.06758626607342509,0.051460213983098704,36.3605094953372,1.106906677665261,72.0,-0.05820794147650399,0
2020-03-20,222.94363004147445,224.72696071707475,210.0466734873275,210.32244873046875,347158800,-0.04309401332381124,-0.14545728232480493,-0.22629805658613344,233.74407196044922,284.1818667602539,0.8225157876017619,0.06793073829756117,0.05180900235468939,30.44998093826726,1.271423273290092,66.04000091552734,-0.0827777650621202,0
2020-03-23,209.76168442600684,211.13134505091108,200.6336105908969,204.94485473632812,326025200,-0.025568331039318104,-0.0649949637704037,-0.1822157769012407,229.1775634765625,282.31046600341796,0.811792657640216,0.06519283162850871,0.05171264126598334,30.903893348373586,1.1590184618969692,61.59000015258789,-0.06738341461611286,1
2020-03-24,215.48859069772817,224.38685570948732,214.91866545634184,223.51356506347656,235494500,0.0906034472104118,-0.03251668504562333,-0.15200112586522518,225.17115325927733,280.82762268066404,0.801812696022873,0.07073326792975387,0.056850896434236756,33.47826701762111,0.8347219401843783,61.66999816894531,0.0012988799506288284,1
2020-03-25,225.0946467428511,235.6475485646317,220.38813506232896,226.85958862304688,299430300,0.014970114044845939,0.034338075865015805,-0.09519901006325737,222.78424072265625,279.3707568359375,0.7974501098319603,0.07013204267300928,0.05712365517608762,36.43846436038737,1.042018194044696,63.95000076293945,0.03697101770212585,1
2020-03-26,229.3690894539827,241.57659857512195,228.93704492773617,240.1058349609375,257632800,0.05838962513460588,0.09241173396780455,0.05894938972493957,224.12085723876953,278.1879541015625,0.8056454419911587,0.06542804862584914,0.05842990296000382,41.70840495264911,0.9007507444931838,61.0,-0.0461298002774857,0
2020-03-27,232.8162667433577,239.74734053233655,230.77554977075565,232.9541473388672,224341200,-0.02978556361711826,0.1076047694623472,-0.05350441019363783,222.80399169921876,276.84859283447264,0.8047864336895255,0.06013840530324216,0.05870107345679466,45.02038256668682,0.8070165530318087,65.54000091552734,0.07442624451684177,1
2020-03-30,235.0500173434147,241.23650788451303,233.0552652380832,240.51950073242188,171369500,0.03247571884843814,0.1735815521783277,0.09730466171288321,224.93682403564452,275.6106393432617,0.8161398434096551,0.04796729511255845,0.0582722018215245,43.29229599016779,0.6240203680958942,57.08000183105469,-0.1290814611885116,0
2020-03-31,239.517575786038,242.0638647779215,235.52807082936067,236.93450927734375,194881100,-0.01490520080143698,0.0600453230212481,0.0255761631184801,225.52769927978517,274.2821621704102,0.8222470520691969,0.0459056041809976,0.05807682941225113,45.75861194365553,0.7235001781731646,53.540000915527344,-0.06201823409195106,0
2020-04-01,227.9534688676713,236.8517325396181,224.2029624300583,226.2712554931641,189554600,-0.045005068348645594,-0.002593380043813598,0.0316556441405107,226.2219970703125,272.75229919433593,0.8294045466840572,0.0451978504291648,0.05757107606604642,49.843117734779135,0.702038980235999,57.060001373291016,0.06574524463152964,1
2020-04-02,225.38883620204277,232.27394638304975,224.83728566556516,231.4925994873047,177660400,0.023075595628620826,-0.03587266204935868,0.05322401701642354,227.39183044433594,271.3261331176758,0.8380756686850902,0.045584131795325084,0.057753810119158866,44.58648663572676,0.6590498956144994,50.90999984741211,-0.10778130700777788,0
2020-04-03,230.50897330571124,232.86224312191504,225.41638201331432,228.1465301513672,135561200,-0.014454325293111636,-0.02063761148886778,0.08474645254696633,229.1742385864258,269.82609924316404,0.8493405168337579,0.04297380132061691,0.05773807677705964,54.01437217166714,0.5117154760305642,46.79999923706055,-0.0807307134682792,1
2020-04-06,237.01718131949536,245.4374352742941,228.12811933562625,243.47024536132812,188061200,0.0671661111821169,0.012268213678810813,0.187979301429962,233.0267776489258,268.6864599609375,0.8672814316091848,0.04466277476612327,0.05747670631267152,55.40922322163833,0.7265331408801589,45.2400016784668,-0.033333281709936435,0
2020-04-07,252.06517485811415,252.8189595341113,243.4978663841474,243.71847534179688,201427200,0.0010195495556359901,0.028632241395077473,0.09039679659971522,235.04726867675782,267.6481060791016,0.8781951500426131,0.03683711340040802,0.0561841934196398,61.77348744587367,0.7896116660306656,46.70000076293945,0.032272303941305536,1
2020-04-08,246.31991721822396,253.7106259149399,243.82878088383265,251.89971923828125,153774500,0.0335684189924903,0.11326433704210137,0.1103772195269268,237.55128173828126,266.71141723632815,0.8906678394190803,0.03761673885358805,0.055622458680775075,64.42341716990592,0.6150501613984465,43.349998474121094,-0.07173452321390283,1
2020-04-09,255.16304840288197,258.49072626492733,253.2234622639874,255.7330017089844,189999200,0.015217494018233246,0.10471350823035319,0.06508449388824422,239.11399841308594,265.85632873535155,0.8994105934980903,0.033885653738311886,0.05071343367434546,71.48945769343305,0.7919656992375881,41.66999816894531,-0.03875433366344183,0
2020-04-13,254.75851254995277,255.09862729601355,249.49125052132217,253.3980255126953,114839100,-0.009130523556542092,0.1106810405776264,0.087759236774134,241.15838623046875,264.93516632080076,0.9102543447873525,0.03198126719011368,0.0473325668312601,73.60917533645056,0.5011043669292613,41.16999816894531,-0.011999040604053213,1
2020-04-14,258.2885153744186,261.89192674380104,253.260262690421,260.87158203125,134143400,0.02949334945855875,0.07147212853092988,0.0846171775546376,243.19359436035157,264.27222442626953,0.9202389501519529,0.03175008607856609,0.039600341309391364,70.40976162636863,0.60693650118346,37.7599983215332,-0.08282730141057637,0
2020-04-15,255.15375686511655,261.00931813786013,253.2141435717128,255.3284149169922,121775000,-0.02124864299551721,0.04763668227824436,0.07763286865957308,245.0329849243164,263.4547369384766,0.9300762163996993,0.03233005548944245,0.038712722749367594,65.18870144069086,0.5690356344810408,40.84000015258789,0.08156784872784995,0
2020-04-16,256.60616201804373,257.41509872043673,253.4899490997498,256.5602111816406,131798300,0.004824360285355933,0.01850137807795993,0.1338612614424266,248.06188049316407,262.57159545898435,0.9447399672441461,0.02658803586165248,0.03638021521121898,60.06966894551202,0.6453978876657755,40.11000061035156,-0.01787462143753371,1
2020-04-17,262.33320155596977,264.0981299151268,259.5938511833449,263.491455078125,146684800,0.027016051571524313,0.030338099960870446,0.1382284170711694,251.2617660522461,261.75762451171875,0.95990237732692,0.026783206851939023,0.036576348329404394,68.73863182883807,0.7442883207970505,38.150001525878906,-0.048865595977249154,0
2020-04-20,259.78676762850023,263.629217542873,258.628542678586,258.8491516113281,100109300,-0.017618421308654764,0.021512109605446472,0.1345741328592236,254.3320281982422,260.8303381347656,0.975086065589633,0.027164120879280617,0.035051686349697374,61.66614288483495,0.5419277214613865,43.83000183105469,0.14888597845331075,0
2020-04-21,254.3816726761035,255.5858766183104,250.05202565489665,250.9896697998047,126385700,-0.03036317392812915,-0.0378803706961901,0.03088436711154241,255.08397064208984,259.778395690918,0.9819291167907067,0.02271125308045005,0.0353302935099469,58.4839664538857,0.7232530682433003,45.40999984741211,0.03604832193362939,1
2020-04-22,255.87078031751207,258.30676376016356,254.54707081414415,256.5602111816406,92951600,0.022194305392246427,0.004824360285355933,0.05269085908170967,256.3681442260742,258.79253448486327,0.9906319157791205,0.02345232668895343,0.030121582557148537,69.48069523797744,0.5545408868277598,41.97999954223633,-0.07553403031714068,0
2020-04-23,257.8380651634286,261.00945987704335,256.2385937703153,256.54193115234375,104709700,-7.125044531530733e-05,-7.125044531530733e-05,0.018428809401217494,256.83236541748045,257.7957077026367,0.9962631562265285,0.021273619329431264,0.030108952081819847,67.26637795989475,0.6632107740042167,41.380001068115234,-0.014292484055828392,1
2020-04-24,258.0586753592096,260.78882372538203,256.00875672334155,260.1177673339844,85063200,0.013938603196672616,-0.012803784256078976,0.017145873218153085,257.27084197998045,256.83091827392576,1.0017128923145673,0.02118921805282591,0.027622165668880906,71.96802785379691,0.5699204667249251,35.93000030517578,-0.13170615326877966,1
2020-04-27,262.09409597915175,264.9897006956838,261.6344752923047,263.86822509765625,77896600,0.014418306762015165,0.01938995532758958,0.04131918377728794,258.31786193847654,255.94771759033202,1.0092602675673716,0.021135184564060584,0.026490644690657754,66.666541991943,0.5488293431205361,33.290000915527344,-0.07347618611815432,0
2020-04-28,267.5177371605155,267.86705353120357,262.3516027595808,262.65496826171875,105270000,-0.004597964895123208,0.04647720550100165,0.006836261031510471,258.49620056152344,255.03038299560546,1.0135898222212123,0.01928059329864069,0.025873180940847416,65.23219791441643,0.7593742084216382,33.56999969482422,0.00841089731440281,1
2020-04-29,267.98647324976343,271.06593788395355,266.9569272587203,269.5307922363281,118745600,0.026178160725892186,0.0505556999464134,0.05562395914278939,259.916438293457,254.26646392822266,1.022220682499558,0.019072904777351685,0.0258633607651606,64.48637054778581,0.8807679364559685,31.229999542236328,-0.06970509901281496,0
2020-04-30,268.1518891527446,269.6318823292637,265.28386059929,267.021240234375,122901700,-0.009310817443643704,0.04084832851674558,0.04077416760983299,260.9625411987305,253.4229299926758,1.0297511010794194,0.019651131578522916,0.02319573187438373,59.48109077412684,0.9346998014303751,34.150001525878906,0.0934999047852525,0
2020-05-01,262.26881020124006,267.1867582133852,258.78487679464763,259.95233154296875,125180000,-0.02647320746919457,-0.0006360034253377611,-0.013431644430772494,260.60862884521487,252.46342193603516,1.032262918908084,0.020020415233686487,0.024189207269926294,55.099499741073444,0.9714127385516491,37.189998626708984,0.08901894480228245,0
2020-05-04,258.06784244223917,260.9726488665371,256.58787713450204,260.6693115234375,80873200,0.0027581209840013,-0.01212314810938242,0.007031739917936486,260.79064483642577,251.58167755126954,1.0366042844407044,0.019179661413108846,0.023721535608611403,49.82413593644695,0.6411919689027461,35.970001220703125,-0.03280444880494526,1
2020-05-05,263.4914287350549,265.89063587333334,260.7980294956221,263.0777587890625,79569900,0.009239473766778472,0.001609680297090188,0.04816169924005065,261.99945373535155,250.95024871826172,1.044029464300291,0.015806692370513756,0.019060676009561864,57.12610740972834,0.6592101894786375,33.61000061035156,-0.06561024548960048,0
2020-05-06,264.7782435319276,265.16430912686474,260.86226703661674,261.2943115234375,73632600,-0.006779163977350788,-0.030558589037458783,0.01845220005079118,262.4728637695313,250.46172027587892,1.0479560049352943,0.01489898909229615,0.019205214339050366,54.3096387978895,0.6441192363183295,34.119998931884766,0.015174005125609291,1
2020-05-07,264.51171080796263,266.3777697134358,263.9417856328459,264.4473571777344,75250400,0.012067027544202968,-0.009639244632305033,0.030815336853046826,263.26340637207034,250.05727020263672,1.0528124463597155,0.015209057222838118,0.01800749694715852,50.93447711287355,0.6816840795635687,31.440000534057617,-0.07854626265309517,1
2020-05-08,267.5820163579853,269.2918202089729,266.4513391653479,268.822998046875,76452400,0.016546358851299736,0.03412420443107278,0.033466497894829805,264.13392944335936,249.99603424072265,1.0565524779046025,0.015435382448571218,0.018058928976451637,59.801400649941876,0.7301233268034948,27.979999542236328,-0.11005092026233321,0
2020-05-11,266.89254797828886,270.2569749098558,266.4697047839562,268.87811279296875,79514200,0.00020502243667452902,0.0314912454464098,0.01898632430433178,264.6349182128906,249.95874908447266,1.058714364598849,0.014955466986170453,0.01785782650950322,70.76413796035048,0.7723921170624656,27.56999969482422,-0.01465331858898733,0
2020-05-12,270.0639771433086,270.4776190002841,263.3810732615767,263.51898193359375,95870800,-0.019931450736942025,0.0016771586718777876,0.0032895386582372232,264.7213195800781,249.57978118896483,1.0606681291208007,0.016419587356700276,0.017430907523087763,58.117281863067916,0.9489175432475435,33.040000915527344,0.1984041088593127,0
2020-05-13,262.95817645676516,263.9969236633219,256.43155730782263,258.8583679199219,144721100,-0.01768606564686237,-0.009322604802658008,-0.03959630819119375,263.6540771484375,249.26935516357423,1.0577075428121672,0.014533459701541573,0.017212179443212884,52.438033385045784,1.4163479981293623,35.279998779296875,0.0677965436349861,1
2020-05-14,256.42238447612806,262.08488647615417,250.9436858603188,261.9562072753906,121977900,0.011967313942221391,-0.00942021099749335,-0.018968651911505652,263.14757385253904,248.79022674560548,1.057708645933324,0.015201476211107703,0.01737283075684449,51.95461193934935,1.1995305052359404,32.61000061035156,-0.07568022282676867,0
2020-05-15,259.5662538142252,263.2064428035135,258.61943606022,263.1604919433594,111146300,0.004597274790677952,-0.02106406871680022,0.012341341127230177,263.4683898925781,248.52527069091798,1.06012716195869,0.012542914504219732,0.0163091092183603,49.20447396351098,1.1124518584569825,31.889999389648438,-0.022079153855476208,1
2020-05-18,269.383676574657,272.78488091937567,269.0619645324173,271.17620849609375,119703800,0.030459422284632387,0.008546979444528091,0.040307379918451014,264.5190795898437,248.51201263427734,1.0644116426642247,0.01558995777948178,0.017090164894917523,58.30780509517451,1.1864685231319574,29.299999237060547,-0.08121668868481102,0
2020-05-19,270.5786370398511,272.2884121066228,268.37246389920466,268.3908386230469,95189300,-0.010271438960276602,0.018487687883830706,0.02019585334176588,265.0503875732422,248.86763061523436,1.0650255596439033,0.016083978199158067,0.01558277027783616,48.79227084378735,0.9583039094083555,30.530000686645508,0.04197957275129127,1
2020-05-20,271.9299729869196,273.81440646458674,271.70016265778855,272.9503173828125,85861700,0.016988205645012355,0.05443884073027139,0.04460872412957029,266.2159881591797,249.05508361816408,1.068904052435748,0.0163766466106724,0.015294381431867147,56.02009880839945,0.8674956444215254,27.989999771118164,-0.08319688366854172,0
2020-05-21,272.82164175506375,273.63057861267043,269.97198802595636,271.0658874511719,78293900,-0.006903930172016293,0.03477558432583505,0.02502777998643113,266.8778411865234,249.46182708740236,1.0698143451543756,0.01650026823729074,0.015447131087859414,62.611974568881024,0.8017338050721653,29.530000686645508,0.055019683033953104,0
2020-05-22,270.78092249867296,271.75531605411203,269.53994110545716,271.5806579589844,63958200,0.0018990604559387947,0.03199631507543055,0.01025827377919697,267.1536071777344,250.35864685058593,1.0670836040153695,0.015757819668650502,0.01522611273957231,62.43959260101996,0.6620898778142718,28.15999984741211,-0.04639352547841158,1
2020-05-26,277.54654029417327,277.7855520274972,271.59904750423533,274.92669677734375,88951400,0.012320607967835073,0.013830447376079524,0.022495635370039624,267.7584655761719,250.9347247314453,1.067044291549253,0.016139732110366765,0.015145022920817678,63.22576030085023,0.9155785057870445,28.010000228881836,-0.005326691027807584,1
2020-05-27,277.72116990088165,279.05408097269293,272.89515320041767,279.0173034667969,104817400,0.014878899493584008,0.03959324728917002,0.05881292277119021,269.3082977294922,252.13124725341797,1.0681274164277208,0.014469037785234793,0.015312628629870146,68.81338515693182,1.0791389200868644,27.6200008392334,-0.013923576810481397,0
2020-05-28,280.0469129571108,282.0600540546706,277.8315376106127,278.5025939941406,90405200,-0.001844722410621058,0.02034171150473907,0.07588793142779804,271.27272033691406,253.08078399658203,1.0718819345074326,0.012315929920829041,0.014344884575207535,65.80527773735955,0.9445390031946358,28.59000015258789,0.03511945271111783,0
2020-05-29,278.03375713092686,280.3318607230198,275.28523421175083,279.7435607910156,119090800,0.004455853638839491,0.03201315156783391,0.06790201194555179,273.05145568847655,254.28908966064452,1.073783606103081,0.012235834682161021,0.014115351244775764,63.21172054928445,1.2467234993866663,27.510000228881836,-0.037775443089960836,0
2020-06-01,279.10004699838373,281.4808786671015,278.5852740999053,280.8741760253906,55758300,0.004041613080129514,0.034220102919883866,0.06731133519025256,274.8228240966797,255.51068786621093,1.0755824986881992,0.012247488559732183,0.01236844753529335,64.1447759035,0.6057265061442486,28.229999542236328,0.02617227580385806,1
2020-06-02,281.7934214913829,283.24583851794176,280.4605383804992,283.1998596191406,74267200,0.008280161696103239,0.030092249820675265,0.04433888647432749,276.0251892089844,256.9682360839844,1.074160734476037,0.009033716432852692,0.012402020930703002,74.99405090871885,0.8097020506829141,26.84000015258789,-0.0492383780442075,1
2020-06-03,285.18544991384636,287.92479945173847,284.9096887083299,286.9687805175781,92567600,0.013308343102662823,0.0284981503010171,0.0692197319023391,277.8829833984375,258.60871459960936,1.0745306237211283,0.007772554005841174,0.012521381118588682,86.52654386490855,1.0021226779573034,25.65999984741211,-0.04396424360906748,0
2020-06-04,285.98518598186917,287.7225657388418,284.119127013096,286.2149963378906,75794400,-0.0026267114434119776,0.027692389622454572,0.04859741172777032,279.20945129394534,259.86274322509763,1.0744497184503639,0.00736389799792521,0.012359111407192624,83.5665375091632,0.8195795365281311,25.809999465942383,0.005845659369534406,1
2020-06-05,291.61095127500704,295.32466622909004,291.54659764607965,293.550537109375,150524700,0.025629477369607967,0.04935583246069419,0.08294901977384872,281.4579162597656,261.1965621948242,1.0775712892033726,0.008694362565252444,0.013135873232526725,85.9503983052622,1.5640013702767765,24.520000457763672,-0.049980590270097824,1
2020-06-08,294.35949682860377,297.2918792842742,293.817147742069,297.0988464355469,73641200,0.01208755862316746,0.057764906121841486,0.09396173007437225,284.0097351074219,262.3364224243164,1.0826164833796883,0.00849009557123767,0.01297205124766661,84.28990679030038,0.7662755194257148,25.809999465942383,0.0526100727608374,0
2020-06-09,294.43300601196165,297.17235545339963,293.5689168610725,294.8834533691406,77479200,-0.007456754184627434,0.04125564809852866,0.07258937318829872,286.0054107666016,263.5750085449219,1.085100641162862,0.009840506409988245,0.013234470153367602,85.58037851414181,0.8070664249192352,27.56999969482422,0.06819063406817372,0
2020-06-10,295.46261387215606,296.3542792450485,292.52102986489626,293.238037109375,95000800,-0.005579886700885384,0.021846476053909436,0.0509672105130583,287.4274841308594,264.62937927246094,1.0861510725720505,0.010159420541219079,0.012174748584865978,79.56084806659314,0.9900297548331803,27.56999969482422,0.0,0
2020-06-11,286.306935800571,286.94121464894255,275.7816379696527,276.3331604003906,209243600,-0.0576489901365661,-0.03452591954977091,-0.007789635143562235,287.2105407714844,265.4173522949219,1.0821091322331733,0.022357822999947204,0.01803621741593366,55.33820354688457,2.1096583010233187,40.790000915527344,0.47950675977645907,1
2020-06-12,283.34699827287557,284.1191577863785,274.4855245724636,279.6424560546875,194678900,0.011975745688653117,-0.04737883020634859,-0.00036141935150257876,287.20043029785154,266.48477630615236,1.077736725822941,0.022669228139589253,0.018036427594428982,57.73237458589475,1.8934192852768652,36.09000015258789,-0.11522433580407998,1
2020-06-15,273.95230329940716,283.38372874328377,272.7756754665918,282.2530517578125,135782700,0.009335476951376931,-0.0499692100990875,0.0049092292923975656,287.33831787109375,267.4999853515625,1.0741619947883687,0.02283012242883684,0.01808363046398114,57.12753740569158,1.304969033550675,34.400001525878906,-0.046827337754605125,1
2020-06-16,290.0023281440216,290.149410155266,282.82305403498947,287.6858215332031,137627500,0.019247869036513432,-0.024408395092034407,0.015840268847927552,287.7869140625,268.6907711791992,1.071071078472453,0.023487108012350454,0.01736900946073743,58.218649346500925,1.3114037887804,33.66999816894531,-0.021221026876537152,0
2020-06-17,288.7061896286449,289.000353646456,285.75540416445665,286.4908142089844,83398900,-0.004153862424814858,-0.023009371386134236,-0.0016655690132274525,287.73911743164064,269.55118255615236,1.0674748843726531,0.023185872690437398,0.017173798853397097,57.477202015112205,0.7991678195980382,33.470001220703125,-0.005939915625735037,0
2020-06-18,284.9741181202328,287.079161339161,284.5144972868028,286.6011657714844,80828700,0.00038518359761274823,0.03715806440391023,0.0013492285119045544,287.777734375,270.4088363647461,1.0642319912461202,0.023166345209993493,0.01688179224458153,56.55771289293457,0.7764112050531802,32.939998626708984,-0.01583515311216377,0
2020-06-19,290.0689386157883,290.26282089573067,283.01501607269654,284.9631652832031,135549600,-0.005715261080226353,0.019026829128818257,-0.02925346998418976,286.9189971923828,271.07010528564456,1.0584678708485291,0.02142589182798012,0.016848700359838237,53.87259299679991,1.2671939349516723,35.119998931884766,0.06618094705711841,1
2020-06-22,284.3630116638021,287.1882662143913,283.21814537378975,286.791259765625,74649400,0.006415195734526202,0.016078508202301167,-0.03469413225122708,285.88823852539065,271.69127044677737,1.052254045760349,0.021061348642253508,0.016868484832372844,53.43370017278937,0.6943944522413935,31.770000457763672,-0.095387203189226,0
2020-06-23,289.4411072237713,290.3736357062622,287.70532390749855,288.111572265625,68471200,0.0046037403687930745,0.001479915590392622,-0.022964601866075074,285.21105041503904,272.38554138183594,1.0470858657480062,0.02114326700398352,0.016728536363674825,51.14628222780427,0.6430496793894263,31.3700008392334,-0.0125904819882533,0
2020-06-24,286.0711358531049,286.6897503140339,278.92490610868884,280.7622375488281,132813500,-0.025508641180233993,-0.019995673075847598,-0.04254495659406399,283.9634704589844,272.7833544921875,1.0409853306027772,0.022407691551790638,0.01756968794699543,45.1697022060692,1.231137721664533,33.84000015258789,0.07873762343880286,1
2020-06-25,280.18976894126644,284.03988623160495,278.16776915357684,283.7721252441406,89468000,0.010720414973146353,-0.00987100146549802,0.02692027563022603,284.7073669433594,273.35222869873047,1.041540317043267,0.012492324094082274,0.017706994680334546,40.61890477230527,0.8296995107473388,32.220001220703125,-0.04787230864598202,0
2020-06-26,282.6733996882287,282.8857657278593,276.45045766240185,277.0321044921875,127961000,-0.0237515250877951,-0.027831880598089054,-0.009334603905744254,284.4463317871094,273.7616665649414,1.039029077212435,0.014501758152522264,0.01852906016530021,31.859541364738135,1.1818113305968525,34.72999954223633,0.07790186922526843,1
2020-06-29,278.28780803699664,281.24230815078425,275.99804720322345,281.10382080078125,79773300,0.014697633388221831,-0.019831284152423967,-0.004071633415029807,284.33140869140624,274.11391387939454,1.0372746303440372,0.01501012367031093,0.018812139153370194,37.94763520276745,0.7286825330869111,31.780000686645508,-0.0849409413899711,1
2020-06-30,280.66989282570773,286.4035230684894,280.5129498778858,284.70465087890625,113394800,0.012809609161011482,-0.011825007096826101,-0.010362591518792708,284.0332916259766,274.6310238647461,1.0342360001026722,0.014194112887714185,0.018941199037716072,42.7831289230261,1.0176102203622015,30.43000030517578,-0.04247955797046343,1
2020-07-01,285.8218387301167,287.9638703985175,285.3601954313995,286.6989440917969,72396500,0.007004779186901455,0.021144960927789613,0.0007264801260282727,284.0541046142578,275.34520935058595,1.0316290059457078,0.014351973398660619,0.018767428003246923,61.72321200532895,0.655623495258884,28.6200008392334,-0.05948075740355885,1
2020-07-02,290.13361923832963,291.4816381800891,287.61306444434035,288.27783203125,69344200,0.0055071285471759435,0.015877904791504527,0.005850172504540563,284.2217712402344,275.9795617675781,1.0298652893709486,0.014451709964281734,0.018792806145233692,60.16402440250921,0.6298213233194114,27.68000030517578,-0.03284418261683031,1
2020-07-06,292.1001687186121,293.30967187564966,291.35230884827496,292.7279968261719,61713800,0.015437069037065099,0.05665730462090535,0.027248544685597897,284.9982543945313,276.7032830810547,1.0299778565007005,0.014951285742503937,0.018205362661439687,61.8174894836831,0.5840744783024628,27.940000534057617,0.009393071749107529,0
2020-07-07,291.18606512343126,293.16188333905677,289.33025046983744,289.70880126953125,82910000,-0.010313996574893736,0.030611396331209573,0.01017304887983883,285.2900085449219,277.29510375976565,1.0288317560489009,0.015429312144495718,0.018112762813984124,52.413705714986904,0.7812538280589513,29.43000030517578,0.0533285519913258,1
2020-07-08,290.4751465955823,292.0355030043778,288.7116942101427,291.9247131347656,54638600,0.007648755769669613,0.025359832491567813,0.013234945195554682,285.67132263183595,277.8562335205078,1.0281263767679745,0.01553537278927989,0.018148623889844957,56.32923181045221,0.520455600827759,28.079999923706055,-0.04587157211929438,0
2020-07-09,292.534094306912,292.77415781586666,286.84664602686377,290.2628173828125,83354200,-0.005692891616154161,0.012430716486610205,0.03383852442881352,286.6213806152344,278.4083905029297,1.029499793801,0.012728368868241911,0.018150357233004382,54.11619975121324,0.7984124892049725,29.260000228881836,0.042022803005052234,1
2020-07-10,290.1981838415168,293.49432348020605,288.76710100613167,293.2265625,57550400,0.01021055725948794,0.017166531446002997,0.03331700478940758,287.5668243408203,278.88230590820314,1.0311404425760728,0.012696799314338052,0.012263243706421926,59.020330931465146,0.5944352161012634,27.290000915527344,-0.06732738543897732,0
2020-07-13,295.5717862583092,297.9538536311134,290.0320658619064,290.6875915527344,102997500,-0.008658734480323949,-0.006970311331885082,0.04929207423658721,288.932373046875,279.35563293457034,1.0342815357317234,0.009647358919672664,0.012339942600246874,54.18823796474106,1.1167317693721615,32.189998626708984,0.1795528599045837,1
2020-07-14,289.2656052802528,295.2300554521404,288.06534428299244,294.4544982910156,93657000,0.012958608649787706,0.016380921120408676,0.04749376032030539,290.26744079589844,280.04567626953127,1.0365003475951873,0.009464361084470532,0.012478934297184323,56.47742833831657,1.0391911092721817,29.520000457763672,-0.08294496063538004,1
2020-07-15,297.67676712600917,298.25844205749104,294.7776343489295,297.15972900390625,87196500,0.009187262305692334,0.017932760172736373,0.04374736445839633,291.51294860839846,280.7754846191406,1.0382421706219214,0.009184287537148528,0.011946666923820393,68.49995283022116,0.9953557144015774,27.760000228881836,-0.05962060303488104,0
2020-07-16,295.2578960538468,296.6335843805212,294.6115840180191,296.1811828613281,54622500,-0.0032929971563046,0.0203896783331714,0.03307385313039446,292.46117248535154,281.43755310058594,1.0391689711032477,0.009425072082373503,0.011926038323845903,64.67266342291421,0.6339325106321295,28.0,0.008645524824904882,0
2020-07-17,297.18755470615184,297.8246248415815,295.21170746259276,297.0398254394531,62774900,0.0028990450028927306,0.013004493545679896,0.030394267039073997,293.3373718261719,282.15246337890625,1.03964136379786,0.009393213705766687,0.011924337182088567,77.47940552444135,0.7362601642035778,25.68000030517578,-0.08285713195800781,1
2020-07-20,296.7719656553359,300.18813689215324,296.02410586279206,299.4402770996094,56308800,0.008081245188603647,0.030110282658168286,0.022930093281864572,294.00859985351565,282.8523217773438,1.0394420593971787,0.008565970841820621,0.011862048969628867,76.3957921298806,0.6926068272857481,24.459999084472656,-0.04750783513258894,0
2020-07-21,301.4069275614781,301.8500871049481,299.0894691350206,300.077392578125,57292200,0.0021276879806777504,0.01909597007260566,0.03578970077249166,295.045458984375,283.47740966796874,1.0408076584654689,0.007346602509416901,0.011827174777050198,74.1938334623712,0.7123065344248483,24.84000015258789,0.015535612524060216,1
2020-07-22,299.7173083426101,302.09940368262994,299.6065184526506,301.78546142578125,57792900,0.005692094405984172,0.0155664848577588,0.033778395070181766,296.0315338134766,284.135556640625,1.0418672598160519,0.007250645345650904,0.011840665040022815,73.95922489892493,0.7233332286165254,24.31999969482422,-0.020933995755611834,0
2020-07-23,301.42543801668506,302.12714499020143,296.81824597309316,298.1846923828125,75738000,-0.011931552388100397,0.0067644726857021276,0.02729207644102849,296.82372131347654,284.82887084960936,1.0421124811824307,0.008306767034778114,0.010466567155277271,64.78388067531824,0.9830453938453945,26.079999923706055,0.07236843137199545,0
2020-07-24,296.3289190669535,297.28911708214275,294.7593201869097,296.2642822265625,73766600,-0.006440337835265431,-0.0026109065063691927,0.010359633522500244,297.1274932861328,285.57698913574217,1.0404462004636528,0.008308919855790318,0.010509449393581729,55.70813099682075,0.9673142979432576,25.84000015258789,-0.009202445238506662,1
2020-07-27,296.95672110500396,298.6001703884858,296.16267985039116,298.42474365234375,48293000,0.0072923452315762916,-0.0033914390445470843,0.02661672642537183,297.9012084960938,286.3063598632813,1.0404980477497927,0.0077475212118986395,0.008590782031689366,64.47007634175654,0.6681767621064233,24.739999771118164,-0.04256967395410638,0
2020-07-28,297.6953350650081,298.8125323008997,296.23655442203676,296.5320129394531,57495000,-0.006342405424315634,-0.011814884181082896,0.007055469216789678,298.1089599609375,286.97379028320313,1.0388020441404964,0.007286541148555813,0.008468426929461348,57.731939755481996,0.8079467276506365,25.440000534057617,0.02829429140725548,1
2020-07-29,297.4091253277657,300.7422051686178,297.37218596811334,300.1789855957031,48454200,0.012298748523299041,-0.005323237980015216,0.01016038277433351,298.4108856201172,287.5538458251953,1.037756545261168,0.007740247214873149,0.00843707023259907,65.60175159770871,0.7134552625022749,24.100000381469727,-0.052672960867039875,0
2020-07-30,297.2059723944225,299.5234309444589,295.1193636875488,299.1079406738281,61861700,-0.003568020991707721,0.003096229667719941,0.00988164671443803,298.7035614013672,288.1681878662109,1.0365598077052405,0.007757816021320094,0.008483173231865258,59.83958174846705,0.9179914554646889,24.760000228881836,0.02738588535125408,1
2020-07-31,300.8991548415424,301.57316433195354,296.67972751036586,301.4715881347656,84986800,0.007902322671917927,0.017576556542921118,0.01491975929071443,299.14673767089846,288.73861328125,1.0360468739229909,0.008048994908534179,0.00854963382095938,68.14815575664821,1.2466849532413196,24.459999084472656,-0.012116362747817577,1
2020-08-03,303.13343702102367,304.3336982264849,302.58870135537785,303.5673828125,53077900,0.006951881239294355,0.017232616495592268,0.013782734082622206,299.5594482421875,289.3886431884766,1.0351458334426993,0.007953928954929265,0.008058527224685471,66.24985987324924,0.7835713948809121,24.280000686645508,-0.007358888166983268,0
2020-08-04,302.70874832852365,304.739990234375,302.70874832852365,304.739990234375,41917900,0.003862758281245382,0.027679902798885436,0.015537983772090147,300.0257080078125,290.05182983398436,1.0343865376734112,0.007990448849708703,0.007538962266421188,64.29846072370162,0.6381282784302902,23.760000228881836,-0.021416822201726027,1
2020-08-05,306.0418016743555,306.89123771970355,305.7740406786033,306.6326904296875,42697700,0.006210869121104912,0.021499522430516116,0.016061837376146526,300.51043090820315,290.6859497070312,1.0337975784900286,0.008021794591605505,0.007494598629498178,69.05719802569709,0.6559614243179842,22.989999771118164,-0.03240742636137206,1
2020-08-06,306.0510592360944,308.8024353334043,305.7279032834886,308.6824035644531,43679400,0.006684587777948003,0.03201005920824351,0.03520539937094935,301.56020202636716,291.27925170898436,1.035295855290285,0.006551978534634748,0.007291847202007589,70.34527407969931,0.6921367949205208,22.649999618530273,-0.014789045496860997,0
2020-08-07,307.71297454516787,309.1902388250722,306.8081434818142,308.9040222167969,57308300,0.0007179503910319518,0.024653845916348116,0.042663732176018376,302.8241760253906,291.8872802734375,1.0374695866901342,0.005680101649901366,0.007111806000698073,67.90093952975023,0.9082723864641687,22.209999084472656,-0.019426072470996703,0
2020-08-10,309.35638535667545,310.0119109096436,307.41747799040013,309.8272705078125,44282100,0.0029887868872346957,0.02062108134713192,0.03820905302930355,303.9644287109375,292.48895446777345,1.0392338721441476,0.005582053276456993,0.006596845406484956,68.24467708445167,0.7360700609722346,22.1299991607666,-0.0036019778029610094,0
2020-08-11,311.00910310173,311.64617312266336,306.5403992490115,307.269775390625,69601100,-0.008254583636216783,0.008301454476993042,0.03621114072889098,305.0382049560547,293.0168664550781,1.0410260973929961,0.005985175711467378,0.006652747434148621,59.94644604533157,1.1805325457586944,24.030000686645508,0.08585637586680717,1
2020-08-12,309.7073204785493,312.3294515588477,309.6796230021421,311.55389404296875,53774400,0.013942531922957357,0.016049181208908747,0.03789375337081702,306.1756958007812,293.58394714355467,1.0428897723453168,0.006267178963091575,0.006993605544388058,73.6601568407181,0.938696130852995,22.280000686645508,-0.07282563254243057,0
2020-08-13,310.7874764150394,312.30167990291056,310.06731402303166,310.9906005859375,41816100,-0.0018080128921564853,0.007477578879880653,0.039726995830803524,307.3639617919922,294.0643835449219,1.0452267564223352,0.0060603221886361275,0.006937742083943742,77.37697291531924,0.7382010540912457,22.1299991607666,-0.006732563790665225,0
2020-08-14,310.6028104674803,311.53533883580377,309.873406253352,310.99981689453125,47260400,2.9635328451682597e-05,0.006784614401244227,0.03160572715564247,308.31678466796876,294.56007995605466,1.0467025427001733,0.005996519713163232,0.0069579422562985,75.41014136341325,0.8458960027456485,22.049999237060547,-0.0036149989489328016,0
2020-08-17,312.0154294004109,312.38473835012826,311.00905053743276,311.98773193359375,35481000,0.0031765775585570477,0.006973115769442151,0.027737990304098625,309.1588195800781,294.92882385253904,1.048248914913294,0.005846312004144037,0.006829518507029893,82.41635292747152,0.6471229965035733,21.350000381469727,-0.0317459809438132,0
2020-08-18,312.3848317893029,313.08653872718406,310.78753558782734,312.6618347167969,38733900,0.002160670802743736,0.017548290648883524,0.025995421461847412,309.9510040283203,295.2400836181641,1.049826975490164,0.005835247683651028,0.0068295354511650535,79.91119613194219,0.7186129661608744,21.510000228881836,0.007494137918188315,0
2020-08-19,313.0404071033732,313.5574455048791,310.79682673507284,311.36004638671875,68054200,-0.0041635664655306215,-0.0006221962233707856,0.01541699924560147,310.4237396240234,295.56961547851563,1.0502559240450327,0.006037680970165539,0.006910152920275222,79.03719722557734,1.250674803545449,22.540000915527344,0.04788473620109546,0
2020-08-20,309.63345783177203,312.80956678157935,309.50421232732066,312.3294677734375,42207800,0.003113506045392622,0.004305169304080092,0.011814940427023357,310.7884460449219,295.9514440917969,1.0501332304650723,0.005801048405895575,0.006136854490862719,77.55382735286054,0.8003379001364779,22.719999313354492,0.00798573161117977,0
2020-08-21,311.9969618049712,313.6588661029609,311.655322158755,313.4372863769531,55106600,0.0035469551157409906,0.007837527065967631,0.014675316066213862,311.2417724609375,296.69352661132814,1.0490345914040373,0.005844271319195977,0.005780991923564911,76.36888406943278,1.0637420801967397,22.540000915527344,-0.007922464932529683,1
2020-08-24,315.8748485901053,316.68734541310374,313.40968882300405,316.6134948730469,48588700,0.010133473693598516,0.014826746265900415,0.02190325065353882,311.92039489746094,297.4329473876953,1.048708280763804,0.00645495100014566,0.005929237576007941,78.65413479567954,0.9376571568177546,22.3700008392334,-0.007542150372178313,0
2020-08-25,317.17663880879144,317.8044669230327,316.0132886974553,317.72137451171875,38463400,0.0034991548263478833,0.016182147077543618,0.034014406746667,312.96555480957034,298.14231384277343,1.049718675540346,0.00531100200279528,0.00550834706771316,77.81372092738428,0.7561461423048977,22.030000686645508,-0.015198933385446534,1
2020-08-26,318.3123051250386,321.1744711148294,317.76756939870836,320.90673828125,50790200,0.010025651482927778,0.030661261794244332,0.030019988249581298,313.9008392333984,298.8067321777344,1.0505146150679292,0.0045312696240849965,0.0053374212174121935,79.00956684844402,0.9961894286261231,23.270000457763672,0.0562868693812546,0
2020-08-27,321.7746114341692,323.05796511433385,319.94649388256835,321.6083984375,58034100,0.002186492437048937,0.0297087903047093,0.034141860980870575,314.9626190185547,299.5090838623047,1.051596215236512,0.004229122424263799,0.005093980635465953,79.47715380203502,1.142558733371265,24.469999313354492,0.05156849299461275,1
2020-08-28,322.6332589850596,323.8150646592131,321.4422114288014,323.685791015625,48588900,0.006459385352552305,0.03269714575804028,0.04079093758886665,316.23121643066406,300.2507763671875,1.0532236427723123,0.004152782060275102,0.005040452692325074,80.52043540326417,0.9921527496515696,22.959999084472656,-0.061708225224908486,0
2020-08-31,323.47340937924645,324.3505145899838,322.28236198411395,322.51318359375,66099200,-0.0036226719072088853,0.01863372476611813,0.033736748541114414,317.2837615966797,301.00177673339846,1.0540926536712854,0.00480974220970826,0.0052188518408360675,85.75111584456336,1.331993397585496,26.40999984741211,0.15026136326253647,1
2020-09-01,323.3441436011947,325.652359753579,322.4485546070109,325.5508117675781,54908700,0.00941861706234759,0.024642463126353542,0.04122337816656074,318.5726593017578,301.7769677734375,1.0556559755114574,0.0051487004090087565,0.0054090967970995005,84.86625950809528,1.092192933059977,26.1200008392334,-0.010980651641583683,1
2020-09-02,327.46208615275333,331.22908325949226,326.31719155514446,330.2596435546875,69540000,0.014464199187655957,0.029145244264831893,0.06070013602353752,320.4626190185547,302.61992919921875,1.0589607229984839,0.005212316381585185,0.005930742560805356,89.78275388434542,1.3472586222178524,26.56999969482422,0.01722813327459405,0
2020-09-03,328.57000776099846,329.04089295769626,316.30876246960275,318.89398193359375,148011100,-0.03441432170991765,-0.008440129415444253,0.021017914854317032,321.1190704345703,303.38256408691404,1.0584625105303516,0.013835732141326242,0.010337749911458187,61.0953265768664,2.6043386083071116,33.599998474121094,0.2645840745216983,0
2020-09-04,319.5771810982591,321.14675134230083,309.18096542994215,316.290283203125,139156300,-0.008164778509401116,-0.022847798753523274,0.009102289198422708,321.4043701171875,304.0329272460938,1.057136715514477,0.01419716461500697,0.010569473809273599,55.78454413265892,2.2840624631205855,30.75,-0.0848213870103649,0
2020-09-08,310.8798801569295,316.35499211221384,307.343704228668,307.64837646484375,114465300,-0.0273227070106713,-0.04609054105406907,-0.028315654744273888,320.5078582763672,304.6452526855469,1.052069104806283,0.01630399860775126,0.012331267367342637,44.44896477945684,1.7764716709653758,31.459999084472656,0.02308940112106206,1
2020-09-09,311.65542088332745,316.18876205705584,310.78752911291656,313.7236022949219,91462300,0.01974730339840547,-0.036329841748636515,-0.012582635407960008,320.1080810546875,305.2976483154297,1.0485114537271374,0.01774186986943735,0.012952177566743184,52.36680766849474,1.3957928570959846,28.809999465942383,-0.08423393819608227,0
2020-09-10,315.5978714825398,316.2533971603592,307.3159885272084,308.2762145996094,90569500,-0.017363652767800275,-0.06656407885160787,-0.039358860924169625,318.84502868652345,305.7690795898437,1.0427641313968687,0.01794266723315208,0.013210180982124673,46.275218284093796,1.3444216694893938,29.709999084472656,0.03123914041005804,0
2020-09-11,310.05812950649084,311.11990351849477,305.6078810919823,308.4331359863281,84680200,0.0005090285247033588,-0.03280352261223918,-0.04096678605155357,317.5275024414062,306.2037634277344,1.0369810576033116,0.017887601686553827,0.013207757368645769,45.31958230862853,1.2182432795008609,26.8700008392334,-0.09559065408128964,1
2020-09-14,311.6000162516437,314.2683283126777,308.58087891635495,312.49560546875,65605700,0.013171313352667635,-0.011997452770112549,-0.03457113613718932,316.4084838867187,306.68811889648435,1.0316946252277717,0.01844220902085419,0.013549030403044619,46.21131929255124,0.9315371846635444,25.850000381469727,-0.03796056665075909,1
2020-09-15,314.9515989909545,315.7825515027897,312.5048945263648,314.0744934082031,52920900,0.005052512457206504,0.020887862361574028,-0.026165411570202912,315.5646148681641,307.115048828125,1.0275127059786895,0.01863143224154227,0.013576254078705543,46.67350332563374,0.7422353780223803,25.59000015258789,-0.010058035785106334,0
2020-09-16,315.3117078985403,316.74279127603273,312.55106099803675,312.82806396484375,82096000,-0.003968579013958307,-0.0028545456048800766,-0.03908068216342697,314.29234008789064,307.57743408203123,1.0218315951100254,0.01815554731226623,0.013604087116053473,42.36083856997086,1.1174471743985144,26.040000915527344,0.017585023847447978,0
2020-09-17,307.9714762809404,311.79389633261354,307.44519615617884,310.0765686035156,91523300,-0.008795551545008884,0.00584006783087232,-0.06111274975632852,312.27403259277344,307.94047119140623,1.0140727244606753,0.017005033438116525,0.013719703389962772,39.502498287341105,1.2261814600063157,26.459999084472656,0.01612896137399411,0
2020-09-18,310.88219558209073,310.993428984105,304.02252899495534,306.5068359375,105877900,-0.011512423147910011,-0.00624543806769684,-0.0388440883110589,311.0353179931641,308.2653515625,1.0089856560804644,0.01406414229208199,0.013926727413361675,34.775527469068024,1.3604715178392282,25.829999923706055,-0.02380949291628287,0
2020-09-21,301.91817103397455,303.2437490415965,298.2380498714508,303.0954284667969,99450800,-0.011129955585717388,-0.030080989420163684,-0.041717546940429506,309.71583251953126,308.4627288818359,1.0040624150679007,0.014195518091209116,0.014068941503332393,33.44824267270869,1.2424885176931377,27.780000686645508,0.0754936418389145,1
2020-09-22,304.5786503731086,306.7385071760695,302.066507400489,306.18231201171875,63612100,0.010184526901434454,-0.02512837419824121,-0.004765389858290114,309.56922607421876,308.77262329101563,1.002579900946893,0.012212403324838809,0.014071183361799838,33.504079879025355,0.7873486738514245,26.860000610351562,-0.03311735253974313,0
2020-09-23,306.7384591067574,307.0165707899801,298.58102560551066,299.08160400390625,93112200,-0.023191111077444426,-0.04394254078969828,-0.04667165040789989,308.1050262451172,308.86516540527344,0.9975389288100558,0.011881495950412112,0.014810473632867513,24.485561559293657,1.1147792640152405,28.579999923706055,0.0640357138596499,0
2020-09-24,297.76541710832953,302.93796870174026,296.4490890808035,299.8789367675781,76681300,0.002665937165635457,-0.03288746351220384,-0.027239460699028273,307.2652984619141,308.9195495605469,0.9946450423711091,0.011177734928321918,0.014561403699037237,31.184581554466988,0.9040496327566951,28.510000228881836,-0.0024492545490231166,1
2020-09-25,299.0259943751535,305.5148717009548,298.1546568746652,304.7269592285156,71069400,0.016166598805487098,-0.0058069723095746095,-0.012016143291351145,306.8946807861328,309.0904650878906,0.9928959817601186,0.01267392487515905,0.01516090458919681,39.044656151966805,0.8314976836445762,26.3799991607666,-0.0747106647146728,1
2020-09-28,308.8891253586317,310.5020659374077,307.8972472441894,309.7882995605469,64584600,0.01660942748500216,0.022081728937997536,-0.008663500736729057,306.6239501953125,309.3454345703125,0.991202442089439,0.01314310979892644,0.015641757587995516,52.174973030346834,0.7486217323157378,26.190000534057617,-0.007202374251457866,0
2020-09-29,309.5843740782885,310.3259488282698,307.40595935248126,308.1011962890625,51304000,-0.0054459877079852115,0.006267129752649758,-0.01901872722716491,306.02662048339846,309.5186529541016,0.9887178609839035,0.01304332244888696,0.01565656033842988,43.72585064640067,0.5998252341415884,26.270000457763672,0.0030545980173624088,1
2020-09-30,308.7685789335807,313.5888989589638,308.57392054129775,310.4371643066406,104081100,0.007581820667085237,0.03796810017972918,-0.007642855400824322,305.78753051757815,309.72584838867186,0.9872845037261742,0.013342049528706901,0.015590276639116269,52.59139602357397,1.1828715015990416,26.3700008392334,0.0038066379797176975,1
2020-10-01,313.03270872151455,314.0060289873834,310.5484025217798,312.43017578125,88698700,0.006420015718996641,0.0418543534566409,0.007590406422304907,306.02289123535155,309.93874267578127,0.9873657245731102,0.013181183131921539,0.015235901594526834,54.591048760635914,0.9971957253516333,26.700000762939453,0.012514217413868156,0
2020-10-02,307.48010881582076,312.40238366370073,307.00733868479756,309.4638366699219,89431100,-0.009494406562716384,0.015544661533717585,0.009647421805055068,306.31859130859374,310.1643255615234,0.987600978139677,0.012985133832034333,0.013412179779173616,46.427721271284625,1.0396651861239943,27.6299991607666,0.03483139967239324,1
2020-10-05,311.5217825678193,315.1370091924181,311.475444751699,314.9516296386719,45713100,0.01773322863118043,0.016667285644582197,0.0391170570663153,307.50421142578125,310.53807250976564,0.990230308768697,0.013186534799772527,0.013964908103387427,50.94634087236416,0.5619520578362011,27.959999084472656,0.011943537232336876,0
2020-10-06,315.0906571878008,317.1856469045774,309.9644445702148,310.4742736816406,90128900,-0.014216011398854755,0.007702266077382225,0.01401766693092843,307.93340759277345,310.77906311035156,0.9908434773916296,0.01412342786854553,0.012887065686691379,47.62600672101508,1.1247813011219059,29.479999542236328,0.05436339440396454,1
2020-10-07,313.4313231405762,316.6850408176242,313.40351479672364,315.8785705566406,56999600,0.017406585128343144,0.0175282049820078,0.0561618178044645,309.61310424804685,311.16599426269534,0.9950094481939518,0.011903204094951481,0.012712865921393078,55.55456869995279,0.7269706207428875,28.059999465942383,-0.048168252996730776,1
2020-10-08,317.8160439288391,318.74302668593697,316.8983117626096,318.6781311035156,45242500,0.008862774521049666,0.01999792531768807,0.06268927900897503,311.49302368164064,311.5359771728516,0.999862123496616,0.011898100702443837,0.012120875546570277,61.826637891002385,0.5941962422973163,26.360000610351562,-0.06058442223615079,1
2020-10-09,320.32801907426403,321.9873254041977,319.7069567408336,321.5238342285156,59528600,0.008929709469381875,0.038970619922408245,0.05512106655257898,313.17271118164064,311.98429504394534,1.0038092178246598,0.011432993287999727,0.012222042863692174,68.10561222348151,0.794953840713571,25.0,-0.051593345176839334,1
2020-10-12,324.0639055120079,328.17043242336644,323.57260577192744,326.696533203125,80388500,0.016088073181327545,0.03729113444476373,0.05457996207914717,314.86353454589846,312.4887939453125,1.007599442433131,0.011377447729571652,0.012376876978430864,69.36135551666572,1.0630273664238676,25.06999969482422,0.00279998779296875,0
2020-10-13,326.55739883670304,326.73352777746965,323.6003223544785,324.56439208984375,73255500,-0.006526365897968067,0.04538256339606117,0.05343437805199369,316.5098541259766,312.9087341308594,1.0115085314097088,0.011496250050558798,0.01251129663247072,76.53977883835469,0.9558519583251129,26.06999969482422,0.03988831320993014,0
2020-10-14,325.1390911694356,326.2329236603553,321.7926981363864,322.5249938964844,57727900,-0.006283493331563084,0.021041070713126997,0.038938087895635354,317.71863708496096,313.2644342041016,1.0142186676638731,0.012012145574725039,0.012577212102246434,72.99057903842245,0.7654133544893696,26.399999618530273,0.012658225069775098,0
2020-10-15,318.6131625602973,322.6084550653457,318.07552513157503,322.1264343261719,60357700,-0.0012357478578557402,0.010820645931101325,0.03103496171800879,318.6882629394531,313.5743090820313,1.0163085868622102,0.01207691462804588,0.012359984458699944,69.41850675182283,0.8171654609880348,26.969999313354492,0.02159089784320045,0
2020-10-16,323.4798383039487,325.1391450693449,321.7556642567683,321.9317932128906,89501900,-0.0006042382510097477,0.001268829682110173,0.0402888966838062,319.93505859375,313.839296875,1.0194231945439831,0.011349966136087051,0.011967684749816162,65.2042372777737,1.2253236856543313,27.40999984741211,0.016314443650717658,0
2020-10-19,323.1924415429291,323.82278285072874,316.1381183278607,317.03729248046875,68425600,-0.015203533281303416,-0.029566401051004054,0.0066221687571188514,320.1436248779297,314.00196228027346,1.019559312792365,0.011700448777618064,0.012243808693109043,60.35661636754107,0.95710560933103,29.18000030517578,0.06457498969781228,0
2020-10-20,318.38139712826285,321.55168968171705,317.6212929886074,318.3072509765625,60051900,0.004005706982158852,-0.019278581587437893,0.02522907035754529,320.9269226074219,314.17156188964844,1.0215021393952461,0.01046978802053356,0.012112233148453876,59.35223699813961,0.8420748713387466,29.350000381469727,0.005825910709938986,0
2020-10-21,318.2609093352829,320.43007341653833,317.39882234537475,317.7047424316406,63575000,-0.0018928520888964462,-0.01494535789803264,0.00578124648272893,321.1095397949219,314.38026123046876,1.0214049016249145,0.009117068849401343,0.010624515314324488,56.482128083133496,0.9103295665091506,28.649999618530273,-0.02385011086341937,1
2020-10-22,317.91790278181213,320.0314217004003,315.77657552045014,319.4474182128906,55399300,0.005485205439213603,-0.008316660254490627,0.0024139940406677773,321.18646850585935,314.5381317138672,1.0211368229211717,0.008835748640085433,0.010637450166005128,62.64968091786767,0.8055356410767007,28.110000610351562,-0.018848133171682435,0
2020-10-23,320.6710851896819,320.7267018827422,318.0755452159894,320.53204345703125,49143900,0.0033953169827085627,-0.004347969928318762,-0.0030846570795105555,321.08728942871096,314.72896057128906,1.0202025541147546,0.008395880702042623,0.010193381183757247,57.958689102812414,0.7261539634531511,27.549999237060547,-0.01992178445861703,0
2020-10-26,317.14850435705404,317.93644508302657,311.11383966511926,314.60858154296875,91473000,-0.018480092817480087,-0.0076606474856569795,-0.037000550760789674,319.8784942626953,314.8011358642578,1.0161287804267227,0.008016962173135557,0.010660768623124666,55.66270156756427,1.3252848138816098,32.459999084472656,0.17822141500487332,0
2020-10-27,314.95160893898276,315.285309087353,313.31083167503937,313.5240478515625,65994100,-0.0034472476436823163,-0.015027000202870622,-0.03401588254088306,318.7744598388672,314.8318621826172,1.012522867377264,0.007956702436836645,0.010608114301938929,46.34220115546866,0.9460720129818418,33.349998474121094,0.02741834302990398,0
2020-10-28,307.8508925089764,313.5518292002192,302.3168058775529,302.80810546875,127094300,-0.03417901260284173,-0.046888305314157774,-0.06113290070803812,316.8027709960937,314.63478759765627,1.0068904758275166,0.012603099684941468,0.013056540741686959,30.21260371632239,1.7924196148014806,40.279998779296875,0.2077961206071215,1
2020-10-29,303.03995915634096,309.05606864677685,301.3528436229615,305.88580322265625,90597700,0.010163855254607279,-0.04245335606749667,-0.05041694618291104,315.1787078857422,314.525302734375,1.002077432707915,0.013581182880337828,0.01319704458873792,30.61401603912705,1.2759968961221315,37.59000015258789,-0.06678249027384753,0
2020-10-30,304.3098400497384,305.6168888814722,299.0445857878949,302.6968994140625,120287300,-0.010425144857973412,-0.05564231223378335,-0.05974835106176746,313.2552185058594,314.3326513671875,0.9965723164404275,0.013577000721807526,0.013230268448944552,18.709365783940967,1.6581216598433661,38.02000045776367,0.011439220628632452,1
2020-11-02,306.089599609375,308.0918566976093,303.34571133877967,306.089599609375,86068300,0.01120824231064077,-0.027078034209407686,-0.034531246420381856,312.16044921875,314.1856976318359,0.9935539764274721,0.014156769344806249,0.012817468388506654,26.679194171705404,1.1543173925886585,37.130001068115234,-0.023408715910909428,1
2020-11-03,309.3248216610703,313.55185999385526,306.173086523715,311.49395751953125,93294200,0.01765613048288195,-0.00647507055979446,-0.021404769876049445,311.4791198730469,314.08330688476565,0.9917086105672143,0.0155422830095326,0.013111274025693542,37.16577179349343,1.2485783656766016,35.54999923706055,-0.04255323957993329,1
2020-11-04,315.9712924400372,322.5343454427772,314.79403465889675,318.45562744140625,126959700,0.02234929363417426,0.051674713094069125,0.0023634680553350496,311.55420837402346,314.0979919433594,0.9919013058517272,0.01735470270899648,0.013492787743515729,46.294971806856175,1.6231448006219003,29.56999969482422,-0.1682137741370816,1
2020-11-05,323.7393687910326,326.4739785623512,323.3871109043666,324.6663513183594,82039700,0.0195026350353813,0.06139725315081934,0.016337377633744543,312.0761016845703,314.1731842041016,0.9933250747518638,0.01835102327354009,0.014038849981324946,52.4611596779173,1.0247506798335035,27.579999923706055,-0.0672979300526162,0
2020-11-06,324.3789774456897,325.843625628691,322.2654584902254,324.5921936035156,74973000,-0.00022841207455781554,0.07233405506246138,0.0126669087517568,312.48211669921875,314.23286010742186,0.9944285158222962,0.018351237385566474,0.013916283184301277,57.445611865386546,0.9275344030419239,24.860000610351562,-0.09862216536906332,1
2020-11-09,337.39377544488605,337.77384161254093,328.20737673340466,328.6708679199219,172304200,0.012565534220420282,0.07377339295214402,0.044697720284634146,313.8883453369141,314.33256164550784,0.9985867951246657,0.01720217222536268,0.013730564144135409,59.677911181913785,2.0169945500332975,25.75,0.03580045727262959,0
2020-11-10,327.6790159718678,329.2456185696468,324.9166263863297,328.1888732910156,85552000,-0.0014664963522830199,0.053596274882595774,0.04677416466119433,315.3548278808594,314.4460754394531,1.0028900104418101,0.017111447917665525,0.013642728438966991,59.81253741711111,0.9943162585154862,24.799999237060547,-0.03689323351221174,1
2020-11-11,330.37658868596975,331.4518918826983,329.13443541283425,330.62689208984375,58649000,0.007428706446931388,0.03821965636539715,0.09186935923670192,318.13670654296874,314.54759704589844,1.0114103859981056,0.010310419170372035,0.013620784922567996,60.32889702428382,0.6812752063056144,23.450000762939453,-0.054435424018226874,0
2020-11-12,329.6164387197169,330.67321239286036,325.6118956516911,327.41949462890625,67546200,-0.009700957598046567,0.00847991576388285,0.07039781244955479,320.2900756835937,314.4907940673828,1.0184402269497541,0.01183546424013939,0.013834556295537188,56.12324188227123,0.7813640607721434,25.350000381469727,0.08102343525434108,1
2020-11-13,329.32910745648184,332.69405891618226,328.8099994489029,331.9524841308594,62892200,0.013844592567986203,0.022675500743355004,0.09664976672515513,323.21563415527345,314.7519641113281,1.0268899673679295,0.010276212227235624,0.014125701976521281,65.8103717930671,0.7388995938837842,23.100000381469727,-0.08875739511407266,1
2020-11-16,334.62217047881086,336.2907277500925,333.33365115779196,336.0960693359375,74541100,0.012482464820009254,0.022591601936027716,0.09803165401521685,326.2162811279297,315.14807983398435,1.0351206369392316,0.010310127600358418,0.013740656916989025,69.48927989476991,0.8726237990405377,22.450000762939453,-0.028138511160012314,0
2020-11-17,333.68591913167813,335.49354647121936,332.1749330059845,334.2884521484375,66111000,-0.005378275298105972,0.018585574813236194,0.07317796727237313,328.4957305908203,315.6808813476562,1.0405943153366048,0.010831338112936895,0.013864645465113474,82.12248263629388,0.7712007592672175,22.709999084472656,0.011581216601222133,0
2020-11-18,334.55725327164475,335.1041695450707,330.2282326036911,330.26531982421875,70591300,-0.012034912658102637,-0.0010935960572945325,0.037084263442590304,329.67669982910155,316.0117156982422,1.0432420174697192,0.010923888077996238,0.014216482256389176,74.40591264477939,0.8201083756919428,23.84000015258789,0.04975786497886037,0
2020-11-19,329.63500754078495,332.02661012404343,328.29087149861675,331.65582275390625,59940900,0.00421026019452353,0.012938533576937417,0.02152816701566085,330.3756469726562,316.47930786132815,1.0439091554049311,0.009435034608821757,0.014203059036234485,80.07311919011116,0.6945429430879039,23.110000610351562,-0.03062078597164286,0
2020-11-20,331.39620780880034,331.60014506825297,329.3104974100037,329.3846435546875,70417300,-0.006848000376896701,-0.007735566681765227,0.01476452621354718,330.8548919677734,316.8983380126953,1.0440411080809107,0.009845465689651386,0.01433317509172321,74.76825953893318,0.8060004813067277,23.700000762939453,0.025530079489639368,1
2020-11-23,331.1922808117231,332.61984167212626,328.9582497650771,331.359130859375,63230600,0.005994472855136879,-0.014094001414303392,0.008179194452086591,331.12371826171875,317.27560852050783,1.0436469409223932,0.009225389839138657,0.013565252612890542,72.78318416193112,0.7356312585288876,22.65999984741211,-0.043881893757304447,1
2020-11-24,333.90841208983915,337.2455552842376,333.05560389471066,336.6986389160156,62415900,0.01611396083395289,0.007209901365387017,0.02592947633984566,331.9746948242188,317.72809143066405,1.0448389795482207,0.010341789298058825,0.013802956239882709,71.73133983276175,0.7276675644193354,21.639999389648438,-0.04501325969250447,0
2020-11-25,336.61527900819095,336.64308736147257,335.08576299916234,336.1795959472656,45330900,-0.0015415653904067295,0.01790765111575965,0.016794471321809556,332.52996520996095,318.1951220703125,1.0450504804925351,0.010266258253080451,0.010666532320581732,65.86620551132225,0.5549332284616456,21.25,-0.01802215344955116,0
2020-11-27,337.27323276830356,337.58840335197755,336.10522603114066,337.11566162109375,28514100,0.002784421437566742,0.01646236397073242,0.02961389639666101,333.4995819091797,318.73590393066405,1.0463194694932367,0.00945054677361799,0.010616757126708846,66.8579071775579,0.3628535428393527,20.84000015258789,-0.01929411046645224,0
2020-11-30,336.33702679385095,336.60585962287183,332.9442959525929,335.6232604980469,83872700,-0.004426970600743818,0.018940217965333295,0.011058137964530035,333.8666595458984,319.318232421875,1.045560903346109,0.008860798080754293,0.010238262704840113,60.0590430539194,1.0926300133470614,20.56999969482422,-0.01295587599744541,1
2020-12-01,338.87697278160647,340.83289212462,338.2836904492131,339.2940979003906,74231400,0.010937374831817115,0.02394672819317334,0.009515221557847564,334.18646240234375,320.0422058105469,1.044194972834832,0.008651964179042088,0.01023010834932106,64.71016730725387,0.9745443011501717,20.770000457763672,0.009722934657591553,0
2020-12-02,338.18174747696014,340.16547522877676,337.6070228786699,340.0079040527344,45927000,0.0021037977281683773,0.009828567015812029,0.01710933137994619,334.75840759277344,320.7187176513672,1.043775711140963,0.008359488036860752,0.00981718317882701,63.02102615498137,0.6223001243462069,21.170000076293945,0.019258527188946495,0
2020-12-03,339.90594329021474,341.30569594652076,338.81211070717654,339.91522216796875,62882000,-0.0002725874418239016,0.011111995688426912,0.029218636546174626,335.72339782714846,321.53539001464844,1.0441258046644684,0.006909321521736765,0.008905345363604775,68.98594485516412,0.8907035420558266,21.280000686645508,0.005196060933166491,1
2020-12-04,340.4993087607931,342.8445739746094,340.4066048284182,342.8445739746094,50749900,0.00861788944889641,0.016993907449944334,0.0337360313104027,336.84227294921874,322.39470275878904,1.044813298936984,0.007138585643216074,0.008165090217227123,67.39717053235793,0.7351474393605378,20.790000915527344,-0.023026304290754473,0
2020-12-07,342.07505805149833,342.63125318672655,340.8699921662204,342.13995361328125,48944300,-0.0020552180632741335,0.019416690921731483,0.03872466524528795,338.1178039550781,323.14296264648436,1.0463412267621501,0.006511446365710296,0.008210363919984075,60.84484737506133,0.7226149453288097,21.299999237060547,0.024530942716423976,0
2020-12-08,340.87005554580287,343.7066201446968,340.82371772977626,343.14117431640625,42458900,0.0029263483920871636,0.011338471372835501,0.0355567188581003,339.29600830078124,323.81002014160157,1.0478243018928435,0.006470045927914517,0.007874842853500817,66.35828228054822,0.6933204615582953,20.68000030517578,-0.029107932117012014,0
2020-12-09,343.7992759610222,343.95684714487703,339.22925900105616,340.06353759765625,74098300,-0.008969010276546285,0.000163624269491347,0.00999379947740131,339.6324981689453,324.44926696777344,1.0467969348276567,0.005879743764774738,0.008228731652106063,68.76094156474018,1.2213888053274213,22.270000457763672,0.07688588632128535,0
2020-12-10,338.6916205245105,340.99979809475724,337.82025463669373,339.95233154296875,57735400,-0.0003270155203145553,0.00010917244236163803,0.011222381254497371,340.0097717285156,325.0395703125,1.046056550596664,0.005833533366316587,0.008132232498472735,66.70390114062835,0.9523903785401797,22.520000457763672,0.011225864160808507,0
2020-12-11,338.255910570185,339.9615549854479,336.7356739717107,339.5536804199219,57698600,-0.0011726677126686624,-0.009598791418910513,0.007231995058029517,340.2535736083984,325.58204040527346,1.045062476986944,0.005843185749243669,0.007731985726286314,72.1436517398256,0.9595772036842671,23.309999465942383,0.03507988419717645,0
2020-12-14,341.7228478589244,342.7981226816186,337.8573183246596,338.033447265625,69216200,-0.004477151160360959,-0.01200241685979131,0.007181226843459898,340.4945922851563,326.1534326171875,1.0439705924689784,0.005848131938844438,0.007309860837021169,64.82702795050426,1.145103042597624,24.719999313354492,0.06048905532890392,1
2020-12-15,340.5733606765333,342.60345458984375,339.2014446984404,342.60345458984375,63865300,0.013519393897810428,-0.0015670510180940678,0.00975365239163306,340.8255279541016,326.70646911621094,1.0432163430252384,0.006381493769853167,0.007399217122786686,63.58193072330174,1.0659922285500638,22.889999389648438,-0.07402912518356886,0
2020-12-16,342.81672473642504,344.0588780721469,341.93607991779965,343.14117431640625,58420500,0.0015695105211541716,0.00905018144694858,0.009215286545767754,341.13885498046875,327.35980712890625,1.0420914466330213,0.006373358095018382,0.007246245860554522,65.99889187350526,0.9814105598166885,22.5,-0.017037981653455492,1
2020-12-17,344.78191409140845,345.2639348642844,343.956885989985,345.05999755859375,64119500,0.0055919352902200625,0.01502465358140781,0.01513546630189655,341.65333251953126,327.9434356689453,1.0418056754897997,0.006517971936939717,0.006575749599206881,67.46837413671392,1.083035905741022,21.93000030517578,-0.025333319769965224,0
2020-12-18,345.3486616686292,345.51622300643726,341.6714602108719,343.6822814941406,136542300,-0.0039926855451252186,0.012158905387545715,0.002443403171937808,341.7371032714844,328.44351867675783,1.0404744920779199,0.006205044531933091,0.0066993400076971145,67.81037552606021,2.1661843441957225,21.56999969482422,-0.016415896276417152,0
2020-12-21,339.7629846416698,352.3212752668946,337.0260363965949,342.453369140625,96386700,-0.0035757221704098008,0.013075398043457032,0.0009160448057405901,341.76844482421876,328.862109375,1.0392454316909514,0.006286216159757299,0.006514324769025308,57.82672531500295,1.4982693300887078,25.15999984741211,0.16643487266480217,0
2020-12-22,342.77910549977,342.890813003337,340.74967675872097,341.8760986328125,47949000,-0.00168569084094905,-0.0021230257526212437,-0.0036867498810482235,341.6419372558594,329.16570068359374,1.037902602082646,0.00622546475780064,0.006490766805122908,54.65975712052175,0.7542952662698157,24.229999542236328,-0.03696344637583293,0
2020-12-23,342.84436581711367,344.0918139440392,341.8575780688017,342.18341064453125,46201400,0.0008988987909588353,-0.002791165105100024,0.006233755791198892,341.8539245605469,329.5180810546875,1.0374360140310848,0.005440386551993984,0.0055166159903942205,55.59751288593799,0.7361925846938409,23.309999465942383,-0.03796946321399031,0
2020-12-24,342.6581462095984,343.542544801245,342.0716817018129,343.5146179199219,26457900,0.0038903325935151223,-0.004478582419306543,0.01047878201271546,342.2101531982422,329.93787353515626,1.0371957287946159,0.005520410350285278,0.005527794453473502,51.79515775083643,0.42802737327742113,21.530000686645508,-0.07636202574339757,1
2020-12-28,346.06537505500916,346.85667458893,345.4416652223988,346.4656982421875,39000400,0.008590843499281853,0.008098807817342513,0.020356185842891117,342.90135498046874,330.4246588134766,1.0377595794811283,0.0059304922909077535,0.005768472022525226,60.34421860450181,0.6256291819974322,21.700000762939453,0.007895962418588809,0
2020-12-29,347.99251061970955,348.16939039029,345.21831647942554,345.8048095703125,53680500,-0.0019075154487964152,0.009786559957339014,0.022989921167714478,343.6784912109375,330.902119140625,1.0386107290684436,0.005666883453150874,0.005661395159730959,56.474983456826024,0.8824925579428317,23.079999923706055,0.06359442913584812,0
2020-12-30,346.62395879952305,347.33147772383484,345.90714985399984,346.2981262207031,49455300,0.0014265754458522295,0.012934591232246495,0.010784105009339573,344.04795837402344,331.4873358154297,1.0378917116929844,0.004069439081036265,0.005209282331844551,67.33337745265233,0.8299335436277584,22.770000457763672,-0.013431519365993294,1
2020-12-31,346.1026197103733,348.78371400805713,345.59061740637577,348.0575866699219,78520700,0.005080768031928029,0.01716674696276521,0.014327666632574454,344.539599609375,332.08234252929685,1.037512554823595,0.004263176817339829,0.005283432600284368,70.64233873913645,1.2826165274577868,22.75,-0.0008783687905835613,0
2021-01-04,349.38880113928235,349.5191455225328,339.6233135802176,343.3191223144531,110210800,-0.013614024049309004,-0.0005691041815121256,-0.005045137820836487,344.3655120849609,332.5946301269531,1.0353910763788183,0.006107866488662703,0.006233757926238648,57.853698404130725,1.73326678786288,26.969999313354492,0.18549447531228536,1
2021-01-05,342.67681712955124,346.7729211198693,342.63025338281886,345.6837158203125,66426200,0.006887450631700043,-0.0022570269606556614,0.005823501629093952,344.56565551757814,333.1193560791016,1.0343609557042928,0.006377468137415236,0.0061264860822778065,65.4135042474385,1.0319529105517669,25.34000015258789,-0.06043749359531836,1
2021-01-06,344.1755228387104,350.94342966039994,343.6262753129207,347.75030517578125,107997700,0.005978266435156421,0.0056259934842610715,0.015467612564153521,345.09534912109376,333.6637213134766,1.0342609252291985,0.006398138348454318,0.006217626081018783,61.533117057185535,1.604194344559764,25.06999969482422,-0.010655108766291721,1
2021-01-07,350.12428175085216,353.6618195734626,349.94740201873657,352.9170837402344,68766800,0.014857725464371363,0.01911346616791354,0.032295282272073456,346.19944763183594,334.42989135742187,1.035192895666839,0.007509483508239783,0.006957528229930832,68.14223043804773,1.0018841747893552,22.3700008392334,-0.10769840001825937,1
2021-01-08,354.3041182519428,355.14195305315735,351.05516813608017,354.9278564453125,71677200,0.005697578263335501,0.0197388881567635,0.03724448761784216,347.47389221191406,335.2579675292969,1.0364373881182993,0.007498781056763704,0.0065658519753469214,68.25058530561193,1.0461317155800025,21.559999465942383,-0.03620926879315989,0
2021-01-11,351.7533887862446,354.29482021588973,351.632362830576,352.5353698730469,51034700,-0.006740768662755747,0.0268445506223578,0.02626016909483564,348.37596740722654,336.2525128173828,1.0360546141001716,0.008188872623477074,0.006844525522479797,65.78139382057068,0.7485136888903035,24.079999923706055,0.11688314101048247,0
2021-01-12,352.7215992262628,353.6245779387695,350.3663089172504,352.60986328125,52547700,0.0002113076149776738,0.020036082534294897,0.01773383359517333,348.9903839111328,337.1869940185547,1.0350054720435884,0.007935456556262358,0.006819401791815053,68.88195205642663,0.7736267560844616,23.329999923706055,-0.03114617950067544,0
2021-01-13,352.53544554182605,354.55555668053626,351.7534642871781,353.5594787597656,45303600,0.002693105262793427,0.016705013619033204,0.022424989401069517,349.76585083007814,338.20424560546877,1.0341852752436955,0.007830080690070452,0.00665235399779008,71.42398266566833,0.6789272483107219,22.209999084472656,-0.048006894251865995,0
2021-01-14,354.3041217359534,354.80683398556437,351.9861054675014,352.32122802734375,49989100,-0.0035022416504444376,-0.00168837310615777,0.017392822399512342,350.3681610107422,339.1288781738281,1.033141627152003,0.008039836251741575,0.006211478774228468,67.97612966346028,0.7570160401245412,23.25,0.046825797316417894,0
2021-01-15,350.7014344796534,351.5020240301078,347.8900242126763,349.75189208984375,107160000,-0.007292594749075398,-0.014583144888393074,0.004867888202444659,350.5375915527344,339.8940368652344,1.0313143319184506,0.00841451701345241,0.006509053238479367,60.59459050367887,1.5650335632956107,24.34000015258789,0.046881726993027506,1
2021-01-19,352.209459695014,353.0380043413137,350.72927849158293,352.498046875,51233300,0.007851722456017063,-0.0001058702224979724,0.026735838361312547,351.4554840087891,340.57488525390625,1.0319477425552712,0.007033621122095993,0.006612217775884979,60.318338609048624,0.7553518643332127,23.239999771118164,-0.04519311317065755,1
2021-01-20,354.7882578373456,358.21411669110563,354.3972814506253,357.37628173828125,61836100,0.013839040830235128,0.013517541490974727,0.03382446260224348,352.62474060058594,341.22908386230466,1.0333959128257653,0.0077992579420365785,0.007077005384682233,67.29742108422852,0.9648058474916157,21.579999923706055,-0.07142856556629995,0
2021-01-21,357.93475983810305,358.36300987967786,356.7804109135132,357.7020263671875,47840100,0.0009114892217296777,0.011716692257702555,0.028617433380470736,353.6199127197266,341.89128051757814,1.0343051515803294,0.007774756390994145,0.0069618196242467,67.13276132890621,0.7758136072784267,21.31999969482422,-0.012048203419881442,0
2021-01-22,355.8495116892653,357.5996721065897,355.4678253506062,356.4360046386719,52860500,-0.003539319420058362,0.01167904822075827,0.009970956523679186,353.9718048095703,342.44658325195314,1.0336555308806732,0.006724014528011466,0.00702834303409517,62.77683356571499,0.8538281376191246,21.90999984741211,0.02767355351938039,0
2021-01-25,357.1714317593944,358.1954363497445,352.3212455515999,357.8417053222656,70402000,0.003943767367212914,0.02313014858642637,0.008209693389907624,354.2631896972656,343.0396398925781,1.032717938393948,0.006610157521531198,0.007033682908441651,74.65234247917992,1.115367023748246,23.190000534057617,0.05842084416064908,0
2021-01-26,358.7912198692873,359.20083303759526,357.05037810890184,357.2831115722656,42665300,-0.0015610079588038728,0.01357472683802552,0.013467419456176799,354.7379638671875,343.57276428222656,1.0324973360687848,0.006136292836699526,0.007072824540496115,70.97632989144532,0.6673710785479209,23.020000457763672,-0.007330749132337333,0
2021-01-27,353.95968803310404,354.05278710492604,346.31672868098127,348.55096435546875,123351100,-0.024440414153274803,-0.024694748459204052,-0.011511019255135757,354.3320739746094,343.9953936767578,1.0300488916068586,0.010231961940204478,0.009034887775804258,51.16665421571453,1.8100489765390544,37.209999084472656,0.6164204319953999,1
2021-01-28,350.3663101277551,355.55161937828063,349.92879841681105,351.5486145019531,94198100,0.008600320908672687,-0.017202619531480612,-0.005687485072854881,354.1309875488281,344.3873162841797,1.0282927703893954,0.010638350009545735,0.009201360449644962,47.87142539783203,1.342353982037317,30.209999084472656,-0.1881214773509905,0
2021-01-29,349.6867018282273,350.6548810290884,342.83501362114134,344.5107116699219,126765100,-0.02001971432031391,-0.03345703804765454,-0.02216873618757853,353.3499359130859,344.55560913085935,1.0255236790496902,0.012304779452292714,0.010314706602193044,35.988040027486264,1.7121324950308487,33.09000015258789,0.0953327095463401,1
2021-02-01,347.90858629226074,351.27856215518443,344.7992707610039,350.2452392578125,75817600,0.01664542608876829,-0.021228565456370974,0.001410563256772912,353.39927062988284,344.8747448730469,1.0247177442928561,0.013470861137418117,0.010932441508238433,47.17368133627102,1.0258909682338542,30.239999771118164,-0.08612875093162653,1
2021-02-02,353.4290158638977,356.75245638940856,350.32901877184787,355.1977844238281,64450700,0.014140221224734795,-0.005836623901031235,0.0076588723618813415,353.66924438476565,345.3733941650391,1.024019945832198,0.014002826571063371,0.010824870676174332,52.850609007952706,0.8999465134572658,25.559999465942383,-0.15476191602506528,0
2021-02-03,356.02635940269215,357.19934519602856,354.20173693182824,355.47711181640625,52427100,0.0007863995915156075,0.01987126179307852,-0.005314202477672558,353.4793273925781,345.8498199462891,1.0220601746951146,0.013245610597136569,0.010758475509807972,52.143941642697996,0.7392825249072179,22.90999984741211,-0.1036776085250426,1
2021-02-04,356.5104075201895,359.56386931140645,355.5887921301405,359.517333984375,47142600,0.01136563236750776,0.022667475147672977,0.005074915665487678,353.6608581542969,346.4524737548828,1.0208062719867141,0.013767558688638593,0.01094359221851767,57.571005670179225,0.694566290920741,21.770000457763672,-0.049759903851645415,0
2021-02-05,361.3885499748435,361.639891899346,359.47082842089645,360.932373046875,48669800,0.0039359411320107895,0.0476666205743026,0.012614798588490572,354.11049499511716,347.0439385986328,1.020362137500569,0.013721172930360936,0.01051785541667333,62.05577559189336,0.7278425287450003,20.8700008392334,-0.0413412769685686,1
2021-02-08,362.384715387774,363.585628359729,361.52827190518417,363.5390930175781,38365200,0.00722218389195195,0.03795584427624488,0.015921530695203634,354.68023376464845,347.58074768066405,1.0204254295767468,0.01382904836498069,0.010557798113477726,61.941332530627896,0.5883963747978715,21.239999771118164,0.017728745424351322,0
2021-02-09,362.7011552001997,363.89277790526904,362.29157040764335,363.2969665527344,35551100,-0.0006660259363964194,0.022801893716888122,0.016832183738000106,355.2816192626953,348.12309509277344,1.0205631981067333,0.01380871379685926,0.010401968159027719,57.117188239428714,0.5517889087031802,21.6299991607666,0.01836155338281853,0
2021-02-10,365.0378156036463,365.18676844469576,360.7369053040488,363.1387023925781,59154400,-0.0004356330350291371,0.021552978578628812,0.04185252525146388,356.7403930664062,348.6435559082031,1.0232238256551485,0.01041902912078466,0.010407375185933139,56.56178796926347,0.91345252577474,21.989999771118164,0.016643579487721327,0
2021-02-11,364.21855249837824,364.63748409725014,361.29543496551975,363.72515869140625,42913300,0.0016149650118926218,0.011704094098600848,0.034636871508379796,357.9580474853516,349.2055938720703,1.0250638986513134,0.01032177563655253,0.010403792000424605,58.9443568590591,0.6638853489635808,21.25,-0.033651649787194926,0
2021-02-12,362.9245677029753,365.7639045862191,362.8500770853384,365.5218811035156,50593300,0.00493978040609977,0.012715700777676142,0.06098843583628444,360.0591644287109,349.7301495361328,1.029534242061424,0.006213779780296896,0.010362613823569969,59.33459345498355,0.7823322883072147,19.969999313354492,-0.06023532643037688,0
2021-02-16,366.75067579926497,366.94619235443565,364.48851345953494,365.205322265625,50972400,-0.0008660462047714867,0.0045833564534043525,0.04271316589345697,361.5551727294922,350.2340979003906,1.0323243079328084,0.005260671087917495,0.010160488876922957,59.68575174596873,0.8239900595622842,21.459999084472656,0.07461190898097625,0
2021-02-17,363.455213196624,365.540495969516,362.4404702799734,365.2891540527344,52290600,0.00022954700273625228,0.005483633730563486,0.02841056468095826,362.56430969238284,350.74157653808595,1.0337078177927763,0.004038452111408212,0.010080507038267702,75.95237622066455,0.8445775480946588,21.5,0.0018639756399749796,0
2021-02-18,362.6825676397495,364.479263411607,360.9603340863235,363.7345275878906,59712800,-0.004255879068939761,0.0016407647859808527,0.023229106732894467,363.3900512695312,351.15937561035156,1.0348294150994017,0.0045958684401133845,0.009752866288576446,69.77919862415223,0.9661146836478721,22.489999771118164,0.04604650098224017,0
2021-02-19,364.9912762762247,365.27986352452217,362.645304567679,363.0921630859375,83241000,-0.0017660256402188823,-0.0017403129542814533,0.009943412357741543,363.7475341796875,351.5784197998047,1.0346128024206154,0.003454831160666566,0.009771457961810554,88.0621870487407,1.309290122874238,22.049999237060547,-0.019564274723678277,0
2021-02-22,360.3273348443789,362.71052376422216,360.02942912693527,360.2994079589844,67414200,-0.007691587455970872,-0.014287716863254585,-0.0017536944180078784,363.6842376708984,351.92158447265626,1.0334240743314114,0.004225806680590982,0.009911475147075825,73.4171205019838,1.0483527029089625,23.450000762939453,0.0634921348897759,0
2021-02-23,358.0930286391464,362.086742927384,353.9410715012877,360.73687744140625,107284100,0.0012141831842022999,-0.012235431829136112,-0.007708154721166038,363.4040161132813,352.3350512695313,1.0314160195071889,0.0034060294132556906,0.009881554955590732,66.33711311811543,1.6218554508542005,23.110000610351562,-0.014498939937146127,1
2021-02-24,359.64766215783163,365.1401946066292,358.6608745485557,364.7119445800781,72433900,0.011019297962730601,-0.0015801440208458306,0.003894824778665873,363.54551391601564,352.83024353027344,1.0303694781902186,0.005051853380908068,0.010143755840111908,72.36229328658987,1.0709145913608178,21.34000015258789,-0.07659023846891821,0
2021-02-25,363.4459121163381,364.81438610383606,354.4810139951626,355.9239501953125,146670500,-0.024095713111024986,-0.021473291096047564,-0.019867758929936308,362.82403869628905,353.15764892578125,1.0273713164642209,0.009268015825309018,0.010098305915503649,42.92529464920882,2.131733625334449,28.889999389648438,0.3537956505658677,0
2021-02-26,357.8044726689712,358.9495032557424,352.1071613879296,354.09002685546875,152701600,-0.005152570763606645,-0.024792978603446536,-0.026490144015889228,361.8605255126953,353.4787805175781,1.0237121588539042,0.009224480945794035,0.010028403920551068,36.74728278216625,2.1288812901805576,27.950000762939453,-0.03253716325953937,1
2021-03-01,358.9588307931296,363.92072482785227,354.2855524299561,362.6732482910156,105348800,0.024240223628355206,0.006588521323080965,-0.007793330467385284,361.57566223144534,353.88017639160154,1.0217460212615244,0.012444358980758885,0.010165798407258397,48.63823986791329,1.4909730355127357,23.350000381469727,-0.1645796155959014,0
2021-03-02,362.89666276485025,363.1293962418053,359.34048841861335,359.84320068359375,79595300,-0.007803298480815957,-0.002477364565971363,-0.014682484769844684,361.03945007324216,354.21421691894534,1.0192686595520208,0.01264560762425164,0.00985588447111758,44.97696932468503,1.1234873752296068,24.100000381469727,0.03211991382215107,0
2021-03-03,359.14505098556646,360.11320193136976,354.97445626184805,355.0768737792969,119940200,-0.01324556611113481,-0.02641830338700557,-0.02795670268371342,360.0182220458984,354.41455444335935,1.0158110538415674,0.013159449759287794,0.009894826359037498,39.66097290256728,1.6291550073070074,26.670000076293945,0.10663898979853403,0
2021-03-04,354.89067292653556,357.47866839991167,346.1957524741158,350.682861328125,183433000,-0.012374820146419996,-0.01472530540389727,-0.03588239573052876,358.7130554199219,354.55456604003905,1.0117287711912113,0.013508260256250156,0.01027228593603422,34.761863333485465,2.2880102949424423,28.56999969482422,0.0712410803560184,1
2021-03-05,354.1830824863514,358.18611506318695,346.90320141461257,357.1341552734375,152039600,0.01839637648922965,0.008597046477141435,-0.01640907851566553,358.11725463867185,354.84818176269533,1.0092125958198166,0.015204878813386035,0.010810553924687825,41.16141687971315,1.7799843835344924,24.65999984741211,-0.1368568389631607,0
2021-03-08,358.09302696069,360.9044370293171,355.07681030362994,355.3560791015625,123149200,-0.004978734589285105,-0.02017565184069403,-0.013720058229972465,357.6229217529297,355.11778137207034,1.0070543929712001,0.015106998689075299,0.010811486862035103,39.93146633589482,1.381522202799017,25.469999313354492,0.03284669387487393,1
2021-03-09,359.2008783576128,362.9804680067196,358.69816605856334,360.4297180175781,113633600,0.014277619588901391,0.0016299247363023017,-0.0008514777474559754,357.5922058105469,355.48270751953123,1.0059341797685046,0.01589093136266173,0.011192754027733173,45.49224276449959,1.223133925477305,24.030000686645508,-0.05653705007969756,1
2021-03-10,362.7756658021815,364.3675549570112,361.3606563767608,362.6732482910156,109899400,0.00622459847588952,0.021393605364567803,-0.005589880779500733,357.3883361816406,355.86588012695313,1.0042781737157391,0.01559197900100142,0.011288802347430986,49.02794952582631,1.1374269750300814,22.559999465942383,-0.06117358213477153,1
2021-03-11,365.14026100475496,368.3240394446198,364.6840840161151,366.3504638671875,86245000,0.010139197179553694,0.04467741160695815,0.02929421767249285,358.4309875488281,356.2635754394531,1.0060837319860765,0.013432456957125615,0.011513984311819735,52.82717999070035,0.8802702795665737,21.90999984741211,-0.028812040510530323,0
2021-03-12,364.99129202536955,366.98347596763745,364.18138400908146,366.8438415527344,64653600,0.0013467368932436052,0.027187784018761096,0.03601856513872237,359.7063690185547,356.6843560791016,1.008472513268238,0.01314991718091293,0.011512777426020547,55.91451467706918,0.6526539454519695,20.690000534057617,-0.05568230588091916,1
2021-03-15,367.09516616349055,369.29218502366257,364.95402947649114,369.0315246582031,73427200,0.005963526868023594,0.03848378108857986,0.01753169387912923,360.3421966552734,357.13902404785154,1.0089689795618435,0.0110717822637524,0.011535856365159467,57.26639315555646,0.7327749407959538,20.030000686645508,-0.0318994601438356,0
2021-03-16,369.6458655473601,370.35335586836266,367.79328809314734,368.56597900390625,73722500,-0.001261533563367112,0.022573779518178627,0.024240497816109485,361.2144744873047,357.54919189453125,1.010251128168833,0.01062596697179342,0.011538733920636023,53.59747089725834,0.7274638536386835,19.790000915527344,-0.011982015121855594,0
2021-03-17,367.2813248264547,370.6233738852898,366.1362659817345,369.8227844238281,97959300,0.003409987604712006,0.01971343672714343,0.04152878357743117,362.68906555175784,358.07926513671873,1.0128736870962887,0.009086452484924892,0.01155640401086491,65.09604134003771,0.9453227804345736,19.229999542236328,-0.028297187841544558,0
2021-03-18,367.23478757465904,369.3200702632121,363.76239416037566,364.4419860839844,115349100,-0.014549666939063455,-0.0052094318731230604,0.03923523580180133,364.0649780273437,358.45443054199217,1.0156520522758452,0.009539695616091083,0.01200821417288038,60.43932100235799,1.0840362041783789,21.579999923706055,0.12220491094179375,0
2021-03-19,364.141257136667,365.71969051583625,361.591473561956,363.7676696777344,113624500,-0.0018502709127883321,-0.008385507746237586,0.01857429289903112,364.72832946777345,358.77477783203125,1.0165941197754138,0.008170754092736692,0.012008942172222738,51.31311651886081,1.0527978231056527,20.950000762939453,-0.029193659082201173,1
2021-03-22,364.2813692071272,368.05466830965446,364.2253325103038,366.67236328125,73778600,0.007985024084435244,-0.006392845107577649,0.03184491512934895,365.8599578857422,359.04988342285156,1.0189669312741996,0.007989422244140475,0.011980974054154481,58.17916396194086,0.6815924511603135,18.8799991607666,-0.09880675545533557,0
2021-03-23,366.0373101003052,367.4849724644324,363.0018651085728,363.7864074707031,90686600,-0.007870666293803175,-0.01296802148185383,0.009313020778606518,366.1956268310547,359.22705444335935,1.0193987961137658,0.007629436990712098,0.012141386401307139,60.923252395970486,0.8442671769636476,20.299999237060547,0.07521187179100952,0
2021-03-24,365.1873437728255,366.8218139815274,361.8903850062456,361.93707275390625,97588600,-0.0050835728845800565,-0.021322947103455392,-0.002029858944872176,366.12200927734375,359.41508850097654,1.0186606544659547,0.007599367281507294,0.011938697115586488,65.07707428436862,0.8980079654145569,21.200000762939453,0.04433505220216083,1
2021-03-25,360.4987270317707,364.76700718739,358.55602665416086,363.97314453125,116128600,0.005625485562591459,-0.0012864641579094505,-0.006489194283644584,365.88427734375,359.64235412597657,1.0173559180284617,0.007031357426648504,0.0105970867325866,60.39137603890576,1.0838430815599185,19.809999465942383,-0.06556609655538248,1
2021-03-26,365.1219613549917,370.2401983720078,364.5242270663124,369.8385925292969,114409100,0.01611505707543559,0.016689011579673396,0.008163557997557414,366.1837524414062,359.9679364013672,1.0172676936234353,0.00881661657883158,0.01098886984614048,69.57391854536215,1.0872228313078924,18.860000610351562,-0.04795552151447913,0
2021-03-29,368.362923730932,370.557789685478,366.87789404327793,369.6518249511719,108107600,-0.0005049975364866954,0.008125678311993623,0.0016808870015732058,366.24578247070315,360.3145483398437,1.0164612674070135,0.00863504949510347,0.009698142752102512,64.36127744510978,1.025995142952075,20.739999771118164,0.09968181865989645,0
2021-03-30,368.381579616897,369.34358094645273,367.07398064220894,368.6711120605469,76262200,-0.002653071956981501,0.013427397202126379,0.0002852489449101103,366.2562957763672,360.6929327392578,1.0154240977078726,0.008672377292821437,0.009518863447632446,59.72267294601868,0.7249129352494905,19.610000610351562,-0.054484048854243516,0
2021-03-31,369.2408018270159,371.7251997987825,369.21278347970974,370.1654357910156,112734200,0.004053270466776837,0.0227342365746106,0.000926528547237293,366.2905609130859,361.0462805175781,1.0145252303610215,0.008702302142819862,0.008897514002126307,56.65514256418556,1.0752814425002677,19.399999618530273,-0.01070887227359063,1
2021-04-01,372.0987781059756,374.2189375105821,371.893300729822,374.1628723144531,99682900,0.01079905398216141,0.027995823143287524,0.02667334336233318,367.2626495361328,361.38201232910154,1.0162726339618584,0.007570558956625407,0.008405831238027198,61.37700519538677,0.9903514085421483,17.329999923706055,-0.10670101729522818,1
2021-04-05,376.8247498461712,380.0750207457854,376.7500437520767,379.5332946777344,91684800,0.014353167459030702,0.026213332908651354,0.04333981910477891,368.83921203613284,361.8186376953125,1.0194035729766149,0.008205033185540828,0.008064829739729579,64.85456322347156,0.939043898925738,17.90999984741211,0.033467970355421706,0
2021-04-06,378.9729228929124,380.3551993878055,378.6366742165215,379.30914306640625,62021000,-0.0005905980172792313,0.026125444170362222,0.03446340943744208,370.10289001464844,362.2761004638672,1.0216044876842818,0.008223115635753848,0.007891973376731675,65.30049704709864,0.6557522992195384,18.1200008392334,0.011725348610297948,0
2021-04-07,379.141055188101,380.0937075716996,378.6834126464064,379.7481384277344,55836300,0.0011573550739620853,0.030045821342704837,0.043876655722263846,371.6990631103516,362.71422912597654,1.024771109768772,0.007287650930091481,0.007464876879665671,64.47290663192108,0.6089678973363033,17.15999984741211,-0.05298018473281174,0
2021-04-08,380.9996431984528,381.6067263918638,380.0656602846216,381.5506896972656,57863100,0.004746702056247942,0.030757204226592894,0.05419068235846436,373.6604248046875,363.19958068847654,1.0288019168314608,0.006497352302880764,0.0074347837638877095,77.85419299961048,0.6495032340968909,16.950000762939453,-0.012237708994171426,1
2021-04-09,381.4293518580536,384.49281512504706,381.3079295009663,384.3246765136719,61104600,0.007270296952174959,0.027158772158127453,0.055914927483542876,375.69557800292966,363.9150549316406,1.032371628795357,0.006526974001810647,0.007307575989079959,81.32653611695528,0.6957047846995635,16.690000534057617,-0.015339245851263672,0
2021-04-12,383.7268976917543,384.7355867285504,383.11981447960585,384.4647521972656,56704900,0.00036447226044500347,0.012993478012827797,0.03954741328627054,377.15819396972654,364.57337768554686,1.0345192958522451,0.005492411281311531,0.007318483263171883,79.6083509809,0.6485467831456685,16.90999984741211,0.01318150427290643,0
2021-04-13,384.3620022296351,386.2299681294225,383.979065799831,385.6041870117187,56551000,0.0029636912303170337,0.0165960775277445,0.04315510159500491,378.75343017578126,365.39524719238284,1.0365581738844163,0.005289105606319101,0.007271633916621995,88.54770441862344,0.6530894598364303,16.649999618530273,-0.015375531119335095,0
2021-04-14,385.57622623649513,386.6316316879288,383.74562736217496,384.287353515625,61659900,-0.003414987545385939,0.011953225384288224,0.04235819120135864,380.31505432128904,366.0760894775391,1.0388961892159405,0.005403783541467483,0.007341567770643571,90.24581371527566,0.7170852704271218,16.989999771118164,0.020420430052712657,1
2021-04-15,386.4261085208995,388.68635987083064,386.3794207731198,388.4154968261719,60229800,0.010742334538935028,0.017991861407334886,0.04930244498964975,382.1400604248047,366.7404437255859,1.04199050571783,0.005788035974795644,0.007588497544480046,90.92923451778326,0.7161656958227414,16.56999969482422,-0.024720428602236777,0
2021-04-16,389.7043351328216,390.32076721988585,388.2846914947576,389.7136840820313,82037300,0.00334226431866691,0.014022018094817179,0.04156161104757872,383.6951416015625,367.42517517089846,1.0442810333371864,0.0054023869843420275,0.006443048372307257,89.29122590251345,0.9951782487925607,16.25,-0.019311991594313294,0
2021-04-19,388.77971032486425,389.2280038510843,386.472771544875,387.7990112304687,78498500,-0.004913024432469215,0.008672470009662314,0.021778633570877615,384.52171325683594,367.9908087158203,1.0449220582402685,0.0047306212267936385,0.006608124030946046,83.58111519343457,0.9729794116101345,17.290000915527344,0.06400005634014416,0
2021-04-20,386.5848990980943,387.68699217501296,383.4840687603821,384.9597778320313,81851800,-0.007321404429136202,-0.0016711674857093906,0.014897175216880498,385.08677673339844,368.47135681152344,1.0450928399581787,0.005570777727815492,0.006907333000652986,78.20211373058352,1.0094923493632506,18.68000030517578,0.08039325136184017,1
2021-04-21,384.34336511048394,388.80780284580254,384.2032448539139,388.6023254394531,66793000,0.009462151157545451,0.011228503577733973,0.02331594579601526,385.9721954345703,368.9726214599609,1.046072724603102,0.006108164298393675,0.006624647326700027,79.71135517300405,0.8360886677333339,17.5,-0.06316918018726325,0
2021-04-22,388.4342040276747,389.26543407718646,383.9884358212958,385.05316162109375,97582800,-0.009133151260342531,-0.008656542369067433,0.009179571727696567,386.32244262695315,369.4077453613281,1.0457886914338526,0.007007343496696913,0.006949138902593608,67.80716032946344,1.2215077840409168,18.709999084472656,0.06914280482700885,1
2021-04-23,385.6134878217857,390.6383200253725,385.5387817363955,389.2279968261719,73209200,0.010842230687061027,-0.0012462668766776153,0.01275827604144375,386.8127746582031,369.92953125,1.0456390798300266,0.0074435512390697576,0.007143201934118393,66.49723311619258,0.9417040128014489,17.329999923706055,-0.07375730776554967,0
2021-04-26,389.8817967410728,390.61030221191777,389.29338299483373,390.0405578613281,52182400,0.00208762227224657,0.005780176240643531,0.014502774655403616,387.3703552246094,370.4558392333984,1.0456586567138826,0.007439600156713782,0.0064857934518383325,67.90286499195096,0.6992160578074207,17.639999389648438,0.017888024657076285,0
2021-04-27,390.33944884314224,390.535605765326,388.8170522247635,389.9565124511719,51303100,-0.00021547864308546494,0.012979887528199896,0.011287028476485217,387.8055877685547,370.94453186035156,1.0454543859256855,0.00743640435947548,0.006478623424815912,67.23440079302114,0.7146309690367579,17.559999465942383,-0.004535143224154603,0
2021-04-28,390.2274799515401,391.3482710819515,389.3775519031769,389.8445434570313,51238900,-0.0002871320020705337,0.0031966304271942025,0.014461027381116542,388.36130676269534,371.4373162841797,1.0455635170096034,0.00728744957353964,0.006396873714975901,64.84986378076427,0.7263964807858406,17.280000686645508,-0.015945261264952326,1
2021-04-29,392.5717326349584,392.94532012603673,388.9478741154117,392.3288879394531,78544300,0.006372654239023889,0.018895381322745708,0.01007527028467825,388.7526458740234,371.97811096191407,1.0450954892714825,0.0067825832675261054,0.006441364830148341,64.48146929364462,1.1411515905073706,17.610000610351562,0.019097217048208215,0
2021-04-30,390.05926790428015,390.909195730544,388.8544220293682,389.75103759765625,85527000,-0.006570636068467861,0.0013437902097210852,9.584861181588522e-05,388.7563812255859,372.4984411621094,1.0436456593288164,0.007121969382175975,0.006495489213062281,58.788848648193444,1.2555125105354523,18.610000610351562,0.05678591512439679,0
2021-05-03,391.7404249655094,392.1233613592744,390.0966345103683,390.5916442871094,68128300,0.002156778580076235,0.0014128951840366444,0.007201238207853455,389.03564453125,373.0484307861328,1.0428555984310857,0.006924672629406973,0.005818108809817446,58.375244832509594,1.01770063528332,18.309999465942383,-0.016120426360561657,0
2021-05-04,388.602249482538,389.0972592506833,384.4927306617044,388.1819458007813,101591200,-0.006169354930073201,-0.00455067832881173,0.008370141906502981,389.357861328125,373.60608154296875,1.0421614651455953,0.006783816594264551,0.006050343540129185,56.30849113871002,1.474005275828993,19.479999542236328,0.06389951449590203,0
2021-05-05,389.82580250833166,390.05929824240366,387.7430102993665,388.3034057617187,60162200,0.0003128944100860842,-0.003953210891824321,-0.0007692174188520529,389.3279693603516,374.157412109375,1.040545922010338,0.00607374631051299,0.006053412860705946,49.79135115606105,0.8701735141509758,19.149999618530273,-0.016940448226939298,1
2021-05-06,388.3780814635263,391.53494810160834,386.37002400822354,391.4042053222656,74321400,0.00798550698895939,-0.002356906783092194,0.01649393988724479,389.96307373046875,374.6912573242187,1.0407584007038504,0.005628588170227466,0.0061968272055612774,52.948879697206756,1.062324938380025,18.389999389648438,-0.03968669681572368,1
2021-05-07,392.17016567934985,394.90672923888695,391.4883477759264,394.2529296875,67733800,0.007278216039832364,0.01155068660648717,0.01290999851578567,390.46556701660154,375.4578369140625,1.0399718120838535,0.005066768495349418,0.006197229414531171,60.902685124275656,0.9635986976711896,16.690000534057617,-0.09244148515566208,0
2021-05-10,394.60789906840847,394.83204591381354,390.2275156127185,390.3489379882813,81852400,-0.009902251588372879,-0.0006213811851276674,0.000790636052425242,390.49640502929685,376.1830151367187,1.0380490062460053,0.006159241839847629,0.006684368807876515,58.78784018344835,1.1439901780456343,19.65999984741211,0.1779508219483823,0
2021-05-11,385.82834392591514,387.8550708690354,382.9890279126543,386.8650512695313,116888000,-0.008925057505484002,-0.003392467232172236,-0.007927707533869288,390.1872589111328,376.6668511962891,1.0358948701535668,0.0067915405605469764,0.007001165147593785,47.15237711256938,1.5675616341945369,21.84000015258789,0.11088506216152072,0
2021-05-12,384.08181415543856,385.3520172707222,377.3291072473696,378.6460266113281,134811000,-0.021245198115548924,-0.024870704215035344,-0.02872559596806945,389.0674072265625,377.04290771484375,1.031891594472884,0.009368973224723551,0.008465911266592649,40.89217621412917,1.723389861362809,27.59000015258789,0.26327838643896095,1
2021-05-13,380.1964417898234,385.1278705672436,380.14972554113865,383.1945190429687,106394000,0.012012518584565868,-0.02097495675228478,-0.02328242751753251,388.1539703369141,377.6052606201172,1.0279358123863884,0.010126357806004741,0.008560541562337204,41.513488361710984,1.3211307281666178,23.1299991607666,-0.1616528077982975,1
2021-05-14,385.9310346899563,389.9284800362055,385.9030163453545,389.07855224609375,82201600,0.015355212328768353,-0.013124512341627148,-0.001725422864060966,388.0867218017578,378.37317443847655,1.025671871103697,0.011394803831820871,0.009248565373818024,48.81581606625389,1.020621301677803,18.809999465942383,-0.18677042159827906,0
2021-05-17,387.9672597019787,388.9012428166916,386.07124661632497,388.0886535644531,65129200,-0.0025442129254519275,-0.00579042032361321,-0.006408203450497751,387.8364227294922,378.99226440429686,1.0233359863930116,0.011387677870011569,0.009197915736517643,47.750910571447875,0.8154168129418616,19.719999313354492,0.048378515324243754,0
2021-05-18,388.3500945443385,388.592939229349,384.5861444411635,384.7449340820313,59810200,-0.00861586509090373,-0.005480249974875395,-0.008854125638583676,387.4927215576172,379.5800415039063,1.020845880153131,0.011546178523665542,0.00925708462523738,44.30294385175869,0.7592998367402901,21.34000015258789,0.08215014683780053,0
2021-05-19,380.0564000490199,383.9137261518179,378.5713418982046,383.73626708984375,106467100,-0.002621651132572178,0.01344326922976169,-0.011761778557970115,387.0360076904297,380.0461724853516,1.0183920684146544,0.011551227451772795,0.008998624543190352,40.07341560977189,1.3184142612050773,22.18000030517578,0.0393627060253805,1
2021-05-20,384.614169969288,389.1253236094422,384.49277612741383,387.8644409179687,78022200,0.010757841210662589,0.01218681803347077,-0.009043756700014116,386.68203125,380.5499963378906,1.0161136118016534,0.011824149504175154,0.009103462442218622,47.895887620930225,0.9780174770881548,20.670000076293945,-0.06807936014903804,0
2021-05-21,389.34942453489305,390.5916376819598,387.0892020087102,387.5468444824219,76578700,-0.0008188335976228034,-0.003936757127396384,-0.017009601451518974,386.0114227294922,380.9739239501953,1.0132226865478475,0.011478248522172623,0.008766891265983434,46.56406477074707,0.9579000892495843,20.149999618530273,-0.02515725475782904,1
2021-05-24,389.7884453669176,392.5717248506236,389.54560067622776,391.4976501464844,51376700,0.01019439513006204,0.008784066606227325,0.0029427828448134186,386.1262939453125,381.4670001220703,1.0122141464969479,0.011632068366981838,0.00905976166052377,53.615874450624915,0.6429798033429213,18.399999618530273,-0.08684863687990696,0
2021-05-25,392.5810186375286,392.9359366989267,390.0499329669356,390.6289978027344,57451400,-0.0022187932505469687,0.015293414414258466,0.009729352705423633,386.5026885986328,381.8989495849609,1.0120548616818013,0.011223753671821124,0.009075953940645792,52.49545967477328,0.7162490955160035,18.84000015258789,0.023913072998898333,0
2021-05-26,391.21739734846744,391.9085355463097,390.1806900517041,391.4042053222656,43088600,0.0019845109397709226,0.019982313088553028,0.03369420993299754,387.77850646972655,382.3557141113281,1.0141825848503458,0.008060367155200445,0.009084730310644077,50.0,0.5399305661065839,17.360000610351562,-0.07855623833596592,0
2021-05-27,392.43165081383626,392.9453300641983,391.3295292083679,391.6097412109375,56707700,0.000525124374948005,0.009656209484181444,0.021960705985528906,388.6200286865234,382.7914532470703,1.015226503596179,0.007486552077987959,0.008970313228251361,46.82520365732784,0.7204441856392283,16.739999771118164,-0.035714332801561,0
2021-05-28,393.1788390804018,393.44035318988387,392.07674594064906,392.3102416992187,58520200,0.0017887718679190368,0.012291152113903747,0.008306007705819018,388.9431976318359,383.348818359375,1.0145934433720267,0.005898537106833105,0.008844533935707555,52.5521728494682,0.7564483218105268,16.760000228881836,0.0011947704920629576,0
2021-06-01,394.6731442042603,394.81323593275704,391.5256265248219,391.964599609375,54216600,-0.0008810427388961095,0.0011927260935433726,0.009987269685219458,389.33079223632814,383.91275695800783,1.0141126732053682,0.005815274238182015,0.008838217533827767,57.22603243243239,0.7071772557949584,17.899999618530273,0.06801905573270361,0
2021-06-02,392.61842198763014,393.42166217448545,391.60973290730567,392.5810546875,49097100,0.0015727315138647224,0.004997214481633039,0.020367053367876142,390.114404296875,384.4309307861328,1.0147841212961712,0.00473341152217094,0.008712636745928612,75.16858131533684,0.6631024045229766,17.479999542236328,-0.023463691913108042,0
2021-06-03,390.2647750989035,392.2634837583409,388.798415050226,391.1240234375,58138800,-0.003711415088942127,-0.0007158376965697988,0.019252171299009913,390.8531799316406,384.97768310546877,1.0152619153889038,0.0048631288373903216,0.008765917172852468,66.12217495544976,0.7862934351054807,18.040000915527344,0.03203669267484277,1
2021-06-04,392.9732978416649,395.0000532381176,391.1893871156072,394.701171875,55938800,0.00914581621977928,0.007894161811458522,0.01762659897579333,391.53685302734374,385.6329650878906,1.0153096038823017,0.004554523464528343,0.00882243033985503,62.615236717992666,0.7660624061188801,16.420000076293945,-0.089800485422317,0
2021-06-07,394.69188585185486,394.86934490806766,393.3843153083659,394.31829833984375,51555000,-0.0009700339457758833,0.005118542488025568,0.017472607386251005,392.21399841308596,386.2398681640625,1.015467409611081,0.004564269514759668,0.008678371321056071,64.36858146393669,0.713936891468506,16.420000076293945,0.0,0
2021-06-08,395.1774759507784,395.27087993776814,392.57168428200526,394.40228271484375,47134300,0.00021298624830135005,0.006219140983390048,0.0074192848086638286,392.50446166992185,386.73114196777345,1.0149285099533811,0.0034712333021619034,0.00835700331594234,76.2167580733353,0.668795891274748,17.06999969482422,0.039585847473210256,0
2021-06-09,395.2429272053632,395.31766180851946,393.58978752250255,393.8139343261719,48436300,-0.0014917469154134277,0.0031404460911983456,0.008153354055516981,392.8229553222656,387.2143841552734,1.0144844081121303,0.0034093245966231637,0.008073939643727001,77.99670033590141,0.7223500839438197,17.889999389648438,0.048037475658119,0
2021-06-10,395.0373870494079,396.5971509849046,393.7204677812437,395.64447021484375,51020100,0.004648225288939933,0.011557578942900548,0.010833467895642324,393.2469818115234,387.75385131835935,1.0141665401245854,0.0036088483527727568,0.006188193957168801,74.776662494072,0.8115919021039468,16.100000381469727,-0.10005584512285925,0
2021-06-11,396.1956153911513,396.4104132476395,394.9067142406208,396.29833984375,45570800,0.0016526697025518455,0.004046524516668537,0.011972630247435667,393.71584167480466,388.27650939941407,1.0140089141210324,0.0036070627760124243,0.00574256997363722,77.28602229931492,0.7617596355385974,15.649999618530273,-0.02795035728430051,0
2021-06-14,396.41041653956006,397.28836288118606,395.16823163226826,397.1856384277344,42358500,0.002238966189800795,0.0072716384199329465,0.012427401098168644,394.20338134765626,388.73696472167967,1.0140619933838562,0.003618066126468465,0.004766895933795903,71.92226806742872,0.7324542591103738,16.389999389648438,0.047284331575444316,0
2021-06-15,397.3350079519186,397.3723467449024,395.5791155832376,396.4570617675781,51508500,-0.001834347946316317,0.005209855882654768,0.011461397694282116,394.6526275634766,389.07544006347655,1.0143344630005178,0.0036920155206678984,0.004741359451766782,72.70731869720741,0.9012879817070482,17.020000457763672,0.0384381385952417,0
2021-06-16,396.59721625461583,396.8213630595682,392.1981641900248,394.2435607910156,80386100,-0.00558320481591057,0.0010909376926411252,0.004234809814852136,394.8188781738281,389.37412841796873,1.0139833372545357,0.004251322337051677,0.004454864816763057,59.94778056718609,1.3817107385137253,18.149999618530273,0.06639242834163106,0
2021-06-17,393.832670472112,395.0935248680887,391.6378044633818,394.11285400390625,90949700,-0.0003315381660188299,-0.0038711932713372255,0.007641644049726448,395.1177612304688,389.6614227294922,1.0140027679998604,0.004013097845486188,0.004379459306008211,58.81596766912452,1.5844121206272064,17.75,-0.022038546938694892,0
2021-06-18,390.82940868218697,391.5228080642645,388.5899013988071,388.7960510253906,118676300,-0.013490559682336367,-0.018930911548398988,-0.014960991429433856,394.5272491455078,389.8063299560547,1.0121109351661512,0.005020602364870438,0.004954852719653819,40.66009470246923,1.99672384404542,20.700000762939453,0.166197226081096,1
2021-06-21,390.5576558078238,394.5494491775668,389.74243684552914,394.3620300292969,72822000,0.014315935023585746,-0.00710903951516173,0.00011090453990414417,394.5316223144531,390.0070770263672,1.011601187656859,0.007096146813013308,0.005872768054415527,54.987765343478294,1.2291115220977025,17.889999389648438,-0.13574885360979994,1
2021-06-22,394.352770816312,397.3044372131697,393.6312326641742,396.470458984375,57700300,0.005346429915987327,3.379235253664348e-05,0.005243824288478027,394.7384399414062,390.2471911621094,1.0115087280088357,0.007293490494487483,0.005560176862819959,57.61878800486845,0.9687133245489231,16.65999984741211,-0.06875347032979973,0
2021-06-23,396.5453725429614,397.3512120232172,395.9081931498081,395.9925231933594,49445400,-0.0012054764237414695,0.004436248492770911,0.0055320258561066815,394.956298828125,390.4549578857422,1.0115284512373897,0.007285155946240447,0.00553726801540105,59.917097981780955,0.8357408543147888,16.31999969482422,-0.020408172611160347,1
2021-06-24,398.1382519193238,398.75667208694006,397.8852332546115,398.33502197265625,45110300,0.0059155126475785025,0.010713093789902484,0.006800428061970454,395.22535400390626,390.7359112548828,1.0114897111315038,0.007374347311927612,0.005653926373173278,57.79416808707287,0.7611671985183746,15.970000267028809,-0.021446043770847023,0
2021-06-25,399.0847106398985,400.1997887962621,398.7567414298832,399.75,58129500,0.003552231034912312,0.028174023233312084,0.008709751743120941,395.5705200195313,390.96260131835936,1.0117860856399912,0.007425829761130051,0.005683992492432955,61.156394872167745,0.9796711020493049,15.619999885559082,-0.021916116193956947,0
2021-06-28,400.2747165613677,400.7244767038043,399.0753085212979,400.5558166503906,53159600,0.00201580150191516,0.01570583917684365,0.008485146230355012,395.90753784179685,391.17944396972655,1.0120867646420506,0.007421667502237546,0.00568578342812861,62.27501677139403,0.8999774834638897,15.760000228881836,0.008962890163154658,0
2021-06-29,400.9400834258965,401.5772628150839,400.2373044711945,400.77142333984375,35970500,0.0005382687767614414,0.010848133216498468,0.01088229215297698,396.33897399902344,391.43889221191404,1.0125181270553378,0.00736329924398221,0.005669168749372678,64.08824347288737,0.6185238703992983,16.020000457763672,0.01649747621230091,0
2021-06-30,400.3122760719077,401.78343362434913,400.2841660560843,401.1087646484375,64827900,0.0008417299461684902,0.012920045595355534,0.0174136106209255,397.02549438476564,391.7618719482422,1.0134357700772343,0.006985244465186657,0.0056684992684802255,61.776831238259604,1.0998603965071727,15.829999923706055,-0.011860207779553322,1
2021-07-01,401.8677812471255,403.4888684869052,401.8021816752853,403.3295593261719,53441000,0.005536639618635153,0.012538534344234575,0.02338595462855486,397.94716491699216,392.05641662597657,1.0150252566753304,0.00703725802158766,0.005633278501546371,64.19515465022715,0.91029960714255,15.479999542236328,-0.02210994208190664,1
2021-07-02,404.4914967088667,406.7684938220398,403.4138793575893,406.4124145507813,57697700,0.007643514226331138,0.016666452910022,0.04531003717483806,399.70880126953125,392.4836016845703,1.0184089209178417,0.004456010740945474,0.005535875868490029,67.11081682201743,0.9813370152797033,15.069999694824219,-0.026485779039815083,0
2021-07-06,406.4685771019908,406.68410626099694,402.9359520976346,405.6720886230469,68710400,-0.0018216124833507763,0.01277293141175817,0.02867938019517191,400.8398071289063,392.81248352050784,1.0204355104411527,0.0032431223465907606,0.005558919541754648,67.08158439589525,1.151839411956798,16.440000534057617,0.09090914843906228,0
2021-07-07,406.35615449938257,407.38690265779184,404.3415272693066,407.1057739257813,63549500,0.003534098950708442,0.015805394838658948,0.02682498708390635,401.90333862304686,393.1537878417969,1.022254779304761,0.003136139060691156,0.005570086513393457,74.5520594372475,1.0508649074834737,16.200000762939453,-0.014598525749495717,0
2021-07-08,401.7834199082824,404.5476952865336,400.60274209170535,403.7886962890625,97595200,-0.008147950358777134,0.006681309103215183,0.0196876775168211,402.6829559326172,393.4304315185547,1.0235175616140058,0.0045399456732548955,0.005950471593965257,66.4666447844042,1.5508172263270845,19.0,0.17283945093793274,1
2021-07-09,405.2973539710542,408.39894982783824,403.5919366478728,408.0990905761719,76238600,0.010674876059491467,0.011825394741630912,0.02451220220396766,403.65936279296875,393.7955224609375,1.025048127186387,0.00520181542323005,0.006274418764689747,84.01570314600671,1.1876579139676837,16.18000030517578,-0.14842103656969574,0
2021-07-12,408.01477435650503,409.8139013313476,407.5837445402164,409.5608825683594,52889600,0.0035819535645709166,0.007746977958481338,0.024542545511843317,404.6404510498047,394.1401623535156,1.026641001601027,0.0052025320504125415,0.006290572932164516,81.31262071463033,0.8192529143799104,16.170000076293945,-0.000618061105884915,0
2021-07-13,408.77374227084334,410.2730098694853,407.9023031665115,408.1646728515625,52911300,-0.0034090406975423315,0.006144332574065103,0.018995745124362973,405.4013366699219,394.50843505859376,1.0276113275238596,0.00552451698358433,0.006389499252061824,74.82077297564769,0.8129447867182436,17.1200008392334,0.058750819941689736,0
2021-07-14,409.8606803722424,410.34795874869207,407.5274633950544,408.7737121582031,64130400,0.0014921411556412245,0.004097063562468417,0.01996721410841129,406.2015655517578,394.8720764160156,1.0286915429385948,0.005506651446196939,0.006344459702813368,76.97772029135969,0.9758561189547951,16.329999923706055,-0.04614491102809537,0
2021-07-15,407.4336919439351,408.1083607813638,405.4752849871555,407.3774719238281,55126400,-0.003415680100863794,0.008887756561160698,0.015628447513195143,406.82843627929685,395.25598693847655,1.0292783657256066,0.005764080605980194,0.006233744010892127,69.88037009453627,0.8552817758006941,17.010000228881836,0.041641170137951544,0
2021-07-16,408.5582032401322,408.6050437309966,403.7886802665075,404.1822204589844,75874700,-0.007843466281417744,-0.009597840837276772,0.002114055647785884,406.9137023925781,395.57356323242186,1.0286675860426326,0.006270875394104999,0.006576814675393778,59.03707418695258,1.1911194180626694,18.450000762939453,0.08465611491366087,0
2021-07-19,399.35644496226297,404.247787129505,395.40214130525,398.2132568359375,147987000,-0.0147680014629753,-0.027706810428917983,-0.02017447652012938,406.0937866210937,395.7097442626953,1.0262415634412705,0.007254248607883555,0.00673220746289498,46.05438057768958,2.2709281922368407,22.5,0.21951214469301195,1
2021-07-20,398.8785584072042,405.1942176052661,398.0820699298473,403.9198303222656,99608200,0.014330445780912804,-0.010399828333111483,-0.004319395763038192,405.91856079101564,395.9030822753906,1.0252978038414418,0.008910519106409387,0.00673369385260645,54.475151062971435,1.4977511148568514,19.729999542236328,-0.12311113145616315,1
2021-07-21,405.1193682371081,407.3307947672332,403.87311916349944,407.1902160644531,64724400,0.008096620905139185,-0.003873771836720108,0.00020742063630674323,405.9270050048828,396.2399078369141,1.0244475555752344,0.009244716941877985,0.006849488742839506,57.97889932133486,0.968111046395273,17.90999984741211,-0.09224529838067741,0
2021-07-22,407.3681167667281,408.2864248103382,406.3842377598322,408.0427856445313,47878500,0.0020937869979253954,0.0016331627705412632,0.010535434484831185,406.3524139404297,396.66346252441406,1.0244261252457032,0.008790627828842634,0.006824205670075677,56.41406015743299,0.7169797673741074,17.690000534057617,-0.012283602190330645,1
2021-07-23,409.9731072389194,412.5780733348413,409.28908738037114,412.2407531738281,63766600,0.01028805722582704,0.019937870363749832,0.010148669020087375,406.76658020019534,397.3353570556641,1.0237361789658452,0.008744462052094174,0.007039026205638179,57.69794136306792,0.9417486266971985,17.200000762939453,-0.027699251346815612,0
2021-07-26,411.6503882088871,413.26209560038063,411.6035477215418,413.2527160644531,43719200,0.002454786148225141,0.03776734945494753,0.009014126234278663,407.13576354980466,397.93652099609375,1.0231173618613438,0.00871533861550371,0.007028431018655428,59.94099482784285,0.6526195159346494,17.579999923706055,0.02209297348319761,0
2021-07-27,412.21265274876606,412.2407627628377,408.5394488652319,411.3693237304687,67397100,-0.0045574832560584255,0.018442999944467964,0.007851367577986323,407.4562286376953,398.38233642578126,1.0227768437057814,0.00878617578439904,0.007164561644345931,55.525908182622025,0.9954933524326606,19.360000610351562,0.10125146156828113,0
2021-07-28,411.9971110612924,412.57807039855686,409.77633422865034,411.20062255859375,52472400,-0.0004100966264209971,0.009848975579280106,0.005937051058340526,407.69891967773435,398.8445758056641,1.0221999856816018,0.008790528508727571,0.0071733997548948545,60.46012238232072,0.7657152138114872,18.309999465942383,-0.05423559459227267,0
2021-07-29,412.128337413364,413.9836556005954,412.1189578762892,412.9060668945313,47435300,0.004147475082420415,0.011918557124636076,0.013571184838951922,408.2517791748047,399.40779846191407,1.0221427341853315,0.008729212978162816,0.007200083166909427,57.32223991788723,0.7011074501156004,17.700000762939453,-0.0333150584814359,0
2021-07-30,410.33861945094543,412.3532469313262,410.20742030714354,410.9008483886719,68951200,-0.0048563551534630545,-0.003250296761880933,0.016622769606386756,408.92364196777345,399.95109008789063,1.0224341228271463,0.008424176538269271,0.007266260478727037,52.007865374062554,1.007569646217694,18.239999771118164,0.03050841722613762,0
2021-08-02,412.61549088677026,413.16834011828394,409.68255608198217,410.03863525390625,58783300,-0.002098348392676086,-0.007777518902127634,0.02969609427855069,410.10617980957034,400.3945739746094,1.0242550885206971,0.0063799962113242365,0.0071193644985614105,52.85369857105944,0.8583074289579853,19.459999084472656,0.0668859281065497,1
2021-08-03,410.8352668145335,413.4964534004576,408.642599597881,413.3746337890625,58053900,0.008135815136274926,0.004874719486637424,0.023407623882326867,411.05166015625,400.9111297607422,1.0252937113558298,0.00537345519316265,0.0072967585852318,56.46907683184595,0.8543036943466995,18.040000915527344,-0.07297010461209863,0
2021-08-04,412.09086705960937,413.3464954516936,411.1069878900075,411.34124755859375,46732200,-0.004918991307788723,0.0003419863499354303,0.010194330144424502,411.4667633056641,401.30800170898436,1.0253141266892718,0.005397577457127966,0.0073844764533921355,55.47512639770952,0.6963130892279565,17.969999313354492,-0.003880354690702914,1
2021-08-05,412.5031195904007,414.0304970317783,412.18452990878626,413.9461669921875,38969700,0.006332745497940051,0.002518975091547526,0.014467554764707735,412.0571014404297,401.77434509277344,1.025593362227451,0.0056510891343691146,0.007194910830942854,63.71044392621481,0.6071701787870526,17.280000686645508,-0.03839725392733928,0
2021-08-06,414.2647578157139,415.0518667835452,413.983629086822,414.6301879882813,46930000,0.0016524394972998735,0.009076008516978984,0.005796212034004489,412.296044921875,402.2388647460937,1.0250030045757257,0.004736571866325483,0.006848543642669794,77.07031690310939,0.748281129842322,16.149999618530273,-0.06539357773223542,0
2021-08-09,414.60214843098646,414.920738167619,413.52455961081546,414.2929382324219,41222600,-0.0008133748232267424,0.010375371032735226,0.002517157486283894,412.4000671386719,402.6925286865234,1.024106577005071,0.004706121181619403,0.006825612513936914,70.78493384894205,0.6634497338965057,16.719999313354492,0.035294099584386895,0
2021-08-10,414.7426279760499,415.52038600343246,414.05860812109773,414.8082275390625,43339300,0.0012437800867162174,0.0034680254491172846,0.00835965058699184,412.74395751953125,403.1424884033203,1.0238165645954074,0.004393256962308864,0.006760883229359988,67.15897139793354,0.7029310785543844,16.790000915527344,0.004186698866484928,0
2021-08-11,415.87647880877864,415.9326988371535,414.75202104898426,415.8389892578125,44034300,0.002484911461050787,0.01093433183740733,0.011280057579576841,413.2077941894531,403.6199761962891,1.0237545675601083,0.0043970003542164815,0.006769644632868974,67.42049604901001,0.7260358004735837,16.170000076293945,-0.03692679007897037,0
2021-08-12,415.68899640806853,417.2257532062454,414.78944749477773,417.0851745605469,38909400,0.002996797642661031,0.007583129930077703,0.010121206737035093,413.6257049560547,404.11005859375,1.0235471653326766,0.004323735581915219,0.006707101795687804,62.46971767921935,0.6502297438655242,15.59000015258789,-0.0358688881242718,0
2021-08-13,417.5349995492506,417.86296875743454,417.0477498031309,417.84423828125,39470300,0.0018199249625761027,0.007751607061132537,0.016897969229818566,414.3200439453125,404.644462890625,1.0239113146033652,0.003799962690488429,0.006360479188860462,61.974649129369524,0.6802966843156956,15.449999809265137,-0.0089801373927193,0
2021-08-16,416.54171828206023,418.95926500085824,414.98623095911614,418.8280944824219,73740000,0.0023546003774488344,0.010946737999805611,0.021435685500887036,415.19898986816406,405.12700134277344,1.0248613113715144,0.0035609291549413666,0.005046224799832207,70.4100396327664,1.3578386317243878,16.1200008392334,0.04336576299285588,0
2021-08-17,416.269910044732,416.9445788047778,413.0933648884497,416.08251953125,92673900,-0.006555374358457988,0.0030720026932626876,0.006550681925899804,415.4697784423828,405.5622857666016,1.0244290285943474,0.003827842474996325,0.004620758330511452,61.70764623396837,1.717449793532935,17.90999984741211,0.1110421163144204,0
2021-08-18,415.0706919850857,416.6355593375459,411.2850758848466,411.5286865234375,89351900,-0.0109445429549474,-0.0103653164944153,0.00045567753284214696,415.4885223388672,405.9048138427734,1.023610728843945,0.005074751071008911,0.005123185204369763,47.09383636265286,1.618941521035238,21.56999969482422,0.20435510209906327,0
2021-08-19,408.8018064511608,413.36520830572493,408.66125638495504,412.165771484375,92812200,0.0015480936853260463,-0.011794720542045445,-0.004301031510327014,415.31048278808595,406.2718505859375,1.022247744186836,0.004622755319065912,0.005115936784966914,52.83241149610968,1.6158607923919674,21.670000076293945,0.004636086364605774,1
2021-08-20,412.5125882742713,415.7734648944083,412.0253098120226,415.4454956054687,72008700,0.00795729375897003,-0.005740758052924733,0.001966348907548543,415.3920135498047,406.66787109375,1.0214527457814426,0.005315112599771206,0.004903747080932177,60.92429720757458,1.2447410642062722,18.559999465942383,-0.1435164097555205,1
2021-08-23,417.1320972978909,420.0088125987634,415.5203897980154,419.0998840332031,54973000,0.008796312552164176,0.0006489286520214854,0.011602770303761556,415.8727081298828,407.12390197753905,1.0214892962801934,0.005941490834250927,0.00523736359219024,61.42065232345635,0.9411084358140268,17.149999618530273,-0.07596982155088206,0
2021-08-24,419.7651672363281,420.2992860816183,419.24980746387826,419.7651672363281,38744700,0.0015874096569119533,0.008850762846819293,0.011949955107384724,416.3684020996094,407.57549255371094,1.0215736954418075,0.005942957322921394,0.005089897134379313,67.77405600178224,0.6799652126085779,17.219999313354492,0.004081614949343004,0
2021-08-25,419.952627156467,421.1613864338086,419.57778881704434,420.6460266113281,40529700,0.0020984575275728723,0.02215481055503865,0.011559852437346585,416.84910583496094,408.05927185058596,1.0215405814564935,0.005934957460788085,0.005083627358605417,65.24554281357238,0.7188248005437072,16.790000915527344,-0.024970871949668183,0
2021-08-26,420.3648595615522,420.5991192042751,418.0691322205563,418.162841796875,57829600,-0.0059032646390537735,0.0145501415386875,0.002583806143346079,416.9568725585938,408.53765747070315,1.020608173895192,0.006286787060349907,0.005265097615178992,57.43017720790977,1.016283940766211,18.84000015258789,0.12209643390577263,1
2021-08-27,418.9686457566806,422.27639048792906,418.91242573488046,421.9015808105469,77235100,0.008940868580302963,0.015540149726907204,0.009710179434294197,417.36260681152345,409.09343200683594,1.020213413752752,0.006858411177029759,0.005408165718243266,63.99994609358155,1.3475032533869857,16.389999389648438,-0.13004250228750225,0
2021-08-30,422.5763107047627,424.544097540426,422.332671511008,423.7569885253906,48357400,0.004397726387465051,0.011112158866210864,0.011768298516506626,417.8554962158203,409.79265075683594,1.0196754271802906,0.006933665821342594,0.005386089445017501,65.69190181356993,0.8514242094433058,16.190000534057617,-0.012202493168921968,0
2021-08-31,423.6631775905069,424.00049768933224,422.52936913015344,423.1290588378906,59300200,-0.001481815532258457,0.008013746408997768,0.016935437024797606,418.5601501464844,410.3679913330078,1.019962957605114,0.0064741524678477505,0.005203795664001366,62.96652535702848,1.0429487667656088,16.479999542236328,0.01791222968576589,0
2021-09-01,424.0661623524176,424.5815221145776,423.11974426960506,423.35400390625,48721400,0.0005316228315237481,0.006437662841455971,0.028735098597164388,419.7426818847656,410.9056622314453,1.0215062007306748,0.00477900728761067,0.005006578864605997,61.57042901673011,0.8553966480721561,16.110000610351562,-0.022451392121492608,0
2021-09-02,424.7783747777005,425.462394702092,423.4571468275891,424.6565551757813,42501000,0.003076742531103571,0.015529149723113589,0.03030524258824774,420.99176025390625,411.47894287109375,1.0231186007148674,0.004757232111236804,0.004891132374897372,62.326254293255666,0.7438797421545944,16.40999984741211,0.018621925865588196,0
2021-09-03,423.5227471397682,425.0688552215791,423.11979877975574,424.553466796875,47170500,-0.0002427570648559918,0.006285555937556309,0.021923384144850067,421.9025573730469,412.0033117675781,1.0240271020225518,0.004508019580785776,0.004902075697960809,60.70059283915997,0.8254345953698458,16.40999984741211,0.0,0
2021-09-07,424.20669853552585,424.3004081063472,422.3607315153163,423.035400390625,51671500,-0.0035756778002623557,-0.0017028347715907222,0.009390401924115332,422.2961090087891,412.4690197753906,1.023825035971792,0.0041759763890003,0.004999573868990258,63.61970143686194,0.8960059012942981,18.139999389648438,0.1054234953274027,0
2021-09-08,422.501380605156,423.2322696255754,420.5991646484169,422.5201110839844,56181900,-0.0012180760904756394,-0.0014391537078042305,0.006563059688335704,422.5716033935547,412.9083056640625,1.0234030112665116,0.004221854969902769,0.005024963458977578,75.57746306835519,0.9634898900007177,17.959999084472656,-0.009922839648963677,0
2021-09-09,422.3232858185862,424.0755433312676,420.4679391954341,420.7115783691406,57970400,-0.00428034705899305,-0.006241645319822076,0.00015583591348899972,422.5781585693359,413.30710876464843,1.0224313823984255,0.0044561553671251105,0.005141386665254702,68.85826384558288,0.9824219372271116,18.799999237060547,0.04677061221646239,0
2021-09-10,422.64186111668704,423.0635112920505,417.27262011455633,417.3944396972656,89948200,-0.007884590875139819,-0.017101150070577886,-0.0018375666673478008,422.501318359375,413.632822265625,1.0214405037907142,0.004781197597168621,0.005440889177477211,54.29369771797939,1.4611568175091514,20.950000762939453,0.11436178793244811,0
2021-09-13,420.3929721292917,420.65534176904265,416.1481602138,418.462646484375,83738600,0.0025592262031188806,-0.01434641520761415,-0.008151034465348705,422.1574249267578,413.93548400878905,1.0198628560140406,0.003742556043666765,0.005456029055041076,48.415558951587336,1.3130730334995244,19.3700008392334,-0.07541765470963968,0
2021-09-14,419.90575326564493,420.1119029115105,415.314269621711,416.2044677734375,78197100,-0.005396368660163797,-0.016147425513041935,-0.01782276388699744,421.4021728515625,414.1313250732422,1.0175568650283444,0.0035015442840064677,0.005560836896896997,41.796424026380414,1.2219089206565739,19.459999084472656,0.004646269558077121,1
2021-09-15,416.62609222178327,420.1774764755252,415.52039355154807,419.6808471679687,78792200,0.008352575870049561,-0.006719831415199384,-0.008149314252706596,421.05735168457034,414.4115002441406,1.0160368412472012,0.004754837743942449,0.005676099185811262,48.01384100428909,1.2447077897433034,18.18000030517578,-0.06577589103373593,0
2021-09-16,419.1560835080075,420.1305829932493,416.063839190952,419.0155334472656,77786700,-0.0015852849258970458,-0.004031372106395592,-0.010247855031377262,420.6235046386719,414.64969543457033,1.0144068819291927,0.004735665919608374,0.005037474520632818,51.89657583248826,1.2401523161054218,18.690000534057617,0.0280528173993837,0
2021-09-17,418.2427985470541,418.66579952568367,414.5766179390553,414.933837890625,118425000,-0.00974115571100731,-0.005895147545389667,-0.022895483813105688,419.65123291015624,414.8725982666016,1.0115183183066814,0.005214276797452465,0.005567304271762474,34.73507564969144,1.850270791055798,20.809999465942383,0.11342958112931156,0
2021-09-20,408.8048283528595,410.3840895507659,403.1457660287209,408.01519775390625,166445500,-0.016674080310949413,-0.02496626357989362,-0.038954502404007885,417.9974060058594,414.87092041015626,1.0075360442052967,0.006831628295637914,0.00645016717866248,21.77469748852826,2.4218714362551514,25.709999084472656,0.2354637070774368,0
2021-09-21,410.3559031370975,411.6531636956014,407.1033708429469,407.6297912597656,92526100,-0.0009445885747939586,-0.020602077050118406,-0.036416832058579596,416.45684509277345,414.83229858398437,1.0039161524170959,0.0068977519679157655,0.006035317064853809,21.96573270627718,1.3105004217912843,24.360000610351562,-0.05250869397877245,1
2021-09-22,409.9046386502538,413.64601007748894,407.74255702757415,411.6061096191406,102350100,0.009754729523292038,-0.019240185973024237,-0.025830726582087737,415.3654449462891,414.90112731933596,1.0011191042790195,0.008100955573930887,0.006504008856043762,31.29006702341202,1.3871601545648637,20.8700008392334,-0.14326763890289562,1
2021-09-23,413.4768249344985,418.2146371474795,413.2418148065021,416.6071472167969,76396000,0.012150056767339379,-0.005747725414031346,-0.009755926300517581,414.9550018310547,415.0577960205078,0.9997523376492655,0.009296641985811564,0.007112717768631291,38.53141519926734,1.010833620842787,18.6299991607666,-0.10733117337761822,0
2021-09-24,414.97152508235223,418.00786655031254,414.7553054165893,417.2934265136719,62094800,0.001647305624638884,0.005686662324389191,-0.00024200893444348281,414.9449005126953,415.2561151123047,0.9992505478226967,0.008989173405295411,0.007008110124200711,39.825173838177555,0.8192954564151423,17.75,-0.04723559851896364,0
2021-09-27,416.25927810404113,417.4249189944068,415.4038379162627,416.0994873046875,61371100,-0.002861150291676773,0.019813697125216523,-0.005647240439597412,414.7085845947266,415.49446044921876,0.9981085768179857,0.008981947008945924,0.006698532817727724,40.19030995505968,0.8183109561899474,18.760000228881836,0.056901421345455505,0
2021-09-28,413.3264910581115,413.65551103539497,406.98121643473854,407.7144470214844,130436300,-0.02015152755298444,0.00020767805379762194,-0.02039867759558678,413.8595825195313,415.6844842529297,0.9956098873002727,0.010881358651357982,0.007868030640426786,32.87257943574177,1.6489794153643376,23.25,0.23933900406917985,0
2021-09-29,409.09622503378733,410.8353056858977,407.8365742138815,408.4006042480469,82329200,0.0016829357693237679,-0.007787798325102124,-0.02687814561003099,412.73155822753904,415.7740997314453,0.9926822245400291,0.01036824541046698,0.007908566172885526,35.378797324294425,1.025874774524664,22.559999465942383,-0.029677442325058756,0
2021-09-30,409.8764821735044,410.5815126064566,403.0705975741562,403.4090270996094,140506000,-0.012222257010682136,-0.031680013666014695,-0.037245651060381024,411.17090759277346,415.69847595214844,0.9891085278842924,0.010781726757682684,0.00822367188399047,34.025496516991126,1.6560919008070423,23.139999389648438,0.02570921708494045,1
2021-10-01,405.1386734490561,409.8858665977476,401.61352150069314,408.20318603515625,129240100,0.011884114170710225,-0.021783809427484035,-0.01622102427144767,410.4978424072266,415.7016839599609,0.9874817886154256,0.011582411803260641,0.008750088635057449,39.200595701594075,1.4492234230610583,21.100000381469727,-0.0881589914428128,0
2021-10-04,407.037558391636,407.9399892875987,400.79567536580527,402.9389953613281,128570000,-0.012896005846889103,-0.03162823397982861,-0.012441209103293827,409.99022216796874,415.5156488037109,0.9867022417768136,0.011086098353220438,0.009072608667333643,36.867464055565435,1.3787839076604063,22.959999084472656,0.08815159570501252,1
2021-10-05,404.4430304326626,409.3782432393912,403.64401892844825,407.1315612792969,90682500,0.01040496443936667,-0.0014296421096816614,-0.001222260961175059,409.9403991699219,415.39322570800783,0.9868730971026501,0.011679725657462817,0.009518674062475974,37.750178289174656,0.9525533724533319,21.299999237060547,-0.07229964780507026,0
2021-10-06,403.5312059070278,409.0304489893108,401.90495407806975,408.8236389160156,113032200,0.004156095468014875,0.0010358326201491685,-0.006760032560497287,409.6621520996094,415.3423120117188,0.9863241481837056,0.011284445269113277,0.009613458742490984,40.24681998343553,1.1528968148874708,21.0,-0.014084471727988102,1
2021-10-07,412.1043841974191,415.1970969045478,411.9257742006231,412.3581848144531,72437500,0.00864564952214919,0.022183831083765204,-0.010198966654147767,409.237255859375,415.36546325683594,0.9852462278654313,0.010891354046789072,0.00985539344329838,47.50913279607879,0.7334309655034574,19.540000915527344,-0.06952376592726939,0
2021-10-08,413.1289992900791,413.5144193283019,410.9762985644965,411.6061096191406,74557400,-0.001823839620525347,0.008336347437747138,-0.013629059393642118,408.66852416992185,415.33946411132814,0.983938583934759,0.01085388486100046,0.00972343227048833,53.9429918712046,0.7608230236994024,18.770000457763672,-0.039406367537669684,0
2021-10-11,410.9480912711501,413.86222243707743,408.5603804682312,408.6261901855469,65233300,-0.007239735669499869,0.014114282533312261,-0.017960361276937453,407.9211944580078,415.2939709472656,0.9822468492079457,0.011010242174358415,0.009799636515756703,51.0351146393426,0.672020132181311,20.0,0.06553007523916032,0
2021-10-12,409.54746158614824,409.9516721203581,406.8307307423104,407.620361328125,71181200,-0.002461488963703351,0.0012005948330122695,-0.00023076369759944537,407.9117858886719,415.24560546875,0.9823385979683052,0.008955668819459521,0.009754460569871271,45.58702188091092,0.7359537864380417,19.850000381469727,-0.007499980926513716,0
2021-10-13,408.6449718376633,409.9046225853422,405.6650597065649,409.0867919921875,72974000,0.0035975402683137148,0.0006436836110299549,0.0016801829796604384,407.98040466308595,415.1598486328125,0.9827067959645673,0.00901560094094042,0.009570825913220133,40.96649391001649,0.7567660059888778,18.639999389648438,-0.060957227635665134,1
2021-10-14,412.7529748558683,416.1183359496485,412.2829546004723,415.9679260253906,70236800,0.016820719142979668,0.00875389732487486,0.031131923388219684,409.2362945556641,415.25238220214845,0.9855122140068646,0.00924274088645502,0.010385515486082091,48.61406269743719,0.7312429181690546,16.860000610351562,-0.09549349987025113,1
2021-10-15,418.0830234599393,419.50249383265776,417.4625932709582,419.1358642578125,66260200,0.007615823322465687,0.018293592982959295,0.026782442167696985,410.3295623779297,415.3561761474609,0.9878980642200763,0.008884065839886204,0.010280930046566859,53.04896061503838,0.709097410865863,16.299999237060547,-0.033214789621489715,0
2021-10-18,417.3497774593076,420.71510979062344,416.6917376412568,420.376708984375,62213200,0.0029604832999909902,0.028756156803098065,0.04327631185810121,412.0733337402344,415.47110656738283,0.9918218793715384,0.007012694647923161,0.009453351418971552,64.8445801434953,0.7051140523668444,16.309999465942383,0.0006135110030618396,1
2021-10-19,422.0030022074686,423.6856540804755,421.39195292020696,423.619873046875,46996800,0.007714899501295891,0.03925101206087889,0.040498731456161785,413.7221649169922,415.6576452636719,0.9953435709201213,0.006799461386442491,0.009531740613214068,66.83307174320288,0.5467609276884451,15.699999809265137,-0.037400348047283094,0
2021-10-20,424.0805016742407,425.5845723051379,423.9677013972816,425.28375244140625,49571600,0.003927765197991873,0.03959296845136984,0.040262137407304,415.36817626953126,415.8671557617188,0.998800146909237,0.006799257167487349,0.009368897602645972,76.1167339389907,0.5949828850421426,15.489999771118164,-0.013375798770586256,0
2021-10-21,424.682063831623,426.6185448638883,424.24965325713134,426.3929443359375,41305400,0.002608121961311216,0.025062072477940456,0.0340353606120356,416.7716522216797,416.07823486328124,1.0016665552299948,0.006603759323636184,0.00904488814481503,73.81245735233722,0.5064326934724578,15.010000228881836,-0.03098770492762115,0
2021-10-22,425.9605814606376,427.40825194853414,424.0052810402493,425.951171875,58845100,-0.0010360688815466146,0.016260378073958748,0.034851431795152044,418.20615844726564,416.2555548095703,1.0046860723302244,0.006539274110447409,0.009057804777626795,84.47892251852515,0.7229217019202756,15.430000305175781,0.02798135042568428,1
2021-10-25,427.04163242690424,428.5644935725112,425.26497065295007,428.2354736328125,45214500,0.005362825386199033,0.01869457674623365,0.04798831772961387,420.1670867919922,416.46337951660155,1.0088932363745633,0.005357700973796359,0.009056795768838744,83.5375559053835,0.5610354435253542,15.239999771118164,-0.012313709027853004,0
2021-10-26,429.78648871271434,430.9991201914676,428.2448086637861,428.6208190917969,56075100,0.0008998447879979832,0.011805267795754526,0.05151964856526625,422.2671325683594,416.65923400878904,1.013459196633218,0.0049474423270400684,0.007500330332189429,82.82420731781365,0.729450176365323,15.979999542236328,0.04855641615694517,0
2021-10-27,429.0814650009743,429.7488856725393,426.64673504629013,426.7219543457031,72438000,-0.004430173854170771,0.003381746648068784,0.04310860848778608,424.03064880371096,416.8720227050781,1.0171722392214777,0.005788583388105507,0.0076595437623202854,75.18131410729686,0.9484076974757767,16.979999542236328,0.0625782245710913,1
2021-10-28,428.15085513172806,430.9145766067055,428.1414742340312,430.8393859863281,51437900,0.009648980088072356,0.010428037587056016,0.03575145829880588,425.5177947998047,417.25823669433595,1.0197948353779756,0.004313698097066862,0.007023276152044874,80.15939252059162,0.7151588443206367,16.530000686645508,-0.026501700101433157,0
2021-10-29,428.53625110147857,432.00500278448646,428.244840846289,431.7135925292969,70162400,0.002029077589940975,0.013528359668389278,0.03000871398527649,426.77556762695315,417.64919311523437,1.021851770965114,0.004080833770028626,0.006730250555343443,88.76283250772154,1.017270165665392,16.260000228881836,-0.01633396530841069,0
2021-11-01,432.70065934906575,433.07669852419264,430.7265971184563,432.4562683105469,48433600,0.001720297424268935,0.009856247176182054,0.028735082291680536,427.9835235595703,417.9894085693359,1.0239099718446014,0.004099907382647533,0.005638260741249183,92.07025503014312,0.7455402328982004,16.40999984741211,0.009225068660444258,0
2021-11-02,432.6254507202016,434.51494135185385,432.4938312768331,434.2047119140625,48908400,0.004043052978156991,0.013027581894172302,0.024986643782918705,429.04200744628906,418.2915051269531,1.025700981701919,0.0037660925103831172,0.0054062149569847765,92.14530037072691,0.7778581656228882,16.030000686645508,-0.023156560895795986,1
2021-11-03,433.6407005054024,437.2598624127464,433.19888029300824,436.8556518554687,52509800,0.0061052767707663325,0.02374777628984126,0.027209831900777193,430.19919738769534,418.63331481933596,1.0276277165694534,0.003919112299382119,0.005441093543386234,90.84580083428317,0.8773624422949456,15.100000381469727,-0.05801623614093532,0
2021-11-04,437.4572266750685,438.9989068418107,437.1094162853852,438.914306640625,52847100,0.004712437109174461,0.018742299141966345,0.029365782128942586,431.4513336181641,418.99868041992187,1.0297200296329385,0.003970084549304198,0.005308527728865708,90.43064469442143,0.89769015131453,15.4399995803833,0.022516502670477445,0
2021-11-05,441.1422252320449,442.43007618696566,438.92374331887703,440.4371948242187,66390600,0.00346967086867056,0.020206920620248425,0.034008646778578955,432.8999359130859,419.44416748046876,1.032079998902938,0.00372089895529099,0.005178445067463444,90.53973046779599,1.1356245750426561,16.479999542236328,0.06735751231330078,0
2021-11-08,441.5370820452728,442.0353024166088,440.1270211428771,440.813232421875,50405200,0.0008537825644048258,0.019324414336681528,0.02937112771710093,434.1577117919922,419.8224005126953,1.0341461324164465,0.0037239101482846207,0.0045852018383175566,89.29976506303119,0.8732657436472356,17.219999313354492,0.044902899980162614,0
2021-11-09,441.1798210293701,441.41483115793073,437.946079365355,439.3561401367187,51149100,-0.003305464033261596,0.01186405416916747,0.02504619600062563,435.2312438964844,420.1343835449219,1.0359334083161233,0.004184497902821566,0.00464937430983118,82.4729722877921,0.9018024730450641,17.780000686645508,0.03252040624976815,0
2021-11-10,437.6641269728258,439.3562174087155,434.3364036223292,435.8216552734375,69429700,-0.008044692085517058,-0.0023669067291208767,0.02132466078921813,436.14121398925784,420.3882354736328,1.037472453285656,0.0049366689419117005,0.0053479098109966575,69.56721098844308,1.2279417649240978,18.729999542236328,0.05343075471894454,0
2021-11-11,437.3162154925545,437.3914347946932,435.94376444998505,435.9625549316406,34848500,0.00032329659735408356,-0.00672512074526932,0.011891134171923445,436.6535308837891,420.6404064941406,1.0380684407451748,0.004179879493888032,0.004304296528294333,71.03915343915344,0.6362453445740908,17.65999984741211,-0.057127587879079234,1
2021-11-12,437.2315739636778,439.807275407171,436.28212400629286,439.2526550292969,53466700,0.007546749280272769,-0.0026894635803740297,0.01746311126279476,437.4074371337891,420.9323284912109,1.0391395659763922,0.00464153758293302,0.004299881949317579,72.21379231413898,0.9877017355675946,16.290000915527344,-0.07757638412921752,0
2021-11-15,440.540545708173,440.700336510624,438.27504490739136,439.403076171875,46980500,0.00034244788473292154,-0.0031989880209639665,0.016063607745742337,438.10211791992185,421.22932067871096,1.0400560844483104,0.004662670705334931,0.004320297394085741,71.94804226690769,0.8802659881433293,16.489999771118164,0.012277399898743102,0
2021-11-16,439.1399514053057,442.2796835013746,439.0647607814874,441.1422424316406,48857500,0.003958020218969294,0.004065272182986135,0.015977556961544792,438.7958709716797,421.5914575195313,1.040808259145885,0.0046578047188372195,0.00414722557609646,79.5456023370166,0.913842039202762,16.3700008392334,-0.007277072986680122,0
2021-11-17,440.8790082432791,441.0576182388675,439.4501569663317,440.0705871582031,47858300,-0.00242927375880031,0.009749244520903533,0.007359262239322151,439.11736450195315,421.9424670410156,1.0407043585382176,0.004519639895816791,0.004237297485819959,71.61097838387764,0.8965893735210481,17.110000610351562,0.04520462633970257,0
2021-11-18,441.1046072166389,441.8284567817868,438.3784954289363,441.5652465820313,50625600,0.003396408365939907,0.01285131391908001,0.006039766535969493,439.38245849609376,422.35954040527344,1.0403043295162364,0.004409011713746838,0.004249652258621036,72.41241413593016,0.9402241802178063,17.59000015258789,0.028053741970408108,0
2021-11-19,441.4524058684626,442.70267579983584,440.4089746825623,440.7756042480469,57315600,-0.0017882800788711073,0.0034671371961279007,0.0007683488765366508,439.4162994384766,422.82716369628906,1.0392338458039636,0.0043432629090541085,0.004278912927905981,68.88604690474664,1.0659856134830379,17.90999984741211,0.01819213712611245,0
2021-11-22,442.6557009805207,445.1468026589416,439.3279494564215,439.5347595214844,72762000,-0.0028151393012763037,0.0002996869087867893,-0.002900259807008365,439.2884521484375,423.24860595703126,1.0378969852839506,0.004425322015849432,0.004303229258075842,62.385386159115505,1.3194649459208327,19.170000076293945,0.07035177217290145,0
2021-11-23,439.205682845372,440.9729634115955,436.6017812293338,440.1175231933594,73206500,0.0013258648133072093,-0.0023228771577912255,0.0017329518973008273,439.3645904541016,423.7268670654297,1.0369051967296121,0.00431465816260461,0.004302136931468644,58.38557071463883,1.3072204122557103,19.3799991607666,0.010954568786483598,0
2021-11-24,438.115291443818,441.4148429167893,437.2974607646824,441.2926330566406,61858800,0.002669991085006096,0.0027769315516608106,0.012553249057279059,439.91168823242185,424.15910278320314,1.0371383882742466,0.003241870556148782,0.0040892050154055,56.40513969455733,1.115121693215166,18.579999923706055,-0.04127963218285824,0
2021-11-26,434.6183717153607,436.08483277035555,430.3223792472386,431.450439453125,112669600,-0.02230309972623623,-0.02290671017975421,-0.010349777584047648,439.4604766845703,424.4078009033203,1.0354674813922164,0.008147378667010947,0.0064025786310550736,33.286718049423,1.924848304689859,28.6200008392334,0.540366036423789,1
2021-11-29,436.24463852719293,438.5853303896003,434.0449470141302,436.7428588867187,86268800,0.012266575600901053,-0.00914920272914821,-0.005713787074117516,439.2094970703125,424.8439813232422,1.0338136265984672,0.008808054114787519,0.006951430108258486,43.600333950694214,1.4538151128264356,22.959999084472656,-0.19776385705068866,0
2021-11-30,434.29870556860726,436.2069866122317,428.0004228222706,428.2448425292969,148559600,-0.01945771106385974,-0.02568606179060484,-0.02539407265827498,438.0936737060547,425.24857421875,1.0302060965422477,0.010626099547533203,0.0082616999192298,35.69693907935897,2.308765772859325,27.190000534057617,0.1842335199588756,0
2021-12-01,433.9603158081163,436.8086374124799,423.290850257439,423.4882507324219,131939200,-0.01110717824126417,-0.03778370908815565,-0.04001881933116935,436.3282745361328,425.5657434082031,1.0252899376762248,0.010673826561028832,0.008518006902075605,34.60805753664023,1.926191834774543,31.1200008392334,0.14453844163236207,1
2021-12-02,423.7045239141556,431.5444593337186,423.3096942265421,429.9745788574219,127637800,0.015316429945298138,-0.025647503156405627,-0.022941792965481156,435.3186737060547,425.93311279296876,1.0220352929396403,0.012317105442720468,0.009159446423155198,43.54881769641495,1.7665193826735979,27.950000762939453,-0.10186375291794603,0
2021-12-03,431.638417799551,432.7006394884692,422.0030024782896,426.2331848144531,137331600,-0.008701430798329524,-0.012092361396791929,-0.034722075358641025,433.78546752929685,426.12563354492187,1.0179755297062352,0.012295041376130052,0.009228991451814373,36.108477234186104,1.795699315594564,30.670000076293945,0.09731660962818656,1
2021-12-06,428.78064745203505,433.1612393139571,426.36473665327475,431.2811584472656,98977500,0.011843220595341375,-0.012505528890329742,-0.021540316000425164,432.8360229492188,426.40538818359374,1.015081035427386,0.013221649315419588,0.009643321198152765,42.15406440094551,1.2671973931280907,27.18000030517578,-0.11379197138690988,1
2021-12-07,436.5642266881175,440.7662090115453,431.1495840464495,440.2021789550781,95484700,0.020684929849313916,0.0279217289697149,0.0015184679234934162,432.90276489257815,426.88744201660154,1.0140911216492114,0.015042709627362765,0.010795301851322273,49.20253333650898,1.1881913924325342,21.889999389648438,-0.1946284347362568,0
2021-12-08,440.5970473857132,441.81908870916527,438.8391473392985,441.3678588867187,72238800,0.0026480557965604667,0.04221984464356221,0.002840913227647235,433.0277984619141,427.5605102539063,1.012787168311594,0.01505898197543852,0.010781836318246803,51.09873777880702,0.8872816127421849,19.899999618530273,-0.0909090829878787,0
2021-12-09,440.0800010576555,441.4712714729504,438.190538959741,438.387939453125,61272600,-0.006751555133874154,0.019567111660554692,-0.006582239053926853,432.7373291015625,428.16025695800784,1.0106900910796202,0.015194324814482215,0.010733030253802294,47.37498966273274,0.7563770545653449,21.579999923706055,0.08442212750654599,1
2021-12-10,441.0952068137605,442.665058357532,438.53829554873346,442.5146484375,77159800,0.009413372524625041,0.03819848900346523,0.02564421767283198,433.84375,428.94236938476564,1.011426664664217,0.013348646724107816,0.010922700071501552,51.36167152138746,0.9282541084162946,18.690000534057617,-0.13392026876115581,0
2021-12-13,441.9976072567939,442.3454176220599,438.3126361887649,438.59466552734375,87724700,-0.008858425193375097,0.01695763178342591,0.004240038738916985,434.0289306640625,429.5501989746094,1.0104265617851986,0.013323151230341558,0.011005281092997267,49.2935459384338,1.0340446134755128,20.309999465942383,0.08667730795045947,0
2021-12-14,435.323378332146,437.8144800719802,432.65366659136504,435.5771789550781,97264100,-0.006879898023013031,-0.010506535908065051,0.017121832413614202,434.7621643066406,430.20296264648437,1.0105977923352953,0.011727531809815266,0.011110841516633664,46.7085037583472,1.1134902193921727,21.889999389648438,0.07779418834331042,1
2021-12-15,435.63360291576834,442.6274781927471,433.11427244709614,442.3830871582031,116899300,0.01562503393647008,0.002300186230246082,0.04461714437910058,436.6516479492187,430.9079931640625,1.0133291906306539,0.011513222264549412,0.011643986230954228,50.73085145462593,1.2881075938804936,19.290000915527344,-0.11877563027025972,0
2021-12-16,444.2350081870244,444.517008901416,436.930874118884,438.4819641113281,116568600,-0.008818427196064738,0.0002144782046704652,0.019785786584204823,437.50238647460935,431.50115966796875,1.0139077883620484,0.011508150290472363,0.011806568912623255,55.12049812677984,1.2376128404962572,20.56999969482422,0.0663555582450257,0
2021-12-17,435.39999504107936,438.4092618245341,432.1077368438548,433.815185546875,135511600,-0.010643034255493955,-0.01965915234974125,0.01778838673887506,438.2605865478516,431.9302996826172,1.0146558064342461,0.011723509037435211,0.012002571669003165,47.84840367314865,1.3766948660077518,21.56999969482422,0.04861448783840361,0
2021-12-20,428.7305989396733,429.59845850346267,425.5798363191293,429.2022705078125,107134800,-0.010633364604900497,-0.021414749785518494,-0.004820261443689522,438.0526977539063,432.28222290039065,1.0133488599526455,0.011744275483819108,0.012201567805642879,50.746243805484234,1.061544424926915,22.8700008392334,0.06026894588789067,1
2021-12-21,432.62657449075914,436.9659586009306,430.4568968299471,436.824462890625,69806300,0.01775897497884693,0.0028635199358677532,-0.00767310164722701,437.7149261474609,432.8461883544922,1.0112481937555642,0.011183048757767922,0.012910165950039142,59.950108403564556,0.6926895646060036,21.010000228881836,-0.08132927599900819,1
2021-12-22,436.56976321936594,441.30533523820264,436.3716404397457,441.192138671875,58890200,0.009998697766026021,-0.002692120293247613,-0.000398126441030211,437.6973541259766,433.5176239013672,1.00964143092268,0.01165999532506276,0.013109300447410658,58.642619432438764,0.5885493412347321,18.6299991607666,-0.11327944037066295,1
2021-12-23,442.1920958144293,445.4371985113299,442.0883418877811,443.9372863769531,56439700,0.0062221138240174945,0.012441383482399981,0.0126585300926636,438.2522888183594,434.2146337890625,1.0092987539228315,0.011543880305553275,0.013168403672191714,63.85286347146847,0.5655905941102807,17.959999084472656,-0.035963505446898525,1
2021-12-27,445.3145747017814,450.267126346224,445.2674190586824,450.219970703125,56808600,0.014152188876599858,0.03781514733185243,0.017412581239586444,439.0228210449219,434.89967468261716,1.0094806839423685,0.012001303086927767,0.01236154084689311,64.53807269750854,0.5856803350945243,17.68000030517578,-0.015590133272275541,0
2021-12-28,450.6538982297336,451.6821388256294,449.0879451201847,449.85205078125,47274600,-0.0008172003594163479,0.0481120014789429,0.02566694522007218,440.1485595703125,435.5139984130859,1.0106415894187417,0.011465821258033408,0.01214529851044775,58.5273151201969,0.4973854558422401,17.540000915527344,-0.007918517377369816,0
2021-12-29,449.9557881814939,451.4462575660911,448.9558468297353,450.4274597167969,54503000,0.0012791070631945622,0.031140647975976377,0.03409333977813911,441.6335876464844,436.11501342773437,1.0126539423061263,0.01099728170322128,0.01109745517766736,58.09010645099232,0.6032871807146899,16.950000762939453,-0.03363740717171748,0
2021-12-30,450.8519578886304,451.8613419081985,448.72002207295793,449.1822509765625,55329000,-0.002764504502050791,0.01811027804969556,0.01536940270939402,442.3135040283203,436.62626098632813,1.0130254259767721,0.010239630983056197,0.010705512077132414,59.94736480945476,0.6395464998182641,17.329999923706055,0.02241882853465449,0
2021-12-31,448.6916660000904,449.84251679144165,447.7766221637112,448.0501708984375,65237400,-0.0025203134711216935,0.009264562017419875,0.021821209468675162,443.27032470703125,437.08158935546874,1.0141592222191023,0.009709396840677106,0.010363285984881494,55.399191555986825,0.7822901353227606,17.219999313354492,-0.006347409742402221,1
2022-01-03,449.3143224260171,450.7765215542985,447.0031490248722,450.6444396972656,72668200,0.005790130140171712,0.0009428035666159129,0.03879360315424507,444.9532501220703,437.5666192626953,1.016881157140875,0.00862351269313049,0.010069907967382408,62.06502482080315,0.906543096638054,16.600000381469727,-0.03600458516882421,0
2022-01-04,452.06883419971206,452.7857840929789,448.63505185674353,450.4934387207031,71178700,-0.0003350778646330488,0.001425775292875242,0.04960637367481735,447.0823669433594,438.0574645996094,1.0206020969235141,0.007199511365204599,0.009862686547347324,65.84465767634855,0.9036300553759639,16.90999984741211,0.018674666193889244,0
2022-01-05,450.1255683158479,450.8991165177179,441.7486775164381,441.843017578125,104538900,-0.01920210240385145,-0.01905843427944931,0.011488721703657445,447.5842224121094,438.3296154785156,1.0211133507907986,0.00909028145092117,0.009966218508074533,49.44794898558248,1.319561646954976,19.729999542236328,0.16676521113368237,0
2022-01-06,441.3807923610848,444.1447805813084,439.060147736231,441.4279479980469,86858900,-0.0009394050908697604,-0.017263155348763437,0.0005344821575510306,447.60780334472656,438.5857580566406,1.020570766657044,0.008553516744475895,0.009952742584816104,53.242420781803155,1.0863683806014626,19.610000610351562,-0.0060820544687738565,0
2022-01-07,441.4373722231892,442.61655098349416,438.3243230228576,439.6827392578125,85111600,-0.00395355289158561,-0.01867521135824246,-0.009583666994639528,447.1823486328125,438.8449737548828,1.0189984513359984,0.00834522857368804,0.009871381029291746,56.9018347649037,1.0488776936215731,18.760000228881836,-0.04334525012819401,0
2022-01-10,436.4848285240226,439.3525705879416,430.73043032250024,439.1356201171875,119362000,-0.0012443498272153297,-0.025538581121314907,-0.024619855420066505,446.07391357421875,439.0108984375,1.016088473342819,0.006460766819811899,0.00963225314543882,62.92011736612133,1.4336828877752354,19.399999618530273,0.03411510564179698,1
2022-01-11,438.8715364116939,443.2297770827889,435.8716833675285,443.1354370117187,74303100,0.009108386364703902,-0.01633320505150848,-0.014930717238849311,445.4022521972656,439.2393353271484,1.0140308856116609,0.007432388268070248,0.009633723729912808,59.06253560629293,0.899722865436015,18.40999984741211,-0.05103091704045948,0
2022-01-12,444.871178063288,446.38997545502053,442.3713245554861,444.3334655761719,67605400,0.0027035268777690913,0.005636499614043444,-0.013529357522866325,444.7928527832031,439.47687927246096,1.0120961392088306,0.00750440365614606,0.00948136802962539,54.962698404280445,0.8335900589748685,17.6200008392334,-0.04291140764402346,0
2022-01-13,445.4371934481838,446.0881025089078,437.18294108680465,438.211181640625,91173100,-0.013778579400063995,-0.0072871832696830285,-0.024424538841607002,443.69574584960935,439.5570086669922,1.0094157005826578,0.008481986601501427,0.009379629023217246,41.82604384756598,1.1423026833803618,20.309999465942383,0.15266733817170586,0
2022-01-14,435.06038106331687,438.7394131797268,433.8434604749311,438.390380859375,95890900,0.00040893346919879114,-0.0029392975503632623,-0.021559616905608037,442.7297668457031,439.5877032470703,1.0071477513484195,0.008529243820839609,0.009169991691142616,29.5498812978106,1.2171784420922225,19.190000534057617,-0.05514519750543956,0
2022-01-18,433.6925742478842,433.9001108941867,429.51357096718334,430.626708984375,109709100,-0.017709494126629588,-0.01937649952090381,-0.044420232337357035,440.7279937744141,439.4219512939453,1.0029721830614582,0.009302527302166564,0.009722352956577524,23.532510877292054,1.4157625045690687,22.790000915527344,0.18759772179685963,0
2022-01-19,432.17374552013666,433.56987477528105,425.8816348637501,426.15521240234375,109357600,-0.010383695411223304,-0.03831836317104542,-0.054025706539643004,438.29417114257814,439.1363116455078,0.9980822799650203,0.009345968166101424,0.00970856932105622,19.821803802055157,1.4092053825971558,23.850000381469727,0.04651160260463971,0
2022-01-20,428.04193941787696,432.749212360242,419.3160155840139,421.43853759765625,122379700,-0.011067973985577795,-0.051526454233708274,-0.046180383459066277,436.25372314453125,438.74881774902343,0.9943131593669172,0.00831829764052109,0.008998511492219223,18.246695456698305,1.5253421106571232,25.59000015258789,0.07295596407914773,0
2022-01-21,420.31599511855075,422.6743531254501,413.137167164053,413.16546630859375,202271200,-0.019630552384273692,-0.057154441468750816,-0.06402512984877473,433.42747497558594,438.2250042724609,0.9890523606592467,0.009411149680648738,0.009392385157008989,15.683124088117154,2.314314862688556,28.850000381469727,0.12739352127562054,0
2022-01-24,407.5525363125253,415.4294573025682,396.9210694706066,414.9200439453125,251783900,0.004246670595185353,-0.05353752714202731,-0.05631946197000959,430.9512054443359,437.8069720458984,0.9843406637187044,0.01000170815915368,0.009297616638087456,14.266771266090558,2.591242552981717,29.899999618530273,0.03639512038741466,0
2022-01-25,408.52413091783615,414.8067989622443,402.9489701470522,409.854248046875,167997300,-0.012209089371216786,-0.04823774397666014,-0.06667956487451077,428.0230682373047,437.2848059082031,0.978819895990526,0.010055618309718024,0.008524826766172946,12.989628374641413,1.6353813829085102,31.15999984741211,0.04214047641997154,0
2022-01-26,415.7501849161173,418.8820910132849,404.5621204374325,408.8260498046875,186391100,-0.0025086924122106335,-0.04066396958978258,-0.0774241560061103,424.5921295166016,436.67627380371096,0.9723269959646553,0.008570994049078509,0.008493122007858794,15.083735778859563,1.699369466443167,31.959999084472656,0.025673916591080648,0
2022-01-27,413.4295686804275,416.5708886311564,405.1187180219955,406.8072814941406,149878300,-0.00493796398617774,-0.03471741380586313,-0.08445500280599083,420.8395111083984,436.02435791015625,0.9651743153191302,0.007819046411303631,0.008374339915735659,14.588894687819163,1.309538111722133,30.489999771118164,-0.04599497357522364,1
2022-01-28,408.1657129140467,416.95767810367454,403.5810789597359,416.9105224609375,164457400,0.02483544770803814,0.009064301007060793,-0.04860820552305323,418.7094451904297,435.5397235107422,0.9613576502628757,0.01292874802910583,0.010716664077051859,30.108801815211777,1.3715333853900447,27.65999984741211,-0.09281731534766324,1
2022-01-31,416.24066741224294,424.7684964246404,414.891693794857,424.4194641113281,152251400,0.018010919000237546,0.022894580063400616,-0.03186866628017648,417.312353515625,435.22670104980466,0.9588390429838778,0.014794750275192788,0.011764367343272944,38.539491565141454,1.2252806430213685,24.829999923706055,-0.10231380836290327,1
2022-02-01,425.1458547347862,427.9287283515847,421.6177608084225,427.2872619628906,123155400,0.006756989474003605,0.04253466689461227,-0.007754853453842636,416.97840881347656,434.9411413574219,0.9587007738842896,0.014124675279848727,0.011802755431983596,37.43639121609694,0.9713892465654831,21.959999084472656,-0.11558601885025821,1
2022-02-02,429.6927673307446,432.16432156191325,427.3815652994968,431.4379577636719,117361000,0.009714063980549303,0.0553093619395999,0.012396294137875241,417.5066833496094,434.7543884277344,0.960327703325778,0.014021390074104186,0.01211367547197579,40.23428833439335,0.9091277750151027,22.09000015258789,0.0059199031664420865,0
2022-02-03,425.40057576602374,427.30611843415994,420.45743842360054,421.2970275878906,118024400,-0.023504955911496594,0.03561820732542298,-0.0003357785231798971,417.49253234863284,434.3896337890625,0.9611015085856427,0.015694186906430704,0.012466672371989326,37.92588874641585,0.9095161495903322,24.350000381469727,0.10230874663969036,0
2022-02-04,421.06124440475634,427.1269342906215,418.6840011085922,423.2781066894531,118454400,0.004702333441337192,0.015273263411364812,0.024476005875346374,418.50379638671876,434.0528454589844,0.964177059924988,0.014104967108184298,0.012562637815281132,39.482715045142434,0.9018506590022233,23.219999313354492,-0.04640661397998014,0
2022-02-07,424.0421998784849,425.4383293530502,420.5895604027736,421.919677734375,84472900,-0.00320930597073088,-0.005889895700677439,0.016869837674038823,419.203759765625,433.6653863525391,0.9666525689113731,0.01419974446121615,0.012557716716749712,43.347286422599524,0.6432894654476241,22.860000610351562,-0.015503820570566651,1
2022-02-08,421.4196471387826,426.3155998254575,419.995189934305,425.39111328125,81012000,0.008227716624917614,-0.00443764382989098,0.03790826936262004,420.7574462890625,433.54419982910156,0.9705064592143559,0.013414009889108864,0.012764035143527018,49.40712024012602,0.6260757634210761,21.440000534057617,-0.062117237024522876,1
2022-02-09,429.4287461643554,431.9380428436514,429.2306521284659,431.6173095703125,92589900,0.014636404228186128,0.0004157070638157734,0.055748061495869194,423.036572265625,433.44168884277343,0.9759941951939866,0.013611093458424628,0.013062468444897656,57.71713568857698,0.7105311746177332,19.959999084472656,-0.06902991663801339,0
2022-02-10,425.76845767621467,431.7775484247765,421.86303233721947,423.8629150390625,140103700,-0.017965902569963443,0.0060904475539804714,0.04192558570308558,424.7421356201172,433.35405029296874,0.9801273008362805,0.015248625219618473,0.013543281462248273,58.17466765794818,1.04605167545465,23.90999984741211,0.19789583888369267,0
2022-02-11,423.947877125735,426.0232149227556,414.0710725267029,415.50494384765625,153214600,-0.019718571488227532,-0.018364197720010633,-0.0033714155377618793,424.60157775878906,433.19438415527344,0.9801640863529653,0.015063829588944961,0.013870168326210202,50.4059894780813,1.1180461801016814,27.360000610351562,0.14429112442310887,0
2022-02-14,414.995546790282,416.5803564325104,410.67501887953995,414.1465148925781,123006300,-0.003269344866269952,-0.01842332380309264,-0.024204708048110035,423.57428283691405,432.87782287597656,0.9785076999850647,0.013635240561828363,0.013853030604995502,53.14099680962677,0.8888150736472025,28.329999923706055,0.03545319048668061,1
2022-02-15,418.58959908256503,420.9951122132897,418.0707431602709,420.8253173828125,88482700,0.016126665926349038,-0.010733171793879892,-0.015123185630184666,422.92808837890624,432.76966552734376,0.9772590873797837,0.01461807706940392,0.013995242959849136,58.11012168730266,0.6442965403758738,25.700000762939453,-0.09283442173841527,0
2022-02-16,418.77828888356663,422.67430043142383,416.9010453564432,421.2970275878906,84863600,0.0011209168878236753,-0.02391072311881104,-0.023504955911496594,421.91399536132815,432.5699829101562,0.9753658645541262,0.014135037618854915,0.01382716266729578,60.00257859229085,0.6235039405599513,24.290000915527344,-0.05486380566359328,0
2022-02-17,418.10854352626,421.2687487717077,411.693821753136,412.2975463867187,102259100,-0.021361368848714424,-0.0272856346757252,-0.021361368848714424,421.01404724121096,432.01189025878904,0.9745427307313462,0.013789517568704692,0.01442074761091233,46.76628644286799,0.7569055657622826,28.110000610351562,0.15726634626770597,0
2022-02-18,412.5521783816633,413.80684068369413,407.3543780674517,409.6278381347656,132642900,-0.006475198010150174,-0.01414449045652133,-0.032248935957139624,419.6490203857422,431.37708984375,0.9728124888082121,0.013631586381381722,0.013813316138290465,38.87631228174538,1.0077707347391391,27.75,-0.012806851744392778,0
2022-02-22,407.4205273459961,410.82598263729784,401.7321399493936,405.2319641113281,124391800,-0.010731384965079638,-0.021525113602760326,-0.039551873268050874,417.9802490234375,430.7139703369141,0.9704357829314987,0.01383880752570253,0.0139568868901911,33.78647833734162,0.9931440598525307,28.809999465942383,0.03819817895287869,0
2022-02-23,408.1468368692283,408.71284849771104,397.477628508236,398.0436401367187,132578000,-0.017738788178700005,-0.05413570977092608,-0.06428783369165103,415.24550170898436,429.8245501708984,0.9660813965695598,0.013737573586431467,0.014240675996291849,26.50033909486794,1.0736839044879862,31.020000457763672,0.07670951172469942,1
2022-02-24,387.73293471716227,404.46786365481387,387.3744884622656,404.0339050292969,213942900,0.015049266684729945,-0.040976131869319476,-0.06390708604452333,412.48716125488284,429.1333349609375,0.9612097864465134,0.013808715896023309,0.014700212499219595,37.098220639270764,1.7135015952432353,30.31999969482422,-0.02256611065794678,1
2022-02-25,405.2695690015004,413.03329219005104,403.61871876539095,412.9483947753906,121804500,0.022063717017628326,0.0015785890417632231,-0.025750118437858682,411.3957092285156,428.6807592773437,0.9596785027674983,0.015776273100251856,0.015488665609006852,43.00491600955924,0.986643183590381,27.59000015258789,-0.09003956364492816,0
2022-02-28,407.5525830665725,413.3730235849013,406.29794921127944,411.8919677734375,145615000,-0.0025582542887174764,0.005527284593209281,-0.008695386487491352,411.03441162109374,428.07093688964846,0.9602016306167813,0.014582590340628735,0.01443243573588025,43.18153710284013,1.1885839941735998,30.149999618530273,0.09278722188416721,0
2022-03-01,410.3919658423738,412.4012911318685,402.9112336256211,405.61865234375,137785900,-0.015230487410568205,0.0009542392177031012,-0.020591414492622473,410.18162536621094,427.4136706542969,0.9596829805146226,0.015283408093827767,0.01409792806872056,37.04895500763986,1.131358125858818,33.31999969482422,0.10514096571814391,1
2022-03-02,407.8732935334649,414.8068717900214,407.1186304911872,413.08056640625,117726500,0.018396378024983617,0.037777079579431216,-0.0184037192076002,409.4071502685547,426.99897827148436,0.9588012409909215,0.015595739421933482,0.01471259890977129,38.051773314711745,0.9688099828002931,30.739999771118164,-0.07743097080840666,0
2022-03-03,415.5143397383029,416.1180643570966,409.22222854392,411.0240173339844,105501700,-0.00497856650618389,0.017300806238478073,-0.024384245748714894,408.3798492431641,426.63541320800783,0.9572103876057209,0.015590407840974325,0.01448368627995581,41.06837673975637,0.8724654666366312,30.479999542236328,-0.008458042642086161,0
2022-03-04,407.2884450363373,408.8166564833454,403.63771129325096,407.6846618652344,113978200,-0.008124477714003153,-0.012746708733470835,-0.011188241506432828,407.91856079101564,426.0526171875,0.957437049639097,0.014306601110786537,0.013686060241719034,44.151279983092124,0.9441430110155347,31.979999542236328,0.04921259916429599,0
2022-03-07,407.09966398019566,407.807171236879,395.600310398485,395.6663513183594,137896600,-0.02947942778099366,-0.03939289358515263,-0.034083344725738596,406.522412109375,425.1421014404297,0.9562036098801575,0.01689438413248686,0.014940703014089174,38.07954815676877,1.1331473578197806,36.45000076293945,0.1397748994586303,0
2022-03-08,395.8456881080304,403.0056598874273,391.6006435028784,392.6666259765625,164772700,-0.007581451725176547,-0.03193153542705185,-0.031007766532734737,405.26587829589846,424.1166882324219,0.9555527748387186,0.01677002698854543,0.014971860213305113,30.93145521277654,1.3107529860964773,35.130001068115234,-0.036213982639098585,1
2022-03-09,401.052866089248,405.175270488169,398.86430336951577,403.1942443847656,116990800,0.02681057597401093,-0.02393315693230058,0.012939797873112058,405.78093872070315,423.17617370605467,0.9588936332756897,0.018274756847511568,0.016258023164253958,39.21057915889402,0.9175218655988278,32.45000076293945,-0.07628807923971881,0
2022-03-10,398.5813104458791,402.2697853678107,396.61916949340304,401.3736267089844,93972700,-0.004515485280697229,-0.02347889713986817,-0.0065842947515001304,405.51491088867186,422.20660522460935,0.9604655774462418,0.01769353394713273,0.015748477144383922,42.879960536496824,0.7365987672809046,30.229999542236328,-0.0684129789987108,0
2022-03-11,403.8640420157582,404.4772092709991,395.7607282684723,396.2701416015625,95636300,-0.012715048443185717,-0.027998404971745328,-0.04038822619203952,403.8470855712891,421.1234588623047,0.958975514359402,0.016108336358001393,0.015537115088554085,41.56138602217498,0.7629350170247031,30.75,0.01720147091094537,0
2022-03-14,397.04364145545367,400.49625143515976,392.232586490236,393.3740234375,95729200,-0.007308444063833797,-0.005793588141173367,-0.044958255525204494,401.9952911376953,420.0072943115234,0.9571150229584621,0.016131197555422954,0.015085863447242156,42.36415137869791,0.7815976747662678,31.770000457763672,0.03317074659394059,1
2022-03-15,395.9871173439881,402.6565598796408,394.7136272071247,402.0245361328125,106219100,0.02199055397639116,0.023831692171385477,-0.00886082577852354,401.63587951660156,419.08678161621094,0.958359693349645,0.01760040666661682,0.01605531549972793,52.51609229722321,0.8732286080402659,29.829999923706055,-0.06106391268822087,1
2022-03-16,405.5337497664183,410.995685192888,400.7321084005492,410.9390869140625,144954800,0.022174146053376642,0.01920871301403304,-0.005184169061299815,401.42173156738284,418.29267456054686,0.9596671325624135,0.018090754041939477,0.016454016116995564,54.20878351909949,1.1646406246541394,26.670000076293945,-0.10593361902427767,1
2022-03-17,409.02416595069127,416.0803833007813,408.6468344364111,416.0803833007813,102676900,0.012511091182216827,0.036641063620405756,0.012301874716698746,401.9273681640625,417.60441345214844,0.9624595794893764,0.01843809426339987,0.016728295327500333,52.00102011490333,0.8190969590226956,25.670000076293945,-0.03749531297860276,1
2022-03-18,414.4678791360529,420.9593028336933,413.7297868077792,420.6375732421875,106345500,0.010952667139108696,0.061491969952976344,0.031771887903977225,403.2226593017578,417.1803045654297,0.9665428949762828,0.018332490459676918,0.016157124469583627,55.34830336713784,0.8469823930116814,23.8700008392334,-0.07012073360774285,0
2022-03-21,420.46728690424806,422.47338269242965,417.00392141262006,420.5146179199219,88349800,-0.0002923070360022484,0.06899437396819885,0.06280106084019565,405.7074859619141,416.7620379638672,0.97347514649856,0.014448704795556568,0.01606291586660634,59.850500182636786,0.716291003547047,23.530000686645508,-0.014243826587096553,1
2022-03-22,421.9055997031732,426.3720129518307,421.9055997031732,425.4352111816406,74650400,0.011701360789925674,0.05823195587518626,0.08345141409352674,408.9843444824219,416.4770874023437,0.9820092313681512,0.0136704794943253,0.01595150008002636,58.45410870138131,0.6176786288683572,22.940000534057617,-0.025074378893781613,0
2022-03-23,422.8991946168003,424.39429439850414,419.8711071405114,419.9562683105469,79426100,-0.012878442421058844,0.021942866190215016,0.04157307342360106,410.660546875,416.09350036621095,0.9869429503550782,0.01340347930894783,0.01566040223932727,55.838738686261856,0.6719705567180981,23.56999969482422,0.02746290959458708,1
2022-03-24,421.9813008840571,426.29630669485863,420.8647048360825,426.2868347167969,64736900,0.01507434674500141,0.02452999907144715,0.062069867948438384,413.15186767578126,415.7565283203125,0.9937351298966868,0.01342585965395415,0.015661435743816485,61.70205822117411,0.5845926366336255,21.670000076293945,-0.08061093097712246,0
2022-03-25,426.92091553706297,428.6431408824674,424.3375775189563,428.36871337890625,77101300,0.004883750781307761,0.01837957574053295,0.08100174201269472,416.3617248535156,415.4372332763672,1.0022253459803239,0.011728625599438696,0.015006745610828667,73.51130048247279,0.7105893165296693,20.809999465942383,-0.03968623014876527,1
2022-03-28,427.7724596050413,431.4156188964844,425.87991232408183,431.4156188964844,68529800,0.007112810582137641,0.02592300127516234,0.09670591648771776,420.16588439941404,415.3013220214844,1.0117133322722194,0.010472839232400423,0.01500992944325742,77.8396276844158,0.6548534693001542,19.6299991607666,-0.056703524048953846,1
2022-03-29,435.30485728967426,437.2447358806615,432.61744319877937,436.7526550292969,86581500,0.01237098495984923,0.026602038454274224,0.08638308305891962,423.6386962890625,415.2685675048828,1.0201559410924625,0.009584089183688953,0.014563411605750993,76.05359500290473,0.8480995572091915,18.899999618530273,-0.03718795585561396,0
2022-03-30,435.60762945908306,436.4214398536475,431.9455548784965,434.0557556152344,79666900,-0.0061748895696618344,0.033573703665404686,0.05625327314265949,425.9503631591797,415.3371484375,1.02555325176572,0.009230489975090947,0.014301786861198196,75.0326779052481,0.7951910578997875,19.329999923706055,0.02275133935739304,0
2022-03-31,433.2893334473063,434.11258705050625,426.9209002404847,427.3751220703125,121699900,-0.015391187557120878,0.0025529461969864276,0.027145569036275186,427.0798370361328,415.3615466308594,1.0282122659170656,0.010942824589819277,0.014773059718886176,73.26264184704712,1.2049999717809963,20.559999465942383,0.06363163720077791,0
2022-04-01,428.9553048993876,429.09724017093697,425.0093599604166,428.5862731933594,89048800,0.0028339298674657787,0.0005078797952751124,0.01889679015097223,427.87470703125,415.50450134277344,1.0297715323143315,0.010559944241664777,0.014577524254987243,77.01522855950779,0.8927260642430573,19.6299991607666,-0.04523347905316466,1
2022-04-04,428.78500420961205,432.3619176230426,427.96175071510544,432.2578125,59601000,0.008566628322657976,0.0019521629876773083,0.027925770186458365,429.0490264892578,415.88634826660154,1.0316497001585117,0.010723678832329537,0.012505605703173543,75.11397421181357,0.6219157773211573,18.56999969482422,-0.05399895625369899,0
2022-04-05,430.7627101143962,433.23247058270414,425.65283796639494,426.7978210449219,74214500,-0.012631330879827929,-0.022792841370837813,0.0032028610408072478,429.18528747558594,416.12390380859375,1.0313882080492067,0.011230625590922373,0.012809787963211389,63.97551174525072,0.8128053379706026,21.030000686645508,0.13247178418139316,0
2022-04-06,422.8802663750546,424.8106439250677,419.64399762453365,422.5301208496094,106898000,-0.009999348602258484,-0.026553350846110657,0.0061288584866632245,429.4426727294922,416.37742126464843,1.0313783860449521,0.01088463471643807,0.012018225627857168,55.77271542830542,1.1772652069112597,22.100000381469727,0.05087967950013872,1
2022-04-07,421.6500972677455,426.47609894481815,419.70077574327007,424.65924072265625,78097200,0.005038977739068029,-0.006354795137582747,-0.003818072390675442,429.2799133300781,416.6940850830078,1.0302040002429196,0.009818918018986291,0.01191778664431144,53.76307547510319,0.8676676607057835,21.549999237060547,-0.02488692918169999,0
2022-04-08,423.90227693918933,426.4193687220367,421.981342273067,423.5237731933594,79272700,-0.002673832146839916,-0.01181209085927959,-0.011310210186291969,428.79541931152346,417.0284149169922,1.0282163132621873,0.009661857776538831,0.01142715184956888,52.7633078984803,0.8888068916683106,21.15999984741211,-0.018097420113952323,0
2022-04-11,420.2496199540027,421.0918174503352,415.7832355906516,416.2847595214844,89770500,-0.01709234316952979,-0.03695260679300183,-0.03507258131660407,427.28233337402344,417.0158996582031,1.0246188064393587,0.010382328072973955,0.01209906427066946,41.94032049269516,1.0098818702408583,24.3700008392334,0.15170137121782057,0
2022-04-12,419.2749706687826,421.8015343492119,413.1904372386116,414.7423400878906,84363600,-0.0037052027447912472,-0.028246350760451455,-0.05039537753910117,425.0813018798828,416.8223571777344,1.019814063617098,0.008768340472073116,0.011303760292929808,45.06540183832194,0.9608686538008473,24.260000228881836,-0.0045137712992801005,1
2022-04-13,414.49623018176845,420.24956105130474,414.3164358847849,419.4925537109375,74070400,0.011453408933460363,-0.007188995503004669,-0.03355145442929297,423.62498168945314,416.6664630126953,1.0167004529868913,0.01019010621466738,0.010503587704124432,43.371429217933745,0.8791208269506819,21.81999969482422,-0.10057710268084685,0
2022-04-14,419.7197127519559,420.8363377308492,414.1650904269717,414.2691955566406,97869500,-0.012451611138480811,-0.024466782233054762,-0.030666095981870645,422.31438903808595,416.3230877685547,1.0143909897037995,0.009840891821695343,0.01055714281032847,37.03884701725132,1.1649090281387016,22.700000762939453,0.04033002201755176,0
2022-04-18,413.341833148195,416.1238802748247,412.2062931005156,414.43951416015625,66002500,0.0004111302634672853,-0.02144923049940739,-0.03300796109916648,420.89971313476565,416.1859375,1.011326129044823,0.009708428654862915,0.010230973375185306,33.523099880986166,0.8049324391523089,22.170000076293945,-0.023348047085126056,1
2022-04-19,414.33540185587515,421.8488175877449,414.1650795150678,421.1296691894531,77821000,0.01614265725326458,0.011638450741117579,-0.025744227145800602,419.7868988037109,416.14296875,1.0087564378767626,0.010953788130023857,0.010902750110463696,35.22452951953903,0.9551973168407826,21.3700008392334,-0.03608476474097866,0
2022-04-20,422.9086378808468,423.5237099857739,419.6534541721469,420.8173522949219,65224400,-0.0007416169350697999,0.014647677895012645,-0.014012416313087361,419.18885192871096,416.12092224121096,1.0073726878979703,0.01036761827509911,0.010557214980014008,36.888359609246535,0.8052412458915806,20.31999969482422,-0.04913435204370564,0
2022-04-21,424.441679554067,425.8327032647184,413.61630443070874,414.5247192382813,85417300,-0.014953359271721478,-0.011842485471337816,-0.01894634539954476,418.3883117675781,415.9035943603516,1.005974262884282,0.01092935299053956,0.010694637975199095,37.17406851917062,1.050651244163778,22.68000030517578,0.1161417640647251,0
2022-04-22,413.43650465990896,414.5436288750389,402.58274261879126,403.1505126953125,132471800,-0.027439151430751152,-0.02683927016680132,-0.05064938182139089,416.23743896484376,415.3342584228516,1.0021745871516157,0.013234862428285624,0.011602471523497575,28.89444627608634,1.5642679621798752,28.209999084472656,0.2438271033900683,1
2022-04-25,400.9077407495504,405.65802372987287,396.33722318186966,405.4877014160156,119647700,0.00579731055053756,-0.021599805130263938,-0.04258573643069008,414.4338317871094,414.9667541503906,0.9987157468448953,0.013671657173910225,0.011635741227450863,27.284243781803113,1.3782161635092258,27.020000457763672,-0.042183575516809735,0
2022-04-26,402.95173179386785,403.1504700703284,393.7161197790121,393.7445068359375,103996300,-0.028960667707230936,-0.06502786281057749,-0.05414623564758103,412.1798065185547,414.53154541015624,0.9943267553033277,0.015324803804475646,0.012778261528559102,24.65520638476015,1.1739483687040193,33.52000045776367,0.2405625421864992,0
2022-04-27,394.8232059633786,400.1980622083151,392.71303421926314,394.8515930175781,122030000,0.002811686670975977,-0.06170315728602882,-0.04795928736404709,410.19073181152345,414.14564697265627,0.9904504244097634,0.015543993922076355,0.01228400723799806,27.695404068374827,1.350498897732605,31.600000381469727,-0.05727923777069188,1
2022-04-28,399.6019274903522,406.5570449371299,395.1639015423122,404.8253479003906,105449100,0.025259502707308368,-0.023398776689877443,-0.03496416248821832,408.72401123046876,413.8256475830078,0.9876720150567377,0.01762160480860383,0.01400985875727678,35.81090551519759,1.1505842279033842,29.989999771118164,-0.050949385788478296,0
2022-04-29,400.83211704855785,402.9896201658994,389.1172427381389,389.86480712890625,145491100,-0.036955543542608105,-0.032954703387533923,-0.05890949336685036,406.2835723876953,413.19700317382814,0.983268439187531,0.02048869306412823,0.015709158958724812,29.897029730400675,1.5671524992979697,33.400001525878906,0.11370462756871169,1
2022-05-02,389.9309640059104,393.5741230922045,383.259717889403,392.21148681640625,158312500,0.006019213954657099,-0.0327413496223119,-0.05363394798103205,404.06076965332034,412.7952819824219,0.9788405713186579,0.020754528136132384,0.015802913316557456,34.729744431371316,1.6439331843249276,32.34000015258789,-0.031736566612720285,0
2022-05-03,392.71303964199615,396.4224162058567,391.1516650055243,394.0094299316406,100028200,0.004584116415937478,0.0006728299470943888,-0.06439878555697753,401.34874572753904,412.48291381835935,0.9730069592755948,0.01972380401777217,0.015656598543481077,36.89111172856658,1.0173488924168512,29.25,-0.09554731410044925,1
2022-05-04,394.67183940897127,406.5759792490273,391.48290152050896,406.0082092285156,144247900,0.030453025702853687,0.028255213878397134,-0.03519137931372074,399.8678314208984,412.4984387207031,0.9693802300465028,0.02293392176990041,0.017351786491706087,42.19006568507294,1.4166383130278066,25.420000076293945,-0.13094016833183098,0
2022-05-05,401.740453562189,402.1662882421075,387.44227303458774,391.5774841308594,172929100,-0.03554293920577878,-0.03272488701174647,-0.055357941378234576,397.57310791015624,412.3691156005859,0.9641195057275801,0.024929936150304595,0.018822209888863958,38.12394026784151,1.644975478865099,31.200000762939453,0.2273800420652159,0
2022-05-06,389.013137919738,392.5143334096191,383.9316525873715,389.240234375,151770800,-0.0059688052826814,-0.0016020239387746216,-0.03450393310258648,396.182080078125,412.0732421875,0.9614360737789807,0.023715684426140613,0.018716101524842953,37.10407013681652,1.3948327220499126,30.190000534057617,-0.032371801416157364,0
2022-05-09,383.3355021930368,384.5751184962438,375.19754216123187,376.77783203125,155586100,-0.032017251155345705,-0.039350338539117624,-0.07080330496956388,393.31109313964845,411.3498309326172,0.956147453003515,0.02508781587922001,0.019715458432442948,28.568753153885424,1.3814527308726066,34.75,0.15104337148978209,0
2022-05-10,382.75818692997774,384.2627584402979,373.6077376835312,377.6483154296875,132497200,0.002310336024135662,-0.04152467747990629,-0.040879786579363864,391.70147399902345,410.6649578857422,0.9538224931965223,0.023974980319843738,0.019599546613188974,29.25221233875895,1.1545457496242746,32.9900016784668,-0.0506474337131857,0
2022-05-11,376.6832006420824,382.3324561154293,370.9014529815829,371.6490173339844,142361000,-0.01588593898234958,-0.08462684032872025,-0.05876277592366408,389.38121643066404,409.9855651855469,0.9497437214757599,0.02412163282008493,0.019756459372288968,29.334926192960552,1.2099231186628692,32.560001373291016,-0.01303426139127628,0
2022-05-12,368.45061311196713,374.53514652082424,364.4573366484498,371.2610473632813,125090800,-0.0010439149644095869,-0.051883567342162595,-0.08291057047487049,386.0247863769531,409.1491748046875,0.9434817669160078,0.02167119037847076,0.01939353017188679,32.80952443622631,1.040583105468941,31.770000457763672,-0.02426292635771765,1
2022-05-13,375.3962141833524,381.5186058960115,374.35530738560897,380.1370544433594,104174400,0.023907725152196857,-0.023387047709128916,-0.024951605037616176,385.05201110839846,408.531435546875,0.9425272515270554,0.021305401948913838,0.02042466616086967,37.23431001437174,0.8643208775825857,28.8700008392334,-0.09128106946002879,0
2022-05-16,378.49055876588955,382.26618152652463,376.2384227760437,378.5946350097656,78622400,-0.004057535079952546,0.004821947641455049,-0.03471813616977171,383.69032592773436,407.94963500976564,0.9405335683620588,0.021104594538693587,0.020397251648092463,41.49756195310933,0.6489221078297838,27.469999313354492,-0.04849329702742333,1
2022-05-17,384.68869959743125,386.6191062996921,380.9509064114928,386.3825378417969,83029700,0.020570557825866587,0.02312792631464955,-0.01935713084625157,382.92763671875,407.7639587402344,0.9390914241214087,0.022339695303546285,0.0206534006464279,45.578539968938216,0.6838285212457469,26.100000381469727,-0.04987255064177387,0
2022-05-18,381.8214013694828,382.1052719010939,369.5671465773128,370.8067626953125,117674500,-0.04031179885479663,-0.00226626359653459,-0.08670131719772822,379.40749206542966,407.3267614746094,0.931457316214368,0.022221004579486336,0.02215614751301449,33.22127659190161,0.9486712077044925,30.959999084472656,0.18620684413680677,0
2022-05-19,367.7408392133795,372.9642879303813,366.3119568465216,368.53570556640625,98510700,-0.006124637836695368,-0.007340769564247562,-0.0588434715943803,377.1033142089844,406.6335906982422,0.9273786594005908,0.02013735970970795,0.022057597883121956,37.97475585164588,0.7900064849680701,29.350000381469727,-0.05200254362444057,0
2022-05-20,372.1221001134453,375.6990132327795,360.09497051983396,368.6965942382813,131432200,0.0004365619652180186,-0.030095619649156524,-0.05277881966571485,375.0489501953125,405.9800500488281,0.923811281244496,0.02023522375957289,0.021480114956377472,36.40740390545289,1.054459985004503,29.43000030517578,0.002725721385562929,1
2022-05-23,371.72471605038334,376.3614806717681,369.406362617675,375.5950012207031,76414900,0.018710254149957084,-0.007923075267522228,-0.003139332280166607,374.9306671142578,405.5665472412109,0.9244615209628412,0.019097923715190993,0.02198568456329066,39.94838628858367,0.623884508510587,28.479999542236328,-0.03228001199756625,0
2022-05-24,371.4691925228241,373.92003788214953,366.1700541533183,372.7277526855469,91448800,-0.007633883640191019,-0.03534006798682221,-0.013029484160526517,374.43861083984376,405.1536218261719,0.9241892227252354,0.019214189814010477,0.021193332770779914,29.822159296541514,0.7504718515200065,29.450000762939453,0.03405903217324835,1
2022-05-25,371.2326096418207,377.9890172972856,370.83519088442847,376.020751953125,91472900,0.008834864707153445,0.014061203252910381,0.011763073263320267,374.8757843017578,404.6335461425781,0.9264575017951311,0.018689778662922794,0.021315585606629925,39.095255514269375,0.7602012562162267,28.3700008392334,-0.03667232243556173,1
2022-05-26,377.2509375219795,385.1712435361306,377.0427561590206,383.5341796875,82168300,0.01998141776843121,0.04069747895401998,0.033057958574925106,376.1030975341797,404.0854479980469,0.9307514026983658,0.019555770778068846,0.02098757398460694,46.27085894538321,0.6895443999373129,27.5,-0.030666225361201227,1
2022-05-27,385.9944682150054,393.0631331726297,385.7957588445441,392.9495849609375,84768700,0.024549064391364173,0.06578034921304954,0.03370502919358831,377.3843505859375,403.62283203125,0.9349925738510227,0.019631291131207318,0.02016090352796638,61.0072892268501,0.7299651231145059,25.719999313354492,-0.06472729769620034,0
2022-05-31,391.33152767867176,394.08518796704755,388.0006542200998,390.7448425292969,95937000,-0.005610751394125479,0.04033557757519657,0.032092920490587096,378.5993713378906,403.0249774169922,0.939394311896879,0.019703701031172385,0.020163743325383586,58.75511815360888,0.8489377946465516,26.190000534057617,0.018273764900883505,0
2022-06-01,392.8644517588874,393.87694263717856,385.06713709140746,387.584228515625,86585800,-0.008088690290096179,0.03985878626701522,0.00311010606364448,378.71954040527345,402.3663696289062,0.9412306022358634,0.0189904056176992,0.020211402658114778,61.073060377459335,0.7707740766641836,25.690000534057617,-0.019091255815355868,1
2022-06-02,387.42343703743313,395.0125426179488,385.17130074310455,394.9652404785156,79609600,0.01904363340881665,0.050381497369464956,0.06515112509707333,381.13538818359376,401.75697021484376,0.948671501529339,0.013227640296990003,0.01943407344261332,65.01255332020338,0.7296654681034638,24.719999313354492,-0.03775792917626375,0
2022-06-03,390.2432399078514,391.7951425251517,387.50852412899536,388.4831848144531,71874300,-0.016411711714704902,0.012903687308874368,0.05412631380557653,383.13013610839846,401.12750854492185,0.9551330386145584,0.014635803677165753,0.018078087975910165,55.45114250633841,0.6907569477250713,24.790000915527344,0.0028317801018318267,0
2022-06-06,392.4954566785765,394.22712507510215,388.492707995611,389.6661071777344,57508900,0.003044977001633198,-0.00835597722677206,0.056874712886284096,385.2270874023437,400.3950939941406,0.9621174014883938,0.014560942812945354,0.01804008249296952,57.26527391718802,0.5789190706797099,25.06999969482422,0.011294827307630095,1
2022-06-07,386.1742627730429,393.85799980122914,385.710569071012,393.4037780761719,59272400,0.009591983571547003,0.006804787312517435,0.04741483991424089,387.0079650878906,399.69579528808595,0.9682562830288209,0.013923189340249787,0.01645774939396376,54.86611376713076,0.62707036852778,24.020000457763672,-0.041882698438058696,0
2022-06-08,391.6910721501235,393.4795433339592,388.3318120110862,389.1266784667969,64350000,-0.010872034911029393,0.003979650970523663,0.04399706129499026,388.6478576660156,398.8500164794922,0.974421064580798,0.014275879853429974,0.016718819032241074,65.05444162290155,0.7062475137974809,23.959999084472656,-0.0024979755265417403,0
2022-06-09,387.34765697732666,389.6187079884175,379.8721008300781,379.8721008300781,86289800,-0.023782943059013184,-0.0382138428945078,0.01024238384969034,389.0329925537109,397.7124053955078,0.9781766605113422,0.01667611131231538,0.01723945064610078,58.35659038892336,0.9771037971650562,26.09000015258789,0.08889821158196898,0
2022-06-10,373.6645386433497,374.5161791416106,368.8101502618891,368.8574523925781,132893900,-0.028995676211628352,-0.05051887234514052,-0.03826706476820485,387.56531982421876,396.4084393310547,0.977691898987421,0.017690420612779482,0.01851955214739464,50.102219348643,1.4982070294726295,27.75,0.06362590408982616,0
2022-06-13,359.442032834515,361.2967210051914,353.2439234260221,354.85260009765625,170004900,-0.03796819666806239,-0.08934189152919836,-0.0969513299449557,383.7556213378906,394.9579888916016,0.9716365591562055,0.01762373400271955,0.019432961753106482,37.91084267146851,1.8480102150712086,34.02000045776367,0.2259459624419342,0
2022-06-14,356.60323107069917,357.6346658846879,350.679548775885,353.7833251953125,104011800,-0.003013293130864736,-0.10071192776696714,-0.09459246370273744,380.05946960449216,393.4619299316406,0.965937084867456,0.017714600257718108,0.01943209406518042,38.72238736121693,1.1152531034428408,32.689998626708984,-0.03909470350260291,1
2022-06-15,357.0858572117837,363.2744957746672,352.12739188091416,358.8270263671875,125666800,0.014256469462178734,-0.07786577938833039,-0.0741960070423201,377.1837493896484,391.9933142089844,0.9622198535471947,0.019286347624494493,0.019073518532291,39.97356913489992,1.317333720775795,29.6200008392334,-0.09391244773461938,0
2022-06-16,350.60392594515343,351.01081676127995,344.5193632718366,346.9512939453125,134473300,-0.03309598093016153,-0.08666287103693238,-0.12156499259284781,372.3823547363281,390.39638366699216,0.9538570804333321,0.01833421527506479,0.018397162486908054,29.69970242550646,1.3973465925770057,32.95000076293945,0.11242403205118334,0
2022-06-17,347.3665849634016,351.0444787331084,344.19238154711957,347.6991882324219,111113900,0.00215561751796578,-0.05736162851777582,-0.10498265607431745,368.303955078125,388.89976501464844,0.947040826996263,0.018852185451654214,0.018420029375813718,22.217475522958225,1.1471016697377823,31.1299991607666,-0.05523525220126546,1
2022-06-21,353.4299145965904,357.8395764065463,353.3538694431423,356.4520568847656,76811900,0.02517368158620159,0.004507383591579206,-0.08523720611353858,364.9825500488281,387.53562133789063,0.9418038754445269,0.02174371916773815,0.019446699057462182,30.51212414458098,0.8159855703410551,30.190000534057617,-0.030195909156774836,0
2022-06-22,352.2229054186672,359.9208378596493,351.8047441204501,355.8057861328125,90059400,-0.0018130650096431777,0.005716665522275344,-0.09557099864983898,361.2227508544922,386.1812615966797,0.9353709948561572,0.020965461572544798,0.018856273594014834,31.40971899882173,0.9498321593416815,28.950000762939453,-0.041073194739407515,1
2022-06-23,357.9441735497339,360.0254385770398,354.3803178822355,359.2936706542969,79292100,0.009802776282515024,0.0013004714049378308,-0.07666657020291034,358.2394500732422,385.04143981933595,0.9303919345443197,0.021848329905342224,0.019010472142786106,28.13637945030733,0.8416680125320188,29.049999237060547,0.003454178635086791,1
2022-06-24,362.46781975387455,370.7264623574381,362.4393100729595,370.7169494628906,98050300,0.0317937101084782,0.06849853547836648,-0.024100615304946338,357.3239349365234,384.16093200683594,0.9301412641568795,0.0242475208229862,0.020325323944425645,39.73271667035855,1.0371615265976641,27.229999542236328,-0.06265059354983915,0
2022-06-27,371.6387840560035,371.9333937461517,368.20799359853146,369.3009033203125,66009600,-0.0038197502019525764,0.06212759712700522,0.00120222846212803,357.3682800292969,383.15709899902345,0.9326938766445972,0.022388544603624366,0.01975088017212039,38.26237396150046,0.7042585012443291,26.950000762939453,-0.01028273169313021,0
2022-06-28,370.859544492515,373.64409647087297,361.64102718888944,361.7550659179687,86548900,-0.02043276183323861,0.014877201381720218,0.01945164222669593,358.05852661132815,382.10681640625,0.9370639602268857,0.019562465529548153,0.019156299132142104,32.526102210334784,0.9225168711880409,28.360000610351562,0.05231910231895376,0
2022-06-29,362.3062847809654,363.29463974904866,359.63577158326706,361.46044921875,65676000,-0.0008144093254675022,0.01589255517004662,0.021700073114523377,358.82623901367185,381.0472351074219,0.9416844053795964,0.019510885190882763,0.01916446254604825,34.02227234610436,0.711509364913215,28.15999984741211,-0.007052212927895818,0
2022-06-30,357.56389907239446,361.7645084605366,354.0665767146873,358.5237731933594,112508300,-0.00812447401019356,-0.002142808303679411,-0.0008451235596669271,358.79591369628906,379.7951171875,0.9447091272612547,0.019271789930654912,0.019164894295232375,36.70044936283863,1.2019949935527074,28.709999084472656,0.019531223012811516,1
2022-07-01,357.86802077080847,362.7528913914141,355.2450145074344,362.3157043457031,74839700,0.010576512454304243,-0.022662155397425332,0.04428405562543425,360.3323547363281,378.6250842285156,0.9516864300487099,0.015496228970010436,0.01872416582145745,45.52161225301595,0.8016007658724068,26.700000762939453,-0.07001039309054802,0
2022-07-05,357.2218760257325,363.0190868264124,354.3897883879628,363.00006103515625,81438000,0.0018888408127077927,-0.017061540409207265,0.04400606420888842,361.86244201660156,377.59459106445314,0.9583358728643276,0.015500846298291838,0.01853901392503752,56.821798602402104,0.867829672948374,27.540000915527344,0.031460678973232126,0
2022-07-06,363.14252639295074,366.715894004098,360.7571393570924,364.2259521484375,70426200,0.003377109937076739,0.00683027402587677,0.021809090769772332,362.63983154296875,376.81609985351565,0.9623788147160968,0.01368488539502226,0.018545071285646378,58.72064989464391,0.7453544334101059,26.729999542236328,-0.029411813593453018,1
2022-07-07,366.0031367080708,370.4793302796413,364.2449625145711,369.6810302734375,64525900,0.014977181315121824,0.022742684773549238,0.03899667931607431,364.02735595703126,376.09996643066404,0.9679005276490541,0.014153861635255498,0.018778292584683044,59.00233775674574,0.6810154793899517,26.079999923706055,-0.024317232684692103,0
2022-07-08,368.04645446042775,371.2491967887842,366.516386504775,369.3769836425781,72397800,-0.0008224566747027096,0.03027194083268059,0.02806426556281627,365.0356872558594,375.61261596679685,0.9718408587429543,0.014061899025637405,0.018689018205829636,73.0183302145009,0.7608653214320151,24.639999389648438,-0.05521474456557396,0
2022-07-11,366.6968987191373,367.6662567653329,364.46354395303933,365.1573181152344,58366900,-0.011423737033455339,0.007842921892284194,-0.014996971019833993,364.47972412109374,375.01873046875,0.9718973867399019,0.010326446778871554,0.01814228921441822,66.72733014421222,0.6225418848843239,26.170000076293945,0.062094185249382816,0
2022-07-12,364.606143035298,366.99155941529256,360.17745545859367,361.9261169433594,62219200,-0.008848792045447418,-0.0029585231714130966,-0.01996958661797965,363.74224548339845,374.1607458496094,0.9721550149720982,0.010573542345518577,0.017082069469405072,55.865552769504646,0.6896230294935124,27.290000915527344,0.04279712785511025,0
2022-07-13,356.48050078741414,362.96197129328345,356.0623395287953,360.02532958984375,84224600,-0.005251865683440271,-0.011533012773570328,-0.004781512385281128,363.56927185058595,373.56395629882815,0.9732450514036021,0.008517226516975283,0.014742605267372866,54.402943915055474,0.9801190531743149,26.81999969482422,-0.01722246994999932,0
2022-07-14,355.064490796516,360.234458871572,352.6220841639683,359.15106201171875,89704800,-0.0024283501916962935,-0.02848392911567621,-0.0063890453631170185,363.3383331298828,372.9027478027344,0.9743514502663007,0.008540230730365155,0.014735163921563084,49.84260810462166,1.0526548012102652,26.399999618530273,-0.01565995828012623,1
2022-07-15,363.5606860012762,366.12667298735175,361.6504796031944,366.01263427734375,79060400,0.019104975569865124,-0.009108172718443774,0.020888046048610276,364.08721923828125,372.34281188964843,0.9778279789813321,0.010079571031736225,0.015004648671932571,44.226697017976335,0.9538293896680989,24.229999542236328,-0.08219697377460611,0
2022-07-18,369.1013562443131,369.7761047012278,361.7645652536722,362.9905395507813,63203600,-0.008256804392911987,-0.005933822100668618,0.0018625612883571563,364.1547027587891,371.4824584960937,0.9802742886784742,0.010082357143897477,0.012906645133062401,42.54939970886246,0.796779027751733,25.299999237060547,0.04416012030702099,1
2022-07-19,366.91550902545094,373.3684709198661,366.2597863554096,372.7982482910156,78506000,0.027019185547843216,0.030039643006358974,0.026992246855050528,365.134521484375,371.10687377929685,0.9839066513802337,0.013193262965958588,0.01403591629223781,62.37750354534252,1.0104580204156128,24.5,-0.031620524157513485,1
2022-07-20,372.98828349436786,376.59016077722407,371.6197609648057,375.1741027832031,71843800,0.006373030192815765,0.04207696500303881,0.030058678054615262,366.2293365478516,370.82555114746094,0.9876054533313923,0.01324314206079432,0.013113107954436938,64.6855013970817,0.9276742258949326,23.8799991607666,-0.02530615670340397,1
2022-07-21,374.59442084284586,379.0421048535145,372.1900078667484,378.9945983886719,64903900,0.010183260457282906,0.055251225670343906,0.025193524559119274,367.160693359375,370.86988647460936,0.989998667321057,0.012843933413189854,0.013172742200706368,71.51428923316934,0.8518992010479437,23.110000610351562,-0.03224449654420847,0
2022-07-22,379.1182025989379,380.3156383047251,373.2544596880856,375.4783020019531,72197300,-0.0092779591098886,0.02586158738290112,0.016517862859800836,367.7708251953125,370.8264862060547,0.9917598631046967,0.01335967509133785,0.013362293343388116,63.91415210232379,0.9520620166324334,23.030000686645508,-0.003461701496893066,0
2022-07-25,376.10550632547137,376.78976766133366,373.6915803624673,375.9344482421875,53631500,0.0012148404789367184,0.03565908000639606,0.029513663268695867,368.8485382080078,370.9121948242188,0.9944362664668145,0.012551538652915573,0.01141646405608773,63.739200454349216,0.7285738311424201,23.360000610351562,0.014329132169649261,0
2022-07-26,374.29024240597994,374.49932302499343,370.593352509491,371.4866943359375,52946400,-0.011831195377404291,-0.0035181333632616774,0.026415826172816237,369.8045959472656,370.91670776367187,0.9970017208900851,0.01289466133652124,0.011722096054513903,57.218446601941764,0.7257061072835145,24.690000534057617,0.056934926753241966,1
2022-07-27,374.78449853291994,382.8815960228277,374.4898888264092,381.1329345703125,82342100,0.02596658341052671,0.015882844105987504,0.05862811098462273,371.9153564453125,370.93662536621093,1.0026385398803241,0.014445434733672812,0.011979031024776153,60.50939431009067,1.1318794217637513,23.239999771118164,-0.058728259683077266,1
2022-07-28,381.9407350618802,386.60698374585616,378.38636390787866,385.9132385253906,73966600,0.012542353392963612,0.01825524734688555,0.07451509780805998,374.59157409667966,371.08299743652344,1.0094549647501874,0.01427186176345023,0.012145130044275605,64.02319030814479,1.0109885303498438,22.329999923706055,-0.0391566203259186,1
2022-07-29,387.3483007860886,392.5277822061919,386.5785103442153,391.5393981933594,87003700,0.014578820072270071,0.04277503148856443,0.06974284908611339,377.1442504882813,371.1861346435547,1.0160515582039402,0.013923537833403297,0.012077219032154864,71.85145154294372,1.2102771249823683,21.329999923706055,-0.04478280355650055,0
2022-08-01,388.84030221771746,392.88885045045953,388.1275312754867,390.3798828125,69997500,-0.0029614270906315188,0.03842540804083572,0.07545470274683841,379.8831848144531,371.5775970458984,1.0223522296139096,0.013375000653554929,0.01209708981386357,74.40489745405893,0.9770004484592223,22.84000015258789,0.07079232228236565,0
2022-08-02,388.81185464934134,392.49926155328086,386.6260350117583,387.8044738769531,63435400,-0.006597186609597516,0.04392560969157988,0.04025294017536063,381.38380737304686,371.96297241210937,1.0253273461598749,0.012049546979863946,0.012314743551556673,73.55369676808695,0.8966745154934936,23.93000030517578,0.04772329883125637,1
2022-08-03,389.9332356443753,395.0461841555904,389.6481388511842,393.8772583007813,67820600,0.015659397538964503,0.03343800174297895,0.049851936417866005,383.2541229248047,372.4665856933594,1.028962429505895,0.01259654228059035,0.012617031080328028,77.05867022278369,0.9604290312667723,21.950000762939453,-0.08274130869142016,0
2022-08-04,393.8012609389681,394.4855223283824,391.9670703405135,393.6112060546875,45656600,-0.00067546993507972,0.019947404651655676,0.038566796804385683,384.7157836914063,372.82690979003905,1.0318884543716615,0.012563061813105,0.012383320227300005,73.96840575315947,0.65531304185137,21.440000534057617,-0.02323463376561352,0
2022-08-05,389.3249878237103,393.5921004969027,389.267968469709,392.94586181640625,56814900,-0.001690358983805984,0.0035921381846542033,0.04652082349717834,386.46253967285156,373.23127197265626,1.035450587058966,0.011892526051694352,0.012399717225814772,77.12554993036049,0.8246917035273468,21.149999618530273,-0.013526161767891565,0
2022-08-08,394.63757214293867,396.8899240250277,391.3873233872075,392.48974609375,53886100,-0.0011607597050337093,0.005404641412486422,0.04403772500491132,388.1180694580078,373.56065185546873,1.0389693548563872,0.011991433641846674,0.011968861706323683,71.46704975157807,0.7847309346022361,21.290000915527344,0.006619446785919081,0
2022-08-09,391.75799267097744,392.26168307241494,389.8572697972166,390.9311828613281,44931800,-0.003970965478546806,0.008062591318549472,0.052342355249490824,390.06251831054686,373.70859191894533,1.0437611731312524,0.01102955334830137,0.01174771190597448,67.48952988471014,0.6626729915751134,21.770000457763672,0.02254577367755073,1
2022-08-10,397.9923437821938,399.28485036063125,396.03460162898654,399.1422729492187,68665700,0.021003927156159508,0.01336714557004659,0.04725211794989548,391.8634521484375,373.83244567871094,1.04823285586405,0.01005873334981247,0.012128841713991714,70.37680164594921,1.024464634473208,19.739999771118164,-0.09324761800459969,0
2022-08-11,401.993357133819,403.85608634972215,398.40099222133176,399.1422729492187,59489700,0.0,0.014052107281119275,0.03427981500291977,393.1863555908203,374.0003942871094,1.051299307692661,0.00974552891494392,0.012059997779979278,75.76568943116976,0.9080292536783079,20.200000762939453,0.023302988710988792,1
2022-08-12,401.0810440036907,406.0039093837423,400.1306825479558,405.8993835449219,61694500,0.01692907780921238,0.03296515623968532,0.03667570982083124,394.6223541259766,374.3666973876953,1.0541064600019816,0.010067594563993514,0.011938692381725178,78.68971058744461,0.954330591489443,19.530000686645508,-0.033168319355867615,0
2022-08-15,403.68498595264106,408.09467660080554,403.6279665910464,407.5719604492187,54048300,0.004120668747238154,0.03842702772639095,0.04403935344428622,396.34156188964846,374.6188317871094,1.057986220283992,0.00979598427910269,0.011514834431515809,86.48863658806326,0.8420165286578162,19.950000762939453,0.021505379494489052,0
2022-08-16,406.4980871972697,410.29953275176706,405.69027421639345,408.3703002929687,59289000,0.0019587702816210584,0.04460917469923764,0.05303143156244494,398.39814453125,375.0165740966797,1.0623480988564056,0.009079928602491676,0.010402201153498955,83.54407829459683,0.9376976469544398,19.690000534057617,-0.013032592428007916,0
2022-08-17,404.76845200711864,408.18024616058966,403.4664614502562,405.4717102050781,63563400,-0.007097945383910398,0.015857596864125467,0.02943671323984587,399.5575897216797,375.3326861572266,1.0645424831300339,0.00902373409219255,0.010714051664007615,75.25782296839284,1.011926433890399,19.899999618530273,0.010665265554941072,0
2022-08-18,405.6712159722093,407.33434826924736,404.37873850839094,406.6501159667969,49023200,0.0029062588882531326,0.01880994203421138,0.03312636863874707,400.8614807128906,375.59761291503906,1.06726312130095,0.008934853676894984,0.01061413768721582,72.04663406224287,0.7904390528152797,19.559999465942383,-0.017085435130927973,0
2022-08-19,403.8845695793236,404.1506695923492,400.3112016877868,401.185546875,68016900,-0.013438011885979817,-0.011613313202778475,0.020969008352716756,401.68544921875,375.83879028320314,1.068770599533036,0.010327622073490974,0.010915864898490018,64.00606317601564,1.1003977515723486,20.600000381469727,0.05316978240915504,0
2022-08-22,396.3481983345936,396.5192854235155,391.9290237582037,392.8318786621094,77695600,-0.020822455539489915,-0.03616559336138592,0.0008716981061656082,401.71966247558595,376.0979858398438,1.0681250035905612,0.01263624980626801,0.012183769486170282,55.66746435515899,1.2329816676823075,23.799999237060547,0.1553397473948257,0
2022-08-23,392.40421793285645,394.7991472328157,391.33030490584025,391.8815307617187,49105200,-0.002419222960283518,-0.040377004692605745,0.0024309851504673574,401.814697265625,376.55846740722654,1.0670712041938637,0.012589339936820399,0.011785668098740211,47.456425989915175,0.7816518773417227,24.110000610351562,0.013025268202878415,0
2022-08-24,391.6533655600833,394.50444934461694,390.96913329441026,393.1359558105469,49177800,0.003201031307573654,-0.030423218399853624,-0.015048060668422347,401.2140655517578,377.3241345214844,1.0633140815669535,0.010408301568818541,0.010447954483828034,49.40917413371717,0.8040301402169981,22.81999969482422,-0.05350480642350064,1
2022-08-25,394.6280346959815,398.7336026574547,393.5351249523274,398.68609619140625,50942300,0.014117610711583017,-0.01958445224208638,-0.0011428926193204347,401.16844787597654,378.22218994140627,1.0606687247464912,0.011526630571530841,0.010540289214246566,56.36333988738578,0.8488556878844902,21.780000686645508,-0.04557401499065716,0
2022-08-26,398.5720522592657,399.1137361754967,385.13392912672487,385.1909484863281,103087000,-0.03384905526928439,-0.03986833153203151,-0.05101864131385625,399.0976043701172,378.74946838378906,1.0537245268571815,0.0141089609949011,0.012752150945340187,43.72340542790394,1.6950338371255111,25.559999465942383,0.17355365748976292,0
2022-08-29,382.2353944976661,385.6946951639925,381.285033028505,382.64404296875,65370800,-0.006612059622861377,-0.025934340481879148,-0.061162003031301704,396.6048126220703,379.4633233642578,1.0451729803709064,0.013730013871345077,0.012811620504992731,42.992596568461735,1.0789799711945418,26.209999084472656,0.02543034554427015,0
2022-08-30,383.8034109464827,384.0410012678557,376.34306905482566,378.443359375,85652400,-0.010978045185700336,-0.034291412919098985,-0.07328383307135422,393.61211853027345,380.07820678710937,1.0356082287842006,0.013482519882407647,0.01295045804756141,31.224082356237076,1.3882841823186662,26.209999084472656,0.0,0
2022-08-31,380.07799803546214,381.3229690519403,375.4307462340977,375.5637817382813,76029700,-0.00760900558930222,-0.044697448331929346,-0.07376082649926452,390.62132568359374,380.4604412841797,1.0267068091629123,0.013481798536055937,0.012395010213715207,29.673885591615203,1.2241719115762149,25.8700008392334,-0.01297208153817453,0
2022-09-01,373.38753471575,377.0844257808097,370.6789987050582,376.7423095703125,78740100,0.003138023125063949,-0.055040260572715605,-0.07354677946022359,387.6305450439453,380.87917175292966,1.0177257613220057,0.013501955742279175,0.01245059277170932,22.189990342078957,1.2349214773493982,25.559999465942383,-0.011983044578061208,0
2022-09-02,380.41068976459894,381.6271512915678,370.954581494423,372.769775390625,99632100,-0.010544433366717731,-0.032246793816194774,-0.07082949948151718,384.7889678955078,381.14869384765626,1.009550797645673,0.013391761696146625,0.012591366246978772,18.200840320200612,1.5118202642465912,25.469999313354492,-0.003521132803927185,0
2022-09-06,373.6155413307237,374.55638973388335,369.1393477426086,371.3631896972656,76637400,-0.0037733362150550454,-0.02948132469007403,-0.05465108645958405,382.64209899902346,381.16161865234375,1.0038841275570036,0.012527501331383459,0.012589677867465014,16.557890899182993,1.1431653613320893,26.90999984741211,0.056537124965786445,1
2022-09-07,371.04965728307343,378.8046111007957,370.831092685803,378.0348205566406,70964200,0.01796524546445677,-0.0010795243415925304,-0.03533391884573778,381.25742797851564,381.3362969970703,0.9997931772580377,0.014580648286209716,0.013401305457051356,26.78897831973282,1.0383799597505254,24.639999389648438,-0.08435527575753499,1
2022-09-08,375.7633523475096,380.9618005948092,374.5563749860969,380.5056457519531,80821700,0.006535972510876897,0.01315852127912498,-0.03212707937780268,379.99439697265626,381.71130859375,0.9955020677081353,0.014787476478725255,0.012476040809871958,28.355638738339053,1.17219428573832,23.610000610351562,-0.041801899545889976,1
2022-09-09,382.7485212557317,387.28176346215974,382.4824212375365,386.41693115234375,76706900,0.015535342159533005,0.025679679017377888,-0.030773997779877882,378.76748046875,382.2104382324219,0.9909919839458226,0.014977118515958746,0.013095887763518834,37.86319770474701,1.0987964820188534,22.790000915527344,-0.03473103234333241,1
2022-09-12,388.48874399097315,391.2923218090903,388.1846213728781,390.5700378417969,69256300,0.01074773477722113,0.04775135653774232,0.013964734572831317,379.3053894042969,382.85136352539064,0.9907379874830755,0.010847334954405005,0.012704235135353398,48.00337924479913,0.9867254402336353,23.8700008392334,0.047389200540585596,0
2022-09-13,381.88367179340526,383.0906492168183,372.46561674955393,373.5870361328125,122947100,-0.04348260251305669,0.005988332977643118,-0.02366953570129715,378.3996887207031,383.0767901611328,0.9877906948148376,0.017876996517617823,0.015646204976530253,37.41338056617262,1.6697292672825639,27.270000457763672,0.14243818596528657,0
2022-09-14,374.8890521407821,376.5331877578143,371.7053357392143,375.0126037597656,85023700,0.003815891583685227,-0.007994546090820176,-0.009065440125307744,378.0566131591797,383.317041015625,0.9862765614528708,0.017685241821191664,0.01569029049283758,37.560420979957264,1.1348645462895002,26.15999984741211,-0.04070409210556314,0
2022-09-15,373.4539664457312,376.3050503313671,369.4814631923993,370.75494384765625,87633800,-0.011353378178288742,-0.025625643175484547,-0.012804317467375426,377.5757293701172,383.4476208496094,0.9846865877887525,0.01788470935860076,0.015761303913961678,30.4822041669332,1.1512099923269132,26.270000457763672,0.004204916322369412,0
2022-09-16,366.57147330224217,368.58495903524056,364.6342868550473,367.926513671875,103084800,-0.007628840080804,-0.04785095059196298,-0.023400068626463044,376.69414978027345,383.41253051757815,0.9824774095717858,0.01792249680077907,0.01568201999187947,35.82240292954366,1.3077464384027206,26.299999237060547,0.001141940570009048,1
2022-09-19,364.7774471288752,370.7797546386719,364.701089599931,370.7797546386719,73278500,0.007754920781114061,-0.050670254463147546,-0.005338471312133053,376.4951477050781,383.4405859375,0.9818865334366197,0.017912115211185207,0.015788442858150235,40.30579090656559,0.9265278001329382,25.760000228881836,-0.02053228227542203,0
2022-09-20,367.44941174370973,368.4609306805626,363.7659614872204,366.5237731933594,77274900,-0.011478462327210948,-0.01890660610862871,-0.013031492183841142,376.0112060546875,383.4679150390625,0.9805545426568075,0.01823668798777262,0.015391892043616275,40.26940073433971,0.9773179111460991,27.15999984741211,0.054347810795459806,0
2022-09-21,368.4513220499561,371.50498233585387,360.1206054997159,360.1301574707031,106746600,-0.017443931854546624,-0.039685189617243544,-0.04736247063054566,374.2207397460937,383.4319958496094,0.975976819349399,0.01753499762214286,0.01570770369309322,38.08435051535698,1.302575624855057,27.989999771118164,0.030559643901659994,0
2022-09-22,359.35721571534805,360.9985532046951,356.36083780125125,357.10516357421875,89472600,-0.008399723915735846,-0.0368161787184319,-0.06149838363499305,371.8806915283203,383.3735925292969,0.9700216675719564,0.01710239280537724,0.015638058919458388,35.25927025518803,1.065592157317182,27.350000381469727,-0.02286528741986016,0
2022-09-23,353.63161092219536,353.66978968711527,346.67503807204696,351.1219177246094,122346900,-0.01675485671986332,-0.04567378354866902,-0.09133920018069663,368.3511901855469,383.2130096435547,0.9612178629534746,0.015519067600839508,0.015202846049979325,34.226086306816995,1.3976852215461464,29.920000076293945,0.09396708076704297,0
2022-09-26,349.6523393463072,353.27853570562985,346.42691809015844,347.64837646484375,92581200,-0.00989269277826732,-0.06238576374368077,-0.1098949156830582,364.05902404785155,382.84572448730466,0.9509287965417096,0.013817703413723247,0.013789522379582751,33.22527040556625,1.0640283824570451,32.2599983215332,0.07820849730188573,0
2022-09-27,351.1886392749828,353.4597949219976,344.36564948559527,346.7608642578125,108294100,-0.0025529019178980317,-0.053919855629994795,-0.07180702026679298,361.37640686035155,382.5211309814453,0.9447227292598395,0.008211672384084141,0.013794772736961745,25.906788375842666,1.214655169996495,32.599998474121094,0.010539372916239298,1
2022-09-28,347.7152275322068,355.27299311416255,346.01663630256644,353.5839538574219,110802200,0.019676642617133755,-0.018177326939951666,-0.05714114589084851,359.23354187011716,382.13684509277346,0.9400651794853858,0.011493315154821883,0.01474483853977737,30.563154490059603,1.2255017876707677,30.18000030517578,-0.07423307614159502,0
2022-09-29,350.03404240715685,350.3203103402681,343.24923029563433,346.1979064941406,112952300,-0.02088909092933433,-0.03054354345064303,-0.06623522561470185,356.7778381347656,381.5573211669922,0.9350569844749967,0.012366957157540763,0.015240398209264233,21.56823574234062,1.224284187697208,31.84000015258789,0.05500330784050478,0
2022-09-30,345.2531217473703,349.17516668139064,340.71083940826395,340.84442138671875,153711200,-0.015463655345681504,-0.029270449433895562,-0.0736073408107486,354.06962890625,380.7943176269531,0.9298185726949737,0.012672459027134568,0.0153521857636113,15.4344346140808,1.601017827341715,31.6200008392334,-0.0069095261400811125,1
2022-10-03,344.56611454293574,351.6944777642895,342.7816430249758,349.84320068359375,89756500,0.026401427549447964,0.0063133452284998,-0.05646628137903853,351.97597351074216,380.28161560058595,0.9255666302849267,0.016085883414160562,0.016790334399076463,31.43422883748633,0.9397145327818577,30.100000381469727,-0.048070854440891986,1
2022-10-04,355.3683901017397,360.7122815791371,349.8050362444443,360.68365478515625,103602800,0.030986607944302635,0.0401509857726976,-0.015933805213563024,351.3919616699219,379.97659973144533,0.9247726357840822,0.019605178361904823,0.01842886000837831,40.23382364136392,1.0695816866547945,29.06999969482422,-0.03421929148145797,0
2022-10-05,356.313047756302,362.1054145870555,353.98463866038963,359.84381103515625,88065700,-0.0023284774312832823,0.017704019397493775,-0.0007951192911972438,351.3633270263672,379.7437420654297,0.9252642982746703,0.01879975764748587,0.017862505134108086,42.199899819710375,0.9012229989585336,28.549999237060547,-0.01788787283187543,0
2022-10-06,358.44114174816866,361.3993701215644,355.6355993235401,356.1318359375,82333500,-0.010315517410117714,0.028694366017281148,-0.0027256050485992,351.2659942626953,379.24372009277346,0.9262275830876407,0.018905218620308036,0.017820637696760382,41.67346024250049,0.8419110947773872,30.520000457763672,0.06900179591409161,0
2022-10-07,352.09525889115315,356.2176918591457,344.432509914981,346.1979064941406,107789500,-0.027893966337518727,0.015706535801998323,-0.014023650993871373,350.7735931396484,378.44941345214846,0.9268704896116865,0.020273361660908006,0.01806779529156242,34.22349226743549,1.0849721649346522,31.360000610351562,0.027522940366608406,0
2022-10-10,347.3144345542121,347.55300090951783,341.31212602246524,343.55462646484375,76042800,-0.0076351704609213256,-0.01797540785832663,-0.01177554758525956,350.3642181396484,377.4897180175781,0.9281424139963818,0.020178493081040257,0.01767033830017098,34.94690989381979,0.7628153450446189,32.45000076293945,0.03475765725043045,0
2022-10-11,341.8559778454328,346.4269166005978,339.44168789952687,341.37884521484375,92482800,-0.006333144956854886,-0.05352282897824012,-0.015520837550362376,349.8260162353516,376.509697265625,0.929128834598254,0.020246084649268126,0.015350052839678536,36.99197852471754,0.9421271503085352,33.630001068115234,0.036363644913174786,0
2022-10-12,341.7891897787711,343.36372158176107,340.0046893387279,340.2528076171875,76991800,-0.0032984984671431405,-0.054443074515056034,-0.037702916364835914,348.49290161132814,375.5586639404297,0.9279319985721467,0.01884637956947358,0.015231949297945925,37.9929638713493,0.7875414046683165,33.56999969482422,-0.0017841620988797713,1
2022-10-13,333.2389867095814,350.7020596679561,332.1892890254387,349.23248291015625,147254500,0.02639118647059524,-0.01937303080243169,0.008765438378140367,348.7963592529297,374.6657684326172,0.9309533686840139,0.019947059500315677,0.0166426464065632,48.70893384498031,1.4616809104648787,31.940000534057617,-0.04855523311243615,0
2022-10-14,351.6944557677686,353.32627035722425,340.6345247152281,341.2738952636719,123737000,-0.022788795532893813,-0.014223110937708894,0.0012600290631303857,348.839306640625,373.61902221679685,0.9336765151058258,0.020739666894409325,0.017207180513004502,45.895824008444166,1.215779339444605,32.02000045776367,0.0025046938750283854,1
2022-10-17,347.36209613161253,351.1505302643893,340.9398806417008,350.0435791015625,93168200,0.025696907849090067,0.018887688119614943,0.000572766363837296,348.8593444824219,372.7609765625,0.9358794681232664,0.020642187056834124,0.018266155194255267,51.91880402255302,0.906566879135525,31.3700008392334,-0.02029980041342172,1
2022-10-18,357.97352458781444,358.27889645424324,350.71155095897484,354.1564636230469,97162900,0.01174963566548115,0.03742943825403611,-0.018096720146626444,348.2066253662109,371.99431091308594,0.9360536307975074,0.0182127026085172,0.018417502690647854,50.34559138865842,0.9363767109554685,30.5,-0.02773352935793738,0
2022-10-19,352.11427858955096,354.8434919860376,348.8316042350714,351.6466979980469,79746900,-0.007086601213838972,0.03348654331657541,-0.022779641571516462,347.3869140625,371.2086212158203,0.9358266328101513,0.01829362879206692,0.01808990417941292,53.49486885776006,0.7786660068660018,30.760000228881836,0.008524597668256861,0
2022-10-20,351.19826004641624,355.62606505287266,347.9346598802896,348.6980895996094,88283100,-0.008385144564769575,-0.001530193600817964,-0.020873579915487328,346.64353942871094,370.1997375488281,0.9363689497024287,0.018207891451453847,0.01808959214003545,55.19771174572295,0.8625161990886744,29.979999542236328,-0.02535762941617703,1
2022-10-21,348.42137072610865,357.65865261101857,346.913644240023,357.1719970703125,131038400,0.024301559783230342,0.046584582141442565,0.03169889352394928,347.74094848632814,369.36033203125,0.9414680417195078,0.017410839943912557,0.018535947375386472,54.88427432476407,1.2748182286834295,29.690000534057617,-0.009673082475206707,1
2022-10-24,358.69881886172783,362.6780890904026,356.0459332134546,361.5425109863281,85436900,0.01223644057167017,0.03285000088925871,0.05235814958039886,349.53973693847655,368.47319458007814,0.9486164586187099,0.017161236518514547,0.018510899197444176,50.6264041955259,0.8340787417840532,29.850000381469727,0.005389014635704514,1
2022-10-25,361.46614520779,367.6306906199361,361.351638036336,367.3157958984375,78846300,0.015968481538614077,0.037156832154832564,0.07597702976372345,352.13343200683596,367.6680712890625,0.9577481960079881,0.016936568216349583,0.01872667407950027,55.08381878796638,0.7809636791266347,28.459999084472656,-0.04656620700949654,0
2022-10-26,364.1666701170704,369.8540823855379,363.9090290046154,364.5483703613281,104087300,-0.007534186027421952,0.0366893033170268,0.0714044445783828,354.56298828125,366.7916326904297,0.9666605142557856,0.01728541187502172,0.018441388589850696,55.80103664084951,1.0344128846527665,27.280000686645508,-0.041461645670640146,0
2022-10-27,365.55042194011406,367.3921470125133,361.9814498519805,362.6017456054687,81971800,-0.0053398256970124125,0.039873048980062054,0.038281841894849844,355.89991455078126,365.9342333984375,0.9725789009831975,0.016221124037990396,0.017754401484743512,62.705111580794444,0.8273670497432286,27.389999389648438,0.004032210419143256,1
2022-10-28,362.4967201324538,371.7053735710983,362.31540741307015,371.2282409667969,100302000,0.023790551109796,0.039354271924395334,0.08777215637891667,358.8953491210938,365.2257958984375,0.9826670327002199,0.014283609628802657,0.01783748213252452,69.61574885860747,1.0404228368362711,25.75,-0.05987584615530317,0
2022-10-31,368.7663054799875,370.6366574184391,367.6402793522776,368.54681396484375,96631300,-0.007223122343736121,0.019373386989560704,0.05285980365865428,360.74567260742185,364.57302124023437,0.9895018325278367,0.0136704176841192,0.017231863297943118,69.12027491408932,0.9987857727397582,25.8799991607666,0.005048511097732078,0
2022-11-01,372.2970774702504,372.5356437948338,365.76035435229414,366.93408203125,85407600,-0.004375921517931203,-0.0010391980727478822,0.03607902077372005,362.0234344482422,364.0550653076172,0.9944194407577921,0.013768970691934609,0.01594828348939029,68.6499871157551,0.8911569051497451,25.809999465942383,-0.0027047796404234825,0
2022-11-02,366.34247921682703,370.8561650178264,357.6205086522629,357.7254638671875,126990400,-0.02509611021436342,-0.018716052652705595,0.017286571731648603,362.6313110351563,363.37194396972654,0.9979617773279932,0.016276632000436112,0.016976296490284943,55.91758276807927,1.2986662098833925,25.860000610351562,0.0019372780102207,0
2022-11-03,354.4809766440454,357.08613172387004,351.9235523083306,354.0420227050781,87100100,-0.010296838034087874,-0.023606402903818435,0.015325386817016673,363.16570434570315,362.5900653076172,1.0015875753175907,0.016420585464762154,0.01697570878807456,59.45991655821162,0.8885627315386767,25.299999237060547,-0.02165511833231948,1
2022-11-04,359.75799240640606,361.5424637304622,353.0781357834755,359.1377258300781,103505200,0.014392933036779132,-0.03256895301184837,0.005503591479425696,363.3622772216797,361.7990979003906,1.0043205727442677,0.015151292776422737,0.015941214982973503,57.12579741584419,1.0582340453800103,24.549999237060547,-0.029644269668647527,1
2022-11-07,360.4354853214063,363.164698821556,358.3551942624768,362.5730590820313,68286900,0.009565503718700352,-0.01620894458032751,0.002850420253186048,363.46533203125,361.3467401123047,1.0058630442280643,0.014946550078838503,0.015860278990312233,56.66567251764456,0.7009423067191383,24.350000381469727,-0.00814659314892785,1
2022-11-08,363.6800477836496,367.5066610953688,360.44510344190144,364.52935791015625,84641100,0.0053955989810106075,-0.0065535589056808785,-0.007585946532644328,363.1866882324219,360.9844464111328,1.0061006557018828,0.0140699836259797,0.01572037270698197,60.292884886876486,0.8723235004287614,25.540000915527344,0.04887065771724597,0
2022-11-09,362.5539523085774,363.7086341105511,356.5229895570527,357.01922607421875,78495500,-0.020602268851521388,-0.0019742452363720187,-0.02065334781128425,362.43377380371095,360.5559637451172,1.0052080959612728,0.015328712311661883,0.016562243949312393,56.19667588894539,0.8083596803325731,26.09000015258789,0.021534816654065425,1
2022-11-10,370.30264142200895,376.9729757332263,368.0028876550996,376.6389770507813,141455800,0.05495432610815176,0.06382562774059952,0.038712531352747215,363.8374969482422,360.5774676513672,1.0090411342619638,0.023526081877842317,0.019667706234887644,62.432961945695965,1.4610978380512016,23.530000686645508,-0.09812186473630413,1
2022-11-11,377.4978037709963,381.085850591747,375.60834800694585,380.2842712402344,93839900,0.009678483671544225,0.058881437090130495,0.02439477732042339,364.74309997558595,360.64830688476565,1.0113539784123502,0.022616064379447628,0.018657088018224546,62.081705402566115,0.9844735431895214,22.520000457763672,-0.04292393537646866,0
2022-11-14,378.51889318368023,381.8778966959395,376.7725713035823,377.04931640625,71903500,-0.008506675344299941,0.03992645609375933,0.023070345799319103,365.5933502197266,360.7338977050781,1.0134710171280366,0.02268180339329211,0.018280782499651788,56.48691788216208,0.7628480729395789,23.729999542236328,0.05372997601585361,1
2022-11-15,382.8035164099832,383.91046764433503,376.44810606485254,380.2651672363281,93194500,0.00852899260162876,0.04316746781764058,0.03633100836880776,366.92645874023435,360.91193725585936,1.0166647895608705,0.0226134503048418,0.0182218958256281,60.412245742973944,0.9908171241802618,24.540000915527344,0.03413406611531178,0
2022-11-16,378.6334179598029,379.58768334395705,376.7344391643341,377.3642578125,68508500,-0.007628648831843332,0.05698581547552806,0.054899066264412655,368.8903381347656,360.8985260009766,1.0221442082968424,0.020729426483434683,0.018239207246309307,59.6579243063492,0.7327401868982951,24.110000610351562,-0.017522424170070217,0
2022-11-17,372.6024121072464,376.88708300619,372.2970693510568,376.20953369140625,74496300,-0.0030599721547224235,-0.0011401989319792527,0.06261265489603751,371.1070892333984,360.81260375976564,1.0285313909945535,0.020235230921363954,0.018091910410593774,53.61197916551413,0.8027016075786985,23.93000030517578,-0.007465794301908857,0
2022-11-18,379.5495102867139,379.61631585385857,375.0644803868105,377.917724609375,92922500,0.0045405306484602725,-0.0062230989021483385,0.05229191318146964,372.98508911132814,360.64261962890623,1.0342235465545422,0.020034745319809415,0.017450622198725323,56.892206612223205,1.0222365674721239,23.1200008392334,-0.03384870270006601,0
2022-11-21,376.59127932303574,377.7173054097724,374.70182350827446,376.5435485839844,51243200,-0.0036361777601486844,-0.001341383740159574,0.03853151565459334,374.38213806152345,360.36208984375,1.0389054470847707,0.020156050497730775,0.01736772435561102,57.0925505053349,0.5745301807678166,22.360000610351562,-0.03287198102485167,1
2022-11-22,378.4902199438828,381.7728946397623,377.07789693039774,381.6106567382813,60429000,0.013456898075540291,0.003538292796397391,0.046858499754455885,376.09026794433595,360.5225622558594,1.0431809470981965,0.020379525482050374,0.01727155976409025,68.777115943239,0.684587918380997,21.290000915527344,-0.0478532945266944,1
2022-11-23,381.27670641341655,384.5021279345099,381.047692049934,384.0154724121094,68261600,0.006301751880785078,0.017625449315642694,0.07561566539354536,378.789892578125,360.70261962890623,1.050144556665064,0.018330302740555686,0.0171440832781459,74.04676702862784,0.7893400197862298,20.350000381469727,-0.04415220731024261,0
2022-11-25,383.45240227506304,384.4830250793276,383.175686313319,383.9295349121094,30545400,-0.00022378655594312846,0.020520482681429364,0.019356886317013045,379.5189483642578,360.9661114501953,1.0513977249540845,0.007624469290996375,0.017055086482119838,71.62825444291093,0.3640343535715867,20.5,0.007370988487393815,0
2022-11-28,380.83771815093434,382.4790555588378,377.03973194191514,377.80316162109375,67881600,-0.015957025271364222,-0.00030314267053677124,-0.006524355085864797,379.2708374023438,361.1636444091797,1.0501357023982445,0.008932821836008997,0.016818844578192143,62.69079679467484,0.8249371604832574,22.209999084472656,0.08341458948647107,0
2022-11-29,377.93671115122805,379.1295426207394,375.3124819183031,377.15423583984375,52310000,-0.0017176293032211687,0.0016218237124387969,0.00027826448432199946,379.2813293457031,361.29113403320315,1.0497941787601315,0.008514903334513348,0.016721767404074057,60.75425239213305,0.6532957716364728,21.889999389648438,-0.014407911211844038,1
2022-11-30,377.4023849238339,389.0348815917969,375.4843314190897,389.0348815917969,144566700,0.031500761818298084,0.01945497255493911,0.023062102740581958,380.15830078125,361.74135620117187,1.0509119133446165,0.01298091331164181,0.01796088133065211,75.38199197619667,1.7411615246910759,20.579999923706055,-0.05984465520642579,0
2022-12-01,390.0750097932602,391.2487665768623,386.2388738341099,388.74859619140625,76398200,-0.0007358861992509125,0.012325346553269778,0.030168035639885016,381.29673461914064,362.31372497558596,1.0523938463684583,0.012568167455058078,0.01673365889680691,63.84456716363748,0.9490545101182588,19.84000015258789,-0.03595722905060661,0
2022-12-02,383.8532600881966,389.206675044677,383.74830487189024,388.3001403808594,85342700,-0.0011535882442802459,0.011383874048008558,0.03213795931968777,382.50579528808595,362.93762451171875,1.0539160711229467,0.01247938791794296,0.01643620902230162,59.887015857529164,1.0613258156601044,19.059999465942383,-0.039314550435815665,0
2022-12-05,385.4754615098056,386.4106228219642,379.9598094992948,381.3148498535156,77289800,-0.017989410254892757,0.009295020765188289,0.008989060377234237,382.8455078125,363.5414831542969,1.0530999227122864,0.014141129679965968,0.017021347240847695,54.81571010302373,0.9771072002140059,20.75,0.08866739671621793,0
2022-12-06,381.1526671084108,381.69657620844976,373.7284840801718,375.81829833984375,77972200,-0.014414732381346829,-0.0035421516532225805,-0.0019260726863279398,382.7729827880859,364.10488159179687,1.051271219201115,0.014921698839889936,0.0173852877366947,45.225442723334204,0.9797361057185471,22.170000076293945,0.06843373861657565,0
2022-12-07,374.96901554376115,377.5455435453296,374.04337702250234,375.178955078125,65927900,-0.0017012031200795974,-0.03561615466710388,-0.01685409342372568,382.1298126220703,364.6732434082031,1.047869070543042,0.0141418041425635,0.017383396111576972,47.533898223365284,0.8382522196018677,22.68000030517578,0.02300406978469849,1
2022-12-08,377.06843441190426,379.18687558828674,375.2839336975472,378.11810302734375,60737900,0.007833989378766448,-0.02734541878275598,-0.015357113992627958,381.5400756835937,365.16392639160154,1.0448460214945505,0.014244964516482096,0.016619576678751163,52.07042490389441,0.781080732127113,22.290000915527344,-0.017195740052941555,0
2022-12-09,376.8774796353652,379.43490324109257,375.1693368674367,375.29339599609375,81447700,-0.0074704358469864784,-0.033496625502138944,-0.022494072819879918,380.6764617919922,365.74583618164064,1.0408224076211672,0.014359189786729464,0.011387839633696835,47.22044806917559,1.0894416744676416,22.829999923706055,0.024226064872098885,1
2022-12-12,376.0854928029923,380.70416259765625,375.4175245494192,380.70416259765625,75405800,0.014417430893505001,-0.0016015302212698534,0.0076786042872556415,380.96656188964846,366.54303100585935,1.039350170822259,0.014333782369436622,0.011648710706244618,54.05958283085444,1.0212156813618773,25.0,0.09505037597659727,1
2022-12-13,391.4587178854205,391.71635903607296,380.8186654692543,383.5860290527344,123782500,0.007569831743930333,0.020668846480344838,0.01705348263839168,381.6097412109375,367.2178875732422,1.039191592034919,0.014448855626086594,0.01157660604216361,52.013257284757245,1.6194860348644307,22.549999237060547,-0.09800003051757811,0
2022-12-14,383.24246302501166,386.95456892239247,378.18486871743545,381.133544921875,108111300,-0.006393570008052074,0.01587133223533299,-0.020310098255437503,380.8196075439453,367.62688537597654,1.0358861734349936,0.010106326648740076,0.01154143062079556,47.0656522060665,1.4007857573766143,21.139999389648438,-0.06252771153512049,0
2022-12-15,376.2668278226688,377.1733915827472,370.15001236187896,371.8104248046875,117705900,-0.02446155748137724,-0.01668176734241178,-0.043571016211153,379.12579040527345,367.8662176513672,1.0306077922180317,0.012318437329333241,0.01269655848135536,39.61408399871326,1.4779948645705974,22.829999923706055,0.07994326314338274,0
2022-12-16,369.2517350620785,370.59383534034583,365.2829507209457,367.4207153320313,119858000,-0.011806310904171391,-0.020977402608343243,-0.05377135591130289,377.0378479003906,368.0919952392578,1.0243033067190663,0.01246847447869258,0.012931851300695579,40.829410407416475,1.463342660782513,22.6200008392334,-0.009198383056260973,0
2022-12-19,367.6125210258833,367.9480534682601,362.6371386607899,364.30517578125,79878100,-0.008479488011354674,-0.04307540717314762,-0.04460795082803615,375.3368804931641,368.454140625,1.018680044839472,0.011746881386615856,0.012960538815450387,39.12459046542552,0.983057303401554,22.420000076293945,-0.008841766380156879,0
2022-12-20,363.5477938735729,366.4237355185501,362.22485603598886,364.8036193847656,74427200,0.0013682034641608887,-0.04896531219959155,-0.029308522239962387,374.23541259765625,368.8791204833984,1.0145204534950059,0.01131778449704111,0.012970572343013673,24.595939752822247,0.9030895548964845,21.479999542236328,-0.041926874703784645,1
2022-12-21,367.40155201274337,371.38952801231983,366.86471190276114,370.2583312988281,78167400,0.014952461061822131,-0.02853386632571553,-0.013115404562796584,373.74335021972655,369.45671020507814,1.0116025501668895,0.012661310527166438,0.013065322461482754,32.51019992252273,0.9383740714910687,20.06999969482422,-0.06564245239575606,0
2022-12-22,367.20980089104194,370.23912957543627,359.2722031883447,364.9761657714844,100120900,-0.014266162516355707,-0.0183810312386834,-0.034756170494457894,372.4291564941406,369.95117736816405,1.006698124719064,0.012827808600930675,0.01323326623422403,29.786428226850717,1.1793656219660644,21.969999313354492,0.09466864212360981,1
2022-12-23,363.9504836726347,367.2194748542559,362.3974795479765,367.07568359375,59857300,0.005752479255262344,-0.0009390644671993797,-0.021896767942139017,371.6073852539063,370.30804138183595,1.0035088189476569,0.013047755404354669,0.013353262526366108,36.51800290681715,0.6931180841750333,20.8700008392334,-0.05006820703232606,0
2022-12-27,366.96058546509136,367.3056844290648,363.9504190865602,365.6280517578125,51638200,-0.003943687638921944,0.0036312302555834286,-0.03960059363936297,370.0997741699219,370.79512451171877,0.9981247047336111,0.011679910518749857,0.012964389585453644,39.55042747881382,0.6036217280302935,21.649999618530273,0.03737416137667604,0
2022-12-28,365.5609112966341,367.5357513756723,360.85397945187947,361.08404541015625,70911500,-0.012427947816942009,-0.010196099427089989,-0.058662156435016044,367.8495758056641,371.0159338378906,0.9914657087649232,0.011185951669231841,0.013190607323365997,36.618032923680296,0.820000749329073,22.139999389648438,0.02263278428415183,1
2022-12-29,363.93126597675223,368.45608223881914,363.40399242752494,367.5837097167969,66970900,0.018000419540159074,-0.0072236634693646495,-0.03555141074726331,366.4945922851563,371.28447875976565,0.9870991470189935,0.013503299136338525,0.011634696551010612,40.63182039982436,0.8108095674001063,21.440000534057617,-0.03161693201844007,0
2022-12-30,364.89952091921486,366.7592697589563,362.7808893302895,366.615478515625,84022200,-0.002634042737959863,0.004491561087764273,-0.013972029675583753,365.97509765625,371.5838543701172,0.9849058115741472,0.011333975421388528,0.011624990045543357,42.01925764765712,1.0125746621696128,21.670000076293945,0.010727590322163083,0
2023-01-03,368.4751764259672,370.449987086223,362.2056162807152,365.0719909667969,74850700,-0.004210099243702081,-0.005458527264286639,-0.006392465822488869,365.74022521972654,371.9113323974609,0.9834070472175359,0.01079702780357853,0.011621433980789662,34.522780052973076,0.9077855007211885,22.899999618530273,0.05676047706072218,1
2023-01-04,367.3344711039099,369.9228305563907,364.28597966385496,367.8905029296875,85934100,0.007720427840619992,0.006187848992980527,0.009841548753044105,366.0987579345703,372.1257025146484,0.9838040088621912,0.010696408684035631,0.011295255969554276,34.44053373606167,1.0367697903582114,22.010000228881836,-0.03886460281546322,0
2023-01-05,365.93482035409846,366.0498533403474,363.09723275612134,363.6915893554687,76970500,-0.011413487276189072,0.007221432180285037,-0.0030482976873210665,365.9875549316406,372.16868408203123,0.9833915925364956,0.01139267829098845,0.011136683469226012,33.28791300818615,0.9291880492006523,22.459999084472656,0.02044519995053551,1
2023-01-06,366.787997866155,373.1534294334062,363.7203443233328,372.03179931640625,104189600,0.02293209467867552,0.012100888809888799,0.004789812592081333,366.16490173339844,372.2630041503906,0.9836188330588752,0.012771569340551724,0.012411706956568149,50.216182902537085,1.2293847324083826,21.1299991607666,-0.05921638370081361,0
2023-01-09,374.2271369047477,377.4194487549502,371.6388067821009,371.8209228515625,73978100,-0.0005668237640740204,0.01419864855955777,0.01875398374469106,366.84937744140626,372.4084552001953,0.9850726328009909,0.011694969971451778,0.012261479332898083,54.67889050852334,0.8661385287056839,21.969999313354492,0.03975391320164223,1
2023-01-10,371.2361840133922,374.4955791323068,370.2966990841329,374.428466796875,65358100,0.007012902677220989,0.02562912538236617,0.02003070083842018,367.58465576171875,372.6449896240234,0.9864204967107963,0.011747526665220236,0.012272488406599174,60.88200250890976,0.7724912319519037,20.579999923706055,-0.06326806705012156,1
2023-01-11,376.01025589251583,379.24089274048094,375.1953998041472,379.1641845703125,68881100,0.012647857183376576,0.03064412250614601,0.03702159270171701,368.9382690429687,372.80370849609375,0.9896314350822357,0.01197683946547134,0.012168682175235016,64.14800828615493,0.8172822051269638,21.09000015258789,0.024781352321307182,0
2023-01-12,380.26666054687666,382.011376504994,376.19240927348505,380.5446472167969,90157700,0.003640804439503542,0.04633887160050909,0.05389493679936841,370.8843292236328,373.0436651611328,0.9942115732307977,0.01056660078464319,0.012069101733145111,61.018626880504186,1.091504978726248,18.829999923706055,-0.10715980144763149,0
2023-01-13,377.3427317250366,382.5961292686462,377.07431166109114,382.02093505859375,63903900,0.003879407718894612,0.02685022022456729,0.03927602056391444,372.3280517578125,373.3454022216797,0.9972750422053861,0.009580198876787864,0.01201589189802296,69.8791072601845,0.7949326942083047,18.350000381469727,-0.025491213180093064,0
2023-01-17,382.00173599624947,383.6793685488554,380.6404441382468,381.3210754394531,62677300,-0.0018319928436206778,0.02555034427603542,0.0401117731945444,373.7986114501953,373.817314453125,0.9999499675317153,0.00952259385400118,0.010548803569316884,67.17495685959958,0.8073055801284016,19.360000610351562,0.055040883263509865,0
2023-01-18,382.5097957808304,383.5738800387548,375.0994430292772,375.3007507324219,99632300,-0.015788072296012312,0.0023296410740587525,0.028018473119608034,374.8214874267578,374.2424890136719,1.0015471209979707,0.011187482276901563,0.010842975402091844,60.50373382874691,1.3002354085614538,20.34000015258789,0.0506198094700645,0
2023-01-19,373.2588930285292,374.9077675297641,371.2457571335137,372.5686950683594,86958900,-0.007279643482542286,-0.017394811457277948,0.012716262315599858,375.289306640625,374.5111083984375,1.0020779042990617,0.011460199650650002,0.010790274919060264,62.98224298485093,1.129623977637423,20.520000457763672,0.008849572459461275,1
2023-01-20,373.9682673467044,379.66263388423897,372.3193930419706,379.5092468261719,91806400,0.018628918236243797,-0.002720838141326287,0.04349195288990626,376.87107238769534,374.84983215332034,1.0053921332250944,0.011685838348696988,0.011474911079702067,63.34757891198934,1.179282731372662,19.850000381469727,-0.03265107511439913,1
2023-01-23,380.31458203818664,385.99935386476415,379.3559346776604,384.0628967285156,84178800,0.011998785116372979,0.005345156462717604,0.03233889531544354,378.0741821289063,375.2405029296875,1.007551634690538,0.010164176182149678,0.011317916301325063,68.07705903816586,1.077144987663136,19.809999465942383,-0.0020151594336836887,0
2023-01-24,382.3851829784283,384.5613014945895,381.1964698645628,383.6506042480469,59524900,-0.0010735025017535316,0.006109100594319683,0.031815534493756736,379.2571502685547,375.77313049316405,1.0092716043076795,0.010186467921816529,0.010693822668197578,69.71111194573987,0.781986366943039,19.200000762939453,-0.030792464384042373,0
2023-01-25,379.5763915316237,384.1299659834221,377.2852105542449,383.79443359375,84800300,0.00037489670056700675,0.02263167031974267,0.025014035062552953,380.19374694824216,375.91623962402343,1.01137888410593,0.010125300490082716,0.010676714439417685,67.88864921716132,1.0960745353898014,19.079999923706055,-0.006250043461718424,1
2023-01-26,386.45950819175505,388.1754951278568,383.4876955763573,388.0125122070313,72287400,0.010990463237791959,0.04145226730828333,0.02333640147670102,381.0785797119141,376.07080444335935,1.0133160437060966,0.009953196630384123,0.010740328459333655,77.34424429576262,0.9220362798420173,18.729999542236328,-0.018343835580149404,0
2023-01-27,386.9674741429171,391.2813858949984,386.7565706203697,388.9039306640625,68346200,0.0022973961637493545,0.024754821961409768,0.02196662995630927,381.9145080566406,376.30789672851563,1.0148989999329454,0.009942959482859615,0.010111179878486119,72.78604447199399,0.8731942813901412,18.510000228881836,-0.011745825879941552,0
2023-01-30,386.1431385720955,388.3768032673917,383.7273577965346,384.0245361328125,74202000,-0.01254652922360111,-9.988102477453964e-05,0.005244741558237953,382.1148681640625,376.3830841064453,1.0152285910277417,0.010944641585354109,0.010154925725673107,64.63562459649262,0.9436493127410525,19.940000534057617,0.07725555307905929,1
2023-01-31,384.5421304079371,389.7188190920723,384.1970022260141,389.6708984375,86811800,0.014703129028023287,0.01569212747951454,0.021897092859145317,382.94985046386716,376.6292169189453,1.016782111586107,0.011759003576675833,0.010452668556414633,67.03815593953016,1.1020571200573093,19.399999618530273,-0.02708128891997874,1
2023-02-01,388.45348175657574,396.5636593442866,385.7117643976384,393.8123168945313,101459200,0.010627990115858132,0.026102211037759115,0.04932461799232479,384.80100708007814,376.9812725830078,1.0207430317253983,0.010113418480750674,0.010432637182797739,66.59431854011211,1.266610347461697,17.8700008392334,-0.07886591800937293,1
2023-02-02,397.704397771963,401.01174260046105,395.8062948752539,399.5450134277344,101654500,0.01455692543699283,0.029721982817269677,0.07240629370222673,387.49863891601564,377.413818359375,1.026720856699099,0.009539243824982257,0.010675378356945863,69.5927651363051,1.2567167703376048,18.729999542236328,0.04812527490848306,0
2023-02-03,394.569606006432,399.7271327340284,394.09028239614366,395.2981872558594,94736800,-0.010629155737525209,0.01644173814566119,0.04160357240760293,389.07753295898436,377.7889111328125,1.029880765405005,0.01006751885472653,0.010616320172699848,62.95120343738893,1.1584735684178238,18.329999923706055,-0.021356093342568938,0
2023-02-06,392.8440604283562,394.2820312874674,391.2239442533102,392.88238525390625,60295300,-0.006111340956869826,0.02306584160036662,0.022963656735695892,389.95948181152346,378.014345703125,1.0315996899170055,0.010123490200439539,0.009884457812213867,60.91210484625909,0.7576447349324695,19.43000030517578,0.06001093213574449,1
2023-02-07,391.96206429093394,399.2669510561357,390.71583467034515,398.0207214355469,90990700,0.013078560847974652,0.02142788448284927,0.037456261057285056,391.39649353027346,378.29445068359377,1.0346345097661458,0.01057563079620968,0.010109893905297578,71.8072448672329,1.1312582692863815,18.65999984741211,-0.039629461949033495,0
2023-02-08,396.0459432619734,397.388043561494,392.97826035827575,393.6684875488281,76227500,-0.010934691719118206,-0.00036522307589914593,0.025727454832056962,392.38389892578124,378.4892297363281,1.0367108707403188,0.011535920934945884,0.010564158675409314,69.64127440820334,0.9413516118535405,19.6299991607666,0.05198281464557564,0
2023-02-09,397.27298063541855,397.426367694604,389.0286090516376,390.2556762695313,78694900,-0.008669251888934859,-0.023249788749730493,0.005781164245814541,392.60821533203125,378.7382800292969,1.036621424434999,0.011622639456199381,0.010568329524066642,60.70678219751452,0.965968693712106,20.709999084472656,0.055017828317822426,0
2023-02-10,389.0765392196659,391.5498653830581,388.26171250273467,391.1664123535156,70769700,0.002333690806729738,-0.010452299139103949,0.005817585041091977,392.83446350097654,379.0185235595703,1.0364518858119471,0.011623221115473044,0.010558402490252956,57.6312573110152,0.8791492055573099,20.530000686645508,-0.008691376426090858,1
2023-02-13,391.81836557198494,395.8926170123536,391.3582042890578,395.7583923339844,64913500,0.011739198038094312,0.007320274942383742,0.030554964845042498,394.0078491210937,379.1529937744141,1.0391790532861198,0.011086408645869223,0.01079791365880293,61.93545825170755,0.805894144168191,20.34000015258789,-0.009254774851576553,0
2023-02-14,394.2341337099117,397.8865778364983,391.6170451224685,395.5762634277344,88389300,-0.00046020225920140323,-0.006141534538694482,0.015154749851512328,394.5983856201172,379.28954711914065,1.0403618781937267,0.010329575046383833,0.010777811040647015,61.60537626457111,1.0801045824218338,18.90999984741211,-0.07030483256873721,0
2023-02-15,393.38091503799455,396.9374882356896,392.5373007553342,396.8608093261719,61555700,0.0032472774966492146,0.008109162603338493,0.007740977874130417,394.9032348632812,379.46076049804685,1.0406958399202224,0.009862224604987467,0.009942471992198077,59.25037567358031,0.77011827445925,18.229999542236328,-0.03595982605303094,0
2023-02-16,391.8853732614953,395.8349948045501,391.2622584704852,391.3964538574219,76431500,-0.01376894704727305,0.002923154376113901,-0.02039459709534408,394.08837890625,379.662392578125,1.0379968798862702,0.009539348225980073,0.010386210335469078,52.37837872467067,0.9625670402255206,20.170000076293945,0.10641802428809233,0
2023-02-17,389.2682823043391,390.6583324559055,387.34139205761664,390.4186706542969,89257800,-0.002498191267418015,-0.00191156928510261,-0.012343888130213476,393.6004272460938,379.95440002441404,1.03591490773841,0.009058154390674223,0.009714142075539738,56.59216087763337,1.1259064647116248,20.020000457763672,-0.007436768367024893,0
2023-02-21,386.39237880681736,387.44689668905306,382.3277236123021,382.5865478515625,82655900,-0.02006083056839636,-0.03328253989698349,-0.026205902297426475,392.5708435058594,380.1025518798828,1.0328024412472683,0.010803702099963498,0.010497611046060645,43.01122467043108,1.0436318726034244,22.8700008392334,0.14235765815702117,0
2023-02-22,382.9987206737072,384.54215788611697,380.6021026620575,382.0592651367187,83742300,-0.0013782050566200077,-0.034170397823895304,-0.040102073684153416,390.9746978759766,380.18137512207034,1.0283899303337536,0.009340917365474719,0.010499257877403856,37.51525242190939,1.0414269221363242,22.290000915527344,-0.025360730320178493,1
2023-02-23,384.95435986418846,385.56790810303414,379.8639456708509,384.0915832519531,96242400,0.005319379218580611,-0.03217557837444207,-0.024327332767998477,390.0170074462891,380.3573388671875,1.0253962986697478,0.009422664154435517,0.010570374217890985,32.18389106087858,1.1884239722747503,21.139999389648438,-0.051592708777226104,0
2023-02-24,379.0683237378521,380.8226354035622,377.36193273433554,379.9886169433594,108194400,-0.010682260397001042,-0.029146500438703926,-0.026308545782895765,388.99030151367185,380.34302795410156,1.0227354596351739,0.009591011720805608,0.010504983832523187,32.29100331118815,1.3070339340242287,21.670000076293945,0.025070988739244404,0
2023-02-27,383.33429643374495,384.6955884908984,380.34332149757034,381.2828063964844,80444700,0.003405863742802273,-0.02340017254426341,-0.02526701077826432,388.00194091796874,380.2969635009766,1.0202604231862935,0.00965830976498621,0.010526153462532458,36.225018247289,0.9647556749690092,20.950000762939453,-0.03322562578770549,0
2023-02-28,380.8034546692743,382.7686698141573,379.7680992642455,379.8735656738281,96438600,-0.0036960510650219103,-0.007091159354580823,-0.040137687457429516,386.4134582519531,380.27176391601563,1.0161508029749322,0.008259505907653189,0.010193139827225181,26.355309345332103,1.1413483527047206,20.700000762939453,-0.011933173789771434,0
2023-03-01,379.058688324708,380.2857555557943,377.1126357022291,378.4163818359375,99706800,-0.0038359706217141465,-0.00953486443910112,-0.04337945215191541,384.6974700927734,380.4038830566406,1.0112869169516168,0.008164596990436087,0.009561816522996014,28.50583650224455,1.171091286917471,20.579999923706055,-0.0057971417782864965,1
2023-03-02,376.4416013971857,382.20308082772186,376.1060690029621,381.3594665527344,85127800,0.007777371324460436,-0.007113190755410392,-0.03905989810320942,383.1473358154297,380.6826580810547,1.0064743630476864,0.008741052371460542,0.009392508267562613,37.29472936397586,1.009538206458567,19.59000015258789,-0.04810494532498932,1
2023-03-03,383.1808664410556,387.7248740903768,382.5289933624495,387.4756164550781,90120000,0.01603775555286502,0.01970322051208906,-0.010017559851914326,382.7552520751953,381.14606689453126,1.0042219645443944,0.01000787964334702,0.009531087606434313,45.41120797464821,1.076101075169696,18.489999771118164,-0.05615111653403504,0
2023-03-06,388.3000821585358,390.60085911261217,387.3031100177366,387.74407958984375,72795900,0.0006928516876023583,0.016946143610369058,-0.006850571618336798,382.48779296875,381.6048760986328,1.002313693889721,0.010004296935187805,0.009292913034050127,38.83545913920808,0.8807759637704827,18.610000610351562,0.006490040060511015,0
2023-03-07,387.6961497930768,387.9358116155142,381.1869265041094,381.8004455566406,108310600,-0.015328755088898638,0.005072424240403661,-0.00205470448277989,382.4091827392578,381.8357183837891,1.0015018614756526,0.009050133492557674,0.009779574849724155,33.46372177806958,1.2734857525822894,19.59000015258789,0.052659833965358116,0
2023-03-08,381.91547162159134,383.1808636899206,380.1898891101756,382.4235534667969,74746600,0.0016320250995196517,0.01058931860036827,0.0009534864439102453,382.44561157226565,382.18466613769533,1.0006827731661958,0.009055498148460489,0.009206804036315179,32.39010379520292,0.8873232773763999,19.110000610351562,-0.02450227353229084,0
2023-03-09,383.2096475110798,384.8777136423342,374.3805144113086,375.367919921875,111945300,-0.018449788149710433,-0.01571102111354261,-0.022712456378810142,381.5732452392578,382.3505108642578,0.9979671385210312,0.01054042767300513,0.009730954162983812,31.179727168160355,1.3013235754572974,22.610000610351562,0.1831501773005757,0
2023-03-10,374.82148382483746,376.901761257044,368.4273229667233,369.9515686035156,189253000,-0.014429446500080934,-0.04522619516522308,-0.026414076349397186,380.5695404052734,382.4369812011719,0.9951169973415407,0.010933013474781308,0.010009639081736936,28.236548616050854,2.0671619839590774,24.799999237060547,0.09685973319727981,0
2023-03-13,366.021160366177,374.2463714168759,364.9091258748091,369.4243469238281,157790000,-0.0014251099993376481,-0.04724696940671347,-0.031101479725065273,379.3836944580078,382.6037872314453,0.9915837404623243,0.010742261340217437,0.009946820916950306,33.42994419262959,1.6453064788673943,26.520000457763672,0.06935489006518969,1
2023-03-14,374.3517676052174,377.1797888194533,371.0444227448801,375.5309143066406,149752400,0.01652995378799882,-0.01642096368132684,-0.011431833535151092,378.9494293212891,382.7627313232422,0.9900374260869907,0.012395061275979573,0.010364500584533351,42.793696265419335,1.4953549875905,23.729999542236328,-0.10520365261572151,0
2023-03-15,369.9324213189262,373.38352820078774,367.8425479668376,373.1822204589844,172996900,-0.0062543288932490615,-0.024165177390452874,-0.013831751552506488,378.42601318359374,382.89406616210937,0.9883308377606878,0.012478122121599699,0.01038342721372273,38.04125435726568,1.6574485010504867,26.139999389648438,0.10155920328285806,1
2023-03-16,370.82395451887174,380.0748950855989,370.3158726215868,379.7297668457031,143254200,0.017545172378967466,0.011620190997504443,-0.004273395182143425,378.26304321289064,383.1872216796875,0.9871494189049105,0.013601296859175688,0.011279457162583202,49.73068467436405,1.3207978159392895,22.989999771118164,-0.12050496144149447,0
2023-03-17,378.3979930571189,379.533507168689,373.9040108000652,375.2897338867187,140553400,-0.011692612343421005,0.014429362479400965,-0.03144941784942534,377.04445495605466,383.3352062988281,0.9835894245052215,0.012686106187491848,0.011175903063372083,44.1477229042261,1.2586896064126691,25.510000228881836,0.10961289616581449,1
2023-03-20,376.0691640257984,379.31215983644114,375.3666994576997,378.8983459472656,93055800,0.009615536303575478,0.025645302217698562,-0.02281332999832042,376.1598815917969,383.63934143066405,0.9805039290001519,0.013283634901578927,0.011474019063929112,49.08691194740686,0.8319223718635553,24.149999618530273,-0.05331244994705253,1
2023-03-21,382.2664102459138,384.3546271012109,380.66897882785537,383.87347412109375,91524200,0.013130509085200748,0.022215374278456768,0.005429612742936296,376.3671844482422,383.8761749267578,0.9804390296429616,0.01321290089431018,0.011029824514077944,54.793631866829784,0.8149990340585308,21.3799991607666,-0.11469981372746085,0
2023-03-22,383.70029405624626,387.318544760657,377.29133237000224,377.3298034667969,111746600,-0.01704642569867343,0.011114095957495795,-0.013319655533304497,375.85780944824216,383.9863525390625,0.9788311666884217,0.014327222876480382,0.011686615225131553,46.67084521260664,0.9828198738469435,22.260000228881836,0.041160014156131464,0
2023-03-23,380.1974645439356,384.2391613901428,375.636143615093,378.349853515625,119351300,0.002703338139357747,-0.0036339351048000346,0.00794402887271417,376.1560028076172,384.0647802734375,0.9794076992423267,0.013005875948513669,0.01163188578765465,41.76742429206287,1.0391437757511237,22.610000610351562,0.015723287415586373,1
2023-03-24,377.0699607694,380.9191845780308,374.7219318967555,380.83258056640625,107682400,0.006561987609382536,0.014769513203259255,0.02941199034231423,377.2441040039063,384.09814819335935,0.9821554875448067,0.011910477224449354,0.011490365146253128,44.00449194531307,0.937756371221501,21.739999771118164,-0.038478585393539766,0
2023-03-27,383.11314920669736,383.88301140436573,380.6496489086387,381.5445861816406,74010400,0.0018696026851889869,0.006984037440858293,0.032808447409427455,378.4561279296875,384.11814697265623,0.9852596939572038,0.011820719339563622,0.011472742324057568,49.75589360874498,0.6463332597140936,20.600000381469727,-0.052437874960925224,0
2023-03-28,380.8518079845922,381.5446694300476,378.8502245684134,380.688232421875,62871700,-0.0022444395511824755,-0.008297634283044975,0.013733404944188399,378.97185974121095,384.09149291992185,0.9866707977836461,0.010943725075037219,0.01145205704897712,48.35172734846171,0.5572261893836259,19.969999313354492,-0.030582575555772262,1
2023-03-29,384.8550396292689,386.46210360467114,383.65215710396006,386.2215270996094,77497900,0.01453497693514838,0.02356485904669592,0.03494085710886141,380.2757904052734,384.189501953125,0.9898130700397715,0.011293175524638316,0.011843924869117634,60.616175226546396,0.6936839572600334,19.1200008392334,-0.04256377082360119,1
2023-03-30,388.85822473969705,389.1084336951085,386.6160647001771,388.4829406738281,69840000,0.005855224050304031,0.02678232081774712,0.023051060497139453,381.15110778808594,384.4531457519531,0.9914110783060216,0.01023276209243825,0.011794482669180385,69.3182758124838,0.6294447664470609,19.020000457763672,-0.005230145244791484,1
2023-03-31,389.4066873154856,394.25671700401034,389.3008184014182,393.9584045410156,112062600,0.0140944769870468,0.03446612670346516,0.04974468782013641,383.0179748535156,384.88093994140627,0.9951596327732565,0.009531935184181205,0.011671371971640183,73.18402404882663,1.0000940634201638,18.700000762939453,-0.01682437892337696,0
2023-04-03,393.4387769608017,395.86377728046097,393.04422801384897,395.4596252441406,67391100,0.0038106071245618267,0.03647028307165012,0.04370903033495943,384.6741027832031,385.19994750976565,0.9986348785092989,0.00938904619015705,0.011689340777876686,70.6274819982083,0.6028806831021359,18.549999237060547,-0.008021471644866773,0
2023-04-04,396.10444095509297,396.3931504118375,391.8895354449923,393.2656555175781,66601500,-0.0055478981582709475,0.033038644288234664,0.02446686741767823,385.6133209228516,385.3840026855469,1.000595038288322,0.009300601618066921,0.01116065981446287,70.85442773230031,0.6071440926962347,19.0,0.02425880223436394,0
2023-04-05,392.53424390704595,393.2944738697264,390.5807639021192,392.2359313964844,65200200,-0.002618393207356351,0.015572421200964914,0.03950424215827719,387.1039337158203,385.55570922851564,1.0040155662340018,0.006691686447264509,0.011199210176919565,64.6670054830997,0.5969673146290557,19.079999923706055,0.004210522300318598,0
2023-04-06,391.43713711455257,394.04500709302937,390.38822726994033,393.7659301757813,63743300,0.0039007104062334097,0.013599025719867486,0.040745560007253045,388.6455413818359,385.75513916015626,1.0074928417751543,0.0066785558389816525,0.010191696007756908,73.25592472404561,0.5967973937014358,18.399999618530273,-0.03563942913495044,0
2023-04-10,391.2832175790923,394.2471364215444,390.6673570273508,394.1701354980469,63681000,0.0010265116692171894,0.0005374449550783478,0.03502209530446132,389.979296875,385.87829162597654,1.0106277169201279,0.0066740105783482506,0.009400094211270261,70.90924588563855,0.6334505268036233,18.969999313354492,0.03097824492616752,0
2023-04-11,394.7956849780574,395.6809900883233,393.50619840980073,394.2760314941406,59297900,0.0002686555539270774,-0.002992957243787675,0.0333681718299601,391.25244140625,385.9857336425781,1.013644824936843,0.006735534492181868,0.00936362550132096,66.43374309497477,0.6202336805300602,19.100000381469727,0.0068529822256617745,0
2023-04-12,396.3448996156736,396.6336089865583,392.08189181419215,392.66888427734375,86420400,-0.004076198116092611,-0.0015174761178902152,0.03147103281666963,392.45050659179685,386.15862060546874,1.0162935271947648,0.006925542458951822,0.00895634753100215,78.71038570989562,0.9348897014835923,19.09000015258789,-0.000523572182309362,1
2023-04-13,393.7563125926208,398.2406615136449,392.6111662470231,397.8846130371094,85814800,0.013282765629276883,0.014401234533801821,0.030197917824741127,393.6168151855469,386.3228948974609,1.0188803728291123,0.0067040927672277015,0.009042492288203361,81.6002867210818,0.9742820833347762,17.799999237060547,-0.06757469383008197,0
2023-04-14,397.2495326959301,399.443589174648,394.6031912280039,396.9127197265625,78161500,-0.0024426511574002774,0.007991523160412628,0.021699225809279632,394.4597930908203,386.38490295410156,1.0208985653294997,0.006823835193674052,0.00846538955090932,77.34874247916589,0.9214398045868336,17.06999969482422,-0.04101121199580893,0
2023-04-17,396.8260563212096,398.3561190896004,395.5943060151768,398.3368835449219,66436400,0.0035881032468310092,0.010570937957057991,0.011114064209411634,394.89764099121095,386.3607403564453,1.0220956731444548,0.005455466652560675,0.007804632941667226,77.88447894918208,0.8189936951080227,16.950000762939453,-0.007029814530175482,0
2023-04-18,399.9150951800139,400.0498321097644,397.2206502574761,398.59674072265625,63560000,0.0006523553014268213,0.01095858962600893,0.007932833792018368,395.2113525390625,386.42671142578126,1.0227330069416498,0.005373143072678134,0.007661599780068782,80.3390293181569,0.7980437131080563,16.829999923706055,-0.007079695211328563,0
2023-04-19,396.68174813685937,399.4339289760812,396.62401213094887,398.5293884277344,55227300,-0.00016897352145872624,0.014924798946512219,0.01338467480265626,395.73772583007815,386.53965148925784,1.0237959399647152,0.004916517274967137,0.0072631297015463385,75.59016048101157,0.7095896224478724,16.459999084472656,-0.02198460136130065,0
2023-04-20,395.7098258250606,398.10598763661955,394.80525587274064,396.3545837402344,75840400,-0.005457074812173723,-0.0038454095653412956,0.010500446323431722,396.14959106445315,386.5063287353516,1.0249498174083056,0.005241735639902748,0.006029518761663411,66.42565667474986,0.9974458340383303,17.170000076293945,0.043134935073663616,0
2023-04-21,396.65293468061344,397.12445524947367,394.70908702407195,396.6625671386719,73457400,0.0007770400824715917,-0.0006302458335498695,0.007356240702687256,396.4392547607422,386.56621032714844,1.0255403710149376,0.005145663937575763,0.0060411321642204144,57.19423876331514,0.9961688317764423,16.770000457763672,-0.023296424971048224,0
2023-04-24,396.4604650046347,397.4997719970421,395.122874849699,397.0763549804687,64332100,0.0010431734075178056,-0.0031644786524294144,0.00737300779712724,396.72987670898436,386.7026239013672,1.0259301390470388,0.005145767896985744,0.005965791467113304,54.565353399734775,0.8988395595815957,16.889999389648438,0.0071555711752655515,0
2023-04-25,395.103601057788,395.6617550067555,390.7154878639219,390.7732238769531,97766700,-0.015873851526177152,-0.01962764881498802,-0.008884150537666002,396.3795959472656,386.69476013183595,1.0250451695081872,0.007365589135724589,0.007195579998308717,44.28752084335863,1.3436835874992665,18.760000228881836,0.11071645392595375,0
2023-04-26,391.3891301301037,392.46690824121293,388.55994790481657,389.1180725097656,80447000,-0.004235580295820607,-0.023615111435314695,-0.00904276327907405,396.02451477050784,386.56195373535155,1.024478769686772,0.007373471976765199,0.007259530436999701,43.05323995376347,1.0924513818938952,18.84000015258789,0.004264388205224678,1
2023-04-27,391.6585449994972,397.1340685308111,391.40833604006144,396.8646240234375,92968400,0.01990797154115076,0.0012868282697531264,-0.002563529677325649,395.9225158691406,386.5877209472656,1.024146641023677,0.00892266319627057,0.00785691169013956,55.406398354088196,1.2493653620023517,17.030000686645508,-0.09607215771140842,1
2023-04-28,395.97928167060974,400.26155506482286,395.9215456607,400.2519226074219,89433100,0.008535148710519413,0.009048888819133794,0.008412939961107258,396.2564361572266,386.6555432128906,1.0248306098615785,0.009286832609768538,0.00795926960450931,59.61068823036952,1.1862388069421812,15.779999732971191,-0.07339993560038638,0
2023-05-01,399.8092778572073,401.8782298985706,399.6168049089298,399.8477783203125,62122300,-0.001009724786520949,0.0069795728329886675,0.0037930074713261597,396.40752563476565,386.82456970214844,1.0247733900150036,0.009251434930960421,0.007400660411288964,58.722482913345154,0.8522145646472453,16.079999923706055,0.01901141925294425,0
2023-05-02,399.1356149746384,399.1837478908785,392.4476064659251,395.353759765625,103998500,-0.011239323558495329,0.011721724030186342,-0.00813599466757231,396.0832275390625,386.923271484375,1.023673830781867,0.00995532169278988,0.007827828613658668,53.85471453082528,1.3917402504178291,17.780000686645508,0.10572144098292036,0
2023-05-03,395.8541433677578,398.2695405891648,392.39946868953274,392.6400451660156,91531800,-0.006864016169261022,0.009051166998062188,-0.014777688754531226,395.4942932128906,387.12434143066406,1.0216208357017655,0.010133777022836096,0.007882402835324253,41.88746473713824,1.2048092702544126,18.34000015258789,0.031496031738794894,0
2023-05-04,391.59114772802405,391.91832822239473,388.5213894409254,389.8590087890625,94901900,-0.007082915793210187,-0.017652405405530147,-0.016388292750082023,394.84473571777346,387.28033630371095,1.0195321029883904,0.01021805006165217,0.008020960636681455,39.6673133834613,1.225218704906496,20.09000015258789,0.09541984653435587,1
2023-05-05,393.4965752558722,398.12526506376383,393.23676319139554,397.0763549804687,87891800,0.01851270851435216,-0.007933922231443846,0.0010431734075178056,394.8861145019531,387.54003173828124,1.0189556746711341,0.012051931666223335,0.009023942854913853,48.42142595625922,1.1172989200279388,17.190000534057617,-0.14435040301165503,0
2023-05-08,397.4035003706773,397.6633124121759,395.7772009206819,397.1821594238281,50046800,0.00026645868491614877,-0.006666584237837059,0.00026645868491614877,394.8966949462891,387.88390258789065,1.0180796168946697,0.012048176718430097,0.009023019509158589,48.221642305830095,0.6417669531720607,16.979999542236328,-0.01221646220459538,0
2023-05-09,395.6328415851866,396.55664705489033,395.20942462672946,395.44036865234375,49220100,-0.004385370113328069,0.00021906680935601663,0.01194335868022578,395.3634094238281,388.1670538330078,1.018539326096223,0.01084422092569444,0.009086893412180436,46.27349109541785,0.6352707352004774,17.709999084472656,0.042991729205911655,0
2023-05-10,398.27919887504333,398.914324338217,393.4580365761441,397.28802490234375,96142900,0.004672401698128992,0.011837762840422705,0.02099607540683701,396.18040466308594,388.5153430175781,1.0197291092443703,0.01070943919763084,0.009081464016797833,51.13503700828484,1.2331536716575349,16.940000534057617,-0.0434781812659798,0
2023-05-11,396.4220067951342,396.8838949247763,394.5166301586064,396.59521484375,70157100,-0.0017438483295942886,0.01727856969526176,-0.0006788440273567398,396.15346374511716,388.87891967773436,1.0187064500009702,0.00872007168223127,0.00858719104615211,49.91886095038937,0.9089806033582236,16.93000030517578,-0.0005903322648502796,0
2023-05-12,397.8365674670435,398.04827596600416,393.6505304091499,396.0755310058594,70481500,-0.0013103633590116903,-0.0025204824262541337,-0.010434407346142427,395.73582458496094,389.17324096679687,1.0168628850274009,0.008184437977618468,0.008574847116265067,48.79737964812131,0.9177496730879348,17.030000686645508,0.005906696967935332,0
2023-05-15,396.6818170861844,397.846199230762,394.76683736705866,397.4420471191406,54289400,0.0034501402038416007,0.000654328723348252,-0.006016617652042311,395.49525146484376,389.3725695800781,1.0157244818025284,0.008305580157349729,0.008571803709771855,59.09214973895706,0.7125451128794051,17.1200008392334,0.005284800291198266,0
2023-05-16,396.3353398421656,397.2591747577228,394.77640880213,394.7860412597656,57705500,-0.006682750047779407,-0.0016546803119976694,-0.0014359759881781287,395.4384796142578,389.5134088134766,1.0152114681207767,0.007762595183810764,0.008694960233696905,57.52231242416044,0.7603023000575772,17.989999771118164,0.050817692128321434,1
2023-05-17,396.8068622851723,400.1845361823176,395.1613273420889,399.5783081054687,87287000,0.012138896376403974,0.005764792945087915,0.017670798037218605,396.13230590820314,389.8689660644531,1.0160652434251836,0.008238698404789654,0.009139660719154577,53.907944745048745,1.126268103214297,16.8700008392334,-0.062256750757876844,1
2023-05-18,399.26074988190857,403.850968255046,399.03943829896787,403.4275512695313,97177200,0.009633263583083806,0.0172274807412216,0.0348037166631443,397.48916015625,390.28904602050784,1.0184481583819902,0.007929877120513977,0.009272509399884733,54.513139233808616,1.236855879800822,16.049999237060547,-0.04860708721874096,0
2023-05-19,404.332076360272,404.8613328497813,401.61836671819,402.8404846191406,103793300,-0.0014551972182942352,0.017079958451614585,0.014516426290241968,398.06557312011716,390.83849731445315,1.0184912076351818,0.0059949647796161765,0.009287812032795545,54.23117447721381,1.2960437396796791,16.809999465942383,0.0473520414335562,0
2023-05-22,402.8597493463277,404.54378464321184,401.6183665332245,403.0040893554687,60745400,0.0004061278411049418,0.01399459940548442,0.01465808519719558,398.64776611328125,391.4995477294922,1.0182585610257924,0.00599204135614928,0.009288076583128711,62.32550592955325,0.7602165986685377,17.209999084472656,0.02379533796777844,0
2023-05-23,401.358516825221,402.93671253841774,398.0866827611539,398.4812316894531,86383500,-0.011222857994441338,0.009359982480373619,0.007689814389645111,398.9518524169922,392.0806854248047,1.0175248800760048,0.0070342105372092414,0.00889919133580249,58.89240324022368,1.088827959737182,18.530000686645508,0.07669969043541625,0
2023-05-24,396.8742131296412,397.2591296170941,394.4299479150844,395.5943298339844,89213700,-0.007244762427653262,-0.009970456830786567,-0.00426314150489604,398.78248291015626,392.48195373535157,1.0160530417127231,0.007307300237358043,0.009017282202277021,58.7031845222383,1.1183226833216002,20.030000686645508,0.0809498081174409,1
2023-05-25,399.1067150856023,400.4732023013642,396.86455539773374,399.0201110839844,90961600,0.008659834056361948,-0.010924985593267822,0.006114285169047662,399.0249725341797,392.99871154785154,1.015334047693422,0.007817970529855136,0.008067787051080714,53.33314494023238,1.141669162245956,19.139999389648438,-0.044433413204546524,1
2023-05-26,399.6744966018046,404.90944304818487,399.5975250513779,404.1877136230469,93830000,0.012950732044618274,0.003344323759266521,0.020481403121738184,399.83619079589846,393.4878704833984,1.0161334587129742,0.008676771089736158,0.008360080903690595,60.23611584266316,1.1744301657451026,17.950000762939453,-0.0621733889580256,0
2023-05-30,406.1220078476712,406.6512644109918,402.95601282370507,404.34173583984375,72216000,0.0003810660532361787,0.0033191883648484577,0.017360238481850532,400.5261596679687,394.06891052246095,1.0163860912979577,0.008676546511658901,0.008352446084342,63.63900771168799,0.8982229201324647,17.459999084472656,-0.027298142486906207,0
2023-05-31,402.5133328515,403.41790279671176,400.5309849376734,402.09954833984375,110811800,-0.005545278414910149,0.009080268686808557,0.018525242323007785,401.25751037597655,394.5329345703125,1.0170443965926137,0.008560295452821911,0.008018296479940156,57.28432639015943,1.3724622602232133,17.940000534057617,0.02749149339943724,1
2023-06-01,402.3303889504133,406.97834195434854,401.0794032799664,405.9197998046875,88865000,0.009500760397808117,0.026101157655713525,0.015870460359286964,401.89165954589845,394.9738610839844,1.017514572845222,0.008243456541812038,0.008021790996931585,62.89565069123335,1.1024603294478734,15.649999618530273,-0.12764776183701698,1
2023-06-02,408.49884845924817,412.579016016894,407.9695919690377,411.7899475097656,91426200,0.01446134854200909,0.032002989501181967,0.020728371708672366,402.7278991699219,395.66306396484373,1.017855685426593,0.008882439640841708,0.008224980000474695,68.93099944265444,1.136685279009214,14.600000381469727,-0.06709260464245015,0
2023-06-05,412.1364602082128,413.4259468733951,410.29845201140193,411.0009460449219,65460200,-0.0019160289599469138,0.016856604474200232,0.020257302176310388,403.5439453125,396.3160858154297,1.0182376132480184,0.008904040628445442,0.007393821857361304,66.56475981549391,0.8253639388677771,14.729999542236328,0.008904051874655927,0
2023-06-06,410.5870909976928,412.4250695118066,409.9327006351518,411.8958129882813,64022200,0.0021772868212854846,0.01868240767366558,0.022063606468691876,404.43311767578126,396.9373504638672,1.0188840057584765,0.00888545693384227,0.007385974485535529,71.84274399342368,0.8001826783526153,13.960000038146973,-0.05227423815469123,0
2023-06-07,412.29029915724993,413.4258129527148,410.048110198378,410.4715270996094,85373300,-0.0034578790163920514,0.020820661933919515,0.03008998782532535,405.63214721679685,397.51588928222657,1.020417442807696,0.007860288601194483,0.007347600428740522,65.21491905955808,1.0434647312286887,13.9399995803833,-0.0014326975436259604,1
2023-06-08,410.5389180982335,413.40660011091546,409.7690851631247,412.9543151855469,61952800,0.006048624379578538,0.017329815850924524,0.04388330176230748,407.36814575195314,398.1612109375,1.0231236357574227,0.007014368572482906,0.0073813699631644246,63.834426326859166,0.7733694797006553,13.649999618530273,-0.020803441218256724,0
2023-06-09,413.7530485062901,415.7065283650919,412.70413856902655,413.6953125,85742800,0.001794380848448629,0.004627031334195397,0.036778099670587316,408.8356658935547,398.7106866455078,1.025394301149116,0.006877713372344013,0.007330112768248306,65.69283617358647,1.060032944757941,13.829999923706055,0.013186835912539108,1
2023-06-12,414.676947425857,417.52536518959647,413.9552178684491,417.4483642578125,76104300,0.009072019054633396,0.01568711282768165,0.032808148758160405,410.16173095703124,399.2899951171875,1.0272276690445323,0.006386054777421576,0.0074398380123661,68.91862723936978,0.9376138840819899,15.010000228881836,0.08532178681744873,1
2023-06-13,418.91104452208407,420.845259564123,418.2470510492617,420.2005310058594,95899700,0.006592831554005363,0.02016218120142521,0.03922126696388606,411.7476104736328,399.81483764648436,1.0298457478401524,0.006377914569791214,0.0074904761282398044,79.83088102152078,1.1519680667206615,14.609999656677246,-0.02664893844804339,0
2023-06-14,420.5373521609274,422.5100677032549,417.2462527373111,420.700927734375,100612100,0.0011908522041079728,0.0249210967373219,0.046260632401431856,413.6077484130859,400.31966369628907,1.0331936847520888,0.005578282868678368,0.007164878922761022,86.90242193548491,1.178211723658732,13.880000114440918,-0.0499657467070983,1
2023-06-15,419.8829487810575,427.1676119841462,419.7867416783568,425.9166259765625,110303100,0.01239763903130875,0.031389212594113314,0.049262997718999335,415.60743103027346,400.9726831054688,1.036498117057404,0.005928388587541261,0.007182065975580856,87.55713395702338,1.2745215738778257,14.5,0.044668579282937326,0
2023-06-16,427.904413934663,428.474279953013,423.9926092848296,424.46588134765625,114165800,-0.0034061704578446372,0.02603502752440834,0.030782523746745838,416.8750244140625,401.6172821044922,1.0379907513681161,0.005371500685898354,0.007161176372640604,81.59517662106698,1.3063324383076484,13.539999961853027,-0.06620689918254985,0
2023-06-20,422.5244785007693,423.41307214231983,420.1870344889163,422.263671875,76160400,-0.005188189603518523,0.011535097582065612,0.027403162786995505,418.0012969970703,402.1872369384766,1.0393201439682007,0.005790879609232754,0.007318511311490799,76.24863676183998,0.8854573977885423,13.880000114440918,0.025110794205745357,0
2023-06-21,421.2784731312149,422.08014103507514,419.5108951805997,420.10009765625,76982300,-0.005123751728731363,-0.0002390129050264811,0.019918349274897995,418.8217254638672,402.7058361816406,1.040019010985869,0.006304665009244292,0.007499339023393499,76.4246239530357,0.8866442290261003,13.199999809265137,-0.048991376049651536,0
2023-06-22,419.1438339963334,421.722718296799,418.80576994281824,421.6164855957031,70637200,0.0036095872100794235,0.0021762677497736416,0.027151599466213927,419.93622131347655,403.25264526367187,1.0413725148384232,0.0060153433774045315,0.006813918549847187,74.71427294681571,0.8210093270891223,12.90999984741211,-0.02196969439722829,0
2023-06-23,418.1586622892244,420.2159925909701,417.71436548656794,418.4291076660156,92074500,-0.0075598987197667,-0.017579774664534753,0.013257622645276967,420.48370056152345,403.7678497314453,1.0413996578509066,0.006676318898939113,0.006838804182178158,61.41787081103659,1.0683967342099359,13.4399995803833,0.041053426741707755,0
2023-06-26,417.8592449307871,419.7813378209466,416.4780427984246,416.7195129394531,72823600,-0.004085745220017256,-0.018249684482552153,0.007310212004041361,420.78612060546874,404.14454772949216,1.0411772791924818,0.006887262179042997,0.006860966521769736,59.53280670052741,0.8540037185203575,14.25,0.06026789024599055,1
2023-06-27,417.59844581995696,421.9062646558956,417.1444807996532,421.2881164550781,72813700,0.010963257955930672,-0.0023102991919481397,0.00919814886349446,421.1700958251953,404.6320556640625,1.04087179927945,0.007161678062706562,0.006709703453459844,63.94846400883215,0.8645413004980269,13.739999771118164,-0.03578948974609375,0
2023-06-28,420.2063349514927,422.514803688603,419.58818670737986,421.5006408691406,75636000,0.0005044633488615613,0.003333832152632832,0.0030940224186988274,421.30010681152345,405.0953308105469,1.0400023766468816,0.0068809187382438495,0.006708100685505657,66.99080978108586,0.8962317528573045,13.430000305175781,-0.022561824680231046,0
2023-06-29,421.0852585523664,423.32610840810986,420.679605245235,423.1618957519531,67882300,0.003941286730636984,0.0036654405343437,0.005849685264140758,421.54620361328125,405.5866339111328,1.0393493482471252,0.006973490247414459,0.006470115214488542,66.13357875057159,0.8253480755347847,13.539999961853027,0.008190592269372798,1
2023-06-30,426.3783009507995,429.1407051013052,426.0595438710738,428.155517578125,104964000,0.011800736021607694,0.023245060474790913,0.0052566428850460145,421.7700927734375,406.1791564941406,1.0383843829256705,0.006863016282056594,0.006618415876136354,70.14674068329319,1.2638373690162739,13.59000015258789,0.00369277628328879,0
2023-07-03,427.8078209721531,428.92821645735074,427.5277073626863,428.6481323242187,32793400,0.0011505509700777683,0.028625055977397285,0.009852973254962372,422.1883178710938,406.8250274658203,1.0377638772643214,0.006721296370734291,0.006014166163368847,67.16346432653575,0.4093025995883559,13.569999694824219,-0.0014717040131794201,0
2023-07-05,426.8322751907773,428.7447292814146,426.8226069528998,428.0106506347656,58418400,-0.0014871911047331654,0.01595709424764724,0.01360992939375305,422.7630157470703,407.45198913574217,1.0375774987472874,0.006438564470377452,0.006000122933807348,62.79840371266833,0.732352953897169,14.180000305175781,0.04495214621001242,0
2023-07-06,424.42725571135543,425.0840474287703,422.1477622241082,424.6590576171875,80658300,-0.007830629944856504,0.007493266775429275,0.010852080221766425,423.2189117431641,408.0036431884766,1.037291991894442,0.006789315713296254,0.006393110576579244,55.93186541388598,1.0007245666557898,15.4399995803833,0.0888574928131427,0
2023-07-07,423.6641399688983,427.5373299461191,423.345382918566,423.58685302734375,86134200,-0.002524859815448255,0.0010042427724630265,0.004673364298971139,423.41594848632815,408.65991577148435,1.0361083437483385,0.006814523547642936,0.006357980191713019,46.01336433156407,1.0681596610627913,14.829999923706055,-0.03950775085850766,0
2023-07-10,423.2295437531058,424.8329090465615,422.659677750378,424.6590576171875,62443500,0.002531250869050261,-0.008166331665454996,0.0148889019359153,424.0389434814453,409.3707354736328,1.035831110376861,0.0062109120539569195,0.0062763691632593144,50.33489582782228,0.7741331533570502,15.069999694824219,0.01618339665224955,1
2023-07-11,425.4220646553444,427.85607282742535,424.4465159485543,427.3634643554687,64463800,0.006368418828638589,-0.002997022200433408,0.025542243848710955,425.10333862304685,409.98071228027345,1.0368861897396655,0.006044538074615823,0.006373424767131111,58.68983262023071,0.8098616896568316,14.84000015258789,-0.015262080085862384,1
2023-07-12,431.15943303446664,432.2122392972248,429.729919208418,430.8020324707031,91924500,0.008046003933491086,0.006521757885692203,0.022582920438581677,426.0547302246094,410.5917144775391,1.0376603209510604,0.005650484902707555,0.006314359635334665,67.47629085871202,1.1434883195002732,13.539999961853027,-0.0876010901191373,1
2023-07-13,432.61791761555475,435.0133121303779,432.1832890285731,434.2212829589844,72425200,0.007936941403622111,0.02251741760896775,0.030179413401634658,427.32679443359376,411.2791845703125,1.0390187747528412,0.005879550282242815,0.006377198147902648,69.37929429516794,0.9142770291513128,13.609999656677246,0.005169844536294876,0
2023-07-14,435.1098740968055,435.9598242076378,433.18775178790105,433.9508056640625,69815800,-0.0006229019754138143,0.024467125366730125,0.025495939073005625,428.4056854248047,412.05112548828123,1.0396906085795623,0.005974172285850305,0.006397111978179511,76.21518704185348,0.8988078685823163,13.34000015258789,-0.019838318214570272,0
2023-07-17,433.8058722872245,436.51032563863066,433.7575605810342,435.45751953125,52680200,0.003472084502486039,0.025428544900593764,0.017054555303710695,429.13588562011716,412.90747497558596,1.0393027775665498,0.005047934066554162,0.005893588117052962,81.86571091382979,0.7043291948356608,13.479999542236328,0.010494706750155292,1
2023-07-18,435.12913614001786,439.3403606896483,434.6944781535629,438.6932373046875,80668200,0.007430616370847298,0.026510859945189535,0.023434384108947715,430.14039611816406,413.88415954589846,1.039277262000318,0.005352871187643603,0.005952955420248601,81.00457405412118,1.1032306835444077,13.300000190734863,-0.013353068072256224,0
2023-07-19,439.4853035858035,440.85683741354967,438.61598753921226,439.6688232421875,65891700,0.0022238453993363994,0.020582054176096154,0.027238043235914944,431.30621337890625,414.7360089111328,1.0399536189569785,0.005184673623204555,0.00573030417579632,81.50730822846522,0.9075174219843006,13.760000228881836,0.03458646853760361,0
2023-07-20,438.6739839174844,439.5722457578469,436.0371193951603,436.7518615722656,70591600,-0.006634451923181017,0.005827854857865855,0.02847650070843244,432.51549377441404,415.52740295410155,1.0408832021655836,0.0049217763902432085,0.005838599099651086,72.58414612376062,0.9765461994171705,13.989999771118164,0.016715082733324893,0
2023-07-21,438.47112777830426,438.6739839174844,436.74222281063936,436.7518615722656,71275600,0.0,0.006454777526952116,0.03107983274464865,433.8319946289063,416.3536328125,1.0419796068508844,0.004675571499058637,0.005840766887543608,67.12843544662182,0.9855732783638584,13.600000381469727,-0.02787701186768976,0
2023-07-24,437.9012445599851,439.5142779903244,436.867745334165,438.7029418945313,54023400,0.004467251302013864,0.007452902333102029,0.033070963695312816,435.23638305664065,417.18193115234374,1.0432771665216343,0.004690604208406873,0.00543334246126598,68.93400945217844,0.7671994452426332,13.90999984741211,0.022794077738759633,0
2023-07-25,438.4324765430136,441.156237070321,438.3841648336445,439.9006042480469,55191200,0.0027300075726492956,0.002752189549985795,0.029336012406877554,436.49009704589844,418.0480389404297,1.044114686322202,0.004562828404977005,0.005215675787275357,71.92712906057946,0.7937211250489863,13.859999656677246,-0.003594550056315482,0
2023-07-26,438.9637376866275,441.3977460774992,437.9109314172146,439.96826171875,71052900,0.00015380172259327196,0.0006810546045872279,0.021277126283451908,437.40671997070314,418.9258935546875,1.04411478664926,0.004246360009463716,0.00486516152728668,82.12373785238957,1.0231283814596832,13.1899995803833,-0.04834055504259438,0
2023-07-27,443.35849914141073,443.7641819600167,436.1433699333953,437.0513000488281,92194400,-0.00662993657434896,0.0006856032060964523,0.0065174536599375,437.6897216796875,419.71807861328125,1.04281836780961,0.004517430937378211,0.00524168283217034,76.22271803875373,1.3119158364832373,14.40999984741211,0.09249433706148413,1
2023-07-28,440.3256151682766,442.16078225681895,437.0512660643135,441.33013916015625,80011800,0.009790244556760364,0.01048255998591352,0.017005000105487555,438.4276550292969,420.6489605712891,1.0422649195040499,0.00531828056945466,0.0055215945706883224,78.86279291921686,1.128817052160798,13.329999923706055,-0.07494794830966023,0
2023-07-31,441.80343186125066,442.5278422835043,440.48981896786944,442.17047119140625,62040400,0.0019040893804560532,0.007904048424887344,0.015415858858936371,439.0989501953125,421.5008038330078,1.0417511572985678,0.005283239410638858,0.005029790128263377,77.40433818994327,0.9026037345643426,13.630000114440918,0.022505640844104002,0
2023-08-01,440.7022952345732,441.6488687577706,439.94890960634154,440.9051513671875,55291500,-0.002861610864265507,0.002283577493278788,0.0050420518813782955,439.3201416015625,422.25035583496094,1.0404257463154711,0.005004091652540731,0.005128694883429658,70.33429520134736,0.7914634203948105,13.930000305175781,0.022010285268964536,0
2023-08-02,437.78533196247287,438.0461090832154,434.0184039478584,434.7717895507813,93933400,-0.013910841815722663,-0.01181101597571721,-0.011138005317945177,438.8304382324219,422.88898193359375,1.0376965515297616,0.0067040496343017154,0.006150355338468927,50.99886265098678,1.3112673897524108,16.09000015258789,0.15506100503167586,0
2023-08-03,432.75315569310766,435.4093273640729,432.1060027164115,433.5258483886719,64276100,-0.002865735983921036,-0.008066448171558771,-0.0073863753481906436,438.5078369140625,423.4994171142578,1.035439056568419,0.006459785255717949,0.0058777383765432544,49.25530060185616,0.9076433773103912,15.920000076293945,-0.010565573317698362,0
2023-08-04,435.3416597654818,437.44727217935485,431.0434797536367,431.5650634765625,100128900,-0.004522878899602456,-0.022126464560468295,-0.011875846566586246,437.98915710449216,424.16109375,1.0326009706176456,0.006561137374950991,0.005958130027634469,43.28567518056053,1.4000868754151594,17.100000381469727,0.07412062182919765,1
2023-08-07,433.40023969323573,435.4865451527169,432.7048045400754,435.3320007324219,58357500,0.008728550048778372,-0.015465687793575267,-0.0076838809139324615,437.6520629882813,424.9558471679687,1.0298765528346625,0.007085685164322941,0.006200883955774405,44.30635207660663,0.8183416219213328,15.770000457763672,-0.07777777158106369,0
2023-08-08,432.7917508600607,435.3223827020289,430.07762882885913,433.43890380859375,71361300,-0.004348627991149545,-0.016933908654598206,-0.014689001053996176,437.0058929443359,425.64422302246095,1.026692879422154,0.007053081141878438,0.0061992785359074746,39.76518411859315,0.9958764543983137,15.989999771118164,0.013950495051900047,0
2023-08-09,433.7093468244431,433.87355948928627,429.77820586959297,430.541259765625,78789600,-0.00668524218178701,-0.0097304606389651,-0.021426549988624477,436.0631927490234,426.1712939453125,1.0232110865847766,0.007209452223471612,0.006158580588123456,39.79043985957083,1.1097121290151477,15.960000038146973,-0.0018761559349974588,0
2023-08-10,432.89797658868093,436.2882265207825,429.52706313111736,430.6957702636719,93005500,0.00035887500800968475,-0.006528049332049868,-0.014541839332010253,435.4276397705078,426.69837463378906,1.0204576948393829,0.0070631208981291,0.0058701343670791205,40.09475682874091,1.2912220833122192,15.850000381469727,-0.00689220904851684,0
2023-08-11,428.82196893936987,431.4588333292262,428.22312774254544,430.4446411132813,68690900,-0.0005830778190294428,-0.0025961841170724087,-0.024665204301681842,434.33908996582034,427.2652764892578,1.0165560223725327,0.005895545314839222,0.005870058368430977,35.69752372576414,0.9544007628992646,14.84000015258789,-0.06372241038319659,1
2023-08-14,429.5270522820505,432.8206787109375,429.2179634605814,432.8206787109375,47867400,0.005519960921132494,-0.005768751245622261,-0.021145221333473962,433.40411071777345,427.8032940673828,1.013092037223791,0.00629178486717556,0.005958156274568199,38.219190742521775,0.6673073369526766,14.819999694824219,-0.0013477397276295822,0
2023-08-15,431.0435520209029,431.400952625637,427.20900461725313,427.7789001464844,75707500,-0.011648654540880488,-0.01305836557903628,-0.02977114506374079,432.09148559570315,428.12307312011717,1.0092693263333476,0.006982952926777447,0.0061807289264088966,32.59790018150554,1.0590812254412274,16.459999084472656,0.110661229650443,0
2023-08-16,427.36350074460506,429.0248164729432,424.53347780183,424.6397399902344,80107200,-0.007338277215578115,-0.013707210729590136,-0.023304293894080952,431.0782806396484,428.3958489990234,1.0062615724379511,0.006094199105827593,0.006267846272709136,32.39238932413424,1.1095963073848494,16.780000686645508,0.019441167677507476,0
2023-08-17,426.1078556541094,426.3686327842003,420.8824384802807,421.4040222167969,95711300,-0.007619912760666092,-0.02157380844763479,-0.027961022893858267,429.86609802246096,428.58601318359376,1.002986762982204,0.006321114394054166,0.0063122392710166135,20.86974212182662,1.3030652181341846,17.889999389648438,0.06615009878315026,0
2023-08-18,418.5835707351258,422.64028007485496,418.2358679509757,421.6067810058594,98852000,0.00048115057847786247,-0.02053193201468162,-0.023074811455964683,428.8702697753906,428.80871826171875,1.0001435407235222,0.006368685444675204,0.00632024443112374,19.366611779446018,1.321026100461969,17.299999237060547,-0.03297932770916012,1
2023-08-21,422.6209802870805,425.0936318878785,420.46708574241853,424.3499145507813,68719000,0.006506379091857584,-0.019571070830960546,-0.025226921437348504,427.7720611572266,429.03663024902346,0.9970525381689137,0.0059666747525449326,0.006441010424685483,26.37800281470338,0.9094086388990384,17.1299991607666,-0.009826594438788527,0
2023-08-22,426.12723989880345,426.12723989880345,422.64042472251566,423.20062255859375,64994200,-0.0027083591931535977,-0.010702439008382303,-0.023621048226259878,426.74823303222655,429.2267364501953,0.9942256546307751,0.005933755262115372,0.006361018726446139,30.751884890216388,0.8545724494915761,16.969999313354492,-0.009340330137234454,1
2023-08-23,424.2630351692306,428.5322402058597,424.1181589807745,427.9140625,68441000,0.011137601624755744,0.007710824497586977,-0.006102080128290499,426.4855133056641,429.43605041503906,0.993129274762742,0.0070633233859863755,0.0069918187090134525,41.63055123930305,0.9014403803169339,15.979999542236328,-0.058338232832990555,0
2023-08-24,429.5174382906836,430.0293538199984,421.95457682823127,421.9835815429687,88517300,-0.013859046656199303,0.0013753056345382486,-0.020228173393413096,425.6142944335937,429.4717114257812,0.9910182280006722,0.008192023958208918,0.007450172597240649,37.22302708686021,1.168696566512442,17.200000762939453,0.07634551036616566,1
2023-08-25,423.7124409886771,426.2430431246683,420.15800790417546,424.95843505859375,102325100,0.007049690191138769,0.007949715715525496,-0.012745439321763419,425.065673828125,429.55686157226563,0.9895446024824235,0.008680872667018946,0.007249712141805639,35.868244802255006,1.331389781559258,15.680000305175781,-0.0883721157175057,1
2023-08-28,427.1509825528838,428.2714074691659,424.95844443108183,427.65325927734375,61595400,0.006341383054035532,0.007784483072323489,-0.011938938428228019,424.54893188476564,429.59159423828123,0.9882617294631734,0.008755593968187175,0.007436564378785036,42.286786508223265,0.8016726535218541,15.079999923706055,-0.03826532970612717,1
2023-08-29,427.5470082557006,434.1150135078099,427.3634885979469,433.83489990234375,83081900,0.014454796007975723,0.02512821762750983,0.014156845402579776,425.15453186035154,429.778974609375,0.9892399511790296,0.009164653343324154,0.00825053168627642,54.03743623584618,1.0621143044336314,14.449999809265137,-0.04177719612919528,0
2023-08-30,434.17297483140425,436.25928035352985,433.4678714194492,435.6217956542969,69053900,0.0041188381855754574,0.01801233899457766,0.025862053476942704,426.2527374267578,430.04613708496095,0.9911790867744645,0.008646163378566173,0.00770687373548675,55.806097020551675,0.8970467977367897,13.880000114440918,-0.03944634618325349,0
2023-08-31,436.2399468961714,437.3796788770793,434.8007943012341,434.98431396484375,66084600,-0.001463383365599591,0.03080862145000607,0.03222629835521662,427.6107666015625,430.3438214111328,0.993649136635427,0.008036026382522347,0.007684570464882827,55.30242757621634,0.8574667759618501,13.569999694824219,-0.022334323995730432,0
2023-09-01,437.7080777747482,438.1910180232257,434.3371347964679,435.7956237792969,58944100,0.0018651472901587418,0.025501761646898213,0.033654209117761624,429.02965087890624,430.62740417480467,0.9962897082712139,0.007995702180321867,0.007610511715084956,53.606626398597626,0.7858130482952782,13.09000015258789,-0.03537211149823438,0
2023-09-05,435.35138309753785,435.6701107330132,433.8446116862524,433.9122009277344,55166200,-0.004321803039757821,0.014635552318640332,0.022533965600242345,429.9858795166016,430.93706604003904,0.9977927484117853,0.008249086273519193,0.007426498511858081,58.052245682919946,0.7370157982342733,14.010000228881836,0.07028266352709411,0
2023-09-06,433.1008212089274,433.20708339429626,428.6674331394679,430.9952087402344,70758500,-0.006722540138911159,-0.006545557221764753,0.018418182219383183,430.7653381347656,431.2225799560547,0.9989396616908705,0.008607676302622965,0.007515786438656428,58.392884489832056,0.9457084229309484,14.449999809265137,0.03140610800820931,0
2023-09-07,427.9912839614794,430.3480346831722,427.6435811384425,429.67193603515625,70355400,-0.0030702724258721004,-0.013658314800810256,0.004108005997480513,430.9411254882813,431.39025634765625,0.9989588757447201,0.008061417637868749,0.007395532683154887,61.49924915301566,0.9456508239635737,14.399999618530273,-0.003460220857774976,0
2023-09-08,429.72025057240546,431.8548383334024,429.3628794853081,430.319091796875,61659700,0.0015061625101477905,-0.01072503540517511,0.019753162488994835,431.77467651367186,431.5666253662109,1.0004820834958783,0.006306655997764873,0.0074035210552850375,61.9693685459492,0.8466060693684873,13.84000015258789,-0.03888885283175714,1
2023-09-11,432.94628326819304,433.4581987746905,431.23668532604137,433.1491394042969,60180100,0.006576625721170126,-0.006072764916841611,0.019274130526609756,432.5937469482422,431.7663702392578,1.0019162601953595,0.006266011022806005,0.007546462831480487,62.05997425157652,0.83114693805452,13.800000190734863,-0.0028901706222559387,0
2023-09-12,431.70030728737913,433.2263855290798,430.1935360444676,430.7730407714844,67565400,-0.005485636277796413,-0.00723455148193175,0.007295119179992815,432.9057250976563,431.818720703125,1.0025172701932916,0.006453887538416246,0.007550144111476492,60.04088658827639,0.9206225450835314,14.229999542236328,0.031159372866542467,0
2023-09-13,430.9951854819559,432.4343379531001,429.8940675950137,431.2752990722656,60199300,0.0011659464572846279,0.0006498687835763128,-0.00589994219149792,432.64976501464844,431.87126403808594,1.0018026227753227,0.004339155118941301,0.00705589973258687,55.0172600560667,0.8290135532898036,13.479999542236328,-0.052705553346921175,1
2023-09-14,433.74799281245487,435.6893927060478,432.4440481531944,434.9939575195313,83430800,0.008622470276561378,0.012386244104012345,-0.0014412459179701242,432.58698120117185,432.01093017578125,1.001333417710418,0.005055913578774286,0.007033524004261554,70.79337146781342,1.1463146810409641,12.819999694824219,-0.04896141467543513,0
2023-09-15,433.4072542770486,433.7368084981918,429.3168595859164,429.7530212402344,111848900,-0.012048296737688813,-0.0013154669812043274,-0.01202639395643168,432.06385192871096,432.11280944824216,0.9998867019943387,0.006316349580784772,0.007387540904341708,57.14522207133167,1.5199207377660464,13.789999961853027,0.07566304915127442,0
2023-09-18,429.4428320631367,431.3038771522312,428.96789063501143,430.0050354003906,55752200,0.0005864162616679991,-0.007258710032831406,-0.013287394510044015,431.4847930908203,432.2411730957031,0.9982500972791054,0.006260294131641235,0.007387183775533321,53.77999574239736,0.7804753082055866,14.0,0.015228429204342975,0
2023-09-19,429.0841732913192,429.675454034148,426.42833506959016,429.1132507324219,66514600,-0.002073893546707839,-0.003853049940381492,-0.011059726334157083,431.00489807128906,432.3302569580078,0.9969343832281268,0.006180342393729189,0.00729997505503442,40.85601319125552,0.9325771348910169,14.109999656677246,0.007857118334088975,0
2023-09-20,430.3733429544115,430.7901294710478,424.96470225740006,425.1682739257813,82562600,-0.009193323207584925,-0.014160387018735787,-0.013519720628646259,430.4222045898438,432.2863531494141,0.9956876997249876,0.006472817461821616,0.007592071607944689,31.317256643442988,1.143497015658186,15.140000343322754,0.07299792428826057,0
2023-09-21,422.3185875705255,422.5802845540439,417.98587113932,418.1409606933594,104095800,-0.016528310467607055,-0.03874305961000668,-0.02683669649966014,429.26910705566405,432.0331317138672,0.9936022854376045,0.008073400768045521,0.008014362763926254,25.49433316194741,1.406992996784871,17.540000915527344,0.15852050976095722,0
2023-09-22,419.16842775985725,420.7677463582612,416.78395900410345,417.2007751464844,100829700,-0.002248489469474535,-0.02920804618784334,-0.03048509094870211,427.957275390625,431.6927215576172,0.9913469790421435,0.00794296863888254,0.007443513193999215,23.047129349149373,1.3516007528665135,17.200000762939453,-0.019384272225830057,0
2023-09-25,415.9891521320099,418.9939198820318,415.5529609010411,418.9551696777344,70874500,0.00420515645167252,-0.025697061227125784,-0.032769243743813625,426.5378784179687,431.39280883789064,0.9887459171306068,0.007653319896898515,0.007316890881855447,28.23867692974393,0.9705155634137631,16.899999618530273,-0.017441926226863136,0
2023-09-26,415.91154478605614,416.6191352673673,411.96653779928545,412.8001403808594,96168400,-0.014691379274802907,-0.03801586253446809,-0.0417224354579776,424.74058837890624,430.9396612548828,0.98561498642774,0.008456919914052676,0.007752294540434496,25.80708514443951,1.286424841882955,18.940000534057617,0.12071011606950299,0
2023-09-27,413.97300260416256,414.5352059296986,409.3204343488608,412.9649353027344,104705800,0.00039921236878193156,-0.028702373557574434,-0.04245632385837872,422.9095520019531,430.42509521484374,0.9825392541084546,0.008405981980858124,0.006783751514385497,27.079567025692327,1.3806595086007882,18.219999313354492,-0.03801484690607215,1
2023-09-28,412.4124874162186,417.0359784928409,411.8212066146307,415.3591003417969,92258300,0.005797502001731347,-0.006652924762380663,-0.04513822971173764,420.94606628417966,429.93890075683595,0.979083459401264,0.007959151017860412,0.006878891510573376,30.415094882368933,1.1981948302511976,17.34000015258789,-0.0482985287557941,0
2023-09-29,418.4123916323294,418.5868563011905,412.8292855862936,414.35107421875,115111300,-0.0024268786267530595,-0.006830526445531726,-0.035839066301466715,419.40587158203124,429.49088500976563,0.9765186787898767,0.007525713183442975,0.006875683330602541,24.157634757042615,1.4488688855805505,17.520000457763672,0.010380640345549086,0
2023-10-02,413.517407554199,415.4366073558171,411.4237431106989,414.1862182617187,83798600,-0.00039786540276776083,-0.011382963527300616,-0.036787516043719215,417.82398986816406,429.03957214355466,0.9738588629031218,0.007470859563481453,0.006820120776396338,25.721432815019668,1.0385019891425158,17.610000610351562,0.0051369948765045415,0
2023-10-03,412.00536625897985,414.2444181473067,407.27523825202337,408.6419372558594,103760600,-0.01338596206587439,-0.01007316305940098,-0.04770608561171563,415.7768585205078,428.43835205078125,0.9704473386435472,0.008030102827169216,0.007234884926914782,21.131958846352745,1.248300004120473,19.780000686645508,0.1232254401523627,1
2023-10-04,409.1071941153402,412.3639860114544,407.64356048210016,411.6176452636719,87453000,0.007281944745552105,-0.003262480476883156,-0.03187121310108587,414.4217956542969,427.87269287109376,0.9685633193215972,0.008701349864965216,0.007524559353266625,19.60836592718495,1.041649668726271,18.579999923706055,-0.06066737721347171,0
2023-10-05,411.3268404794052,412.3058303467078,408.23484048426144,411.4625549316406,70142700,-0.0003767825160456706,-0.009381148521724447,-0.015971661208805443,413.753955078125,427.3025787353516,0.9682926705068684,0.0073457848119299505,0.007533589195495978,22.596597881768986,0.8355731267201986,18.489999771118164,-0.004843926423974909,1
2023-10-06,409.0103245008683,417.8890032207543,407.6824051089105,416.3478393554687,113273300,0.011872974503450706,0.004819017642185619,-0.0020444252307925126,413.6686614990234,426.88850952148437,0.9690320827860193,0.00847455036914458,0.008130359116386739,32.032790070797745,1.30911996174111,17.450000762939453,-0.05624656684978524,1
2023-10-09,414.44797038266114,419.5852123041229,413.8954989431742,419.0133361816406,80374400,0.0064020911704461,0.011654462913277763,0.00013883705970485494,413.6744781494141,426.4421734619141,0.9700599609816962,0.008627729664649053,0.008121189619680842,37.30515888785406,0.9181866982513824,17.700000762939453,0.01432664693808805,1
2023-10-10,419.64334789466267,423.79189736248946,419.245936455557,421.1942138671875,78607300,0.005204793015469722,0.030717054386586007,0.02033447342964445,414.5138854980469,426.0226483154297,0.9729855610660829,0.006989813093191952,0.008205173883329434,44.77310603263079,0.8923713366293894,17.030000686645508,-0.03785311002340763,0
2023-10-11,422.2604472219357,423.1715503152822,419.8759785243393,422.9195556640625,62451700,0.004096309351056426,0.02745730298600524,0.024105243594182202,415.5093475341797,425.6629364013672,0.976146410695214,0.006991329366218657,0.008273487854447472,57.303697816237026,0.7080633407491832,16.09000015258789,-0.05519674081955506,0
2023-10-12,423.5302119190894,423.90821868639375,417.9858858829249,420.34124755859375,81154200,-0.006096450426418154,0.021578373342935775,0.011994794896023953,416.0075622558594,425.37432556152345,0.9779799514385377,0.007352779325027672,0.008028654751165498,54.57106433257672,0.9212970896522121,16.690000534057617,0.03729026574143468,0
2023-10-13,421.8436685163455,423.045605313089,416.6773783738098,418.24761962890625,95143100,-0.004980781547962776,0.004562964170484296,0.00940397081750799,416.397216796875,425.06876098632813,0.9795996671942401,0.007535507125522139,0.007697018369579699,48.98020762682416,1.090445270319096,19.31999969482422,0.15757933352966802,1
2023-10-16,420.4963432402705,423.7143850912576,420.25402134631616,422.6481628417969,75433200,0.010521382564699477,0.008674727857780118,0.02043029006515895,417.2434112548828,424.89042297363284,0.9820023909571043,0.008087464791550062,0.008135171208258084,64.95005837332988,0.854906103434037,17.209999084472656,-0.10921328383441054,0
2023-10-17,419.5173488593283,424.6836681484373,419.1684195342952,422.6287536621094,75324700,-4.5922782573981635e-05,0.003405886756493226,0.03422755995181315,418.6420928955078,424.63635803222655,0.9858837684919485,0.006118157374574857,0.008131501047240397,64.73546667460838,0.8494357446240343,17.8799991607666,0.03893086065869911,0
2023-10-18,420.85496751569167,421.81455273319096,415.9115950498216,416.9971923828125,93559800,-0.013325078406282054,-0.014003521951002629,0.01306928208992253,419.1800476074219,424.3075238037109,0.9879156604381565,0.007878127734535783,0.008405710077631672,52.27333367779708,1.0485708092773833,19.219999313354492,0.07494408364001504,0
2023-10-19,417.7144811241096,419.52704410810907,412.6547989345063,413.3332824707031,121323000,-0.008786413863299702,-0.016672085189340713,0.004546531674974208,419.36712036132815,423.9633642578125,0.9891588654021309,0.008504210774943894,0.007806802845348151,48.684489751161045,1.3467258122058827,21.399999618530273,0.11342353709976805,0
2023-10-20,412.89713777676974,413.4399364601398,408.1476049268172,408.2542419433594,123919900,-0.012288002787928742,-0.02389344784415892,-0.0194395086200968,418.55776062011716,423.51453369140626,0.9882960968822363,0.008340297858507486,0.008232966251089466,43.197037731820984,1.3581470090108831,21.709999084472656,0.01448595661066987,0
2023-10-23,406.7227000782813,411.4140774521023,404.9682921283619,407.5466003417969,92035100,-0.0017333355758755165,-0.03573081306791992,-0.02736604028964118,417.4110870361328,423.05657287597654,0.9866554825009213,0.00781767702311688,0.008139985643886466,48.58709378749563,0.9971308750863489,20.3700008392334,-0.06172263020488311,1
2023-10-24,409.66935030950145,411.7727171708306,407.8180076603951,410.6192626953125,78564200,0.007539413531946204,-0.028416171078597396,-0.02510706658285089,416.3535919189453,422.61254455566404,0.9851898560103098,0.008110773834284768,0.007729488596355942,48.715371173895115,0.8593792301463219,18.969999313354492,-0.06872859441333212,0
2023-10-25,408.9326856001944,408.9617630397086,404.2122309968163,404.7259521484375,94223200,-0.01435225056952083,-0.029427632747967558,-0.04301906419781809,414.5342315673828,422.15148559570315,0.9819561122293066,0.00852855752687198,0.008344957685575924,42.44724929945154,1.0366092608683501,20.190000534057617,0.0643121383691494,0
2023-10-26,403.6597920411973,404.5127401955018,398.95874174042217,399.8795471191406,115156800,-0.01197453487618061,-0.032549363726876,-0.04867878315130336,412.4880615234375,421.6562817382812,0.978256649759734,0.008858135780828408,0.008530118589563148,31.520443043913403,1.2511535002985914,20.68000030517578,0.024269428338627552,0
2023-10-27,401.4692254760225,401.86663693380547,396.6421626745101,398.0670166015625,107367700,-0.004532691233238073,-0.024953140213078928,-0.04825037150300859,410.4700012207031,421.1895416259766,0.9745493670999253,0.008859054199879552,0.008550422984722045,26.03679412009096,1.171454499877664,21.270000457763672,0.02852998761514658,1
2023-10-30,400.8586106203213,403.8827834494179,399.55976867860994,402.8262634277344,86562700,0.011955893424185682,-0.01158232435285611,-0.046899291554432065,408.48781127929686,420.8139312744141,0.9707088594767094,0.009143518763418105,0.009098467610025057,30.15714559820232,0.9430358116919938,19.75,-0.07146217325109949,1
2023-10-31,403.39809925222016,405.67593098866274,401.48860153022065,405.3560791015625,79665200,0.006280165678129723,-0.01281767338239903,-0.04086961526133248,406.7605438232422,420.4340545654297,0.9674776327138372,0.009706950536174245,0.008786604803821872,31.350373951703844,0.8794353611940641,18.139999389648438,-0.08151901824564878,1
2023-11-01,406.32535052662286,410.4932751362608,405.7922246289102,409.6790771484375,98068100,0.010664692771986006,0.012238219401812467,-0.017549555172200804,406.0287322998047,420.16362365722654,0.9663586027881528,0.010134690315929586,0.00897218765442867,39.08296097240884,1.0762815469671225,16.8700008392334,-0.0700109478029951,1
2023-11-02,413.4786596174057,417.68539350879695,413.4592845158063,417.5303039550781,94938900,0.019164334340159517,0.044140184120691206,0.010154085485899689,406.4484344482422,419.9559484863281,0.9678358787706858,0.011703065138114914,0.009961154679829982,49.34300081338763,1.0279520330412342,15.65999984741211,-0.07172501076628712,1
2023-11-03,419.8372765845697,422.89052683629586,419.71126445431895,421.3396606445313,100167800,0.009123545413036727,0.05846413561629782,0.03205213162974885,407.75697631835936,419.94307006835936,0.9709815576953887,0.010919564974083746,0.009817938629732877,48.78840403449001,1.092318001615013,14.90999984741211,-0.047892720773170416,0
2023-11-06,422.09559347526306,422.7547018208165,420.360560713014,422.308837890625,67831700,0.002300227907838348,0.04836470764619283,0.036222207562147446,409.2332000732422,419.890078125,0.9746198383649701,0.010790262201447432,0.00973375867234447,49.708896929574884,0.7447901543471108,14.890000343322754,-0.0013413483765277734,0
2023-11-07,422.308896123232,424.1505365569555,421.1651439105342,423.51080322265625,64256100,0.002846176125593125,0.044787102148146296,0.03139536231866824,410.52235412597656,419.80722900390623,0.9778830038254456,0.010702403101958705,0.00968712687868588,56.44665751690209,0.7111330339406239,14.8100004196167,-0.005372728130387805,0
2023-11-08,424.11175832141294,424.6351818841711,421.5140747704494,423.8209838867187,61746000,0.0007324031918480856,0.034519475187055226,0.04718015149984223,412.4318572998047,419.60695068359377,0.9829004420157961,0.008867593608744685,0.009647208600922276,61.117966045107075,0.6836202934675877,14.449999809265137,-0.02430794059092134,0
2023-11-09,424.9647429571584,425.0035227425126,420.0892276547656,420.5157165527344,83174400,-0.007798734512087679,0.0071501698664186986,0.05160596380150784,414.49547424316404,419.3048291015625,0.9885301705952125,0.008058878889802503,0.00971251380862004,63.5062706820905,0.919835953387122,15.289999961853027,0.058131499216304006,1
2023-11-10,422.59001262842264,427.3879684336076,420.5060206531149,427.0777893066406,89462200,0.015604821640675448,0.013618771737110125,0.07287911707117378,417.39655151367185,419.1466986083984,0.9958244998695273,0.007906281352097951,0.010226749665296521,69.056225569247,0.9924912109387459,14.170000076293945,-0.07325048321473948,0
2023-11-13,425.7402075090933,427.7756878254619,424.95508691156584,426.6707153320313,52236100,-0.0009531611917121818,0.010328643518789038,0.05919289298914965,419.78099670410154,418.9642004394531,1.0019495609977933,0.008075108299851684,0.009989184413352706,66.52042540627818,0.5870598043272595,14.760000228881836,0.04163727236494141,1
2023-11-14,432.61240832792026,436.2375341476565,432.3894615518305,434.9483947753906,97176900,0.019400627101669565,0.027006611084537502,0.07300326108200217,422.7402282714844,418.98492431640625,1.0089628617573894,0.00915600255198936,0.010841197719336776,79.65019601549935,1.0788827445307794,14.15999984741211,-0.04065043171853533,0
2023-11-15,436.28601873814944,437.51703289700214,435.01625437389265,435.8692321777344,77327600,0.0021171187511090928,0.02842768232126036,0.06392846618282988,425.35924377441404,419.08240478515626,1.014977577005352,0.009186055901722584,0.01026485647463202,88.25480670668273,0.8663168727645407,14.180000305175781,0.0014124617216946245,0
2023-11-16,435.4233538600023,436.72219562577186,434.3571316402488,436.40234375,66665800,0.0012230998035855922,0.03777891425200375,0.04519920977269298,427.24644775390624,419.2170129394531,1.0191534087754515,0.008068371474233386,0.009936403762341391,91.88736775274386,0.770459549654375,14.319999694824219,0.009873017393189798,0
2023-11-17,436.4120339907247,437.55581582516845,435.4912285306581,436.9451599121094,83133200,0.0012438433704204943,0.023104387192526277,0.03703781230493708,428.80699768066404,419.3495343017578,1.0225526979412378,0.007946120601025619,0.009297563209975863,91.06398295746735,0.9839647613799761,13.800000190734863,-0.03631281530524766,1
2023-11-20,436.69314036041027,441.1518692274426,436.6834380187307,440.30859375,69936200,0.007697610928033116,0.031963474238806855,0.042622257088630544,430.6069732666016,419.4927233886719,1.0264944998047845,0.008025528476486934,0.009260319841639934,91.239766789379,0.8387341118769477,13.40999984741211,-0.028260894053073637,0
2023-11-21,439.2617056622207,440.1825406267048,438.0791737195552,439.3489379882813,49244600,-0.002179507225933408,0.01011739154748037,0.03739723909073067,432.19078674316404,419.6642413330078,1.0298489701442453,0.008274028172399453,0.009314911114336757,88.02477460212205,0.601151945638674,13.350000381469727,-0.004474233156233853,0
2023-11-22,441.00647684513626,442.3634735504526,439.9499569252717,441.0452270507813,59394900,0.003860915358683048,0.011875109530411487,0.04064037369293261,433.9132110595703,419.8596398925781,1.033472069786436,0.008207863748444764,0.008322579442804606,85.78164631320503,0.7408097558803549,12.850000381469727,-0.03745318245039286,0
2023-11-24,441.0936721606339,441.5104586886624,440.7641179584505,441.3165893554687,29737400,0.0006152709247120303,0.011260813961814886,0.049465149538889586,435.99329833984376,419.98609252929685,1.038113656845507,0.007235125737391107,0.007454616339016696,84.0659958284245,0.39177297050543985,12.460000038146973,-0.0303502203692656,0
2023-11-27,440.68658238826873,441.5007803874619,440.13408138085987,440.5218200683594,50506000,-0.0018009050787555214,0.008185604246009781,0.03147911480844057,437.33770141601565,420.2014685058594,1.0407809924393858,0.006410500001782577,0.007294680045699628,81.2438420937462,0.6912797818936051,12.6899995803833,0.018459032225695893,0
2023-11-28,440.13407696271906,442.25681906014256,439.5719031999821,440.9579772949219,62115000,0.0009900922194836514,0.0014748373166901807,0.03348545248007562,438.7664276123047,420.42052734375,1.043637023112229,0.006301755943821529,0.007163571425798663,80.73773708868744,0.8646393010613077,12.6899995803833,0.0,0
2023-11-29,443.10979527762873,444.2438747206066,440.2504147680835,440.6477966308594,63146000,-0.0007034245439108133,0.002956325895597578,0.013103627749705637,439.33636779785155,420.6512182617187,1.0444195778472878,0.002876441507978321,0.00724488005796213,79.6448091838638,0.8892143993701457,12.979999542236328,0.02285263762351275,0
2023-11-30,441.4911150141487,442.7318019261051,439.41682540648986,442.3828430175781,79752700,0.003937490213237638,0.003032831747758147,0.014943956487361465,439.98772888183595,420.99550964355467,1.0451126408791425,0.0029888532851423616,0.007083678858381506,90.78092168017845,1.137739982788253,12.920000076293945,-0.004622455166284678,1
2023-12-01,441.77216442546705,445.53300475365734,441.1809132340256,444.9999084472656,89183400,0.00591583844399568,0.008346205831909259,0.019701004864884242,440.8474853515625,421.53268859863283,1.045820400826187,0.003295255628623397,0.0061340860343164,89.19034348740676,1.2775216051637523,12.630000114440918,-0.022445817348339614,0
2023-12-04,441.6074205334664,445.01930211338146,440.3861087358581,442.6639404296875,72430900,-0.00524936741162263,0.0048626884384426194,0.013088096727581267,441.4193634033203,422.04195190429687,1.0459134723730439,0.004013099790710588,0.0062455742607035,82.25172377292748,1.058577576162234,13.079999923706055,0.03562943825713938,0
2023-12-05,441.2778489374918,443.5362758597069,440.8998126034742,442.5766906738281,69793500,-0.00019710156597507744,0.0036709016782876525,0.0051511529777588105,441.64617309570315,422.51438232421873,1.0452808036172447,0.0033359426678936065,0.006274465951754985,72.97133866835301,1.0185717666328158,12.850000381469727,-0.01758406296467019,0
2023-12-06,444.718815610949,444.7478930540511,440.3570216637853,440.793212890625,69124700,-0.004029759860348148,0.0003300056436852383,0.0032873071435128853,441.7906005859375,423.0742437744141,1.044238941715164,0.003546881170629406,0.0064330935959776925,64.09543195100875,1.0052399952737154,12.970000267028809,0.009338512217643702,1
2023-12-07,442.8771496276889,444.8060222628319,442.2761961180648,444.1566162109375,66995400,0.007630342804636259,0.00400958857549738,0.007054580730782911,442.10173950195315,423.6980773925781,1.0434357932956186,0.004117721046716579,0.006544300016010092,69.10213385296403,0.9705702180072115,13.0600004196167,0.00693910182998847,0
2023-12-08,443.4102939900714,446.5992584533756,443.167972091833,446.066162109375,83194400,0.004299262532049264,0.0023960761381498497,0.010762280114697154,442.5766967773437,424.31221862792967,1.0430449026626543,0.004270194464312245,0.006099270054264112,71.05144159589132,1.2052295707623495,12.350000381469727,-0.05436447284339452,0
2023-12-11,445.5717979195869,447.97564170163525,445.358553474564,447.8011474609375,65002200,0.003889524691489843,0.011605207838396359,0.01652432878682042,443.30462951660155,424.9812200927734,1.0431158097287878,0.004222628657791528,0.0053370220265495285,68.69851579255237,0.9586660068318127,12.630000114440918,0.022672042455262664,0
2023-12-12,447.45223299144266,449.94330918636626,446.4538679612237,449.8463745117187,68327600,0.004567266212643251,0.016425817244966945,0.020157016483346446,444.19346923828124,425.6944232177734,1.0434561624760685,0.0043112632492692095,0.005297880292453939,74.85102964380046,0.9958924007811172,12.069999694824219,-0.044338908514846676,1
2023-12-13,450.22434675999136,456.3017983886153,449.86571511357835,456.0497741699219,93278000,0.013790040355302624,0.03461160660629892,0.034953034275501116,445.7336669921875,426.6425799560547,1.0447472613682844,0.00555577060556341,0.004444714706557659,79.27392283390877,1.3634249184839904,12.1899995803833,0.009941995740939458,0
2023-12-14,457.98836917003774,459.1806035101216,454.838184620191,457.513427734375,119026000,0.0032094162684701555,0.030072301156703007,0.03420246728735732,447.24672546386716,427.56049560546876,1.0460431449133782,0.005553520440481198,0.004448012736204151,80.1953024548214,1.688326545213615,12.479999542236328,0.023789989486111995,0
2023-12-15,456.9158501916579,458.09346468799856,454.911024624647,456.7601318359375,141553700,-0.0016465000867140756,0.023973954168575506,0.026427473726245765,448.42274780273436,428.46644714355466,1.0465761106668254,0.005683593784965931,0.00453461885026735,80.31950476533449,1.9066065996900212,12.279999732971191,-0.016025626330215204,1
2023-12-18,458.3659310388596,460.31236579340026,457.30512766166345,459.3294067382813,70375300,0.005624998162638839,0.025744148586286153,0.03764812261964878,450.08929443359375,429.3260784912109,1.0483623450393496,0.005009654524424213,0.0045868402155000805,81.77153647793236,0.9561095616050861,12.5600004196167,0.022801359343169958,1
2023-12-19,459.8744287176748,462.2004326198957,459.796584391768,462.12255859375,55761800,0.006080934106315938,0.027289725509861862,0.04416379879871912,452.04388122558595,430.1882629394531,1.0508047758829926,0.004856120841950785,0.004504126865192541,84.20120477125968,0.7649377359273525,12.529999732971191,-0.0023885896212750835,0
2023-12-20,461.26613266046417,463.15417688283,455.2905929826461,455.71881103515625,102921000,-0.013857249423357532,-0.000725717133328363,0.03386077123704445,453.53644104003905,430.8787548828125,1.0525848301882252,0.007177873042677532,0.00572469308574971,68.48959192774643,1.3617312129854866,13.670000076293945,0.09098167339325469,1
2023-12-21,458.7065536605437,460.31238616429494,456.28325178797456,460.0398864746094,86667500,0.009481889566151258,0.0055221521098201,0.03576051708780281,455.12476806640626,431.62116149902346,1.0544542498466818,0.007322720084486885,0.005961866907917255,69.91129347653938,1.1263619778509546,13.649999618530273,-0.0014630912693524012,0
2023-12-22,461.1687838422537,462.6480933014032,459.0666603902041,460.96441650390625,67160400,0.0020096736315229347,0.009204578891484516,0.033399203212545414,456.6145935058594,432.4336248779297,1.0559183357555872,0.007332268012526965,0.005951396928352302,75.16842746748547,0.8521187541453472,13.029999732971191,-0.045421238306660006,0
2023-12-26,461.373187704544,463.8159432234597,461.2953136791012,462.9108581542969,55387000,0.004222542089372228,0.0077971306941735374,0.03374200977159725,458.1255645751953,433.3268896484375,1.0572285623605708,0.007335922666091036,0.005890524862735892,76.60480931709358,0.7005707386779568,12.989999771118164,-0.003069835968746104,0
2023-12-27,462.70651395388256,463.893840449239,462.1712562282074,463.7478637695313,68000300,0.0018081356280379435,0.003517043575468781,0.030902748239111322,459.5157135009766,434.14888366699216,1.0584288726478488,0.007336868888457812,0.005882335572241618,80.7961206070641,0.8569224346218324,12.430000305175781,-0.04311004432713539,0
2023-12-28,464.1079178321579,464.7599568571368,463.5045277970175,463.9230041503906,77158100,0.00037766293829522013,0.018002752830410307,0.017263970790905914,460.30303649902345,434.97476867675783,1.0582292805150908,0.006314631078586844,0.005855877659704954,78.99957824005216,0.9638173001595971,12.470000267028809,0.0032180177691847334,0
2023-12-29,463.7283148554509,464.2538605283432,460.6237492048473,462.5799255371094,122283100,-0.0028950463789587655,0.005521345294567714,0.011073987112955042,460.8096862792969,435.88642333984376,1.057178341891189,0.006449470863737306,0.005971489387390606,74.63710643087197,1.487968996321118,12.449999809265137,-0.001603885913022296,0
2024-01-02,459.51431341639926,460.9838811377681,457.8890273530107,459.9911804199219,123623700,-0.005596319628833113,-0.0021113041465666837,0.007073841079336951,461.13279113769534,436.8195812988281,1.0556596152731408,0.006751641368465025,0.00615181750312292,67.7346884953599,1.4734081155159342,13.199999809265137,0.06024096477831753,0
2024-01-03,457.8307109473718,458.5703657668783,455.6312595476549,456.2346496582031,103585900,-0.00816652779796656,-0.014422233521833805,-0.006737554867331852,460.8233154296875,437.779189453125,1.052638696703124,0.007042020962615486,0.006355857481630137,58.85315913279808,1.212084158173707,14.039999961853027,0.06363637611557316,0
2024-01-04,455.75774684908487,458.346508982876,454.5412249647981,454.76507568359375,84232200,-0.0032210924262555674,-0.01936998267317458,-0.015921064170823507,460.0875671386719,438.72355895996094,1.048695830762671,0.006657485210860925,0.006434591135374114,47.95072829783443,0.977365409373772,14.130000114440918,0.006410267295756666,0
2024-01-05,454.9694028721213,457.8404061456365,453.93779478135224,455.3879089355469,86118900,0.0013695714232604406,-0.018397654650634476,-0.0007261102495588201,460.0544769287109,439.61893188476563,1.0464846792569478,0.005096765187968219,0.006307737524089551,46.51604841686767,0.9895013507865585,13.350000381469727,-0.05520167916870922,1
2024-01-08,455.884242835596,462.0349842457667,455.7577198150965,461.8890075683594,74879100,0.01427595793662717,-0.0014936185740177521,0.004019479936664183,460.23938903808596,440.76219299316404,1.044189806554538,0.006200143206049234,0.006795586323779305,57.07387662227789,0.8564775496212204,13.079999923706055,-0.020224752812624813,0
2024-01-09,459.2320864754785,462.21012932199153,458.72602412321226,461.1882629394531,65931400,-0.001517127745895852,0.002602403199205794,0.00048560458797353157,460.26177368164065,441.9883673095703,1.0413436364474986,0.006199880449092119,0.006815590953371561,52.70310690210654,0.7616521759823927,12.760000228881836,-0.02446480861549971,1
2024-01-10,461.4607928330298,464.66268658164086,461.1785514545196,463.7965087890625,67310600,0.005655490521344397,0.016574495463079097,0.0019132206971701482,460.3503387451172,443.30295715332034,1.0384553753064654,0.006321985705723724,0.006856895210898382,52.44738208822568,0.7765495434423162,12.6899995803833,-0.00548594414129322,0
2024-01-11,464.7989126874992,465.3147167416708,459.6116768106503,463.5921325683594,77940700,-0.00044065924781699906,0.019410146813708007,-0.0003358100669318409,460.334765625,444.5182745361328,1.0355811942835693,0.006298738504688175,0.006841123992981844,64.05979389308817,0.8942282809831856,12.4399995803833,-0.019700552266877946,0
2024-01-12,465.0422048054499,465.7818595429952,462.502121615046,463.9132690429687,58026400,0.0006927133832712595,0.018721094566058083,-2.0984317084637993e-05,460.3337921142578,445.6894183349609,1.0328578000213835,0.006301712455997356,0.0062026701671065165,58.06972145750007,0.6794886785162808,12.699999809265137,0.020900340647264315,0
2024-01-16,462.531322425016,463.8451421871986,460.39023221216354,462.2101440429687,85014900,-0.003671214241216858,0.0006952676278224601,-0.000799389410838236,460.29681396484375,446.74003967285154,1.030346002346062,0.0063461699839242715,0.0062568654424708485,52.513769693864376,1.0157509385088521,13.84000015258789,0.08976380790896399,0
2024-01-17,459.18345575970955,460.1274778564824,457.28566988777015,459.640869140625,68843900,-0.005558672684831567,-0.0033552323924411764,-0.0007615608607475233,460.26178283691405,447.5822509765625,1.0283289425188031,0.006342532182198335,0.006388244572654401,43.56324421478317,0.8598919000748303,14.789999961853027,0.06864160395890595,1
2024-01-18,461.3147724636552,464.2830735453687,459.7673604180853,463.7283325195313,91856200,0.00889273268181845,-0.00014699608177126677,0.01642506299541746,461.0111511230469,448.4300244140625,1.0280559418951116,0.006212177212800866,0.006569901317277863,49.9659156753809,1.1321380972280142,14.130000114440918,-0.04462473624843866,1
2024-01-19,464.8572992191645,469.7915187143467,463.7770421286305,469.50927734375,110834500,0.01246623166803218,0.012763686783485495,0.032421578631545156,462.4855712890625,449.374033203125,1.029177338068421,0.006799055412957226,0.0069968033341817094,58.15343609442525,1.3212075177148221,13.300000190734863,-0.058740263056175857,0
2024-01-22,471.0469219275605,472.2245065621204,469.8498539385585,470.5019226074219,75844900,0.00211421863543948,0.01420233910973323,0.033189317009323815,463.99697265625,450.3138555908203,1.0303857340731326,0.00678063268220897,0.00608606143579991,61.68203942915572,0.9189424339266554,13.1899995803833,-0.00827072246421412,0
2024-01-23,471.0469649925702,472.1174803762762,469.956966252641,471.8741760253906,49945300,0.0029165734549265743,0.020908307848655827,0.02161811234607791,464.9954895019531,451.27491943359377,1.0304040164376527,0.005581312084566366,0.005810217001337386,68.17513914379661,0.618909495330635,12.550000190734863,-0.04852156254805884,0
2024-01-24,474.745184157241,475.6794645582401,471.8936642634199,472.3900146484375,81765000,0.0010931698517426813,0.027737188670035273,0.024288891563693182,466.11566467285155,452.3124053955078,1.0305170919760072,0.005449983154548381,0.00580782888991335,77.42887845944531,1.004124999286189,13.140000343322754,0.04701196363514493,1
2024-01-25,474.52132983790426,475.23178923650255,472.3900110425858,474.9592895507813,72525000,0.005438884867742022,0.024218828662527336,0.024068272507837607,467.23194274902346,453.2700354003906,1.030802625936435,0.0054360904563758,0.005846931374326916,83.05189213596303,0.8813770944403,13.449999809265137,0.02359204397585213,0
2024-01-26,474.53109852869903,476.0201200569098,473.509232074134,474.3559265136719,76641600,-0.0012703468494743575,0.010322797447883891,0.023218241184723487,468.3083221435547,454.22373962402344,1.0310080281827398,0.005490230533919004,0.005873360146810631,81.06477409036385,0.9265399930148274,13.260000228881836,-0.014126363054103419,1
2024-01-29,474.66734997690736,478.2585246858996,474.1223505896568,478.1125183105469,61322800,0.007919352509168531,0.016175482686550335,0.03060755148666172,469.7282470703125,455.08702209472654,1.032172363228891,0.005724118712005863,0.006060430920817141,79.19443626794133,0.7485117264839419,13.600000381469727,0.02564103670581619,0
2024-01-30,477.421527922976,478.4531359964777,476.983568210537,477.7427062988281,58618400,-0.0007734832232075828,0.012436642163528244,0.03360497915514271,471.28150329589846,455.92449157714844,1.0336832348392309,0.005411783668945413,0.005997232902554608,80.14904004339591,0.744426144421344,13.3100004196167,-0.02132352600873144,0
2024-01-31,475.5334936248827,475.98116532447904,469.9277517507619,469.9472351074219,126011100,-0.016317300271938007,-0.005171107485905657,0.022422649200160016,472.3121398925781,456.5953894042969,1.0344216145256881,0.007880268865652495,0.007061865801075518,59.42161501646879,1.5978595133500815,14.350000381469727,0.07813673396435372,1
2024-02-01,471.650290338421,476.1270957207173,470.8425033721449,476.097900390625,91891600,0.013087991212028749,0.0023972809141612483,0.026674168912404594,473.5490966796875,457.37844421386717,1.0353550821434407,0.008369791091541876,0.007192834453899042,66.2042774430245,1.173917611938773,13.880000114440918,-0.03275263097802583,1
2024-02-02,476.5358520934283,482.7644369660315,476.19522009331433,481.1099853515625,99228200,0.010527425046036099,0.014238377683041259,0.02470815501973367,474.70916748046875,458.19447204589846,1.0360429827117512,0.00813680336994145,0.0073077884605187455,69.86736334405148,1.2556156858006118,13.850000381469727,-0.0021613640290952807,0
2024-02-05,480.4774696836803,481.1392504253947,477.1004039249224,479.3582458496094,75757100,-0.003641037507615019,0.002605511237113056,0.018823139325568894,475.5947998046875,458.994658203125,1.0361663067421063,0.008365378518462347,0.007445623619304964,69.78897033498085,0.964942621227627,13.670000076293945,-0.012996411568089838,0
2024-02-06,480.30226806860526,481.08085985334736,478.8716372206463,480.7499694824219,55918600,0.0029033059196590383,0.006294733847203249,0.018809661363103913,476.4823791503906,459.7887530517578,1.0363071649487556,0.008365200094452348,0.006922434827721196,75.04052732218473,0.7209590439369269,13.0600004196167,-0.04462323725477424,1
2024-02-07,482.9981222525648,485.1781199523761,482.0930074037672,484.7596435546875,70556500,0.008340456217984737,0.03151930119107904,0.026185204010833685,477.71934204101564,460.65761413574216,1.037037763800526,0.008598525567280656,0.007007303359356626,74.99437842825196,0.9069813972821217,12.829999923706055,-0.0176110634395672,0
2024-02-08,484.7595848352,485.3532331832338,483.94208579679537,484.97369384765625,52343600,0.00044155963850278646,0.01864279058939111,0.021084763509619187,478.7207824707031,461.5466516113281,1.0372099565654254,0.008561731274238057,0.006981405625839037,71.18112158314392,0.679396007349796,12.789999961853027,-0.0031176899525243718,1
2024-02-09,485.4797722645157,488.2145108276318,485.13914022884614,487.7765808105469,63979400,0.005779461852153833,0.013856697349802216,0.028292371923149595,480.06284790039064,462.48302368164065,1.0380118259883446,0.008541604978094438,0.006993390563014611,72.54269147444877,0.8380162745386971,12.930000305175781,0.010946078478523358,0
2024-02-12,487.7473831666172,490.01496666720067,486.84226840178366,487.5624694824219,56502300,-0.00043895368606916563,0.017115015135019673,0.01976511973639017,481.0078430175781,463.4213171386719,1.0379493243588613,0.008395604797419503,0.007013919427610463,71.11065482888041,0.7408190201015353,13.930000305175781,0.07733951866959421,0
2024-02-13,481.2851887040555,483.7766228154562,477.57723287028176,480.84722900390625,113099200,-0.0137730873453904,0.00020230790984565594,0.0064983152314967985,481.31829528808595,464.19060485839844,1.036897968744784,0.009765809043105084,0.007802112565021943,59.75306747602608,1.4560705180841118,15.850000381469727,0.13783201968635694,1
2024-02-14,483.48468469887587,485.703619202311,481.1586808363787,485.2170104980469,68387800,0.009087671157412824,0.0009434922016311464,0.03249253160758481,482.84527282714845,464.99494689941406,1.0383882148542911,0.007993196388633389,0.007741700335221349,61.35779216346968,0.8807021066121684,14.380000114440918,-0.09274449411038432,1
2024-02-15,485.9177581862181,488.7498245837148,485.4408614304675,488.5649108886719,61683000,0.00689980012693403,0.007404972860535652,0.026185812808285913,484.09197387695315,465.91296630859375,1.0390180331584047,0.007359778647631158,0.007670835935312931,64.83138851867048,0.8100963459510516,14.010000228881836,-0.02573017264356725,0
2024-02-16,488.263184432494,489.4018321652925,485.39218120492103,486.1318359375,75532900,-0.004980044405453188,-0.0033719225927447694,0.010438051046202768,484.5941589355469,466.7840692138672,1.038154879089328,0.007137184113716633,0.007484326354199407,58.608442122160156,1.0155313322007808,14.239999771118164,0.016416812168366768,0
2024-02-20,484.3897857981468,485.0613082082835,481.20737545898015,483.45550537109375,71736700,-0.005505359592928083,-0.008423462363064793,0.008547385086121517,485.00388488769534,467.63731506347654,1.0371368350317842,0.007296257263835212,0.007657687341022999,55.84313186898939,0.9671628783816277,15.420000076293945,0.082865191302115,0
2024-02-21,482.1513947924328,484.0491509708409,480.3411949189208,483.8934326171875,59293400,0.0009058274054767335,0.0063350757361990695,0.006538665281975664,485.3182312011719,468.4320513916016,1.0360483014759674,0.007261834673688551,0.007649741356172054,66.7916455694342,0.7943948335276222,15.34000015258789,-0.005188062471480959,1
2024-02-22,490.51131764803023,494.8713126484984,489.54781221335594,493.9078369140625,76402500,0.020695474709609307,0.017911215452020013,0.018871606745751945,486.23305053710936,469.3888848876953,1.0358853100099379,0.009436251668658307,0.00879389724217143,69.61838681699913,1.0273076740263098,14.539999961853027,-0.05215125050698921,0
2024-02-23,495.6304262293698,496.4674086571224,493.51856105397593,494.24847412109375,61321800,0.0006896776717688624,0.011633179349871403,0.01912429558777462,487.1605285644531,470.3178314208984,1.0358113089028975,0.009432283277113089,0.008767804139079705,66.13292702668673,0.8307900843263764,13.75,-0.054332872347019445,0
2024-02-26,494.6863927584272,495.1243524687158,492.3117399253592,492.4382629394531,50386700,-0.0036625528988423195,0.012972668185351921,0.009557002759664757,487.62669677734374,471.16966918945315,1.0349280284025952,0.009477277065845618,0.008831269105545667,66.03809874480996,0.695001619339828,13.739999771118164,-0.0007272893732244157,0
2024-02-27,493.1292368818132,493.5769085410792,491.2314511932456,493.3530578613281,48854500,0.0018576844870146214,0.020472519973967707,0.011876608109425035,488.20575561523435,471.9157348632813,1.0345189184180783,0.009466573134803171,0.008717435101334468,65.63618823187318,0.6797122765390847,13.430000305175781,-0.022561824680231046,0
2024-02-28,491.7959655131677,493.2849870375032,491.4358798053579,492.7010803222656,56506600,-0.0013215232553515088,0.01820162686945559,0.02465201129039496,489.3911407470703,472.6194879150391,1.035486587542167,0.007976834568748719,0.008726166042739816,60.74813371343321,0.7873325328559729,13.84000015258789,0.030528655107632474,0
2024-02-29,494.4626085780751,496.0878651256629,491.8154558638112,494.4723205566406,83924800,0.003594959104243234,0.0011428926621310787,0.019074578710861267,490.31667175292966,473.3737316894531,1.0357918890070386,0.007652794333896427,0.007645921315314655,62.33571261547973,1.2046847960019154,13.399999618530273,-0.03179194575191846,1
2024-03-01,495.3481852022985,499.5427199698066,494.9394208408344,499.114501953125,76844800,0.009388152184653276,0.009845306737030102,0.021593018305927858,491.371630859375,474.16943359375,1.0362785874560678,0.007870168823738916,0.0074195672767628125,64.05301640497635,1.1150984240713875,13.109999656677246,-0.021641788814083185,0
2024-03-04,498.31652584892447,500.42839094094944,498.28730081516426,498.5792541503906,49799300,-0.0010723948124926608,0.012470580929842434,0.025605025823675742,492.6163726806641,474.8985675048828,1.0373086094339485,0.007567096167533946,0.007200070956728456,63.54713151973389,0.749520161134049,13.489999771118164,0.02898551673472971,0
2024-03-05,496.5744172633029,497.02211863397577,491.3871817921508,493.5963745117187,72855600,-0.00999415759318556,0.0004931897076818625,0.020975806517790963,493.6304595947266,475.65611877441404,1.037788520132203,0.00820476443076421,0.007583148541197665,66.3750419406527,1.0989358412585883,14.460000038146973,0.07190513591449865,1
2024-03-06,496.8761572948693,498.3554668272533,494.8032290742474,496.09759521484375,68382400,0.005067340102729467,0.006893662360871078,0.02522076510038329,494.8508758544922,476.37727294921876,1.0387793540000443,0.008242458746765914,0.007619699846821217,64.67967684000843,1.0218576924071225,14.5,0.0027662490835065334,1
2024-03-07,499.39680772832526,502.0731556685532,496.15597704493354,501.0220642089844,58652100,0.009926411741641328,0.013245925767837674,0.014403957101332132,495.5622985839844,477.1784259033203,1.038526202532863,0.006004117096486796,0.007701354325504512,66.12092470719813,0.884320673802595,14.4399995803833,-0.004137959973565475,0
2024-03-08,501.6546849790431,504.3407152276024,497.4406368151398,498.0148315429687,86532500,-0.0060021960724694345,-0.00220324275462469,0.007620372381670126,495.9389343261719,477.88050537109376,1.0377885867954688,0.0064540123639556,0.007888377717962136,65.1527250482153,1.2719024033821955,14.739999771118164,0.020775637081209553,0
2024-03-11,496.8080468189585,498.17054528765857,494.88106560592894,497.5866088867187,62557200,-0.0008598592433949337,-0.001990947788959807,0.01045480486535344,496.4537689208984,478.5572802734375,1.0373967535030189,0.0062987307206953365,0.007831976556470327,69.11538385326175,0.9204623028728729,15.220000267028809,0.032564484624427736,1
2024-03-12,499.69856102852447,503.5232988574305,497.1779014473905,502.93939208984375,73114400,0.010757490470053366,0.018928456651180703,0.019430981678865367,497.41240234375,479.33760803222657,1.0377078576949637,0.007012514069852726,0.008116793046935458,72.74008520363014,1.0628111035635535,13.84000015258789,-0.09067017675620026,0
2024-03-13,503.26048317387085,503.43565519442245,500.7106580961506,502.1510009765625,55104100,-0.001567566839426271,0.012202046170163738,0.019179825317443777,498.3573944091797,480.1290295410156,1.037965554562676,0.00702568117812258,0.007321145256848438,62.62295265831957,0.8362580585338604,13.75,-0.00650290112685159,0
2024-03-14,503.1242146399968,503.2799627018452,498.1121802332152,501.1583557128906,110171800,-0.0019767863884397885,0.000272026949794002,0.013521555966415688,499.0259979248047,480.952373046875,1.0375788246213065,0.0070989774717817224,0.007189770926617362,60.37410805020478,1.6205821305974866,14.399999618530273,0.04727269952947433,0
2024-03-15,498.0880174407595,499.5426370968139,496.0476768950372,497.717041015625,107646300,-0.006866721183108715,-0.0005979551380449477,-0.002799880452344028,498.88625183105466,481.78202087402343,1.035502011731367,0.006916814674686976,0.007317757245504904,57.55522884295689,1.53165534592412,14.40999984741211,0.0006944603574132735,1
2024-03-18,501.7880086848295,503.23282668542583,500.26507469946,500.6750793457031,88893300,0.005943212882649318,0.0062069002738929235,0.0042035948705565485,499.09583435058596,482.7002209472656,1.033966451001711,0.0071760612568482415,0.007258976466079737,59.900552121417135,1.2529175870455753,14.329999923706055,-0.005551694972461885,1
2024-03-19,499.98192037379897,503.7404249038955,498.9763634054438,503.4573364257813,60755300,0.005557011313033877,0.0010298344971257922,0.019977784325943215,500.08193054199216,483.6616094970703,1.0339500194402371,0.006293792997625973,0.007117179795066297,63.75194596935608,0.8630017882109893,13.819999694824219,-0.03558968817844477,1
2024-03-20,503.51601611982346,508.2507627953458,502.84240721032234,508.1140747070313,69594600,0.009249519163450515,0.011875060925641945,0.024222007137493895,501.28357849121096,484.58611083984374,1.0344571734060404,0.006649331488443052,0.007288867396979611,66.24265014203726,0.9813801108171286,13.039999961853027,-0.056439924037285816,0
2024-03-21,510.9548812333678,511.65774627628207,509.51000378121233,509.7931518554687,60256100,0.003304527923981393,0.017229676097678226,0.017506389983706905,502.1606872558594,485.5582086181641,1.0341925609391793,0.006127546447295269,0.005906445855416964,63.67987227042128,0.8594789360542514,12.920000076293945,-0.009202445238506662,0
2024-03-22,509.7053331319063,510.19345378409866,508.592403744498,508.8267517089844,79070800,-0.0018956711030090334,0.022321338788580114,0.02171003649131853,503.24187927246095,486.4588134765625,1.0345004866413157,0.005670564537940387,0.005955519068286813,62.98411544529337,1.1137491626189728,13.0600004196167,0.010835939821674634,0
2024-03-25,507.4501546887545,508.57285588251494,507.2646664806993,507.4208984375,48512100,-0.002762931128842072,0.013473446892169116,0.019763975507267384,504.2253082275391,487.3353887939453,1.034657691236815,0.005813475149279703,0.005917981797768326,69.26245122751878,0.684218921959684,13.1899995803833,0.009953993613303291,0
2024-03-26,508.8461906755672,509.1879108526766,506.0834709315648,506.4837036132813,65463700,-0.001846977188177723,0.006011169107168479,0.007047194113608768,504.5797393798828,488.1867974853516,1.0335792405263133,0.005008177728954097,0.005964529860453421,65.13100448330022,0.9126164109157029,13.239999771118164,0.003790765149775055,1
2024-03-27,509.3148077978086,510.7791695687557,507.14752139258985,510.7400817871094,82999800,0.008403781095942087,0.005168144735199887,0.017104577694444956,505.4386474609375,489.1573962402344,1.0332842789372996,0.005474443218993358,0.006131000599674012,64.43876357318143,1.1361034705307054,12.779999732971191,-0.0347432058987206,0
2024-03-28,510.77917463931885,512.1458765547503,510.35939807768415,510.6424865722656,96294900,-0.00019108587386029718,0.001666037909112017,0.01892441930033062,506.387060546875,490.1774285888672,1.0330689073233592,0.005368896184044862,0.006131675597796946,70.53752147892133,1.3070217592643807,13.010000228881836,0.017996909289228258,0
2024-04-01,511.38445509453464,511.92137584867254,508.5923599199536,509.7540893554687,62477500,-0.00173976361183803,0.0018225017520594466,0.02418452121969006,507.59076538085935,491.09794372558594,1.0335835689519588,0.004634380388401279,0.005890594800071369,69.49725270963623,0.8563642347261095,13.649999618530273,0.04919288073705452,0
2024-04-02,505.927220028753,506.6496289689748,504.2090260168563,506.5130004882813,74230300,-0.00635814196465867,-0.001789240356505628,0.011660099300742743,508.1745574951172,491.83801818847655,1.033215283696065,0.005189400456664663,0.006106472219063717,56.142042200183525,1.0007018230683284,14.609999656677246,0.0703296750897886,0
2024-04-03,505.41957743973774,508.5728771082824,505.3707772955882,507.0694274902344,59155800,0.001098544363948628,0.0011564515753903493,0.007174572308542793,508.5357666015625,492.5693682861328,1.0324145173115085,0.0049571319238060655,0.0055523840214829045,58.52135798617914,0.8049147370676899,14.329999923706055,-0.019164937683158856,0
2024-04-04,511.08182923475704,511.4234898322038,500.57746403679687,500.8800964355469,96858100,-0.01220608208489693,-0.019305289917842083,-0.014236917715092612,507.81236877441404,493.14948669433596,1.029733138684511,0.005474387119735537,0.0062458212884106915,49.59146915184372,1.2928715077952564,16.350000381469727,0.14096304734949738,1
2024-04-05,502.2370828649808,508.0749863325785,501.7977623960231,506.11273193359375,74546500,0.010446882468048369,-0.008870696735554184,-0.00721943774348377,507.44432678222654,493.8239410400391,1.0275814609423384,0.006524413847332302,0.006288112460953858,61.710316622511705,0.9846093251965959,16.030000686645508,-0.019571846321599473,0
2024-04-08,506.815618601476,507.8211160052217,505.5855452146359,506.3957824707031,48401800,0.0005592638146603157,-0.006588092091643238,-0.0047775971489636415,507.20122985839845,494.4526708984375,1.0257831734163685,0.006520825516276375,0.006097969735289785,58.62267869003885,0.6558045623331249,15.1899995803833,-0.05240181349224815,0
2024-04-09,508.13361656448893,508.377676899054,502.12970850017103,506.9816589355469,68049200,0.0011569536815358994,0.0009252643995589782,-0.0008656314773507479,507.1573059082031,495.105185546875,1.024342545206865,0.006484702087402434,0.00608482528833864,55.68878734767584,0.9185929447452761,14.979999542236328,-0.013824887685854326,0
2024-04-10,501.2803426609476,503.89666208515973,499.92341259541246,501.9051513671875,82652800,-0.010013197674681118,-0.010184554309668692,-0.009039880678154422,506.69945068359374,495.58103820800784,1.0224351046920388,0.007207567345970215,0.0060959287585986175,40.11186086794214,1.1085892435747593,15.800000190734863,0.05473969783420429,1
2024-04-11,503.42807581801776,507.13778061540546,499.9136311857634,505.6929626464844,70099000,0.007546866711725997,0.009608819047088657,-0.009881971908225484,506.1947387695312,496.1400433349609,1.0202658414083743,0.007088989594982024,0.006315999344282442,43.8811451556049,0.9308494480920202,14.90999984741211,-0.05632913497334324,0
2024-04-12,502.1491879340928,503.56474960986543,496.9848635757255,498.71282958984375,92561100,-0.013803104991042203,-0.01462105550176307,-0.023362053288007445,505.00177307128905,496.71535522460937,1.0166824273892896,0.008150240516318087,0.007057405223017536,37.20348897821119,1.2436670274279333,17.309999465942383,0.16096577083110009,0
2024-04-15,502.89118522807627,503.0571295651305,491.61558034670605,492.4649353027344,92101400,-0.012528040019038289,-0.027509800930805905,-0.03391665592049431,503.2728576660156,497.0426959228516,1.0125344599050925,0.008754841956029203,0.007441099002017975,33.142634247822045,1.2505501624230868,19.229999542236328,0.11091855202373435,0
2024-04-16,492.9432762462562,494.4662102656471,490.2781268160622,491.5667724609375,73484000,-0.0018238107475504473,-0.030405215263554664,-0.02950808372724012,501.7782348632812,497.25183166503905,1.009102838662425,0.008702450542008737,0.0072880196001382,33.17182163710464,1.0083119460623637,18.399999618530273,-0.04316172352906522,0
2024-04-17,494.0268584590965,494.1928325755386,487.26151394107353,488.6575317382813,75910300,-0.005918302223910765,-0.02639466758374509,-0.03631040396792151,499.9370452880859,497.4378173828125,1.0050242016548374,0.008621665643610929,0.007204797120776634,24.307171612659445,1.0308858480751057,18.209999084472656,-0.010326116195473745,0
2024-04-18,490.0535522630773,492.1524648158817,486.714794359639,487.6519775390625,74548100,-0.0020577892161853795,-0.03567576857903365,-0.026409751536586645,498.6142333984375,497.5758575439453,1.002086869446636,0.008084247144388618,0.006748906975452845,23.804235118701897,1.008992989181032,18.0,-0.011532075509642303,0
2024-04-19,487.5739720999012,488.5697275309103,482.12652879623903,483.3956604003906,102212600,-0.008728185949642642,-0.030713405151518547,-0.04488539825191318,496.3425262451172,497.5485778808594,0.9975760122943593,0.006807636236970426,0.006784434869279287,22.107500602277696,1.3452302659502993,18.709999084472656,0.039444393581814285,1
2024-04-22,486.00217973304706,490.44409539983275,483.65920663681294,487.8472900390625,67961000,0.009209080683481252,-0.009376597058292635,-0.036628449670616514,494.4876770019531,497.6060498046875,0.9937332498188912,0.007979210189207945,0.0072839726650269256,30.741342959124736,0.9010288229522976,16.940000534057617,-0.09460174436266822,1
2024-04-23,489.8583644626642,494.0659621350047,487.66182151013055,493.6364135742187,64633600,0.01186667150429943,0.004210294977669005,-0.026322935211004928,493.1531524658203,497.72324645996093,0.9908180017175303,0.009310596885415063,0.007918487938558769,37.49097004071219,0.8478530854630416,15.6899995803833,-0.07378990048797274,0
2024-04-24,494.52477110173174,495.31552414024065,491.1762707245871,493.402099609375,55928100,-0.0004746691256974911,0.009709392699251085,-0.016941551077230832,492.30284729003904,497.8400390625,0.9888775684195906,0.008951254882657559,0.007919866873856488,42.167709633845945,0.7382731464513471,15.970000267028809,0.017845805872141796,0
2024-04-25,487.3201124495616,492.2891769636512,485.67026231159537,491.5277099609375,69122400,-0.0037989089424659284,0.007947742653344525,-0.02801156775331559,490.8863220214844,498.05364868164065,0.9856093280731336,0.008352032559188892,0.007598273741606074,33.56802572333112,0.9208778010809148,15.369999885559082,-0.03757046784203688,1
2024-04-26,494.3197628446228,497.7658932650639,493.6852119906925,496.1843872070313,64306100,0.009473885503757051,0.026456023200638557,-0.005069936510139317,490.63347778320315,498.2729962158203,0.9846680063125312,0.008188554210895918,0.008008156302767225,39.52755422491443,0.8753656738243596,15.029999732971191,-0.022121025056567434,0
2024-04-29,497.9708448807049,498.6151676151332,495.198323588402,497.9415588378906,46415400,0.0035413682416536307,0.020691452027989943,0.011120839561479912,491.18114013671874,498.46052917480466,0.985396257853883,0.0070600697923568125,0.008083239479484763,40.94630609924568,0.6388124892649047,14.670000076293945,-0.023952073391426465,0
2024-04-30,496.47721220645434,497.45345338662946,490.0535583496094,490.0535583496094,77483600,-0.015841217404489183,-0.007258085356117383,-0.0030783490587708018,491.0298187255859,498.53896362304687,0.9849376970600462,0.008870800018423514,0.008662765568983473,38.76336970730878,1.0640202703746535,15.649999618530273,0.06680296776684846,0
2024-05-01,489.4678380773352,496.1160385437577,487.9937042701267,488.4623107910156,80242800,-0.003247089081350074,-0.010011689902151177,-0.0003995046317433193,491.0102966308594,498.6390997314453,0.9847007522982161,0.008720862818374447,0.008645611914173892,32.95340229093826,1.0861837951337172,15.390000343322754,-0.01661337262268492,1
2024-05-02,492.1720308443552,493.8707109149056,487.68131503899394,493.0311279296875,62550200,0.009353469116733182,0.0030586637096603475,0.011030715835032456,491.5482116699219,498.8218536376953,0.9854183574461908,0.00915812933170934,0.008628095752287835,44.09736753333383,0.8668204904345175,14.680000305175781,-0.04613385460092079,1
2024-05-03,499.01553991038264,500.3724999161701,496.47730640185137,499.1424560546875,72756700,0.012395420448729766,0.005961632255917726,0.03257537653783249,493.1228912353516,498.9265460205078,0.9883677169887094,0.009065915070588104,0.008771047813969623,56.95691405512271,1.0095140889519933,13.489999771118164,-0.08106270499449886,1
2024-05-06,501.54392863434595,504.3359642334882,501.1046081667102,504.29693603515625,47264700,0.010326671109507801,0.012763299396214345,0.0337188426213797,494.7678558349609,499.12751525878906,0.9912654396110226,0.009154027590322463,0.009107768441371417,62.1823731712218,0.6563251349682573,13.489999771118164,0.0,0
2024-05-07,505.2634287213709,506.2494419365131,504.1798152133592,504.8534240722656,52561300,0.0011034927982798148,0.03020050659870499,0.02272322338789623,495.8895568847656,499.3758184814453,0.9930187616867772,0.008662180149979933,0.009107366889167842,66.22980017455899,0.7378084934592705,13.229999542236328,-0.01927355324634561,0
2024-05-08,503.01805278679507,505.439111907815,502.900908609006,504.9021911621094,42047200,9.659653182181316e-05,0.03365639478810767,0.023307747498113596,497.03956604003906,499.60680114746094,0.9948614888717975,0.008643835275520697,0.00880797550641106,67.62428872086683,0.6075352682898354,13.0,-0.017384697671535276,1
2024-05-09,505.0877400464436,507.8505196720802,504.4336750443816,507.8114318847656,43643700,0.0057619887050999186,0.029978439732888384,0.033128797408231936,498.6679382324219,499.90900817871096,0.9975174083163442,0.008415057067279113,0.008739832461804561,75.65130517530164,0.6428901442646032,12.6899995803833,-0.023846186124361513,0
2024-05-10,509.4124711158648,510.2227680798631,507.2452440275092,508.4655456542969,52233200,0.0012881036708911608,0.018678213977830538,0.024751198876681535,499.89605407714845,500.1888726806641,0.9994145839311732,0.008141054073910615,0.0080904393907338,73.53996071208823,0.7929701874835282,12.550000190734863,-0.011032261172400193,0
2024-05-13,510.1446047910038,510.2519770237958,507.3915974260266,508.5337829589844,36716400,0.00013420241601558303,0.00840149249594635,0.02127202265626149,500.9552764892578,500.37725830078125,1.0011551647859447,0.008162868471923004,0.0074458596820900095,69.56407779830643,0.5818665198545762,13.600000381469727,0.08366535257186958,0
2024-05-14,508.72912496798625,511.38453247311674,508.19220413260575,510.8670959472656,57535900,0.004588314614428324,0.01191171850730921,0.0424719650393961,503.03663024902346,500.6230151367188,1.004821222835002,0.005171945321394819,0.007427203380015748,71.73762596240405,0.9234753685838546,13.420000076293945,-0.013235316185802093,1
2024-05-15,513.336889820599,517.4859146210695,512.7023092523975,517.1930541992188,59504900,0.012382786642822108,0.02434305743221299,0.05881875177160878,505.9097045898437,501.09494873046873,1.0096084701543555,0.0050379919083184685,0.0075329320086535145,78.75743554041281,0.9678206611720124,12.449999809265137,-0.07228019832446109,0
2024-05-16,517.290757880065,518.891807952925,515.9825682875961,516.1290283203125,50244800,-0.002057308910603406,0.01637930127857845,0.04684876690771356,508.21949462890626,501.4955773925781,1.0134077298772757,0.005408053622066642,0.007532915476907159,74.30424466906156,0.8336863385568151,12.420000076293945,-0.0024096171430353364,0
2024-05-17,516.2461019816988,516.9392546781255,514.7915121402848,516.8709106445312,59187600,0.0014373970141403625,0.016530844738788186,0.03551782537188419,509.9923400878906,501.81255432128904,1.0163004805203906,0.004719857168621365,0.007035790918062091,73.65228817585783,1.0184218106309033,11.989999771118164,-0.034621602458483336,0
2024-05-20,516.9880819887991,518.930792527948,516.5975616577482,517.4664306640625,37764200,0.001152163929652561,0.0175654951635702,0.026114564035320864,511.3092895507813,502.20158630371094,1.0181355525260376,0.004097416740367244,0.0069138912950571394,91.88570906320265,0.667127857015917,12.149999618530273,0.01334444123990064,0
2024-05-21,516.7049349793422,518.8917055815594,516.4999028909981,518.7354736328125,33437000,0.0024524160284589147,0.015402005233782212,0.027497188091884173,512.6974945068359,502.6245635986328,1.020040665812439,0.004065163520783198,0.006589465836593673,96.71609261549388,0.6074229603590076,11.859999656677246,-0.023868310366918943,0
2024-05-22,518.0425295031816,518.7551666672649,515.0649455262945,517.2420043945312,48390000,-0.002879057466076418,9.464588689866993e-05,0.024440007289372012,513.9314758300782,502.9106158447266,1.021914152611076,0.004375862518331335,0.006668122513249353,91.2790467766273,0.8851223984896399,12.289999961853027,0.03625635055846632,0
2024-05-23,520.2975559093766,520.4049281460258,512.2532779910508,513.4638671875,57211200,-0.007304389772933906,-0.005163749734220513,0.011130972931733929,514.4967193603516,503.1368731689453,1.0225780434653053,0.005151211567238219,0.006881822156350913,76.52832799696098,1.0580002587154895,12.770000457763672,0.03905618367782915,1
2024-05-24,515.3088952889863,517.6714419020187,514.3619699226733,516.8611450195312,41291100,0.006616391238277064,-1.8893740775238754e-05,0.01651163866851757,515.336279296875,503.4509289550781,1.023607763256024,0.0054381731306306766,0.00675146136447245,74.8939432783983,0.7801947298295795,11.930000305175781,-0.06577917952048329,0
2024-05-28,517.6715656559873,517.9058540671648,514.5866093486868,517.2224731445312,36269600,0.0006990816169520908,-0.00047144607857596554,0.017085767901181326,516.2051483154297,503.8410375976562,1.0245397055720715,0.005423566361194642,0.006748664622611636,74.6982709766112,0.6919460276146171,12.920000076293945,0.08298405245544349,0
2024-05-29,513.1905812259436,514.7818595033491,512.8879487699058,513.6005859375,45190300,-0.007002571224354326,-0.009898855883812674,0.005350687119838549,516.4784973144531,504.0995477294922,1.0245565576099338,0.005952559617815627,0.005737860544282226,65.19984428410685,0.8895353620930142,14.279999732971191,0.10526313070017856,0
2024-05-30,512.058043918065,512.7218807717095,508.9438321636688,510.1933898925781,46377600,-0.00663394111730331,-0.013627304901898007,-0.013533948783357785,515.778530883789,504.2342687988281,1.0228946400498746,0.004646570001746779,0.005957962551149803,54.091110174626436,0.9443831746926421,14.470000267028809,0.01330535977664793,1
2024-05-31,511.1502317685316,514.9673092079909,506.0444490191236,514.8403930664062,90785800,0.009108317092870521,0.002680862212264712,-0.0024967308234918884,515.6496673583985,504.3687951660156,1.0223663166724455,0.005683981025681984,0.005942693793109272,59.6284342818372,1.7970034437396503,12.920000076293945,-0.10711818674023643,0
2024-06-03,516.4511159966606,516.7342044816085,510.18360486685094,515.2600708007812,46835700,0.0008151608537849686,-0.003097687327008325,-0.0031165225408822383,515.4885833740234,504.4781335449219,1.0218254253196903,0.005667014197184688,0.005438052806410261,60.05252322177697,0.9514691939661889,13.109999656677246,0.014705849788028802,0
2024-06-04,513.9519821715993,516.5780734778808,512.4876203186922,515.8361206054688,34632700,0.0011179787399249186,-0.0026803795485411674,-0.0031505619726898138,515.325552368164,504.6183209228516,1.0212184754325426,0.0056660526836243294,0.005035623247731699,57.837960132666474,0.7127095028688283,13.15999984741211,0.003813897181103032,1
2024-06-05,518.1595530381444,521.9864018010747,516.1679828855217,521.9668579101562,47610400,0.011885048486894423,0.01628945176802099,0.0062293489487303955,515.6486907958985,504.9092401123047,1.0212700616871362,0.006839099663445939,0.005578869978012932,57.57668812687809,0.9847955749313819,12.630000114440918,-0.04027353640702469,0
2024-06-06,522.2696187618435,522.6991673724779,520.0242754001383,521.9572143554688,30808500,-1.8475415711427523e-05,0.023057579137525597,0.00911606157442102,516.1202117919922,505.2187103271484,1.0215777864952482,0.006734475911311656,0.0055806511587085834,59.57045265938895,0.6447514446923448,12.579999923706055,-0.00395884325271656,0
2024-06-07,520.9808506310355,524.1341502130953,519.8874652579173,521.3225708007812,43224500,-0.001215891910740563,0.012590654932428613,0.015305270955729311,516.9060821533203,505.43036010742185,1.0227048530354597,0.006158033381095518,0.005529725160973594,57.33589879243719,0.9049868966431245,12.220000267028809,-0.028616825028659476,0
2024-06-10,520.5122904328304,523.255525898201,519.916797584573,522.933349609375,35686100,0.00308979295893419,0.014892050138231028,0.011748231896236527,517.5133026123046,505.6761773681641,1.0234085087926188,0.005931651558273726,0.005543694063473428,58.71725797127402,0.7603267610471157,12.739999771118164,0.042553149977613725,0
2024-06-11,521.3811694677967,524.2513211148034,519.4091430834137,524.1927490234375,36383400,0.002408336387425436,0.016200161415916403,0.013476359286032968,518.2103302001954,505.96495056152344,1.0242020314353433,0.005940731081891711,0.005539288823439999,58.704557889223565,0.7754584992102806,12.850000381469727,0.008634270983343129,1
2024-06-12,528.7615289974312,531.1923600659605,527.4631115100716,528.4979248046875,63251300,0.008212963245429306,0.012512416824087769,0.02900568900246614,519.700064086914,506.40464904785154,1.026254528002578,0.005493941712432027,0.0057014653608407915,66.4758067398063,1.33994685022043,12.039999961853027,-0.06303505023896772,0
2024-06-13,530.2454535391702,530.4211698122318,526.7700371068663,529.5620727539062,44760900,0.0020135328811594633,0.014569888468402903,0.03796341396231373,521.6369323730469,506.854501953125,1.0291650372305245,0.0044027956124396365,0.00512221049673232,75.59744484601917,0.9632808220261482,11.9399995803833,-0.008305679550378975,0
2024-06-14,528.0293950539849,529.9135335983043,527.0238379218912,529.88427734375,40089900,0.000608435925496309,0.016423049801618017,0.029220481687036726,523.1413208007813,507.43458557128906,1.0309532217079942,0.004058640265559292,0.005067522055868236,72.95239795874461,0.8722896452716191,12.65999984741211,0.060301532021133974,1
2024-06-17,529.2008719569648,535.4976399183048,528.7420075865693,534.1015625,55839500,0.007958879582898204,0.021356857234229754,0.03656695476118821,525.0254699707032,507.9943621826172,1.033526174808144,0.004275436793698801,0.0052802719805909795,76.1887580778351,1.2194164546481223,12.75,0.0071090168777756535,0
2024-06-18,534.1600786870761,535.5854122094039,533.7403021449248,535.45849609375,41376400,0.0025405909456592823,0.0214916117998587,0.03803994079602124,526.9877075195312,508.57561645507815,1.036203251726441,0.004206562744907393,0.00528245063700516,86.47742111599804,0.9000231550992499,12.300000190734863,-0.03529410268746169,0
2024-06-20,536.3858757194955,537.0497124719363,532.2270793840357,534.0038452148438,70328200,-0.0027166454347408164,0.010418054928391651,0.02306082679823973,528.19140625,509.1160601806641,1.037467578733554,0.0035516044954076744,0.005370633435535849,92.50602270486186,1.4707734075772596,13.279999732971191,0.07967475829590032,0
2024-06-21,533.180367297688,534.4046057790133,531.8288032321234,533.2880859375,64338600,-0.0013403635268877112,0.007036027267242062,0.02170842986818955,529.3244934082031,509.7437188720703,1.0384129785443164,0.003669633743179971,0.0053158683622270865,88.30964385936895,1.323442337315026,13.199999809265137,-0.006024090761646117,0
2024-06-24,533.111823139434,535.6778223121559,531.4370433131713,531.5545654296875,45528700,-0.0032506267316380066,0.003152175215143993,0.01962699334730389,530.3476928710937,510.26095092773437,1.0393656263659574,0.003924901967904934,0.005030427297230336,82.08723452843115,0.9479130535081279,13.329999923706055,0.009848493660558288,0
2024-06-25,532.7787868983022,533.9638712753774,531.2607431275164,533.6015014648438,37936200,0.0038508483762180745,-0.0009362658158413861,0.020400595723026216,531.4145080566407,510.9587243652344,1.0400341215757076,0.003956655232524654,0.004926402566893164,83.0680929962009,0.7926044312362974,12.84000015258789,-0.03675917283740937,0
2024-06-26,532.4848968900385,534.9823310545671,531.8385253727439,534.2673950195312,38550600,0.0012479229403581371,-0.0022244507891984178,0.019219353977830922,532.42197265625,511.79477355957033,1.0403036532655774,0.003961294337451442,0.00492260888267326,78.74363889459391,0.803526457025604,12.550000190734863,-0.022585666542580096,0
2024-06-27,534.1302285739343,535.6874858769653,533.3858821788883,535.109619140625,35041500,0.0015764093578327643,0.0020707227779162007,0.01251035060994976,533.0831420898437,512.665630493164,1.0398261759366214,0.003287013586790019,0.004484729067021156,79.58315143228201,0.7381925064238853,12.239999771118164,-0.024701228279307874,0
2024-06-28,535.8835010057983,538.939255622942,531.7603035552984,533.0040893554688,76144500,-0.003934763476197034,-0.0005325387712946661,0.006499741538631865,533.42734375,513.5525616455078,1.0387005802109333,0.0036512948518375977,0.0042433580990864075,74.64409695396438,1.5553129877300125,12.4399995803833,0.01633985400367921,0
2024-07-01,534.3848928648134,534.6297405125247,531.339002473828,534.1008911132812,40297800,0.00205777362635029,0.004790337341069373,0.007957612538852077,533.8490051269531,514.4815399169922,1.0376446261086174,0.0036779498179550225,0.003919556548164371,74.08202965618723,0.8678647874681236,12.220000267028809,-0.017684832859754307,1
2024-07-02,532.4948105764632,537.6953735351562,532.4458529900177,537.6953735351562,40434800,0.006729968965943245,0.0076721524566065735,0.006728703466686081,534.2083862304687,515.5675341796875,1.03615598503587,0.003423892118955732,0.004058419232665808,76.45338339571202,0.8768590789301768,12.029999732971191,-0.015548324869538943,0
2024-07-03,537.381917105902,540.457218430894,537.3427629954197,540.0948486328125,32789900,0.0044625176554533574,0.010907372726850051,0.008658659023781379,534.672021484375,516.6124853515626,1.03495760680372,0.0035900873233997805,0.004082875454059319,74.55326913434749,0.7124973259539622,12.09000015258789,0.004987566163634494,1
2024-07-05,540.3984429341523,543.6108134486142,539.7618150479054,543.2092895507812,41488400,0.005766470326189266,0.01513646946426439,0.01723853567427769,535.5925659179687,517.6039428710938,1.0347536437746088,0.0036506070353830764,0.00351763006274365,76.58603518551107,0.9075448673996065,12.479999542236328,0.03225801362500036,0
2024-07-08,543.9927357696513,544.7860397915607,542.7684974779849,543.8360595703125,36110500,0.0011538278736904495,0.020322489885475692,0.019779128600387885,536.64736328125,518.6126220703125,1.0347749754700195,0.003500664926591782,0.0034918564227779895,76.8606170564789,0.7853508752756764,12.369999885559082,-0.008814075377564845,0
2024-07-09,544.795863484972,545.6968861634513,544.0711239537649,544.3649291992188,27289700,0.0009724798854346961,0.019217414268946742,0.024099809507187375,537.9283996582031,519.6693664550781,1.0351358659596945,0.0030236479892294947,0.0034172594093220955,73.03032544176097,0.6039769742589886,12.510000228881836,0.01131773198205055,1
2024-07-10,545.5891764995068,550.0943497431794,545.2953712492263,549.7515869140625,38701200,0.009895306302644569,0.022422014345485186,0.030266191914534613,539.543408203125,520.7407104492188,1.0361076009165597,0.0038419327093672548,0.0038277963945563286,77.16077161467516,0.8536885037973623,12.850000381469727,0.02717826909410692,0
2024-07-11,549.8690290838814,550.7407010140586,544.3746624818856,545.01123046875,53054200,-0.008622724441636809,0.009102811938278554,0.0201094724278017,540.6177917480469,521.6821038818359,1.0362973690784303,0.005322663240762483,0.00456673773383912,68.59499019444084,1.1491642197868464,12.920000076293945,0.00544744690631771,1
2024-07-12,546.1376269625789,552.0531251206323,545.667538567234,548.448974609375,53084400,0.006307657436101399,0.009645794281108122,0.024928267015967176,541.9517272949219,522.8500122070312,1.0365338331106837,0.00548797190312908,0.004447734888177942,73.45456124911713,1.1626197907786355,12.460000038146973,-0.035603717912586985,0
2024-07-15,550.447092907991,553.1991789293403,548.0965308512239,549.9573974609375,40584300,0.0027503430973443432,0.011255851433355613,0.03180708824573819,543.6470581054688,524.0799139404297,1.0373361841287112,0.005005893274171204,0.004452089107072625,78.66966632308811,0.8929347587532933,13.119999885559082,0.0529694899993165,1
2024-07-16,551.2695891404957,553.5123721227574,550.5154392403327,553.2185668945312,36475300,0.005929858292024193,0.01626415887653998,0.03579412822435302,545.5588256835938,525.2836627197265,1.038598502871553,0.005061691477421947,0.004529139455660732,79.44723783835289,0.8057325716618399,13.1899995803833,0.0053353426398474735,0
2024-07-17,547.2835666023501,548.9583463886919,545.1386983611491,545.4619140625,57119000,-0.014020955362313514,-0.007802929456996899,0.014444127492266645,546.3354797363281,526.2100518798828,1.0382459966025874,0.007344781352496041,0.005591760712217128,63.85474092281846,1.2599674723290901,14.479999542236328,0.09780136488947022,0
2024-07-18,546.9994907975359,547.9886849352189,539.0859974733345,541.27001953125,56270400,-0.0076850361559243074,-0.006864465773085637,0.002175860224203685,546.4529968261719,526.9495135498047,1.0370120529099298,0.007784314044186473,0.005908525144482933,57.04057545606233,1.2211879706786757,15.930000305175781,0.1001381774018697,0
2024-07-19,541.0350847426649,542.6609070533489,536.6180223784818,537.67578125,65509100,-0.006640379388392237,-0.019643018508783028,-0.010186696743270551,545.8996459960938,527.6059606933594,1.0346730072546821,0.007795168366880048,0.006085421022128894,55.163462537389755,1.4291609340003715,16.520000457763672,0.037037045906157084,1
2024-07-22,541.6030366708314,543.826272604696,539.6638622867013,543.2190551757812,43346700,0.010309696138617541,-0.012252480494427509,-0.0011345411612071477,545.8379455566406,528.3722979736328,1.0330555701916821,0.00857447873631998,0.006460104449849297,59.17607459184551,0.9678225304803578,14.90999984741211,-0.09745766136434542,0
2024-07-23,543.111291105197,545.2659625762393,541.8773090500791,542.3670043945312,34439600,-0.0015685215257669194,-0.019615325929704053,-0.003670193830499935,545.6381530761719,529.0634094238281,1.0313284633885271,0.008577461267240944,0.006413416753692925,54.9759588504976,0.7785880377058921,14.720000267028809,-0.012743097406287318,0
2024-07-24,537.5483785668235,537.8519873002513,529.1549928867055,530.0756225585938,74515300,-0.02266248082266531,-0.02820782002782185,-0.03579064585500602,543.670556640625,529.495610961914,1.026770657556462,0.010274272117361032,0.008270341679682575,41.18552311239552,1.6177047810837308,18.040000915527344,0.22554351822499452,0
2024-07-25,530.1930703849662,536.1771923025162,526.373482961852,527.3136596679688,61158300,-0.005210507280628107,-0.025784468674928118,-0.03247193784531743,541.9007995605468,529.8712084960938,1.0227028584900772,0.010144408142700224,0.008332625523740091,35.92844978128187,1.2959258886085139,18.459999084472656,0.023281493771090345,1
2024-07-26,531.1040855758291,535.9128682273114,530.3303285661854,533.2195434570312,53763800,0.011199944626470115,-0.008287964510152901,-0.027768182378662853,540.3778564453125,530.3182574462891,1.0189689848647956,0.010756033550842278,0.008734409824106741,41.4051003819604,1.1170802715875672,16.389999389648438,-0.11213433355830271,0
2024-07-29,534.7669398202207,535.7756811771844,531.5349026238763,533.5328979492188,39515800,0.0005876650547276263,-0.017831033602877078,-0.02986503970588983,538.7354064941406,530.6450543212891,1.0152462594477571,0.01065419286701595,0.00868943502614414,41.199915902550096,0.8535204711709129,16.600000381469727,0.012812751655983723,0
2024-07-30,535.0019870020752,536.059745722708,527.4215123549488,530.8297729492188,46853600,-0.005066463587138137,-0.02127200097320081,-0.0404700696706386,536.4965270996094,530.9390692138672,1.010467223468732,0.010190238639814022,0.008750147479193688,33.92683642562581,1.0048983152142033,17.690000534057617,0.06566265828551643,1
2024-07-31,537.665950025587,542.0928156342903,536.2948387521341,539.458251953125,65663400,0.01625470055299938,0.017700548742918487,-0.011006565178237393,535.8961608886718,531.3908160400391,1.008478401795136,0.011339823886887054,0.009387218266259227,45.575290101061185,1.3712257352754615,16.360000610351562,-0.07518371303299154,0
2024-08-01,541.182004821608,543.4345918031046,528.3127948091756,531.8190307617188,76428700,-0.014160912663302883,0.008544006041085517,-0.017460765289967428,534.9510620117187,531.6778680419922,1.0061563479814963,0.01193048007585148,0.00985477123007156,37.58053179473201,1.5264801272095068,18.59000015258789,0.13630803539367387,0
2024-08-02,524.7085367838448,525.9229716163323,517.705869778205,521.9172973632812,82789100,-0.018618614276091905,-0.021196233769816386,-0.029308524646736167,533.3752136230469,531.7415045166016,1.0030723746267098,0.013032497567324464,0.010496866622734047,31.39205293399533,1.5880174827683173,23.389999389648438,0.2582032919667483,0
2024-08-05,501.0954398761734,512.7893664733926,499.75364959699385,506.7171325683594,146267400,-0.029123703835287507,-0.05026075333673552,-0.06719558575795936,529.7250213623047,531.5310070800781,0.996602294703945,0.014479141867181947,0.012089050107384694,23.361815990542993,2.5375378644522653,38.56999969482422,0.648995327118046,1
2024-08-06,508.5192787931633,518.832292941033,507.1971250816647,511.3889465332031,84826300,0.00921976713351702,-0.03662346651734516,-0.05711641307514703,526.6272155761719,531.4895086669922,0.9908515727751331,0.015294268149728936,0.012385185736314372,29.766304617692015,1.4016637448229499,27.709999084472656,-0.2815660019776688,0
2024-08-07,517.5785847252098,520.63433876445,507.3733501679388,507.97076416015625,70698300,-0.006684114696297927,-0.05836872024659434,-0.04170132988146247,524.4167297363281,531.3117010498047,0.9870227376889065,0.0141216896846891,0.012022937312291709,30.04236801423437,1.1381262964206114,27.850000381469727,0.005052374652567915,1
2024-08-08,513.1126009988247,520.3405097902447,511.0853146734016,519.7137451171875,63276600,0.023117434674506,-0.022762039235777243,-0.014412512195429716,523.65673828125,531.3615264892578,0.9854999132908363,0.016524457995408314,0.013381376188258092,40.19256942750387,1.010335902047078,23.790000915527344,-0.1457809483063327,0
2024-08-09,518.8908555789227,523.4940026818011,517.6666175077982,522.0053100585938,45619600,0.004409282923409252,0.0001686334132957601,-0.02103117474977023,522.5353149414062,531.5296209716797,0.9830784481703368,0.01608616681060701,0.01332380249997718,37.990665249546325,0.7327739979565032,20.3700008392334,-0.1437578791374391,0
2024-08-12,523.2004149594696,524.6890484241525,520.0075911785743,522.27978515625,42542100,0.000525809014520151,0.030712702586173313,-0.02109169431955027,521.4100036621094,531.7713488769531,0.980515412805286,0.016085070298038788,0.013287929648107497,38.55355059776586,0.682268251939894,20.709999084472656,0.01669112573546916,1
2024-08-13,525.4725041133277,531.1040004577378,525.2276564461794,530.868896484375,52333100,0.01644542173033825,0.03809223895672731,7.370260137995466e-05,521.413916015625,532.0919189453125,0.9799320332643785,0.017041339430385036,0.013835560181201939,50.47195058626162,0.8287528697015732,18.1200008392334,-0.12506027811373066,0
2024-08-14,531.6622865517797,533.7288466275766,528.9885687226673,532.5437622070312,42446900,0.003154951690987895,0.04837482741256238,-0.012817469602253051,520.7224670410156,532.4375927734375,0.9779971852261625,0.016144734778484212,0.013578761769414433,53.15237496817827,0.6800948613358343,16.190000534057617,-0.10651215318914042,1
2024-08-15,538.1751988274788,541.9556326474029,537.5679813653051,541.671630859375,60846800,0.01714012875583215,0.042249961538416425,0.01852622702039164,521.7077270507813,532.9543029785157,0.978897673093395,0.016379138230906046,0.014071779395448285,54.90391473189403,0.9713415235219487,15.229999542236328,-0.05929592094835401,0
2024-08-16,540.0555939415091,543.5814362683599,539.8989177341498,542.8860473632812,44430700,0.0022419791525347676,0.04000100554981656,0.040176384469213566,523.8046020507812,533.3726867675781,0.9820611648212008,0.014710639114010542,0.013986716037072962,55.37055806253093,0.721416903475111,14.800000190734863,-0.028233707447526624,1
2024-08-19,543.2972906137162,548.0767211914062,542.4452256331724,548.0767211914062,39121800,0.009561258487550628,0.049392943721608074,0.08162263709815898,527.940560913086,533.8950769042968,0.9888470295966444,0.008995450937224404,0.013960277608453664,59.628114773871815,0.6374030864400688,14.649999618530273,-0.01013517366699046,0
2024-08-20,547.6262846058479,549.2814571312036,545.8437865187526,547.185546875,33732300,-0.0016260028604554444,0.030735743794146453,0.0699987760479932,531.5202209472657,534.4123364257813,0.9945882321919092,0.00946214248083282,0.01396074005507446,54.721654928789555,0.5499099752948636,15.880000114440918,0.08395908040535782,0
2024-08-21,548.2335818085938,550.5253226989936,543.2974141481618,549.0660400390625,41514600,0.003436664536923706,0.031025202067070712,0.0809008682750676,535.6297485351563,534.934990234375,1.001298771464691,0.008329717296120455,0.012854175641817896,61.336346998330285,0.6954864230159558,16.270000457763672,0.024559215397492062,0
2024-08-22,550.9660160166799,551.5732334533072,543.5422179587766,544.7566528320312,56121500,-0.007848577207078211,0.005695372984111824,0.04818596381205387,538.1340393066406,535.3462683105469,1.0052074165098628,0.007755590633190314,0.012943559542442846,66.203370924692,0.9441766283162645,17.549999237060547,0.07867232595473528,1
2024-08-23,547.9985298599797,551.4851585059275,545.8046443878154,550.544921875,50639400,0.010625421484762532,0.014107701881300505,0.05467302969236609,540.9880004882813,535.7872082519531,1.009706824194807,0.007971871248678533,0.012922005320460683,85.8860152514734,0.8541918985753179,15.859999656677246,-0.09629627657273676,0
2024-08-26,551.5732410031779,552.2881770773529,547.528352675827,549.2324829101562,35788600,-0.002383890782924558,0.0021087590004509327,0.051605860536690695,543.6832702636718,536.1806164550782,1.0139927732900844,0.008217471833383198,0.01295226939127392,82.79000500817861,0.6055903984361992,16.149999618530273,0.018284991685414864,0
2024-08-27,547.9592265897197,550.4762675561165,546.8133563476018,549.986572265625,32693900,0.0013729875397630042,0.005118968157367787,0.03601204724528939,545.5950378417969,536.5826623535156,1.016795875306056,0.007222143382424308,0.012859338472454176,88.1671758306951,0.559931994104032,15.430000305175781,-0.044582001879948985,0
2024-08-28,549.6438836929623,550.0748179978751,543.6009999526875,546.7938232421875,41066000,-0.005805139951481464,-0.004138330603570606,0.02675847892030414,547.0200439453125,536.8365075683594,1.0189695302636557,0.007810832312484223,0.012500095609128355,79.1236389319932,0.7184497119754244,17.110000610351562,0.10887882514248881,0
2024-08-29,548.7623394799141,552.0628809883677,545.6968421488655,546.8427124023438,38715200,8.941059331357692e-05,0.0038293420731396743,0.009546524588641914,547.5371520996093,537.0641918945313,1.0195003881531068,0.005937962601987895,0.012001628564505517,78.06555821312213,0.7004295547722589,15.649999618530273,-0.0853302711712346,1
2024-08-30,549.212926690368,552.5722295246512,545.657733766081,552.0629272460938,62700100,0.009546099317694123,0.002757277945501402,0.016903878682061002,548.4548400878906,537.4253735351563,1.0205227871549551,0.006531832801249452,0.011143022866025878,80.27071792358609,1.1553562932543884,15.0,-0.041533522963198455,0
2024-09-03,548.9191307501956,549.25214992284,538.1850458833093,540.7020874023438,60600100,-0.020578885636139965,-0.015531483976718663,-0.013455477132894078,547.7173767089844,537.5736535644531,1.0188694573799737,0.00899072723295657,0.009951888718443132,59.461110125825535,1.2123488530068454,20.719999313354492,0.38133328755696616,0
2024-09-04,538.860671959339,543.003474698696,538.135932544414,539.59521484375,47224900,-0.0020471024328968523,-0.018893838406033536,-0.0138715872058367,546.9583435058594,537.7344665527344,1.017153218785206,0.008993320106222061,0.009917866322459518,56.85960639393144,0.9816918499655706,21.31999969482422,0.028957548327861904,0
2024-09-05,539.5365467142444,542.3865472945482,535.8246177750381,538.2828979492188,44264300,-0.00243203953339588,-0.015565145272679937,-0.019639062159219733,545.880029296875,537.8280944824219,1.014971205292282,0.00883568251530216,0.00974948004717087,46.112306931760735,0.9461433601391931,19.899999618530273,-0.06660413211162819,0
2024-09-06,538.60608979078,540.231851947678,528.3224880929642,529.2235107421875,68493800,-0.016830159831468183,-0.03221987101693835,-0.02851390985147495,544.3267150878906,537.727216796875,1.012272948225175,0.009895292930301298,0.009488260841120455,36.716777851228294,1.455927580495904,22.3799991607666,0.12462309496363155,1
2024-09-09,533.4251264283236,536.4220593419303,531.495695817922,535.1488037109375,40445800,0.011196201318494525,-0.030638035449202405,-0.02796523508313853,542.7871032714844,537.7280004882813,1.0094082933725028,0.009982880541669311,0.009736613723930851,37.608014705796315,0.8644833470286417,19.450000762939453,-0.13092039802055044,0
2024-09-10,537.0587275255268,537.8324845189911,532.1813804449696,537.4798583984375,36394600,0.004355900025068804,-0.005959342637988696,-0.02139826918001364,541.6118408203125,537.8175158691406,1.0070550416065198,0.010237407315772789,0.009758449746658907,40.946573751451794,0.7830379149856106,19.079999923706055,-0.019023178648836292,1
2024-09-11,537.3916883108078,543.9144040618945,528.8318231688719,542.9937744140625,75248600,0.010258832827810815,0.006298350090625959,-0.012714488324244377,540.9125610351563,537.9953735351562,1.005422328227158,0.010935465949797009,0.009348568425709844,44.69538789656092,1.5800398513412057,17.690000534057617,-0.07285112134206173,1
2024-09-12,543.5715745845557,547.8711135710835,541.3483388424467,547.5675048828125,51819600,0.00842317294279371,0.017248563848056175,0.0014149421733360423,540.9899291992188,538.1928161621094,1.00519723220584,0.011195812417356307,0.009480686480211884,52.44421658010298,1.0774844556800525,17.06999969482422,-0.035048096128643014,1
2024-09-13,548.1747815451495,551.4263657909838,547.9201304028155,550.4273681640625,39310500,0.005222850617956354,0.04006597777966925,0.006555186126502299,541.3483947753906,538.3994665527343,1.0054772123782694,0.011307404579116019,0.008791072370924094,49.89229416777952,0.8361033824109779,16.559999465942383,-0.029876991095463934,0
2024-09-16,550.1628688432331,551.5046291897925,548.3608236054457,551.240234375,36656100,0.001476791049923154,0.030069077147286905,-0.0014902157534788518,541.2661254882812,538.5600854492187,1.0050245833513736,0.010886997984932473,0.00878630869281224,51.85655089585141,0.7861462265309258,17.139999389648438,0.03502415111177348,0
2024-09-17,553.4536471249235,554.9031859740162,549.2324757022386,551.4655151367188,49321000,0.0004086798235511946,0.026020801560741713,0.019906392050537347,542.3424682617188,538.7126745605469,1.0067379029166759,0.008187900895238916,0.008540931813292617,51.38107250701907,1.04632093164801,17.610000610351562,0.027421309068831112,0
2024-09-18,552.1216967889254,556.9696926491016,549.2716961893568,549.8299560546875,59044900,-0.0029658410855042394,0.012589797457626117,0.01896744250021043,543.3659423828125,538.8219750976563,1.0084331513842446,0.008243365737373907,0.008562416868358206,52.92013994881067,1.2198559288724344,18.229999542236328,0.03520720672322497,1
2024-09-19,559.2418737919741,561.0733295553275,556.3722663136862,559.2124633789062,75315500,0.017064380034043758,0.021266708473845597,0.03888209250085062,545.4588989257812,539.0111926269532,1.0119621009489694,0.00933519323093733,0.0093345903629582,60.086277773022175,1.5035068618068472,16.329999923706055,-0.10422378860340853,0
2024-09-20,557.8430941207945,559.2871857073619,555.2200568119598,558.245849609375,77503100,-0.0017285268709690271,0.014204383534544895,0.054839473829283,548.3611328125,539.2758850097656,1.0168471241812898,0.006365033280935452,0.009128764595185005,55.41733379965795,1.5148478469498048,16.149999618530273,-0.011022676424785383,0
2024-09-23,559.3166610051752,560.2892222272916,558.0984411315784,559.6408081054688,44116900,0.002498824661338439,0.015239405991461119,0.04576671801318399,550.8103332519531,539.4997216796875,1.0209649998280834,0.006067940051508317,0.008867237730095756,70.10470525729244,0.8678249297867119,15.890000343322754,-0.01609902670890473,0
2024-09-24,560.4364946014963,561.3010067117204,557.6071931426925,561.2420654296875,46805700,0.002861223307927485,0.01772830761782984,0.04421041395310277,553.1865539550781,539.7254150390625,1.0249407171515934,0.006090292729535592,0.008843870421170557,72.74086613062491,0.9108465696499681,15.390000343322754,-0.031466330345934046,0
2024-09-25,561.0850037974096,561.8217999280521,558.8942225290759,560.0043334960938,38428600,-0.0022053441996479073,0.018504589154095363,0.03132735564120814,554.8876098632812,539.8611303710937,1.0278339718250478,0.006022167137426938,0.008874612248998694,72.85503642584848,0.7436771831895741,15.40999984741211,0.0012995129072905787,0
2024-09-26,564.2678851150425,564.5920921622151,559.866775948692,562.2244873046875,48336000,0.003964529693428309,0.00538618883345654,0.026767443815008285,556.3533081054687,540.1963818359375,1.0299093566947257,0.005743323554332118,0.008751798435733718,90.56088844345355,0.9288727991373106,15.369999885559082,-0.002595714617073419,0
2024-09-27,563.2952985697877,564.1106429805404,560.377555197848,561.4090576171875,42100900,-0.0014503631661602068,0.005666335020718671,0.01995120535113326,557.4514770507812,540.5991625976562,1.0311734009578322,0.005799830895538389,0.008770954080431794,86.91252826899385,0.8064294614373101,16.959999084472656,0.10344822451218505,0
2024-09-30,560.3775886747461,564.2678934162012,558.078818569817,563.6588134765625,63557400,0.004007338016461137,0.007179614697319536,0.022528433752015076,558.6933349609375,541.1188232421875,1.032478100860454,0.005829960194215873,0.008584062055922017,86.88254778472196,1.2164231886615382,16.729999542236328,-0.013561294495994303,0
2024-10-01,563.3051897855821,563.9535439565005,556.035444442894,558.6093139648438,72668800,-0.008958432638663472,-0.004690937524128969,0.012954207710257126,559.40771484375,541.4266284179688,1.033210569044824,0.00682540722820858,0.007345113057924099,72.29185871643087,1.3749268014875262,19.260000228881836,0.15122538887453651,0
2024-10-02,557.7154356390834,559.8668828892402,555.3183896615599,558.8451538085938,38097800,0.0004221910337944834,-0.002069947709624431,0.01639633791253381,560.3092346191406,541.75619140625,1.0342461120097808,0.006672009868625366,0.007300206382928533,68.37509770655613,0.7271058875216748,18.899999618530273,-0.018691620253031727,0
2024-10-03,557.3715020969081,559.7685478192003,555.5344286086627,557.8234252929688,40846500,-0.0018282855432525391,-0.007827944372927442,-0.0024839183260412234,560.1703308105468,542.3111474609375,1.0329316176391077,0.0039349170962910554,0.007283102520704216,62.81848666603197,0.7821163584414197,20.489999771118164,0.08412699389840173,1
2024-10-04,562.2735426407796,563.2657708110322,558.0983654622065,562.8924560546875,42939100,0.009087160079475964,0.002642277350842992,0.008323584400249384,560.6349914550781,543.0227233886719,1.032433758860953,0.004858793712317207,0.005981373894982102,67.59870058517916,0.8428046157768715,19.209999084472656,-0.06246953152482426,0
2024-10-07,561.2421538745174,561.8905680396737,556.6543868115797,557.8037719726562,49964700,-0.009040242105388674,-0.010387563121373455,-0.0032825271249095067,560.4512878417969,543.5144079589844,1.0311617863938771,0.005715677188206529,0.006246457333936524,58.34667566872428,0.9716256952153395,22.639999389648438,0.17855286145995874,1
2024-10-08,560.377637870892,563.67853004462,559.5033520489247,563.0792236328125,37398700,0.009457540312966639,0.008001853095220834,0.0032733793781449805,560.6350036621094,544.1053344726563,1.030379538927832,0.006455581617920039,0.00644471707767656,65.9212927377383,0.7265548717586076,21.420000076293945,-0.05388689691892423,1
2024-10-09,563.0693978961492,567.5393423690588,562.4701514366566,566.9793701171875,37912200,0.006926461358692126,0.014555402785831006,0.012455326153547386,561.3325073242188,544.8283264160157,1.0302924427897697,0.006696035906802556,0.006270165257468235,60.74966252346285,0.7642479317518425,20.860000610351562,-0.026143765823892218,0
2024-10-10,565.6334738441669,567.4116060358193,564.3759797176003,565.9871215820312,44138100,-0.0017500610912019043,0.014634911190355426,0.006692405546727231,561.7087707519531,545.3589038085937,1.0299800128487455,0.006683300675082859,0.006148695982531623,60.70658587604864,0.8966943890701778,20.93000030517578,0.0033556899700895038,1
2024-10-11,565.9085213296812,570.1131999200273,565.7709716649979,569.3764038085938,42268000,0.005988267395711899,0.011518981439815779,0.014191695134421867,562.5055053710937,546.1100512695313,1.0300222529569787,0.006831263464159003,0.0061742792092047815,62.760885008992176,0.8561301168702274,20.459999084472656,-0.022455863060207304,1
2024-10-14,570.9874990099419,574.966246072679,570.5061351329805,574.032958984375,36217200,0.008178342384112192,0.02909479610423693,0.018405008951827284,563.542919921875,547.1523645019531,1.029956108176269,0.007126969224049168,0.006340463035582789,65.52234958802808,0.7338985518567681,19.700000762939453,-0.037145569674535084,0
2024-10-15,574.2981924836022,574.6027324678581,568.3546560789198,569.5728759765625,54203600,-0.007769733319326511,0.011532395569232579,0.01962652919963448,564.6392761230469,548.4094793701172,1.0295943038248914,0.006933998532738772,0.006704931536209996,60.7695911607068,1.0929646885958222,20.639999389648438,0.047715664482478326,0
2024-10-16,569.57286786976,572.5691599226542,568.767296964022,572.0484619140625,30725400,0.00434639014938254,0.008940522467029588,0.023626058158483954,565.9596069335937,549.6226696777344,1.0297239145274673,0.006947876271887614,0.006639725095173926,60.99387180236768,0.6377579772676749,19.579999923706055,-0.051356564791082526,0
2024-10-17,575.594918349773,575.801242846272,571.9109378019983,572.0975952148438,34393700,8.589010206727643e-05,0.010796135459288703,0.0255890471332898,567.3870239257812,550.9052062988281,1.0299177016998688,0.0068452894439269526,0.005619840414106634,62.17012221479393,0.7455639490218317,19.110000610351562,-0.024004050826652468,0
2024-10-18,573.7873532764656,575.0841216421944,572.3235945792737,574.2982177734375,37416800,0.003846585926947199,0.008644218362266809,0.02026277239295937,568.5276000976562,551.9968957519532,1.0299470965741289,0.0064801637214059234,0.005607556653483396,62.12774779939499,0.8479381183387286,18.030000686645508,-0.05651490786039204,0
2024-10-21,573.5710785054149,574.5534731315854,570.3782959703608,573.35498046875,36439000,-0.001642417259006046,-0.0011810794223811039,0.02787935341687886,570.0827209472657,553.0238891601563,1.030846464540647,0.0054102938672482845,0.005642495181630368,68.54444886235413,0.8330264264540242,18.3700008392334,0.018857467534081795,0
2024-10-22,570.8204209471064,574.2096946097226,570.1622332957213,573.0504760742188,34183800,-0.0005310922637880022,0.006105627996582097,0.017708436083069934,571.0798461914062,554.0393029785156,1.0307569212532046,0.004939330369954951,0.005641750855841326,67.83410011126199,0.7929102497772362,18.200000762939453,-0.009254222565459602,0
2024-10-23,571.0267810694698,571.4688706983893,564.3071746074978,567.8143310546875,49314600,-0.009137319028861723,-0.00740169957840231,0.0014726478272524268,571.1633422851562,554.7782116699219,1.0295345604253525,0.005637968757796822,0.006050805435697848,61.34280721156712,1.129614946268123,19.239999771118164,0.05714280025176999,0
2024-10-24,569.7692598487698,569.84786821387,566.419320298971,569.0422973632812,34979900,0.0021626194363795204,-0.0053405186057723375,0.00539795989122549,571.4688598632813,555.5081823730469,1.0287316694815418,0.0056263254908718915,0.006013095241123494,57.64912371267067,0.813707261346166,19.079999923706055,-0.008316000484173136,0
2024-10-25,571.2723713678375,574.1704478252901,567.9027646254573,568.8458251953125,47268200,-0.00034526812660351514,-0.009494009226189148,-0.0009318591528068021,571.4158020019531,556.0516662597656,1.0276307700784948,0.0052930783860003616,0.005998127591867098,65.63700890441625,1.0929903859660888,20.329999923706055,0.06551362709634656,0
2024-10-28,572.3235609618828,572.4512770786239,570.299830137409,570.6043701171875,30174700,0.003091426259955732,-0.004797395061108101,-0.005972808378901462,571.0729431152344,556.6060327148438,1.0259912928536334,0.004611748967992279,0.005974799691122568,61.83551691830371,0.7257451980083478,19.799999237060547,-0.026069881388808724,0
2024-10-29,569.6415300427301,572.6476553589258,568.2465463889694,571.5277709960938,42899700,0.0016182856761448594,-0.0026571918909422676,0.0034322122804382182,571.2684326171875,557.0750537109375,1.025478396154524,0.003886089507739279,0.005533259568295249,57.89275236451063,1.0701092329745117,19.34000015258789,-0.023232277888761477,0
2024-10-30,571.0562623128328,573.0505525749719,569.0914726763393,569.798828125,41435800,-0.00302512486502704,0.0034949753146005236,-0.003932593021114483,571.0434692382812,557.5273193359375,1.0242430270833054,0.0037400893101177893,0.00561055167085273,56.449484152802306,1.0293078159682343,20.350000381469727,0.05222338267389759,0
2024-10-31,565.4271221936206,565.4958970216722,558.4324763422399,558.6289672851562,60182500,-0.019603165693758418,-0.018299747007166745,-0.02354253547356644,569.6966064453125,557.7185778808594,1.0214768326527073,0.007119149932541286,0.007248530567599923,35.60523321212756,1.4599328987597515,23.15999984741211,0.13808350925148427,0
2024-11-01,561.2619157859765,565.4174274277744,560.5742272972922,560.98681640625,45667500,0.004220778475832576,-0.013815709707220125,-0.023178552457982504,568.3654663085938,558.0431811523438,1.0184972874947325,0.007156263861918843,0.007008578996664255,31.379863059044908,1.104167742102393,21.8799991607666,-0.055267732948130144,0
2024-11-04,561.1241962515347,562.4209644478059,557.892139281839,559.7783203125,38217000,-0.002154232610120488,-0.018972952840273782,-0.023679327151131302,567.0078002929688,558.2278491210938,1.015728257172584,0.007152715645801258,0.006711495539690285,34.59043280532211,0.9373385833646867,21.979999542236328,0.004570401522182799,1
2024-11-05,560.6920242782184,566.5863933486033,560.4759261934032,566.547119140625,39478300,0.012091927433606653,-0.00871462789426336,-0.011348663346632426,566.3574645996093,558.5741418457031,1.0139342697250318,0.008500271752093409,0.006925230754399424,42.3749145568121,0.9658110666947192,20.489999771118164,-0.06778888999770039,1
2024-11-06,578.8270097230293,581.508928254242,575.0840880526238,580.6345825195312,68182000,0.024865475267573434,0.019016807089947463,0.02257824567588984,567.6394897460938,559.1871020507813,1.0151154911554896,0.011278418559728559,0.00874674680813201,58.51785540290363,1.6084723287415288,16.270000457763672,-0.20595409275225196,1
2024-11-07,582.6387786486675,586.1459356042433,582.5601702684252,585.1242065429688,47233200,0.007732271136789315,0.04742904648603341,0.028261359927381102,569.2476806640625,559.9537097167969,1.016597748681701,0.01140808292539229,0.008833453885985455,60.3298844670564,1.1102188332115577,15.199999809265137,-0.06576525005492273,0
2024-11-08,585.674356571417,589.0832980878612,585.674356571417,587.6588134765625,46444900,0.004331741714410864,0.04754478410237262,0.033072209459901636,571.1289794921875,560.7700317382812,1.0184727199522332,0.011358328890432775,0.008798837137424853,63.246086437505085,1.0863569690844292,14.9399995803833,-0.017105278430553206,0
2024-11-11,589.2501914582232,589.6038391769904,586.4896646144927,588.2186889648438,37586800,0.0009527220139335935,0.05080648467498117,0.030869582796988926,572.8904113769531,561.4931469726563,1.0202981362564196,0.011383155069094895,0.008662586311252957,63.98042304230423,0.877757997934209,14.970000267028809,0.002008078145122605,0
2024-11-12,588.1401110548398,588.7393574916656,583.9059918696842,586.3914794921875,43006100,-0.003106343791748234,0.03502684892593533,0.026006975076973804,574.3767822265625,562.4069348144532,1.0212832500297286,0.011548477419903577,0.008467393090808108,68.27052829228235,1.0176189933650004,14.710000038146973,-0.017368084451840793,0
2024-11-13,586.8531544283672,588.6803942959151,584.4856094336134,586.6763305664062,47388600,0.0004857694632012244,0.010405422323724212,0.02962010732269138,576.0645324707032,563.3485571289062,1.0225721272929207,0.011409968246048518,0.00844281977081278,67.67078982649457,1.0996398509281486,14.020000457763672,-0.04690683742990798,0
2024-11-14,586.804130643577,587.2854945523371,582.2163632356335,582.9039916992188,38904100,-0.006430017150249601,-0.0037944334193034113,0.04345464670769772,578.4920349121094,564.2409790039062,1.0252570381069477,0.009023657822839376,0.008615959510123096,63.14538690968777,0.8980596223353207,14.3100004196167,0.020684732695029018,0
2024-11-15,579.3378226480269,579.8094129170865,573.5810036102117,575.437744140625,75988800,-0.012808708921050571,-0.02079619850102854,0.02575983483346267,579.9371276855469,565.165263671875,1.026137246860678,0.01052248998593528,0.009113926725005874,54.08365116264679,1.6793559604652282,16.139999389648438,0.1278825238553527,0
2024-11-18,575.8994574754852,579.1119076957027,575.0350052053479,577.7955322265625,37001700,0.004097381706267278,-0.0177198666649373,0.032186333875888984,581.7388488769532,566.0181982421875,1.0277741081180558,0.010393831357898611,0.009145213721688167,55.170229755543,0.8172311228836067,15.579999923706055,-0.03469637466662756,0
2024-11-19,574.4160398519082,580.6345552744816,573.7480186357969,579.9075927734375,49412000,0.0036553770825054066,-0.011057266255582343,0.023582281475684752,583.0748962402344,566.8667529296876,1.0285925100154132,0.00992565199833834,0.009170045121461298,58.28627063287491,1.0732798242855082,16.350000381469727,0.04942236595213734,0
2024-11-20,579.9862433981077,580.3889988810581,574.3374733314436,580.1041259765625,50032600,0.0003389043454062879,-0.011202436927187143,-0.0009135806907452082,583.0218505859375,567.6089599609375,1.0271540650557398,0.0060089004367191575,0.008878740160299728,71.46496597684937,1.085913120178703,17.15999984741211,0.049541250583724494,1
2024-11-21,582.953055915256,584.6427460672937,577.1077952881657,583.21826171875,46750300,0.005368235809295685,0.000539145423614551,-0.0032573337471021313,582.8312561035157,568.3219750976563,1.0255300369185376,0.005706507013280503,0.008927569096125933,71.88994927762687,1.0018764436036118,16.8700008392334,-0.016899709251596895,0
2024-11-22,583.2084127301733,585.6546259064262,582.7074417987914,585.02587890625,38226400,0.0030993837232957677,0.016662332047655548,-0.004480379618125974,582.5679626464844,569.0139453125,1.0238201848050323,0.005607540355186645,0.008928017268254514,74.56984827677965,0.8272205649563467,15.239999771118164,-0.0966212796103989,0
2024-11-25,588.9653319760873,590.281707390563,584.7213793724078,587.0103759765625,42441400,0.0033921526241242894,0.01594827795654652,-0.0020541900673159974,582.4471313476563,569.7293481445313,1.0223224997001537,0.005726405725375433,0.00893119565180223,71.95871157045362,0.9064029898352308,14.600000381469727,-0.041994711237550164,1
2024-11-26,588.2579123147351,590.7433995936517,587.540783398016,590.0753784179688,45621300,0.005221376941263234,0.017533458384125122,0.006282320010808196,582.8155212402344,570.5015454101563,1.0215844740985323,0.00585928938143673,0.008970889938462838,63.26983723906948,0.9714914150991912,14.100000381469727,-0.0342465744476691,0
2024-11-27,589.8887838542881,590.2718722436573,586.7647756879834,588.2874755859375,34000200,-0.003029956675746681,0.014106690924838627,0.0027462246823146685,582.9766357421875,571.2706958007813,1.0204910562145977,0.0059740566135864604,0.008971022143988051,54.81168984296811,0.7298014940880524,14.100000381469727,0.0,1
2024-11-29,589.1028810382705,592.7279205050064,588.8278416543462,591.9420166015625,30177400,0.006212168654423644,0.01495795906167885,0.015505169000467944,583.8804382324219,571.9252868652344,1.0209033446181661,0.005726397893743361,0.007489010699713557,56.300569938696576,0.669299590157299,13.510000228881836,-0.041843981320970114,0
2024-12-02,592.3545765627109,593.6808455477146,591.8633791521069,593.0029907226562,31746000,0.0017923615680890403,0.013635485375997458,0.030525016408619043,585.636962890625,572.6204296875,1.0227315207915804,0.002739759443665512,0.007486613149902714,56.93543934653662,0.7151295769695207,13.34000015258789,-0.012583277084667777,0
2024-12-03,592.7671496331845,593.5235527754064,591.735647195163,593.2779541015625,26906600,0.00046367958207294,0.010677116421618837,0.026795675998631863,587.185205078125,573.2931726074219,1.0242319865898981,0.0028200067578009217,0.007417905722591413,60.45323154461903,0.613935402229271,13.300000190734863,-0.002998497855734139,1
2024-12-04,594.9677449089698,597.2075737883222,594.2997236656325,596.9619750976562,42787600,0.006209603728951407,0.011670706712337164,0.02940879294691645,588.8906433105469,574.0075708007812,1.0259283557689018,0.0030289811460525386,0.007147469336949275,64.1524962544426,0.9726245058749452,13.449999809265137,0.01127816664504766,0
2024-12-05,596.961947940629,597.7675188046404,595.6259055147337,595.9795532226562,28762200,-0.00164570260080521,0.013075372085828318,0.027366513243408885,590.4781860351562,574.7270751953125,1.0274062446675074,0.00327125240728066,0.0049204671442585985,69.48743045726283,0.6844735156854052,13.539999961853027,0.006691461253842901,0
2024-12-06,596.7458937244957,598.3472020292826,596.333304701608,597.109375,31241500,0.0018957391595642026,0.008729500953664537,0.023818035533237136,591.8672973632813,575.4247729492188,1.0285745855705688,0.003139165048237289,0.0046875000980200685,89.81957895775672,0.7578965499046914,12.770000457763672,-0.056868501200791455,0
2024-12-09,596.9915028268559,597.1584931551176,593.445071963169,594.0344848632812,34742700,-0.005149626292031972,0.001739441717432122,0.015398645225530139,592.7681579589844,576.0772814941406,1.0289733287547003,0.003912234738711317,0.004813212197755566,79.07144964433616,0.8549688990473153,14.1899995803833,0.1111980479026784,0
2024-12-10,594.7122615181331,595.1346840344664,591.5293123546073,592.1875,37234500,-0.003109221619863267,-0.0018380155440190782,0.008819476171651575,593.2858703613281,576.6478552246094,1.0288529905833743,0.004104990955129758,0.004880583767407684,72.19449665969483,0.916685951756092,14.180000305175781,-0.0007046705780979767,1
2024-12-11,595.115147903942,597.7184581352288,594.8400485801485,596.7655639648438,28677700,0.007730767645118819,-0.0003290178286152745,0.011337849013141055,593.9548889160156,577.4109802246094,1.0286518775326559,0.0044607422324749605,0.005074656036336089,75.99625932549773,0.7187000810482034,13.579999923706055,-0.04231314305760081,0
2024-12-12,595.9010008938557,596.4707466548862,593.6906127929688,593.6906127929688,31543800,-0.005152695392551365,-0.0038406358360961734,0.009184518507129091,594.4952026367188,578.1078894042969,1.0283464618504135,0.004723817315617846,0.005251796031702721,66.35964736640369,0.8065417640630489,13.920000076293945,0.02503683022813319,0
2024-12-13,595.7242620650901,596.4413911194437,592.197438164754,593.5728149414062,35904700,-0.00019841622728100639,-0.005922801092502983,0.002754996763376205,594.6582824707032,578.8228771972656,1.0273579464414306,0.00434645003485816,0.004990656165075096,64.09602364352712,0.9215792517294032,13.8100004196167,-0.00790227414327227,0
2024-12-16,595.3312295236393,597.0799209921157,594.5551592425911,596.1072998046875,43695200,0.004269880290139971,0.003489384866071088,0.005234896165107417,594.9687133789063,579.4871740722656,1.0267159309115443,0.004509553658075842,0.003848554314727601,64.73576391772555,1.170032419081496,14.6899995803833,0.06372187791657047,0
2024-12-17,593.5530906608857,594.5158183353977,592.2759894688432,593.6513061523438,55773500,-0.004120052972255928,0.002471862631926225,0.0006293037659668155,595.0060485839844,580.2041247558594,1.0255115797984948,0.0047440611250659966,0.004022085037250913,55.9090982442551,1.45684032026012,15.869999885559082,0.0803267759620312,0
2024-12-18,593.3467116570313,595.7339235020439,575.5752257128447,575.9583740234375,108248700,-0.029803576519657926,-0.03486660624846649,-0.03518415234200267,592.9056884765625,580.4617077636718,1.021438073427502,0.010153346649015566,0.008004728678439902,36.64607606183528,2.6257567637092527,27.6200008392334,0.7403907396600702,0
2024-12-19,580.948961299734,582.5601031255708,575.5359564813775,575.7815551757812,85919500,-0.0003069993520904424,-0.030165640539498884,-0.03389042113552021,590.885888671875,580.6377514648437,1.0176497948698255,0.010189686508493312,0.008003272512198224,31.070146263760932,1.9971961917300907,24.09000015258789,-0.1278059587033482,1
2024-12-20,573.451443984787,587.2315284125533,572.6036951737447,582.6973266601562,125716700,0.01201110286046525,-0.018322079461006946,-0.02413636252126128,589.4446838378906,580.9719555664062,1.014583713017996,0.011222891760714166,0.008381668288123326,39.38434107318447,2.6766241458615347,18.360000610351562,-0.23785801186974165,1
2024-12-23,582.4409930028329,586.7879087972127,579.2571372355378,586.1866455078125,57635800,0.005988218390593936,-0.01664239693109859,-0.013211083793014056,588.6598999023438,581.3081604003906,1.0126468885227577,0.011467805291188569,0.0084625901217558,43.14905972342448,1.2022774847540147,16.780000686645508,-0.08605663786390261,1
2024-12-24,587.5370230202848,592.7415539521577,586.9554328723399,592.7020874023438,33160100,0.011114961325819683,-0.001598949989939702,0.000868960257256024,588.7113586425781,581.68154296875,1.0120853339061606,0.0120800165234539,0.008789000800246567,46.097981510222155,0.6984781500326963,14.270000457763672,-0.14958284422952606,0
2024-12-26,590.9277996479015,593.8651696252028,589.5281209545966,592.7415161132812,41219100,6.652365796511184e-05,0.029139505295500356,-0.006743096610379418,588.3089538574219,582.1449157714844,1.0105884942373302,0.011785381409982433,0.008719171084554134,46.98184739248272,0.8722756002448435,14.729999542236328,0.03223539381334706,0
2024-12-27,588.9958679237085,589.2324867459512,582.3128451341881,586.5020751953125,64969300,-0.010526411173089278,0.018619075104374216,-0.012108221761901183,587.5901000976562,582.4339880371094,1.008852697758803,0.012132761006629236,0.009023936032528023,40.972867178199,1.331252729077008,15.949999809265137,0.08282418906603617,0
2024-12-30,579.4839049805771,583.278830614674,576.0536238226567,579.8091430664062,56578800,-0.011411608606290868,-0.004956576015723635,-0.02318784069711588,586.2137329101563,582.5882189941407,1.0062231157407804,0.012546118661513315,0.009231872685443026,38.59607232188641,1.1287946499824433,17.399999618530273,0.0909090800379102,0
2024-12-31,581.4749602926895,582.194563069081,576.0634704063194,577.6997680664062,57052700,-0.0036380505985887934,-0.014478114618346694,-0.03087956101915279,584.3729797363281,582.65625,1.002946385173639,0.012335429658549696,0.009225462238127854,38.43438010085999,1.1102223482339009,17.350000381469727,-0.002873519434293592,0
2025-01-02,580.9623534016539,582.6774635941151,572.1994566718678,576.2802734375,50204000,-0.0024571493834200098,-0.027706691631231184,-0.029261340006865866,582.6358764648437,582.714755859375,0.9998646346368645,0.01233079805917253,0.009219763583783454,32.77799728044744,0.955294904297828,17.93000030517578,0.03342938968033171,1
2025-01-03,579.1289967873591,584.1264484268344,578.044689478734,583.4857788085938,37888500,0.012503473922702568,-0.01561513248705626,0.013069355572647545,583.3886169433594,582.9234619140625,1.0007979693041853,0.008835534271283462,0.009593427342531333,41.97792918146051,0.7243284784771867,16.1299991607666,-0.10039046925668937,1
2025-01-06,587.7440676720806,591.1250155334773,585.1122021784661,586.8470458984375,47679400,0.00576066668960995,0.0005881832609204718,0.01921820979360489,584.495166015625,583.3041162109375,1.002041901936891,0.008918245383652585,0.009713327960708033,44.969372037752414,0.8953153275293586,16.040000915527344,-0.005579556721748813,0
2025-01-07,588.8776099950986,589.2029082453815,578.3897946667151,580.2133178710938,60393100,-0.011304015371139453,0.000697082496060597,-0.004262948662043908,584.2467651367188,583.5275366210938,1.0012325528282515,0.009039960340959828,0.009970796338173962,38.798764283987566,1.1038386719961601,17.81999969482422,0.11097248614080613,0
2025-01-08,580.2823528072307,582.1354760178072,576.8323983436472,581.06103515625,47304700,0.001461044169524861,0.005818363232330981,-0.008743990315784433,583.7342041015625,583.7718408203125,0.9999355283757827,0.008795074633440937,0.009949034933829886,40.9212422307762,0.8548013832311859,17.700000762939453,-0.006733946910202238,0
2025-01-10,577.5025797313914,577.5715860296085,570.2773736421228,572.1896362304688,73105000,-0.015267585312093268,-0.007098346751712836,-0.034608366678402724,581.682958984375,583.8035461425782,0.9963676357017446,0.008766406857698342,0.010440414589623876,46.88624850104032,1.2795466898894634,19.540000915527344,0.1039548063998117,0
2025-01-13,567.5372072518853,573.4316812597856,567.1231694250464,573.0768432617188,47910100,0.0015505471876331445,-0.017839227492619902,-0.033175798078912244,579.7164916992188,583.8345275878906,0.9929465701425958,0.008845345523204567,0.010237199518794643,47.79127955660114,0.8246835126555778,19.190000534057617,-0.017911994118260277,0
2025-01-14,576.0042498383493,576.635112947905,570.0801769152397,573.8652954101562,48420600,0.0013758227325151307,-0.02212118230638227,-0.021546010354606238,578.4528137207031,583.9158569335938,0.9906441259506472,0.008566216570628787,0.010234559595591965,41.98555556786335,0.8215378703141681,18.709999084472656,-0.025013102460996528,1
2025-01-15,581.8889752343268,585.4473419377294,580.7751281246863,584.303955078125,56900200,0.01819008703167513,0.007050229770734218,0.007752226858561251,578.902294921875,584.4293566894531,0.9905428060648995,0.01000168463185655,0.011155992878199135,48.48292590800174,0.94851451313788,16.1200008392334,-0.13842856076827315,0
2025-01-16,585.6740294157521,585.8514484014332,582.4803673486446,583.1802368164062,43319700,-0.0019231741492636845,0.003647124023014925,0.00948670754766523,579.450341796875,584.8732250976562,0.9907281047104255,0.009931255919893946,0.011095778608851336,41.59713020715509,0.722356479221477,16.600000381469727,0.029776644990494594,1
2025-01-17,588.4242703969026,590.7899174222187,587.0935375428814,589.035400390625,58070600,0.01004005829515453,0.029440876054894316,0.022133547756269634,580.7258544921875,585.4583666992188,0.9919165691768778,0.010231199528235174,0.011337814946609218,47.033876364702145,0.9664768960817565,15.970000267028809,-0.03795181325081021,1
2025-01-21,592.081028657774,594.4368685895419,590.1096265717592,594.427001953125,42532900,0.009153272551911895,0.03725531565695439,0.01875148211302058,581.8199768066406,586.0159643554688,0.9928398067560444,0.009907462333046024,0.009141117639069673,56.42983349245903,0.7488313182758018,15.0600004196167,-0.05698183044435312,1
2025-01-22,597.2560928487167,599.1289493146973,596.7041025475482,597.7686767578125,48196000,0.00562167397124913,0.04165329658168626,0.01861069410795868,582.9121398925781,586.3586462402344,0.9941221872146757,0.009901545826327846,0.009171450564999831,65.4093050000157,0.877681395789493,15.100000381469727,0.0026560398896751103,1
2025-01-23,597.1377792345874,601.0313110351562,596.8618141810588,601.0313110351562,41152100,0.005458021479211039,0.028627832845654178,0.03587989541578862,584.9939392089843,586.6767883300781,0.9971315566687343,0.008774491069356061,0.008904981947860983,69.63001914402386,0.8119245605694901,15.020000457763672,-0.005298008058610915,0
2025-01-24,601.0903888692611,602.0465502262632,598.1234189150732,599.2766723632812,34604700,-0.002919379805443101,0.027601133458749816,0.0313489222386647,586.8155029296875,586.9091455078125,0.9998404479145678,0.00899774996071267,0.008896064844095808,69.23954438637898,0.6986179740892349,14.850000381469727,-0.011318247078086707,0
2025-01-27,586.3048878621954,591.115114198888,586.1373355152499,590.7996826171875,70361100,-0.0141453691375375,0.002995205764190878,0.03252426330074765,588.6765075683594,586.9607653808594,1.0029230951857349,0.008746310154771366,0.009193879778804646,55.99157995789979,1.3690759835020752,17.899999618530273,0.20538714873478559,1
2025-01-28,592.0319005940263,596.7139816946946,588.7100920787573,595.8761596679688,44433300,0.008592552095310735,0.002437906942454271,0.039784047592091865,590.9564392089844,587.150458984375,1.0064821208369537,0.008877661443822146,0.0093984042497318,57.19450596587676,0.8618814815734386,16.40999984741211,-0.08324021245093771,0
2025-01-29,595.0875580249451,595.4917292475947,590.651902189354,593.2048950195312,37177400,-0.004482919152070108,-0.007634695352446985,0.03370059099941303,592.8903991699219,587.2810302734375,1.0095514219042163,0.009251456209882077,0.009124979623586752,61.049590106065764,0.7411135162105998,16.559999465942383,0.009140744663317601,1
2025-01-30,595.3240359730432,597.9262410572588,592.130313990855,596.3885498046875,39281300,0.005366872073857998,-0.007724657842654636,0.020682034789490267,594.0988586425781,587.5507214355468,1.0111448032793362,0.007731024259250556,0.008724265070900954,62.53814476637829,0.7967911151805794,15.84000015258789,-0.04347822080763086,0
2025-01-31,598.8134358374799,601.2382822731704,592.4556515232641,593.2146606445312,66566900,-0.005321847914745659,-0.010115547623177346,0.017206385255617018,595.1023010253906,587.906259765625,1.0122401167537056,0.007996522713695822,0.008783838105726659,68.96674375068825,1.3373539530222753,16.43000030517578,0.03724748402174094,0
2025-02-03,584.1954832564219,591.7065212004032,582.0466619706364,589.2225952148438,65857200,-0.006729546139925269,-0.0026694113906043926,0.00031779893720251806,595.1210205078125,588.1348010253906,1.0118786024398518,0.007818037161441613,0.008932319729144605,63.79250654347894,1.3026136057505735,18.6200008392334,0.1332927871807601,1
2025-02-04,589.281761222817,593.6878166788046,588.7396375989994,593.17529296875,33457800,0.006708326846265988,-0.004532597344931055,-0.0021057404530114843,594.995849609375,588.4001550292969,1.0112095391608957,0.007535154294470594,0.008633604411260879,65.64953161465078,0.6646865809609604,17.209999084472656,-0.07572511768043466,0
2025-02-05,592.0515554519985,595.7282015036632,590.021013481686,595.580322265625,30653100,0.004054500120593607,0.0040043958942981295,-0.0036608718008723784,594.7770141601562,588.7096789550782,1.0103061584036586,0.007416323894986518,0.008590948674633036,60.50694389153653,0.6194436321875223,15.770000457763672,-0.08367220821110855,0
2025-02-06,597.3250923662002,597.7785366008171,594.0131505968404,597.650390625,35771500,0.003475716510411786,0.0021158032305041985,-0.005625198468168446,594.4389221191407,588.9983215332031,1.0092370392020393,0.007269104926071426,0.008120098329950457,63.24915194563511,0.7413197009728351,15.5,-0.01712114457363567,0
2025-02-07,598.2121736064561,599.4344333824486,591.4699514014874,592.1796875,50788500,-0.00915368451324683,-0.0017446857152969564,-0.011842584887033714,593.7292236328125,589.1413977050781,1.007787308692965,0.007747437355947335,0.008463308947970831,52.89938270771143,1.0487424630379119,16.540000915527344,0.06709683325982874,1
2025-02-10,595.3931329282537,596.8420848342793,594.1215398587573,596.2013549804688,26048700,0.0067912958944049695,0.011844012470499932,0.009142984538096366,594.2693908691406,589.3252172851562,1.0083895503517746,0.0065922698758152,0.007630564754129758,51.67855917944549,0.5653520436217456,15.8100004196167,-0.04413545680190001,0
2025-02-11,593.93424024475,597.1969087784863,593.8159609148958,596.65478515625,30056700,0.000760531944440368,0.005865875111024321,0.0013066901161393751,594.3472534179688,589.4568054199219,1.0082965332711071,0.006021296858016714,0.007635521020192654,48.88533281213735,0.6652285734868898,16.020000457763672,0.013282734508116123,0
2025-02-12,590.6322360789388,595.9057140143801,589.9520997695843,594.7327270507812,45076100,-0.0032213905817672916,-0.0014231417378254285,0.002575555333540702,594.5000366210937,589.5857104492187,1.0083352192646098,0.005925979443811556,0.007725414947621963,43.52325817845872,1.0013508743362534,15.890000343322754,-0.008114863341212808,1
2025-02-13,595.8366651794477,601.2186155981716,594.5749988790903,601.0115966796875,40921300,0.010557464459779231,0.005624033895757163,0.007751736475346549,594.9623413085938,589.7671020507812,1.0088089675394698,0.006609612017114813,0.00703130202151539,51.6321367584185,0.9254790281738574,15.100000381469727,-0.04971679954588537,0
2025-02-14,601.2184922163688,602.253466271534,600.3609371281675,600.98193359375,26910400,-4.935526386073974e-05,0.014864147284264995,0.013093528303531166,595.7390686035156,589.9266809082031,1.0098527289634778,0.0062692381472799295,0.006996610312799932,61.389150589166974,0.6201141675200503,14.770000457763672,-0.021854299031079605,0
2025-02-18,602.1451966252264,602.7464599609375,599.6809434502483,602.7464599609375,26749000,0.0029360722320486143,0.010978010911570468,0.022952047080208482,597.091455078125,590.1160510253907,1.0118203937015673,0.005599762612545502,0.0067164389212658665,58.299551558926275,0.6394723379026436,15.350000381469727,0.03926878170143766,0
2025-02-19,601.3566689008733,604.4615919136522,600.8440849703791,604.1658935546875,31011100,0.002354943061535275,0.012588700510414164,0.018528419366442783,598.1905151367188,590.2601293945313,1.0134354081315338,0.005382772937041952,0.006458356355595772,63.65422426731669,0.7517166334858125,15.270000457763672,-0.005211721284556381,0
2025-02-20,602.7957307474628,602.9337433637311,598.3404019341449,601.65234375,36554000,-0.0041603636211549055,0.011634834244842018,0.010195134488790059,598.7977172851563,590.3735852050781,1.014269154805007,0.005630220677795242,0.006446988023443421,56.66849148982893,0.8987596015992482,15.65999984741211,0.025540234312838583,0
2025-02-21,601.4354715890964,601.5734842084402,590.8983224108222,591.3616333007812,76519800,-0.017104081046337205,-0.01605620163107979,-0.0105224683575329,598.1688415527344,590.2586303710938,1.0134012630644087,0.007928632548932097,0.007407401257073099,48.011110528798284,1.8030115225037138,18.209999084472656,0.1628352019097845,0
2025-02-24,593.4118132885562,594.4073810554311,587.9608571639533,588.6705932617188,50737200,-0.0045505827357145145,-0.020485375090082858,-0.005925725438330365,597.8179321289062,590.1513525390625,1.0129908701502743,0.007528020249868359,0.0074410488637652854,49.39050360953413,1.1732061372657563,18.979999542236328,0.04228448635234905,0
2025-02-25,588.6114660308307,589.3408752561445,581.129967827771,585.7430419921875,58266500,-0.004973156979543036,-0.0282099010085467,-0.017541578698062277,596.7721008300781,590.0224633789062,1.011439627929619,0.007160329575442184,0.006837729574365833,41.60355137299898,1.366414574963727,19.43000030517578,0.023709208313628327,0
2025-02-26,587.4088964020577,591.0067297705009,583.3970853838995,586.0387573242188,43321600,0.0005048550487694037,-0.03000357422332367,-0.01779257972304904,595.710498046875,589.8079272460938,1.0100076152389834,0.007150839120728751,0.006508692044204091,38.68114554809151,1.0172659966625421,19.100000381469727,-0.016984041097423352,0
2025-02-27,588.3157098294636,589.4690234968429,576.290203877955,576.6844482421875,74196700,-0.015961929079130965,-0.04149887516799444,-0.030346873457079315,593.9056701660156,589.4678039550781,1.0075285981374407,0.008454245663650406,0.007306661995287612,28.79367439012043,1.6696952805606644,21.1299991607666,0.1062826564792283,1
2025-02-28,577.1871598716435,586.2161558854355,574.1117771132394,585.6838989257812,88744100,0.015605502647115355,-0.009601120626153592,-0.0255031647285755,592.372900390625,589.3100256347657,1.0051973912246956,0.009448870979636391,0.008118278702914337,43.86749780173302,1.8917783920456035,19.6299991607666,-0.07098911782188544,0
2025-03-03,587.6553155599406,588.798762606637,571.6081318173137,575.4227905273438,74249200,-0.017519874487343268,-0.02250461104396484,-0.042528970735555616,589.8169860839844,588.8963354492188,1.0015633492337208,0.010494488199180432,0.008891417258612477,32.45095653823472,1.5699322490288252,22.780000686645508,0.16046875499488777,0
2025-03-04,571.4208567458912,577.0196322682823,564.0675042327628,568.611572265625,109648200,-0.011836893452684794,-0.029247414819126405,-0.05663224915086962,586.4034973144531,588.3955407714843,0.9966144484126795,0.010404148224307817,0.009120404520204576,28.612299161547767,2.2158280214392208,23.510000228881836,0.032045633021612785,1
2025-03-05,568.4439889843314,576.5168836727693,564.8856223320056,574.722900390625,71230500,0.010747808210532117,-0.0193090589865772,-0.048733292425414576,583.4591979980469,588.3708312988281,0.9916521468442976,0.011420731203928794,0.009358929935140828,35.655724435335884,1.3865435559074069,21.93000030517578,-0.06720544059225653,0
2025-03-06,567.2512250409341,571.8741654048467,561.9678818142961,564.5208740234375,80094900,-0.017751209078763708,-0.021092252887738194,-0.061715823286132565,579.7460510253907,588.1456176757813,0.9857185594894274,0.012107652608105313,0.009926194371197038,25.234210081555148,1.4875141146405966,24.8700008392334,0.1340629499838053,1
2025-03-07,562.7368186254731,569.1340095542192,557.5421542389136,567.6849975585938,81158800,0.005604971721603569,-0.03073142594529199,-0.04003749044393112,577.3783874511719,587.84537109375,0.9821943249751152,0.01198173915230666,0.010006194545271045,28.324026475078085,1.4463157386374723,23.3700008392334,-0.06031362884530711,0
2025-03-10,559.4742288830657,561.396298293426,547.6458132504099,552.564453125,99326600,-0.026635448353614644,-0.03972442137961785,-0.06133504977148774,573.7677734375,587.1729272460938,0.9771700070174123,0.013963318846030621,0.011296459120257365,22.171232913805426,1.6966994282817174,27.860000610351562,0.1921266414154501,0
2025-03-11,551.4012894751355,555.9552243228402,544.1268096197261,547.9710083007812,88102100,-0.008312957516975139,-0.03629993649725016,-0.06448567201573352,569.9905700683594,586.2783056640625,0.9722184235057881,0.013970081589530685,0.01108248327447354,19.896496185307655,1.4292140613142552,26.920000076293945,-0.03374014764767641,1
2025-03-12,554.1316472627199,555.0582088315019,545.7729200294035,550.8788452148438,69588200,0.005306552481817439,-0.04148791558431908,-0.05999588196164851,566.4745788574219,585.4410522460937,0.9676031031375313,0.014317909646593784,0.011234086607070514,22.915140468808914,1.0938047068770407,24.229999542236328,-0.09992572535044164,0
2025-03-13,550.5041922476157,551.1153221105548,541.8201680493273,543.5352783203125,74079400,-0.013330638775332249,-0.03717417135270318,-0.057482337217378054,563.1596618652344,584.5817163085937,0.963354901725919,0.014139091665539795,0.011426635182784185,23.659046398631702,1.1384486482964318,24.65999984741211,0.017746608060236646,1
2025-03-14,548.1583018697701,555.7679467233177,543.604366956188,554.7625122070312,62660300,0.020655943292980483,-0.02276347870233919,-0.05279535048763295,560.0675231933594,584.0807836914063,0.9588870903331516,0.015049988313951589,0.012312469813349358,32.929789522200025,0.9471392706760223,21.770000457763672,-0.1171938121464231,1
2025-03-17,554.742702735982,561.5637976935186,554.3089918436672,559.0404052734375,49008700,0.007711215109664327,0.01171981315810866,-0.028470171017892176,558.4292846679688,583.7075964355469,0.9566935364179909,0.014889171971256386,0.01256077331250386,36.737513747640016,0.7286201514383717,20.510000228881836,-0.0578778228014456,0
2025-03-18,556.7239657249663,556.9408512500528,551.0660510727529,552.998046875,66041400,-0.010808446655089399,0.009173913397001021,-0.02745903557399143,556.8679321289062,583.2419519042969,0.9547803108310727,0.014823098367399486,0.012564061980213247,34.47574944351307,0.9539837547406563,21.700000762939453,0.05802050320710772,1
2025-03-19,554.7821274868575,562.7860150364035,553.5992742185309,559.0206298828125,66556000,0.010890785314426,0.014779628476736084,-0.02732146308619343,555.297705078125,582.7526489257813,0.9528874833975179,0.014837552555332143,0.0129386533430298,41.43237770435894,0.9373528696397017,19.899999618530273,-0.08294935857713559,0
2025-03-20,555.2750866351008,562.4115538615378,554.5554838320709,557.4041748046875,62958200,-0.0028915839446995717,0.025516092584153993,-0.01260661836652388,554.58603515625,582.1637915039063,0.9526288705169819,0.01387167633833855,0.012939882683497305,35.225070265699046,0.8704971294619438,19.799999237060547,-0.005025144893802347,0
2025-03-21,552.9413897854555,558.4877939738346,551.7055567482902,557.5880737304688,83763000,0.000329920251935123,0.005093281289315188,-0.017786138213178426,553.5763427734375,581.7112866210938,0.9516341791972444,0.01368398051736681,0.012573732272455248,39.585507444727675,1.1523860387983587,19.280000686645508,-0.02626255406322109,1
2025-03-24,564.3307537296456,568.6314886589248,563.7375780431137,567.5736083984375,58766800,0.01790844377492129,0.015264018565574355,0.027162723169313452,555.0772583007813,581.4415380859375,0.9546570410639297,0.011786596727380697,0.013391198953327646,49.41555317277027,0.8040547252177715,17.479999542236328,-0.09336105188294774,0
2025-03-25,568.7797068467552,569.8771119506348,567.1879685958952,568.9379272460938,38355700,0.0024037742901859005,0.028824478605612214,0.0382628252730548,557.1739501953125,581.37650390625,0.95837025826066,0.01113876188994581,0.01339898705801442,46.55868651990952,0.5320343913626545,17.149999618530273,-0.018878714665219953,0
2025-03-26,568.6710483477373,569.7981425644431,560.7617168790538,562.1458740234375,51848300,-0.011938126986071662,0.005590570318093846,0.020452825347104353,558.3006530761719,581.1578845214843,0.9606694978179076,0.012169799067603383,0.01359484990690704,48.52743945820429,0.7149630258227326,18.329999923706055,0.06880468404796991,0
2025-03-27,560.7517966033342,564.4296669577193,558.5371935416607,560.6529541015625,42164200,-0.002655751809027329,0.005828408619317216,0.031493219417420004,560.0124206542969,580.8936376953125,0.9640532867189568,0.01108652850549015,0.01319486377243075,45.5476850188004,0.5945550890806085,18.690000534057617,0.019639967913255507,0
2025-03-28,559.1204968505267,559.8521002775326,548.7790253468997,549.3623046875,71662700,-0.02013839279979468,-0.014752412095071055,-0.009734268990252093,559.4723999023438,580.1948046875,0.9642837119227264,0.011433574730632116,0.013201569793039799,47.86923303111186,1.022829972270734,21.649999618530273,0.15837340823392898,1
2025-03-31,543.5984615291653,554.3551567474991,540.6719872727307,553.0501098632812,95328200,0.006712883545730408,-0.02558874887812035,-0.010715317450491368,558.8733703613282,579.5922021484375,0.9642527423414107,0.011353929392311519,0.012918725418541843,53.42095656549379,1.340439733841828,22.280000686645508,0.029099357007656312,0
2025-04-01,551.1321177898429,556.5598868781194,547.4048260096515,554.6121826171875,54609600,0.002824468752555598,-0.025179802475551405,0.002918881452310673,559.0347839355469,578.9037377929687,0.9656783113317408,0.01085535815045659,0.012740004640152843,52.56096243653802,0.7987926017308812,21.770000457763672,-0.02289049430718948,1
2025-04-02,548.7592465118332,560.9890444564371,548.52197624234,558.1219482421875,76014500,0.00632832407041195,-0.0071581523003088066,-0.0016076001359974779,558.9449157714844,578.17763671875,0.9667356194258664,0.010451214244070837,0.012559491871071237,60.561549081408444,1.1080123455674404,21.510000228881836,-0.011943051144452932,0
2025-04-03,538.9318440966172,541.7594150841727,530.6171875,530.6171875,125986000,-0.04928091580847893,-0.05357283214478792,-0.04805666788210472,556.2662170410156,576.8346069335937,0.9643426562044916,0.018790502414213282,0.016178717098438926,35.85230495452032,1.7769801478682297,30.020000457763672,0.395629945993925,0
2025-04-04,517.7349353008444,519.910013527285,499.3358674214966,499.5533752441406,217965100,-0.058542793161707296,-0.09066681317294378,-0.10408167107674071,550.4627471923828,574.8050482177734,0.9576512052201599,0.025163781148966263,0.020239188990523745,23.471473890931065,2.8037973095958604,45.310001373291016,0.5093271379872046,0
2025-04-07,483.6457288710085,517.2405945444942,476.3394695378794,498.66357421875,256611400,-0.0017811931006487258,-0.09833925475211658,-0.1214116251355235,543.571743774414,572.7927862548828,0.9489849677201313,0.023389755279519156,0.01967173626538984,24.60209136692042,2.99767451070044,46.97999954223633,0.03685716438600095,0
2025-04-08,515.9454154101668,519.0300496454024,483.61604333672847,490.85308837890625,165816600,-0.01566283611567243,-0.11496158259165035,-0.13724667512526711,535.7632598876953,570.7938543701172,0.9386282907318986,0.022791588712239703,0.019806443715104878,18.659850457198246,1.8529227237047503,52.33000183105469,0.11387829589075582,1
2025-04-09,487.84750052411823,542.402099609375,487.46190618546177,542.402099609375,241867300,0.10501922561130206,-0.028165616282108896,-0.03512215481143832,533.7888824462891,569.7243731689454,0.9369247790422335,0.04417797250833115,0.03163433814191182,45.27305777164427,2.4654381708562525,33.619998931884766,-0.35753873962348437,0
2025-04-10,526.1385878330984,527.4535310578508,503.5475844453038,518.6346435546875,162331200,-0.04381888652681143,-0.022582276314433325,-0.07494531196078091,529.5870513916016,568.2329681396484,0.9319893091128263,0.046049614285772665,0.03299981326702729,39.31438670818489,1.5834755553682673,40.720001220703125,0.21118389394369697,1
2025-04-11,517.0823733080597,530.3502582115377,514.1756919605745,527.8884887695312,97866300,0.017842705515039414,0.05672089296072258,-0.03908862281729353,527.4396697998047,566.8629669189453,0.9304535674055109,0.046395378367552816,0.03290475100663188,39.06979418228838,0.9385308574182799,37.560001373291016,-0.07760313734483593,1
2025-04-14,537.883883195208,538.1113174755011,527.8093712828247,533.009765625,68034000,0.009701436883774672,0.06887647941813224,-0.036236036989912845,525.4356353759765,565.6588690185547,0.9288913586516068,0.0464747100167522,0.03293858551062552,40.30518283795335,0.6465430913500843,30.889999389648438,-0.17758258093104407,0
2025-04-15,533.5535570239268,537.0732068479572,530.7259857198238,531.5169067382812,56892900,-0.0028008096342629907,0.08284315474854509,-0.04164220801988294,523.126107788086,564.5047552490234,0.9266992047875949,0.04643394026843179,0.03287291962262804,41.49178908690659,0.5430271480644727,30.1200008392334,-0.024927114458703215,0
2025-04-16,525.6541840661512,531.7938245981206,514.3932584360665,519.702392578125,83484800,-0.02222791789005818,-0.04185033031324503,-0.06883720625047163,519.2841522216797,563.035297241211,0.922294134605938,0.04665361383215487,0.033050768943639425,39.241549215373624,0.79045344688142,32.63999938964844,0.08366528818726215,0
2025-04-17,521.6599483491107,525.1499093262158,517.9721816819745,520.44384765625,79868100,0.0014266916772247562,0.0034883980930435765,-0.019172654191021654,518.2668182373047,561.5325677490234,0.9229505962848155,0.04413309235100452,0.033066533267485314,41.956769588780084,0.7502040519966615,29.649999618530273,-0.09160538685752617,0
2025-04-21,515.2533374613439,515.7872559194974,502.6972926989157,508.0558776855469,69368100,-0.02380270230206527,-0.03756969796824461,0.017020208175454465,519.1170684814454,559.7406774902344,0.9274242329663493,0.0403092739608238,0.03338061538979221,38.0632327545377,0.6560121896588199,33.81999969482422,0.14064081382610993,1
2025-04-22,514.2449494916972,523.3011070538847,513.305704354498,521.2743530273438,75948100,0.026017758916625056,-0.02201725625776385,0.04534275206288685,521.3781463623047,558.3225708007812,0.9338296060904568,0.04094326141823682,0.033709950989092526,41.670768707134435,0.7124510048695063,30.56999969482422,-0.09609698490025054,1
2025-04-23,534.3049123051696,539.2482437222484,527.8291602174767,529.3516845703125,90590700,0.015495355748962103,-0.004073665654881764,0.0784320137794221,525.2280059814453,556.9855773925781,0.9429831351113259,0.04036322825635118,0.03396126249511888,42.97234002774853,0.8294871379897825,28.450000762939453,-0.06934900075395489,1
2025-04-24,530.6369834977514,541.2256220112762,529.3814182452572,540.4940185546875,64150400,0.021049019601060648,0.040006792875091346,-0.003517834934749775,525.0371978759765,555.8623620605468,0.944545329404381,0.023004999449036955,0.0343068694321595,52.62220521135373,0.5840987194432459,26.469999313354492,-0.0695958311594923,1
2025-04-25,540.4544620384363,544.8045575926888,537.5279880397045,544.3992309570312,61119600,0.007225264791618891,0.046028756817207306,0.04967772153775729,527.613656616211,554.8556921386719,0.9509024852616048,0.017146544548275744,0.03435916479051805,63.912419041956646,0.5517415449478216,24.84000015258789,-0.06157911609556577,0
2025-04-28,545.1407910444296,547.2762839575454,538.8429907853031,544.6068725585938,47613800,0.00038141420809401083,0.07194286392188842,0.03167029428512791,529.2854949951172,553.72759765625,0.9558589769327223,0.016572020825348262,0.03406017364553697,64.31345756134516,0.43453820220038025,25.149999618530273,0.01247984959895776,1
2025-04-29,542.6888178923871,549.1547344204944,542.3329124899421,548.0375366210938,47775100,0.006299340378101537,0.051341838397229056,0.028194175726728776,530.7882720947266,552.6687097167969,0.9604094872074765,0.016459321623102593,0.0340560765054638,68.31542862415436,0.4456812065560851,24.170000076293945,-0.038966185172991996,0
2025-04-30,541.3640897959557,550.2126665027023,535.3826699025942,548.2550659179688,93101500,0.00039692408336877705,0.03571043957855835,0.031491301532444727,532.4620880126953,551.5788818359375,0.9653416864699176,0.01636692622308277,0.03405012314675826,52.79301703508841,0.853200745690936,24.700000762939453,0.021928038269446892,1
2025-05-01,554.0189932525213,557.6770710508032,551.5374308999284,552.1405029296875,63186100,0.007086914929300692,0.021547850624033416,0.062416703895944003,535.7058990478515,550.5383740234375,0.9730582359460477,0.0137111005877407,0.034058008154900926,69.73334675346617,0.5824738839656816,24.600000381469727,-0.004048598315015806,1
2025-05-02,558.3295262045715,561.9381825044319,556.006184429092,560.3365478515625,60717300,0.014844129127253636,0.029275054019665125,0.0766513051791542,539.6951690673828,549.7120581054687,0.9817779346652715,0.013852477091392517,0.032138675685305304,69.35146991804102,0.5770760597638636,22.68000030517578,-0.07804878237889012,0
2025-05-05,556.194064255589,560.2278400664005,555.3339293144951,557.1234130859375,38659200,-0.005734294466325229,0.022982707633747435,0.09657901336348718,544.6019226074219,549.0272937011719,0.9919396154899384,0.00994252659841246,0.02879365809417557,64.71589770484769,0.40165350434609826,23.639999389648438,0.042328001391321646,0
2025-05-06,551.6066009560054,556.9651555946843,550.6476235760448,552.4667358398438,48264700,-0.008358430352621848,0.00808192673454089,0.05983870610811315,547.7211608886719,548.3032165527344,0.9989384420034557,0.009453241974260434,0.028922649691974597,62.309754717265335,0.5623107439476219,24.760000228881836,0.04737736328892761,0
2025-05-07,553.8014947566288,557.4298834610689,549.738030089525,554.7901611328125,55588000,0.00420554784974847,0.01191980817158833,0.04805590933964643,550.2650085449219,547.6841589355469,1.0047122955215484,0.008829361227100098,0.028494865997204834,73.2051732280604,0.6920699549908019,23.549999237060547,-0.048869183385945925,1
2025-05-08,558.8337754612519,563.8463212534109,555.333918196641,558.6558227539062,65130800,0.006967790512363292,0.011800112090397441,0.0336022297671017,552.0811889648437,547.1365002441406,1.0090373950897018,0.006837459426962085,0.01661183093846178,74.26849330786311,0.9111173486684917,22.479999542236328,-0.04543523267467309,0
2025-05-09,560.0597310271954,561.0681900796083,556.3819209310694,557.9440307617188,37603400,-0.0012741154091596707,-0.004269785897452416,0.02488026990941239,553.4356689453125,546.7616918945313,1.0122063728123598,0.006827911078442495,0.012767452071208867,87.20144697263123,0.5763137020983509,21.899999618530273,-0.025800708875297285,1
2025-05-12,574.8797762427796,576.3924646775216,570.4999916854949,576.382568359375,78993600,0.03304728894130027,0.03456892103449749,0.05834611607359497,556.6132385253907,546.5756652832031,1.01836447152653,0.011750806309925333,0.014040746868059813,88.1258682791499,1.2284301676507605,18.389999389648438,-0.16027398584573105,1
2025-05-13,576.7978469712151,582.4036289948938,576.234360216526,580.1890258789062,67947200,0.006604046909964634,0.050179111683384736,0.05866658232215505,559.8283874511719,546.6709899902344,1.0240682196455542,0.011752789404723456,0.013997339443522147,87.38009605778906,1.0567188236049765,18.219999313354492,-0.009244158887228515,0
2025-05-14,581.1479585868793,582.3046813078995,578.9036666864055,580.9304809570312,66283500,0.0012779543304903829,0.04711748991878917,0.05959892953173629,563.0959289550781,546.9173681640625,1.0295813622546401,0.011711192739018468,0.013917270205369633,85.10129668659857,1.0233720397037505,18.6200008392334,0.021953981391520827,0
2025-05-15,578.9235156986,584.2721745648568,578.4687074145315,583.7680053710938,71268100,0.00488444746329697,0.04495108006463888,0.05728161993838343,566.2586791992187,547.0982702636719,1.0350218781103302,0.011706404010784184,0.012410975616258143,84.81991319556909,1.1108067451006185,17.829999923706055,-0.0424275445714678,1
2025-05-16,584.5489982766968,587.7621640177526,582.6013544692614,587.465576171875,76052100,0.006333973028259221,0.05291130253665899,0.04841559670581974,568.97158203125,547.5571643066406,1.0391090083749082,0.011264457055235504,0.012366269859555206,85.702547999337,1.1889073086703499,17.239999771118164,-0.03309030595134499,0
2025-05-19,581.4346564328234,588.7903364922698,581.4346564328234,588.108154296875,68168500,0.0010938140906693317,0.020343408321448653,0.055615579031782714,572.0700561523438,547.9656274414062,1.043988942926014,0.010750486374706672,0.010267750166601013,85.00606258378043,1.0666647263800817,18.139999389648438,0.05220415490016572,0
2025-05-20,586.3681289429425,587.317209981726,582.917632829089,586.1307983398438,60614500,-0.003362231831992357,0.010241097635268925,0.06093409850065434,575.4364624023438,548.6369543457031,1.0488474351652113,0.010134435214252979,0.009538549949161968,82.10153204380106,0.959980222169589,18.09000015258789,-0.0027562976153725494,0
2025-05-21,581.7708648204313,585.8639582409971,575.2258980125081,576.2540893554688,95197700,-0.01685069102724135,-0.008049829979412615,0.038688372156473694,577.5828552246094,549.2026159667969,1.0516753533809247,0.012463394275765274,0.010521671558142813,68.55321574922068,1.5022102512388997,20.8700008392334,0.1536761007847649,0
2025-05-22,576.0563267018498,579.971467292194,574.8204937262445,576.4815063476562,70860400,0.0003946470773714683,-0.012481840313954162,0.03190816754737802,579.3654235839844,549.7146691894532,1.0539384448995164,0.012455325537781272,0.009779252438145114,64.15819644491546,1.1122814819128528,20.280000686645508,-0.02827025054444432,0
2025-05-23,569.4519785383726,575.215919785119,569.0762805285291,572.5465087890625,76029000,-0.006825886893621624,-0.025395645273430634,0.026171940593052057,580.8256713867188,550.2948937988281,1.0554807575573324,0.012796702188107982,0.009982991879992886,63.3560680858621,1.1796087752690052,22.290000915527344,0.09911243396581493,1
2025-05-27,579.4277528567243,584.6083553931982,571.8743267058999,584.4501953125,72588500,0.020790776540780653,-0.006219874622803601,0.013997000249485136,581.6324340820313,550.8886474609375,1.0558076242137007,0.00979857889270107,0.010760298411258955,74.60827618982321,1.1048232413708918,18.959999084472656,-0.14939442325168273,0
2025-05-28,584.8555180607121,586.051826179252,580.3373051792158,581.0689086914062,68445500,-0.00578541447708103,-0.008636109316853546,0.0015165450797127722,581.7204223632813,551.3292175292969,1.0551235158009187,0.00985535458113001,0.010938052224276826,69.89517110592959,1.0256315353657108,19.309999465942383,0.018459936622906348,0
2025-05-29,586.3384441000501,586.4768718669775,579.4276761926377,583.362548828125,69973300,0.003947277340796251,0.012335633887833986,0.004186504152936088,581.9636291503906,551.9365075683594,1.0544032169829103,0.0099238525826553,0.010922606034617574,69.16111344106228,1.0670147275245556,19.18000030517578,-0.0067322198012426115,0
2025-05-30,582.2552747565533,584.430352826958,576.6297607292682,582.7100830078125,90601200,-0.0011184568183596477,0.010804469166093345,-0.0018122308066690351,581.8578369140625,552.4102966308594,1.0533073703781468,0.009807496117962963,0.010921618078542375,69.22481406131405,1.3532802608540115,18.56999969482422,-0.03180399377715093,1
2025-06-02,581.0985818518681,586.0715425417425,578.429170462151,585.9924926757812,61630500,0.005633006470431523,0.023484526899233193,-0.002507523088744801,581.7105285644532,552.9820629882812,1.0519518941010946,0.009758480408152527,0.01057362733439662,59.75516819640076,0.9199270661826404,18.360000610351562,-0.01130851308151537,1
2025-06-03,585.6266079138771,590.3128764026674,585.1421107506463,589.3341064453125,63606200,0.005702485631296383,0.008356419712035823,0.0020845692063278243,581.8331237792969,553.6169836425781,1.0509668976393531,0.009934057614905796,0.010424830699573532,59.371743598532376,0.9320636522768454,17.690000534057617,-0.03649237766997637,0
2025-06-04,590.1942585782981,591.173028564345,588.7408877328025,589.1759033203125,57314200,-0.0002684438644731113,0.01395186441340246,0.005195265270300897,582.1376342773438,554.0490295410157,1.0506969658616625,0.009856848343206636,0.010118870232153833,58.55201935603945,0.834330861385307,17.610000610351562,-0.004522324550077617,0
2025-06-05,590.8566609128592,592.2111289512687,584.3512195951713,586.3285522460938,92278700,-0.0048327690561892345,0.005084322646229156,0.017482674876794668,583.1450805664062,554.3968420410156,1.0518549824698746,0.00806830214423073,0.01027550035818924,52.65521676168872,1.3083731317794034,18.479999542236328,0.04940368550432428,1
2025-06-06,591.8749474768216,594.0203968199735,590.0953601848463,592.3495483398438,66588700,0.010268979858962801,0.016542472171194644,0.027525673967792486,584.731884765625,555.0009155273438,1.053569225575118,0.00847605969696108,0.01037173247727235,54.83172092809812,0.9431527951521085,16.770000457763672,-0.0925324202830431,0
2025-06-09,592.9229477814916,594.4356362447949,591.7069074945726,592.8834228515625,53016400,0.0009012828881442836,0.01175941716303508,0.035520108410952655,586.765576171875,555.6455249023437,1.0560070222377849,0.007833855760441436,0.010336082949213569,54.7343630109963,0.7428086490542838,17.15999984741211,0.0232557769232431,1
2025-06-10,593.4172416440205,596.6304070325093,592.3001042710282,596.244873046875,66247000,0.005669664668890739,0.011726398533501214,0.02018080895339347,587.9450439453125,556.5831762695312,1.056347135545818,0.005119866639583713,0.007614719796565919,59.759586786107626,0.9365445046310512,16.950000762939453,-0.012237708994171426,0
2025-06-11,597.3423765043648,598.2025114763902,592.4781545343917,594.54443359375,73658200,-0.0028519145907881516,0.009111931162125053,0.02319092400364564,589.2925964355469,557.4130627441406,1.0571919386575972,0.00468942262245032,0.007589217434832455,70.95602067147323,1.037131072719083,17.260000228881836,0.01828905321468688,0
2025-06-12,593.2096852350186,596.9072875976562,592.7252483956809,596.9072875976562,64129000,0.003974226097154476,0.018042333621717255,0.023218389313369947,590.6470703125,558.25896484375,1.0580162747190545,0.0046904788083836895,0.007613646550802315,72.3109354624511,0.9043285692820897,18.020000457763672,0.04403245763636199,0
2025-06-13,591.7168864341237,595.0288949944265,588.7310943639458,590.23388671875,89506000,-0.011179962144145295,-0.00357164384951969,0.012911744502688949,591.3994506835937,558.9012036132813,1.058146675763466,0.006307513591130658,0.008059357323183941,68.22927150851484,1.2461629108859722,20.81999969482422,0.15538286159444614,1
2025-06-16,593.5952983788304,597.5993850121447,593.4172853343232,595.8494262695312,79984100,0.009514092086442716,0.005002675574404369,0.016820921286450075,592.3851440429687,560.2058483886718,1.0574419130875814,0.00671018942833685,0.008208803935219822,63.49803345653441,1.1105527931234231,19.110000610351562,-0.08213252207192667,0
2025-06-17,593.4074309844862,594.9299553868199,589.9965201271316,590.7578125,82209400,-0.008545134970438073,-0.009202696400281929,0.0024157876476467166,592.5275146484375,562.0299371337891,1.054263261615882,0.00725405278853766,0.008465912510646425,61.02619313880072,1.1304312851650953,21.600000381469727,0.130298257016767,0
2025-06-18,591.6574895866379,594.4059506456396,589.7097855095001,590.6688232421875,76605000,-0.00015063576973428638,-0.006518621876814512,0.0025339120514971114,592.676806640625,563.8700421142578,1.051087595323126,0.00725318580653945,0.0084239696129694,58.75397090053882,1.0419124782637377,20.139999389648438,-0.06759263731651588,0
2025-06-20,593.3471688844512,594.4181022000307,587.8735769623825,589.2816772460938,94051400,-0.002348432728309091,-0.012775200621612304,0.005036638568405527,592.972119140625,565.8386138916015,1.0479527281858876,0.007099650869873427,0.007423973822320324,57.73749894000958,1.2802007346650264,20.6200008392334,0.023833240522920462,1
2025-06-23,590.0351069773628,595.4888465716903,586.9116378864132,595.1021728515625,87426000,0.009877272330390152,0.0082480627465773,0.004646959754478486,593.2473815917969,566.8926153564453,1.0464898739574875,0.007040754873341685,0.007672219071070985,60.120974577707855,1.1767506346203815,19.829999923706055,-0.03831236097838653,1
2025-06-24,599.2470472798032,602.737399696003,598.3347417480489,601.6764526367188,67735300,0.011047312688599487,0.009779360540244308,0.014830959082756667,594.1266845703125,568.5534515380859,1.0449794702029234,0.007797605097640191,0.007677769146929863,62.79354024818141,0.9168319916707871,17.479999542236328,-0.11850733184624906,0
2025-06-25,602.7968833801484,603.4910078317407,600.4468221319722,602.0135498046875,62114800,0.0005602631887811071,0.019053048586958,0.009675012765030466,594.7035522460938,570.0359527587891,1.0432737608354727,0.00766026428630043,0.006362956562620552,63.25777822600978,0.8467577552742926,16.760000228881836,-0.041189893147009715,1
2025-06-26,603.8679120398481,607.1599955272326,603.2531315625092,606.7236938476562,78548400,0.007823983437742932,0.027180832936709587,0.020485029487683937,595.9214782714844,571.5102313232422,1.0427135781834067,0.0078078920470726326,0.006269776377917551,70.28224240069923,1.063459714093423,16.59000015258789,-0.010143202504316884,0
2025-06-27,607.7252035075089,611.2056913389495,605.692457719191,609.7380981445312,86258400,0.0049683312642012645,0.034714164190607466,0.021495483157048634,597.2045593261719,573.0746551513672,1.0421060396894208,0.007841267470941769,0.0062890412407492335,68.39212395093608,1.1551106257217483,16.31999969482422,-0.01627489181918751,0
2025-06-30,612.1873024714439,614.0117925800773,609.8669572755672,612.6533203125,92502500,0.004781105489127135,0.029492662372307077,0.03798398244869494,599.4465026855469,574.9336737060547,1.0426359249780606,0.006297392526110594,0.006261905932709828,69.9080288525364,1.2371521874065057,16.729999542236328,0.02512254013963844,0
2025-07-01,611.1758893553448,613.625146088841,610.3429883405835,612.455078125,70030100,-0.0003235797161743603,0.017914321627589436,0.027868872777863984,601.1070678710937,576.7738983154297,1.0421884028156152,0.006061362965746488,0.006248052926989713,67.43412674447609,0.9313691133014295,16.829999923706055,0.005977309277102272,0
2025-07-02,612.0484833566157,615.2711481262035,611.4237773441516,615.2315063476562,66510400,0.0045332765158159205,0.021956244252736568,0.04142762622822915,603.5544372558594,578.9174108886718,1.042557065833222,0.0045784320053818255,0.006219249945109712,71.74571645244117,0.8828536802604874,16.639999389648438,-0.011289396014196651,1
2025-07-03,617.2147368961759,621.0125406459644,617.1948857443227,620.0804443359375,51065800,0.007881485161686852,0.022014552297400458,0.04979375910228212,606.4955993652344,580.8935327148438,1.0440735956049256,0.0044573264968601044,0.006317231643272737,73.14910901882931,0.6806660545899886,16.3799991607666,-0.015625014328040088,0
2025-07-07,618.1169852960921,618.7813935886118,612.6731706581298,615.4595336914062,74814500,-0.007452114780816754,0.009383431286786426,0.044423333451754754,609.1133850097656,582.6156896972657,1.0454805728391359,0.005538119741499056,0.0065033751165639335,76.27701631310376,1.0089606119050192,17.790000915527344,0.08608069761920256,0
2025-07-08,616.1238907210633,616.8775081543645,614.3093261623386,615.1224365234375,59024600,-0.0005477162177452977,0.0040302013048392205,0.033641725043522364,611.1154113769531,584.1082580566406,1.0462365545218737,0.00536467067213313,0.006264053915857433,72.55682978993944,0.8000963510953668,16.809999465942383,-0.055087206247954934,1
2025-07-09,617.5319680301938,619.4655183729625,615.6875662931247,618.8110961914062,66113300,0.005996626767211355,0.01037793349002003,0.028478168755979416,612.8288757324219,585.5964953613282,1.046503660091563,0.004760862781825306,0.006324339689392984,83.9479729080958,0.8883007189220107,15.9399995803833,-0.05175490262933857,0
2025-07-10,618.9499049744066,621.5974308254256,617.7699115690501,620.5562744140625,57529000,0.002820211585405019,0.00865490146630643,0.03080117484962064,614.6831481933593,587.1154833984375,1.0469544162510418,0.004694741646678156,0.006273034867790054,84.77367950120014,0.7775154779357057,15.779999732971191,-0.010037631845926431,0
2025-07-11,617.5022136064131,619.6043777491163,616.3024294765994,618.3748168945312,63670200,-0.0035153258608029425,-0.002750655107714106,0.019203342748965513,615.8482604980469,588.5222290039062,1.0464316046997764,0.004781657979781468,0.006301834420170731,83.23520716660344,0.8663624769207721,16.399999618530273,0.03929023422374556,0
2025-07-14,617.9186632768227,619.9018415613931,616.5701165685465,619.5548095703125,51898500,0.0019082159291465839,0.006654013228690303,0.016099881991389564,616.829931640625,589.9482238769531,1.045566215263797,0.004660881515316646,0.006284432886236327,81.24693873094213,0.7121100698773056,17.200000762939453,0.048780558720578515,0
2025-07-15,622.2420420602726,622.5791484786782,616.8279435196437,616.9072875976562,74317300,-0.004273265144196681,0.002901619203335315,0.0069435146176737295,617.2553283691407,591.2435595703125,1.0439950141997865,0.004851584203155347,0.005690568108955251,71.63391349278182,1.0304608470967667,17.3799991607666,0.010465022665288926,0
2025-07-16,618.4937831556223,619.4754466932056,612.8516386863737,618.9697265625,88987500,0.0033431911185151097,0.00025634700487775497,0.010636940847064569,617.9067932128906,592.4162231445313,1.0430281431744999,0.004903679444531873,0.005436324072257816,72.9592764369279,1.2262193708693683,17.15999984741211,-0.012658188951534366,1
2025-07-17,619.1482908768893,623.1146474859103,618.9301097920578,622.7576293945312,68885700,0.006119689977517551,0.0035473897714550784,0.012232993546696047,618.6594055175781,593.7289074707031,1.0419896988898172,0.0050516199908944796,0.004914565647319031,72.266636830899,0.958017401847327,16.520000457763672,-0.03729600205940298,0
2025-07-18,624.007017899032,624.175571102461,621.1909387049365,622.301513671875,65621600,-0.0007324129021104575,0.006350026990205704,0.0035819051483167996,618.8815124511718,595.1256030273438,1.0399174717118271,0.004494761531353219,0.004933714787156735,68.7815818431661,0.9196462237229446,16.40999984741211,-0.006658632403358511,0
2025-07-21,623.4815063476562,626.2281670376054,623.0551302914085,623.4815063476562,63375000,0.001896175165666536,0.0063379328457915385,0.013034118763480373,619.6837097167969,596.4994299316406,1.0388672287378602,0.0035635830966163225,0.004798015712449683,67.07329983004556,0.9076724207011184,16.649999618530273,0.014625214707483014,0
2025-07-22,623.8087114591411,624.4334174667899,620.9232136557434,623.5707397460938,60046300,0.0001431211632245688,0.01080138342081538,0.013734344125706954,620.5285400390625,597.7977282714844,1.0380242525064516,0.0035302908554407163,0.0045324877309288825,67.5870327272025,0.8771971087671648,16.5,-0.00900898630432001,1
2025-07-23,626.238071576001,628.875732421875,624.4333721871909,628.875732421875,70511000,0.00850744324203112,0.016004023192521588,0.01626447278081078,621.5350036621094,599.2163623046876,1.03724638171024,0.003959102805165666,0.0043058609158815615,69.98835822336832,1.0279883387449813,15.369999885559082,-0.06848485542066174,0
2025-07-24,629.2624631630094,630.7994747941685,628.6576082944551,629.083984375,71307100,0.00033114960935609616,0.010158614976133684,0.01374204131444734,622.3877746582032,600.270390625,1.0368457021679423,0.003953620346180039,0.004310816371386299,65.26554350525706,1.0326750456113074,15.390000343322754,0.0013012659669868754,0
2025-07-25,629.748350781943,632.2173979677802,629.5004535059064,631.7413940429688,56865400,0.004224252618048929,0.015169303245614829,0.021615655720852667,623.7244323730469,601.3014379882812,1.0372907712640504,0.0036351211515057674,0.004135695519888682,79.57515687709261,0.8366654793206851,14.930000305175781,-0.02988954047337322,0
2025-07-28,632.1182610848412,632.6735486135409,630.1945756243812,631.5828247070312,54917100,-0.0002510035553040524,0.01299367868476553,0.01941396459348077,624.9272338867188,602.3144848632812,1.0375430935030068,0.0037141333526618495,0.004105117677733963,80.09462912747034,0.8270691808668555,15.029999732971191,0.0066978851809362805,0
2025-07-29,632.9809077241022,633.2982235137306,629.0046860832861,629.9169311523438,60556300,-0.0026376486020820433,0.010177179591258634,0.021088490630981616,626.2281982421875,603.2374633789062,1.0381122464352655,0.0034361758714615115,0.0041535623120879895,71.92666608824749,0.9344771295663961,15.979999542236328,0.0632069079270261,0
2025-07-30,630.5713386132512,632.3165451544952,626.2281734095909,629.1236572265625,80418900,-0.001259331011043141,0.0003942349687000579,0.016404567506803858,627.2435913085938,604.070625,1.0383613527120175,0.003556456010705922,0.004179173987636153,67.57552688516708,1.2311193319532423,15.479999542236328,-0.03128911228554565,0
2025-07-31,634.0816044685715,634.4682782312485,625.4646925404661,626.763671875,103385200,-0.0037512265266995692,-0.0036883986202657093,0.00643274733440613,627.6441955566406,604.8437353515625,1.037696447648293,0.0035429742598926933,0.0042570799465373645,67.0841485333857,1.5392601396713774,16.719999313354492,0.0801033467562382,0
2025-08-01,621.0322789916852,621.0719812920488,614.0812292944926,616.4907836914062,140103600,-0.016390369519761472,-0.02414059058875795,-0.00933748328231232,627.0631225585937,605.4509350585937,1.0356960180396921,0.006470682988477478,0.00546238589314277,45.44646436793287,1.9562786448350091,20.3799991607666,0.21889952139464608,1
2025-08-04,620.4075271113948,625.9108344398344,620.3183179857707,625.8612670898438,73218000,0.01519971367995021,-0.009059077279122585,0.0038168906662976454,627.3010986328125,606.4430786132813,1.0343940276591597,0.008239539715660913,0.00619533831722565,61.090598445674196,1.02349003139329,17.520000457763672,-0.14033360258957683,0
2025-08-05,626.476110377079,627.2892207726588,621.7660617410078,622.688232421875,68051400,-0.005069869050569054,-0.01147563809285912,-0.0014152481313958187,627.2128479003907,607.3672131347656,1.0326748535917787,0.008421316427228036,0.006330337683453488,54.48250085347335,0.9453038050855603,17.850000381469727,0.0188356115915409,1
2025-08-06,623.7591559441935,628.1122469303318,622.8469108529321,627.4578247070312,64357500,0.007659679494191662,-0.0026478618319250025,-0.0022546707429513813,627.0710571289062,608.465439453125,1.0305779366737797,0.008328687917487029,0.006414893030186786,55.53488773251301,0.895083290067903,16.770000457763672,-0.06050419611347535,0
2025-08-07,630.8886820702932,631.62244837055,623.8186464662513,626.9322509765625,74205800,-0.0008376239960258269,0.00026896756963945556,-0.003420423110239046,626.8558837890625,609.3150805664062,1.0287877385315176,0.00832869311326902,0.006403805767356772,55.444188990209504,1.0202217722781766,16.56999969482422,-0.01192610360644697,1
2025-08-08,628.727047311219,632.2868791777582,628.4097315038053,631.82080078125,64051600,0.007797572699558275,0.02486657950999871,0.00012569500594716843,626.8638244628906,610.3301184082031,1.027089775772182,0.008616587251880664,0.006526074176088133,59.0178454747419,0.8803854741262478,15.149999618530273,-0.08569704903117736,0
2025-08-11,632.0984361099556,633.5758942477272,629.3219380955197,630.5713500976562,58742300,-0.001977539647394999,0.00752576210653455,-0.0016014916330953088,626.7626770019531,611.2742944335937,1.0253378601217165,0.008640463947111278,0.006558394106656574,57.38492958762143,0.8036296810382697,16.25,0.07260728773380909,1
2025-08-12,632.9214074238032,637.4430514601922,631.4340237207567,637.284423828125,64730800,0.010646017662282237,0.023440609033962057,0.011695974995152847,627.4994262695312,612.36578125,1.0247134073831483,0.009213628849355086,0.006783373087020254,58.61439801510184,0.8914012515405332,14.729999542236328,-0.09353848970853362,0
2025-08-13,639.4857330110176,640.7549961752953,637.2745085703324,639.4659423828125,60092800,0.003423147456803166,0.01913772878900355,0.016439192895468357,628.5336547851563,613.4352502441407,1.0246128740319482,0.009193622074235188,0.006784448185225317,60.22262875495211,0.8443300239405375,14.489999771118164,-0.01629326399026665,0
2025-08-14,637.3835851461316,640.1897994624859,636.9374184340268,639.5254516601562,59327500,9.306090191762983e-05,0.020087020031235525,0.02036139035783391,629.8098327636719,614.4390771484375,1.025015914818714,0.009020493639939413,0.006708990810177941,58.077866339668915,0.8392124056465122,14.829999923706055,0.023464469148273492,0
2025-08-15,640.5566774831647,640.6558727131268,637.11589211782,638.0281372070312,68592500,-0.002341289856780615,0.00982452052560756,0.0349354022564039,631.9635681152344,615.4161218261719,1.0268882235973278,0.006597131053838671,0.006744832920220748,56.50776864882453,0.9682352357448297,15.09000015258789,0.017532045193487944,0
2025-08-18,637.4530415771111,638.5834678311134,636.778768159409,637.8893432617188,43804900,-0.00021753577502092725,0.01160533722778423,0.019218438341461308,633.1663757324219,616.4473376464844,1.027121599956565,0.0052026861680257415,0.006751066497078107,58.305799943534296,0.6269997695532625,14.989999771118164,-0.006626930447881874,0
2025-08-19,637.7108075589789,638.6924711313014,633.1098193903536,634.4286499023438,69750700,-0.0054252252305696524,-0.0044811607172615675,0.01885440718030873,634.3404174804688,617.2889196777344,1.0276232040770088,0.005256648637511878,0.006908396783413824,55.23583138257948,0.9914879305502013,15.569999694824219,0.038692457142231795,0
2025-08-20,634.0221086228163,634.2798709561484,627.6263466835007,632.742919921875,88890300,-0.0026570836306466505,-0.010513495739719603,0.00842302861919264,634.8689270019531,618.0861096191406,1.0271528790594469,0.005002997745128809,0.006708327328209252,55.98089805048756,1.2472595706222744,15.6899995803833,0.007707121895382807,0
2025-08-21,630.9283690027011,632.604096553562,628.4791123479844,630.2044677734375,54805800,-0.004011822287558586,-0.014574844304510837,0.005219410537227853,635.1961486816406,618.7653015136718,1.0265542478348,0.005218064647335426,0.006778145733848135,66.22853205403227,0.7780116297590322,16.600000381469727,0.05799877791100583,1
2025-08-22,632.3958993542917,641.0623787509013,631.8901792096084,639.8823852539062,84083200,0.0153567897013831,0.0029062167304909625,0.012759289442018984,636.0023071289063,619.672060546875,1.0263530464284925,0.006719055747431958,0.007547202726401777,66.47248633997333,1.1710049160001677,14.220000267028809,-0.1433734975751969,0
2025-08-25,638.6230253017661,639.8625116828326,636.9472372936925,637.0662231445312,51274300,-0.004401062092461827,-0.0012903807312074633,0.010299981193038876,636.6517944335938,620.4752392578125,1.0260712340352711,0.006891458906768703,0.007630375502357686,67.03459287316525,0.7158998393933051,14.789999961853027,0.040084365971908564,0
2025-08-26,636.7985773675441,640.0807351008626,636.1738713484165,639.733642578125,51581600,0.004187036349890816,0.00836184285907926,0.0038432113800737078,636.8967163085938,621.465234375,1.0248308048142274,0.006155126444772767,0.007637158660751558,65.30644550008296,0.7247310741711427,14.619999885559082,-0.011494258061691465,0
2025-08-27,639.148612992103,641.9250504526357,638.9998504138363,641.1912841796875,48341100,0.0022785132820093423,0.013351969641723693,0.002698098026058915,637.0692504882812,622.3720715332031,1.023614779048282,0.006103095607456604,0.007627888046770113,67.37540757312516,0.6948600856883569,14.850000381469727,0.015731908188168164,0
2025-08-28,641.7961735668325,644.0173236548059,639.9121904309055,643.4620361328125,61519500,0.003541457922389135,0.021036931721882368,0.006155477412880472,637.4629089355469,623.4261560058594,1.0225155021079282,0.006187807616008268,0.0075639545883933535,65.15216513977202,0.9117206555312936,14.430000305175781,-0.028282832693932725,0
2025-08-29,642.0242015644989,642.3911452321481,637.7306640961879,639.6245727539062,74522200,-0.00596377589262187,-0.00040290607452442284,0.002502139723591812,637.6225524902344,624.4052709960938,1.021167792951292,0.006480267731494208,0.006571639082156078,61.03985804961119,1.1608327404984549,15.359999656677246,0.06444901814505788,0
2025-09-02,632.13804448044,635.1028861742022,629.5797276837342,634.884765625,81983500,-0.007410295555874247,-0.003424224107760221,-0.004710186286159712,637.3220947265625,625.3173327636719,1.019197871758702,0.006924210485233651,0.006083426158537018,46.92581483578178,1.2683980845500222,17.170000076293945,0.11783857161935951,1
2025-09-03,637.2645539172183,638.7916398746721,635.0731807265284,638.3255615234375,70820900,0.0054195597134076845,-0.002201042685535448,0.0061423954004813375,637.7117858886719,626.1818005371093,1.0184131594716945,0.0069077412718545365,0.0060084672723511685,48.584729868532285,1.0933548275741756,16.350000381469727,-0.047757698962177964,1
2025-09-04,638.9999188744573,643.6901771181875,638.0975992987862,643.660400390625,65219200,0.008357551677008246,0.0038508262227805456,0.017254211979326417,638.8035339355469,627.0214794921875,1.0187905116949125,0.0071967840714003695,0.0060494876334148085,54.53753899777232,1.006204774131488,15.300000190734863,-0.06422019365362708,0
2025-09-05,646.0004093954814,646.7243105506017,637.918995020256,641.7960815429688,85178900,-0.002896432414554062,-0.002589048764797486,0.01839341731499511,639.9626953125,627.8171301269531,1.0193457053060833,0.007105883456651667,0.0061049119065698905,54.10176338484845,1.3031134993164608,15.180000305175781,-0.007843129677328364,0
2025-09-08,643.1646082412059,644.3743785857845,641.7862846718712,643.3728637695312,63133100,0.0024568274439626947,0.005860142301110649,0.0054548751396554795,640.3117431640625,628.5501135253907,1.0187123180563975,0.005329760162978124,0.005914509240090471,55.78811735752297,0.9665238334099692,15.109999656677246,-0.0046113733261696765,0
2025-09-09,643.5115612591451,645.3856792185645,641.7762803015634,644.8601684570312,66133900,0.002311730524016564,0.01571214710469726,0.012234121084036431,641.0911376953125,629.2525549316406,1.0188137222024596,0.005051385545753082,0.005881475927488202,61.4896243132847,1.0067676891538024,15.039999961853027,-0.004632673488730754,0
2025-09-10,648.122479271532,649.0446498954948,645.1576374702139,646.724365234375,78034500,0.0028908542790047065,0.013157555042747848,0.010927552016926079,641.7902099609375,629.9339758300781,1.0188213917422635,0.004983196276346292,0.00546229392228869,65.33932785308873,1.1760238790062831,15.350000381469727,0.02061173007998507,1
2025-09-11,648.6777603299006,652.7928793680376,648.0927566439484,652.0987548828125,69934400,0.008310170355944058,0.013109948176191155,0.0170112585311879,642.88095703125,630.7268493652343,1.019270002027419,0.005481957071256149,0.005692639098706385,72.61349108486962,1.046192326909671,14.710000038146973,-0.04169383240506963,0
2025-09-12,652.0689585463732,653.5662677492645,651.3748946038203,651.8805541992188,72780100,-0.0003346129431468503,0.0157128922196057,0.013083162010615768,643.7228088378906,631.4598303222656,1.019420045308926,0.005474452291360607,0.005697002871285457,65.40198508833235,1.0779166172363044,14.760000228881836,0.003399061224010902,1
2025-09-15,654.0919191507668,655.4801077277403,653.7944544929727,655.3511962890625,63772400,0.00532404605028769,0.01861802571117166,0.0245872722923155,645.2954711914062,632.1652453613282,1.0207702431072008,0.004945211436583321,0.005720125295775071,73.08443304704561,0.9478906436666544,15.6899995803833,0.0630080851680257,0
2025-09-16,655.9064595692537,656.213910313041,653.6655188822047,654.4488525390625,61169000,-0.0013768857905647192,0.014869400454635473,0.03081517776663456,647.2518798828125,632.9450317382813,1.0226036186827154,0.003858045867383024,0.005742738647518672,69.4442562608676,0.8976112174915105,16.360000610351562,0.04270242497685861,0
2025-09-17,654.4587781451693,656.1543568928759,648.7967821934204,653.6357421875,101952200,-0.0012424352925486382,0.010686742799028925,0.02398490924838259,648.7828979492188,633.7152978515625,1.023776607805964,0.003976082348831256,0.0055582100285246835,66.72869468757898,1.4615439807369937,15.720000267028809,-0.03911982392701152,0
2025-09-18,656.3229362038169,659.2977035594738,654.7165666735059,656.6898193359375,90459200,0.004672445142330339,0.007040443519862327,0.020242691545736324,650.08583984375,634.4728723144531,1.0246077779060017,0.0035031708988369228,0.005510633406412546,67.41493581213558,1.2953284852355447,15.699999809265137,-0.0012722937292578562,0
2025-09-19,658.5800832029405,660.7874850308027,656.6311583459587,659.9423217773438,97945600,0.004952874775332017,0.012366939811585986,0.02827415242353748,651.9004638671875,635.2605932617188,1.0261937711578046,0.0031420352448022154,0.005369514708101318,77.16762534032371,1.360507856851753,15.449999809265137,-0.01592356707243181,0
2025-09-22,658.4507703315647,663.5119177999496,658.4209110544651,663.0645141601562,69452200,0.004731007968096224,0.011769747144386944,0.030606902310506667,653.86962890625,636.1543872070313,1.0278473937387993,0.003196547036838076,0.004460636577711791,89.38392797735729,0.9746255949483297,16.100000381469727,0.04207123496628107,0
2025-09-23,662.9452156846509,663.5617612775759,658.2320617574377,659.4551391601562,81708900,-0.0054434748398075605,0.007649622429118708,0.022632768182979435,655.3291259765625,636.9523937988281,1.0288510293024167,0.004178469276872213,0.004542134705758476,79.39213225767561,1.1226507279535138,16.639999389648438,0.0335403102723042,0
2025-09-24,660.7477220570149,660.8471316064555,655.9350982101993,657.3569946289062,68082200,-0.003181633452613686,0.005693159356543909,0.01644074348532998,656.3923889160156,637.7613879394531,1.0292131215982792,0.0045033498895250944,0.004631036354869137,70.93795077638505,0.9249400363959208,16.18000030517578,-0.02764417676354103,0
2025-09-25,654.2149171420698,655.6765652531099,650.7048739536411,654.3242797851562,89622100,-0.0046134974884720625,-0.0036022174870524726,0.0034128648240459025,656.61494140625,638.4684790039063,1.0284218610614178,0.004222480981992868,0.004812722087890283,68.49127244947967,1.184362082271723,16.739999771118164,0.03461059674784095,1
2025-09-26,655.7760789419195,658.619871988132,654.1553026157394,658.072998046875,69179200,0.005729144366994232,-0.0028325562231473755,0.009499353536113864,657.2341857910156,639.1747863769531,1.028254242499816,0.004537111770168426,0.004897042608243073,70.38971637750187,0.9096041197469935,15.289999961853027,-0.08661886673181729,0
2025-09-29,660.5985670660314,661.5134019828115,658.112721358766,659.9224243164062,73499000,0.0028103664411398555,-0.004738739257868163,0.006975234123670404,657.69130859375,639.9272045898438,1.0277595699581048,0.004333220661768623,0.004612400041024476,70.68420999694908,0.9670536139844433,16.1200008392334,0.05428390316881204,0
2025-09-30,659.1766647693167,662.8756347075731,657.8641309647478,662.4082641601562,86288000,0.0037668667591119753,0.004478128722692043,0.012162007145728237,658.4872497558594,640.7057397460937,1.0277530056415793,0.004363976372526736,0.004117161014030386,71.17632806847232,1.132117307862618,16.280000686645508,0.00992554833016479,0
2025-10-01,659.4153308150761,665.5802405756418,659.3059681646932,664.6654663085938,72545400,0.0034075694259330103,0.011117964423293714,0.016874420123019762,659.5902221679687,641.5276342773437,1.028155588201546,0.004320175899185793,0.004056747496504161,68.52705365739533,0.9507358513376837,16.290000915527344,0.0006142646474234237,0
2025-10-02,666.6540464714482,666.7733621981591,663.004842335434,665.4309692382812,56896000,0.001151711603039951,0.016974289043304003,0.013310926475429419,660.4643371582031,642.2587390136719,1.0283462054132417,0.004191027215974074,0.003775596747557573,69.66005575411515,0.7497333416877157,16.6299991607666,0.020871591536571144,0
2025-10-03,666.1966948783695,668.8714672806448,664.377038831869,665.421142578125,70494400,-1.4767362221612679e-05,0.01116615413952382,0.008301969156979894,661.0122192382812,642.9854821777344,1.0280359939068793,0.004004284895152122,0.0036448286654001934,66.24133721845959,0.9379981847960637,16.649999618530273,0.001202673407877164,0
2025-10-06,667.8174482099862,668.7024238148077,665.669704301124,667.8074951171875,54623300,0.003586228910336109,0.011948481382412668,0.007153121386745731,661.4865173339844,643.7068041992187,1.0276208252247447,0.0038953886228061813,0.003663987888546065,70.56125689076609,0.730955751880806,16.3700008392334,-0.016816743886603813,0
2025-10-07,668.7322238208072,669.1796881705657,663.8898014056139,665.3316040039062,72020100,-0.003707492250961897,0.004413199535570955,0.008911091133862348,662.0741638183594,644.3817797851563,1.0274563691715521,0.0036190835317574228,0.0038675150301554773,67.12536887128513,0.9599747597100672,17.239999771118164,0.05314593080531016,1
2025-10-08,666.4552183740389,669.398481470165,665.6299006256374,669.2990112304688,60702200,0.005963052412792269,0.006971243665792715,0.018166714128148964,663.2683654785156,645.1694213867188,1.0280530097860112,0.0036303035009784173,0.003982015038699995,67.98174225029203,0.8185711004035463,16.299999237060547,-0.0545243936506532,0
2025-10-09,669.7166839203261,670.1243359074817,665.4211353124821,667.3600463867188,66501900,-0.0028970083792374535,0.0028989891327806383,0.019922486455558053,664.5719421386718,645.9341491699219,1.0288540139775875,0.0033202920301262885,0.0037904342339758535,60.99001663893511,0.8988605342160748,16.43000030517578,0.007975526024544655,0
2025-10-10,668.324542434099,670.1342452495495,649.14378031214,649.32275390625,159422600,-0.02702782789908964,-0.02419278204702513,-0.013296768240902201,663.6969177246094,646.3853308105469,1.0267821469468597,0.009541061962256115,0.007362410696641145,35.88059035055042,2.0356119016361687,21.65999984741211,0.3183201123002275,1
2025-10-13,656.9095884512618,661.3642043859337,656.0345659370097,659.2860107421875,79560500,0.015344074693208754,-0.012760390437823177,-0.0009643763429890706,663.6332763671875,647.2412353515625,1.0253260146608572,0.010871013885633201,0.008063525366160512,49.84629311808083,1.0057429126920518,19.030000686645508,-0.12142193810222157,0
2025-10-14,653.4492417720955,662.0602448848334,649.4718888267987,658.4805908203125,88779600,-0.0012216548034567065,-0.01029714076764876,-0.0059293845689312175,663.2405090332031,647.8936218261719,1.0236873565196924,0.010790934961990954,0.008061869946930724,51.045715175111425,1.103034003245007,20.809999465942383,0.09353645376092956,0
2025-10-15,663.0446741742268,666.4353410824248,655.1993304017814,661.4039916992188,81702600,0.004439615866679292,-0.011795952778617558,-0.0049069415739146915,662.9143615722656,648.6679370117188,1.021962584779783,0.010837735413379398,0.008103245716070228,56.60242253136313,1.028038641446758,20.639999389648438,-0.008169153323245748,0
2025-10-16,663.0446615126489,664.9239754340409,653.3896149312258,656.899658203125,110563300,-0.006810260525524803,-0.01567427993364201,-0.01282073036805309,662.06123046875,649.2567736816407,1.0197217145914412,0.010999198579996034,0.008207306516263935,48.92096991468343,1.3738077624904392,25.309999465942383,0.22625970030968534,1
2025-10-17,655.7660892614911,661.9906565438909,654.4138037793879,660.62841796875,96500900,0.005676300358907982,0.017411470635344983,-0.007202543325879218,661.5819580078125,649.9306970214843,1.017926928270543,0.011214450481014044,0.008231618027685858,50.62755604167142,1.200152175389225,20.780000686645508,-0.1789805956097521,1
2025-10-20,663.5418206897375,668.4041493887289,663.4921159142255,667.499267578125,60493400,0.010400475399621634,0.012457805416941081,-0.0004615514820006661,661.5511352539063,650.6442663574219,1.0167631829871422,0.011698101816267133,0.008493509262552282,54.19811059606316,0.7565525852659003,18.229999542236328,-0.12271419923715232,0
2025-10-21,667.6384328159621,669.1796448635298,666.1866772188026,667.4892578125,56249000,-1.4995920012528252e-05,0.013680990932420256,0.003242975075299581,661.7669006347656,651.3826245117187,1.0159418991730567,0.011625565332625288,0.008384056044121499,52.41815690082865,0.714851387379643,17.8700008392334,-0.01974759802757342,0
2025-10-22,668.1953369980629,668.1953369980629,659.5445816579371,664.0191040039062,80564000,-0.005198815962920711,0.003953880438442692,-0.007888712127118946,661.2389099121094,651.9173181152344,1.0142987331949163,0.011566203060552574,0.008444357155563591,48.84447463858612,1.0158065700735874,18.600000381469727,0.04085056004214738,1
2025-10-23,664.3372592841532,668.9012985038863,664.019063764971,667.9566650390625,65604500,0.005929891190499692,0.01683210928467016,0.0008939981582265499,661.2985717773438,652.4871325683594,1.0135043877023295,0.01171835272002348,0.008434899370094291,51.94981235015705,0.8399042907651624,17.299999237060547,-0.06989253321222011,1
2025-10-24,672.6300829996666,674.628651928334,671.8246714345047,673.4155883789062,74356500,0.008172571104630766,0.019356070768910216,0.03710455906206356,663.7078552246094,653.1649353027344,1.016141282778734,0.006972806965714046,0.008523233818893132,54.118012984673136,0.9488076565593564,16.3700008392334,-0.05375713519309755,1
2025-10-27,678.8645527756448,681.658640907831,678.2580209918731,681.3603515625,63339800,0.011797712023148943,0.02076569167583786,0.033482192039024916,665.9152893066406,654.0315795898438,1.0181699325959908,0.006378005150354889,0.00884415882486718,60.894853658030655,0.8135046827398781,15.789999961853027,-0.03543071763260408,0
2025-10-28,683.1600908523567,685.0095454543999,680.9526890414517,683.1700439453125,61738100,0.002655998956591077,0.023492192494904973,0.03749457989983074,668.3842346191407,654.9371936035157,1.0205318023574723,0.0061863991672199675,0.00883356173867167,59.71314835029102,0.8056343420623295,16.420000076293945,0.03989867738840602,0
2025-10-29,684.8205950917289,685.795087823854,679.0037407351697,683.4981689453125,85657100,0.0004802976988058649,0.02933509717408933,0.03340496507940838,670.59365234375,655.918583984375,1.0223733077819375,0.006260405050694593,0.008825962938819362,61.561495118852,1.1082775714728028,16.920000076293945,0.03045066977325206,0
2025-10-30,680.0279207971732,682.0563488815194,675.98095703125,675.98095703125,76335800,-0.010998144919191377,0.012013192490141877,0.02904750914366394,672.5017822265625,656.7833447265625,1.023932454478644,0.007096747890621378,0.009254253385712114,72.48784908147294,0.9754067442469047,16.90999984741211,-0.0005910300730935791,0
2025-10-31,681.1614729090464,681.2012852815519,675.3943230278239,678.1983642578125,87164100,0.0032802806107155025,0.007102264873938724,0.026595807584368192,674.2587768554688,657.74322265625,1.0251094251226518,0.007032384232555189,0.009267785263380453,68.35202532065406,1.1020322473402364,17.440000534057617,0.03134244183488977,0
2025-11-03,681.7878948104295,681.9171636388411,676.0903560257897,679.4711303710938,57315000,0.0018766870879645126,-0.0027727195852735864,0.017935394650552938,675.4559631347656,658.5349975585938,1.0256948615318904,0.006483838742538258,0.00925047171371795,70.18555669944557,0.7234134664839884,17.170000076293945,-0.01548167714997506,0
2025-11-04,672.2820616639051,676.1103005794487,670.7607556049009,671.4169921875,78427000,-0.011853539942447533,-0.017203698935536638,0.005884340952350353,675.8487365722656,659.2220129394532,1.025221736086564,0.007799055985092761,0.009635662554132824,58.76416103323856,0.9858967871269614,19.0,0.10658124144289749,0
2025-11-05,671.1583975728993,677.0051112074705,670.3529860359731,673.7437133789062,74402400,0.003465389196996238,-0.014271370443403097,0.014645074691921556,676.8211975097656,659.9022143554688,1.0256386215809592,0.007559079333511903,0.009577136200161145,65.32752459586361,0.927318694010967,18.010000228881836,-0.05210525111148234,0
2025-11-06,672.6399897028363,673.5448715272548,664.9338680034818,666.514892578125,85035300,-0.010729333212666003,-0.014003448402892471,-0.002158482033940312,676.6770202636719,660.4086865234375,1.0246337367636322,0.008271733882766346,0.009873515387360142,55.0357248031011,1.0477414680711663,19.5,0.08273180189796547,0
2025-11-07,664.1284090392404,667.2805048704689,657.4663915648358,667.1710815429688,100592400,0.0009845075813768034,-0.016259671647706586,-0.009272887268573227,676.0525695800782,660.8828674316406,1.0229536925467455,0.0077613226829345095,0.007554748377995348,49.685841054386835,1.2860342935574594,19.079999923706055,-0.0215384654509716,1
2025-11-10,673.4056760856186,678.317709828293,671.2082272333661,677.5819091796875,75842900,0.015604434791510524,-0.0027804289350372713,-0.005545439170547173,675.6747253417968,661.6420141601562,1.0212089179364656,0.008510706300196264,0.007580251369008255,58.05693715746884,0.9719313648417657,17.600000381469727,-0.07756811049026757,0
2025-11-11,676.1002762110339,679.6997756663966,674.8871520395073,679.1329956054688,58953400,0.0022891497024457585,0.011492118173580534,-0.005909287703146027,675.2710205078125,662.5269787597656,1.019235506110111,0.008496257595858014,0.007557036467375007,62.44674498513183,0.7702110772697951,17.280000686645508,-0.018181800448205276,0
2025-11-12,680.9128544582501,681.081935653801,677.0946296424269,679.5108642578125,62312500,0.0005563986064420767,0.00855985854025021,-0.005833672815323987,674.8722900390625,663.3506848144531,1.017368799774183,0.00849732696374383,0.007529327404991202,60.10785758527157,0.824540768008202,17.510000228881836,0.013310158165333874,0
2025-11-13,676.6471697129602,677.0051169124795,666.723693536663,668.2350463867188,103457800,-0.016594021470737852,0.0025808182649003086,-0.011458770493401826,674.0976989746093,663.842177734375,1.0154487340277705,0.009398164998188937,0.008361218100263277,45.886593701416274,1.3754559385735383,20.0,0.1422044396670561,0
2025-11-14,661.6128286383953,671.8345948923219,659.5147893727298,668.125732421875,96846700,-0.00016358609958400105,0.0014308936722773336,-0.014852043836703244,673.0904357910156,664.3687707519531,1.013127746852386,0.009281707540248624,0.00828687802044914,37.998202243210805,1.2872664540289656,19.829999923706055,-0.008500003814697288,0
2025-11-17,665.9083353081996,669.8956413839408,658.4209391867944,661.901123046875,90456100,-0.009316523930962162,-0.02314227390131529,-0.02585835738837483,671.3334350585938,664.7393359375,1.0099198268623504,0.009507273988376214,0.008231867145552258,32.142234867508066,1.1788495933666716,22.3799991607666,0.12859300286794828,0
2025-11-18,658.351356546523,661.3542775984923,652.1466953365565,656.3428344726562,114467500,-0.00839746055820656,-0.033557729163923744,-0.022451260379531934,669.8260192871094,664.9689892578125,1.0073041451673077,0.009190058324002858,0.008423010542698759,29.040685979387078,1.4372494811092111,24.690000534057617,0.10321722340993555,0
2025-11-19,657.0389163187169,663.561773390439,655.020380360944,658.87841796875,94703000,0.003863199783587179,-0.03036367389298189,-0.02206372410601798,668.3394897460937,665.2120703125,1.004701387081152,0.009218269488913152,0.00841811376118613,35.70008389861128,1.1786251953086229,23.65999984741211,-0.041717321359500015,0
2025-11-20,669.1001291109939,671.7351497651099,648.1991802397498,648.8355712890625,165293500,-0.015242336682765423,-0.02903091539803715,-0.026525020649842745,666.5715576171875,665.146806640625,1.0021420097974436,0.009776343742390477,0.008903447575118888,28.28994752546558,1.9369988894923287,26.420000076293945,0.11665258861714323,1
2025-11-21,651.3412595795126,660.7874729698119,647.1650267848305,655.2987670898438,123956200,0.009961222976632822,-0.019198430339653405,-0.01779500757986674,665.384326171875,665.2151708984375,1.0002542865539419,0.010529413032986597,0.009013111779305742,33.40159228034058,1.411563399940534,23.43000030517578,-0.11317183052550484,1
2025-11-24,658.9380055466532,666.2662734630499,657.8442577670318,664.9437866210938,80437900,0.014718507062180475,0.004596855131794753,-0.018651800450065203,664.1205139160156,665.4070227050781,0.9980665836921401,0.010369744431514956,0.00925726898510424,45.65008928930308,0.9071629682890109,20.520000457763672,-0.12419973578785137,1
2025-11-25,664.8443455838128,672.3814460202411,660.7178178396566,671.1981811523438,81077100,0.00940589965210692,0.02263351696621041,-0.011683741630092448,663.3270324707031,665.7420092773438,0.9963725035028778,0.010913976029933877,0.009523610873123164,48.37520316778113,0.9045080147709612,18.559999465942383,-0.09551661540434953,1
2025-11-26,673.7934667684052,677.8404309302599,672.8885849296569,675.8318481445312,71879600,0.006903575013019525,0.025730741383284128,-0.005414212350084546,662.959130859375,666.1859313964844,0.9951563063928035,0.011203093217859388,0.009677556030085441,56.15072249805182,0.8081098342949646,17.190000534057617,-0.07381459974709137,1
2025-11-28,677.0051081523229,679.7991961322198,676.6471609574353,679.5208129882812,49212000,0.005458406338614941,0.0472927858105181,0.016888917548678384,664.0877075195312,666.6425512695313,0.9961675957450741,0.009757202782924804,0.009436301961671351,57.83896072500062,0.5618345681927107,16.350000381469727,-0.04886562690464402,0
2025-12-01,674.9667623359846,679.1230890446475,674.8971513739515,676.4185180664062,61201200,-0.004565415602551193,0.03222919382307787,0.012412013550908929,664.9169860839844,666.9720751953125,0.9969187778802788,0.009948980905536912,0.009469063590674924,49.18601800915405,0.7092216416131115,17.239999771118164,0.05443421216412436,0
2025-12-02,678.0591325179204,679.9483994968172,675.4838303983408,677.67138671875,62953800,0.0018522092741120044,0.01914086627131506,0.02382570919245608,666.4940124511719,667.2642126464843,0.9988457342972767,0.009228166058458493,0.009468797763935456,48.97308062091164,0.7271556249542668,16.59000015258789,-0.03770299461483784,0
2025-12-03,676.7167950740063,681.0321891246488,675.8417725523884,680.0180053710938,57238500,0.0034627677932603795,0.013140417340833155,0.03607134816587054,668.8615295410157,667.6754699707031,1.0017764012962234,0.008413014663522683,0.009078648370209946,50.34672292794556,0.6693309637180135,16.079999923706055,-0.03074142400187263,0
2025-12-04,681.4199577792665,681.4895687361658,677.4824173401821,680.51513671875,61970300,0.0007310561539983773,0.006929665399872054,0.03283871221143286,671.0252014160156,668.1386328125,1.004320313871636,0.008459550067688146,0.00905498686569759,59.846949113223005,0.7299693613423314,15.779999732971191,-0.01865672836805088,0
2025-12-05,681.5890143183475,684.4925257185774,680.7040993957534,681.8078002929688,79241000,0.0018995368427094927,0.003365588310136003,0.05081754216773171,674.3224243164062,668.6883032226563,1.0084256312942772,0.005516756602754009,0.008659527485219979,60.76681373552006,0.936603144956419,15.40999984741211,-0.023447394918898135,0
2025-12-08,682.7027235077143,682.7524282821314,677.7111260885928,679.7594604492188,55231500,-0.0030042775146746914,0.004939164575746391,0.03732754369126012,676.7684936523438,669.1220324707032,1.0114276033527194,0.005735940436764907,0.008709825583021785,65.04192435622593,0.6708011167569717,16.65999984741211,0.08111615914194314,0
2025-12-09,679.2821528162136,681.5094606319436,678.7253258622812,679.1727294921875,58310100,-0.0008631449669616043,0.0022154436543453393,0.021398715436379945,678.1913879394531,669.5070385742188,1.0129712592472941,0.004356551804566706,0.008003395011461455,70.98709392895097,0.7158128006038793,16.93000030517578,0.016206510218282677,1
2025-12-10,678.6955405173951,685.0692222502689,677.4526176554032,683.6771850585938,85671300,0.00663226800901473,0.005381004118417687,0.018592130099079673,679.4392883300782,669.9324169921875,1.0141907916332424,0.003906796590171217,0.008122588643802718,72.0006411165825,1.034729022748475,15.770000457763672,-0.06851741444195236,0
2025-12-11,681.2609148661827,685.3476304583654,678.3076987410943,685.26806640625,86173700,0.002326948130527251,0.0069843114885250746,0.013962375830061102,680.38291015625,670.3444689941406,1.0149750488389533,0.00349552466759306,0.00813442537816561,88.02400778686018,1.0260124725946058,14.850000381469727,-0.05833862077290075,0
2025-12-12,684.2737056052856,684.9797075791527,675.3246617594549,677.9000244140625,113160300,-0.010752057995096265,-0.005731491891449614,-0.0023851934234230265,680.2208312988281,670.5938500976563,1.014355904396931,0.0048838324331572465,0.00757575581305105,73.15129848937838,1.3395862978773425,15.739999771118164,0.059932617291983625,0
2025-12-15,681.8574988128718,681.8774049984522,675.4042533093998,676.8758544921875,90811000,-0.0015107978831542246,-0.004242097572464298,0.0006761145852254291,680.2665649414063,670.8229443359374,1.014077664881927,0.00467339714175009,0.007590240434398233,64.84412134980934,1.078870621064322,16.5,0.04828464040237068,0
2025-12-16,675.3843754405706,677.2239376857725,671.1584377196804,675.0264282226562,122030600,-0.00273229759527871,-0.006104928966496392,-0.00390301043829,680.0020690917969,670.9673229980468,1.0134652549894392,0.004704712950709603,0.007269955867694614,55.348767400848004,1.4230806974215637,16.479999542236328,-0.0012121489553740261,0
2025-12-17,676.0406154817738,676.5874893555698,667.3998140691156,667.5986938476562,110625200,-0.011003620102041367,-0.02351766529924426,-0.018263209834657457,678.7601379394531,671.0126647949219,1.011545941754913,0.005541227175217058,0.007468059906104743,39.32985287138111,1.2929714258798823,17.6200008392334,0.06917483790429602,1
2025-12-18,673.7635606688432,676.8857972779194,671.0788959983324,672.6399536132812,108650100,0.0075513325776148665,-0.01842798958835823,-0.01157238491922552,677.9726196289063,671.0794836425781,1.0102717131939611,0.006263770192139787,0.007590212043492047,41.384412217847455,1.2596201005504006,16.8700008392334,-0.04256526471497213,1
2025-12-19,674.747283458469,679.2350273728672,674.6275542880097,678.7363891601562,103599500,0.009063445479451815,0.0012337582474888364,-0.004504804919352234,677.665478515625,671.3070104980469,1.0094717735970917,0.0070153253192417565,0.006740658558007305,52.69979752940374,1.2456123064685163,14.90999984741211,-0.11618262562637516,1
2025-12-22,682.0772531068674,683.4933686131409,678.7364013691785,682.96484375,69556700,0.006229892278320159,0.00899572531270243,0.004715466995726558,677.9860168457031,671.9798522949219,1.0089380128440892,0.007242766302427177,0.006566154670317697,55.765998638413755,0.8645785284239947,14.079999923706055,-0.05566733281020897,0
2025-12-23,682.0572680421344,686.325640311278,682.0074163952171,686.0863037109375,64840000,0.004570454818432879,0.016384359227833434,0.010179404912089574,678.6773742675781,672.5158581542969,1.0091618896990642,0.007332879346366789,0.00589693037373412,56.50028309572035,0.8138400504319759,14.0,-0.005681812794001595,0
2025-12-24,686.0763204450832,688.9484813838191,685.9267046355759,688.4996948242188,39445600,0.0035176203055324873,0.031307731979074216,0.007053781917867763,679.1596252441407,673.116240234375,1.0089782189888352,0.007132242080448443,0.005626586910596775,58.21567408356413,0.5083844459538008,13.470000267028809,-0.03785712378365658,0
2025-12-26,688.758988861415,689.7761694005526,687.392725060237,688.4298706054688,41613300,-0.00010141503224314619,0.023474545196679797,0.004613966933845637,679.4758056640625,673.6567578125,1.0086380011542646,0.007112994576647575,0.005474625471481806,56.989640777199405,0.5469907804332163,13.600000381469727,0.0096510847708835,0
2025-12-29,685.6674092439482,687.322922191004,684.2014421207446,685.9765625,62559500,-0.003563628207054803,0.010667135953624785,0.011914054868073398,680.2834594726562,674.2382958984375,1.0089659154797241,0.006149343868236879,0.005454222465121653,56.50656974404507,0.8151695190878367,14.199999809265137,0.044117603747491074,0
2025-12-30,685.5777200962995,686.6846823672308,684.7100944386586,685.138916015625,47160700,-0.0012211007345822589,0.0031832857657616564,0.012207647042804748,681.109765625,674.728505859375,1.0094575221147615,0.00613581077948108,0.00534126685478281,56.21134983593141,0.6201916871481844,14.329999923706055,0.009154937759653814,0
2025-12-31,685.2685588951464,685.4879304984822,679.8533550408816,680.062744140625,74144800,-0.007408967373390696,-0.008779594546242886,0.0074609166506700575,681.6133972167969,674.979775390625,1.0098278823574127,0.006629801314500776,0.005625812579824919,46.281302081174736,0.9679264888233202,14.949999809265137,0.04326586802930965,0
